Voltage_measured,Current_measured,Temperature_measured,Current_load,Voltage_load,Time_uniform,dV_dt,dT_dt
4.1993968014662295,0.0004220115914528,4.826283158332467,0.0004,0.0,0.0,,
4.199334851682267,0.00028110122611963334,4.831277920469105,0.00037777777777777777,0.4683333333333333,1.0,-6.194978396223405e-05,0.004994762136638187
4.199272901898305,0.00014019086078646668,4.836272682605744,0.00035555555555555557,0.9366666666666666,2.0,-6.194978396223405e-05,0.004994762136638187
4.199210952114344,-7.195045466999836e-07,4.841267444742381,0.0003333333333333334,1.405,3.0,-6.194978396134587e-05,0.0049947621366372985
4.1991490023303815,-0.00014162986987986665,4.846262206879019,0.0003111111111111111,1.8733333333333333,4.0,-6.194978396223405e-05,0.004994762136638187
4.199087052546419,-0.0002825402352130333,4.851256969015657,0.0002888888888888889,2.341666666666667,5.0,-6.194978396223405e-05,0.004994762136638187
4.199025102762457,-0.0004234506005462,4.8562517311522955,0.0002666666666666667,2.81,6.0,-6.194978396223405e-05,0.004994762136638187
4.198963152978496,-0.0005643609658793666,4.861246493288933,0.0002444444444444445,3.2783333333333333,7.0,-6.194978396134587e-05,0.0049947621366372985
4.198901203194533,-0.0007052713312125332,4.866241255425571,0.00022222222222222223,3.7466666666666666,8.0,-6.194978396223405e-05,0.004994762136638187
4.198839253410571,-0.0008461816965457,4.871236017562209,0.0002,4.215,9.0,-6.194978396223405e-05,0.004994762136638187
4.18552353150618,-0.07193265383033749,4.872552692795461,0.07161428571428573,4.1612857142857145,10.0,-0.013315721904390898,0.0013166752332516296
4.172207809601789,-0.1430191259641293,4.873869368028712,0.14302857142857145,4.107571428571428,11.0,-0.013315721904390898,0.0013166752332516296
4.158892087697399,-0.2141055980979211,4.875186043261964,0.21444285714285716,4.053857142857143,12.0,-0.01331572190439001,0.0013166752332516296
4.1455763657930085,-0.2851920702317129,4.8765027184952165,0.28585714285714287,4.0001428571428574,13.0,-0.013315721904390898,0.0013166752332525178
4.132260643888618,-0.35627854236550466,4.877819393728468,0.35727142857142863,3.946428571428571,14.0,-0.013315721904390898,0.0013166752332516296
4.118944921984227,-0.4273650144992965,4.87913606896172,0.42868571428571434,3.892714285714286,15.0,-0.013315721904390898,0.0013166752332516296
4.105629200079837,-0.49845148663308825,4.880452744194971,0.5001000000000001,3.839,16.0,-0.01331572190439001,0.0013166752332516296
4.092313478175446,-0.5695379587668801,4.881769419428223,0.5715142857142858,3.785285714285714,17.0,-0.013315721904390898,0.0013166752332516296
4.078997756271055,-0.6406244309006719,4.883086094661475,0.6429285714285715,3.7315714285714288,18.0,-0.013315721904390898,0.0013166752332516296
4.065682034366664,-0.7117109030344636,4.884402769894726,0.7143428571428572,3.677857142857143,19.0,-0.013315721904390898,0.0013166752332516296
4.052366312462273,-0.7827973751682554,4.885719445127979,0.7857571428571429,3.624142857142857,20.0,-0.013315721904390898,0.0013166752332525178
4.039050590557883,-0.8538838473020472,4.8870361203612305,0.8571714285714287,3.5704285714285713,21.0,-0.01331572190439001,0.0013166752332516296
4.025734868653492,-0.9249703194358391,4.888352795594482,0.9285857142857143,3.516714285714286,22.0,-0.013315721904390898,0.0013166752332516296
4.012419146749101,-0.9960567915696308,4.889669470827734,1.0,3.463,23.0,-0.013315721904390898,0.0013166752332516296
4.010879435376357,-0.996012766969669,4.893449084012226,1.0,3.4624615384615387,24.0,-0.0015397113727440015,0.00377961318449227
4.009339724003613,-0.9959687423697072,4.897228697196719,1.0,3.461923076923077,25.0,-0.0015397113727440015,0.003779613184493158
4.00780001263087,-0.9959247177697456,4.901008310381211,1.0,3.4613846153846155,26.0,-0.0015397113727431133,0.00377961318449227
4.006260301258126,-0.9958806931697838,4.904787923565705,1.0,3.4608461538461537,27.0,-0.0015397113727440015,0.003779613184493158
4.004720589885382,-0.995836668569822,4.908567536750197,1.0,3.4603076923076923,28.0,-0.0015397113727440015,0.00377961318449227
4.003180878512638,-0.9957926439698602,4.912347149934689,1.0,3.459769230769231,29.0,-0.0015397113727440015,0.00377961318449227
4.001641167139895,-0.9957486193698986,4.916126763119182,1.0,3.459230769230769,30.0,-0.0015397113727431133,0.003779613184493158
4.000101455767151,-0.9957045947699368,4.9199063763036746,1.0,3.4586923076923077,31.0,-0.0015397113727440015,0.00377961318449227
3.998561744394407,-0.995660570169975,4.923685989488167,1.0,3.4581538461538464,32.0,-0.0015397113727440015,0.00377961318449227
3.9970220330216635,-0.9956165455700132,4.92746560267266,1.0,3.4576153846153845,33.0,-0.0015397113727435574,0.003779613184493158
3.9954823216489195,-0.9955725209700516,4.931245215857152,1.0,3.457076923076923,34.0,-0.0015397113727440015,0.00377961318449227
3.993942610276176,-0.9955284963700898,4.935024829041645,1.0,3.4565384615384613,35.0,-0.0015397113727435574,0.003779613184493158
3.992402898903432,-0.995484471770128,4.938804442226138,1.0,3.456,36.0,-0.0015397113727440015,0.00377961318449227
3.991215345033037,-0.9954533804723623,4.943084002953367,1.0,3.455,37.0,-0.0011875538703947086,0.004279560727229459
3.9900277911626425,-0.9954222891745966,4.947363563680597,1.0,3.454,38.0,-0.0011875538703947086,0.004279560727229459
3.988840237292248,-0.9953911978768308,4.951643124407827,1.0,3.453,39.0,-0.0011875538703947086,0.004279560727230347
3.9876526834218526,-0.9953601065790652,4.955922685135056,1.0,3.452,40.0,-0.0011875538703951527,0.004279560727229459
3.986465129551458,-0.9953290152812995,4.960202245862286,1.0,3.451,41.0,-0.0011875538703947086,0.004279560727229459
3.9852775756810632,-0.9952979239835338,4.964481806589515,1.0,3.45,42.0,-0.0011875538703947086,0.004279560727229459
3.9840900218106685,-0.995266832685768,4.968761367316746,1.0,3.449,43.0,-0.0011875538703947086,0.004279560727230347
3.982902467940274,-0.9952357413880023,4.973040928043975,1.0,3.448,44.0,-0.0011875538703947086,0.004279560727229459
3.981714914069879,-0.9952046500902366,4.977320488771205,1.0,3.447,45.0,-0.0011875538703947086,0.004279560727229459
3.980527360199484,-0.9951735587924709,4.981600049498434,1.0,3.446,46.0,-0.0011875538703951527,0.004279560727229459
3.9793398063290892,-0.9951424674947051,4.985879610225664,1.0,3.445,47.0,-0.0011875538703947086,0.004279560727230347
3.9781522524586945,-0.9951113761969395,4.990159170952894,1.0,3.444,48.0,-0.0011875538703947086,0.004279560727229459
3.9769646985883,-0.9950802848991738,4.994438731680123,1.0,3.443,49.0,-0.0011875538703947086,0.004279560727229459
3.976045412566871,-0.9951174814857714,4.999639655754077,1.0000142857142857,3.442285714285714,50.0,-0.0009192860214288778,0.005200924073953672
3.975126126545442,-0.9951546780723691,5.004840579828031,1.0000285714285715,3.4415714285714287,51.0,-0.0009192860214288778,0.005200924073953672
3.974206840524013,-0.9951918746589667,5.010041503901983,1.0000428571428572,3.440857142857143,52.0,-0.0009192860214288778,0.005200924073952784
3.9732875545025843,-0.9952290712455644,5.015242427975937,1.0000571428571428,3.440142857142857,53.0,-0.0009192860214288778,0.005200924073953672
3.9723682684811554,-0.9952662678321621,5.020443352049891,1.0000714285714285,3.4394285714285715,54.0,-0.0009192860214288778,0.005200924073953672
3.9714489824597266,-0.9953034644187597,5.0256442761238445,1.0000857142857142,3.4387142857142856,55.0,-0.0009192860214288778,0.005200924073953672
3.970529696438298,-0.9953406610053573,5.030845200197798,1.0001,3.438,56.0,-0.0009192860214284337,0.005200924073953672
3.9696104104168692,-0.9953778575919551,5.036046124271751,1.0001142857142857,3.4372857142857143,57.0,-0.0009192860214288778,0.005200924073952784
3.9686911243954404,-0.9954150541785527,5.041247048345705,1.0001285714285715,3.4365714285714284,58.0,-0.0009192860214288778,0.005200924073953672
3.9677718383740115,-0.9954522507651504,5.046447972419658,1.0001428571428572,3.435857142857143,59.0,-0.0009192860214288778,0.005200924073953672
3.9668525523525826,-0.995489447351748,5.051648896493612,1.0001571428571427,3.435142857142857,60.0,-0.0009192860214288778,0.005200924073953672
3.9659332663311537,-0.9955266439383457,5.056849820567565,1.0001714285714285,3.434428571428571,61.0,-0.0009192860214288778,0.005200924073952784
3.965013980309725,-0.9955638405249434,5.062050744641518,1.0001857142857142,3.4337142857142857,62.0,-0.0009192860214288778,0.005200924073953672
3.964094694288296,-0.995601037111541,5.067251668715472,1.0002,3.433,63.0,-0.0009192860214288778,0.005200924073953672
3.9632178473114585,-0.9957384455078894,5.07210134992849,1.0001846153846154,3.432230769230769,64.0,-0.000876846976837431,0.004849681213017654
3.962341000334621,-0.9958758539042378,5.076951031141508,1.0001692307692307,3.431461538461538,65.0,-0.000876846976837431,0.004849681213018542
3.9614641533577837,-0.9960132623005862,5.081800712354526,1.0001538461538462,3.4306923076923077,66.0,-0.000876846976837431,0.004849681213017654
3.9605873063809462,-0.9961506706969345,5.0866503935675444,1.0001384615384614,3.429923076923077,67.0,-0.000876846976837431,0.004849681213018542
3.959710459404109,-0.996288079093283,5.091500074780562,1.000123076923077,3.429153846153846,68.0,-0.000876846976837431,0.004849681213017654
3.9588336124272714,-0.9964254874896313,5.09634975599358,1.0001076923076924,3.428384615384615,69.0,-0.000876846976837431,0.004849681213017654
3.9579567654504335,-0.9965628958859797,5.101199437206598,1.0000923076923076,3.4276153846153847,70.0,-0.000876846976837875,0.004849681213018542
3.957079918473596,-0.996700304282328,5.106049118419616,1.000076923076923,3.426846153846154,71.0,-0.000876846976837431,0.004849681213017654
3.9562030714967586,-0.9968377126786765,5.110898799632634,1.0000615384615386,3.426076923076923,72.0,-0.000876846976837431,0.004849681213017654
3.955326224519921,-0.9969751210750248,5.115748480845652,1.0000461538461538,3.425307692307692,73.0,-0.000876846976837431,0.004849681213018542
3.954449377543084,-0.9971125294713732,5.12059816205867,1.0000307692307693,3.4245384615384618,74.0,-0.000876846976837431,0.004849681213017654
3.9535725305662464,-0.9972499378677216,5.125447843271688,1.0000153846153845,3.423769230769231,75.0,-0.000876846976837431,0.004849681213018542
3.952695683589409,-0.99738734626407,5.130297524484706,1.0,3.423,76.0,-0.000876846976837431,0.004849681213017654
3.9519203956719964,-0.9973954251993827,5.1357147019069584,1.0,3.4224615384615387,77.0,-0.0007752879174125482,0.0054171774222524505
3.9511451077545843,-0.9974035041346955,5.14113187932921,1.0,3.421923076923077,78.0,-0.0007752879174121041,0.005417177422251562
3.9503698198371717,-0.9974115830700082,5.1465490567514625,1.0,3.4213846153846155,79.0,-0.0007752879174125482,0.0054171774222524505
3.9495945319197596,-0.997419662005321,5.151966234173714,1.0,3.4208461538461536,80.0,-0.0007752879174121041,0.005417177422251562
3.948819244002347,-0.9974277409406337,5.1573834115959665,1.0,3.4203076923076923,81.0,-0.0007752879174125482,0.0054171774222524505
3.9480439560849345,-0.9974358198759464,5.162800589018219,1.0,3.419769230769231,82.0,-0.0007752879174125482,0.0054171774222524505
3.9472686681675224,-0.9974438988112592,5.1682177664404705,1.0,3.419230769230769,83.0,-0.0007752879174121041,0.005417177422251562
3.94649338025011,-0.9974519777465719,5.173634943862723,1.0,3.4186923076923077,84.0,-0.0007752879174125482,0.0054171774222524505
3.9457180923326973,-0.9974600566818846,5.179052121284975,1.0,3.4181538461538463,85.0,-0.0007752879174125482,0.0054171774222524505
3.944942804415285,-0.9974681356171974,5.184469298707227,1.0,3.4176153846153845,86.0,-0.0007752879174121041,0.005417177422251562
3.9441675164978727,-0.9974762145525101,5.189886476129479,1.0,3.417076923076923,87.0,-0.0007752879174125482,0.0054171774222524505
3.9433922285804606,-0.9974842934878229,5.195303653551731,1.0,3.4165384615384613,88.0,-0.0007752879174121041,0.005417177422251562
3.942616940663048,-0.9974923724231356,5.200720830973983,1.0,3.416,89.0,-0.0007752879174125482,0.0054171774222524505
3.941959665136135,-0.9973793597468148,5.206273632898109,1.0,3.4150714285714283,90.0,-0.0006572755269131925,0.005552801924125994
3.9413023896092216,-0.9972663470704941,5.211826434822235,1.0,3.414142857142857,91.0,-0.0006572755269131925,0.005552801924125994
3.9406451140823084,-0.9971533343941734,5.217379236746361,1.0,3.4132142857142855,92.0,-0.0006572755269131925,0.005552801924125994
3.9399878385553952,-0.9970403217178526,5.2229320386704865,1.0,3.4122857142857144,93.0,-0.0006572755269131925,0.005552801924125106
3.939330563028482,-0.9969273090415318,5.2284848405946125,1.0,3.4113571428571428,94.0,-0.0006572755269131925,0.005552801924125994
3.938673287501569,-0.9968142963652111,5.2340376425187385,1.0,3.4104285714285716,95.0,-0.0006572755269131925,0.005552801924125994
3.9380160119746557,-0.9967012836888904,5.2395904444428645,1.0,3.4095,96.0,-0.0006572755269131925,0.005552801924125994
3.9373587364477425,-0.9965882710125696,5.2451432463669905,1.0,3.4085714285714284,97.0,-0.0006572755269131925,0.005552801924125994
3.9367014609208293,-0.9964752583362488,5.2506960482911165,1.0,3.407642857142857,98.0,-0.0006572755269131925,0.005552801924125994
3.936044185393916,-0.9963622456599281,5.2562488502152425,1.0,3.4067142857142856,99.0,-0.0006572755269131925,0.005552801924125994
3.935386909867003,-0.9962492329836075,5.261801652139368,1.0,3.4057857142857144,100.0,-0.0006572755269131925,0.005552801924125106
3.9347296343400897,-0.9961362203072867,5.267354454063494,1.0,3.404857142857143,101.0,-0.0006572755269131925,0.005552801924125994
3.9340723588131765,-0.9960232076309659,5.27290725598762,1.0,3.4039285714285716,102.0,-0.0006572755269131925,0.005552801924125994
3.9334150832862633,-0.9959101949546452,5.2784600579117456,1.0,3.403,103.0,-0.0006572755269131925,0.005552801924125994
3.9327702980287147,-0.9959120884837083,5.283120367543416,1.0,3.4025384615384615,104.0,-0.0006447852575486301,0.004660309631670856
3.9321255127711665,-0.9959139820127714,5.287780677175086,1.0,3.402076923076923,105.0,-0.000644785257548186,0.004660309631669968
3.931480727513618,-0.9959158755418344,5.292440986806757,1.0,3.4016153846153845,106.0,-0.0006447852575486301,0.004660309631670856
3.9308359422560697,-0.9959177690708975,5.297101296438427,1.0,3.401153846153846,107.0,-0.000644785257548186,0.004660309631669968
3.930191156998521,-0.9959196625999606,5.301761606070098,1.0,3.4006923076923075,108.0,-0.0006447852575486301,0.004660309631670856
3.929546371740973,-0.9959215561290237,5.306421915701769,1.0,3.400230769230769,109.0,-0.000644785257548186,0.004660309631670856
3.9289015864834242,-0.9959234496580867,5.311082225333439,1.0,3.399769230769231,110.0,-0.0006447852575486301,0.004660309631669968
3.928256801225876,-0.9959253431871498,5.31574253496511,1.0,3.3993076923076924,111.0,-0.000644785257548186,0.004660309631670856
3.9276120159683274,-0.9959272367162129,5.320402844596781,1.0,3.398846153846154,112.0,-0.0006447852575486301,0.004660309631670856
3.9269672307107792,-0.995929130245276,5.325063154228451,1.0,3.3983846153846153,113.0,-0.000644785257548186,0.004660309631669968
3.9263224454532306,-0.995931023774339,5.329723463860121,1.0,3.397923076923077,114.0,-0.0006447852575486301,0.004660309631670856
3.9256776601956824,-0.995932917303402,5.334383773491791,1.0,3.3974615384615383,115.0,-0.000644785257548186,0.004660309631669968
3.925032874938134,-0.9959348108324652,5.339044083123462,1.0,3.397,116.0,-0.0006447852575486301,0.004660309631670856
3.9244333745357824,-0.9959874849605985,5.3433380954710445,1.0,3.3966923076923075,117.0,-0.0005995004023513495,0.00429401234758231
3.9238338741334315,-0.9960401590887318,5.347632107818627,1.0,3.396384615384615,118.0,-0.0005995004023509054,0.00429401234758231
3.92323437373108,-0.9960928332168651,5.351926120166209,1.0,3.3960769230769228,119.0,-0.0005995004023513495,0.00429401234758231
3.922634873328729,-0.9961455073449984,5.3562201325137915,1.0,3.3957692307692304,120.0,-0.0005995004023513495,0.00429401234758231
3.922035372926378,-0.9961981814731318,5.360514144861374,1.0,3.395461538461538,121.0,-0.0005995004023509054,0.00429401234758231
3.9214358725240266,-0.9962508556012651,5.364808157208956,1.0,3.3951538461538457,122.0,-0.0005995004023513495,0.00429401234758231
3.9208363721216752,-0.9963035297293984,5.3691021695565375,1.0,3.394846153846154,123.0,-0.0005995004023513495,0.004294012347581422
3.920236871719324,-0.9963562038575318,5.37339618190412,1.0,3.3945384615384615,124.0,-0.0005995004023513495,0.00429401234758231
3.919637371316973,-0.9964088779856651,5.377690194251702,1.0,3.394230769230769,125.0,-0.0005995004023509054,0.00429401234758231
3.9190378709146216,-0.9964615521137984,5.3819842065992844,1.0,3.393923076923077,126.0,-0.0005995004023513495,0.00429401234758231
3.9184383705122703,-0.9965142262419318,5.386278218946867,1.0,3.3936153846153845,127.0,-0.0005995004023513495,0.00429401234758231
3.9178388701099194,-0.996566900370065,5.390572231294449,1.0,3.393307692307692,128.0,-0.0005995004023509054,0.00429401234758231
3.917239369707568,-0.9966195744981984,5.394866243642031,1.0,3.393,129.0,-0.0005995004023513495,0.00429401234758231
3.916697161371714,-0.9964366906177953,5.400418979706792,1.0,3.3927692307692308,130.0,-0.0005422083358541663,0.005552736064760921
3.9161549530358597,-0.9962538067373921,5.405971715771554,1.0,3.3925384615384613,131.0,-0.0005422083358541663,0.00555273606476181
3.9156127447000055,-0.996070922856989,5.411524451836315,1.0,3.3923076923076922,132.0,-0.0005422083358541663,0.005552736064760921
3.915070536364152,-0.9958880389765858,5.417077187901077,1.0,3.3920769230769228,133.0,-0.0005422083358537222,0.00555273606476181
3.9145283280282976,-0.9957051550961826,5.422629923965838,1.0,3.3918461538461537,134.0,-0.0005422083358541663,0.005552736064760921
3.9139861196924435,-0.9955222712157795,5.4281826600306,1.0,3.3916153846153847,135.0,-0.0005422083358541663,0.00555273606476181
3.9134439113565893,-0.9953393873353764,5.4337353960953605,1.0,3.391384615384615,136.0,-0.0005422083358541663,0.005552736064760921
3.912901703020735,-0.9951565034549733,5.439288132160122,1.0,3.391153846153846,137.0,-0.0005422083358541663,0.00555273606476181
3.912359494684881,-0.9949736195745701,5.444840868224883,1.0,3.390923076923077,138.0,-0.0005422083358541663,0.005552736064760921
3.9118172863490273,-0.994790735694167,5.450393604289645,1.0,3.3906923076923077,139.0,-0.0005422083358537222,0.00555273606476181
3.911275078013173,-0.9946078518137639,5.455946340354406,1.0,3.3904615384615386,140.0,-0.0005422083358541663,0.005552736064760921
3.910732869677319,-0.9944249679333607,5.461499076419168,1.0,3.390230769230769,141.0,-0.0005422083358541663,0.00555273606476181
3.9101906613414648,-0.9942420840529576,5.467051812483929,1.0,3.39,142.0,-0.0005422083358541663,0.005552736064760921
3.909689731508288,-0.9942901041514396,5.473873704266246,1.0,3.3894615384615387,143.0,-0.0005009298331768441,0.006821891782317735
3.909188801675111,-0.9943381242499216,5.480695596048565,1.0,3.388923076923077,144.0,-0.0005009298331768441,0.006821891782318623
3.9086878718419342,-0.9943861443484038,5.487517487830883,1.0,3.3883846153846156,145.0,-0.0005009298331768441,0.006821891782317735
3.9081869420087574,-0.9944341644468858,5.494339379613201,1.0,3.3878461538461537,146.0,-0.0005009298331768441,0.006821891782318623
3.9076860121755805,-0.9944821845453679,5.501161271395519,1.0,3.3873076923076924,147.0,-0.0005009298331768441,0.006821891782317735
3.9071850823424037,-0.9945302046438499,5.507983163177837,1.0,3.386769230769231,148.0,-0.0005009298331768441,0.006821891782317735
3.9066841525092273,-0.994578224742332,5.5148050549601555,1.0,3.386230769230769,149.0,-0.0005009298331764,0.006821891782318623
3.9061832226760504,-0.9946262448408141,5.521626946742473,1.0,3.385692307692308,150.0,-0.0005009298331768441,0.006821891782317735
3.9056822928428736,-0.9946742649392961,5.528448838524791,1.0,3.3851538461538464,151.0,-0.0005009298331768441,0.006821891782317735
3.9051813630096968,-0.9947222850377782,5.53527073030711,1.0,3.3846153846153846,152.0,-0.0005009298331768441,0.006821891782318623
3.90468043317652,-0.9947703051362603,5.542092622089427,1.0,3.384076923076923,153.0,-0.0005009298331768441,0.006821891782317735
3.904179503343343,-0.9948183252347423,5.548914513871746,1.0,3.3835384615384614,154.0,-0.0005009298331768441,0.006821891782318623
3.9036785735101662,-0.9948663453332244,5.555736405654064,1.0,3.383,155.0,-0.0005009298331768441,0.006821891782317735
3.903248417604907,-0.9950377951190053,5.5600915379983356,1.0,3.3827142857142856,156.0,-0.00043015590525907754,0.004355132344271873
3.902818261699648,-0.9952092449047861,5.564446670342607,1.0,3.3824285714285716,157.0,-0.00043015590525907754,0.004355132344271873
3.902388105794389,-0.995380694690567,5.568801802686879,1.0,3.382142857142857,158.0,-0.00043015590525907754,0.004355132344271873
3.90195794988913,-0.995552144476348,5.57315693503115,1.0,3.3818571428571427,159.0,-0.00043015590525907754,0.004355132344270984
3.901527793983871,-0.9957235942621289,5.577512067375422,1.0,3.3815714285714287,160.0,-0.00043015590525907754,0.004355132344271873
3.9010976380786118,-0.9958950440479097,5.581867199719694,1.0,3.3812857142857142,161.0,-0.00043015590525907754,0.004355132344271873
3.9006674821733527,-0.9960664938336906,5.586222332063966,1.0,3.3810000000000002,162.0,-0.00043015590525907754,0.004355132344271873
3.9002373262680936,-0.9962379436194715,5.590577464408238,1.0,3.380714285714286,163.0,-0.00043015590525907754,0.004355132344271873
3.8998071703628345,-0.9964093934052524,5.59493259675251,1.0,3.3804285714285713,164.0,-0.00043015590525907754,0.004355132344271873
3.8993770144575755,-0.9965808431910332,5.5992877290967815,1.0,3.3801428571428573,165.0,-0.00043015590525907754,0.004355132344271873
3.8989468585523164,-0.9967522929768142,5.6036428614410525,1.0,3.379857142857143,166.0,-0.00043015590525907754,0.004355132344270984
3.8985167026470573,-0.9969237427625951,5.607997993785324,1.0,3.3795714285714284,167.0,-0.00043015590525907754,0.004355132344271873
3.898086546741798,-0.997095192548376,5.612353126129596,1.0,3.3792857142857144,168.0,-0.00043015590525907754,0.004355132344271873
3.897656390836539,-0.9972666423341568,5.616708258473868,1.0,3.379,169.0,-0.00043015590525907754,0.004355132344271873
3.897211725706454,-0.9971462226179443,5.6226305269313634,1.0,3.3785384615384615,170.0,-0.0004446651300851201,0.005922268457495328
3.8967670605763693,-0.9970258029017317,5.628552795388859,1.0,3.378076923076923,171.0,-0.000444665130084676,0.005922268457495328
3.8963223954462842,-0.9969053831855191,5.634475063846354,1.0,3.3776153846153845,172.0,-0.0004446651300851201,0.005922268457495328
3.8958777303161995,-0.9967849634693065,5.640397332303849,1.0,3.3771538461538464,173.0,-0.000444665130084676,0.005922268457495328
3.8954330651861144,-0.9966645437530939,5.646319600761345,1.0,3.376692307692308,174.0,-0.0004446651300851201,0.005922268457495328
3.8949884000560298,-0.9965441240368813,5.65224186921884,1.0,3.3762307692307694,175.0,-0.000444665130084676,0.005922268457495328
3.8945437349259446,-0.9964237043206687,5.6581641376763345,1.0,3.375769230769231,176.0,-0.0004446651300851201,0.0059222684574944395
3.89409906979586,-0.9963032846044562,5.66408640613383,1.0,3.3753076923076923,177.0,-0.000444665130084676,0.005922268457495328
3.893654404665775,-0.9961828648882436,5.670008674591325,1.0,3.374846153846154,178.0,-0.0004446651300851201,0.005922268457495328
3.89320973953569,-0.9960624451720309,5.6759309430488205,1.0,3.3743846153846158,179.0,-0.000444665130084676,0.005922268457495328
3.892765074405605,-0.9959420254558183,5.681853211506316,1.0,3.3739230769230772,180.0,-0.0004446651300851201,0.005922268457495328
3.8923204092755204,-0.9958216057396058,5.687775479963811,1.0,3.3734615384615387,181.0,-0.000444665130084676,0.005922268457495328
3.8918757441454352,-0.9957011860233932,5.6936977484213065,1.0,3.373,182.0,-0.0004446651300851201,0.005922268457495328
3.8914769615553904,-0.995605632984612,5.698642993161809,1.0,3.372615384615385,183.0,-0.00039878259004488825,0.00494524474050273
3.891078178965345,-0.9955100799458309,5.703588237902312,1.0,3.3722307692307694,184.0,-0.00039878259004533234,0.00494524474050273
3.8906793963753,-0.9954145269070497,5.708533482642815,1.0,3.371846153846154,185.0,-0.00039878259004488825,0.00494524474050273
3.890280613785255,-0.9953189738682685,5.713478727383317,1.0,3.3714615384615385,186.0,-0.00039878259004533234,0.00494524474050273
3.88988183119521,-0.9952234208294873,5.71842397212382,1.0,3.3710769230769233,187.0,-0.00039878259004488825,0.00494524474050273
3.889483048605165,-0.9951278677907062,5.723369216864323,1.0,3.3706923076923077,188.0,-0.00039878259004488825,0.00494524474050273
3.8890842660151197,-0.995032314751925,5.728314461604826,1.0,3.3703076923076924,189.0,-0.00039878259004533234,0.00494524474050273
3.888685483425075,-0.9949367617131438,5.733259706345328,1.0,3.369923076923077,190.0,-0.00039878259004488825,0.00494524474050273
3.88828670083503,-0.9948412086743627,5.738204951085831,1.0,3.3695384615384616,191.0,-0.00039878259004488825,0.00494524474050273
3.8878879182449846,-0.9947456556355815,5.743150195826334,1.0,3.369153846153846,192.0,-0.00039878259004533234,0.00494524474050273
3.8874891356549397,-0.9946501025968003,5.7480954405668365,1.0,3.3687692307692307,193.0,-0.00039878259004488825,0.00494524474050273
3.8870903530648944,-0.9945545495580191,5.753040685307339,1.0,3.368384615384615,194.0,-0.00039878259004533234,0.00494524474050273
3.8866915704748495,-0.994458996519238,5.757985930047842,1.0,3.368,195.0,-0.00039878259004488825,0.00494524474050273
3.886328588478359,-0.9946853724092956,5.762131203649321,1.0,3.367642857142857,196.0,-0.00036298199649031915,0.0041452736014786495
3.8859656064818684,-0.9949117482993532,5.766276477250798,1.0,3.367285714285714,197.0,-0.00036298199649076324,0.004145273601477761
3.885602624485378,-0.9951381241894108,5.770421750852277,1.0,3.3669285714285713,198.0,-0.00036298199649031915,0.0041452736014786495
3.8852396424888878,-0.9953645000794685,5.774567024453756,1.0,3.3665714285714285,199.0,-0.00036298199649031915,0.0041452736014786495
3.884876660492397,-0.9955908759695261,5.7787122980552335,1.0,3.366214285714286,200.0,-0.00036298199649076324,0.004145273601477761
3.8845136784959067,-0.9958172518595838,5.782857571656712,1.0,3.3658571428571427,201.0,-0.00036298199649031915,0.0041452736014786495
3.884150696499416,-0.9960436277496414,5.78700284525819,1.0,3.3655,202.0,-0.00036298199649076324,0.004145273601477761
3.8837877145029256,-0.996270003639699,5.7911481188596685,1.0,3.365142857142857,203.0,-0.00036298199649031915,0.0041452736014786495
3.8834247325064353,-0.9964963795297567,5.795293392461147,1.0,3.364785714285714,204.0,-0.00036298199649031915,0.0041452736014786495
3.8830617505099445,-0.9967227554198143,5.799438666062625,1.0,3.3644285714285713,205.0,-0.00036298199649076324,0.004145273601477761
3.882698768513454,-0.996949131309872,5.803583939664104,1.0,3.3640714285714286,206.0,-0.00036298199649031915,0.0041452736014786495
3.882335786516964,-0.9971755071999295,5.807729213265582,1.0,3.363714285714286,207.0,-0.00036298199649031915,0.0041452736014786495
3.881972804520473,-0.9974018830899872,5.81187448686706,1.0,3.3633571428571427,208.0,-0.00036298199649076324,0.004145273601477761
3.881609822523983,-0.9976282589800448,5.816019760468539,1.0,3.363,209.0,-0.00036298199649031915,0.0041452736014786495
3.881257080861292,-0.9975324040682397,5.822165338925598,1.0,3.3626923076923076,210.0,-0.0003527416626907254,0.006145578457059209
3.8809043391986013,-0.9974365491564346,5.828310917382658,1.0,3.3623846153846153,211.0,-0.0003527416626907254,0.006145578457060097
3.8805515975359106,-0.9973406942446295,5.834456495839717,1.0,3.362076923076923,212.0,-0.0003527416626907254,0.006145578457059209
3.88019885587322,-0.9972448393328244,5.840602074296776,1.0,3.3617692307692306,213.0,-0.0003527416626907254,0.006145578457059209
3.879846114210529,-0.9971489844210193,5.8467476527538365,1.0,3.3614615384615383,214.0,-0.0003527416626907254,0.006145578457060097
3.8794933725478384,-0.9970531295092142,5.852893231210896,1.0,3.361153846153846,215.0,-0.0003527416626907254,0.006145578457059209
3.8791406308851473,-0.996957274597409,5.859038809667955,1.0,3.360846153846154,216.0,-0.00035274166269116947,0.006145578457059209
3.8787878892224565,-0.9968614196856039,5.865184388125014,1.0,3.3605384615384617,217.0,-0.0003527416626907254,0.006145578457059209
3.878435147559766,-0.9967655647737989,5.871329966582074,1.0,3.3602307692307694,218.0,-0.0003527416626907254,0.006145578457060097
3.878082405897075,-0.9966697098619938,5.877475545039133,1.0,3.359923076923077,219.0,-0.0003527416626907254,0.006145578457059209
3.8777296642343844,-0.9965738549501886,5.883621123496193,1.0,3.3596153846153847,220.0,-0.0003527416626907254,0.006145578457059209
3.8773769225716936,-0.9964780000383835,5.889766701953253,1.0,3.3593076923076923,221.0,-0.0003527416626907254,0.006145578457060097
3.877024180909003,-0.9963821451265784,5.895912280410312,1.0,3.359,222.0,-0.0003527416626907254,0.006145578457059209
3.8766837902492077,-0.9962671017670893,5.901038421283945,1.0,3.3585384615384615,223.0,-0.0003403906597951867,0.005126140873633389
3.876343399589413,-0.9961520584076002,5.90616456215758,1.0,3.358076923076923,224.0,-0.0003403906597947426,0.005126140873634277
3.876003008929618,-0.9960370150481112,5.911290703031213,1.0,3.3576153846153844,225.0,-0.0003403906597951867,0.005126140873633389
3.8756626182698226,-0.9959219716886221,5.916416843904847,1.0,3.3571538461538464,226.0,-0.0003403906597951867,0.005126140873634277
3.875322227610028,-0.995806928329133,5.921542984778481,1.0,3.356692307692308,227.0,-0.0003403906597947426,0.005126140873633389
3.8749818369502327,-0.9956918849696439,5.926669125652115,1.0,3.3562307692307694,228.0,-0.0003403906597951867,0.005126140873634277
3.8746414462904375,-0.9955768416101549,5.931795266525748,1.0,3.355769230769231,229.0,-0.0003403906597951867,0.005126140873633389
3.8743010556306423,-0.9954617982506658,5.936921407399383,1.0,3.3553076923076923,230.0,-0.0003403906597951867,0.005126140873634277
3.8739606649708476,-0.9953467548911767,5.942047548273016,1.0,3.354846153846154,231.0,-0.0003403906597947426,0.005126140873633389
3.8736202743110524,-0.9952317115316877,5.94717368914665,1.0,3.3543846153846157,232.0,-0.0003403906597951867,0.005126140873634277
3.873279883651257,-0.9951166681721986,5.952299830020284,1.0,3.3539230769230772,233.0,-0.0003403906597951867,0.005126140873633389
3.8729394929914625,-0.9950016248127095,5.957425970893918,1.0,3.3534615384615387,234.0,-0.0003403906597947426,0.005126140873634277
3.8725991023316673,-0.9948865814532204,5.962552111767551,1.0,3.353,235.0,-0.0003403906597951867,0.005126140873633389
3.872285253100901,-0.9949432672292913,5.967165718073702,1.0,3.352692307692308,236.0,-0.00031384923076638316,0.004613606306151041
3.8719714038701345,-0.9949999530053623,5.971779324379853,1.0,3.3523846153846155,237.0,-0.00031384923076638316,0.004613606306151041
3.871657554639368,-0.9950566387814331,5.976392930686004,1.0,3.352076923076923,238.0,-0.00031384923076638316,0.004613606306151041
3.871343705408602,-0.9951133245575041,5.981006536992155,1.0,3.351769230769231,239.0,-0.00031384923076593907,0.004613606306150153
3.871029856177836,-0.995170010333575,5.985620143298306,1.0,3.3514615384615385,240.0,-0.00031384923076638316,0.004613606306151041
3.8707160069470694,-0.995226696109646,5.990233749604457,1.0,3.351153846153846,241.0,-0.00031384923076638316,0.004613606306151041
3.870402157716303,-0.9952833818857169,5.994847355910608,1.0,3.3508461538461543,242.0,-0.00031384923076638316,0.004613606306151041
3.8700883084855366,-0.9953400676617878,5.999460962216759,1.0,3.350538461538462,243.0,-0.00031384923076638316,0.004613606306151041
3.8697744592547703,-0.9953967534378587,6.00407456852291,1.0,3.3502307692307696,244.0,-0.00031384923076638316,0.004613606306151041
3.8694606100240043,-0.9954534392139297,6.00868817482906,1.0,3.3499230769230772,245.0,-0.00031384923076593907,0.004613606306150153
3.869146760793238,-0.9955101249900006,6.013301781135211,1.0,3.349615384615385,246.0,-0.00031384923076638316,0.004613606306151041
3.8688329115624716,-0.9955668107660716,6.017915387441362,1.0,3.3493076923076925,247.0,-0.00031384923076638316,0.004613606306151041
3.868519062331705,-0.9956234965421424,6.022528993747513,1.0,3.349,248.0,-0.00031384923076638316,0.004613606306151041
3.8682186283009856,-0.9955578748576825,6.0291674814286225,1.0,3.348692307692308,249.0,-0.0003004340307195541,0.006638487681109417
3.867918194270266,-0.9954922531732227,6.035805969109732,1.0,3.3483846153846155,250.0,-0.0003004340307195541,0.006638487681109417
3.8676177602395465,-0.9954266314887628,6.042444456790842,1.0,3.348076923076923,251.0,-0.0003004340307195541,0.0066384876811103055
3.8673173262088274,-0.9953610098043028,6.049082944471952,1.0,3.347769230769231,252.0,-0.00030043403071911,0.006638487681109417
3.867016892178108,-0.9952953881198429,6.055721432153061,1.0,3.3474615384615385,253.0,-0.0003004340307195541,0.006638487681109417
3.8667164581473883,-0.995229766435383,6.06235991983417,1.0,3.347153846153846,254.0,-0.0003004340307195541,0.006638487681109417
3.8664160241166687,-0.9951641447509231,6.068998407515281,1.0,3.3468461538461542,255.0,-0.0003004340307195541,0.0066384876811103055
3.866115590085949,-0.9950985230664632,6.07563689519639,1.0,3.346538461538462,256.0,-0.0003004340307195541,0.006638487681109417
3.8658151560552296,-0.9950329013820033,6.0822753828775,1.0,3.3462307692307696,257.0,-0.0003004340307195541,0.006638487681109417
3.8655147220245105,-0.9949672796975433,6.088913870558609,1.0,3.345923076923077,258.0,-0.00030043403071911,0.006638487681109417
3.865214287993791,-0.9949016580130834,6.095552358239719,1.0,3.345615384615385,259.0,-0.0003004340307195541,0.0066384876811103055
3.8649138539630714,-0.9948360363286235,6.102190845920829,1.0,3.3453076923076925,260.0,-0.0003004340307195541,0.006638487681109417
3.864613419932352,-0.9947704146441636,6.108829333601938,1.0,3.345,261.0,-0.0003004340307195541,0.006638487681109417
3.8643507535624604,-0.9949166706934907,6.114131559088969,1.0,3.3447142857142858,262.0,-0.0002626663698914733,0.005302225487031187
3.864088087192569,-0.9950629267428177,6.1194337845760005,1.0,3.3444285714285718,263.0,-0.0002626663698914733,0.005302225487031187
3.8638254208226774,-0.9952091827921447,6.124736010063033,1.0,3.3441428571428573,264.0,-0.0002626663698914733,0.005302225487032075
3.8635627544527864,-0.9953554388414717,6.130038235550064,1.0,3.343857142857143,265.0,-0.0002626663698910292,0.005302225487031187
3.863300088082895,-0.9955016948907988,6.135340461037095,1.0,3.343571428571429,266.0,-0.0002626663698914733,0.005302225487031187
3.8630374217130035,-0.9956479509401258,6.140642686524126,1.0,3.3432857142857144,267.0,-0.0002626663698914733,0.005302225487031187
3.862774755343112,-0.9957942069894528,6.145944912011157,1.0,3.3430000000000004,268.0,-0.0002626663698914733,0.005302225487031187
3.8625120889732205,-0.9959404630387798,6.151247137498189,1.0,3.342714285714286,269.0,-0.0002626663698914733,0.005302225487032075
3.862249422603329,-0.9960867190881069,6.156549362985221,1.0,3.3424285714285715,270.0,-0.0002626663698914733,0.005302225487031187
3.8619867562334376,-0.9962329751374339,6.161851588472252,1.0,3.3421428571428575,271.0,-0.0002626663698914733,0.005302225487031187
3.8617240898635465,-0.996379231186761,6.167153813959283,1.0,3.341857142857143,272.0,-0.0002626663698910292,0.005302225487031187
3.861461423493655,-0.9965254872360879,6.172456039446315,1.0,3.3415714285714286,273.0,-0.0002626663698914733,0.005302225487032075
3.8611987571237636,-0.996671743285415,6.177758264933346,1.0,3.3412857142857146,274.0,-0.0002626663698914733,0.005302225487031187
3.860936090753872,-0.996817999334742,6.183060490420377,1.0,3.341,275.0,-0.0002626663698914733,0.005302225487031187
3.86064969222952,-0.9967144409415173,6.187741383179263,1.0,3.340769230769231,276.0,-0.0002863985243521938,0.004680892758885946
3.860363293705168,-0.9966108825482926,6.192422275938149,1.0,3.3405384615384617,277.0,-0.00028639852435174973,0.004680892758885946
3.860076895180816,-0.9965073241550679,6.197103168697035,1.0,3.3403076923076926,278.0,-0.0002863985243521938,0.004680892758885946
3.859790496656464,-0.9964037657618432,6.201784061455921,1.0,3.340076923076923,279.0,-0.0002863985243521938,0.004680892758885946
3.859504098132112,-0.9963002073686185,6.206464954214807,1.0,3.339846153846154,280.0,-0.00028639852435174973,0.004680892758885946
3.85921769960776,-0.9961966489753937,6.211145846973693,1.0,3.3396153846153847,281.0,-0.0002863985243521938,0.004680892758885946
3.8589313010834077,-0.9960930905821691,6.215826739732578,1.0,3.3393846153846156,282.0,-0.0002863985243521938,0.004680892758885058
3.8586449025590555,-0.9959895321889444,6.220507632491464,1.0,3.339153846153846,283.0,-0.0002863985243521938,0.004680892758885946
3.8583585040347037,-0.9958859737957196,6.22518852525035,1.0,3.338923076923077,284.0,-0.00028639852435174973,0.004680892758885946
3.8580721055103515,-0.9957824154024949,6.229869418009236,1.0,3.3386923076923076,285.0,-0.0002863985243521938,0.004680892758885946
3.8577857069859993,-0.9956788570092703,6.234550310768122,1.0,3.3384615384615386,286.0,-0.0002863985243521938,0.004680892758885946
3.8574993084616476,-0.9955752986160455,6.239231203527008,1.0,3.338230769230769,287.0,-0.00028639852435174973,0.004680892758885946
3.8572129099372954,-0.9954717402228208,6.243912096285894,1.0,3.338,288.0,-0.0002863985243521938,0.004680892758885946
3.8569670008314416,-0.9954417093601572,6.2471464328657405,1.0,3.337769230769231,289.0,-0.0002459091058537588,0.0032343365798466195
3.8567210917255874,-0.9954116784974937,6.250380769445588,1.0,3.3375384615384616,290.0,-0.0002459091058542029,0.0032343365798475077
3.8564751826197337,-0.9953816476348301,6.253615106025435,1.0,3.3373076923076925,291.0,-0.0002459091058537588,0.0032343365798466195
3.8562292735138795,-0.9953516167721665,6.256849442605282,1.0,3.337076923076923,292.0,-0.0002459091058542029,0.0032343365798475077
3.8559833644080257,-0.9953215859095029,6.260083779185129,1.0,3.336846153846154,293.0,-0.0002459091058537588,0.0032343365798466195
3.8557374553021715,-0.9952915550468394,6.263318115764975,1.0,3.3366153846153845,294.0,-0.0002459091058542029,0.0032343365798466195
3.8554915461963177,-0.9952615241841758,6.266552452344823,1.0,3.3363846153846155,295.0,-0.0002459091058537588,0.0032343365798475077
3.8552456370904635,-0.9952314933215123,6.2697867889246695,1.0,3.336153846153846,296.0,-0.0002459091058542029,0.0032343365798466195
3.8549997279846098,-0.9952014624588487,6.273021125504516,1.0,3.335923076923077,297.0,-0.0002459091058537588,0.0032343365798466195
3.8547538188787556,-0.9951714315961852,6.276255462084364,1.0,3.3356923076923075,298.0,-0.0002459091058542029,0.0032343365798475077
3.854507909772902,-0.9951414007335215,6.27948979866421,1.0,3.3354615384615385,299.0,-0.0002459091058537588,0.0032343365798466195
3.8542620006670476,-0.995111369870858,6.282724135244058,1.0,3.335230769230769,300.0,-0.0002459091058542029,0.0032343365798475077
3.854016091561194,-0.9950813390081944,6.285958471823904,1.0,3.335,301.0,-0.0002459091058537588,0.0032343365798466195
3.853743885971578,-0.9951915920319492,6.290829946840777,1.0,3.3346923076923076,302.0,-0.00027220558961582597,0.004871475016872573
3.853471680381962,-0.995301845055704,6.2957014218576495,1.0,3.3343846153846153,303.0,-0.00027220558961582597,0.004871475016872573
3.8531994747923464,-0.9954120980794587,6.300572896874523,1.0,3.334076923076923,304.0,-0.00027220558961582597,0.004871475016873461
3.85292726920273,-0.9955223511032135,6.3054443718913955,1.0,3.3337692307692306,305.0,-0.00027220558961627006,0.004871475016872573
3.8526550636131143,-0.9956326041269683,6.310315846908268,1.0,3.3334615384615383,306.0,-0.00027220558961582597,0.004871475016872573
3.8523828580234984,-0.9957428571507231,6.315187321925141,1.0,3.333153846153846,307.0,-0.00027220558961582597,0.004871475016872573
3.8521106524338826,-0.9958531101744778,6.320058796942014,1.0,3.332846153846154,308.0,-0.00027220558961582597,0.004871475016873461
3.851838446844267,-0.9959633631982325,6.324930271958887,1.0,3.3325384615384617,309.0,-0.00027220558961582597,0.004871475016872573
3.851566241254651,-0.9960736162219873,6.329801746975759,1.0,3.3322307692307693,310.0,-0.00027220558961582597,0.004871475016872573
3.8512940356650347,-0.9961838692457421,6.334673221992632,1.0,3.331923076923077,311.0,-0.00027220558961627006,0.004871475016872573
3.851021830075419,-0.9962941222694969,6.339544697009505,1.0,3.3316153846153846,312.0,-0.00027220558961582597,0.004871475016873461
3.850749624485803,-0.9964043752932517,6.344416172026378,1.0,3.3313076923076923,313.0,-0.00027220558961582597,0.004871475016872573
3.850477418896187,-0.9965146283170064,6.34928764704325,1.0,3.331,314.0,-0.00027220558961582597,0.004871475016872573
3.8502577390528403,-0.9963730733029484,6.353845737818795,1.0,3.3307857142857142,315.0,-0.00021967984334692048,0.004558090775544699
3.850038059209493,-0.9962315182888904,6.35840382859434,1.0,3.3305714285714285,316.0,-0.00021967984334736457,0.004558090775544699
3.849818379366146,-0.9960899632748325,6.3629619193698845,1.0,3.330357142857143,317.0,-0.00021967984334692048,0.004558090775544699
3.849598699522799,-0.9959484082607746,6.367520010145428,1.0,3.330142857142857,318.0,-0.00021967984334692048,0.0045580907755438105
3.8493790196794517,-0.9958068532467166,6.372078100920973,1.0,3.3299285714285713,319.0,-0.00021967984334736457,0.004558090775544699
3.849159339836105,-0.9956652982326586,6.376636191696518,1.0,3.3297142857142856,320.0,-0.00021967984334692048,0.004558090775544699
3.848939659992758,-0.9955237432186006,6.381194282472062,1.0,3.3295,321.0,-0.00021967984334692048,0.004558090775544699
3.8487199801494105,-0.9953821882045426,6.385752373247607,1.0,3.329285714285714,322.0,-0.00021967984334736457,0.004558090775544699
3.8485003003060636,-0.9952406331904846,6.390310464023152,1.0,3.3290714285714285,323.0,-0.00021967984334692048,0.004558090775544699
3.8482806204627162,-0.9950990781764266,6.3948685547986965,1.0,3.3288571428571427,324.0,-0.00021967984334736457,0.004558090775544699
3.8480609406193693,-0.9949575231623687,6.39942664557424,1.0,3.328642857142857,325.0,-0.00021967984334692048,0.0045580907755438105
3.8478412607760224,-0.9948159681483107,6.403984736349785,1.0,3.3284285714285713,326.0,-0.00021967984334692048,0.004558090775544699
3.847621580932675,-0.9946744131342528,6.40854282712533,1.0,3.3282142857142856,327.0,-0.00021967984334736457,0.004558090775544699
3.847401901089328,-0.9945328581201948,6.413100917900874,1.0,3.328,328.0,-0.00021967984334692048,0.004558090775544699
3.847166247374383,-0.9945848116826842,6.419713850100779,1.0,3.327769230769231,329.0,-0.00023565371494527199,0.006612932199904442
3.846930593659438,-0.9946367652451736,6.426326782300683,1.0,3.3275384615384613,330.0,-0.0002356537149448279,0.006612932199904442
3.8466949399444927,-0.9946887188076631,6.432939714500588,1.0,3.3273076923076923,331.0,-0.00023565371494527199,0.006612932199904442
3.846459286229548,-0.9947406723701524,6.439552646700492,1.0,3.327076923076923,332.0,-0.0002356537149448279,0.006612932199904442
3.8462236325146026,-0.9947926259326418,6.446165578900397,1.0,3.326846153846154,333.0,-0.00023565371494527199,0.006612932199904442
3.8459879787996574,-0.9948445794951313,6.452778511100301,1.0,3.3266153846153848,334.0,-0.00023565371494527199,0.006612932199904442
3.8457523250847125,-0.9948965330576207,6.459391443300206,1.0,3.3263846153846153,335.0,-0.0002356537149448279,0.00661293219990533
3.8455166713697673,-0.9949484866201102,6.466004375500111,1.0,3.3261538461538462,336.0,-0.00023565371494527199,0.006612932199904442
3.845281017654822,-0.9950004401825996,6.472617307700015,1.0,3.325923076923077,337.0,-0.00023565371494527199,0.006612932199904442
3.845045363939877,-0.9950523937450889,6.47923023989992,1.0,3.3256923076923077,338.0,-0.0002356537149448279,0.006612932199904442
3.844809710224932,-0.9951043473075784,6.485843172099824,1.0,3.3254615384615387,339.0,-0.00023565371494527199,0.006612932199904442
3.844574056509987,-0.9951563008700678,6.492456104299729,1.0,3.325230769230769,340.0,-0.0002356537149448279,0.006612932199904442
3.844338402795042,-0.9952082544325572,6.499069036499633,1.0,3.325,341.0,-0.00023565371494527199,0.006612932199904442
3.8441204949523273,-0.9952342519601048,6.502838156621202,1.0,3.324769230769231,342.0,-0.00021790784271447095,0.0037691201215688253
3.843902587109613,-0.9952602494876526,6.506607276742771,1.0,3.3245384615384617,343.0,-0.00021790784271447095,0.0037691201215688253
3.8436846792668984,-0.9952862470152002,6.5103763968643396,1.0,3.3243076923076926,344.0,-0.00021790784271447095,0.0037691201215688253
3.843466771424184,-0.9953122445427479,6.5141455169859075,1.0,3.324076923076923,345.0,-0.00021790784271447095,0.003769120121567937
3.8432488635814694,-0.9953382420702955,6.517914637107476,1.0,3.323846153846154,346.0,-0.00021790784271447095,0.0037691201215688253
3.843030955738755,-0.9953642395978431,6.521683757229045,1.0,3.3236153846153846,347.0,-0.00021790784271447095,0.0037691201215688253
3.8428130478960405,-0.9953902371253909,6.525452877350614,1.0,3.3233846153846156,348.0,-0.00021790784271447095,0.0037691201215688253
3.842595140053326,-0.9954162346529385,6.529221997472183,1.0,3.323153846153846,349.0,-0.00021790784271447095,0.0037691201215688253
3.8423772322106116,-0.9954422321804861,6.532991117593752,1.0,3.322923076923077,350.0,-0.00021790784271447095,0.0037691201215688253
3.842159324367897,-0.9954682297080338,6.5367602377153196,1.0,3.3226923076923076,351.0,-0.00021790784271447095,0.003769120121567937
3.8419414165251826,-0.9954942272355815,6.540529357836888,1.0,3.3224615384615386,352.0,-0.00021790784271447095,0.0037691201215688253
3.841723508682468,-0.9955202247631292,6.544298477958457,1.0,3.322230769230769,353.0,-0.00021790784271447095,0.0037691201215688253
3.8415056008397537,-0.9955462222906768,6.548067598080026,1.0,3.322,354.0,-0.00021790784271447095,0.0037691201215688253
3.841279383708263,-0.9954809358491887,6.552099121729994,1.0,3.321769230769231,355.0,-0.00022621713149062472,0.004031523649968172
3.841053166576773,-0.9954156494077008,6.556130645379962,1.0,3.3215384615384616,356.0,-0.00022621713149018063,0.004031523649968172
3.8408269494452822,-0.9953503629662127,6.5601621690299305,1.0,3.3213076923076925,357.0,-0.00022621713149062472,0.004031523649968172
3.840600732313792,-0.9952850765247246,6.564193692679899,1.0,3.321076923076923,358.0,-0.00022621713149018063,0.004031523649968172
3.8403745151823014,-0.9952197900832367,6.568225216329867,1.0,3.320846153846154,359.0,-0.00022621713149062472,0.004031523649968172
3.8401482980508113,-0.9951545036417486,6.572256739979835,1.0,3.3206153846153845,360.0,-0.00022621713149018063,0.004031523649968172
3.8399220809193206,-0.9950892172002606,6.576288263629804,1.0,3.3203846153846155,361.0,-0.00022621713149062472,0.00403152364996906
3.8396958637878305,-0.9950239307587725,6.580319787279772,1.0,3.320153846153846,362.0,-0.00022621713149018063,0.004031523649968172
3.83946964665634,-0.9949586443172845,6.5843513109297405,1.0,3.319923076923077,363.0,-0.00022621713149062472,0.004031523649968172
3.8392434295248496,-0.9948933578757965,6.588382834579709,1.0,3.3196923076923075,364.0,-0.00022621713149018063,0.004031523649968172
3.839017212393359,-0.9948280714343084,6.592414358229677,1.0,3.3194615384615385,365.0,-0.00022621713149062472,0.004031523649968172
3.838790995261869,-0.9947627849928204,6.596445881879645,1.0,3.319230769230769,366.0,-0.00022621713149018063,0.004031523649968172
3.838564778130378,-0.9946974985513324,6.600477405529613,1.0,3.319,367.0,-0.00022621713149062472,0.004031523649968172
3.838360539068585,-0.99461709338788,6.605219910190936,1.0,3.318769230769231,368.0,-0.00020423906179312112,0.004742504661322755
3.8381563000067924,-0.9945366882244274,6.609962414852259,1.0,3.3185384615384614,369.0,-0.00020423906179267703,0.004742504661322755
3.8379520609449993,-0.994456283060975,6.614704919513582,1.0,3.3183076923076924,370.0,-0.00020423906179312112,0.004742504661323643
3.837747821883206,-0.9943758778975226,6.619447424174905,1.0,3.318076923076923,371.0,-0.00020423906179312112,0.004742504661322755
3.8375435828214135,-0.99429547273407,6.624189928836228,1.0,3.317846153846154,372.0,-0.00020423906179267703,0.004742504661322755
3.8373393437596204,-0.9942150675706176,6.628932433497551,1.0,3.3176153846153844,373.0,-0.00020423906179312112,0.004742504661322755
3.8371351046978273,-0.9941346624071652,6.633674938158874,1.0,3.3173846153846154,374.0,-0.00020423906179312112,0.004742504661323643
3.836930865636034,-0.9940542572437128,6.638417442820197,1.0,3.317153846153846,375.0,-0.00020423906179312112,0.004742504661322755
3.8367266265742415,-0.9939738520802602,6.64315994748152,1.0,3.316923076923077,376.0,-0.00020423906179267703,0.004742504661322755
3.8365223875124483,-0.9938934469168078,6.6479024521428425,1.0,3.3166923076923074,377.0,-0.00020423906179312112,0.004742504661322755
3.836318148450655,-0.9938130417533554,6.652644956804166,1.0,3.3164615384615383,378.0,-0.00020423906179312112,0.004742504661323643
3.8361139093888625,-0.9937326365899029,6.657387461465489,1.0,3.316230769230769,379.0,-0.00020423906179267703,0.004742504661322755
3.8359096703270694,-0.9936522314264504,6.662129966126812,1.0,3.316,380.0,-0.00020423906179312112,0.004742504661322755
3.8357203998747034,-0.9939037864085777,6.665323084508648,1.0,3.315785714285714,381.0,-0.00018927045236605267,0.003193118381836335
3.835531129422337,-0.9941553413907049,6.668516202890484,1.0,3.3155714285714284,382.0,-0.00018927045236649676,0.003193118381836335
3.8353418589699704,-0.9944068963728322,6.671709321272321,1.0,3.3153571428571427,383.0,-0.00018927045236649676,0.003193118381836335
3.8351525885176043,-0.9946584513549594,6.674902439654157,1.0,3.315142857142857,384.0,-0.00018927045236605267,0.003193118381836335
3.8349633180652383,-0.9949100063370867,6.678095558035993,1.0,3.3149285714285712,385.0,-0.00018927045236605267,0.003193118381836335
3.8347740476128718,-0.995161561319214,6.68128867641783,1.0,3.3147142857142855,386.0,-0.00018927045236649676,0.003193118381836335
3.8345847771605053,-0.9954131163013412,6.684481794799666,1.0,3.3145,387.0,-0.00018927045236649676,0.003193118381836335
3.8343955067081392,-0.9956646712834685,6.687674913181501,1.0,3.3142857142857145,388.0,-0.00018927045236605267,0.003193118381835447
3.834206236255773,-0.9959162262655957,6.690868031563338,1.0,3.314071428571429,389.0,-0.00018927045236605267,0.003193118381836335
3.8340169658034067,-0.996167781247723,6.694061149945174,1.0,3.313857142857143,390.0,-0.00018927045236649676,0.003193118381836335
3.83382769535104,-0.9964193362298502,6.69725426832701,1.0,3.3136428571428573,391.0,-0.00018927045236649676,0.003193118381836335
3.833638424898674,-0.9966708912119775,6.700447386708847,1.0,3.3134285714285716,392.0,-0.00018927045236605267,0.003193118381836335
3.833449154446308,-0.9969224461941047,6.703640505090683,1.0,3.313214285714286,393.0,-0.00018927045236605267,0.003193118381836335
3.8332598839939416,-0.997174001176232,6.706833623472519,1.0,3.313,394.0,-0.00018927045236649676,0.003193118381836335
3.833057930714841,-0.9970720736623242,6.711619876724696,1.0,3.312769230769231,395.0,-0.00020195327910066396,0.004786253252176742
3.8328559774357402,-0.9969701461484165,6.716406129976872,1.0,3.3125384615384617,396.0,-0.00020195327910066396,0.004786253252175854
3.8326540241566396,-0.9968682186345087,6.721192383229049,1.0,3.3123076923076926,397.0,-0.00020195327910066396,0.004786253252176742
3.8324520708775385,-0.996766291120601,6.725978636481225,1.0,3.312076923076923,398.0,-0.00020195327910110805,0.004786253252175854
3.832250117598438,-0.9966643636066932,6.730764889733401,1.0,3.311846153846154,399.0,-0.00020195327910066396,0.004786253252176742
3.832048164319337,-0.9965624360927855,6.735551142985578,1.0,3.3116153846153846,400.0,-0.00020195327910066396,0.004786253252176742
3.8318462110402365,-0.9964605085788777,6.740337396237754,1.0,3.3113846153846156,401.0,-0.00020195327910066396,0.004786253252175854
3.831644257761136,-0.99635858106497,6.745123649489931,1.0,3.311153846153846,402.0,-0.00020195327910066396,0.004786253252176742
3.831442304482035,-0.9962566535510622,6.7499099027421074,1.0,3.310923076923077,403.0,-0.00020195327910066396,0.004786253252176742
3.831240351202934,-0.9961547260371545,6.754696155994283,1.0,3.3106923076923076,404.0,-0.00020195327910110805,0.004786253252175854
3.8310383979238334,-0.9960527985232467,6.75948240924646,1.0,3.3104615384615386,405.0,-0.00020195327910066396,0.004786253252176742
3.8308364446447327,-0.995950871009339,6.764268662498636,1.0,3.310230769230769,406.0,-0.00020195327910066396,0.004786253252175854
3.830634491365632,-0.9958489434954312,6.769054915750813,1.0,3.31,407.0,-0.00020195327910066396,0.004786253252176742
3.8304234911777013,-0.9957158293720174,6.771992453392956,1.0,3.3096923076923077,408.0,-0.00021100018793074327,0.0029375376421434396
3.830212490989771,-0.9955827152486036,6.774929991035099,1.0,3.3093846153846154,409.0,-0.00021100018793029918,0.0029375376421425514
3.8300014908018403,-0.9954496011251899,6.777867528677242,1.0,3.309076923076923,410.0,-0.00021100018793074327,0.0029375376421434396
3.82979049061391,-0.995316487001776,6.780805066319385,1.0,3.3087692307692307,411.0,-0.00021100018793029918,0.0029375376421425514
3.8295794904259792,-0.9951833728783622,6.783742603961528,1.0,3.3084615384615383,412.0,-0.00021100018793074327,0.0029375376421434396
3.829368490238049,-0.9950502587549485,6.7866801416036715,1.0,3.308153846153846,413.0,-0.00021100018793029918,0.0029375376421434396
3.829157490050118,-0.9949171446315347,6.789617679245814,1.0,3.307846153846154,414.0,-0.00021100018793074327,0.0029375376421425514
3.828946489862188,-0.9947840305081209,6.7925552168879575,1.0,3.3075384615384618,415.0,-0.00021100018793029918,0.0029375376421434396
3.828735489674257,-0.9946509163847072,6.795492754530101,1.0,3.3072307692307694,416.0,-0.00021100018793074327,0.0029375376421434396
3.828524489486327,-0.9945178022612933,6.7984302921722435,1.0,3.306923076923077,417.0,-0.00021100018793029918,0.0029375376421425514
3.828313489298396,-0.9943846881378795,6.801367829814387,1.0,3.3066153846153847,418.0,-0.00021100018793074327,0.0029375376421434396
3.828102489110466,-0.9942515740144657,6.8043053674565295,1.0,3.3063076923076924,419.0,-0.00021100018793029918,0.0029375376421425514
3.827891488922535,-0.994118459891052,6.807242905098673,1.0,3.306,420.0,-0.00021100018793074327,0.0029375376421434396
3.8276855122315783,-0.9941152977463347,6.811224584317097,1.0,3.305769230769231,421.0,-0.0002059766909567884,0.003981679218424183
3.827479535540622,-0.9941121356016174,6.815206263535521,1.0,3.3055384615384615,422.0,-0.0002059766909563443,0.003981679218424183
3.827273558849665,-0.9941089734569001,6.8191879427539455,1.0,3.3053076923076925,423.0,-0.0002059766909567884,0.003981679218424183
3.827067582158709,-0.9941058113121828,6.8231696219723705,1.0,3.305076923076923,424.0,-0.0002059766909563443,0.0039816792184250716
3.826861605467752,-0.9941026491674655,6.827151301190795,1.0,3.304846153846154,425.0,-0.0002059766909567884,0.003981679218424183
3.826655628776795,-0.9940994870227482,6.831132980409219,1.0,3.3046153846153845,426.0,-0.0002059766909567884,0.003981679218424183
3.826449652085839,-0.994096324878031,6.835114659627643,1.0,3.3043846153846155,427.0,-0.0002059766909563443,0.003981679218424183
3.826243675394882,-0.9940931627333137,6.839096338846067,1.0,3.304153846153846,428.0,-0.0002059766909567884,0.003981679218424183
3.8260376987039253,-0.9940900005885964,6.8430780180644915,1.0,3.303923076923077,429.0,-0.0002059766909567884,0.003981679218424183
3.825831722012969,-0.9940868384438791,6.8470596972829165,1.0,3.3036923076923075,430.0,-0.0002059766909563443,0.0039816792184250716
3.825625745322012,-0.9940836762991618,6.851041376501341,1.0,3.3034615384615384,431.0,-0.0002059766909567884,0.003981679218424183
3.825419768631056,-0.9940805141544445,6.855023055719765,1.0,3.303230769230769,432.0,-0.0002059766909563443,0.003981679218424183
3.825213791940099,-0.9940773520097272,6.859004734938189,1.0,3.303,433.0,-0.0002059766909567884,0.003981679218424183
3.8250386903957985,-0.9941381399914637,6.863638215731516,1.0,3.302785714285714,434.0,-0.0001751015443005599,0.004633480793327038
3.824863588851498,-0.9941989279732002,6.868271696524843,1.0,3.3025714285714285,435.0,-0.0001751015443005599,0.004633480793327038
3.8246884873071973,-0.9942597159549367,6.87290517731817,1.0,3.3023571428571428,436.0,-0.0001751015443005599,0.004633480793327038
3.824513385762897,-0.9943205039366732,6.877538658111498,1.0,3.302142857142857,437.0,-0.0001751015443005599,0.0046334807933279265
3.8243382842185962,-0.9943812919184096,6.882172138904825,1.0,3.3019285714285713,438.0,-0.0001751015443005599,0.004633480793327038
3.8241631826742957,-0.9944420799001461,6.886805619698152,1.0,3.3017142857142856,439.0,-0.0001751015443005599,0.004633480793327038
3.823988081129995,-0.9945028678818826,6.891439100491479,1.0,3.3015,440.0,-0.0001751015443005599,0.004633480793327038
3.8238129795856945,-0.9945636558636192,6.896072581284806,1.0,3.301285714285714,441.0,-0.0001751015443005599,0.004633480793327038
3.823637878041394,-0.9946244438453556,6.900706062078133,1.0,3.3010714285714284,442.0,-0.0001751015443005599,0.004633480793327038
3.8234627764970934,-0.9946852318270921,6.90533954287146,1.0,3.3008571428571427,443.0,-0.0001751015443005599,0.004633480793327038
3.823287674952793,-0.9947460198088286,6.909973023664788,1.0,3.300642857142857,444.0,-0.0001751015443005599,0.0046334807933279265
3.8231125734084923,-0.9948068077905651,6.914606504458115,1.0,3.3004285714285713,445.0,-0.0001751015443005599,0.004633480793327038
3.8229374718641917,-0.9948675957723015,6.919239985251442,1.0,3.3002142857142855,446.0,-0.0001751015443005599,0.004633480793327038
3.822762370319891,-0.994928383754038,6.923873466044769,1.0,3.3,447.0,-0.0001751015443005599,0.004633480793327038
3.822563002556019,-0.9949761877182022,6.927687116554029,1.0,3.299769230769231,448.0,-0.00019936776387208255,0.0038136505092598583
3.822363634792147,-0.9950239916823663,6.931500767063289,1.0,3.2995384615384613,449.0,-0.00019936776387208255,0.0038136505092598583
3.822164267028275,-0.9950717956465304,6.935314417572548,1.0,3.2993076923076923,450.0,-0.00019936776387208255,0.00381365050925897
3.821964899264403,-0.9951195996106945,6.939128068081808,1.0,3.299076923076923,451.0,-0.00019936776387208255,0.0038136505092598583
3.8217655315005308,-0.9951674035748587,6.942941718591068,1.0,3.2988461538461538,452.0,-0.00019936776387208255,0.0038136505092598583
3.8215661637366587,-0.9952152075390228,6.946755369100328,1.0,3.2986153846153847,453.0,-0.00019936776387208255,0.0038136505092598583
3.8213667959727866,-0.9952630115031869,6.950569019609587,1.0,3.2983846153846152,454.0,-0.00019936776387208255,0.00381365050925897
3.8211674282089145,-0.995310815467351,6.9543826701188465,1.0,3.298153846153846,455.0,-0.00019936776387208255,0.0038136505092598583
3.8209680604450424,-0.9953586194315152,6.958196320628106,1.0,3.297923076923077,456.0,-0.00019936776387208255,0.0038136505092598583
3.8207686926811704,-0.9954064233956793,6.962009971137366,1.0,3.2976923076923077,457.0,-0.00019936776387208255,0.0038136505092598583
3.8205693249172983,-0.9954542273598433,6.965823621646625,1.0,3.2974615384615387,458.0,-0.00019936776387208255,0.00381365050925897
3.820369957153426,-0.9955020313240075,6.969637272155885,1.0,3.297230769230769,459.0,-0.00019936776387208255,0.0038136505092598583
3.820170589389554,-0.9955498352881716,6.973450922665145,1.0,3.297,460.0,-0.00019936776387208255,0.0038136505092598583
3.8199683033158114,-0.9955336441303715,6.977887024819401,1.0,3.296769230769231,461.0,-0.0002022860737427301,0.004436102154255828
3.8197660172420687,-0.9955174529725713,6.9823231269736565,1.0,3.2965384615384616,462.0,-0.0002022860737427301,0.004436102154255828
3.819563731168326,-0.9955012618147712,6.986759229127912,1.0,3.2963076923076926,463.0,-0.0002022860737427301,0.004436102154255828
3.8193614450945828,-0.995485070656971,6.991195331282168,1.0,3.296076923076923,464.0,-0.0002022860737431742,0.004436102154255828
3.81915915902084,-0.9954688794991708,6.995631433436424,1.0,3.295846153846154,465.0,-0.0002022860737427301,0.004436102154255828
3.8189568729470973,-0.9954526883413707,7.00006753559068,1.0,3.2956153846153846,466.0,-0.0002022860737427301,0.004436102154255828
3.8187545868733546,-0.9954364971835704,7.004503637744937,1.0,3.2953846153846156,467.0,-0.0002022860737427301,0.004436102154256716
3.818552300799612,-0.9954203060257703,7.008939739899192,1.0,3.295153846153846,468.0,-0.0002022860737427301,0.004436102154255828
3.818350014725869,-0.9954041148679701,7.013375842053448,1.0,3.294923076923077,469.0,-0.0002022860737427301,0.004436102154255828
3.818147728652126,-0.9953879237101699,7.017811944207704,1.0,3.2946923076923076,470.0,-0.0002022860737431742,0.004436102154255828
3.817945442578383,-0.9953717325523698,7.02224804636196,1.0,3.2944615384615386,471.0,-0.0002022860737427301,0.004436102154255828
3.8177431565046405,-0.9953555413945696,7.026684148516216,1.0,3.294230769230769,472.0,-0.0002022860737427301,0.004436102154255828
3.8175408704308977,-0.9953393502367694,7.0311202506704715,1.0,3.294,473.0,-0.0002022860737427301,0.004436102154255828
3.8173493922429187,-0.9953359707473126,7.034257955926554,1.0,3.2936923076923077,474.0,-0.00019147818797904392,0.00313770525608259
3.8171579140549396,-0.9953325912578557,7.037395661182637,1.0,3.2933846153846154,475.0,-0.00019147818797904392,0.00313770525608259
3.8169664358669606,-0.9953292117683988,7.040533366438719,1.0,3.293076923076923,476.0,-0.00019147818797904392,0.00313770525608259
3.816774957678982,-0.995325832278942,7.043671071694801,1.0,3.2927692307692307,477.0,-0.00019147818797859983,0.003137705256081702
3.816583479491003,-0.9953224527894851,7.046808776950884,1.0,3.2924615384615383,478.0,-0.00019147818797904392,0.00313770525608259
3.816392001303024,-0.9953190733000282,7.049946482206966,1.0,3.292153846153846,479.0,-0.00019147818797904392,0.00313770525608259
3.816200523115045,-0.9953156938105714,7.053084187463049,1.0,3.291846153846154,480.0,-0.00019147818797904392,0.00313770525608259
3.816009044927066,-0.9953123143211146,7.056221892719131,1.0,3.2915384615384617,481.0,-0.00019147818797904392,0.00313770525608259
3.815817566739087,-0.9953089348316576,7.059359597975214,1.0,3.2912307692307694,482.0,-0.00019147818797904392,0.00313770525608259
3.815626088551108,-0.9953055553422008,7.062497303231296,1.0,3.290923076923077,483.0,-0.00019147818797859983,0.003137705256081702
3.815434610363129,-0.9953021758527439,7.065635008487378,1.0,3.2906153846153847,484.0,-0.00019147818797904392,0.00313770525608259
3.81524313217515,-0.995298796363287,7.068772713743461,1.0,3.2903076923076924,485.0,-0.00019147818797904392,0.00313770525608259
3.815051653987171,-0.9952954168738302,7.071910418999543,1.0,3.29,486.0,-0.00019147818797904392,0.00313770525608259
3.8148601176276897,-0.9953649416484901,7.0751769105734805,1.0,3.289857142857143,487.0,-0.00019153635948132575,0.0032664915739371025
3.8146685812682084,-0.99543446642315,7.0784434021474185,1.0,3.2897142857142856,488.0,-0.00019153635948132575,0.0032664915739379907
3.814477044908727,-0.9955039911978101,7.081709893721356,1.0,3.2895714285714286,489.0,-0.00019153635948132575,0.0032664915739371025
3.8142855085492458,-0.99557351597247,7.084976385295293,1.0,3.2894285714285716,490.0,-0.00019153635948132575,0.0032664915739371025
3.8140939721897644,-0.99564304074713,7.088242876869231,1.0,3.289285714285714,491.0,-0.00019153635948132575,0.0032664915739379907
3.813902435830283,-0.9957125655217899,7.091509368443168,1.0,3.289142857142857,492.0,-0.00019153635948132575,0.0032664915739371025
3.8137108994708018,-0.9957820902964498,7.094775860017105,1.0,3.289,493.0,-0.00019153635948132575,0.0032664915739371025
3.813519363111321,-0.9958516150711099,7.098042351591043,1.0,3.2888571428571427,494.0,-0.00019153635948088166,0.0032664915739379907
3.8133278267518396,-0.9959211398457698,7.10130884316498,1.0,3.2887142857142857,495.0,-0.00019153635948132575,0.0032664915739371025
3.8131362903923582,-0.9959906646204297,7.104575334738918,1.0,3.2885714285714283,496.0,-0.00019153635948132575,0.0032664915739379907
3.812944754032877,-0.9960601893950897,7.107841826312855,1.0,3.2884285714285713,497.0,-0.00019153635948132575,0.0032664915739371025
3.8127532176733956,-0.9961297141697497,7.111108317886792,1.0,3.2882857142857143,498.0,-0.00019153635948132575,0.0032664915739371025
3.8125616813139143,-0.9961992389444096,7.11437480946073,1.0,3.288142857142857,499.0,-0.00019153635948132575,0.0032664915739379907
3.812370144954433,-0.9962687637190696,7.117641301034667,1.0,3.288,500.0,-0.00019153635948132575,0.0032664915739371025
3.812179552284783,-0.996264032725428,7.12164219256052,1.0,3.2877692307692308,501.0,-0.00019059266965015809,0.004000891525852701
3.8119889596151326,-0.9962593017317862,7.125643084086373,1.0,3.2875384615384613,502.0,-0.00019059266965015809,0.004000891525852701
3.8117983669454825,-0.9962545707381446,7.1296439756122245,1.0,3.2873076923076923,503.0,-0.00019059266965015809,0.004000891525851813
3.8116077742758327,-0.9962498397445029,7.133644867138077,1.0,3.287076923076923,504.0,-0.000190592669649714,0.004000891525852701
3.8114171816061826,-0.9962451087508613,7.13764575866393,1.0,3.2868461538461538,505.0,-0.00019059266965015809,0.004000891525852701
3.8112265889365324,-0.9962403777572195,7.141646650189783,1.0,3.2866153846153847,506.0,-0.00019059266965015809,0.004000891525852701
3.8110359962668823,-0.9962356467635779,7.145647541715634,1.0,3.2863846153846152,507.0,-0.00019059266965015809,0.004000891525851813
3.810845403597232,-0.9962309157699362,7.149648433241487,1.0,3.286153846153846,508.0,-0.00019059266965015809,0.004000891525852701
3.810654810927582,-0.9962261847762945,7.15364932476734,1.0,3.285923076923077,509.0,-0.00019059266965015809,0.004000891525852701
3.8104642182579322,-0.9962214537826528,7.1576502162931925,1.0,3.2856923076923077,510.0,-0.000190592669649714,0.004000891525852701
3.810273625588282,-0.9962167227890112,7.161651107819044,1.0,3.2854615384615387,511.0,-0.00019059266965015809,0.004000891525851813
3.810083032918632,-0.9962119917953695,7.165651999344897,1.0,3.285230769230769,512.0,-0.00019059266965015809,0.004000891525852701
3.8098924402489818,-0.9962072608017278,7.16965289087075,1.0,3.285,513.0,-0.00019059266965015809,0.004000891525852701
3.8096929097648147,-0.9962117996230551,7.173292330937005,1.0,3.284769230769231,514.0,-0.00019953048416709862,0.003639440066255162
3.8094933792806476,-0.9962163384443823,7.176931771003259,1.0,3.2845384615384616,515.0,-0.00019953048416709862,0.0036394400662542736
3.80929384879648,-0.9962208772657095,7.180571211069514,1.0,3.2843076923076926,516.0,-0.0001995304841675427,0.003639440066255162
3.809094318312313,-0.9962254160870367,7.1842106511357695,1.0,3.284076923076923,517.0,-0.00019953048416709862,0.003639440066255162
3.808894787828146,-0.996229954908364,7.187850091202024,1.0,3.283846153846154,518.0,-0.00019953048416709862,0.0036394400662542736
3.8086952573439787,-0.9962344937296912,7.191489531268279,1.0,3.2836153846153846,519.0,-0.00019953048416709862,0.003639440066255162
3.808495726859811,-0.9962390325510184,7.195128971334534,1.0,3.2833846153846156,520.0,-0.0001995304841675427,0.003639440066255162
3.808296196375644,-0.9962435713723456,7.198768411400789,1.0,3.283153846153846,521.0,-0.00019953048416709862,0.003639440066255162
3.808096665891477,-0.9962481101936729,7.2024078514670435,1.0,3.282923076923077,522.0,-0.00019953048416709862,0.0036394400662542736
3.80789713540731,-0.9962526490150001,7.206047291533299,1.0,3.2826923076923076,523.0,-0.00019953048416709862,0.003639440066255162
3.8076976049231424,-0.9962571878363273,7.209686731599554,1.0,3.2824615384615385,524.0,-0.0001995304841675427,0.003639440066255162
3.8074980744389753,-0.9962617266576546,7.213326171665808,1.0,3.282230769230769,525.0,-0.00019953048416709862,0.0036394400662542736
3.807298543954808,-0.9962662654789818,7.216965611732063,1.0,3.282,526.0,-0.00019953048416709862,0.003639440066255162
3.8070876366189657,-0.9962344614392841,7.220693772067769,1.0,3.281769230769231,527.0,-0.00021090733584250287,0.003728160335705333
3.806876729283123,-0.9962026573995864,7.224421932403475,1.0,3.2815384615384615,528.0,-0.00021090733584250287,0.003728160335706221
3.80666582194728,-0.9961708533598886,7.22815009273918,1.0,3.2813076923076925,529.0,-0.00021090733584294696,0.003728160335705333
3.8064549146114377,-0.9961390493201909,7.231878253074886,1.0,3.281076923076923,530.0,-0.00021090733584250287,0.003728160335706221
3.806244007275595,-0.9961072452804932,7.235606413410592,1.0,3.280846153846154,531.0,-0.00021090733584250287,0.003728160335705333
3.8060330999397527,-0.9960754412407955,7.239334573746298,1.0,3.2806153846153845,532.0,-0.00021090733584250287,0.003728160335706221
3.8058221926039097,-0.9960436372010977,7.243062734082003,1.0,3.2803846153846155,533.0,-0.00021090733584294696,0.003728160335705333
3.8056112852680672,-0.9960118331614,7.2467908944177095,1.0,3.280153846153846,534.0,-0.00021090733584250287,0.003728160335706221
3.8054003779322247,-0.9959800291217022,7.250519054753415,1.0,3.279923076923077,535.0,-0.00021090733584250287,0.003728160335705333
3.8051894705963822,-0.9959482250820045,7.254247215089121,1.0,3.2796923076923075,536.0,-0.00021090733584250287,0.003728160335706221
3.8049785632605393,-0.9959164210423068,7.257975375424826,1.0,3.2794615384615384,537.0,-0.00021090733584294696,0.003728160335705333
3.804767655924697,-0.9958846170026091,7.261703535760533,1.0,3.279230769230769,538.0,-0.00021090733584250287,0.003728160335706221
3.8045567485888543,-0.9958528129629114,7.265431696096238,1.0,3.279,539.0,-0.00021090733584250287,0.003728160335705333
3.804369041815231,-0.9958635087589106,7.269325757609517,1.0,3.278769230769231,540.0,-0.00018770677362311972,0.003894061513278757
3.804181335041608,-0.9958742045549098,7.2732198191227955,1.0,3.2785384615384614,541.0,-0.00018770677362311972,0.003894061513278757
3.803993628267985,-0.995884900350909,7.277113880636074,1.0,3.2783076923076924,542.0,-0.00018770677362311972,0.003894061513278757
3.803805921494362,-0.9958955961469084,7.281007942149354,1.0,3.278076923076923,543.0,-0.00018770677362311972,0.0038940615132796452
3.8036182147207387,-0.9959062919429076,7.284902003662633,1.0,3.277846153846154,544.0,-0.00018770677362311972,0.003894061513278757
3.8034305079471156,-0.9959169877389068,7.288796065175911,1.0,3.2776153846153844,545.0,-0.00018770677362311972,0.003894061513278757
3.8032428011734924,-0.995927683534906,7.29269012668919,1.0,3.2773846153846153,546.0,-0.00018770677362311972,0.003894061513278757
3.8030550943998693,-0.9959383793309052,7.296584188202469,1.0,3.277153846153846,547.0,-0.00018770677362311972,0.003894061513278757
3.802867387626246,-0.9959490751269044,7.300478249715748,1.0,3.276923076923077,548.0,-0.00018770677362311972,0.003894061513278757
3.802679680852623,-0.9959597709229038,7.304372311229027,1.0,3.2766923076923073,549.0,-0.00018770677362311972,0.0038940615132796452
3.802491974079,-0.995970466718903,7.308266372742306,1.0,3.2764615384615383,550.0,-0.00018770677362311972,0.003894061513278757
3.802304267305377,-0.9959811625149022,7.312160434255585,1.0,3.276230769230769,551.0,-0.00018770677362311972,0.003894061513278757
3.8021165605317537,-0.9959918583109014,7.316054495768864,1.0,3.276,552.0,-0.00018770677362311972,0.003894061513278757
3.8019051781056983,-0.9960535721146334,7.3187071853565095,1.0,3.2757142857142854,553.0,-0.00021138242605545088,0.0026526895876459733
3.801693795679643,-0.9961152859183654,7.321359874944156,1.0,3.2754285714285714,554.0,-0.00021138242605545088,0.0026526895876468615
3.8014824132535874,-0.9961769997220975,7.324012564531802,1.0,3.275142857142857,555.0,-0.00021138242605545088,0.0026526895876459733
3.8012710308275324,-0.9962387135258295,7.326665254119448,1.0,3.2748571428571425,556.0,-0.0002113824260550068,0.0026526895876459733
3.801059648401477,-0.9963004273295615,7.329317943707094,1.0,3.2745714285714285,557.0,-0.00021138242605545088,0.0026526895876459733
3.8008482659754215,-0.9963621411332935,7.331970633294741,1.0,3.274285714285714,558.0,-0.00021138242605545088,0.0026526895876468615
3.800636883549366,-0.9964238549370255,7.334623322882387,1.0,3.274,559.0,-0.00021138242605545088,0.0026526895876459733
3.8004255011233106,-0.9964855687407576,7.337276012470033,1.0,3.2737142857142856,560.0,-0.00021138242605545088,0.0026526895876459733
3.800214118697255,-0.9965472825444895,7.33992870205768,1.0,3.273428571428571,561.0,-0.00021138242605545088,0.0026526895876468615
3.8000027362711997,-0.9966089963482215,7.342581391645326,1.0,3.273142857142857,562.0,-0.00021138242605545088,0.0026526895876459733
3.7997913538451447,-0.9966707101519535,7.345234081232972,1.0,3.2728571428571427,563.0,-0.0002113824260550068,0.0026526895876459733
3.799579971419089,-0.9967324239556856,7.347886770820618,1.0,3.2725714285714282,564.0,-0.00021138242605545088,0.0026526895876459733
3.7993685889930338,-0.9967941377594176,7.350539460408265,1.0,3.2722857142857142,565.0,-0.00021138242605545088,0.0026526895876468615
3.7991572065669783,-0.9968558515631496,7.353192149995911,1.0,3.272,566.0,-0.00021138242605545088,0.0026526895876459733
3.7989554934359493,-0.996619115747792,7.356190963166115,1.0,3.2717692307692308,567.0,-0.00020171313102901323,0.0029988131702038956
3.79875378030492,-0.9963823799324345,7.359189776336319,1.0,3.2715384615384613,568.0,-0.00020171313102945732,0.0029988131702047838
3.798552067173891,-0.9961456441170768,7.362188589506523,1.0,3.2713076923076922,569.0,-0.00020171313102901323,0.0029988131702038956
3.798350354042862,-0.9959089083017193,7.365187402676727,1.0,3.2710769230769228,570.0,-0.00020171313102901323,0.0029988131702038956
3.7981486409118324,-0.9956721724863618,7.368186215846932,1.0,3.2708461538461537,571.0,-0.00020171313102945732,0.0029988131702047838
3.7979469277808033,-0.9954354366710042,7.371185029017136,1.0,3.2706153846153847,572.0,-0.00020171313102901323,0.0029988131702038956
3.7977452146497743,-0.9951987008556465,7.37418384218734,1.0,3.2703846153846152,573.0,-0.00020171313102901323,0.0029988131702038956
3.7975435015187453,-0.994961965040289,7.377182655357544,1.0,3.270153846153846,574.0,-0.00020171313102901323,0.0029988131702038956
3.797341788387716,-0.9947252292249315,7.3801814685277485,1.0,3.269923076923077,575.0,-0.00020171313102945732,0.0029988131702047838
3.797140075256687,-0.9944884934095739,7.383180281697952,1.0,3.2696923076923077,576.0,-0.00020171313102901323,0.0029988131702038956
3.796938362125658,-0.9942517575942162,7.386179094868156,1.0,3.2694615384615386,577.0,-0.00020171313102901323,0.0029988131702038956
3.7967366489946284,-0.9940150217788587,7.389177908038361,1.0,3.269230769230769,578.0,-0.00020171313102945732,0.0029988131702047838
3.7965349358635994,-0.9937782859635012,7.392176721208565,1.0,3.269,579.0,-0.00020171313102901323,0.0029988131702038956
3.796322067729894,-0.99394249566995,7.395107366193403,1.0,3.268615384615385,580.0,-0.00021286813370524627,0.0029306449848380822
3.7961091995961884,-0.9941067053763988,7.39803801117824,1.0,3.2682307692307693,581.0,-0.00021286813370569035,0.002930644984837194
3.795896331462483,-0.9942709150828476,7.400968656163078,1.0,3.267846153846154,582.0,-0.00021286813370524627,0.0029306449848380822
3.7956834633287775,-0.9944351247892965,7.4038993011479155,1.0,3.2674615384615384,583.0,-0.00021286813370569035,0.002930644984837194
3.7954705951950722,-0.9945993344957453,7.406829946132754,1.0,3.267076923076923,584.0,-0.00021286813370524627,0.0029306449848380822
3.795257727061367,-0.9947635442021941,7.409760591117592,1.0,3.2666923076923076,585.0,-0.00021286813370524627,0.0029306449848380822
3.7950448589276613,-0.994927753908643,7.412691236102429,1.0,3.2663076923076924,586.0,-0.00021286813370569035,0.002930644984837194
3.794831990793956,-0.9950919636150918,7.415621881087267,1.0,3.2659230769230767,587.0,-0.00021286813370524627,0.0029306449848380822
3.794619122660251,-0.9952561733215406,7.418552526072105,1.0,3.2655384615384615,588.0,-0.00021286813370524627,0.0029306449848380822
3.794406254526545,-0.9954203830279895,7.421483171056942,1.0,3.265153846153846,589.0,-0.00021286813370569035,0.002930644984837194
3.79419338639284,-0.9955845927344383,7.42441381604178,1.0,3.2647692307692306,590.0,-0.00021286813370524627,0.0029306449848380822
3.793980518259134,-0.9957488024408871,7.4273444610266175,1.0,3.264384615384615,591.0,-0.00021286813370569035,0.002930644984837194
3.793767650125429,-0.995913012147336,7.430275106011456,1.0,3.264,592.0,-0.00021286813370524627,0.0029306449848380822
3.7935384763418183,-0.9958578467153766,7.434993135410745,1.0,3.2637692307692308,593.0,-0.00022917378361064777,0.004718029399289669
3.7933093025582076,-0.9958026812834172,7.439711164810034,1.0,3.2635384615384613,594.0,-0.00022917378361064777,0.004718029399288781
3.793080128774597,-0.9957475158514578,7.444429194209324,1.0,3.2633076923076922,595.0,-0.00022917378361064777,0.004718029399289669
3.792850954990986,-0.9956923504194984,7.4491472236086125,1.0,3.2630769230769228,596.0,-0.00022917378361109186,0.004718029399288781
3.7926217812073753,-0.9956371849875391,7.453865253007902,1.0,3.2628461538461537,597.0,-0.00022917378361064777,0.004718029399289669
3.7923926074237646,-0.9955820195555797,7.458583282407192,1.0,3.2626153846153847,598.0,-0.00022917378361064777,0.004718029399289669
3.792163433640154,-0.9955268541236203,7.463301311806481,1.0,3.262384615384615,599.0,-0.00022917378361064777,0.004718029399288781
3.7919342598565433,-0.9954716886916609,7.46801934120577,1.0,3.262153846153846,600.0,-0.00022917378361064777,0.004718029399289669
3.7917050860729327,-0.9954165232597015,7.47273737060506,1.0,3.261923076923077,601.0,-0.00022917378361064777,0.004718029399289669
3.7914759122893216,-0.9953613578277422,7.477455400004349,1.0,3.2616923076923077,602.0,-0.00022917378361109186,0.004718029399288781
3.791246738505711,-0.9953061923957828,7.482173429403638,1.0,3.2614615384615386,603.0,-0.00022917378361064777,0.004718029399289669
3.7910175647221003,-0.9952510269638234,7.486891458802927,1.0,3.261230769230769,604.0,-0.00022917378361064777,0.004718029399288781
3.7907883909384896,-0.995195861531864,7.491609488202217,1.0,3.261,605.0,-0.00022917378361064777,0.004718029399289669
3.790576370553869,-0.9951739433686257,7.494284671301357,1.0,3.260615384615385,606.0,-0.00021202038462053707,0.002675183099140277
3.7903643501692486,-0.9951520252053875,7.496959854400497,1.0,3.2602307692307693,607.0,-0.00021202038462053707,0.002675183099140277
3.790152329784628,-0.9951301070421491,7.499635037499638,1.0,3.259846153846154,608.0,-0.00021202038462053707,0.002675183099140277
3.7899403094000075,-0.9951081888789108,7.502310220598778,1.0,3.2594615384615384,609.0,-0.00021202038462053707,0.002675183099140277
3.789728289015387,-0.9950862707156726,7.504985403697918,1.0,3.259076923076923,610.0,-0.00021202038462053707,0.002675183099140277
3.7895162686307664,-0.9950643525524343,7.5076605867970585,1.0,3.2586923076923076,611.0,-0.00021202038462053707,0.002675183099140277
3.7893042482461463,-0.9950424343891959,7.510335769896199,1.0,3.2583076923076923,612.0,-0.00021202038462009298,0.002675183099140277
3.7890922278615258,-0.9950205162259577,7.513010952995339,1.0,3.2579230769230767,613.0,-0.00021202038462053707,0.002675183099140277
3.7888802074769052,-0.9949985980627194,7.515686136094479,1.0,3.2575384615384615,614.0,-0.00021202038462053707,0.002675183099140277
3.7886681870922847,-0.9949766798994811,7.51836131919362,1.0,3.257153846153846,615.0,-0.00021202038462053707,0.002675183099140277
3.788456166707664,-0.9949547617362428,7.52103650229276,1.0,3.2567692307692306,616.0,-0.00021202038462053707,0.002675183099140277
3.7882441463230436,-0.9949328435730045,7.5237116853919,1.0,3.256384615384615,617.0,-0.00021202038462053707,0.002675183099140277
3.788032125938423,-0.9949109254097662,7.52638686849104,1.0,3.256,618.0,-0.00021202038462053707,0.002675183099140277
3.7878187178237956,-0.9948734311248637,7.5303755581135805,1.0,3.255642857142857,619.0,-0.0002134081146274447,0.003988689622540065
3.787605309709168,-0.9948359368399612,7.53436424773612,1.0,3.255285714285714,620.0,-0.0002134081146274447,0.003988689622539177
3.7873919015945408,-0.9947984425550587,7.53835293735866,1.0,3.254928571428571,621.0,-0.0002134081146274447,0.003988689622540065
3.7871784934799133,-0.9947609482701563,7.542341626981199,1.0,3.2545714285714284,622.0,-0.0002134081146274447,0.003988689622539177
3.786965085365286,-0.9947234539852537,7.546330316603739,1.0,3.2542142857142857,623.0,-0.0002134081146274447,0.003988689622540065
3.7867516772506584,-0.9946859597003512,7.550319006226278,1.0,3.2538571428571426,624.0,-0.0002134081146274447,0.003988689622539177
3.786538269136031,-0.9946484654154487,7.554307695848818,1.0,3.2535,625.0,-0.0002134081146274447,0.003988689622540065
3.786324861021403,-0.9946109711305462,7.558296385471358,1.0,3.253142857142857,626.0,-0.00021340811462788878,0.003988689622540065
3.7861114529067756,-0.9945734768456437,7.5622850750938975,1.0,3.252785714285714,627.0,-0.0002134081146274447,0.003988689622539177
3.785898044792148,-0.9945359825607412,7.5662737647164375,1.0,3.2524285714285712,628.0,-0.0002134081146274447,0.003988689622540065
3.7856846366775208,-0.9944984882758388,7.570262454338977,1.0,3.2520714285714285,629.0,-0.0002134081146274447,0.003988689622539177
3.7854712285628933,-0.9944609939909362,7.574251143961517,1.0,3.251714285714286,630.0,-0.0002134081146274447,0.003988689622540065
3.785257820448266,-0.9944234997060337,7.578239833584056,1.0,3.2513571428571426,631.0,-0.0002134081146274447,0.003988689622539177
3.7850444123336384,-0.9943860054211312,7.582228523206596,1.0,3.251,632.0,-0.0002134081146274447,0.003988689622540065
3.7848195877773363,-0.9944568298354584,7.584853873970894,1.0,3.2506923076923075,633.0,-0.00022482455630212783,0.002625350764297707
3.784594763221034,-0.9945276542497855,7.587479224735191,1.0,3.250384615384615,634.0,-0.00022482455630212783,0.002625350764297707
3.784369938664732,-0.9945984786641127,7.590104575499489,1.0,3.250076923076923,635.0,-0.00022482455630212783,0.002625350764297707
3.7841451141084295,-0.9946693030784397,7.592729926263787,1.0,3.2497692307692305,636.0,-0.00022482455630257192,0.002625350764297707
3.7839202895521273,-0.9947401274927669,7.5953552770280846,1.0,3.249461538461538,637.0,-0.00022482455630212783,0.002625350764297707
3.783695464995825,-0.994810951907094,7.597980627792382,1.0,3.249153846153846,638.0,-0.00022482455630212783,0.002625350764297707
3.783470640439523,-0.9948817763214212,7.60060597855668,1.0,3.248846153846154,639.0,-0.00022482455630212783,0.002625350764297707
3.783245815883221,-0.9949526007357483,7.603231329320978,1.0,3.2485384615384616,640.0,-0.00022482455630212783,0.002625350764297707
3.783020991326919,-0.9950234251500755,7.605856680085275,1.0,3.2482307692307693,641.0,-0.00022482455630212783,0.002625350764297707
3.7827961667706163,-0.9950942495644025,7.608482030849573,1.0,3.247923076923077,642.0,-0.00022482455630257192,0.002625350764297707
3.782571342214314,-0.9951650739787297,7.611107381613871,1.0,3.2476153846153846,643.0,-0.00022482455630212783,0.002625350764297707
3.782346517658012,-0.9952358983930568,7.6137327323781685,1.0,3.2473076923076922,644.0,-0.00022482455630212783,0.002625350764297707
3.78212169310171,-0.995306722807384,7.616358083142466,1.0,3.247,645.0,-0.00022482455630212783,0.002625350764297707
3.781900117528104,-0.9953005610366696,7.6201727587974,1.0,3.246769230769231,646.0,-0.0002215755736059144,0.0038146756549339855
3.781678541954498,-0.9952943992659553,7.623987434452334,1.0,3.2465384615384614,647.0,-0.0002215755736059144,0.0038146756549339855
3.781456966380892,-0.9952882374952411,7.627802110107268,1.0,3.2463076923076923,648.0,-0.0002215755736059144,0.0038146756549339855
3.781235390807286,-0.9952820757245268,7.631616785762202,1.0,3.246076923076923,649.0,-0.0002215755736059144,0.0038146756549339855
3.7810138152336803,-0.9952759139538124,7.635431461417136,1.0,3.245846153846154,650.0,-0.0002215755736059144,0.0038146756549339855
3.7807922396600744,-0.9952697521830981,7.63924613707207,1.0,3.245615384615385,651.0,-0.0002215755736059144,0.0038146756549339855
3.7805706640864685,-0.9952635904123839,7.643060812727003,1.0,3.2453846153846153,652.0,-0.0002215755736059144,0.0038146756549330973
3.7803490885128626,-0.9952574286416696,7.646875488381937,1.0,3.2451538461538463,653.0,-0.0002215755736059144,0.0038146756549339855
3.7801275129392566,-0.9952512668709552,7.650690164036871,1.0,3.2449230769230772,654.0,-0.0002215755736059144,0.0038146756549339855
3.7799059373656507,-0.9952451051002409,7.654504839691805,1.0,3.2446923076923078,655.0,-0.0002215755736059144,0.0038146756549339855
3.779684361792045,-0.9952389433295267,7.658319515346739,1.0,3.2444615384615387,656.0,-0.0002215755736059144,0.0038146756549339855
3.779462786218439,-0.9952327815588123,7.662134191001673,1.0,3.2442307692307693,657.0,-0.0002215755736059144,0.0038146756549339855
3.779241210644833,-0.995226619788098,7.665948866656607,1.0,3.244,658.0,-0.0002215755736059144,0.0038146756549339855
3.7790081814581127,-0.9952787217708828,7.6686157111243,1.0,3.243692307692308,659.0,-0.0002330291867203016,0.0026668444676927194
3.7787751522713924,-0.9953308237536677,7.671282555591992,1.0,3.2433846153846155,660.0,-0.0002330291867203016,0.0026668444676918313
3.7785421230846725,-0.9953829257364525,7.673949400059684,1.0,3.243076923076923,661.0,-0.0002330291867198575,0.0026668444676927194
3.778309093897952,-0.9954350277192373,7.676616244527376,1.0,3.242769230769231,662.0,-0.0002330291867203016,0.0026668444676918313
3.778076064711232,-0.9954871297020221,7.679283088995069,1.0,3.2424615384615385,663.0,-0.0002330291867203016,0.0026668444676927194
3.7778430355245116,-0.995539231684807,7.681949933462762,1.0,3.242153846153846,664.0,-0.0002330291867203016,0.0026668444676927194
3.7776100063377918,-0.9955913336675919,7.6846167779304535,1.0,3.2418461538461543,665.0,-0.0002330291867198575,0.0026668444676918313
3.7773769771510715,-0.9956434356503767,7.687283622398146,1.0,3.241538461538462,666.0,-0.0002330291867203016,0.0026668444676927194
3.777143947964351,-0.9956955376331615,7.689950466865839,1.0,3.2412307692307696,667.0,-0.0002330291867203016,0.0026668444676927194
3.776910918777631,-0.9957476396159464,7.692617311333531,1.0,3.2409230769230772,668.0,-0.0002330291867203016,0.0026668444676918313
3.776677889590911,-0.9957997415987312,7.6952841558012235,1.0,3.240615384615385,669.0,-0.0002330291867198575,0.0026668444676927194
3.7764448604041907,-0.995851843581516,7.697951000268915,1.0,3.2403076923076926,670.0,-0.0002330291867203016,0.0026668444676918313
3.7762118312174704,-0.9959039455643008,7.700617844736608,1.0,3.24,671.0,-0.0002330291867203016,0.0026668444676927194
3.7759986796688167,-0.9957613605628053,7.704166286150851,1.0,3.2397142857142858,672.0,-0.00021315154865364505,0.003548441414243264
3.775785528120163,-0.9956187755613097,7.707714727565095,1.0,3.2394285714285718,673.0,-0.00021315154865364505,0.003548441414243264
3.77557237657151,-0.9954761905598141,7.711263168979339,1.0,3.2391428571428573,674.0,-0.00021315154865320096,0.0035484414142441523
3.7753592250228563,-0.9953336055583185,7.714811610393582,1.0,3.238857142857143,675.0,-0.00021315154865364505,0.003548441414243264
3.7751460734742026,-0.995191020556823,7.718360051807825,1.0,3.238571428571429,676.0,-0.00021315154865364505,0.003548441414243264
3.774932921925549,-0.9950484355553274,7.7219084932220685,1.0,3.2382857142857144,677.0,-0.00021315154865364505,0.003548441414243264
3.7747197703768958,-0.9949058505538317,7.725456934636313,1.0,3.2380000000000004,678.0,-0.00021315154865320096,0.0035484414142441523
3.774506618828242,-0.9947632655523362,7.729005376050556,1.0,3.237714285714286,679.0,-0.00021315154865364505,0.003548441414243264
3.7742934672795885,-0.9946206805508406,7.732553817464799,1.0,3.2374285714285715,680.0,-0.00021315154865364505,0.003548441414243264
3.774080315730935,-0.9944780955493451,7.7361022588790425,1.0,3.2371428571428575,681.0,-0.00021315154865364505,0.003548441414243264
3.773867164182281,-0.9943355105478495,7.739650700293286,1.0,3.236857142857143,682.0,-0.00021315154865364505,0.003548441414243264
3.773654012633628,-0.9941929255463539,7.74319914170753,1.0,3.2365714285714287,683.0,-0.00021315154865320096,0.0035484414142441523
3.7734408610849743,-0.9940503405448583,7.746747583121773,1.0,3.2362857142857147,684.0,-0.00021315154865364505,0.003548441414243264
3.7732277095363207,-0.9939077555433627,7.750296024536016,1.0,3.236,685.0,-0.00021315154865364505,0.003548441414243264
3.7730111731706906,-0.994084442273488,7.7526882617482,1.0,3.235615384615385,686.0,-0.00021653636563012668,0.0023922372121836233
3.7727946368050604,-0.9942611290036133,7.755080498960384,1.0,3.2352307692307694,687.0,-0.00021653636563012668,0.0023922372121836233
3.7725781004394303,-0.9944378157337386,7.757472736172567,1.0,3.234846153846154,688.0,-0.00021653636563012668,0.0023922372121836233
3.7723615640737997,-0.9946145024638638,7.759864973384751,1.0,3.2344615384615385,689.0,-0.00021653636563057077,0.0023922372121836233
3.7721450277081696,-0.9947911891939891,7.7622572105969345,1.0,3.2340769230769233,690.0,-0.00021653636563012668,0.0023922372121836233
3.7719284913425395,-0.9949678759241144,7.764649447809118,1.0,3.2336923076923076,691.0,-0.00021653636563012668,0.0023922372121836233
3.7717119549769094,-0.9951445626542396,7.767041685021301,1.0,3.2333076923076924,692.0,-0.00021653636563012668,0.002392237212182735
3.7714954186112792,-0.9953212493843648,7.7694339222334845,1.0,3.232923076923077,693.0,-0.00021653636563012668,0.0023922372121836233
3.771278882245649,-0.9954979361144901,7.771826159445668,1.0,3.2325384615384616,694.0,-0.00021653636563012668,0.0023922372121836233
3.7710623458800185,-0.9956746228446154,7.774218396657852,1.0,3.232153846153846,695.0,-0.00021653636563057077,0.0023922372121836233
3.7708458095143884,-0.9958513095747407,7.776610633870035,1.0,3.2317692307692307,696.0,-0.00021653636563012668,0.0023922372121836233
3.7706292731487583,-0.9960279963048659,7.779002871082219,1.0,3.231384615384615,697.0,-0.00021653636563012668,0.0023922372121836233
3.770412736783128,-0.9962046830349912,7.781395108294403,1.0,3.231,698.0,-0.00021653636563012668,0.0023922372121836233
3.7701816567996382,-0.9961486176291836,7.784672426846323,1.0,3.2306153846153847,699.0,-0.00023107998348992353,0.003277318551920594
3.7699505768161483,-0.996092552223376,7.787949745398243,1.0,3.230230769230769,700.0,-0.00023107998348992353,0.0032773185519197057
3.7697194968326584,-0.9960364868175684,7.7912270639501635,1.0,3.229846153846154,701.0,-0.00023107998348992353,0.003277318551920594
3.7694884168491685,-0.9959804214117608,7.794504382502083,1.0,3.229461538461538,702.0,-0.00023107998348992353,0.0032773185519197057
3.7692573368656785,-0.9959243560059532,7.797781701054004,1.0,3.229076923076923,703.0,-0.00023107998348992353,0.003277318551920594
3.7690262568821886,-0.9958682906001456,7.8010590196059235,1.0,3.2286923076923078,704.0,-0.00023107998348992353,0.0032773185519197057
3.7687951768986987,-0.995812225194338,7.804336338157844,1.0,3.228307692307692,705.0,-0.00023107998348992353,0.003277318551920594
3.7685640969152088,-0.9957561597885304,7.807613656709764,1.0,3.227923076923077,706.0,-0.00023107998348992353,0.0032773185519197057
3.768333016931719,-0.9957000943827228,7.810890975261684,1.0,3.2275384615384617,707.0,-0.00023107998348992353,0.003277318551920594
3.768101936948229,-0.9956440289769152,7.814168293813604,1.0,3.227153846153846,708.0,-0.00023107998348992353,0.0032773185519197057
3.767870856964739,-0.9955879635711076,7.817445612365525,1.0,3.226769230769231,709.0,-0.00023107998348992353,0.003277318551920594
3.767639776981249,-0.9955318981653,7.820722930917444,1.0,3.226384615384615,710.0,-0.00023107998348992353,0.0032773185519197057
3.767408696997759,-0.9954758327594924,7.824000249469365,1.0,3.226,711.0,-0.00023107998348992353,0.003277318551920594
3.7671825363424567,-0.9954543212484007,7.826019520600356,1.0,3.2256923076923076,712.0,-0.00022616065530245422,0.002019271130991207
3.766956375687154,-0.995432809737309,7.828038791731347,1.0,3.2253846153846153,713.0,-0.0002261606553028983,0.002019271130991207
3.7667302150318513,-0.9954112982262173,7.830058062862339,1.0,3.225076923076923,714.0,-0.00022616065530245422,0.002019271130991207
3.7665040543765484,-0.9953897867151256,7.83207733399333,1.0,3.2247692307692306,715.0,-0.0002261606553028983,0.002019271130991207
3.766277893721246,-0.9953682752040339,7.834096605124321,1.0,3.2244615384615383,716.0,-0.00022616065530245422,0.002019271130991207
3.7660517330659435,-0.9953467636929423,7.836115876255312,1.0,3.224153846153846,717.0,-0.00022616065530245422,0.002019271130991207
3.7658255724106406,-0.9953252521818505,7.838135147386304,1.0,3.223846153846154,718.0,-0.0002261606553028983,0.002019271130992095
3.765599411755338,-0.9953037406707589,7.8401544185172956,1.0,3.2235384615384617,719.0,-0.00022616065530245422,0.002019271130991207
3.7653732511000357,-0.9952822291596672,7.842173689648287,1.0,3.2232307692307693,720.0,-0.00022616065530245422,0.002019271130991207
3.765147090444733,-0.9952607176485755,7.844192960779278,1.0,3.222923076923077,721.0,-0.0002261606553028983,0.002019271130991207
3.7649209297894304,-0.9952392061374838,7.846212231910269,1.0,3.2226153846153847,722.0,-0.00022616065530245422,0.002019271130991207
3.7646947691341275,-0.9952176946263921,7.84823150304126,1.0,3.2223076923076923,723.0,-0.0002261606553028983,0.002019271130991207
3.764468608478825,-0.9951961831153004,7.850250774172252,1.0,3.222,724.0,-0.00022616065530245422,0.002019271130991207
3.764255768171159,-0.9951420955545556,7.853221444356583,1.0,3.2216428571428573,725.0,-0.0002128403076659957,0.002970670184331503
3.764042927863493,-0.9950880079938107,7.856192114540914,1.0,3.221285714285714,726.0,-0.0002128403076659957,0.002970670184330615
3.763830087555827,-0.9950339204330658,7.859162784725245,1.0,3.2209285714285714,727.0,-0.0002128403076659957,0.002970670184331503
3.763617247248161,-0.9949798328723208,7.862133454909577,1.0,3.2205714285714286,728.0,-0.0002128403076659957,0.002970670184331503
3.763404406940495,-0.994925745311576,7.865104125093908,1.0,3.220214285714286,729.0,-0.0002128403076659957,0.002970670184331503
3.763191566632829,-0.9948716577508311,7.868074795278239,1.0,3.2198571428571428,730.0,-0.0002128403076659957,0.002970670184330615
3.762978726325163,-0.9948175701900862,7.87104546546257,1.0,3.2195,731.0,-0.0002128403076659957,0.002970670184331503
3.7627658860174975,-0.9947634826293413,7.874016135646902,1.0,3.2191428571428573,732.0,-0.00021284030766555162,0.002970670184331503
3.7625530457098315,-0.9947093950685965,7.8769868058312325,1.0,3.218785714285714,733.0,-0.0002128403076659957,0.002970670184330615
3.7623402054021655,-0.9946553075078516,7.879957476015564,1.0,3.2184285714285714,734.0,-0.0002128403076659957,0.002970670184331503
3.7621273650944995,-0.9946012199471066,7.8829281461998955,1.0,3.2180714285714287,735.0,-0.0002128403076659957,0.002970670184331503
3.7619145247868335,-0.9945471323863617,7.885898816384227,1.0,3.217714285714286,736.0,-0.0002128403076659957,0.002970670184331503
3.7617016844791675,-0.9944930448256168,7.888869486568558,1.0,3.217357142857143,737.0,-0.0002128403076659957,0.002970670184330615
3.7614888441715015,-0.994438957264872,7.891840156752889,1.0,3.217,738.0,-0.0002128403076659957,0.002970670184331503
3.7612699740920603,-0.9945034037195302,7.894901062460875,1.0,3.216615384615385,739.0,-0.0002188700794412135,0.0030609057079855617
3.761051104012619,-0.9945678501741885,7.897961968168859,1.0,3.2162307692307692,740.0,-0.0002188700794412135,0.0030609057079846735
3.760832233933178,-0.9946322966288467,7.901022873876845,1.0,3.215846153846154,741.0,-0.0002188700794412135,0.0030609057079855617
3.7606133638537362,-0.994696743083505,7.9040837795848295,1.0,3.2154615384615384,742.0,-0.0002188700794416576,0.0030609057079846735
3.760394493774295,-0.9947611895381632,7.907144685292815,1.0,3.215076923076923,743.0,-0.0002188700794412135,0.0030609057079855617
3.760175623694854,-0.9948256359928215,7.910205591000801,1.0,3.214692307692308,744.0,-0.0002188700794412135,0.0030609057079855617
3.7599567536154126,-0.9948900824474797,7.913266496708785,1.0,3.2143076923076923,745.0,-0.0002188700794412135,0.0030609057079846735
3.7597378835359714,-0.994954528902138,7.916327402416771,1.0,3.213923076923077,746.0,-0.0002188700794412135,0.0030609057079855617
3.75951901345653,-0.9950189753567962,7.9193883081247565,1.0,3.213538461538462,747.0,-0.0002188700794412135,0.0030609057079855617
3.7593001433770885,-0.9950834218114545,7.922449213832741,1.0,3.2131538461538462,748.0,-0.0002188700794416576,0.0030609057079846735
3.7590812732976473,-0.9951478682661127,7.925510119540727,1.0,3.212769230769231,749.0,-0.0002188700794412135,0.0030609057079855617
3.758862403218206,-0.995212314720771,7.928571025248711,1.0,3.2123846153846154,750.0,-0.0002188700794412135,0.0030609057079846735
3.758643533138765,-0.9952767611754292,7.931631930956697,1.0,3.212,751.0,-0.0002188700794412135,0.0030609057079855617
3.7584264949554567,-0.9953447840250115,7.934477341199516,1.0,3.211615384615385,752.0,-0.00021703818330820468,0.0028454102428190353
3.7582094567721485,-0.9954128068745939,7.937322751442335,1.0,3.2112307692307693,753.0,-0.00021703818330820468,0.0028454102428190353
3.75799241858884,-0.9954808297241762,7.940168161685155,1.0,3.210846153846154,754.0,-0.00021703818330864877,0.0028454102428199235
3.7577753804055316,-0.9955488525737586,7.943013571927974,1.0,3.2104615384615385,755.0,-0.00021703818330820468,0.0028454102428190353
3.7575583422222234,-0.9956168754233409,7.945858982170793,1.0,3.2100769230769233,756.0,-0.00021703818330820468,0.0028454102428190353
3.757341304038915,-0.9956848982729232,7.948704392413612,1.0,3.2096923076923076,757.0,-0.00021703818330820468,0.0028454102428190353
3.7571242658556065,-0.9957529211225056,7.951549802656432,1.0,3.2093076923076924,758.0,-0.00021703818330864877,0.0028454102428199235
3.7569072276722983,-0.9958209439720879,7.954395212899251,1.0,3.2089230769230768,759.0,-0.00021703818330820468,0.0028454102428190353
3.75669018948899,-0.9958889668216702,7.95724062314207,1.0,3.2085384615384616,760.0,-0.00021703818330820468,0.0028454102428190353
3.756473151305682,-0.9959569896712526,7.960086033384889,1.0,3.208153846153846,761.0,-0.00021703818330820468,0.0028454102428190353
3.7562561131223733,-0.9960250125208349,7.962931443627709,1.0,3.2077692307692307,762.0,-0.00021703818330864877,0.0028454102428199235
3.756039074939065,-0.9960930353704173,7.965776853870528,1.0,3.207384615384615,763.0,-0.00021703818330820468,0.0028454102428190353
3.755822036755757,-0.9961610582199996,7.968622264113347,1.0,3.207,764.0,-0.00021703818330820468,0.0028454102428190353
3.7556004390732918,-0.996240897335664,7.97226677231601,1.0,3.2066153846153846,765.0,-0.00022159768246510225,0.0036445082026625997
3.7553788413908267,-0.9963207364513283,7.975911280518673,1.0,3.206230769230769,766.0,-0.00022159768246510225,0.003644508202663488
3.7551572437083616,-0.9964005755669928,7.979555788721336,1.0,3.205846153846154,767.0,-0.00022159768246510225,0.0036445082026625997
3.7549356460258965,-0.9964804146826571,7.983200296923998,1.0,3.205461538461538,768.0,-0.00022159768246510225,0.0036445082026625997
3.7547140483434314,-0.9965602537983216,7.986844805126662,1.0,3.205076923076923,769.0,-0.00022159768246510225,0.003644508202663488
3.7544924506609663,-0.996640092913986,7.990489313329324,1.0,3.2046923076923077,770.0,-0.00022159768246510225,0.0036445082026625997
3.7542708529785007,-0.9967199320296504,7.994133821531987,1.0,3.204307692307692,771.0,-0.00022159768246554634,0.0036445082026625997
3.7540492552960356,-0.9967997711453148,7.99777832973465,1.0,3.203923076923077,772.0,-0.00022159768246510225,0.0036445082026625997
3.7538276576135705,-0.9968796102609793,8.001422837937312,1.0,3.2035384615384617,773.0,-0.00022159768246510225,0.0036445082026625997
3.7536060599311054,-0.9969594493766436,8.005067346139976,1.0,3.203153846153846,774.0,-0.00022159768246510225,0.003644508202663488
3.7533844622486403,-0.997039288492308,8.00871185434264,1.0,3.202769230769231,775.0,-0.00022159768246510225,0.003644508202663488
3.753162864566175,-0.9971191276079724,8.012356362545301,1.0,3.202384615384615,776.0,-0.00022159768246510225,0.0036445082026617115
3.75294126688371,-0.9971989667236368,8.016000870747964,1.0,3.202,777.0,-0.00022159768246510225,0.003644508202663488
3.7527287628348422,-0.9970307591076408,8.017039846796257,1.0,3.2016923076923076,778.0,-0.00021250404886785645,0.0010389760482922838
3.752516258785975,-0.9968625514916448,8.018078822844549,1.0,3.2013846153846153,779.0,-0.00021250404886741237,0.0010389760482922838
3.752303754737107,-0.9966943438756487,8.01911779889284,1.0,3.201076923076923,780.0,-0.00021250404886785645,0.0010389760482905075
3.752091250688239,-0.9965261362596527,8.020156774941132,1.0,3.2007692307692306,781.0,-0.00021250404886785645,0.0010389760482922838
3.7518787466393717,-0.9963579286436567,8.021195750989424,1.0,3.2004615384615382,782.0,-0.00021250404886741237,0.0010389760482922838
3.751666242590504,-0.9961897210276607,8.022234727037716,1.0,3.200153846153846,783.0,-0.00021250404886785645,0.0010389760482922838
3.751453738541636,-0.9960215134116646,8.023273703086007,1.0,3.199846153846154,784.0,-0.00021250404886785645,0.0010389760482905075
3.751241234492768,-0.9958533057956686,8.0243126791343,1.0,3.1995384615384617,785.0,-0.00021250404886785645,0.0010389760482922838
3.7510287304439007,-0.9956850981796725,8.025351655182591,1.0,3.1992307692307693,786.0,-0.00021250404886741237,0.0010389760482922838
3.750816226395033,-0.9955168905636765,8.026390631230884,1.0,3.198923076923077,787.0,-0.00021250404886785645,0.0010389760482922838
3.750603722346165,-0.9953486829476804,8.027429607279174,1.0,3.1986153846153846,788.0,-0.00021250404886785645,0.0010389760482905075
3.7503912182972976,-0.9951804753316844,8.028468583327466,1.0,3.1983076923076923,789.0,-0.00021250404886741237,0.0010389760482922838
3.7501787142484297,-0.9950122677156884,8.029507559375759,1.0,3.198,790.0,-0.00021250404886785645,0.0010389760482922838
3.74997791344972,-0.9951830844267842,8.03281097628705,1.0,3.1976428571428572,791.0,-0.00020080079870954393,0.0033034169112919898
3.7497771126510107,-0.9953539011378798,8.036114393198343,1.0,3.197285714285714,792.0,-0.00020080079870954393,0.0033034169112919898
3.7495763118523016,-0.9955247178489756,8.039417810109635,1.0,3.1969285714285713,793.0,-0.00020080079870909984,0.0033034169112919898
3.749375511053592,-0.9956955345600713,8.042721227020927,1.0,3.1965714285714286,794.0,-0.00020080079870954393,0.0033034169112919898
3.7491747102548825,-0.995866351271167,8.046024643932219,1.0,3.196214285714286,795.0,-0.00020080079870954393,0.0033034169112919898
3.748973909456173,-0.9960371679822627,8.04932806084351,1.0,3.1958571428571427,796.0,-0.00020080079870954393,0.0033034169112919898
3.748773108657464,-0.9962079846933584,8.052631477754803,1.0,3.1955,797.0,-0.00020080079870909984,0.0033034169112919898
3.7485723078587543,-0.9963788014044541,8.055934894666095,1.0,3.1951428571428573,798.0,-0.00020080079870954393,0.0033034169112919898
3.7483715070600447,-0.9965496181155499,8.059238311577387,1.0,3.194785714285714,799.0,-0.00020080079870954393,0.0033034169112919898
3.748170706261335,-0.9967204348266455,8.062541728488679,1.0,3.1944285714285714,800.0,-0.00020080079870954393,0.0033034169112919898
3.7479699054626257,-0.9968912515377413,8.06584514539997,1.0,3.1940714285714287,801.0,-0.00020080079870954393,0.0033034169112919898
3.7477691046639166,-0.997062068248837,8.069148562311263,1.0,3.193714285714286,802.0,-0.00020080079870909984,0.0033034169112919898
3.747568303865207,-0.9972328849599327,8.072451979222555,1.0,3.193357142857143,803.0,-0.00020080079870954393,0.0033034169112919898
3.7473675030664975,-0.9974037016710284,8.075755396133847,1.0,3.193,804.0,-0.00020080079870954393,0.0033034169112919898
3.7471585273003076,-0.9971971260210175,8.076998741338409,1.0,3.1926923076923077,805.0,-0.00020897576618983393,0.0012433452045623739
3.746949551534118,-0.9969905503710067,8.078242086542971,1.0,3.1923846153846154,806.0,-0.00020897576618983393,0.0012433452045623739
3.746740575767928,-0.9967839747209958,8.079485431747532,1.0,3.192076923076923,807.0,-0.00020897576618983393,0.0012433452045605975
3.746531600001738,-0.996577399070985,8.080728776952094,1.0,3.1917692307692307,808.0,-0.00020897576618983393,0.0012433452045623739
3.7463226242355483,-0.996370823420974,8.081972122156657,1.0,3.1914615384615383,809.0,-0.00020897576618983393,0.0012433452045623739
3.7461136484693585,-0.9961642477709631,8.083215467361219,1.0,3.191153846153846,810.0,-0.00020897576618983393,0.0012433452045623739
3.745904672703169,-0.9959576721209523,8.08445881256578,1.0,3.190846153846154,811.0,-0.00020897576618938984,0.0012433452045605975
3.7456956969369792,-0.9957510964709414,8.085702157770342,1.0,3.1905384615384618,812.0,-0.00020897576618983393,0.0012433452045623739
3.7454867211707894,-0.9955445208209305,8.086945502974904,1.0,3.1902307692307694,813.0,-0.00020897576618983393,0.0012433452045623739
3.7452777454045996,-0.9953379451709197,8.088188848179467,1.0,3.189923076923077,814.0,-0.00020897576618983393,0.0012433452045623739
3.7450687696384097,-0.9951313695209087,8.089432193384027,1.0,3.1896153846153847,815.0,-0.00020897576618983393,0.0012433452045605975
3.74485979387222,-0.9949247938708979,8.09067553858859,1.0,3.1893076923076924,816.0,-0.00020897576618983393,0.0012433452045623739
3.74465081810603,-0.994718218220887,8.091918883793152,1.0,3.189,817.0,-0.00020897576618983393,0.0012433452045623739
3.744445926659005,-0.9948099223479157,8.095327098781738,1.0,3.1886923076923077,818.0,-0.00020489144702517947,0.0034082149885854562
3.74424103521198,-0.9949016264749442,8.098735313770323,1.0,3.1883846153846154,819.0,-0.00020489144702473538,0.0034082149885854562
3.744036143764955,-0.9949933306019728,8.102143528758909,1.0,3.188076923076923,820.0,-0.00020489144702517947,0.0034082149885854562
3.7438312523179302,-0.9950850347290013,8.105551743747496,1.0,3.1877692307692307,821.0,-0.00020489144702473538,0.0034082149885872326
3.743626360870905,-0.99517673885603,8.108959958736081,1.0,3.1874615384615383,822.0,-0.00020489144702517947,0.0034082149885854562
3.74342146942388,-0.9952684429830585,8.112368173724667,1.0,3.187153846153846,823.0,-0.00020489144702517947,0.0034082149885854562
3.743216577976855,-0.9953601471100871,8.115776388713252,1.0,3.186846153846154,824.0,-0.00020489144702473538,0.0034082149885854562
3.74301168652983,-0.9954518512371157,8.119184603701838,1.0,3.1865384615384618,825.0,-0.00020489144702517947,0.0034082149885854562
3.742806795082805,-0.9955435553641443,8.122592818690423,1.0,3.1862307692307694,826.0,-0.00020489144702517947,0.0034082149885854562
3.74260190363578,-0.9956352594911728,8.12600103367901,1.0,3.185923076923077,827.0,-0.00020489144702473538,0.0034082149885872326
3.742397012188755,-0.9957269636182015,8.129409248667596,1.0,3.1856153846153847,828.0,-0.00020489144702517947,0.0034082149885854562
3.74219212074173,-0.99581866774523,8.132817463656181,1.0,3.1853076923076924,829.0,-0.00020489144702473538,0.0034082149885854562
3.741987229294705,-0.9959103718722586,8.136225678644767,1.0,3.185,830.0,-0.00020489144702517947,0.0034082149885854562
3.741783127398737,-0.9958621973342336,8.13752527437678,1.0,3.184769230769231,831.0,-0.00020410189596775652,0.0012995957320125484
3.7415790255027694,-0.9958140227962086,8.138824870108794,1.0,3.1845384615384615,832.0,-0.00020410189596775652,0.0012995957320143248
3.7413749236068017,-0.9957658482581836,8.140124465840806,1.0,3.1843076923076925,833.0,-0.00020410189596775652,0.0012995957320125484
3.741170821710834,-0.9957176737201586,8.141424061572819,1.0,3.184076923076923,834.0,-0.00020410189596775652,0.0012995957320125484
3.740966719814866,-0.9956694991821335,8.142723657304833,1.0,3.183846153846154,835.0,-0.00020410189596775652,0.0012995957320143248
3.7407626179188984,-0.9956213246441086,8.144023253036845,1.0,3.1836153846153845,836.0,-0.00020410189596775652,0.0012995957320125484
3.7405585160229307,-0.9955731501060836,8.145322848768858,1.0,3.1833846153846155,837.0,-0.00020410189596775652,0.0012995957320125484
3.740354414126963,-0.9955249755680586,8.14662244450087,1.0,3.183153846153846,838.0,-0.00020410189596775652,0.0012995957320125484
3.740150312230995,-0.9954768010300336,8.147922040232885,1.0,3.182923076923077,839.0,-0.00020410189596775652,0.0012995957320143248
3.7399462103350274,-0.9954286264920086,8.149221635964897,1.0,3.1826923076923075,840.0,-0.00020410189596775652,0.0012995957320125484
3.7397421084390596,-0.9953804519539836,8.15052123169691,1.0,3.1824615384615385,841.0,-0.00020410189596775652,0.0012995957320125484
3.739538006543092,-0.9953322774159585,8.151820827428924,1.0,3.182230769230769,842.0,-0.00020410189596775652,0.0012995957320143248
3.739333904647124,-0.9952841028779336,8.153120423160937,1.0,3.182,843.0,-0.00020410189596775652,0.0012995957320125484
3.7391483067180062,-0.9953138118144417,8.154053339934213,1.0,3.181642857142857,844.0,-0.00018559792911787554,0.0009329167732765598
3.7389627087888884,-0.9953435207509498,8.154986256707488,1.0,3.181285714285714,845.0,-0.00018559792911787554,0.0009329167732747834
3.7387771108597705,-0.9953732296874579,8.155919173480765,1.0,3.1809285714285713,846.0,-0.00018559792911787554,0.0009329167732765598
3.7385915129306526,-0.995402938623966,8.15685209025404,1.0,3.1805714285714286,847.0,-0.00018559792911787554,0.0009329167732747834
3.7384059150015347,-0.9954326475604741,8.157785007027316,1.0,3.180214285714286,848.0,-0.00018559792911787554,0.0009329167732765598
3.738220317072417,-0.9954623564969822,8.158717923800591,1.0,3.1798571428571427,849.0,-0.00018559792911787554,0.0009329167732747834
3.738034719143299,-0.9954920654334904,8.159650840573867,1.0,3.1795,850.0,-0.00018559792911787554,0.0009329167732765598
3.7378491212141816,-0.9955217743699986,8.160583757347144,1.0,3.1791428571428573,851.0,-0.00018559792911743145,0.0009329167732765598
3.7376635232850637,-0.9955514833065067,8.161516674120419,1.0,3.178785714285714,852.0,-0.00018559792911787554,0.0009329167732747834
3.737477925355946,-0.9955811922430148,8.162449590893695,1.0,3.1784285714285714,853.0,-0.00018559792911787554,0.0009329167732765598
3.737292327426828,-0.9956109011795229,8.16338250766697,1.0,3.1780714285714287,854.0,-0.00018559792911787554,0.0009329167732747834
3.73710672949771,-0.995640610116031,8.164315424440247,1.0,3.177714285714286,855.0,-0.00018559792911787554,0.0009329167732765598
3.736921131568592,-0.9956703190525391,8.165248341213521,1.0,3.1773571428571428,856.0,-0.00018559792911787554,0.0009329167732747834
3.7367355336394743,-0.9957000279890472,8.166181257986798,1.0,3.177,857.0,-0.00018559792911787554,0.0009329167732765598
3.7365443526968587,-0.9956200343424565,8.167990465266824,1.0,3.1766923076923077,858.0,-0.0001911809426156097,0.0018092072800257597
3.736353171754243,-0.9955400406958657,8.16979967254685,1.0,3.1763846153846154,859.0,-0.0001911809426156097,0.0018092072800257597
3.736161990811627,-0.9954600470492749,8.171608879826875,1.0,3.176076923076923,860.0,-0.00019118094261605378,0.0018092072800257597
3.7359708098690114,-0.9953800534026841,8.173418087106901,1.0,3.1757692307692307,861.0,-0.0001911809426156097,0.0018092072800257597
3.735779628926396,-0.9953000597560934,8.175227294386927,1.0,3.1754615384615383,862.0,-0.0001911809426156097,0.0018092072800257597
3.73558844798378,-0.9952200661095026,8.177036501666953,1.0,3.175153846153846,863.0,-0.0001911809426156097,0.0018092072800257597
3.735397267041164,-0.9951400724629118,8.178845708946977,1.0,3.174846153846154,864.0,-0.00019118094261605378,0.0018092072800239833
3.7352060860985485,-0.9950600788163211,8.180654916227002,1.0,3.1745384615384618,865.0,-0.0001911809426156097,0.0018092072800257597
3.735014905155933,-0.9949800851697304,8.182464123507028,1.0,3.1742307692307694,866.0,-0.0001911809426156097,0.0018092072800257597
3.7348237242133173,-0.9949000915231395,8.184273330787054,1.0,3.173923076923077,867.0,-0.0001911809426156097,0.0018092072800257597
3.7346325432707013,-0.9948200978765488,8.18608253806708,1.0,3.1736153846153847,868.0,-0.00019118094261605378,0.0018092072800257597
3.7344413623280857,-0.994740104229958,8.187891745347105,1.0,3.1733076923076924,869.0,-0.0001911809426156097,0.0018092072800257597
3.73425018138547,-0.9946601105833672,8.189700952627131,1.0,3.173,870.0,-0.0001911809426156097,0.0018092072800257597
3.734054786343757,-0.9946882949046587,8.189362492951085,1.0,3.1726923076923077,871.0,-0.0001953950417128425,-0.0003384596760458436
3.7338593913020444,-0.9947164792259503,8.18902403327504,1.0,3.1723846153846154,872.0,-0.0001953950417128425,-0.0003384596760458436
3.7336639962603315,-0.9947446635472418,8.188685573598994,1.0,3.172076923076923,873.0,-0.0001953950417128425,-0.0003384596760458436
3.7334686012186187,-0.9947728478685334,8.188347113922948,1.0,3.1717692307692307,874.0,-0.0001953950417128425,-0.0003384596760458436
3.733273206176906,-0.9948010321898249,8.188008654246902,1.0,3.1714615384615383,875.0,-0.0001953950417128425,-0.0003384596760458436
3.733077811135193,-0.9948292165111163,8.187670194570856,1.0,3.171153846153846,876.0,-0.0001953950417128425,-0.0003384596760458436
3.73288241609348,-0.9948574008324079,8.187331734894812,1.0,3.170846153846154,877.0,-0.0001953950417128425,-0.00033845967604406724
3.7326870210517673,-0.9948855851536994,8.186993275218766,1.0,3.1705384615384617,878.0,-0.0001953950417128425,-0.0003384596760458436
3.7324916260100545,-0.9949137694749909,8.18665481554272,1.0,3.1702307692307694,879.0,-0.0001953950417128425,-0.0003384596760458436
3.7322962309683416,-0.9949419537962825,8.186316355866674,1.0,3.169923076923077,880.0,-0.0001953950417128425,-0.0003384596760458436
3.732100835926629,-0.994970138117574,8.185977896190629,1.0,3.1696153846153847,881.0,-0.0001953950417128425,-0.0003384596760458436
3.731905440884916,-0.9949983224388655,8.185639436514583,1.0,3.1693076923076924,882.0,-0.0001953950417128425,-0.0003384596760458436
3.731710045843203,-0.995026506760157,8.185300976838537,1.0,3.169,883.0,-0.0001953950417128425,-0.0003384596760458436
3.7315291867181046,-0.9948575929979603,8.176372800570402,1.0,3.168769230769231,884.0,-0.0001808591250984648,-0.008928176268135246
3.731348327593006,-0.9946886792357635,8.167444624302265,1.0,3.1685384615384615,885.0,-0.0001808591250984648,-0.008928176268137022
3.7311674684679077,-0.9945197654735667,8.15851644803413,1.0,3.1683076923076925,886.0,-0.0001808591250984648,-0.008928176268135246
3.7309866093428092,-0.9943508517113699,8.149588271765994,1.0,3.168076923076923,887.0,-0.0001808591250984648,-0.008928176268135246
3.7308057502177108,-0.9941819379491732,8.140660095497857,1.0,3.167846153846154,888.0,-0.0001808591250984648,-0.008928176268137022
3.7306248910926123,-0.9940130241869765,8.131731919229722,1.0,3.1676153846153845,889.0,-0.0001808591250984648,-0.008928176268135246
3.7304440319675134,-0.9938441104247796,8.122803742961587,1.0,3.1673846153846155,890.0,-0.0001808591250989089,-0.008928176268135246
3.730263172842415,-0.9936751966625829,8.113875566693451,1.0,3.167153846153846,891.0,-0.0001808591250984648,-0.008928176268135246
3.7300823137173165,-0.9935062829003861,8.104947390425314,1.0,3.166923076923077,892.0,-0.0001808591250984648,-0.008928176268137022
3.729901454592218,-0.9933373691381894,8.09601921415718,1.0,3.1666923076923075,893.0,-0.0001808591250984648,-0.008928176268135246
3.7297205954671195,-0.9931684553759925,8.087091037889044,1.0,3.1664615384615384,894.0,-0.0001808591250984648,-0.008928176268135246
3.729539736342021,-0.9929995416137958,8.078162861620907,1.0,3.166230769230769,895.0,-0.0001808591250984648,-0.008928176268137022
3.7293588772169226,-0.992830627851599,8.069234685352772,1.0,3.166,896.0,-0.0001808591250984648,-0.008928176268135246
3.7291813992191365,-0.9931174053368776,8.057024670409994,1.0,3.1657142857142855,897.0,-0.00017747799778611295,-0.012210014942777292
3.72900392122135,-0.9934041828221564,8.044814655467219,1.0,3.1654285714285715,898.0,-0.00017747799778655704,-0.012210014942775516
3.728826443223564,-0.9936909603074351,8.032604640524442,1.0,3.165142857142857,899.0,-0.00017747799778611295,-0.012210014942777292
3.7286489652257777,-0.9939777377927137,8.020394625581666,1.0,3.1648571428571426,900.0,-0.00017747799778611295,-0.012210014942775516
3.728471487227991,-0.9942645152779923,8.008184610638889,1.0,3.1645714285714286,901.0,-0.00017747799778655704,-0.012210014942777292
3.728294009230205,-0.994551292763271,7.995974595696112,1.0,3.164285714285714,902.0,-0.00017747799778611295,-0.012210014942776404
3.728116531232419,-0.9948380702485498,7.983764580753336,1.0,3.164,903.0,-0.00017747799778611295,-0.012210014942776404
3.7279390532346324,-0.9951248477338284,7.9715545658105595,1.0,3.1637142857142857,904.0,-0.00017747799778655704,-0.012210014942776404
3.7277615752368463,-0.995411625219107,7.959344550867783,1.0,3.1634285714285713,905.0,-0.00017747799778611295,-0.012210014942776404
3.7275840972390597,-0.9956984027043857,7.947134535925007,1.0,3.1631428571428573,906.0,-0.00017747799778655704,-0.012210014942776404
3.7274066192412736,-0.9959851801896644,7.9349245209822294,1.0,3.162857142857143,907.0,-0.00017747799778611295,-0.012210014942777292
3.7272291412434875,-0.996271957674943,7.922714506039453,1.0,3.1625714285714284,908.0,-0.00017747799778611295,-0.012210014942776404
3.727051663245701,-0.9965587351602216,7.910504491096677,1.0,3.1622857142857144,909.0,-0.00017747799778655704,-0.012210014942776404
3.726874185247915,-0.9968455126455004,7.8982944761539,1.0,3.162,910.0,-0.00017747799778611295,-0.012210014942776404
3.726648568368325,-0.9967644714372883,7.879388442324176,1.0,3.1616923076923076,911.0,-0.000225616879589996,-0.018906033829724223
3.726422951488735,-0.9966834302290762,7.860482408494452,1.0,3.1613846153846152,912.0,-0.000225616879589996,-0.018906033829724223
3.726197334609145,-0.9966023890208641,7.841576374664728,1.0,3.161076923076923,913.0,-0.000225616879589996,-0.018906033829724223
3.7259717177295553,-0.996521347812652,7.822670340835003,1.0,3.1607692307692306,914.0,-0.0002256168795895519,-0.018906033829724223
3.7257461008499653,-0.9964403066044399,7.803764307005279,1.0,3.160461538461538,915.0,-0.000225616879589996,-0.018906033829724223
3.7255204839703753,-0.9963592653962279,7.784858273175555,1.0,3.160153846153846,916.0,-0.000225616879589996,-0.018906033829724223
3.7252948670907853,-0.9962782241880157,7.765952239345832,1.0,3.159846153846154,917.0,-0.000225616879589996,-0.018906033829723334
3.7250692502111953,-0.9961971829798036,7.747046205516107,1.0,3.1595384615384616,918.0,-0.000225616879589996,-0.018906033829724223
3.7248436333316053,-0.9961161417715916,7.728140171686383,1.0,3.1592307692307693,919.0,-0.000225616879589996,-0.018906033829724223
3.7246180164520157,-0.9960351005633795,7.709234137856659,1.0,3.158923076923077,920.0,-0.0002256168795895519,-0.018906033829724223
3.7243923995724257,-0.9959540593551673,7.690328104026935,1.0,3.1586153846153846,921.0,-0.000225616879589996,-0.018906033829724223
3.7241667826928357,-0.9958730181469553,7.6714220701972105,1.0,3.1583076923076923,922.0,-0.000225616879589996,-0.018906033829724223
3.7239411658132457,-0.9957919769387432,7.652516036367486,1.0,3.158,923.0,-0.000225616879589996,-0.018906033829724223
3.723738557280497,-0.9956894325708898,7.6407984662492865,1.0,3.1576923076923076,924.0,-0.00020260853274889357,-0.011717570118199738
3.723535948747748,-0.9955868882030363,7.629080896131086,1.0,3.1573846153846152,925.0,-0.00020260853274889357,-0.011717570118200626
3.7233333402149986,-0.9954843438351829,7.617363326012886,1.0,3.157076923076923,926.0,-0.00020260853274933766,-0.011717570118199738
3.7231307316822497,-0.9953817994673294,7.6056457558946855,1.0,3.1567692307692305,927.0,-0.00020260853274889357,-0.011717570118200626
3.722928123149501,-0.995279255099476,7.593928185776486,1.0,3.156461538461538,928.0,-0.00020260853274889357,-0.011717570118199738
3.722725514616752,-0.9951767107316225,7.582210615658286,1.0,3.156153846153846,929.0,-0.00020260853274889357,-0.011717570118199738
3.7225229060840026,-0.9950741663637691,7.570493045540085,1.0,3.155846153846154,930.0,-0.00020260853274933766,-0.011717570118200626
3.7223202975512537,-0.9949716219959156,7.558775475421886,1.0,3.1555384615384616,931.0,-0.00020260853274889357,-0.011717570118199738
3.722117689018505,-0.9948690776280622,7.547057905303686,1.0,3.1552307692307693,932.0,-0.00020260853274889357,-0.011717570118199738
3.721915080485756,-0.9947665332602087,7.535340335185485,1.0,3.154923076923077,933.0,-0.00020260853274889357,-0.011717570118200626
3.7217124719530066,-0.9946639888923553,7.523622765067286,1.0,3.1546153846153846,934.0,-0.00020260853274933766,-0.011717570118199738
3.7215098634202577,-0.9945614445245018,7.511905194949085,1.0,3.1543076923076923,935.0,-0.00020260853274889357,-0.011717570118200626
3.721307254887509,-0.9944589001566484,7.500187624830885,1.0,3.154,936.0,-0.00020260853274889357,-0.011717570118199738
3.7210882639293534,-0.9944729509363633,7.488665699623942,1.0,3.153769230769231,937.0,-0.00021899095815536285,-0.011521925206943173
3.720869272971198,-0.9944870017160784,7.477143774417,1.0,3.1535384615384614,938.0,-0.00021899095815536285,-0.011521925206942285
3.7206502820130427,-0.9945010524957933,7.465621849210057,1.0,3.1533076923076924,939.0,-0.00021899095815536285,-0.011521925206943173
3.720431291054887,-0.9945151032755084,7.454099924003114,1.0,3.153076923076923,940.0,-0.00021899095815580694,-0.011521925206942285
3.7202123000967315,-0.9945291540552234,7.442577998796171,1.0,3.152846153846154,941.0,-0.00021899095815536285,-0.011521925206943173
3.719993309138576,-0.9945432048349384,7.431056073589229,1.0,3.1526153846153844,942.0,-0.00021899095815536285,-0.011521925206942285
3.719774318180421,-0.9945572556146534,7.419534148382286,1.0,3.1523846153846153,943.0,-0.00021899095815536285,-0.011521925206943173
3.7195553272222655,-0.9945713063943684,7.408012223175343,1.0,3.152153846153846,944.0,-0.00021899095815536285,-0.011521925206942285
3.71933633626411,-0.9945853571740834,7.3964902979684,1.0,3.151923076923077,945.0,-0.00021899095815536285,-0.011521925206943173
3.7191173453059543,-0.9945994079537984,7.384968372761458,1.0,3.1516923076923073,946.0,-0.00021899095815580694,-0.011521925206942285
3.718898354347799,-0.9946134587335134,7.373446447554515,1.0,3.1514615384615383,947.0,-0.00021899095815536285,-0.011521925206943173
3.7186793633896436,-0.9946275095132284,7.361924522347572,1.0,3.151230769230769,948.0,-0.00021899095815536285,-0.011521925206942285
3.718460372431488,-0.9946415602929434,7.350402597140629,1.0,3.151,949.0,-0.00021899095815536285,-0.011521925206943173
3.7182489537463477,-0.9946099621495772,7.336069832081505,1.0,3.150785714285714,950.0,-0.00021141868514051865,-0.014332765059124064
3.7180375350612076,-0.9945783640062111,7.321737067022381,1.0,3.1505714285714284,951.0,-0.00021141868514007456,-0.014332765059124064
3.717826116376067,-0.994546765862845,7.307404301963257,1.0,3.1503571428571426,952.0,-0.00021141868514051865,-0.014332765059124064
3.7176146976909266,-0.9945151677194789,7.293071536904133,1.0,3.150142857142857,953.0,-0.00021141868514051865,-0.014332765059124064
3.7174032790057865,-0.9944835695761127,7.278738771845009,1.0,3.149928571428571,954.0,-0.00021141868514007456,-0.014332765059124064
3.717191860320646,-0.9944519714327467,7.264406006785885,1.0,3.1497142857142855,955.0,-0.00021141868514051865,-0.014332765059124064
3.7169804416355054,-0.9944203732893805,7.250073241726761,1.0,3.1494999999999997,956.0,-0.00021141868514051865,-0.014332765059124064
3.7167690229503654,-0.9943887751460143,7.235740476667637,1.0,3.1492857142857145,957.0,-0.00021141868514007456,-0.014332765059124064
3.716557604265225,-0.9943571770026483,7.221407711608513,1.0,3.1490714285714287,958.0,-0.00021141868514051865,-0.014332765059124064
3.716346185580085,-0.9943255788592821,7.207074946549389,1.0,3.148857142857143,959.0,-0.00021141868514007456,-0.014332765059124064
3.7161347668949443,-0.994293980715916,7.192742181490265,1.0,3.1486428571428573,960.0,-0.00021141868514051865,-0.014332765059124064
3.7159233482098037,-0.9942623825725498,7.1784094164311405,1.0,3.1484285714285716,961.0,-0.00021141868514051865,-0.014332765059124064
3.7157119295246637,-0.9942307844291838,7.164076651372016,1.0,3.148214285714286,962.0,-0.00021141868514007456,-0.014332765059124064
3.715500510839523,-0.9941991862858176,7.149743886312892,1.0,3.148,963.0,-0.00021141868514051865,-0.014332765059124064
3.715250384670888,-0.9942853551234945,7.139408002960118,1.0,3.147692307692308,964.0,-0.0002501261686349565,-0.010335883352774466
3.7150002585022537,-0.9943715239611713,7.129072119607343,1.0,3.1473846153846154,965.0,-0.0002501261686345124,-0.010335883352774466
3.7147501323336187,-0.9944576927988481,7.118736236254569,1.0,3.147076923076923,966.0,-0.0002501261686349565,-0.010335883352774466
3.714500006164984,-0.994543861636525,7.1084003529017945,1.0,3.1467692307692308,967.0,-0.0002501261686345124,-0.010335883352774466
3.7142498799963493,-0.9946300304742018,7.09806446954902,1.0,3.1464615384615384,968.0,-0.0002501261686349565,-0.010335883352774466
3.7139997538277143,-0.9947161993118787,7.087728586196246,1.0,3.146153846153846,969.0,-0.0002501261686349565,-0.010335883352774466
3.71374962765908,-0.9948023681495555,7.077392702843472,1.0,3.145846153846154,970.0,-0.0002501261686345124,-0.010335883352773578
3.713499501490445,-0.9948885369872323,7.0670568194906975,1.0,3.145538461538462,971.0,-0.0002501261686349565,-0.010335883352774466
3.71324937532181,-0.9949747058249092,7.056720936137923,1.0,3.1452307692307695,972.0,-0.0002501261686349565,-0.010335883352774466
3.7129992491531754,-0.9950608746625861,7.046385052785149,1.0,3.144923076923077,973.0,-0.0002501261686345124,-0.010335883352774466
3.7127491229845404,-0.9951470435002628,7.036049169432374,1.0,3.144615384615385,974.0,-0.0002501261686349565,-0.010335883352774466
3.712498996815906,-0.9952332123379397,7.0257132860796,1.0,3.1443076923076925,975.0,-0.0002501261686345124,-0.010335883352774466
3.712248870647271,-0.9953193811756166,7.015377402726825,1.0,3.144,976.0,-0.0002501261686349565,-0.010335883352774466
3.712007668852744,-0.9953532366914853,7.004364613839499,1.0,3.143692307692308,977.0,-0.0002412017945268019,-0.011012788887326153
3.7117664670582178,-0.9953870922073541,6.993351824952173,1.0,3.1433846153846154,978.0,-0.00024120179452635782,-0.011012788887326153
3.711525265263691,-0.9954209477232229,6.982339036064847,1.0,3.143076923076923,979.0,-0.0002412017945268019,-0.011012788887326153
3.7112840634691646,-0.9954548032390916,6.971326247177521,1.0,3.1427692307692308,980.0,-0.00024120179452635782,-0.011012788887326153
3.711042861674638,-0.9954886587549604,6.960313458290194,1.0,3.1424615384615384,981.0,-0.0002412017945268019,-0.011012788887326153
3.710801659880111,-0.9955225142708292,6.949300669402868,1.0,3.142153846153846,982.0,-0.0002412017945268019,-0.011012788887326153
3.7105604580855847,-0.9955563697866978,6.938287880515542,1.0,3.141846153846154,983.0,-0.00024120179452635782,-0.011012788887326153
3.710319256291058,-0.9955902253025666,6.927275091628216,1.0,3.141538461538462,984.0,-0.0002412017945268019,-0.011012788887326153
3.710078054496531,-0.9956240808184353,6.91626230274089,1.0,3.1412307692307695,985.0,-0.0002412017945268019,-0.011012788887326153
3.7098368527020047,-0.9956579363343041,6.905249513853564,1.0,3.140923076923077,986.0,-0.00024120179452635782,-0.011012788887326153
3.709595650907478,-0.9956917918501729,6.8942367249662375,1.0,3.140615384615385,987.0,-0.0002412017945268019,-0.011012788887326153
3.7093544491129515,-0.9957256473660416,6.883223936078911,1.0,3.1403076923076925,988.0,-0.00024120179452635782,-0.011012788887326153
3.7091132473184247,-0.9957595028819104,6.872211147191585,1.0,3.14,989.0,-0.0002412017945268019,-0.011012788887326153
3.708869807227358,-0.9957295301332884,6.862828916069184,1.0,3.139692307692308,990.0,-0.00024344009106691544,-0.009382231122400775
3.7086263671362913,-0.9956995573846663,6.8534466849467846,1.0,3.1393846153846154,991.0,-0.00024344009106647135,-0.009382231122399887
3.7083829270452244,-0.9956695846360443,6.844064453824384,1.0,3.139076923076923,992.0,-0.00024344009106691544,-0.009382231122400775
3.708139486954158,-0.9956396118874222,6.834682222701983,1.0,3.1387692307692308,993.0,-0.00024344009106647135,-0.009382231122400775
3.707896046863091,-0.9956096391388002,6.825299991579583,1.0,3.1384615384615384,994.0,-0.00024344009106691544,-0.009382231122399887
3.707652606772024,-0.9955796663901781,6.815917760457182,1.0,3.138153846153846,995.0,-0.00024344009106691544,-0.009382231122400775
3.7074091666809577,-0.9955496936415562,6.806535529334782,1.0,3.137846153846154,996.0,-0.00024344009106647135,-0.009382231122400775
3.7071657265898907,-0.9955197208929342,6.797153298212381,1.0,3.137538461538462,997.0,-0.00024344009106691544,-0.009382231122400775
3.706922286498824,-0.9954897481443121,6.787771067089981,1.0,3.1372307692307695,998.0,-0.00024344009106691544,-0.009382231122399887
3.7066788464077574,-0.9954597753956901,6.77838883596758,1.0,3.136923076923077,999.0,-0.00024344009106647135,-0.009382231122400775
3.7064354063166904,-0.995429802647068,6.769006604845179,1.0,3.136615384615385,1000.0,-0.00024344009106691544,-0.009382231122400775
3.706191966225624,-0.995399829898446,6.7596243737227795,1.0,3.1363076923076925,1001.0,-0.00024344009106647135,-0.009382231122399887
3.705948526134557,-0.995369857149824,6.750242142600379,1.0,3.136,1002.0,-0.00024344009106691544,-0.009382231122400775
3.705726957154187,-0.9954127036361696,6.741405298164992,1.0,3.1357857142857144,1003.0,-0.00022156898037017925,-0.008836844435387015
3.7055053881738163,-0.9954555501225152,6.7325684537296056,1.0,3.1355714285714287,1004.0,-0.00022156898037062334,-0.008836844435386126
3.705283819193446,-0.9954983966088609,6.7237316092942185,1.0,3.135357142857143,1005.0,-0.00022156898037017925,-0.008836844435387015
3.7050622502130754,-0.9955412430952065,6.714894764858832,1.0,3.1351428571428572,1006.0,-0.00022156898037062334,-0.008836844435386126
3.7048406812327053,-0.9955840895815521,6.706057920423445,1.0,3.1349285714285715,1007.0,-0.00022156898037017925,-0.008836844435387015
3.7046191122523346,-0.9956269360678978,6.697221075988059,1.0,3.134714285714286,1008.0,-0.00022156898037062334,-0.008836844435386126
3.7043975432719645,-0.9956697825542434,6.688384231552672,1.0,3.1345,1009.0,-0.00022156898037017925,-0.008836844435387015
3.7041759742915943,-0.995712629040589,6.679547387117285,1.0,3.1342857142857143,1010.0,-0.00022156898037017925,-0.008836844435387015
3.7039544053112237,-0.9957554755269347,6.670710542681899,1.0,3.1340714285714286,1011.0,-0.00022156898037062334,-0.008836844435386126
3.7037328363308535,-0.9957983220132802,6.661873698246512,1.0,3.133857142857143,1012.0,-0.00022156898037017925,-0.008836844435387015
3.703511267350483,-0.9958411684996259,6.653036853811126,1.0,3.133642857142857,1013.0,-0.00022156898037062334,-0.008836844435386126
3.7032896983701127,-0.9958840149859716,6.644200009375739,1.0,3.1334285714285715,1014.0,-0.00022156898037017925,-0.008836844435387015
3.703068129389742,-0.9959268614723171,6.635363164940353,1.0,3.1332142857142857,1015.0,-0.00022156898037062334,-0.008836844435386126
3.702846560409372,-0.9959697079586628,6.626526320504966,1.0,3.133,1016.0,-0.00022156898037017925,-0.008836844435387015
3.7026065979453042,-0.996027031705149,6.617847712377416,1.0,3.132615384615385,1017.0,-0.00023996246406765565,-0.008678608127549836
3.702366635481236,-0.9960843554516352,6.609169104249866,1.0,3.132230769230769,1018.0,-0.00023996246406809973,-0.008678608127549836
3.7021266730171685,-0.9961416791981214,6.600490496122316,1.0,3.131846153846154,1019.0,-0.00023996246406765565,-0.008678608127549836
3.7018867105531004,-0.9961990029446075,6.5918118879947665,1.0,3.1314615384615383,1020.0,-0.00023996246406809973,-0.008678608127549836
3.7016467480890327,-0.9962563266910938,6.583133279867217,1.0,3.131076923076923,1021.0,-0.00023996246406765565,-0.008678608127549836
3.7014067856249646,-0.9963136504375799,6.574454671739667,1.0,3.130692307692308,1022.0,-0.00023996246406809973,-0.008678608127549836
3.701166823160897,-0.9963709741840661,6.565776063612116,1.0,3.1303076923076922,1023.0,-0.00023996246406765565,-0.008678608127550724
3.700926860696829,-0.9964282979305522,6.557097455484566,1.0,3.129923076923077,1024.0,-0.00023996246406809973,-0.008678608127549836
3.700686898232761,-0.9964856216770385,6.548418847357016,1.0,3.129538461538462,1025.0,-0.00023996246406765565,-0.008678608127549836
3.700446935768693,-0.9965429454235246,6.539740239229467,1.0,3.129153846153846,1026.0,-0.00023996246406809973,-0.008678608127549836
3.7002069733046254,-0.9966002691700108,6.531061631101917,1.0,3.128769230769231,1027.0,-0.00023996246406765565,-0.008678608127549836
3.6999670108405573,-0.996657592916497,6.522383022974367,1.0,3.1283846153846153,1028.0,-0.00023996246406809973,-0.008678608127549836
3.6997270483764897,-0.9967149166629832,6.513704414846817,1.0,3.128,1029.0,-0.00023996246406765565,-0.008678608127549836
3.6994800687102907,-0.99662214602012,6.504962820450838,1.0,3.1276923076923078,1030.0,-0.0002469796661990209,-0.008741594395979213
3.699233089044092,-0.9965293753772568,6.496221226054859,1.0,3.1273846153846154,1031.0,-0.0002469796661985768,-0.008741594395979213
3.698986109377893,-0.9964366047343937,6.487479631658879,1.0,3.127076923076923,1032.0,-0.0002469796661990209,-0.008741594395979213
3.6987391297116945,-0.9963438340915305,6.478738037262901,1.0,3.1267692307692307,1033.0,-0.0002469796661985768,-0.008741594395978325
3.6984921500454955,-0.9962510634486673,6.469996442866922,1.0,3.1264615384615384,1034.0,-0.0002469796661990209,-0.008741594395979213
3.6982451703792965,-0.9961582928058041,6.461254848470943,1.0,3.126153846153846,1035.0,-0.0002469796661990209,-0.008741594395979213
3.697998190713098,-0.996065522162941,6.4525132540749635,1.0,3.125846153846154,1036.0,-0.0002469796661985768,-0.008741594395979213
3.697751211046899,-0.9959727515200778,6.443771659678984,1.0,3.125538461538462,1037.0,-0.0002469796661990209,-0.008741594395979213
3.6975042313807,-0.9958799808772146,6.435030065283005,1.0,3.1252307692307695,1038.0,-0.0002469796661990209,-0.008741594395979213
3.6972572517145013,-0.9957872102343515,6.426288470887027,1.0,3.124923076923077,1039.0,-0.0002469796661985768,-0.008741594395978325
3.6970102720483022,-0.9956944395914883,6.4175468764910475,1.0,3.124615384615385,1040.0,-0.0002469796661990209,-0.008741594395979213
3.6967632923821037,-0.9956016689486251,6.408805282095068,1.0,3.1243076923076925,1041.0,-0.0002469796661985768,-0.008741594395979213
3.6965163127159046,-0.995508898305762,6.400063687699089,1.0,3.124,1042.0,-0.0002469796661990209,-0.008741594395979213
3.6962497828629997,-0.9954232220271153,6.39468695091912,1.0,3.1236923076923078,1043.0,-0.0002665298529049842,-0.005376736779968638
3.6959832530100947,-0.9953375457484687,6.389310214139152,1.0,3.1233846153846154,1044.0,-0.0002665298529049842,-0.005376736779968638
3.6957167231571897,-0.995251869469822,6.383933477359183,1.0,3.123076923076923,1045.0,-0.0002665298529049842,-0.005376736779968638
3.695450193304285,-0.9951661931911754,6.378556740579215,1.0,3.1227692307692307,1046.0,-0.0002665298529045401,-0.00537673677996775
3.69518366345138,-0.9950805169125287,6.373180003799247,1.0,3.1224615384615384,1047.0,-0.0002665298529049842,-0.005376736779968638
3.694917133598475,-0.9949948406338821,6.367803267019278,1.0,3.122153846153846,1048.0,-0.0002665298529049842,-0.005376736779968638
3.69465060374557,-0.9949091643552355,6.3624265302393095,1.0,3.121846153846154,1049.0,-0.0002665298529049842,-0.005376736779968638
3.694384073892665,-0.9948234880765888,6.357049793459341,1.0,3.121538461538462,1050.0,-0.0002665298529049842,-0.005376736779968638
3.6941175440397602,-0.9947378117979422,6.351673056679372,1.0,3.1212307692307695,1051.0,-0.0002665298529049842,-0.005376736779968638
3.6938510141868557,-0.9946521355192955,6.3462963198994045,1.0,3.120923076923077,1052.0,-0.0002665298529045401,-0.00537673677996775
3.6935844843339507,-0.9945664592406489,6.340919583119436,1.0,3.120615384615385,1053.0,-0.0002665298529049842,-0.005376736779968638
3.6933179544810457,-0.9944807829620023,6.335542846339467,1.0,3.1203076923076924,1054.0,-0.0002665298529049842,-0.005376736779968638
3.6930514246281407,-0.9943951066833556,6.3301661095594985,1.0,3.12,1055.0,-0.0002665298529049842,-0.005376736779968638
3.6928266509636116,-0.9945822001967828,6.321316286867375,1.0,3.1196428571428574,1056.0,-0.00022477366452910985,-0.008849822692123865
3.6926018772990825,-0.99476929371021,6.312466464175252,1.0,3.119285714285714,1057.0,-0.00022477366452910985,-0.008849822692122977
3.692377103634553,-0.994956387223637,6.303616641483128,1.0,3.1189285714285715,1058.0,-0.00022477366452955394,-0.008849822692123865
3.692152329970024,-0.9951434807370642,6.294766818791005,1.0,3.1185714285714288,1059.0,-0.00022477366452910985,-0.008849822692122977
3.6919275563054947,-0.9953305742504913,6.285916996098881,1.0,3.118214285714286,1060.0,-0.00022477366452910985,-0.008849822692123865
3.6917027826409656,-0.9955176677639185,6.277067173406758,1.0,3.117857142857143,1061.0,-0.00022477366452910985,-0.008849822692122977
3.691478008976436,-0.9957047612773455,6.268217350714634,1.0,3.1175,1062.0,-0.00022477366452955394,-0.008849822692123865
3.691253235311907,-0.9958918547907727,6.25936752802251,1.0,3.1171428571428574,1063.0,-0.00022477366452910985,-0.008849822692123865
3.691028461647378,-0.9960789483041999,6.250517705330387,1.0,3.1167857142857143,1064.0,-0.00022477366452910985,-0.008849822692122977
3.6908036879828487,-0.996266041817627,6.241667882638263,1.0,3.1164285714285715,1065.0,-0.00022477366452910985,-0.008849822692123865
3.6905789143183196,-0.9964531353310542,6.2328180599461405,1.0,3.116071428571429,1066.0,-0.00022477366452910985,-0.008849822692122977
3.69035414065379,-0.9966402288444812,6.223968237254017,1.0,3.115714285714286,1067.0,-0.00022477366452955394,-0.008849822692123865
3.690129366989261,-0.9968273223579084,6.215118414561894,1.0,3.115357142857143,1068.0,-0.00022477366452910985,-0.008849822692122977
3.689904593324732,-0.9970144158713355,6.20626859186977,1.0,3.115,1069.0,-0.00022477366452910985,-0.008849822692123865
3.689654636126894,-0.9968259655444583,6.195090596707754,1.0,3.114692307692308,1070.0,-0.0002499571978380466,-0.011177995162015897
3.689404678929056,-0.9966375152175811,6.183912601545739,1.0,3.1143846153846155,1071.0,-0.0002499571978376025,-0.011177995162015009
3.689154721731218,-0.996449064890704,6.172734606383723,1.0,3.114076923076923,1072.0,-0.0002499571978380466,-0.011177995162015897
3.68890476453338,-0.9962606145638268,6.161556611221708,1.0,3.113769230769231,1073.0,-0.0002499571978380466,-0.011177995162015009
3.6886548073355425,-0.9960721642369496,6.150378616059692,1.0,3.1134615384615385,1074.0,-0.0002499571978376025,-0.011177995162015897
3.6884048501377045,-0.9958837139100724,6.139200620897676,1.0,3.113153846153846,1075.0,-0.0002499571978380466,-0.011177995162015897
3.6881548929398664,-0.9956952635831952,6.128022625735661,1.0,3.1128461538461543,1076.0,-0.0002499571978380466,-0.011177995162015009
3.6879049357420284,-0.995506813256318,6.116844630573645,1.0,3.112538461538462,1077.0,-0.0002499571978380466,-0.011177995162015897
3.6876549785441908,-0.9953183629294408,6.105666635411629,1.0,3.1122307692307696,1078.0,-0.0002499571978376025,-0.011177995162015897
3.6874050213463527,-0.9951299126025636,6.094488640249614,1.0,3.1119230769230772,1079.0,-0.0002499571978380466,-0.011177995162015009
3.6871550641485147,-0.9949414622756864,6.0833106450875984,1.0,3.111615384615385,1080.0,-0.0002499571978380466,-0.011177995162015897
3.686905106950677,-0.9947530119488092,6.072132649925583,1.0,3.1113076923076926,1081.0,-0.0002499571978376025,-0.011177995162015009
3.686655149752839,-0.994564561621932,6.0609546547635675,1.0,3.111,1082.0,-0.0002499571978380466,-0.011177995162015897
3.686411554859541,-0.99471556619353,6.067031471090115,1.0,3.110615384615385,1083.0,-0.00024359489329794926,0.006076816326547885
3.686167959966243,-0.994866570765128,6.073108287416662,1.0,3.1102307692307694,1084.0,-0.00024359489329794926,0.0060768163265469965
3.6859243650729456,-0.9950175753367259,6.07918510374321,1.0,3.109846153846154,1085.0,-0.00024359489329750517,0.006076816326547885
3.6856807701796477,-0.9951685799083239,6.085261920069758,1.0,3.1094615384615385,1086.0,-0.00024359489329794926,0.006076816326547885
3.6854371752863497,-0.9953195844799219,6.091338736396305,1.0,3.1090769230769233,1087.0,-0.00024359489329794926,0.0060768163265469965
3.685193580393052,-0.9954705890515199,6.097415552722853,1.0,3.1086923076923076,1088.0,-0.00024359489329794926,0.006076816326547885
3.6849499854997543,-0.9956215936231178,6.103492369049401,1.0,3.1083076923076924,1089.0,-0.00024359489329750517,0.006076816326547885
3.6847063906064563,-0.9957725981947158,6.109569185375949,1.0,3.107923076923077,1090.0,-0.00024359489329794926,0.006076816326547885
3.6844627957131584,-0.9959236027663138,6.115646001702496,1.0,3.1075384615384616,1091.0,-0.00024359489329794926,0.0060768163265469965
3.6842192008198604,-0.9960746073379118,6.121722818029044,1.0,3.107153846153846,1092.0,-0.00024359489329794926,0.006076816326547885
3.683975605926563,-0.9962256119095096,6.127799634355592,1.0,3.1067692307692307,1093.0,-0.00024359489329750517,0.006076816326547885
3.683732011033265,-0.9963766164811076,6.133876450682139,1.0,3.106384615384615,1094.0,-0.00024359489329794926,0.0060768163265469965
3.683488416139967,-0.9965276210527056,6.1399532670086865,1.0,3.106,1095.0,-0.00024359489329794926,0.006076816326547885
3.6832558638260102,-0.9963888876988648,6.152106923412144,1.0,3.1056923076923075,1096.0,-0.00023255231395680198,0.012153656403457447
3.683023311512054,-0.996250154345024,6.1642605798156005,1.0,3.105384615384615,1097.0,-0.0002325523139563579,0.012153656403456559
3.682790759198097,-0.9961114209911831,6.176414236219058,1.0,3.105076923076923,1098.0,-0.00023255231395680198,0.012153656403457447
3.6825582068841407,-0.9959726876373421,6.1885678926225145,1.0,3.1047692307692305,1099.0,-0.0002325523139563579,0.012153656403456559
3.682325654570184,-0.9958339542835013,6.200721549025972,1.0,3.104461538461538,1100.0,-0.00023255231395680198,0.012153656403457447
3.6820931022562275,-0.9956952209296605,6.2128752054294285,1.0,3.104153846153846,1101.0,-0.0002325523139563579,0.012153656403456559
3.6818605499422707,-0.9955564875758196,6.225028861832886,1.0,3.103846153846154,1102.0,-0.00023255231395680198,0.012153656403457447
3.6816279976283144,-0.9954177542219788,6.2371825182363425,1.0,3.1035384615384616,1103.0,-0.0002325523139563579,0.012153656403456559
3.6813954453143576,-0.9952790208681379,6.2493361746398,1.0,3.1032307692307692,1104.0,-0.00023255231395680198,0.012153656403457447
3.6811628930004012,-0.995140287514297,6.2614898310432565,1.0,3.102923076923077,1105.0,-0.0002325523139563579,0.012153656403456559
3.6809303406864444,-0.9950015541604561,6.273643487446714,1.0,3.1026153846153846,1106.0,-0.00023255231395680198,0.012153656403457447
3.680697788372488,-0.9948628208066153,6.2857971438501705,1.0,3.102307692307692,1107.0,-0.0002325523139563579,0.012153656403456559
3.6804652360585313,-0.9947240874527744,6.297950800253628,1.0,3.102,1108.0,-0.00023255231395680198,0.012153656403457447
3.680239102490272,-0.9950246735721685,6.302940554684909,1.0,3.101769230769231,1109.0,-0.00022613356825917919,0.004989754431281135
3.680012968922013,-0.9953252596915626,6.30793030911619,1.0,3.1015384615384614,1110.0,-0.00022613356825917919,0.004989754431281135
3.6797868353537537,-0.9956258458109568,6.3129200635474705,1.0,3.1013076923076923,1111.0,-0.00022613356825917919,0.004989754431280247
3.6795607017854945,-0.9959264319303509,6.317909817978752,1.0,3.101076923076923,1112.0,-0.00022613356825917919,0.004989754431281135
3.6793345682172354,-0.996227018049745,6.322899572410033,1.0,3.100846153846154,1113.0,-0.00022613356825917919,0.004989754431281135
3.679108434648976,-0.9965276041691391,6.327889326841314,1.0,3.1006153846153848,1114.0,-0.00022613356825917919,0.004989754431281135
3.6788823010807166,-0.9968281902885333,6.332879081272594,1.0,3.1003846153846153,1115.0,-0.00022613356825962327,0.004989754431280247
3.6786561675124574,-0.9971287764079274,6.337868835703875,1.0,3.1001538461538463,1116.0,-0.00022613356825917919,0.004989754431281135
3.678430033944198,-0.9974293625273215,6.342858590135156,1.0,3.0999230769230772,1117.0,-0.00022613356825917919,0.004989754431281135
3.678203900375939,-0.9977299486467156,6.3478483445664375,1.0,3.0996923076923077,1118.0,-0.00022613356825917919,0.004989754431281135
3.67797776680768,-0.9980305347661098,6.352838098997718,1.0,3.0994615384615387,1119.0,-0.00022613356825917919,0.004989754431280247
3.6777516332394207,-0.9983311208855039,6.357827853428999,1.0,3.0992307692307692,1120.0,-0.00022613356825917919,0.004989754431281135
3.6775254996711615,-0.998631707004898,6.36281760786028,1.0,3.099,1121.0,-0.00022613356825917919,0.004989754431281135
3.6773388196803487,-0.998444149310864,6.366338074291494,1.0,3.0987142857142858,1122.0,-0.00018667999081278808,0.0035204664312136202
3.677152139689536,-0.99825659161683,6.369858540722707,1.0,3.0984285714285718,1123.0,-0.00018667999081278808,0.0035204664312136202
3.6769654596987227,-0.998069033922796,6.373379007153921,1.0,3.0981428571428573,1124.0,-0.00018667999081323217,0.0035204664312136202
3.67677877970791,-0.9978814762287619,6.3768994735851345,1.0,3.097857142857143,1125.0,-0.00018667999081278808,0.0035204664312136202
3.676592099717097,-0.9976939185347279,6.380419940016348,1.0,3.097571428571429,1126.0,-0.00018667999081278808,0.0035204664312136202
3.6764054197262843,-0.9975063608406939,6.383940406447562,1.0,3.0972857142857144,1127.0,-0.00018667999081278808,0.0035204664312136202
3.676218739735471,-0.9973188031466599,6.387460872878775,1.0,3.0970000000000004,1128.0,-0.00018667999081323217,0.0035204664312136202
3.6760320597446583,-0.9971312454526259,6.39098133930999,1.0,3.096714285714286,1129.0,-0.00018667999081278808,0.0035204664312145084
3.6758453797538455,-0.9969436877585919,6.3945018057412035,1.0,3.0964285714285715,1130.0,-0.00018667999081278808,0.0035204664312136202
3.6756586997630327,-0.9967561300645579,6.398022272172417,1.0,3.0961428571428575,1131.0,-0.00018667999081278808,0.0035204664312136202
3.67547201977222,-0.9965685723705238,6.401542738603631,1.0,3.095857142857143,1132.0,-0.00018667999081278808,0.0035204664312136202
3.6752853397814067,-0.9963810146764898,6.405063205034844,1.0,3.0955714285714286,1133.0,-0.00018667999081323217,0.0035204664312136202
3.675098659790594,-0.9961934569824558,6.408583671466058,1.0,3.0952857142857146,1134.0,-0.00018667999081278808,0.0035204664312136202
3.674911979799781,-0.9960058992884218,6.412104137897272,1.0,3.095,1135.0,-0.00018667999081278808,0.0035204664312136202
3.6747092307134728,-0.9960389243957777,6.417047692437329,1.0,3.094769230769231,1136.0,-0.00020274908630835142,0.004943554540057349
3.6745064816271644,-0.9960719495031337,6.421991246977386,1.0,3.0945384615384617,1137.0,-0.00020274908630835142,0.004943554540057349
3.674303732540856,-0.9961049746104896,6.426934801517443,1.0,3.0943076923076926,1138.0,-0.00020274908630835142,0.004943554540056461
3.6741009834545477,-0.9961379997178456,6.4318783560575,1.0,3.094076923076923,1139.0,-0.00020274908630835142,0.004943554540057349
3.6738982343682394,-0.9961710248252016,6.4368219105975575,1.0,3.093846153846154,1140.0,-0.00020274908630835142,0.004943554540057349
3.673695485281931,-0.9962040499325575,6.441765465137615,1.0,3.0936153846153847,1141.0,-0.00020274908630835142,0.004943554540057349
3.673492736195622,-0.9962370750399134,6.446709019677671,1.0,3.0933846153846156,1142.0,-0.0002027490863087955,0.004943554540056461
3.673289987109314,-0.9962701001472694,6.451652574217729,1.0,3.093153846153846,1143.0,-0.00020274908630835142,0.004943554540057349
3.6730872380230055,-0.9963031252546254,6.456596128757786,1.0,3.092923076923077,1144.0,-0.00020274908630835142,0.004943554540057349
3.672884488936697,-0.9963361503619813,6.461539683297843,1.0,3.0926923076923076,1145.0,-0.00020274908630835142,0.004943554540057349
3.672681739850389,-0.9963691754693372,6.4664832378379,1.0,3.0924615384615386,1146.0,-0.00020274908630835142,0.004943554540056461
3.6724789907640805,-0.9964022005766933,6.471426792377957,1.0,3.092230769230769,1147.0,-0.00020274908630835142,0.004943554540057349
3.672276241677772,-0.9964352256840492,6.4763703469180145,1.0,3.092,1148.0,-0.00020274908630835142,0.004943554540057349
3.6720783827291807,-0.9963206138964785,6.477651706446795,1.0,3.091769230769231,1149.0,-0.00019785894859136732,0.0012813595287806123
3.671880523780589,-0.9962060021089079,6.478933065975576,1.0,3.0915384615384616,1150.0,-0.0001978589485918114,0.0012813595287806123
3.6716826648319976,-0.9960913903213372,6.480214425504356,1.0,3.0913076923076925,1151.0,-0.00019785894859136732,0.0012813595287806123
3.6714848058834058,-0.9959767785337664,6.481495785033136,1.0,3.091076923076923,1152.0,-0.0001978589485918114,0.0012813595287797241
3.6712869469348144,-0.9958621667461958,6.482777144561917,1.0,3.090846153846154,1153.0,-0.00019785894859136732,0.0012813595287806123
3.6710890879862226,-0.9957475549586251,6.484058504090697,1.0,3.0906153846153845,1154.0,-0.0001978589485918114,0.0012813595287806123
3.670891229037631,-0.9956329431710544,6.485339863619478,1.0,3.0903846153846155,1155.0,-0.00019785894859136732,0.0012813595287806123
3.6706933700890394,-0.9955183313834838,6.4866212231482585,1.0,3.090153846153846,1156.0,-0.0001978589485918114,0.0012813595287806123
3.670495511140448,-0.9954037195959131,6.487902582677039,1.0,3.089923076923077,1157.0,-0.00019785894859136732,0.0012813595287806123
3.670297652191856,-0.9952891078083423,6.489183942205819,1.0,3.0896923076923075,1158.0,-0.0001978589485918114,0.0012813595287797241
3.670099793243265,-0.9951744960207717,6.4904653017345995,1.0,3.0894615384615385,1159.0,-0.00019785894859136732,0.0012813595287806123
3.669901934294673,-0.995059884233201,6.49174666126338,1.0,3.089230769230769,1160.0,-0.0001978589485918114,0.0012813595287806123
3.6697040753460817,-0.9949452724456304,6.493028020792161,1.0,3.089,1161.0,-0.00019785894859136732,0.0012813595287806123
3.669514421472168,-0.995073126305245,6.495811911808736,1.0,3.088769230769231,1162.0,-0.00018965387391345345,0.0027838910165751685
3.6693247675982543,-0.9952009801648597,6.49859580282531,1.0,3.0885384615384615,1163.0,-0.00018965387391389754,0.0027838910165742803
3.669135113724341,-0.9953288340244745,6.501379693841885,1.0,3.0883076923076924,1164.0,-0.00018965387391345345,0.0027838910165751685
3.668945459850427,-0.9954566878840891,6.5041635848584605,1.0,3.088076923076923,1165.0,-0.00018965387391389754,0.0027838910165751685
3.6687558059765135,-0.9955845417437038,6.506947475875035,1.0,3.087846153846154,1166.0,-0.00018965387391345345,0.0027838910165742803
3.6685661521025996,-0.9957123956033185,6.50973136689161,1.0,3.0876153846153844,1167.0,-0.00018965387391389754,0.0027838910165751685
3.668376498228686,-0.9958402494629333,6.512515257908185,1.0,3.0873846153846154,1168.0,-0.00018965387391345345,0.0027838910165751685
3.6681868443547723,-0.9959681033225479,6.51529914892476,1.0,3.087153846153846,1169.0,-0.00018965387391389754,0.0027838910165751685
3.667997190480859,-0.9960959571821626,6.5180830399413345,1.0,3.086923076923077,1170.0,-0.00018965387391345345,0.0027838910165742803
3.667807536606945,-0.9962238110417773,6.52086693095791,1.0,3.0866923076923074,1171.0,-0.00018965387391389754,0.0027838910165751685
3.6676178827330315,-0.996351664901392,6.523650821974485,1.0,3.0864615384615384,1172.0,-0.00018965387391345345,0.0027838910165751685
3.6674282288591176,-0.9964795187610067,6.526434712991059,1.0,3.086230769230769,1173.0,-0.00018965387391389754,0.0027838910165742803
3.667238574985204,-0.9966073726206214,6.529218604007634,1.0,3.086,1174.0,-0.00018965387391345345,0.0027838910165751685
3.6670788864949726,-0.9965097498640789,6.531176997856294,1.0,3.085785714285714,1175.0,-0.00015968849023151321,0.0019583938486595898
3.666919198004741,-0.9964121271075366,6.533135391704953,1.0,3.0855714285714284,1176.0,-0.00015968849023151321,0.0019583938486587016
3.6667595095145096,-0.9963145043509941,6.535093785553611,1.0,3.0853571428571427,1177.0,-0.00015968849023151321,0.0019583938486587016
3.666599821024278,-0.9962168815944517,6.537052179402271,1.0,3.085142857142857,1178.0,-0.00015968849023151321,0.0019583938486595898
3.6664401325340465,-0.9961192588379092,6.5390105732509305,1.0,3.0849285714285712,1179.0,-0.00015968849023151321,0.0019583938486595898
3.666280444043815,-0.9960216360813668,6.540968967099589,1.0,3.0847142857142855,1180.0,-0.00015968849023151321,0.0019583938486587016
3.6661207555535835,-0.9959240133248244,6.542927360948248,1.0,3.0845,1181.0,-0.00015968849023151321,0.0019583938486587016
3.665961067063352,-0.9958263905682819,6.5448857547969075,1.0,3.0842857142857145,1182.0,-0.00015968849023151321,0.0019583938486595898
3.6658013785731205,-0.9957287678117396,6.546844148645567,1.0,3.084071428571429,1183.0,-0.00015968849023151321,0.0019583938486595898
3.665641690082889,-0.9956311450551971,6.548802542494226,1.0,3.083857142857143,1184.0,-0.00015968849023151321,0.0019583938486587016
3.6654820015926575,-0.9955335222986547,6.5507609363428845,1.0,3.0836428571428574,1185.0,-0.00015968849023151321,0.0019583938486587016
3.665322313102426,-0.9954358995421122,6.552719330191544,1.0,3.0834285714285716,1186.0,-0.00015968849023151321,0.0019583938486595898
3.6651626246121944,-0.9953382767855699,6.554677724040204,1.0,3.083214285714286,1187.0,-0.00015968849023151321,0.0019583938486595898
3.665002936121963,-0.9952406540290274,6.556636117888862,1.0,3.083,1188.0,-0.00015968849023151321,0.0019583938486587016
3.6648337847136485,-0.9954027646638791,6.559369177177177,1.0,3.082769230769231,1189.0,-0.00016915140831441633,0.0027330592883147986
3.664664633305334,-0.9955648752987307,6.562102236465492,1.0,3.0825384615384617,1190.0,-0.00016915140831441633,0.0027330592883147986
3.66449548189702,-0.9957269859335824,6.564835295753807,1.0,3.0823076923076926,1191.0,-0.00016915140831397224,0.0027330592883147986
3.6643263304887057,-0.995889096568434,6.5675683550421216,1.0,3.082076923076923,1192.0,-0.00016915140831441633,0.0027330592883147986
3.6641571790803913,-0.9960512072032858,6.570301414330436,1.0,3.081846153846154,1193.0,-0.00016915140831441633,0.0027330592883147986
3.663988027672077,-0.9962133178381375,6.573034473618751,1.0,3.0816153846153846,1194.0,-0.00016915140831441633,0.0027330592883147986
3.663818876263763,-0.9963754284729891,6.575767532907066,1.0,3.0813846153846156,1195.0,-0.00016915140831397224,0.0027330592883147986
3.6636497248554485,-0.9965375391078408,6.578500592195381,1.0,3.081153846153846,1196.0,-0.00016915140831441633,0.0027330592883147986
3.663480573447134,-0.9966996497426925,6.5812336514836955,1.0,3.080923076923077,1197.0,-0.00016915140831441633,0.0027330592883147986
3.6633114220388197,-0.9968617603775441,6.58396671077201,1.0,3.0806923076923076,1198.0,-0.00016915140831441633,0.0027330592883147986
3.6631422706305057,-0.9970238710123959,6.586699770060325,1.0,3.0804615384615386,1199.0,-0.00016915140831397224,0.0027330592883147986
3.6629731192221913,-0.9971859816472475,6.58943282934864,1.0,3.080230769230769,1200.0,-0.00016915140831441633,0.0027330592883147986
3.662803967813877,-0.9973480922820992,6.592165888636955,1.0,3.08,1201.0,-0.00016915140831441633,0.0027330592883147986
3.6626311851259006,-0.997296825348648,6.5929547625553155,1.0,3.079769230769231,1202.0,-0.0001727826879762695,0.0007888739183607996
3.6624584024379243,-0.9972455584151969,6.593743636473676,1.0,3.0795384615384616,1203.0,-0.0001727826879762695,0.0007888739183607996
3.6622856197499476,-0.9971942914817458,6.594532510392037,1.0,3.0793076923076925,1204.0,-0.0001727826879767136,0.0007888739183607996
3.6621128370619713,-0.9971430245482946,6.595321384310398,1.0,3.079076923076923,1205.0,-0.0001727826879762695,0.0007888739183607996
3.661940054373995,-0.9970917576148435,6.596110258228759,1.0,3.078846153846154,1206.0,-0.0001727826879762695,0.0007888739183607996
3.661767271686019,-0.9970404906813923,6.5968991321471195,1.0,3.0786153846153845,1207.0,-0.0001727826879762695,0.0007888739183607996
3.661594488998042,-0.9969892237479411,6.59768800606548,1.0,3.0783846153846155,1208.0,-0.0001727826879767136,0.0007888739183607996
3.661421706310066,-0.9969379568144899,6.598476879983841,1.0,3.078153846153846,1209.0,-0.0001727826879762695,0.0007888739183607996
3.6612489236220895,-0.9968866898810388,6.599265753902202,1.0,3.077923076923077,1210.0,-0.0001727826879762695,0.0007888739183607996
3.6610761409341133,-0.9968354229475876,6.600054627820563,1.0,3.0776923076923075,1211.0,-0.0001727826879762695,0.0007888739183607996
3.6609033582461366,-0.9967841560141365,6.6008435017389235,1.0,3.0774615384615385,1212.0,-0.0001727826879767136,0.0007888739183607996
3.6607305755581603,-0.9967328890806854,6.601632375657284,1.0,3.077230769230769,1213.0,-0.0001727826879762695,0.0007888739183607996
3.660557792870184,-0.9966816221472342,6.602421249575645,1.0,3.077,1214.0,-0.0001727826879762695,0.0007888739183607996
3.660396937579277,-0.9966357795875911,6.6010391856490624,1.0,3.076769230769231,1215.0,-0.000160855290907147,-0.0013820639265826884
3.6602360822883697,-0.9965899370279481,6.59965712172248,1.0,3.0765384615384614,1216.0,-0.000160855290907147,-0.0013820639265826884
3.6600752269974626,-0.9965440944683049,6.598275057795897,1.0,3.0763076923076924,1217.0,-0.000160855290907147,-0.0013820639265826884
3.6599143717065554,-0.9964982519086619,6.596892993869315,1.0,3.076076923076923,1218.0,-0.000160855290907147,-0.0013820639265818002
3.6597535164156483,-0.9964524093490188,6.595510929942733,1.0,3.075846153846154,1219.0,-0.000160855290907147,-0.0013820639265826884
3.659592661124741,-0.9964065667893758,6.59412886601615,1.0,3.0756153846153844,1220.0,-0.000160855290907147,-0.0013820639265826884
3.659431805833834,-0.9963607242297327,6.592746802089567,1.0,3.0753846153846154,1221.0,-0.000160855290907147,-0.0013820639265826884
3.659270950542927,-0.9963148816700896,6.5913647381629845,1.0,3.075153846153846,1222.0,-0.000160855290907147,-0.0013820639265826884
3.6591100952520197,-0.9962690391104465,6.589982674236402,1.0,3.074923076923077,1223.0,-0.000160855290907147,-0.0013820639265826884
3.6589492399611125,-0.9962231965508035,6.58860061030982,1.0,3.0746923076923074,1224.0,-0.000160855290907147,-0.0013820639265818002
3.6587883846702054,-0.9961773539911604,6.587218546383237,1.0,3.0744615384615384,1225.0,-0.000160855290907147,-0.0013820639265826884
3.6586275293792982,-0.9961315114315173,6.585836482456655,1.0,3.074230769230769,1226.0,-0.000160855290907147,-0.0013820639265826884
3.658466674088391,-0.9960856688718742,6.584454418530072,1.0,3.074,1227.0,-0.000160855290907147,-0.0013820639265826884
3.6583058989605695,-0.9960792308874183,6.587699328375427,1.0,3.0736923076923075,1228.0,-0.00016077512782164405,0.0032449098453550818
3.658145123832748,-0.9960727929029624,6.590944238220781,1.0,3.073384615384615,1229.0,-0.00016077512782164405,0.0032449098453541936
3.657984348704926,-0.9960663549185065,6.594189148066136,1.0,3.073076923076923,1230.0,-0.00016077512782164405,0.0032449098453550818
3.6578235735771045,-0.9960599169340505,6.597434057911491,1.0,3.0727692307692305,1231.0,-0.00016077512782164405,0.0032449098453550818
3.657662798449283,-0.9960534789495946,6.600678967756846,1.0,3.072461538461538,1232.0,-0.00016077512782164405,0.0032449098453541936
3.6575020233214612,-0.9960470409651386,6.603923877602201,1.0,3.072153846153846,1233.0,-0.00016077512782164405,0.0032449098453550818
3.6573412481936396,-0.9960406029806828,6.607168787447556,1.0,3.071846153846154,1234.0,-0.00016077512782164405,0.0032449098453550818
3.657180473065818,-0.9960341649962268,6.610413697292911,1.0,3.0715384615384616,1235.0,-0.00016077512782164405,0.0032449098453550818
3.6570196979379963,-0.9960277270117709,6.613658607138265,1.0,3.071230769230769,1236.0,-0.00016077512782164405,0.0032449098453541936
3.6568589228101747,-0.9960212890273149,6.61690351698362,1.0,3.070923076923077,1237.0,-0.00016077512782164405,0.0032449098453550818
3.656698147682353,-0.996014851042859,6.620148426828975,1.0,3.0706153846153845,1238.0,-0.00016077512782164405,0.0032449098453550818
3.6565373725545314,-0.996008413058403,6.623393336674329,1.0,3.070307692307692,1239.0,-0.00016077512782164405,0.0032449098453541936
3.6563765974267097,-0.9960019750739472,6.6266382465196845,1.0,3.07,1240.0,-0.00016077512782164405,0.0032449098453550818
3.656220120273095,-0.9959688014877857,6.626193473699931,1.0,3.069857142857143,1241.0,-0.0001564771536148868,-0.0004447728197538581
3.6560636431194804,-0.9959356279016242,6.625748700880178,1.0,3.0697142857142854,1242.0,-0.0001564771536144427,-0.0004447728197529699
3.6559071659658655,-0.9959024543154626,6.625303928060424,1.0,3.0695714285714284,1243.0,-0.0001564771536148868,-0.0004447728197538581
3.6557506888122506,-0.9958692807293011,6.62485915524067,1.0,3.0694285714285714,1244.0,-0.0001564771536148868,-0.0004447728197538581
3.6555942116586357,-0.9958361071431396,6.624414382420916,1.0,3.0692857142857144,1245.0,-0.0001564771536148868,-0.0004447728197538581
3.6554377345050213,-0.9958029335569781,6.623969609601163,1.0,3.069142857142857,1246.0,-0.0001564771536144427,-0.0004447728197529699
3.6552812573514064,-0.9957697599708166,6.623524836781409,1.0,3.069,1247.0,-0.0001564771536148868,-0.0004447728197538581
3.6551247801977915,-0.995736586384655,6.623080063961655,1.0,3.068857142857143,1248.0,-0.0001564771536148868,-0.0004447728197538581
3.654968303044177,-0.9957034127984935,6.622635291141902,1.0,3.0687142857142855,1249.0,-0.0001564771536144427,-0.0004447728197529699
3.654811825890562,-0.995670239212332,6.6221905183221486,1.0,3.0685714285714285,1250.0,-0.0001564771536148868,-0.0004447728197538581
3.6546553487369473,-0.9956370656261705,6.621745745502395,1.0,3.0684285714285715,1251.0,-0.0001564771536148868,-0.0004447728197538581
3.6544988715833324,-0.995603892040009,6.621300972682641,1.0,3.0682857142857145,1252.0,-0.0001564771536148868,-0.0004447728197538581
3.654342394429718,-0.9955707184538475,6.620856199862888,1.0,3.068142857142857,1253.0,-0.0001564771536144427,-0.0004447728197529699
3.654185917276103,-0.995537544867686,6.620411427043134,1.0,3.068,1254.0,-0.0001564771536148868,-0.0004447728197538581
3.6540383881918834,-0.9955255197945395,6.6226691547237335,1.0,3.067846153846154,1255.0,-0.00014752908421966637,0.0022577276805995083
3.6538908591076633,-0.995513494721393,6.624926882404334,1.0,3.0676923076923077,1256.0,-0.00014752908422011046,0.0022577276806003965
3.6537433300234436,-0.9955014696482466,6.627184610084933,1.0,3.0675384615384615,1257.0,-0.00014752908421966637,0.0022577276805995083
3.653595800939224,-0.9954894445751001,6.629442337765533,1.0,3.0673846153846154,1258.0,-0.00014752908421966637,0.0022577276805995083
3.653448271855004,-0.9954774195019537,6.631700065446133,1.0,3.067230769230769,1259.0,-0.00014752908422011046,0.0022577276806003965
3.653300742770784,-0.9954653944288072,6.633957793126733,1.0,3.067076923076923,1260.0,-0.00014752908421966637,0.0022577276805995083
3.6531532136865645,-0.9954533693556608,6.636215520807332,1.0,3.066923076923077,1261.0,-0.00014752908421966637,0.0022577276805995083
3.653005684602345,-0.9954413442825143,6.638473248487932,1.0,3.0667692307692307,1262.0,-0.00014752908421966637,0.0022577276805995083
3.6528581555181248,-0.9954293192093678,6.640730976168532,1.0,3.0666153846153845,1263.0,-0.00014752908422011046,0.0022577276806003965
3.652710626433905,-0.9954172941362214,6.642988703849132,1.0,3.0664615384615383,1264.0,-0.00014752908421966637,0.0022577276805995083
3.6525630973496854,-0.9954052690630749,6.645246431529731,1.0,3.066307692307692,1265.0,-0.00014752908421966637,0.0022577276805995083
3.6524155682654653,-0.9953932439899285,6.647504159210332,1.0,3.066153846153846,1266.0,-0.00014752908422011046,0.0022577276806003965
3.6522680391812457,-0.995381218916782,6.649761886890931,1.0,3.066,1267.0,-0.00014752908421966637,0.0022577276805995083
3.6521196888548104,-0.9952174917989389,6.6497948508441,1.0,3.065769230769231,1268.0,-0.0001483503264352315,3.296395316887413e-05
3.651971338528375,-0.9950537646810957,6.649827814797268,1.0,3.0655384615384613,1269.0,-0.0001483503264352315,3.296395316798595e-05
3.65182298820194,-0.9948900375632527,6.649860778750437,1.0,3.0653076923076923,1270.0,-0.0001483503264352315,3.296395316887413e-05
3.6516746378755047,-0.9947263104454096,6.649893742703606,1.0,3.065076923076923,1271.0,-0.0001483503264352315,3.296395316887413e-05
3.6515262875490695,-0.9945625833275664,6.649926706656774,1.0,3.0648461538461538,1272.0,-0.0001483503264352315,3.296395316798595e-05
3.6513779372226343,-0.9943988562097233,6.649959670609943,1.0,3.0646153846153847,1273.0,-0.0001483503264352315,3.296395316887413e-05
3.6512295868961986,-0.9942351290918803,6.6499926345631115,1.0,3.0643846153846153,1274.0,-0.00014835032643567558,3.296395316887413e-05
3.6510812365697634,-0.9940714019740372,6.65002559851628,1.0,3.0641538461538462,1275.0,-0.0001483503264352315,3.296395316887413e-05
3.650932886243328,-0.993907674856194,6.650058562469448,1.0,3.063923076923077,1276.0,-0.0001483503264352315,3.296395316798595e-05
3.650784535916893,-0.993743947738351,6.650091526422617,1.0,3.0636923076923077,1277.0,-0.0001483503264352315,3.296395316887413e-05
3.6506361855904577,-0.9935802206205079,6.650124490375786,1.0,3.0634615384615387,1278.0,-0.0001483503264352315,3.296395316887413e-05
3.6504878352640224,-0.9934164935026647,6.650157454328954,1.0,3.063230769230769,1279.0,-0.0001483503264352315,3.296395316798595e-05
3.650339484937587,-0.9932527663848216,6.650190418282123,1.0,3.063,1280.0,-0.0001483503264352315,3.296395316887413e-05
3.650183290333721,-0.9934303015012331,6.652961945899235,1.0,3.062769230769231,1281.0,-0.00015619460386639972,0.0027715276171118575
3.650027095729854,-0.9936078366176447,6.655733473516347,1.0,3.0625384615384617,1282.0,-0.0001561946038668438,0.0027715276171118575
3.6498709011259876,-0.9937853717340562,6.6585050011334594,1.0,3.0623076923076926,1283.0,-0.00015619460386639972,0.0027715276171127456
3.6497147065221207,-0.9939629068504677,6.661276528750571,1.0,3.062076923076923,1284.0,-0.0001561946038668438,0.0027715276171118575
3.6495585119182543,-0.9941404419668793,6.664048056367683,1.0,3.061846153846154,1285.0,-0.00015619460386639972,0.0027715276171118575
3.649402317314388,-0.9943179770832908,6.666819583984795,1.0,3.0616153846153846,1286.0,-0.00015619460386639972,0.0027715276171118575
3.649246122710521,-0.9944955121997023,6.669591111601908,1.0,3.0613846153846156,1287.0,-0.0001561946038668438,0.0027715276171127456
3.6490899281066547,-0.9946730473161138,6.67236263921902,1.0,3.061153846153846,1288.0,-0.00015619460386639972,0.0027715276171118575
3.6489337335027883,-0.9948505824325254,6.6751341668361315,1.0,3.060923076923077,1289.0,-0.00015619460386639972,0.0027715276171118575
3.6487775388989214,-0.9950281175489369,6.677905694453243,1.0,3.0606923076923076,1290.0,-0.0001561946038668438,0.0027715276171118575
3.648621344295055,-0.9952056526653484,6.680677222070356,1.0,3.0604615384615386,1291.0,-0.00015619460386639972,0.0027715276171127456
3.648465149691188,-0.99538318778176,6.683448749687468,1.0,3.060230769230769,1292.0,-0.0001561946038668438,0.0027715276171118575
3.648308955087322,-0.9955607228981715,6.68622027730458,1.0,3.06,1293.0,-0.00015619460386639972,0.0027715276171118575
3.6481678747829815,-0.9955745252019896,6.688859771464604,1.0,3.059857142857143,1294.0,-0.00014108030434023533,0.0026394941600242916
3.6480267944786413,-0.9955883275058078,6.691499265624629,1.0,3.0597142857142856,1295.0,-0.00014108030434023533,0.0026394941600251798
3.647885714174301,-0.9956021298096259,6.694138759784654,1.0,3.0595714285714286,1296.0,-0.00014108030434023533,0.0026394941600242916
3.647744633869961,-0.995615932113444,6.696778253944679,1.0,3.0594285714285716,1297.0,-0.00014108030434023533,0.0026394941600251798
3.6476035535656206,-0.9956297344172621,6.699417748104703,1.0,3.059285714285714,1298.0,-0.00014108030434023533,0.0026394941600242916
3.6474624732612804,-0.9956435367210803,6.702057242264728,1.0,3.059142857142857,1299.0,-0.00014108030434023533,0.0026394941600251798
3.64732139295694,-0.9956573390248984,6.7046967364247525,1.0,3.059,1300.0,-0.00014108030434023533,0.0026394941600242916
3.6471803126525995,-0.9956711413287165,6.707336230584777,1.0,3.0588571428571427,1301.0,-0.00014108030434067942,0.0026394941600242916
3.647039232348259,-0.9956849436325347,6.709975724744802,1.0,3.0587142857142857,1302.0,-0.00014108030434023533,0.0026394941600251798
3.646898152043919,-0.9956987459363528,6.712615218904826,1.0,3.0585714285714283,1303.0,-0.00014108030434023533,0.0026394941600242916
3.6467570717395787,-0.9957125482401709,6.715254713064851,1.0,3.0584285714285713,1304.0,-0.00014108030434023533,0.0026394941600251798
3.6466159914352385,-0.995726350543989,6.717894207224876,1.0,3.0582857142857143,1305.0,-0.00014108030434023533,0.0026394941600242916
3.6464749111308983,-0.9957401528478071,6.720533701384901,1.0,3.058142857142857,1306.0,-0.00014108030434023533,0.0026394941600251798
3.646333830826558,-0.9957539551516252,6.723173195544925,1.0,3.058,1307.0,-0.00014108030434023533,0.0026394941600242916
3.64617436379793,-0.9957941152935184,6.723916445660175,1.0,3.0578461538461537,1308.0,-0.00015946702862823514,0.0007432501152502269
3.6460148967693016,-0.9958342754354114,6.7246596957754265,1.0,3.0576923076923075,1309.0,-0.00015946702862823514,0.0007432501152511151
3.6458554297406733,-0.9958744355773045,6.725402945890677,1.0,3.0575384615384613,1310.0,-0.00015946702862823514,0.0007432501152502269
3.645695962712045,-0.9959145957191975,6.726146196005928,1.0,3.057384615384615,1311.0,-0.00015946702862823514,0.0007432501152511151
3.645536495683417,-0.9959547558610906,6.726889446121178,1.0,3.057230769230769,1312.0,-0.00015946702862823514,0.0007432501152502269
3.6453770286547886,-0.9959949160029837,6.727632696236428,1.0,3.057076923076923,1313.0,-0.00015946702862823514,0.0007432501152502269
3.6452175616261604,-0.9960350761448767,6.7283759463516795,1.0,3.056923076923077,1314.0,-0.00015946702862823514,0.0007432501152511151
3.645058094597532,-0.9960752362867699,6.72911919646693,1.0,3.056769230769231,1315.0,-0.00015946702862823514,0.0007432501152502269
3.644898627568904,-0.996115396428663,6.72986244658218,1.0,3.0566153846153847,1316.0,-0.00015946702862823514,0.0007432501152502269
3.6447391605402757,-0.996155556570556,6.730605696697431,1.0,3.0564615384615386,1317.0,-0.00015946702862823514,0.0007432501152511151
3.6445796935116475,-0.9961957167124491,6.731348946812681,1.0,3.0563076923076924,1318.0,-0.00015946702862823514,0.0007432501152502269
3.644420226483019,-0.9962358768543421,6.732092196927932,1.0,3.056153846153846,1319.0,-0.00015946702862823514,0.0007432501152511151
3.644260759454391,-0.9962760369962352,6.732835447043183,1.0,3.056,1320.0,-0.00015946702862823514,0.0007432501152502269
3.6441293820335128,-0.9962039041463459,6.735175076700548,1.0,3.055769230769231,1321.0,-0.00013137742087820925,0.0023396296573654496
3.643998004612635,-0.9961317712964565,6.737514706357913,1.0,3.0555384615384615,1322.0,-0.00013137742087776516,0.0023396296573645614
3.643866627191757,-0.9960596384465671,6.739854336015278,1.0,3.0553076923076925,1323.0,-0.00013137742087820925,0.0023396296573654496
3.6437352497708786,-0.9959875055966777,6.742193965672643,1.0,3.055076923076923,1324.0,-0.00013137742087820925,0.0023396296573645614
3.643603872350001,-0.9959153727467883,6.744533595330008,1.0,3.054846153846154,1325.0,-0.00013137742087776516,0.0023396296573654496
3.6434724949291226,-0.9958432398968989,6.7468732249873735,1.0,3.0546153846153845,1326.0,-0.00013137742087820925,0.0023396296573654496
3.6433411175082444,-0.9957711070470097,6.749212854644738,1.0,3.0543846153846155,1327.0,-0.00013137742087820925,0.0023396296573645614
3.643209740087366,-0.9956989741971203,6.7515524843021035,1.0,3.054153846153846,1328.0,-0.00013137742087820925,0.0023396296573654496
3.6430783626664884,-0.9956268413472309,6.753892113959469,1.0,3.053923076923077,1329.0,-0.00013137742087776516,0.0023396296573654496
3.6429469852456102,-0.9955547084973415,6.7562317436168335,1.0,3.0536923076923075,1330.0,-0.00013137742087820925,0.0023396296573645614
3.642815607824732,-0.9954825756474521,6.758571373274199,1.0,3.0534615384615384,1331.0,-0.00013137742087820925,0.0023396296573654496
3.6426842304038543,-0.9954104427975627,6.7609110029315636,1.0,3.053230769230769,1332.0,-0.00013137742087776516,0.0023396296573645614
3.642552852982976,-0.9953383099476734,6.763250632588929,1.0,3.053,1333.0,-0.00013137742087820925,0.0023396296573654496
3.64240669867695,-0.9952885376252162,6.764318877097926,1.0,3.0528461538461538,1334.0,-0.0001461543060261583,0.0010682445089971182
3.642260544370924,-0.9952387653027589,6.765387121606922,1.0,3.0526923076923076,1335.0,-0.00014615430602571422,0.00106824450899623
3.642114390064898,-0.9951889929803017,6.7664553661159195,1.0,3.0525384615384614,1336.0,-0.0001461543060261583,0.0010682445089971182
3.641968235758872,-0.9951392206578445,6.767523610624916,1.0,3.0523846153846153,1337.0,-0.0001461543060261583,0.00106824450899623
3.641822081452846,-0.9950894483353873,6.768591855133913,1.0,3.052230769230769,1338.0,-0.00014615430602571422,0.0010682445089971182
3.64167592714682,-0.9950396760129301,6.76966009964291,1.0,3.052076923076923,1339.0,-0.0001461543060261583,0.0010682445089971182
3.641529772840794,-0.9949899036904729,6.770728344151906,1.0,3.051923076923077,1340.0,-0.0001461543060261583,0.00106824450899623
3.6413836185347677,-0.9949401313680157,6.771796588660903,1.0,3.051769230769231,1341.0,-0.0001461543060261583,0.0010682445089971182
3.641237464228742,-0.9948903590455584,6.7728648331699,1.0,3.051615384615385,1342.0,-0.00014615430602571422,0.0010682445089971182
3.641091309922716,-0.9948405867231013,6.773933077678897,1.0,3.0514615384615387,1343.0,-0.0001461543060261583,0.00106824450899623
3.6409451556166896,-0.9947908144006441,6.775001322187894,1.0,3.0513076923076925,1344.0,-0.0001461543060261583,0.0010682445089971182
3.640799001310664,-0.9947410420781868,6.77606956669689,1.0,3.0511538461538463,1345.0,-0.00014615430602571422,0.00106824450899623
3.6406528470046378,-0.9946912697557296,6.777137811205887,1.0,3.051,1346.0,-0.0001461543060261583,0.0010682445089971182
3.6405239596460413,-0.9947729311454746,6.779639315568856,1.0,3.050769230769231,1347.0,-0.0001288873585965078,0.0025015043629688094
3.6403950722874447,-0.9948545925352197,6.782140819931825,1.0,3.0505384615384616,1348.0,-0.0001288873585965078,0.0025015043629688094
3.6402661849288482,-0.9949362539249647,6.784642324294793,1.0,3.0503076923076926,1349.0,-0.0001288873585965078,0.0025015043629679212
3.6401372975702513,-0.9950179153147097,6.7871438286577614,1.0,3.050076923076923,1350.0,-0.00012888735859695188,0.0025015043629688094
3.6400084102116548,-0.9950995767044547,6.78964533302073,1.0,3.049846153846154,1351.0,-0.0001288873585965078,0.0025015043629688094
3.6398795228530583,-0.9951812380941997,6.792146837383699,1.0,3.0496153846153846,1352.0,-0.0001288873585965078,0.0025015043629688094
3.6397506354944618,-0.9952628994839448,6.794648341746667,1.0,3.0493846153846156,1353.0,-0.0001288873585965078,0.0025015043629679212
3.6396217481358653,-0.9953445608736897,6.797149846109636,1.0,3.049153846153846,1354.0,-0.0001288873585965078,0.0025015043629688094
3.6394928607772687,-0.9954262222634347,6.799651350472605,1.0,3.048923076923077,1355.0,-0.0001288873585965078,0.0025015043629688094
3.639363973418672,-0.9955078836531798,6.802152854835573,1.0,3.0486923076923076,1356.0,-0.00012888735859695188,0.0025015043629688094
3.6392350860600753,-0.9955895450429247,6.804654359198541,1.0,3.0484615384615386,1357.0,-0.0001288873585965078,0.0025015043629679212
3.639106198701479,-0.9956712064326698,6.80715586356151,1.0,3.048230769230769,1358.0,-0.0001288873585965078,0.0025015043629688094
3.6389773113428823,-0.9957528678224148,6.809657367924479,1.0,3.048,1359.0,-0.0001288873585965078,0.0025015043629688094
3.6388380589439664,-0.995720444611541,6.811316142711474,1.0,3.047857142857143,1360.0,-0.00013925239891587893,0.0016587747869953873
3.6386988065450505,-0.9956880214006673,6.81297491749847,1.0,3.0477142857142856,1361.0,-0.00013925239891587893,0.0016587747869953873
3.6385595541461346,-0.9956555981897934,6.814633692285465,1.0,3.0475714285714286,1362.0,-0.00013925239891587893,0.0016587747869953873
3.638420301747219,-0.9956231749789196,6.8162924670724605,1.0,3.0474285714285716,1363.0,-0.00013925239891543484,0.0016587747869953873
3.6382810493483033,-0.9955907517680459,6.817951241859456,1.0,3.047285714285714,1364.0,-0.00013925239891587893,0.0016587747869953873
3.6381417969493874,-0.9955583285571721,6.819610016646451,1.0,3.047142857142857,1365.0,-0.00013925239891587893,0.0016587747869953873
3.6380025445504716,-0.9955259053462983,6.8212687914334476,1.0,3.047,1366.0,-0.00013925239891587893,0.0016587747869962755
3.6378632921515557,-0.9954934821354245,6.822927566220443,1.0,3.0468571428571427,1367.0,-0.00013925239891587893,0.0016587747869953873
3.63772403975264,-0.9954610589245507,6.824586341007438,1.0,3.0467142857142857,1368.0,-0.00013925239891587893,0.0016587747869953873
3.637584787353724,-0.995428635713677,6.826245115794434,1.0,3.0465714285714283,1369.0,-0.00013925239891587893,0.0016587747869953873
3.6374455349548085,-0.9953962125028032,6.827903890581429,1.0,3.0464285714285713,1370.0,-0.00013925239891543484,0.0016587747869953873
3.6373062825558926,-0.9953637892919294,6.8295626653684245,1.0,3.0462857142857143,1371.0,-0.00013925239891587893,0.0016587747869953873
3.6371670301569767,-0.9953313660810557,6.83122144015542,1.0,3.046142857142857,1372.0,-0.00013925239891587893,0.0016587747869953873
3.637027777758061,-0.9952989428701818,6.832880214942415,1.0,3.046,1373.0,-0.00013925239891587893,0.0016587747869953873
3.6368971288815013,-0.9953758163657408,6.833227026956115,1.0,3.0458461538461536,1374.0,-0.00013064887655955815,0.0003468120136993491
3.6367664800049413,-0.9954526898612998,6.833573838969814,1.0,3.0456923076923075,1375.0,-0.00013064887656000224,0.0003468120136993491
3.6366358311283817,-0.9955295633568587,6.833920650983513,1.0,3.0455384615384613,1376.0,-0.00013064887655955815,0.0003468120136993491
3.6365051822518217,-0.9956064368524177,6.834267462997213,1.0,3.045384615384615,1377.0,-0.00013064887656000224,0.0003468120136993491
3.636374533375262,-0.9956833103479766,6.834614275010912,1.0,3.045230769230769,1378.0,-0.00013064887655955815,0.0003468120136993491
3.636243884498702,-0.9957601838435356,6.834961087024611,1.0,3.045076923076923,1379.0,-0.00013064887656000224,0.0003468120136993491
3.6361132356221426,-0.9958370573390944,6.835307899038312,1.0,3.044923076923077,1380.0,-0.00013064887655955815,0.0003468120137002373
3.6359825867455826,-0.9959139308346534,6.835654711052011,1.0,3.044769230769231,1381.0,-0.00013064887656000224,0.0003468120136993491
3.635851937869023,-0.9959908043302124,6.83600152306571,1.0,3.0446153846153847,1382.0,-0.00013064887655955815,0.0003468120136993491
3.635721288992463,-0.9960676778257713,6.83634833507941,1.0,3.0444615384615386,1383.0,-0.00013064887656000224,0.0003468120136993491
3.6355906401159035,-0.9961445513213303,6.836695147093109,1.0,3.0443076923076924,1384.0,-0.00013064887655955815,0.0003468120136993491
3.6354599912393435,-0.9962214248168892,6.837041959106808,1.0,3.044153846153846,1385.0,-0.00013064887656000224,0.0003468120136993491
3.635329342362784,-0.9962982983124482,6.837388771120508,1.0,3.044,1386.0,-0.00013064887655955815,0.0003468120136993491
3.6351857512601415,-0.9963551949764454,6.838556887246986,1.0,3.043923076923077,1387.0,-0.00014359110264239305,0.001168116126478047
3.6350421601574987,-0.9964120916404425,6.839725003373464,1.0,3.043846153846154,1388.0,-0.00014359110264283714,0.001168116126478047
3.6348985690548563,-0.9964689883044398,6.840893119499941,1.0,3.043769230769231,1389.0,-0.00014359110264239305,0.001168116126477159
3.634754977952214,-0.9965258849684369,6.842061235626419,1.0,3.0436923076923077,1390.0,-0.00014359110264239305,0.001168116126478047
3.634611386849571,-0.9965827816324341,6.843229351752897,1.0,3.043615384615385,1391.0,-0.00014359110264283714,0.001168116126478047
3.6344677957469287,-0.9966396782964312,6.844397467879375,1.0,3.0435384615384615,1392.0,-0.00014359110264239305,0.001168116126478047
3.6343242046442863,-0.9966965749604284,6.845565584005852,1.0,3.0434615384615387,1393.0,-0.00014359110264239305,0.001168116126477159
3.634180613541644,-0.9967534716244255,6.84673370013233,1.0,3.0433846153846154,1394.0,-0.00014359110264239305,0.001168116126478047
3.634037022439001,-0.9968103682884227,6.847901816258808,1.0,3.0433076923076925,1395.0,-0.00014359110264283714,0.001168116126478047
3.6338934313363587,-0.9968672649524198,6.849069932385286,1.0,3.043230769230769,1396.0,-0.00014359110264239305,0.001168116126478047
3.6337498402337163,-0.9969241616164171,6.8502380485117635,1.0,3.0431538461538463,1397.0,-0.00014359110264239305,0.001168116126477159
3.6336062491310734,-0.9969810582804142,6.851406164638242,1.0,3.043076923076923,1398.0,-0.00014359110264283714,0.001168116126478047
3.633462658028431,-0.9970379549444114,6.85257428076472,1.0,3.043,1399.0,-0.00014359110264239305,0.001168116126478047
3.6333390608419016,-0.9968475776531206,6.853078675607321,1.0,3.042846153846154,1400.0,-0.00012359718652943386,0.0005043948426015632
3.633215463655372,-0.9966572003618298,6.853583070449922,1.0,3.042692307692308,1401.0,-0.00012359718652943386,0.000504394842600675
3.6330918664688427,-0.996466823070539,6.854087465292523,1.0,3.0425384615384616,1402.0,-0.00012359718652943386,0.0005043948426015632
3.6329682692823133,-0.9962764457792482,6.854591860135124,1.0,3.0423846153846155,1403.0,-0.00012359718652943386,0.000504394842600675
3.632844672095784,-0.9960860684879574,6.855096254977726,1.0,3.0422307692307693,1404.0,-0.00012359718652943386,0.0005043948426015632
3.6327210749092544,-0.9958956911966667,6.855600649820327,1.0,3.042076923076923,1405.0,-0.00012359718652943386,0.0005043948426015632
3.6325974777227255,-0.995705313905376,6.856105044662928,1.0,3.041923076923077,1406.0,-0.00012359718652898977,0.000504394842600675
3.632473880536196,-0.9955149366140852,6.8566094395055295,1.0,3.041769230769231,1407.0,-0.00012359718652943386,0.0005043948426015632
3.6323502833496666,-0.9953245593227944,6.857113834348131,1.0,3.0416153846153846,1408.0,-0.00012359718652943386,0.0005043948426015632
3.632226686163137,-0.9951341820315036,6.857618229190732,1.0,3.0414615384615384,1409.0,-0.00012359718652943386,0.000504394842600675
3.6321030889766077,-0.9949438047402128,6.858122624033333,1.0,3.0413076923076923,1410.0,-0.00012359718652943386,0.0005043948426015632
3.6319794917900783,-0.994753427448922,6.858627018875934,1.0,3.041153846153846,1411.0,-0.00012359718652943386,0.000504394842600675
3.631855894603549,-0.9945630501576312,6.8591314137185355,1.0,3.041,1412.0,-0.00012359718652943386,0.0005043948426015632
3.6317316411027565,-0.9946019943222953,6.861877536846319,1.0,3.040857142857143,1413.0,-0.00012425350079237063,0.0027461231277836617
3.631607387601964,-0.9946409384869594,6.864623659974103,1.0,3.0407142857142855,1414.0,-0.00012425350079237063,0.0027461231277836617
3.631483134101172,-0.9946798826516235,6.8673697831018865,1.0,3.0405714285714285,1415.0,-0.00012425350079192654,0.0027461231277836617
3.63135888060038,-0.9947188268162876,6.870115906229671,1.0,3.0404285714285715,1416.0,-0.00012425350079237063,0.00274612312778455
3.6312346270995874,-0.9947577709809517,6.872862029357455,1.0,3.0402857142857145,1417.0,-0.00012425350079237063,0.0027461231277836617
3.631110373598795,-0.9947967151456159,6.875608152485238,1.0,3.040142857142857,1418.0,-0.00012425350079237063,0.0027461231277836617
3.630986120098003,-0.99483565931028,6.878354275613022,1.0,3.04,1419.0,-0.00012425350079192654,0.0027461231277836617
3.6308618665972108,-0.9948746034749442,6.881100398740806,1.0,3.039857142857143,1420.0,-0.00012425350079237063,0.0027461231277836617
3.6307376130964184,-0.9949135476396083,6.883846521868589,1.0,3.0397142857142856,1421.0,-0.00012425350079237063,0.0027461231277836617
3.630613359595626,-0.9949524918042724,6.886592644996373,1.0,3.0395714285714286,1422.0,-0.00012425350079237063,0.0027461231277836617
3.6304891060948337,-0.9949914359689365,6.889338768124158,1.0,3.0394285714285716,1423.0,-0.00012425350079237063,0.00274612312778455
3.6303648525940417,-0.9950303801336006,6.892084891251941,1.0,3.0392857142857146,1424.0,-0.00012425350079192654,0.0027461231277836617
3.6302405990932494,-0.9950693242982647,6.894831014379725,1.0,3.039142857142857,1425.0,-0.00012425350079237063,0.0027461231277836617
3.630116345592457,-0.9951082684629288,6.897577137507509,1.0,3.039,1426.0,-0.00012425350079237063,0.0027461231277836617
3.6299883385675904,-0.9950552363639976,6.898945737786492,1.0,3.038769230769231,1427.0,-0.00012800702486659432,0.001368600278983223
3.629860331542724,-0.9950022042650665,6.900314338065474,1.0,3.0385384615384616,1428.0,-0.00012800702486659432,0.0013686002789823348
3.629732324517857,-0.9949491721661353,6.901682938344457,1.0,3.0383076923076926,1429.0,-0.00012800702486659432,0.001368600278983223
3.62960431749299,-0.9948961400672041,6.90305153862344,1.0,3.038076923076923,1430.0,-0.0001280070248670384,0.0013686002789823348
3.6294763104681236,-0.9948431079682729,6.904420138902423,1.0,3.037846153846154,1431.0,-0.00012800702486659432,0.001368600278983223
3.629348303443257,-0.9947900758693418,6.905788739181406,1.0,3.0376153846153846,1432.0,-0.00012800702486659432,0.001368600278983223
3.6292202964183904,-0.9947370437704106,6.9071573394603885,1.0,3.0373846153846156,1433.0,-0.00012800702486659432,0.0013686002789823348
3.629092289393524,-0.9946840116714795,6.908525939739372,1.0,3.037153846153846,1434.0,-0.00012800702486659432,0.001368600278983223
3.628964282368657,-0.9946309795725483,6.909894540018355,1.0,3.036923076923077,1435.0,-0.00012800702486659432,0.001368600278983223
3.62883627534379,-0.994577947473617,6.911263140297337,1.0,3.0366923076923076,1436.0,-0.0001280070248670384,0.0013686002789823348
3.6287082683189236,-0.9945249153746859,6.9126317405763205,1.0,3.0364615384615385,1437.0,-0.00012800702486659432,0.001368600278983223
3.628580261294057,-0.9944718832757548,6.914000340855303,1.0,3.036230769230769,1438.0,-0.00012800702486659432,0.0013686002789823348
3.6284522542691904,-0.9944188511768236,6.915368941134286,1.0,3.036,1439.0,-0.00012800702486659432,0.001368600278983223
3.6283194808117605,-0.9946110627623745,6.918512511347047,1.0,3.035923076923077,1440.0,-0.0001327734574299022,0.0031435702127611265
3.6281867073543306,-0.9948032743479255,6.921656081559808,1.0,3.035846153846154,1441.0,-0.0001327734574299022,0.0031435702127611265
3.6280539338969007,-0.9949954859334764,6.924799651772569,1.0,3.035769230769231,1442.0,-0.0001327734574299022,0.0031435702127611265
3.6279211604394703,-0.9951876975190272,6.927943221985331,1.0,3.0356923076923077,1443.0,-0.0001327734574303463,0.0031435702127620146
3.6277883869820404,-0.9953799091045782,6.9310867921980925,1.0,3.035615384615385,1444.0,-0.0001327734574299022,0.0031435702127611265
3.6276556135246105,-0.9955721206901291,6.934230362410854,1.0,3.0355384615384615,1445.0,-0.0001327734574299022,0.0031435702127611265
3.6275228400671806,-0.9957643322756801,6.937373932623615,1.0,3.0354615384615387,1446.0,-0.0001327734574299022,0.0031435702127611265
3.6273900666097507,-0.995956543861231,6.940517502836376,1.0,3.0353846153846153,1447.0,-0.0001327734574299022,0.0031435702127611265
3.627257293152321,-0.9961487554467819,6.943661073049137,1.0,3.0353076923076925,1448.0,-0.0001327734574299022,0.0031435702127611265
3.6271245196948905,-0.9963409670323328,6.946804643261899,1.0,3.035230769230769,1449.0,-0.0001327734574303463,0.0031435702127620146
3.6269917462374606,-0.9965331786178837,6.94994821347466,1.0,3.0351538461538463,1450.0,-0.0001327734574299022,0.0031435702127611265
3.6268589727800307,-0.9967253902034346,6.953091783687421,1.0,3.035076923076923,1451.0,-0.0001327734574299022,0.0031435702127611265
3.6267261993226008,-0.9969176017889856,6.956235353900182,1.0,3.035,1452.0,-0.0001327734574299022,0.0031435702127611265
3.626597961200326,-0.9966782490772776,6.956870288292692,1.0,3.034769230769231,1453.0,-0.00012823812227491516,0.0006349343925098339
3.626469723078051,-0.9964388963655697,6.957505222685202,1.0,3.0345384615384616,1454.0,-0.00012823812227491516,0.0006349343925098339
3.626341484955776,-0.9961995436538618,6.958140157077712,1.0,3.0343076923076926,1455.0,-0.00012823812227491516,0.0006349343925098339
3.626213246833501,-0.9959601909421538,6.958775091470222,1.0,3.034076923076923,1456.0,-0.00012823812227491516,0.0006349343925098339
3.626085008711226,-0.9957208382304459,6.959410025862732,1.0,3.033846153846154,1457.0,-0.00012823812227491516,0.0006349343925098339
3.6259567705889513,-0.9954814855187379,6.960044960255241,1.0,3.0336153846153846,1458.0,-0.00012823812227491516,0.0006349343925098339
3.625828532466677,-0.9952421328070299,6.96067989464775,1.0,3.0333846153846156,1459.0,-0.00012823812227447107,0.0006349343925089457
3.625700294344402,-0.995002780095322,6.96131482904026,1.0,3.033153846153846,1460.0,-0.00012823812227491516,0.0006349343925098339
3.625572056222127,-0.994763427383614,6.96194976343277,1.0,3.032923076923077,1461.0,-0.00012823812227491516,0.0006349343925098339
3.625443818099852,-0.9945240746719061,6.96258469782528,1.0,3.0326923076923076,1462.0,-0.00012823812227491516,0.0006349343925098339
3.625315579977577,-0.9942847219601981,6.96321963221779,1.0,3.0324615384615385,1463.0,-0.00012823812227491516,0.0006349343925098339
3.6251873418553022,-0.9940453692484902,6.9638545666103,1.0,3.032230769230769,1464.0,-0.00012823812227491516,0.0006349343925098339
3.6250591037330273,-0.9938060165367822,6.964489501002809,1.0,3.032,1465.0,-0.00012823812227491516,0.0006349343925098339
3.6249362203652344,-0.9939610834092123,6.9650556898296285,1.0,3.031857142857143,1466.0,-0.0001228833677928698,0.0005661888268191362
3.6248133369974416,-0.9941161502816425,6.9656218786564486,1.0,3.0317142857142856,1467.0,-0.0001228833677928698,0.0005661888268200244
3.6246904536296487,-0.9942712171540725,6.966188067483268,1.0,3.0315714285714286,1468.0,-0.0001228833677928698,0.0005661888268191362
3.6245675702618554,-0.9944262840265026,6.966754256310087,1.0,3.0314285714285716,1469.0,-0.00012288336779331388,0.0005661888268191362
3.6244446868940625,-0.9945813508989327,6.967320445136906,1.0,3.031285714285714,1470.0,-0.0001228833677928698,0.0005661888268191362
3.6243218035262696,-0.9947364177713628,6.967886633963726,1.0,3.031142857142857,1471.0,-0.0001228833677928698,0.0005661888268200244
3.6241989201584768,-0.994891484643793,6.968452822790545,1.0,3.031,1472.0,-0.0001228833677928698,0.0005661888268191362
3.624076036790684,-0.995046551516223,6.969019011617364,1.0,3.0308571428571427,1473.0,-0.0001228833677928698,0.0005661888268191362
3.623953153422891,-0.9952016183886531,6.969585200444184,1.0,3.0307142857142857,1474.0,-0.0001228833677928698,0.0005661888268200244
3.623830270055098,-0.9953566852610832,6.970151389271003,1.0,3.0305714285714282,1475.0,-0.0001228833677928698,0.0005661888268191362
3.623707386687305,-0.9955117521335133,6.9707175780978226,1.0,3.0304285714285712,1476.0,-0.00012288336779331388,0.0005661888268191362
3.623584503319512,-0.9956668190059433,6.971283766924642,1.0,3.0302857142857142,1477.0,-0.0001228833677928698,0.0005661888268191362
3.623461619951719,-0.9958218858783735,6.971849955751462,1.0,3.030142857142857,1478.0,-0.0001228833677928698,0.0005661888268200244
3.6233387365839262,-0.9959769527508036,6.972416144578281,1.0,3.03,1479.0,-0.0001228833677928698,0.0005661888268191362
3.623219283968985,-0.9958743296499845,6.9769389848236285,1.0,3.0298461538461536,1480.0,-0.00011945261494128445,0.004522840245347659
3.623099831354044,-0.9957717065491652,6.981461825068976,1.0,3.0296923076923075,1481.0,-0.00011945261494084036,0.004522840245347659
3.622980378739103,-0.9956690834483461,6.985984665314325,1.0,3.0295384615384613,1482.0,-0.00011945261494128445,0.004522840245348547
3.6228609261241616,-0.995566460347527,6.990507505559672,1.0,3.029384615384615,1483.0,-0.00011945261494128445,0.004522840245347659
3.6227414735092207,-0.9954638372467078,6.99503034580502,1.0,3.029230769230769,1484.0,-0.00011945261494084036,0.004522840245347659
3.6226220208942794,-0.9953612141458887,6.999553186050368,1.0,3.029076923076923,1485.0,-0.00011945261494128445,0.004522840245347659
3.622502568279338,-0.9952585910450696,7.004076026295716,1.0,3.028923076923077,1486.0,-0.00011945261494128445,0.004522840245348547
3.622383115664397,-0.9951559679442505,7.008598866541064,1.0,3.028769230769231,1487.0,-0.00011945261494128445,0.004522840245347659
3.622263663049456,-0.9950533448434313,7.013121706786412,1.0,3.0286153846153847,1488.0,-0.00011945261494084036,0.004522840245347659
3.6221442104345147,-0.9949507217426122,7.017644547031759,1.0,3.0284615384615385,1489.0,-0.00011945261494128445,0.004522840245347659
3.6220247578195734,-0.9948480986417931,7.022167387277108,1.0,3.0283076923076924,1490.0,-0.00011945261494128445,0.004522840245348547
3.6219053052046326,-0.9947454755409739,7.026690227522455,1.0,3.028153846153846,1491.0,-0.00011945261494084036,0.004522840245347659
3.6217858525896913,-0.9946428524401548,7.031213067767803,1.0,3.028,1492.0,-0.00011945261494128445,0.004522840245347659
3.621662107334203,-0.9946876827452805,7.031433668308742,1.0,3.027846153846154,1493.0,-0.00012374525548830562,0.0002206005409393086
3.621538362078715,-0.9947325130504062,7.031654268849682,1.0,3.0276923076923077,1494.0,-0.00012374525548786153,0.0002206005409393086
3.621414616823227,-0.9947773433555318,7.031874869390621,1.0,3.0275384615384615,1495.0,-0.00012374525548830562,0.0002206005409393086
3.621290871567739,-0.9948221736606575,7.03209546993156,1.0,3.0273846153846153,1496.0,-0.00012374525548786153,0.0002206005409393086
3.6211671263122507,-0.9948670039657832,7.0323160704725,1.0,3.027230769230769,1497.0,-0.00012374525548830562,0.0002206005409393086
3.621043381056763,-0.9949118342709089,7.032536671013439,1.0,3.027076923076923,1498.0,-0.00012374525548786153,0.0002206005409393086
3.6209196358012745,-0.9949566645760345,7.032757271554377,1.0,3.026923076923077,1499.0,-0.00012374525548830562,0.0002206005409384204
3.6207958905457867,-0.9950014948811602,7.032977872095317,1.0,3.0267692307692307,1500.0,-0.00012374525548786153,0.0002206005409393086
3.6206721452902983,-0.9950463251862859,7.033198472636256,1.0,3.0266153846153845,1501.0,-0.00012374525548830562,0.0002206005409393086
3.6205484000348105,-0.9950911554914116,7.033419073177195,1.0,3.0264615384615383,1502.0,-0.00012374525548786153,0.0002206005409393086
3.620424654779322,-0.9951359857965372,7.033639673718135,1.0,3.026307692307692,1503.0,-0.00012374525548830562,0.0002206005409393086
3.6203009095238343,-0.9951808161016629,7.033860274259074,1.0,3.026153846153846,1504.0,-0.00012374525548786153,0.0002206005409393086
3.620177164268346,-0.9952256464067886,7.034080874800013,1.0,3.026,1505.0,-0.00012374525548830562,0.0002206005409393086
3.6200690862406937,-0.9951885343493421,7.035448117625366,1.0,3.025923076923077,1506.0,-0.00010807802765233632,0.0013672428253528324
3.619961008213042,-0.9951514222918956,7.036815360450719,1.0,3.0258461538461536,1507.0,-0.00010807802765189223,0.0013672428253528324
3.6198529301853895,-0.9951143102344492,7.038182603276072,1.0,3.0257692307692308,1508.0,-0.00010807802765233632,0.0013672428253528324
3.6197448521577376,-0.9950771981770027,7.039549846101425,1.0,3.0256923076923075,1509.0,-0.00010807802765189223,0.0013672428253537205
3.619636774130085,-0.9950400861195562,7.040917088926778,1.0,3.0256153846153846,1510.0,-0.00010807802765233632,0.0013672428253528324
3.619528696102433,-0.9950029740621097,7.042284331752131,1.0,3.0255384615384613,1511.0,-0.00010807802765233632,0.0013672428253528324
3.619420618074781,-0.9949658620046633,7.043651574577484,1.0,3.0254615384615384,1512.0,-0.00010807802765189223,0.0013672428253528324
3.6193125400471287,-0.9949287499472168,7.045018817402837,1.0,3.025384615384615,1513.0,-0.00010807802765233632,0.0013672428253528324
3.6192044620194763,-0.9948916378897703,7.04638606022819,1.0,3.0253076923076923,1514.0,-0.00010807802765233632,0.0013672428253528324
3.6190963839918244,-0.9948545258323238,7.047753303053543,1.0,3.025230769230769,1515.0,-0.00010807802765189223,0.0013672428253537205
3.618988305964172,-0.9948174137748774,7.049120545878896,1.0,3.025153846153846,1516.0,-0.00010807802765233632,0.0013672428253528324
3.61888022793652,-0.9947803017174309,7.050487788704249,1.0,3.0250769230769228,1517.0,-0.00010807802765189223,0.0013672428253528324
3.618772149908868,-0.9947431896599844,7.051855031529602,1.0,3.025,1518.0,-0.00010807802765233632,0.0013672428253528324
3.6186429357991727,-0.9948277610043963,7.054640533658368,1.0,3.0248461538461537,1519.0,-0.00012921410969513047,0.0027855021287663817
3.6185137216894776,-0.9949123323488083,7.057426035787134,1.0,3.0246923076923076,1520.0,-0.00012921410969513047,0.0027855021287654935
3.6183845075797825,-0.9949969036932201,7.0602115379159,1.0,3.0245384615384614,1521.0,-0.00012921410969513047,0.0027855021287663817
3.618255293470088,-0.9950814750376321,7.062997040044666,1.0,3.0243846153846152,1522.0,-0.00012921410969468639,0.0027855021287663817
3.6181260793603927,-0.995166046382044,7.065782542173432,1.0,3.024230769230769,1523.0,-0.00012921410969513047,0.0027855021287654935
3.6179968652506975,-0.9952506177264558,7.068568044302198,1.0,3.024076923076923,1524.0,-0.00012921410969513047,0.0027855021287663817
3.6178676511410024,-0.9953351890708678,7.071353546430965,1.0,3.023923076923077,1525.0,-0.00012921410969513047,0.0027855021287663817
3.6177384370313073,-0.9954197604152797,7.074139048559731,1.0,3.023769230769231,1526.0,-0.00012921410969513047,0.0027855021287663817
3.617609222921612,-0.9955043317596916,7.076924550688497,1.0,3.023615384615385,1527.0,-0.00012921410969513047,0.0027855021287654935
3.6174800088119174,-0.9955889031041035,7.079710052817263,1.0,3.0234615384615386,1528.0,-0.00012921410969468639,0.0027855021287663817
3.6173507947022223,-0.9956734744485154,7.082495554946029,1.0,3.0233076923076925,1529.0,-0.00012921410969513047,0.0027855021287663817
3.617221580592527,-0.9957580457929274,7.085281057074795,1.0,3.0231538461538463,1530.0,-0.00012921410969513047,0.0027855021287654935
3.617092366482832,-0.9958426171373392,7.088066559203561,1.0,3.023,1531.0,-0.00012921410969513047,0.0027855021287663817
3.6169878782753786,-0.9957030971203603,7.0900160414402436,1.0,3.0229285714285714,1532.0,-0.000104488207453457,0.0019494822366823428
3.616883390067925,-0.9955635771033815,7.091965523676927,1.0,3.022857142857143,1533.0,-0.000104488207453457,0.001949482236683231
3.616778901860472,-0.9954240570864026,7.093915005913609,1.0,3.0227857142857144,1534.0,-0.0001044882074530129,0.0019494822366823428
3.6166744136530187,-0.9952845370694237,7.095864488150292,1.0,3.0227142857142857,1535.0,-0.000104488207453457,0.001949482236683231
3.616569925445565,-0.9951450170524447,7.097813970386975,1.0,3.022642857142857,1536.0,-0.000104488207453457,0.0019494822366823428
3.6164654372381118,-0.9950054970354659,7.099763452623658,1.0,3.0225714285714287,1537.0,-0.000104488207453457,0.001949482236683231
3.6163609490306587,-0.994865977018487,7.10171293486034,1.0,3.0225,1538.0,-0.0001044882074530129,0.0019494822366823428
3.6162564608232053,-0.9947264570015081,7.103662417097023,1.0,3.0224285714285712,1539.0,-0.000104488207453457,0.0019494822366823428
3.616151972615752,-0.9945869369845293,7.105611899333706,1.0,3.022357142857143,1540.0,-0.000104488207453457,0.001949482236683231
3.6160474844082984,-0.9944474169675503,7.107561381570388,1.0,3.0222857142857142,1541.0,-0.000104488207453457,0.0019494822366823428
3.615942996200845,-0.9943078969505714,7.109510863807071,1.0,3.0222142857142855,1542.0,-0.000104488207453457,0.001949482236683231
3.615838507993392,-0.9941683769335925,7.111460346043754,1.0,3.022142857142857,1543.0,-0.0001044882074530129,0.0019494822366823428
3.6157340197859384,-0.9940288569166137,7.113409828280437,1.0,3.0220714285714285,1544.0,-0.000104488207453457,0.001949482236683231
3.615629531578485,-0.9938893368996348,7.115359310517119,1.0,3.022,1545.0,-0.000104488207453457,0.0019494822366823428
3.615503040305099,-0.9939778252462432,7.118162447361277,1.0,3.0217692307692308,1546.0,-0.00012649127338582034,0.00280313684415745
3.6153765490317133,-0.9940663135928517,7.120965584205434,1.0,3.0215384615384613,1547.0,-0.00012649127338582034,0.00280313684415745
3.6152500577583275,-0.99415480193946,7.123768721049592,1.0,3.0213076923076922,1548.0,-0.00012649127338582034,0.00280313684415745
3.6151235664849417,-0.9942432902860685,7.126571857893749,1.0,3.0210769230769228,1549.0,-0.00012649127338582034,0.00280313684415745
3.614997075211556,-0.994331778632677,7.129374994737907,1.0,3.0208461538461537,1550.0,-0.00012649127338582034,0.00280313684415745
3.61487058393817,-0.9944202669792854,7.132178131582064,1.0,3.0206153846153847,1551.0,-0.00012649127338582034,0.00280313684415745
3.614744092664784,-0.9945087553258938,7.134981268426222,1.0,3.0203846153846152,1552.0,-0.00012649127338626442,0.002803136844158338
3.614617601391398,-0.9945972436725022,7.13778440527038,1.0,3.020153846153846,1553.0,-0.00012649127338582034,0.00280313684415745
3.614491110118012,-0.9946857320191107,7.140587542114537,1.0,3.019923076923077,1554.0,-0.00012649127338582034,0.00280313684415745
3.6143646188446263,-0.9947742203657192,7.143390678958695,1.0,3.0196923076923077,1555.0,-0.00012649127338582034,0.00280313684415745
3.6142381275712405,-0.9948627087123275,7.146193815802852,1.0,3.0194615384615386,1556.0,-0.00012649127338582034,0.00280313684415745
3.6141116362978547,-0.994951197058936,7.14899695264701,1.0,3.019230769230769,1557.0,-0.00012649127338582034,0.00280313684415745
3.613985145024469,-0.9950396854055444,7.151800089491167,1.0,3.019,1558.0,-0.00012649127338582034,0.00280313684415745
3.6138746529987604,-0.9950559397523336,7.15405148616098,1.0,3.019076923076923,1559.0,-0.00011049202570845296,0.0022513966698127774
3.613764160973052,-0.9950721940991227,7.156302882830793,1.0,3.0191538461538463,1560.0,-0.00011049202570845296,0.0022513966698127774
3.6136536689473435,-0.9950884484459119,7.1585542795006045,1.0,3.019230769230769,1561.0,-0.00011049202570845296,0.0022513966698118892
3.613543176921635,-0.9951047027927011,7.160805676170417,1.0,3.0193076923076925,1562.0,-0.00011049202570845296,0.0022513966698127774
3.6134326848959266,-0.9951209571394902,7.16305707284023,1.0,3.0193846153846153,1563.0,-0.00011049202570845296,0.0022513966698127774
3.613322192870218,-0.9951372114862794,7.165308469510043,1.0,3.0194615384615386,1564.0,-0.00011049202570845296,0.0022513966698127774
3.6132117008445097,-0.9951534658330686,7.167559866179855,1.0,3.0195384615384615,1565.0,-0.00011049202570845296,0.0022513966698118892
3.6131012088188013,-0.9951697201798578,7.1698112628496675,1.0,3.019615384615385,1566.0,-0.00011049202570845296,0.0022513966698127774
3.612990716793093,-0.9951859745266469,7.17206265951948,1.0,3.0196923076923077,1567.0,-0.00011049202570845296,0.0022513966698127774
3.6128802247673844,-0.9952022288734361,7.174314056189293,1.0,3.019769230769231,1568.0,-0.00011049202570845296,0.0022513966698127774
3.612769732741676,-0.9952184832202253,7.176565452859105,1.0,3.019846153846154,1569.0,-0.00011049202570845296,0.0022513966698118892
3.6126592407159674,-0.9952347375670144,7.178816849528918,1.0,3.019923076923077,1570.0,-0.00011049202570845296,0.0022513966698127774
3.612548748690259,-0.9952509919138036,7.1810682461987305,1.0,3.02,1571.0,-0.00011049202570845296,0.0022513966698127774
3.612432634078514,-0.9952684920666364,7.182529483243337,1.0,3.019846153846154,1572.0,-0.00011611461174521054,0.0014612370446061007
3.612316519466769,-0.995285992219469,7.183990720287944,1.0,3.0196923076923077,1573.0,-0.00011611461174476645,0.0014612370446069889
3.612200404855024,-0.9953034923723018,7.18545195733255,1.0,3.0195384615384615,1574.0,-0.00011611461174521054,0.0014612370446061007
3.612084290243279,-0.9953209925251344,7.186913194377157,1.0,3.0193846153846153,1575.0,-0.00011611461174476645,0.0014612370446069889
3.611968175631534,-0.9953384926779671,7.188374431421763,1.0,3.019230769230769,1576.0,-0.00011611461174521054,0.0014612370446061007
3.611852061019789,-0.9953559928307999,7.18983566846637,1.0,3.019076923076923,1577.0,-0.00011611461174476645,0.0014612370446069889
3.611735946408044,-0.9953734929836325,7.191296905510976,1.0,3.018923076923077,1578.0,-0.00011611461174521054,0.0014612370446061007
3.611619831796299,-0.9953909931364653,7.192758142555583,1.0,3.0187692307692306,1579.0,-0.00011611461174476645,0.0014612370446069889
3.611503717184554,-0.995408493289298,7.194219379600189,1.0,3.0186153846153845,1580.0,-0.00011611461174521054,0.0014612370446061007
3.611387602572809,-0.9954259934421307,7.195680616644796,1.0,3.0184615384615383,1581.0,-0.00011611461174476645,0.0014612370446069889
3.611271487961064,-0.9954434935949634,7.197141853689402,1.0,3.018307692307692,1582.0,-0.00011611461174521054,0.0014612370446061007
3.611155373349319,-0.9954609937477961,7.198603090734009,1.0,3.018153846153846,1583.0,-0.00011611461174476645,0.0014612370446069889
3.611039258737574,-0.9954784939006288,7.200064327778615,1.0,3.018,1584.0,-0.00011611461174521054,0.0014612370446061007
3.6109272792281044,-0.9955615265814933,7.20322007902082,1.0,3.017928571428571,1585.0,-0.00011197950946950641,0.003155751242204907
3.6108152997186354,-0.9956445592623578,7.206375830263025,1.0,3.017857142857143,1586.0,-0.00011197950946906232,0.003155751242204907
3.610703320209166,-0.9957275919432224,7.209531581505229,1.0,3.017785714285714,1587.0,-0.00011197950946950641,0.003155751242204019
3.6105913406996963,-0.9958106246240868,7.212687332747434,1.0,3.0177142857142853,1588.0,-0.00011197950946950641,0.003155751242204907
3.6104793611902273,-0.9958936573049513,7.215843083989639,1.0,3.017642857142857,1589.0,-0.00011197950946906232,0.003155751242204907
3.6103673816807578,-0.9959766899858158,7.218998835231844,1.0,3.0175714285714283,1590.0,-0.00011197950946950641,0.003155751242204907
3.6102554021712887,-0.9960597226666803,7.222154586474048,1.0,3.0175,1591.0,-0.00011197950946906232,0.003155751242204019
3.610143422661819,-0.9961427553475448,7.225310337716253,1.0,3.0174285714285713,1592.0,-0.00011197950946950641,0.003155751242204907
3.6100314431523497,-0.9962257880284093,7.2284660889584575,1.0,3.0173571428571426,1593.0,-0.00011197950946950641,0.003155751242204907
3.6099194636428806,-0.9963088207092738,7.2316218402006625,1.0,3.0172857142857143,1594.0,-0.00011197950946906232,0.003155751242204907
3.609807484133411,-0.9963918533901382,7.234777591442867,1.0,3.0172142857142856,1595.0,-0.00011197950946950641,0.003155751242204907
3.6096955046239416,-0.9964748860710028,7.237933342685071,1.0,3.017142857142857,1596.0,-0.00011197950946950641,0.003155751242204019
3.6095835251144726,-0.9965579187518673,7.241089093927276,1.0,3.0170714285714286,1597.0,-0.00011197950946906232,0.003155751242204907
3.609471545605003,-0.9966409514327318,7.244244845169481,1.0,3.017,1598.0,-0.00011197950946950641,0.003155751242204907
3.6093583359418506,-0.9965859236453332,7.245558302117579,1.0,3.0168461538461537,1599.0,-0.00011320966315242487,0.001313456948097702
3.609245126278698,-0.9965308958579344,7.2468717590656775,1.0,3.0166923076923076,1600.0,-0.00011320966315242487,0.0013134569480985903
3.6091319166155458,-0.9964758680705358,7.248185216013775,1.0,3.0165384615384614,1601.0,-0.00011320966315242487,0.001313456948097702
3.6090187069523934,-0.996420840283137,7.249498672961873,1.0,3.016384615384615,1602.0,-0.00011320966315242487,0.001313456948097702
3.608905497289241,-0.9963658124957384,7.2508121299099715,1.0,3.016230769230769,1603.0,-0.00011320966315242487,0.0013134569480985903
3.6087922876260885,-0.9963107847083398,7.252125586858069,1.0,3.016076923076923,1604.0,-0.00011320966315242487,0.001313456948097702
3.6086790779629356,-0.996255756920941,7.253439043806167,1.0,3.015923076923077,1605.0,-0.00011320966315286896,0.001313456948097702
3.608565868299783,-0.9962007291335424,7.254752500754265,1.0,3.015769230769231,1606.0,-0.00011320966315242487,0.001313456948097702
3.608452658636631,-0.9961457013461438,7.256065957702363,1.0,3.015615384615385,1607.0,-0.00011320966315242487,0.0013134569480985903
3.6083394489734784,-0.996090673558745,7.257379414650461,1.0,3.0154615384615386,1608.0,-0.00011320966315242487,0.001313456948097702
3.608226239310326,-0.9960356457713464,7.258692871598559,1.0,3.0153076923076925,1609.0,-0.00011320966315242487,0.001313456948097702
3.6081130296471735,-0.9959806179839477,7.260006328546657,1.0,3.0151538461538463,1610.0,-0.00011320966315242487,0.0013134569480985903
3.607999819984021,-0.995925590196549,7.261319785494755,1.0,3.015,1611.0,-0.00011320966315242487,0.001313456948097702
3.60788600150856,-0.995945301935318,7.263152951051238,1.0,3.014923076923077,1612.0,-0.00011381847546099166,0.0018331655564827187
3.607772183033099,-0.9959650136740872,7.26498611660772,1.0,3.014846153846154,1613.0,-0.00011381847546099166,0.0018331655564827187
3.607658364557638,-0.9959847254128562,7.266819282164203,1.0,3.0147692307692306,1614.0,-0.00011381847546099166,0.0018331655564827187
3.6075445460821776,-0.9960044371516253,7.268652447720686,1.0,3.014692307692308,1615.0,-0.00011381847546054757,0.0018331655564827187
3.6074307276067166,-0.9960241488903944,7.2704856132771685,1.0,3.0146153846153845,1616.0,-0.00011381847546099166,0.0018331655564827187
3.6073169091312556,-0.9960438606291635,7.272318778833651,1.0,3.0145384615384616,1617.0,-0.00011381847546099166,0.0018331655564827187
3.6072030906557946,-0.9960635723679325,7.274151944390134,1.0,3.0144615384615383,1618.0,-0.00011381847546099166,0.0018331655564827187
3.6070892721803336,-0.9960832841067017,7.275985109946617,1.0,3.0143846153846154,1619.0,-0.00011381847546099166,0.0018331655564827187
3.6069754537048726,-0.9961029958454707,7.277818275503099,1.0,3.014307692307692,1620.0,-0.00011381847546099166,0.0018331655564827187
3.606861635229412,-0.9961227075842398,7.279651441059582,1.0,3.0142307692307693,1621.0,-0.00011381847546054757,0.0018331655564827187
3.606747816753951,-0.9961424193230088,7.281484606616065,1.0,3.014153846153846,1622.0,-0.00011381847546099166,0.0018331655564827187
3.60663399827849,-0.996162131061778,7.2833177721725475,1.0,3.014076923076923,1623.0,-0.00011381847546099166,0.0018331655564827187
3.606520179803029,-0.996181842800547,7.28515093772903,1.0,3.014,1624.0,-0.00011381847546099166,0.0018331655564827187
3.606408282212755,-0.9960554120104259,7.287600298092026,1.0,3.0138461538461536,1625.0,-0.0001118975902740793,0.0024493603629958116
3.606296384622481,-0.9959289812203048,7.290049658455023,1.0,3.0136923076923074,1626.0,-0.0001118975902740793,0.0024493603629967
3.606184487032207,-0.9958025504301837,7.2924990188180185,1.0,3.0135384615384613,1627.0,-0.0001118975902740793,0.0024493603629958116
3.6060725894419323,-0.9956761196400625,7.294948379181015,1.0,3.013384615384615,1628.0,-0.0001118975902745234,0.0024493603629967
3.6059606918516582,-0.9955496888499414,7.297397739544011,1.0,3.013230769230769,1629.0,-0.0001118975902740793,0.0024493603629958116
3.605848794261384,-0.9954232580598203,7.299847099907008,1.0,3.0130769230769228,1630.0,-0.0001118975902740793,0.0024493603629967
3.60573689667111,-0.9952968272696993,7.302296460270004,1.0,3.012923076923077,1631.0,-0.0001118975902740793,0.0024493603629958116
3.605624999080836,-0.9951703964795782,7.304745820633,1.0,3.012769230769231,1632.0,-0.0001118975902740793,0.0024493603629967
3.605513101490562,-0.9950439656894571,7.307195180995996,1.0,3.0126153846153847,1633.0,-0.0001118975902740793,0.0024493603629958116
3.6054012039002874,-0.9949175348993359,7.309644541358993,1.0,3.0124615384615385,1634.0,-0.0001118975902745234,0.0024493603629967
3.6052893063100133,-0.9947911041092148,7.312093901721989,1.0,3.0123076923076924,1635.0,-0.0001118975902740793,0.0024493603629958116
3.6051774087197392,-0.9946646733190937,7.314543262084985,1.0,3.012153846153846,1636.0,-0.0001118975902740793,0.0024493603629967
3.605065511129465,-0.9945382425289726,7.316992622447981,1.0,3.012,1637.0,-0.0001118975902740793,0.0024493603629958116
3.604968750599976,-0.9946735488154379,7.319669618390092,1.0,3.011846153846154,1638.0,-9.676052948925928e-05,0.0026769959421111267
3.6048719900704866,-0.9948088551019032,7.322346614332203,1.0,3.0116923076923077,1639.0,-9.676052948925928e-05,0.0026769959421111267
3.6047752295409974,-0.9949441613883685,7.325023610274314,1.0,3.0115384615384615,1640.0,-9.676052948925928e-05,0.0026769959421102385
3.6046784690115077,-0.9950794676748338,7.327700606216425,1.0,3.0113846153846153,1641.0,-9.676052948970337e-05,0.0026769959421111267
3.6045817084820184,-0.9952147739612991,7.330377602158536,1.0,3.011230769230769,1642.0,-9.676052948925928e-05,0.0026769959421111267
3.604484947952529,-0.9953500802477644,7.333054598100647,1.0,3.011076923076923,1643.0,-9.676052948925928e-05,0.0026769959421111267
3.60438818742304,-0.9954853865342298,7.335731594042757,1.0,3.010923076923077,1644.0,-9.676052948925928e-05,0.0026769959421102385
3.6042914268935506,-0.9956206928206951,7.338408589984868,1.0,3.0107692307692306,1645.0,-9.676052948925928e-05,0.0026769959421111267
3.6041946663640614,-0.9957559991071604,7.3410855859269795,1.0,3.0106153846153845,1646.0,-9.676052948925928e-05,0.0026769959421111267
3.6040979058345717,-0.9958913053936257,7.343762581869091,1.0,3.0104615384615383,1647.0,-9.676052948970337e-05,0.0026769959421111267
3.6040011453050824,-0.996026611680091,7.346439577811201,1.0,3.010307692307692,1648.0,-9.676052948925928e-05,0.0026769959421102385
3.603904384775593,-0.9961619179665563,7.349116573753312,1.0,3.010153846153846,1649.0,-9.676052948925928e-05,0.0026769959421111267
3.603807624246104,-0.9962972242530216,7.351793569695423,1.0,3.01,1650.0,-9.676052948925928e-05,0.0026769959421111267
3.6036917781139537,-0.9962499014242339,7.353618586767341,1.0,3.009857142857143,1651.0,-0.00011584613215021022,0.001825017071918289
3.603575931981803,-0.9962025785954463,7.35544360383926,1.0,3.0097142857142853,1652.0,-0.00011584613215065431,0.001825017071918289
3.603460085849653,-0.9961552557666585,7.357268620911177,1.0,3.0095714285714283,1653.0,-0.00011584613215021022,0.0018250170719174008
3.6033442397175026,-0.9961079329378708,7.359093637983095,1.0,3.0094285714285713,1654.0,-0.00011584613215021022,0.001825017071918289
3.6032283935853524,-0.9960606101090832,7.360918655055014,1.0,3.0092857142857143,1655.0,-0.00011584613215021022,0.001825017071918289
3.6031125474532018,-0.9960132872802955,7.362743672126932,1.0,3.009142857142857,1656.0,-0.00011584613215065431,0.001825017071918289
3.6029967013210515,-0.9959659644515078,7.364568689198849,1.0,3.009,1657.0,-0.00011584613215021022,0.0018250170719174008
3.6028808551889013,-0.9959186416227201,7.366393706270768,1.0,3.008857142857143,1658.0,-0.00011584613215021022,0.001825017071918289
3.6027650090567507,-0.9958713187939324,7.368218723342686,1.0,3.0087142857142855,1659.0,-0.00011584613215065431,0.001825017071918289
3.6026491629246005,-0.9958239959651448,7.370043740414604,1.0,3.0085714285714285,1660.0,-0.00011584613215021022,0.001825017071918289
3.6025333167924503,-0.9957766731363571,7.3718687574865225,1.0,3.0084285714285715,1661.0,-0.00011584613215021022,0.001825017071918289
3.6024174706603,-0.9957293503075694,7.37369377455844,1.0,3.0082857142857145,1662.0,-0.00011584613215021022,0.0018250170719174008
3.6023016245281494,-0.9956820274787818,7.375518791630358,1.0,3.008142857142857,1663.0,-0.00011584613215065431,0.001825017071918289
3.602185778395999,-0.995634704649994,7.3773438087022765,1.0,3.008,1664.0,-0.00011584613215021022,0.001825017071918289
3.6020804129225357,-0.9955559314359691,7.3788838953503095,1.0,3.007846153846154,1665.0,-0.00010536547346351455,0.0015400866480330677
3.6019750474490726,-0.9954771582219442,7.380423981998342,1.0,3.0076923076923077,1666.0,-0.00010536547346307046,0.0015400866480321795
3.601869681975609,-0.9953983850079192,7.381964068646375,1.0,3.0075384615384615,1667.0,-0.00010536547346351455,0.0015400866480330677
3.601764316502146,-0.9953196117938942,7.383504155294407,1.0,3.0073846153846153,1668.0,-0.00010536547346307046,0.0015400866480321795
3.6016589510286825,-0.9952408385798692,7.38504424194244,1.0,3.007230769230769,1669.0,-0.00010536547346351455,0.0015400866480330677
3.601553585555219,-0.9951620653658443,7.386584328590473,1.0,3.007076923076923,1670.0,-0.00010536547346351455,0.0015400866480330677
3.601448220081756,-0.9950832921518193,7.388124415238505,1.0,3.006923076923077,1671.0,-0.00010536547346307046,0.0015400866480321795
3.6013428546082924,-0.9950045189377944,7.389664501886538,1.0,3.0067692307692306,1672.0,-0.00010536547346351455,0.0015400866480330677
3.601237489134829,-0.9949257457237695,7.391204588534571,1.0,3.0066153846153845,1673.0,-0.00010536547346351455,0.0015400866480330677
3.601132123661366,-0.9948469725097444,7.392744675182604,1.0,3.0064615384615383,1674.0,-0.00010536547346307046,0.0015400866480321795
3.6010267581879023,-0.9947681992957195,7.394284761830637,1.0,3.006307692307692,1675.0,-0.00010536547346351455,0.0015400866480330677
3.6009213927144392,-0.9946894260816945,7.395824848478669,1.0,3.006153846153846,1676.0,-0.00010536547346307046,0.0015400866480321795
3.6008160272409757,-0.9946106528676696,7.397364935126702,1.0,3.006,1677.0,-0.00010536547346351455,0.0015400866480330677
3.6007016690251206,-0.9947292469355585,7.397773351574297,1.0,3.0058461538461536,1678.0,-0.00011435821585514816,0.0004084164475948171
3.6005873108092654,-0.9948478410034475,7.3981817680218915,1.0,3.0056923076923074,1679.0,-0.00011435821585514816,0.0004084164475948171
3.6004729525934107,-0.9949664350713364,7.398590184469486,1.0,3.0055384615384613,1680.0,-0.00011435821585470407,0.0004084164475948171
3.6003585943775556,-0.9950850291392253,7.398998600917081,1.0,3.005384615384615,1681.0,-0.00011435821585514816,0.0004084164475948171
3.6002442361617004,-0.9952036232071142,7.399407017364676,1.0,3.005230769230769,1682.0,-0.00011435821585514816,0.0004084164475948171
3.6001298779458453,-0.9953222172750031,7.399815433812271,1.0,3.0050769230769228,1683.0,-0.00011435821585514816,0.0004084164475948171
3.6000155197299906,-0.9954408113428921,7.400223850259865,1.0,3.004923076923077,1684.0,-0.00011435821585470407,0.0004084164475939289
3.5999011615141354,-0.995559405410781,7.4006322667074596,1.0,3.004769230769231,1685.0,-0.00011435821585514816,0.0004084164475948171
3.5997868032982803,-0.99567799947867,7.401040683155054,1.0,3.0046153846153847,1686.0,-0.00011435821585514816,0.0004084164475948171
3.599672445082425,-0.9957965935465588,7.401449099602649,1.0,3.0044615384615385,1687.0,-0.00011435821585514816,0.0004084164475948171
3.5995580868665704,-0.9959151876144477,7.401857516050244,1.0,3.0043076923076923,1688.0,-0.00011435821585470407,0.0004084164475948171
3.5994437286507153,-0.9960337816823367,7.402265932497839,1.0,3.004153846153846,1689.0,-0.00011435821585514816,0.0004084164475948171
3.59932937043486,-0.9961523757502256,7.402674348945434,1.0,3.004,1690.0,-0.00011435821585514816,0.0004084164475948171
3.59922630047086,-0.995944575446457,7.40588528904381,1.0,3.003846153846154,1691.0,-0.00010306996400011315,0.0032109400983761915
3.5991232305068594,-0.9957367751426883,7.409096229142186,1.0,3.0036923076923077,1692.0,-0.00010306996400055723,0.0032109400983761915
3.5990201605428593,-0.9955289748389196,7.412307169240562,1.0,3.0035384615384615,1693.0,-0.00010306996400011315,0.0032109400983761915
3.5989170905788592,-0.9953211745351509,7.4155181093389375,1.0,3.0033846153846153,1694.0,-0.00010306996400011315,0.0032109400983753034
3.5988140206148587,-0.9951133742313822,7.418729049437314,1.0,3.003230769230769,1695.0,-0.00010306996400055723,0.0032109400983761915
3.5987109506508586,-0.9949055739276136,7.42193998953569,1.0,3.003076923076923,1696.0,-0.00010306996400011315,0.0032109400983761915
3.5986078806868584,-0.9946977736238448,7.425150929634066,1.0,3.002923076923077,1697.0,-0.00010306996400011315,0.0032109400983761915
3.5985048107228583,-0.9944899733200762,7.428361869732442,1.0,3.0027692307692306,1698.0,-0.00010306996400011315,0.0032109400983761915
3.5984017407588578,-0.9942821730163075,7.4315728098308185,1.0,3.0026153846153845,1699.0,-0.00010306996400055723,0.0032109400983761915
3.5982986707948577,-0.9940743727125388,7.434783749929194,1.0,3.0024615384615383,1700.0,-0.00010306996400011315,0.0032109400983753034
3.5981956008308575,-0.9938665724087701,7.43799469002757,1.0,3.002307692307692,1701.0,-0.00010306996400011315,0.0032109400983761915
3.598092530866857,-0.9936587721050014,7.441205630125946,1.0,3.002153846153846,1702.0,-0.00010306996400055723,0.0032109400983761915
3.597989460902857,-0.9934509718012328,7.444416570224322,1.0,3.002,1703.0,-0.00010306996400011315,0.0032109400983761915
3.5978829458625805,-0.9936003646282482,7.445973751030197,1.0,3.001928571428571,1704.0,-0.00010651504027636705,0.001557180805874303
3.5977764308223046,-0.9937497574552636,7.447530931836072,1.0,3.001857142857143,1705.0,-0.00010651504027592296,0.0015571808058751913
3.597669915782028,-0.9938991502822789,7.449088112641946,1.0,3.001785714285714,1706.0,-0.00010651504027636705,0.001557180805874303
3.5975634007417523,-0.9940485431092944,7.450645293447821,1.0,3.0017142857142853,1707.0,-0.00010651504027592296,0.0015571808058751913
3.597456885701476,-0.9941979359363098,7.452202474253696,1.0,3.001642857142857,1708.0,-0.00010651504027636705,0.001557180805874303
3.5973503706612,-0.9943473287633252,7.453759655059571,1.0,3.0015714285714283,1709.0,-0.00010651504027592296,0.0015571808058751913
3.5972438556209236,-0.9944967215903405,7.455316835865445,1.0,3.0015,1710.0,-0.00010651504027636705,0.001557180805874303
3.5971373405806473,-0.994646114417356,7.456874016671319,1.0,3.0014285714285713,1711.0,-0.00010651504027636705,0.001557180805874303
3.5970308255403713,-0.9947955072443714,7.458431197477195,1.0,3.0013571428571426,1712.0,-0.00010651504027592296,0.0015571808058751913
3.596924310500095,-0.9949449000713868,7.459988378283069,1.0,3.0012857142857143,1713.0,-0.00010651504027636705,0.001557180805874303
3.596817795459819,-0.9950942928984022,7.461545559088944,1.0,3.0012142857142856,1714.0,-0.00010651504027592296,0.0015571808058751913
3.5967112804195427,-0.9952436857254175,7.463102739894818,1.0,3.001142857142857,1715.0,-0.00010651504027636705,0.001557180805874303
3.5966047653792668,-0.995393078552433,7.464659920700694,1.0,3.0010714285714286,1716.0,-0.00010651504027592296,0.0015571808058751913
3.5964982503389904,-0.9955424713794484,7.466217101506568,1.0,3.001,1717.0,-0.00010651504027636705,0.001557180805874303
3.596396931834903,-0.9955141625824457,7.469529027464916,1.0,3.000923076923077,1718.0,-0.00010131850408745535,0.003311925958348283
3.5962956133308155,-0.9954858537854431,7.4728409534232645,1.0,3.0008461538461537,1719.0,-0.00010131850408745535,0.003311925958348283
3.596194294826728,-0.9954575449884403,7.476152879381613,1.0,3.000769230769231,1720.0,-0.00010131850408745535,0.003311925958348283
3.59609297632264,-0.9954292361914376,7.479464805339961,1.0,3.0006923076923075,1721.0,-0.00010131850408789944,0.003311925958348283
3.5959916578185527,-0.995400927394435,7.482776731298309,1.0,3.0006153846153847,1722.0,-0.00010131850408745535,0.003311925958348283
3.5958903393144652,-0.9953726185974323,7.486088657256658,1.0,3.0005384615384614,1723.0,-0.00010131850408745535,0.003311925958348283
3.5957890208103778,-0.9953443098004295,7.489400583215006,1.0,3.0004615384615385,1724.0,-0.00010131850408745535,0.003311925958348283
3.5956877023062903,-0.9953160010034269,7.492712509173354,1.0,3.000384615384615,1725.0,-0.00010131850408745535,0.003311925958348283
3.595586383802203,-0.9952876922064242,7.4960244351317025,1.0,3.0003076923076923,1726.0,-0.00010131850408745535,0.003311925958348283
3.595485065298115,-0.9952593834094215,7.499336361090051,1.0,3.000230769230769,1727.0,-0.00010131850408789944,0.003311925958348283
3.5953837467940275,-0.9952310746124188,7.502648287048399,1.0,3.000153846153846,1728.0,-0.00010131850408745535,0.003311925958348283
3.59528242828994,-0.9952027658154161,7.505960213006747,1.0,3.000076923076923,1729.0,-0.00010131850408745535,0.003311925958348283
3.5951811097858526,-0.9951744570184134,7.509272138965096,1.0,3.0,1730.0,-0.00010131850408745535,0.003311925958348283
3.595085648488797,-0.9953589767332629,7.510593848111401,1.0,2.999846153846154,1731.0,-9.546129705562123e-05,0.001321709146305139
3.5949901871917413,-0.9955434964481122,7.511915557257706,1.0,2.9996923076923077,1732.0,-9.546129705562123e-05,0.001321709146305139
3.5948947258946857,-0.9957280161629617,7.513237266404011,1.0,2.9995384615384615,1733.0,-9.546129705562123e-05,0.001321709146305139
3.5947992645976306,-0.995912535877811,7.514558975550315,1.0,2.9993846153846153,1734.0,-9.546129705517714e-05,0.0013217091463042507
3.594703803300575,-0.9960970555926605,7.51588068469662,1.0,2.999230769230769,1735.0,-9.546129705562123e-05,0.001321709146305139
3.5946083420035193,-0.9962815753075099,7.5172023938429255,1.0,2.999076923076923,1736.0,-9.546129705562123e-05,0.001321709146305139
3.5945128807064637,-0.9964660950223593,7.518524102989231,1.0,2.9989230769230772,1737.0,-9.546129705562123e-05,0.001321709146305139
3.594417419409408,-0.9966506147372087,7.519845812135536,1.0,2.998769230769231,1738.0,-9.546129705562123e-05,0.001321709146305139
3.5943219581123524,-0.9968351344520582,7.521167521281841,1.0,2.998615384615385,1739.0,-9.546129705562123e-05,0.001321709146305139
3.5942264968152973,-0.9970196541669075,7.522489230428145,1.0,2.9984615384615387,1740.0,-9.546129705517714e-05,0.0013217091463042507
3.5941310355182416,-0.997204173881757,7.52381093957445,1.0,2.9983076923076926,1741.0,-9.546129705562123e-05,0.001321709146305139
3.594035574221186,-0.9973886935966063,7.5251326487207555,1.0,2.9981538461538464,1742.0,-9.546129705562123e-05,0.001321709146305139
3.5939401129241304,-0.9975732133114558,7.526454357867061,1.0,2.998,1743.0,-9.546129705562123e-05,0.001321709146305139
3.593811699264617,-0.9973543742205326,7.526604369858671,1.0,2.997923076923077,1744.0,-0.00012841365951343775,0.00015001199161002177
3.593683285605103,-0.9971355351296094,7.526754381850282,1.0,2.997846153846154,1745.0,-0.00012841365951388184,0.00015001199161090994
3.5935548719455896,-0.9969166960386863,7.526904393841892,1.0,2.9977692307692307,1746.0,-0.00012841365951343775,0.00015001199161002177
3.593426458286076,-0.996697856947763,7.5270544058335025,1.0,2.997692307692308,1747.0,-0.00012841365951343775,0.00015001199161090994
3.5932980446265623,-0.9964790178568399,7.5272044178251125,1.0,2.9976153846153846,1748.0,-0.00012841365951388184,0.00015001199161002177
3.593169630967049,-0.9962601787659167,7.5273544298167225,1.0,2.9975384615384617,1749.0,-0.00012841365951343775,0.00015001199161002177
3.5930412173075355,-0.9960413396749935,7.5275044418083334,1.0,2.9974615384615384,1750.0,-0.00012841365951343775,0.00015001199161090994
3.592912803648022,-0.9958225005840703,7.5276544537999435,1.0,2.9973846153846155,1751.0,-0.00012841365951343775,0.00015001199161002177
3.592784389988508,-0.9956036614931472,7.5278044657915535,1.0,2.9973076923076922,1752.0,-0.00012841365951388184,0.00015001199161002177
3.5926559763289947,-0.9953848224022239,7.527954477783164,1.0,2.9972307692307694,1753.0,-0.00012841365951343775,0.00015001199161090994
3.5925275626694813,-0.9951659833113008,7.528104489774774,1.0,2.997153846153846,1754.0,-0.00012841365951343775,0.00015001199161002177
3.5923991490099674,-0.9949471442203776,7.528254501766385,1.0,2.997076923076923,1755.0,-0.00012841365951388184,0.00015001199161090994
3.592270735350454,-0.9947283051294544,7.528404513757995,1.0,2.997,1756.0,-0.00012841365951343775,0.00015001199161002177
3.592178330896388,-0.9948994960800261,7.5319859266536,1.0,2.996857142857143,1757.0,-9.240445406577535e-05,0.00358141289560443
3.592085926442323,-0.995070687030598,7.535567339549203,1.0,2.9967142857142854,1758.0,-9.240445406533127e-05,0.003581412895603542
3.591993521988257,-0.9952418779811697,7.539148752444808,1.0,2.9965714285714284,1759.0,-9.240445406577535e-05,0.00358141289560443
3.5919011175341917,-0.9954130689317415,7.542730165340411,1.0,2.9964285714285714,1760.0,-9.240445406533127e-05,0.003581412895603542
3.591808713080126,-0.9955842598823132,7.546311578236016,1.0,2.9962857142857144,1761.0,-9.240445406577535e-05,0.00358141289560443
3.5917163086260606,-0.9957554508328851,7.549892991131619,1.0,2.996142857142857,1762.0,-9.240445406533127e-05,0.003581412895603542
3.591623904171995,-0.9959266417834568,7.553474404027224,1.0,2.996,1763.0,-9.240445406577535e-05,0.00358141289560443
3.591531499717929,-0.9960978327340285,7.557055816922828,1.0,2.995857142857143,1764.0,-9.240445406577535e-05,0.00358141289560443
3.5914390952638637,-0.9962690236846004,7.560637229818432,1.0,2.9957142857142856,1765.0,-9.240445406533127e-05,0.003581412895603542
3.591346690809798,-0.9964402146351721,7.564218642714036,1.0,2.9955714285714286,1766.0,-9.240445406577535e-05,0.00358141289560443
3.5912542863557326,-0.9966114055857439,7.56780005560964,1.0,2.9954285714285716,1767.0,-9.240445406533127e-05,0.003581412895603542
3.591161881901667,-0.9967825965363156,7.571381468505244,1.0,2.9952857142857146,1768.0,-9.240445406577535e-05,0.00358141289560443
3.5910694774476015,-0.9969537874868875,7.574962881400848,1.0,2.995142857142857,1769.0,-9.240445406533127e-05,0.003581412895603542
3.5909770729935357,-0.9971249784374592,7.578544294296452,1.0,2.995,1770.0,-9.240445406577535e-05,0.00358141289560443
3.5908765757588426,-0.9968177112537038,7.579640908571015,1.0,2.9949230769230772,1771.0,-0.0001004972346931865,0.0010966142745632013
3.590776078524149,-0.9965104440699484,7.580737522845579,1.0,2.994846153846154,1772.0,-0.00010049723469363059,0.0010966142745640894
3.5906755812894557,-0.996203176886193,7.5818341371201425,1.0,2.994769230769231,1773.0,-0.0001004972346931865,0.0010966142745632013
3.590575084054762,-0.9958959097024377,7.582930751394706,1.0,2.9946923076923078,1774.0,-0.00010049723469363059,0.0010966142745632013
3.590474586820069,-0.9955886425186823,7.58402736566927,1.0,2.994615384615385,1775.0,-0.0001004972346931865,0.0010966142745640894
3.5903740895853753,-0.9952813753349269,7.585123979943833,1.0,2.9945384615384616,1776.0,-0.00010049723469363059,0.0010966142745632013
3.590273592350682,-0.9949741081511715,7.586220594218396,1.0,2.9944615384615387,1777.0,-0.0001004972346931865,0.0010966142745632013
3.5901730951159885,-0.9946668409674161,7.587317208492959,1.0,2.9943846153846154,1778.0,-0.00010049723469363059,0.0010966142745632013
3.5900725978812953,-0.9943595737836607,7.5884138227675235,1.0,2.9943076923076926,1779.0,-0.0001004972346931865,0.0010966142745640894
3.5899721006466017,-0.9940523065999054,7.589510437042087,1.0,2.9942307692307693,1780.0,-0.00010049723469363059,0.0010966142745632013
3.5898716034119085,-0.99374503941615,7.59060705131665,1.0,2.9941538461538464,1781.0,-0.0001004972346931865,0.0010966142745632013
3.589771106177215,-0.9934377722323946,7.591703665591214,1.0,2.994076923076923,1782.0,-0.00010049723469363059,0.0010966142745640894
3.5896706089425217,-0.9931305050486392,7.592800279865777,1.0,2.994,1783.0,-0.0001004972346931865,0.0010966142745632013
3.5895711849180296,-0.9933798833737892,7.594381577561942,1.0,2.993923076923077,1784.0,-9.942402449203414e-05,0.001581297696164441
3.589471760893537,-0.9936292616989394,7.595962875258106,1.0,2.993846153846154,1785.0,-9.942402449247822e-05,0.001581297696164441
3.589372336869045,-0.9938786400240894,7.5975441729542705,1.0,2.9937692307692307,1786.0,-9.942402449203414e-05,0.001581297696164441
3.5892729128445526,-0.9941280183492396,7.599125470650435,1.0,2.993692307692308,1787.0,-9.942402449247822e-05,0.001581297696164441
3.5891734888200606,-0.9943773966743896,7.600706768346599,1.0,2.9936153846153846,1788.0,-9.942402449203414e-05,0.001581297696164441
3.5890740647955686,-0.9946267749995398,7.602288066042764,1.0,2.9935384615384617,1789.0,-9.942402449203414e-05,0.001581297696164441
3.588974640771076,-0.9948761533246898,7.603869363738928,1.0,2.9934615384615384,1790.0,-9.942402449247822e-05,0.001581297696164441
3.588875216746584,-0.99512553164984,7.605450661435093,1.0,2.9933846153846155,1791.0,-9.942402449203414e-05,0.001581297696164441
3.588775792722092,-0.99537490997499,7.607031959131257,1.0,2.9933076923076922,1792.0,-9.942402449203414e-05,0.001581297696164441
3.5886763686975995,-0.9956242883001402,7.608613256827422,1.0,2.9932307692307694,1793.0,-9.942402449247822e-05,0.001581297696164441
3.5885769446731075,-0.9958736666252902,7.610194554523586,1.0,2.993153846153846,1794.0,-9.942402449203414e-05,0.001581297696164441
3.588477520648615,-0.9961230449504404,7.6117758522197505,1.0,2.993076923076923,1795.0,-9.942402449247822e-05,0.001581297696164441
3.588378096624123,-0.9963724232755904,7.613357149915915,1.0,2.993,1796.0,-9.942402449203414e-05,0.001581297696164441
3.588269387655414,-0.9962793561779861,7.614803649216713,1.0,2.992769230769231,1797.0,-0.00010870896870907032,0.0014464993007976545
3.5881606786867053,-0.996186289080382,7.61625014851751,1.0,2.9925384615384614,1798.0,-0.00010870896870862623,0.0014464993007976545
3.5880519697179962,-0.9960932219827777,7.617696647818308,1.0,2.9923076923076923,1799.0,-0.00010870896870907032,0.0014464993007976545
3.587943260749287,-0.9960001548851736,7.619143147119106,1.0,2.992076923076923,1800.0,-0.00010870896870907032,0.0014464993007976545
3.5878345517805785,-0.9959070877875693,7.620589646419903,1.0,2.991846153846154,1801.0,-0.00010870896870862623,0.0014464993007976545
3.5877258428118695,-0.995814020689965,7.622036145720701,1.0,2.991615384615385,1802.0,-0.00010870896870907032,0.0014464993007976545
3.5876171338431604,-0.9957209535923609,7.623482645021498,1.0,2.9913846153846153,1803.0,-0.00010870896870907032,0.0014464993007967664
3.5875084248744513,-0.9956278864947566,7.624929144322295,1.0,2.9911538461538463,1804.0,-0.00010870896870907032,0.0014464993007976545
3.5873997159057427,-0.9955348193971524,7.626375643623093,1.0,2.9909230769230772,1805.0,-0.00010870896870862623,0.0014464993007976545
3.5872910069370336,-0.9954417522995482,7.627822142923891,1.0,2.9906923076923078,1806.0,-0.00010870896870907032,0.0014464993007976545
3.5871822979683246,-0.995348685201944,7.629268642224688,1.0,2.9904615384615387,1807.0,-0.00010870896870907032,0.0014464993007976545
3.587073588999616,-0.9952556181043398,7.630715141525486,1.0,2.9902307692307692,1808.0,-0.00010870896870862623,0.0014464993007976545
3.586964880030907,-0.9951625510067356,7.632161640826284,1.0,2.99,1809.0,-0.00010870896870907032,0.0014464993007976545
3.586860269754899,-0.9952296992427577,7.635077909286401,1.0,2.989923076923077,1810.0,-0.00010461027600783268,0.0029162684601171662
3.586755659478891,-0.9952968474787799,7.637994177746518,1.0,2.989846153846154,1811.0,-0.00010461027600783268,0.0029162684601171662
3.5866510492028834,-0.995363995714802,7.640910446206635,1.0,2.9897692307692307,1812.0,-0.00010461027600783268,0.0029162684601171662
3.5865464389268755,-0.9954311439508242,7.643826714666752,1.0,2.989692307692308,1813.0,-0.00010461027600783268,0.0029162684601171662
3.5864418286508677,-0.9954982921868464,7.646742983126869,1.0,2.9896153846153846,1814.0,-0.00010461027600783268,0.0029162684601171662
3.58633721837486,-0.9955654404228685,7.649659251586987,1.0,2.9895384615384617,1815.0,-0.00010461027600783268,0.0029162684601171662
3.5862326080988516,-0.9956325886588908,7.652575520047103,1.0,2.9894615384615384,1816.0,-0.00010461027600827677,0.002916268460116278
3.5861279978228437,-0.995699736894913,7.65549178850722,1.0,2.9893846153846155,1817.0,-0.00010461027600783268,0.0029162684601171662
3.586023387546836,-0.9957668851309351,7.658408056967337,1.0,2.989307692307692,1818.0,-0.00010461027600783268,0.0029162684601171662
3.585918777270828,-0.9958340333669573,7.661324325427454,1.0,2.9892307692307694,1819.0,-0.00010461027600783268,0.0029162684601171662
3.5858141669948203,-0.9959011816029795,7.6642405938875715,1.0,2.989153846153846,1820.0,-0.00010461027600783268,0.0029162684601171662
3.5857095567188124,-0.9959683298390016,7.667156862347689,1.0,2.989076923076923,1821.0,-0.00010461027600783268,0.0029162684601171662
3.5856049464428046,-0.9960354780750238,7.670073130807806,1.0,2.989,1822.0,-0.00010461027600783268,0.0029162684601171662
3.5855176412649556,-0.996015169542243,7.671600895531322,1.0,2.988857142857143,1823.0,-8.730517784893976e-05,0.0015277647235159009
3.5854303360871067,-0.9959948610094623,7.673128660254838,1.0,2.9887142857142854,1824.0,-8.730517784893976e-05,0.0015277647235159009
3.5853430309092578,-0.9959745524766815,7.6746564249783535,1.0,2.9885714285714284,1825.0,-8.730517784893976e-05,0.0015277647235159009
3.585255725731409,-0.9959542439439009,7.6761841897018686,1.0,2.9884285714285714,1826.0,-8.730517784893976e-05,0.0015277647235150127
3.58516842055356,-0.9959339354111201,7.6777119544253845,1.0,2.9882857142857144,1827.0,-8.730517784893976e-05,0.0015277647235159009
3.585081115375711,-0.9959136268783394,7.6792397191489,1.0,2.988142857142857,1828.0,-8.730517784893976e-05,0.0015277647235159009
3.5849938101978625,-0.9958933183455586,7.680767483872416,1.0,2.988,1829.0,-8.730517784849567e-05,0.0015277647235159009
3.5849065050200135,-0.9958730098127778,7.682295248595932,1.0,2.987857142857143,1830.0,-8.730517784893976e-05,0.0015277647235159009
3.5848191998421646,-0.9958527012799971,7.683823013319448,1.0,2.9877142857142855,1831.0,-8.730517784893976e-05,0.0015277647235159009
3.5847318946643156,-0.9958323927472164,7.685350778042964,1.0,2.9875714285714285,1832.0,-8.730517784893976e-05,0.0015277647235159009
3.5846445894864667,-0.9958120842144357,7.686878542766479,1.0,2.9874285714285715,1833.0,-8.730517784893976e-05,0.0015277647235150127
3.5845572843086178,-0.9957917756816549,7.688406307489995,1.0,2.9872857142857145,1834.0,-8.730517784893976e-05,0.0015277647235159009
3.584469979130769,-0.9957714671488742,7.689934072213511,1.0,2.987142857142857,1835.0,-8.730517784893976e-05,0.0015277647235159009
3.58438267395292,-0.9957511586160934,7.691461836937027,1.0,2.987,1836.0,-8.730517784893976e-05,0.0015277647235159009
3.58428554468043,-0.9955939145637976,7.691984440601604,1.0,2.9869230769230772,1837.0,-9.71292724898376e-05,0.0005226036645771259
3.5841884154079398,-0.9954366705115019,7.692507044266181,1.0,2.986846153846154,1838.0,-9.712927249028169e-05,0.0005226036645771259
3.58409128613545,-0.9952794264592061,7.693029647930757,1.0,2.986769230769231,1839.0,-9.71292724898376e-05,0.0005226036645762377
3.5839941568629596,-0.9951221824069103,7.693552251595334,1.0,2.9866923076923078,1840.0,-9.712927249028169e-05,0.0005226036645771259
3.58389702759047,-0.9949649383546145,7.694074855259911,1.0,2.986615384615385,1841.0,-9.71292724898376e-05,0.0005226036645771259
3.5837998983179795,-0.9948076943023187,7.6945974589244885,1.0,2.9865384615384616,1842.0,-9.712927249028169e-05,0.0005226036645771259
3.5837027690454897,-0.9946504502500229,7.695120062589065,1.0,2.9864615384615387,1843.0,-9.71292724898376e-05,0.0005226036645762377
3.5836056397729994,-0.9944932061977271,7.695642666253642,1.0,2.9863846153846154,1844.0,-9.712927249028169e-05,0.0005226036645771259
3.5835085105005096,-0.9943359621454313,7.696165269918219,1.0,2.9863076923076926,1845.0,-9.71292724898376e-05,0.0005226036645771259
3.5834113812280193,-0.9941787180931355,7.696687873582796,1.0,2.9862307692307692,1846.0,-9.712927249028169e-05,0.0005226036645771259
3.5833142519555294,-0.9940214740408397,7.697210477247372,1.0,2.9861538461538464,1847.0,-9.71292724898376e-05,0.0005226036645762377
3.583217122683039,-0.993864229988544,7.6977330809119495,1.0,2.986076923076923,1848.0,-9.712927249028169e-05,0.0005226036645771259
3.5831199934105493,-0.9937069859362482,7.698255684576527,1.0,2.986,1849.0,-9.71292724898376e-05,0.0005226036645771259
3.583005247305711,-0.9938940407657759,7.70130352995526,1.0,2.985923076923077,1850.0,-0.00011474610483830361,0.0030478453787337045
3.582890501200873,-0.9940810955953037,7.704351375333995,1.0,2.985846153846154,1851.0,-0.00011474610483785952,0.0030478453787345927
3.582775755096035,-0.9942681504248315,7.707399220712729,1.0,2.9857692307692307,1852.0,-0.00011474610483830361,0.0030478453787337045
3.582661008991197,-0.9944552052543593,7.710447066091462,1.0,2.985692307692308,1853.0,-0.00011474610483785952,0.0030478453787337045
3.5825462628863587,-0.994642260083887,7.713494911470197,1.0,2.9856153846153846,1854.0,-0.00011474610483830361,0.0030478453787345927
3.582431516781521,-0.9948293149134148,7.716542756848931,1.0,2.9855384615384617,1855.0,-0.00011474610483785952,0.0030478453787337045
3.5823167706766825,-0.9950163697429426,7.719590602227664,1.0,2.9854615384615384,1856.0,-0.00011474610483830361,0.0030478453787337045
3.5822020245718447,-0.9952034245724704,7.722638447606398,1.0,2.9853846153846155,1857.0,-0.00011474610483785952,0.0030478453787337045
3.5820872784670064,-0.9953904794019981,7.725686292985133,1.0,2.985307692307692,1858.0,-0.00011474610483830361,0.0030478453787345927
3.5819725323621685,-0.9955775342315258,7.728734138363866,1.0,2.9852307692307694,1859.0,-0.00011474610483785952,0.0030478453787337045
3.58185778625733,-0.9957645890610537,7.7317819837426,1.0,2.985153846153846,1860.0,-0.00011474610483830361,0.0030478453787337045
3.5817430401524923,-0.9959516438905814,7.734829829121335,1.0,2.985076923076923,1861.0,-0.00011474610483785952,0.0030478453787345927
3.581628294047654,-0.9961386987201092,7.737877674500068,1.0,2.985,1862.0,-0.00011474610483830361,0.0030478453787337045
3.5815336019713424,-0.9961666923256778,7.739721279676777,1.0,2.9848461538461537,1863.0,-9.469207631163101e-05,0.0018436051767087847
3.5814389098950308,-0.9961946859312464,7.741564884853485,1.0,2.9846923076923075,1864.0,-9.469207631163101e-05,0.0018436051767078965
3.581344217818719,-0.996222679536815,7.743408490030194,1.0,2.9845384615384614,1865.0,-9.469207631163101e-05,0.0018436051767087847
3.581249525742408,-0.9962506731423835,7.745252095206902,1.0,2.984384615384615,1866.0,-9.469207631118692e-05,0.0018436051767078965
3.5811548336660963,-0.9962786667479521,7.7470957003836105,1.0,2.984230769230769,1867.0,-9.469207631163101e-05,0.0018436051767087847
3.5810601415897847,-0.9963066603535207,7.748939305560319,1.0,2.984076923076923,1868.0,-9.469207631163101e-05,0.0018436051767087847
3.580965449513473,-0.9963346539590893,7.750782910737027,1.0,2.983923076923077,1869.0,-9.469207631163101e-05,0.0018436051767078965
3.5808707574371614,-0.9963626475646579,7.752626515913736,1.0,2.983769230769231,1870.0,-9.469207631163101e-05,0.0018436051767087847
3.58077606536085,-0.9963906411702265,7.754470121090445,1.0,2.983615384615385,1871.0,-9.469207631163101e-05,0.0018436051767087847
3.5806813732845386,-0.996418634775795,7.756313726267153,1.0,2.9834615384615386,1872.0,-9.469207631118692e-05,0.0018436051767078965
3.580586681208227,-0.9964466283813636,7.758157331443861,1.0,2.9833076923076924,1873.0,-9.469207631163101e-05,0.0018436051767087847
3.5804919891319154,-0.9964746219869322,7.760000936620569,1.0,2.9831538461538463,1874.0,-9.469207631163101e-05,0.0018436051767078965
3.5803972970556037,-0.9965026155925008,7.761844541797278,1.0,2.983,1875.0,-9.469207631163101e-05,0.0018436051767087847
3.580294685263163,-0.9964241318366327,7.763118873126147,1.0,2.9829285714285714,1876.0,-0.00010261179244075436,0.001274331328868783
3.5801920734707227,-0.9963456480807648,7.764393204455015,1.0,2.982857142857143,1877.0,-0.00010261179244031027,0.0012743313288678948
3.580089461678282,-0.9962671643248967,7.765667535783884,1.0,2.9827857142857144,1878.0,-0.00010261179244075436,0.001274331328868783
3.5799868498858416,-0.9961886805690287,7.766941867112752,1.0,2.9827142857142857,1879.0,-0.00010261179244031027,0.001274331328868783
3.579884238093401,-0.9961101968131607,7.76821619844162,1.0,2.9826428571428574,1880.0,-0.00010261179244075436,0.0012743313288678948
3.5797816263009605,-0.9960317130572927,7.769490529770489,1.0,2.9825714285714287,1881.0,-0.00010261179244031027,0.001274331328868783
3.5796790145085198,-0.9959532293014247,7.770764861099357,1.0,2.9825000000000004,1882.0,-0.00010261179244075436,0.0012743313288678948
3.579576402716079,-0.9958747455455567,7.772039192428226,1.0,2.9824285714285717,1883.0,-0.00010261179244075436,0.001274331328868783
3.5794737909236387,-0.9957962617896886,7.7733135237570945,1.0,2.982357142857143,1884.0,-0.00010261179244031027,0.001274331328868783
3.579371179131198,-0.9957177780338207,7.774587855085962,1.0,2.9822857142857147,1885.0,-0.00010261179244075436,0.0012743313288678948
3.5792685673387576,-0.9956392942779526,7.775862186414831,1.0,2.982214285714286,1886.0,-0.00010261179244031027,0.001274331328868783
3.579165955546317,-0.9955608105220846,7.7771365177437,1.0,2.982142857142857,1887.0,-0.00010261179244075436,0.001274331328868783
3.5790633437538766,-0.9954823267662166,7.778410849072568,1.0,2.982071428571429,1888.0,-0.00010261179244031027,0.0012743313288678948
3.578960731961436,-0.9954038430103486,7.779685180401437,1.0,2.982,1889.0,-0.00010261179244075436,0.001274331328868783
3.5788709263687806,-0.9955284790442296,7.781961050916349,1.0,2.981923076923077,1890.0,-8.980559265525656e-05,0.0022758705149126257
3.5787811207761258,-0.9956531150781107,7.784236921431263,1.0,2.981846153846154,1891.0,-8.980559265481247e-05,0.002275870514913514
3.5786913151834705,-0.9957777511119917,7.786512791946175,1.0,2.9817692307692307,1892.0,-8.980559265525656e-05,0.0022758705149126257
3.5786015095908157,-0.9959023871458729,7.788788662461089,1.0,2.981692307692308,1893.0,-8.980559265481247e-05,0.002275870514913514
3.5785117039981604,-0.9960270231797539,7.7910645329760015,1.0,2.9816153846153846,1894.0,-8.980559265525656e-05,0.0022758705149126257
3.5784218984055056,-0.9961516592136349,7.793340403490915,1.0,2.9815384615384617,1895.0,-8.980559265481247e-05,0.002275870514913514
3.5783320928128504,-0.996276295247516,7.795616274005828,1.0,2.9814615384615384,1896.0,-8.980559265525656e-05,0.0022758705149126257
3.5782422872201955,-0.9964009312813971,7.797892144520741,1.0,2.9813846153846155,1897.0,-8.980559265481247e-05,0.002275870514913514
3.5781524816275403,-0.9965255673152781,7.800168015035654,1.0,2.981307692307692,1898.0,-8.980559265525656e-05,0.0022758705149126257
3.5780626760348855,-0.9966502033491592,7.802443885550567,1.0,2.9812307692307694,1899.0,-8.980559265481247e-05,0.002275870514913514
3.5779728704422302,-0.9967748393830402,7.80471975606548,1.0,2.981153846153846,1900.0,-8.980559265525656e-05,0.0022758705149126257
3.5778830648495754,-0.9968994754169214,7.8069956265803935,1.0,2.981076923076923,1901.0,-8.980559265481247e-05,0.002275870514913514
3.57779325925692,-0.9970241114508024,7.809271497095306,1.0,2.981,1902.0,-8.980559265525656e-05,0.0022758705149126257
3.577697135225746,-0.9969294258779728,7.810357873094074,1.0,2.980923076923077,1903.0,-9.612403117431612e-05,0.001086375998768041
3.5776010111945715,-0.9968347403051433,7.811444249092843,1.0,2.9808461538461537,1904.0,-9.612403117431612e-05,0.0010863759987689292
3.5775048871633977,-0.9967400547323138,7.812530625091611,1.0,2.980769230769231,1905.0,-9.612403117387203e-05,0.001086375998768041
3.5774087631322233,-0.9966453691594842,7.81361700109038,1.0,2.9806923076923075,1906.0,-9.612403117431612e-05,0.0010863759987689292
3.577312639101049,-0.9965506835866547,7.814703377089148,1.0,2.9806153846153847,1907.0,-9.612403117431612e-05,0.001086375998768041
3.5772165150698747,-0.9964559980138251,7.815789753087916,1.0,2.9805384615384614,1908.0,-9.612403117431612e-05,0.001086375998768041
3.577120391038701,-0.9963613124409957,7.816876129086685,1.0,2.9804615384615385,1909.0,-9.612403117387203e-05,0.0010863759987689292
3.5770242670075265,-0.9962666268681661,7.817962505085453,1.0,2.980384615384615,1910.0,-9.612403117431612e-05,0.001086375998768041
3.576928142976352,-0.9961719412953366,7.819048881084221,1.0,2.9803076923076923,1911.0,-9.612403117431612e-05,0.001086375998768041
3.576832018945178,-0.996077255722507,7.82013525708299,1.0,2.980230769230769,1912.0,-9.612403117431612e-05,0.0010863759987689292
3.576735894914004,-0.9959825701496775,7.821221633081758,1.0,2.980153846153846,1913.0,-9.612403117387203e-05,0.001086375998768041
3.5766397708828297,-0.995887884576848,7.822308009080527,1.0,2.980076923076923,1914.0,-9.612403117431612e-05,0.0010863759987689292
3.5765436468516554,-0.9957931990040184,7.823394385079295,1.0,2.98,1915.0,-9.612403117431612e-05,0.001086375998768041
3.5764442879887,-0.9957787874535939,7.824783920772596,1.0,2.979846153846154,1916.0,-9.935886295542318e-05,0.001389535693300914
3.5763449291257445,-0.9957643759031694,7.826173456465898,1.0,2.9796923076923076,1917.0,-9.935886295542318e-05,0.0013895356933018022
3.576245570262789,-0.9957499643527449,7.827562992159199,1.0,2.9795384615384615,1918.0,-9.935886295542318e-05,0.001389535693300914
3.5761462113998337,-0.9957355528023203,7.8289525278525005,1.0,2.9793846153846153,1919.0,-9.935886295542318e-05,0.0013895356933018022
3.5760468525368783,-0.9957211412518958,7.830342063545801,1.0,2.979230769230769,1920.0,-9.935886295542318e-05,0.001389535693300914
3.575947493673923,-0.9957067297014712,7.831731599239102,1.0,2.979076923076923,1921.0,-9.935886295542318e-05,0.001389535693300914
3.575848134810967,-0.9956923181510468,7.833121134932404,1.0,2.9789230769230772,1922.0,-9.935886295586727e-05,0.0013895356933018022
3.5757487759480115,-0.9956779066006222,7.834510670625705,1.0,2.978769230769231,1923.0,-9.935886295542318e-05,0.001389535693300914
3.575649417085056,-0.9956634950501977,7.835900206319006,1.0,2.978615384615385,1924.0,-9.935886295542318e-05,0.001389535693300914
3.5755500582221007,-0.9956490834997731,7.837289742012308,1.0,2.9784615384615387,1925.0,-9.935886295542318e-05,0.0013895356933018022
3.5754506993591453,-0.9956346719493486,7.838679277705609,1.0,2.9783076923076925,1926.0,-9.935886295542318e-05,0.001389535693300914
3.57535134049619,-0.995620260398924,7.8400688133989105,1.0,2.9781538461538464,1927.0,-9.935886295542318e-05,0.0013895356933018022
3.5752519816332344,-0.9956058488484996,7.841458349092211,1.0,2.978,1928.0,-9.935886295542318e-05,0.001389535693300914
3.5751553520790726,-0.9955095790583556,7.843560932921469,1.0,2.977923076923077,1929.0,-9.662955416178676e-05,0.0021025838292576537
3.575058722524911,-0.9954133092682117,7.845663516750728,1.0,2.977846153846154,1930.0,-9.662955416178676e-05,0.002102583829258542
3.574962092970749,-0.9953170394780677,7.847766100579985,1.0,2.9777692307692307,1931.0,-9.662955416178676e-05,0.0021025838292576537
3.5748654634165873,-0.9952207696879238,7.849868684409244,1.0,2.977692307692308,1932.0,-9.662955416178676e-05,0.002102583829258542
3.5747688338624255,-0.9951244998977798,7.8519712682385014,1.0,2.9776153846153846,1933.0,-9.662955416178676e-05,0.0021025838292576537
3.5746722043082637,-0.995028230107636,7.854073852067759,1.0,2.9775384615384617,1934.0,-9.662955416178676e-05,0.0021025838292576537
3.574575574754102,-0.994931960317492,7.856176435897018,1.0,2.9774615384615384,1935.0,-9.662955416178676e-05,0.002102583829258542
3.57447894519994,-0.9948356905273481,7.858279019726275,1.0,2.9773846153846155,1936.0,-9.662955416178676e-05,0.0021025838292576537
3.5743823156457784,-0.9947394207372041,7.860381603555533,1.0,2.977307692307692,1937.0,-9.662955416178676e-05,0.0021025838292576537
3.5742856860916166,-0.9946431509470602,7.8624841873847915,1.0,2.9772307692307693,1938.0,-9.662955416178676e-05,0.002102583829258542
3.574189056537455,-0.9945468811569163,7.864586771214049,1.0,2.977153846153846,1939.0,-9.662955416178676e-05,0.0021025838292576537
3.574092426983293,-0.9944506113667724,7.866689355043308,1.0,2.977076923076923,1940.0,-9.662955416178676e-05,0.002102583829258542
3.573995797429131,-0.9943543415766284,7.868791938872565,1.0,2.977,1941.0,-9.662955416178676e-05,0.0021025838292576537
3.573904711033826,-0.9943904961183867,7.870131384827838,1.0,2.976857142857143,1942.0,-9.108639530541751e-05,0.001339445955272467
3.573813624638521,-0.9944266506601451,7.871470830783111,1.0,2.9767142857142854,1943.0,-9.108639530497342e-05,0.001339445955273355
3.5737225382432154,-0.9944628052019034,7.872810276738384,1.0,2.9765714285714284,1944.0,-9.108639530541751e-05,0.001339445955272467
3.5736314518479104,-0.9944989597436618,7.874149722693656,1.0,2.9764285714285714,1945.0,-9.108639530497342e-05,0.001339445955272467
3.573540365452605,-0.9945351142854201,7.875489168648929,1.0,2.9762857142857144,1946.0,-9.108639530541751e-05,0.001339445955272467
3.5734492790573,-0.9945712688271785,7.876828614604202,1.0,2.976142857142857,1947.0,-9.108639530497342e-05,0.001339445955273355
3.5733581926619946,-0.9946074233689368,7.878168060559474,1.0,2.976,1948.0,-9.108639530541751e-05,0.001339445955272467
3.573267106266689,-0.9946435779106951,7.879507506514747,1.0,2.975857142857143,1949.0,-9.108639530541751e-05,0.001339445955272467
3.5731760198713842,-0.9946797324524536,7.88084695247002,1.0,2.9757142857142855,1950.0,-9.108639530497342e-05,0.001339445955273355
3.573084933476079,-0.9947158869942119,7.882186398425293,1.0,2.9755714285714285,1951.0,-9.108639530541751e-05,0.001339445955272467
3.572993847080774,-0.9947520415359702,7.883525844380565,1.0,2.9754285714285715,1952.0,-9.108639530497342e-05,0.001339445955272467
3.5729027606854684,-0.9947881960777285,7.884865290335838,1.0,2.9752857142857145,1953.0,-9.108639530541751e-05,0.001339445955272467
3.5728116742901634,-0.9948243506194869,7.886204736291111,1.0,2.975142857142857,1954.0,-9.108639530497342e-05,0.001339445955273355
3.572720587894858,-0.9948605051612452,7.887544182246383,1.0,2.975,1955.0,-9.108639530541751e-05,0.001339445955272467
3.5726206032197263,-0.9948382884807592,7.890066253686501,1.0,2.974846153846154,1956.0,-9.998467513172571e-05,0.0025220714401177347
3.5725206185445946,-0.9948160718002731,7.892588325126619,1.0,2.9746923076923077,1957.0,-9.998467513172571e-05,0.0025220714401177347
3.5724206338694624,-0.994793855119787,7.895110396566737,1.0,2.9745384615384616,1958.0,-9.99846751321698e-05,0.0025220714401177347
3.5723206491943307,-0.9947716384393009,7.897632468006854,1.0,2.9743846153846154,1959.0,-9.998467513172571e-05,0.0025220714401177347
3.572220664519199,-0.9947494217588149,7.900154539446972,1.0,2.9742307692307692,1960.0,-9.998467513172571e-05,0.0025220714401177347
3.5721206798440672,-0.9947272050783288,7.90267661088709,1.0,2.974076923076923,1961.0,-9.998467513172571e-05,0.0025220714401177347
3.572020695168935,-0.9947049883978428,7.905198682327208,1.0,2.973923076923077,1962.0,-9.99846751321698e-05,0.0025220714401177347
3.5719207104938033,-0.9946827717173568,7.907720753767325,1.0,2.9737692307692307,1963.0,-9.998467513172571e-05,0.0025220714401177347
3.5718207258186716,-0.9946605550368707,7.910242825207443,1.0,2.9736153846153845,1964.0,-9.998467513172571e-05,0.0025220714401177347
3.57172074114354,-0.9946383383563846,7.912764896647561,1.0,2.9734615384615384,1965.0,-9.998467513172571e-05,0.0025220714401177347
3.5716207564684077,-0.9946161216758985,7.9152869680876785,1.0,2.973307692307692,1966.0,-9.99846751321698e-05,0.0025220714401177347
3.571520771793276,-0.9945939049954124,7.917809039527796,1.0,2.973153846153846,1967.0,-9.998467513172571e-05,0.0025220714401177347
3.5714207871181443,-0.9945716883149264,7.920331110967914,1.0,2.973,1968.0,-9.998467513172571e-05,0.0025220714401177347
3.57131526485288,-0.9945166671053336,7.9215003998217846,1.0,2.9728461538461537,1969.0,-0.00010552226526439057,0.001169288853870576
3.5712097425876155,-0.9944616458957408,7.922669688675655,1.0,2.9726923076923075,1970.0,-0.00010552226526439057,0.001169288853870576
3.571104220322351,-0.994406624686148,7.923838977529527,1.0,2.9725384615384614,1971.0,-0.00010552226526439057,0.001169288853871464
3.5709986980570863,-0.9943516034765553,7.925008266383397,1.0,2.972384615384615,1972.0,-0.00010552226526483466,0.001169288853870576
3.570893175791822,-0.9942965822669625,7.926177555237268,1.0,2.972230769230769,1973.0,-0.00010552226526439057,0.001169288853870576
3.5707876535265575,-0.9942415610573697,7.927346844091138,1.0,2.972076923076923,1974.0,-0.00010552226526439057,0.001169288853870576
3.570682131261293,-0.994186539847777,7.92851613294501,1.0,2.971923076923077,1975.0,-0.00010552226526439057,0.001169288853871464
3.5705766089960287,-0.9941315186381843,7.92968542179888,1.0,2.971769230769231,1976.0,-0.00010552226526439057,0.001169288853870576
3.5704710867307643,-0.9940764974285915,7.930854710652751,1.0,2.9716153846153848,1977.0,-0.00010552226526439057,0.001169288853870576
3.5703655644654995,-0.9940214762189987,7.9320239995066215,1.0,2.9714615384615386,1978.0,-0.00010552226526483466,0.001169288853870576
3.570260042200235,-0.993966455009406,7.933193288360493,1.0,2.9713076923076924,1979.0,-0.00010552226526439057,0.001169288853871464
3.5701545199349707,-0.9939114337998132,7.9343625772143636,1.0,2.9711538461538463,1980.0,-0.00010552226526439057,0.001169288853870576
3.5700489976697063,-0.9938564125902204,7.935531866068234,1.0,2.971,1981.0,-0.00010552226526439057,0.001169288853870576
3.569952269092249,-0.9938796936905503,7.937519094159614,1.0,2.970923076923077,1982.0,-9.672857745712804e-05,0.0019872280913801887
3.5698555405147925,-0.9939029747908802,7.939506322250994,1.0,2.970846153846154,1983.0,-9.672857745668395e-05,0.0019872280913793006
3.5697588119373354,-0.9939262558912102,7.941493550342374,1.0,2.970769230769231,1984.0,-9.672857745712804e-05,0.0019872280913801887
3.5696620833598782,-0.9939495369915401,7.943480778433753,1.0,2.9706923076923077,1985.0,-9.672857745712804e-05,0.0019872280913793006
3.5695653547824215,-0.99397281809187,7.945468006525133,1.0,2.970615384615385,1986.0,-9.672857745668395e-05,0.0019872280913801887
3.5694686262049644,-0.9939960991921999,7.947455234616513,1.0,2.9705384615384616,1987.0,-9.672857745712804e-05,0.0019872280913793006
3.5693718976275073,-0.9940193802925299,7.949442462707893,1.0,2.9704615384615387,1988.0,-9.672857745712804e-05,0.0019872280913801887
3.56927516905005,-0.9940426613928598,7.951429690799272,1.0,2.9703846153846154,1989.0,-9.672857745712804e-05,0.0019872280913793006
3.5691784404725935,-0.9940659424931897,7.953416918890652,1.0,2.9703076923076925,1990.0,-9.672857745668395e-05,0.0019872280913801887
3.5690817118951363,-0.9940892235935196,7.955404146982032,1.0,2.9702307692307692,1991.0,-9.672857745712804e-05,0.0019872280913793006
3.568984983317679,-0.9941125046938496,7.957391375073412,1.0,2.9701538461538464,1992.0,-9.672857745712804e-05,0.0019872280913801887
3.5688882547402225,-0.9941357857941795,7.959378603164791,1.0,2.970076923076923,1993.0,-9.672857745668395e-05,0.0019872280913793006
3.5687915261627654,-0.9941590668945094,7.961365831256171,1.0,2.97,1994.0,-9.672857745712804e-05,0.0019872280913801887
3.5686940617254512,-0.9941792573619145,7.962238260354061,1.0,2.9699285714285715,1995.0,-9.746443731417642e-05,0.0008724290978898708
3.568596597288137,-0.9941994478293196,7.963110689451951,1.0,2.969857142857143,1996.0,-9.746443731417642e-05,0.0008724290978898708
3.5684991328508233,-0.9942196382967247,7.963983118549841,1.0,2.9697857142857145,1997.0,-9.746443731373233e-05,0.0008724290978898708
3.568401668413509,-0.9942398287641298,7.964855547647732,1.0,2.9697142857142858,1998.0,-9.746443731417642e-05,0.000872429097890759
3.568304203976195,-0.9942600192315348,7.9657279767456215,1.0,2.969642857142857,1999.0,-9.746443731417642e-05,0.0008724290978898708
3.568206739538881,-0.9942802096989399,7.966600405843511,1.0,2.9695714285714288,2000.0,-9.746443731417642e-05,0.0008724290978898708
3.568109275101567,-0.9943004001663451,7.967472834941401,1.0,2.9695,2001.0,-9.746443731373233e-05,0.0008724290978898708
3.568011810664253,-0.9943205906337502,7.968345264039291,1.0,2.9694285714285713,2002.0,-9.746443731417642e-05,0.0008724290978898708
3.5679143462269387,-0.9943407811011553,7.969217693137181,1.0,2.969357142857143,2003.0,-9.746443731417642e-05,0.0008724290978898708
3.5678168817896245,-0.9943609715685604,7.970090122235071,1.0,2.9692857142857143,2004.0,-9.746443731417642e-05,0.0008724290978898708
3.5677194173523104,-0.9943811620359655,7.970962551332962,1.0,2.9692142857142856,2005.0,-9.746443731417642e-05,0.000872429097890759
3.5676219529149966,-0.9944013525033706,7.9718349804308515,1.0,2.969142857142857,2006.0,-9.746443731373233e-05,0.0008724290978898708
3.5675244884776824,-0.9944215429707757,7.972707409528741,1.0,2.9690714285714286,2007.0,-9.746443731417642e-05,0.0008724290978898708
3.5674270240403683,-0.9944417334381808,7.973579838626631,1.0,2.969,2008.0,-9.746443731417642e-05,0.0008724290978898708
3.5673365349580184,-0.9945278468606527,7.973881807727028,1.0,2.968923076923077,2009.0,-9.048908234987607e-05,0.000301969100396704
3.567246045875668,-0.9946139602831244,7.9741837768274255,1.0,2.9688461538461537,2010.0,-9.048908235032016e-05,0.00030196910039759217
3.567155556793318,-0.9947000737055963,7.974485745927822,1.0,2.968769230769231,2011.0,-9.048908234987607e-05,0.000301969100396704
3.5670650677109683,-0.9947861871280681,7.97478771502822,1.0,2.9686923076923075,2012.0,-9.048908234987607e-05,0.00030196910039759217
3.566974578628618,-0.99487230055054,7.9750896841286165,1.0,2.9686153846153847,2013.0,-9.048908235032016e-05,0.000301969100396704
3.566884089546268,-0.9949584139730119,7.975391653229013,1.0,2.9685384615384613,2014.0,-9.048908234987607e-05,0.000301969100396704
3.5667936004639182,-0.9950445273954837,7.975693622329411,1.0,2.9684615384615385,2015.0,-9.048908234987607e-05,0.00030196910039759217
3.5667031113815684,-0.9951306408179555,7.9759955914298075,1.0,2.968384615384615,2016.0,-9.048908234987607e-05,0.000301969100396704
3.566612622299218,-0.9952167542404274,7.976297560530204,1.0,2.9683076923076923,2017.0,-9.048908235032016e-05,0.000301969100396704
3.566522133216868,-0.9953028676628992,7.976599529630602,1.0,2.968230769230769,2018.0,-9.048908234987607e-05,0.00030196910039759217
3.5664316441345183,-0.9953889810853711,7.9769014987309985,1.0,2.968153846153846,2019.0,-9.048908234987607e-05,0.000301969100396704
3.566341155052168,-0.9954750945078429,7.977203467831396,1.0,2.968076923076923,2020.0,-9.048908235032016e-05,0.00030196910039759217
3.566250665969818,-0.9955612079303148,7.977505436931793,1.0,2.968,2021.0,-9.048908234987607e-05,0.000301969100396704
3.5661580693651227,-0.9955823495942429,7.9785465216816025,1.0,2.967923076923077,2022.0,-9.25966046954052e-05,0.0010410847498096842
3.5660654727604277,-0.995603491258171,7.979587606431411,1.0,2.967846153846154,2023.0,-9.259660469496112e-05,0.001041084749808796
3.5659728761557323,-0.9956246329220991,7.980628691181221,1.0,2.967769230769231,2024.0,-9.25966046954052e-05,0.0010410847498096842
3.5658802795510374,-0.9956457745860273,7.981669775931031,1.0,2.9676923076923076,2025.0,-9.259660469496112e-05,0.0010410847498096842
3.565787682946342,-0.9956669162499554,7.9827108606808395,1.0,2.9676153846153848,2026.0,-9.25966046954052e-05,0.001041084749808796
3.5656950863416466,-0.9956880579138835,7.983751945430649,1.0,2.9675384615384615,2027.0,-9.25966046954052e-05,0.0010410847498096842
3.5656024897369516,-0.9957091995778117,7.984793030180459,1.0,2.9674615384615386,2028.0,-9.259660469496112e-05,0.0010410847498096842
3.565509893132256,-0.9957303412417398,7.9858341149302685,1.0,2.9673846153846153,2029.0,-9.25966046954052e-05,0.0010410847498096842
3.565417296527561,-0.9957514829056678,7.986875199680077,1.0,2.9673076923076924,2030.0,-9.25966046954052e-05,0.001041084749808796
3.565324699922866,-0.995772624569596,7.987916284429887,1.0,2.967230769230769,2031.0,-9.259660469496112e-05,0.0010410847498096842
3.5652321033181704,-0.9957937662335241,7.988957369179697,1.0,2.9671538461538463,2032.0,-9.25966046954052e-05,0.0010410847498096842
3.5651395067134755,-0.9958149078974523,7.9899984539295055,1.0,2.967076923076923,2033.0,-9.259660469496112e-05,0.001041084749808796
3.56504691010878,-0.9958360495613804,7.991039538679315,1.0,2.967,2034.0,-9.25966046954052e-05,0.0010410847498096842
3.5649411990634996,-0.9957958579751875,7.99329812193961,1.0,2.966846153846154,2035.0,-0.00010571104528045439,0.0022585832602946
3.564835488018219,-0.9957556663889947,7.995556705199905,1.0,2.9666923076923077,2036.0,-0.00010571104528045439,0.002258583260295488
3.564729776972939,-0.9957154748028019,7.9978152884602,1.0,2.9665384615384616,2037.0,-0.0001057110452800103,0.0022585832602946
3.5646240659276587,-0.995675283216609,8.000073871720495,1.0,2.9663846153846154,2038.0,-0.00010571104528045439,0.002258583260295488
3.5645183548823782,-0.9956350916304162,8.00233245498079,1.0,2.9662307692307692,2039.0,-0.00010571104528045439,0.0022585832602946
3.5644126438370978,-0.9955949000442234,8.004591038241085,1.0,2.966076923076923,2040.0,-0.00010571104528045439,0.0022585832602946
3.5643069327918178,-0.9955547084580306,8.00684962150138,1.0,2.965923076923077,2041.0,-0.0001057110452800103,0.0022585832602946
3.5642012217465373,-0.9955145168718378,8.009108204761674,1.0,2.9657692307692307,2042.0,-0.00010571104528045439,0.0022585832602946
3.564095510701257,-0.995474325285645,8.011366788021968,1.0,2.9656153846153845,2043.0,-0.00010571104528045439,0.0022585832602946
3.5639897996559764,-0.9954341336994521,8.013625371282265,1.0,2.9654615384615384,2044.0,-0.00010571104528045439,0.0022585832602963762
3.5638840886106964,-0.9953939421132593,8.01588395454256,1.0,2.965307692307692,2045.0,-0.0001057110452800103,0.0022585832602946
3.563778377565416,-0.9953537505270664,8.018142537802854,1.0,2.965153846153846,2046.0,-0.00010571104528045439,0.0022585832602946
3.5636726665201355,-0.9953135589408736,8.020401121063149,1.0,2.965,2047.0,-0.00010571104528045439,0.0022585832602946
3.5635802334434605,-0.9953016563745384,8.02352423757785,1.0,2.9648461538461537,2048.0,-9.243307667494705e-05,0.0031231165147023177
3.5634878003667856,-0.9952897538082031,8.026647354092555,1.0,2.9646923076923075,2049.0,-9.243307667494705e-05,0.003123116514704094
3.5633953672901106,-0.9952778512418679,8.029770470607257,1.0,2.9645384615384613,2050.0,-9.243307667494705e-05,0.0031231165147023177
3.5633029342134352,-0.9952659486755325,8.032893587121961,1.0,2.964384615384615,2051.0,-9.243307667539113e-05,0.003123116514704094
3.5632105011367603,-0.9952540461091973,8.036016703636664,1.0,2.964230769230769,2052.0,-9.243307667494705e-05,0.0031231165147023177
3.5631180680600854,-0.995242143542862,8.039139820151368,1.0,2.964076923076923,2053.0,-9.243307667494705e-05,0.003123116514704094
3.5630256349834104,-0.9952302409765268,8.04226293666607,1.0,2.963923076923077,2054.0,-9.243307667494705e-05,0.0031231165147023177
3.5629332019067355,-0.9952183384101915,8.045386053180774,1.0,2.963769230769231,2055.0,-9.243307667494705e-05,0.003123116514704094
3.5628407688300605,-0.9952064358438563,8.048509169695476,1.0,2.9636153846153848,2056.0,-9.243307667494705e-05,0.0031231165147023177
3.562748335753385,-0.9951945332775209,8.05163228621018,1.0,2.9634615384615386,2057.0,-9.243307667539113e-05,0.003123116514704094
3.56265590267671,-0.9951826307111857,8.054755402724883,1.0,2.9633076923076924,2058.0,-9.243307667494705e-05,0.0031231165147023177
3.5625634696000352,-0.9951707281448504,8.057878519239587,1.0,2.9631538461538462,2059.0,-9.243307667494705e-05,0.003123116514704094
3.5624710365233603,-0.9951588255785152,8.06100163575429,1.0,2.963,2060.0,-9.243307667494705e-05,0.0031231165147023177
3.5623871521846846,-0.9949950845612268,8.062309191670476,1.0,2.9629285714285714,2061.0,-8.388433867567713e-05,0.0013075559161865868
3.5623032678460085,-0.9948313435439383,8.063616747586664,1.0,2.962857142857143,2062.0,-8.388433867612122e-05,0.0013075559161883632
3.5622193835073324,-0.9946676025266499,8.06492430350285,1.0,2.9627857142857144,2063.0,-8.388433867612122e-05,0.0013075559161865868
3.5621354991686567,-0.9945038615093613,8.06623185941904,1.0,2.9627142857142856,2064.0,-8.388433867567713e-05,0.0013075559161883632
3.562051614829981,-0.9943401204920729,8.067539415335226,1.0,2.9626428571428574,2065.0,-8.388433867567713e-05,0.0013075559161865868
3.561967730491305,-0.9941763794747844,8.068846971251414,1.0,2.9625714285714286,2066.0,-8.388433867612122e-05,0.0013075559161883632
3.5618838461526288,-0.994012638457496,8.0701545271676,1.0,2.9625000000000004,2067.0,-8.388433867612122e-05,0.0013075559161865868
3.561799961813953,-0.9938488974402075,8.071462083083787,1.0,2.9624285714285716,2068.0,-8.388433867567713e-05,0.0013075559161865868
3.5617160774752774,-0.9936851564229191,8.072769638999976,1.0,2.962357142857143,2069.0,-8.388433867567713e-05,0.0013075559161883632
3.5616321931366013,-0.9935214154056307,8.074077194916162,1.0,2.9622857142857146,2070.0,-8.388433867612122e-05,0.0013075559161865868
3.561548308797925,-0.9933576743883421,8.07538475083235,1.0,2.962214285714286,2071.0,-8.388433867612122e-05,0.0013075559161883632
3.5614644244592495,-0.9931939333710537,8.076692306748537,1.0,2.962142857142857,2072.0,-8.388433867567713e-05,0.0013075559161865868
3.561380540120574,-0.9930301923537652,8.077999862664726,1.0,2.962071428571429,2073.0,-8.388433867567713e-05,0.0013075559161883632
3.5612966557818977,-0.9928664513364768,8.079307418580912,1.0,2.962,2074.0,-8.388433867612122e-05,0.0013075559161865868
3.561204535461352,-0.9931345578819916,8.081373735725416,1.0,2.961923076923077,2075.0,-9.21203205455079e-05,0.002066317144503671
3.5611124151408067,-0.9934026644275065,8.08344005286992,1.0,2.961846153846154,2076.0,-9.21203205455079e-05,0.002066317144503671
3.561020294820261,-0.9936707709730213,8.085506370014423,1.0,2.9617692307692307,2077.0,-9.21203205455079e-05,0.002066317144503671
3.5609281744997157,-0.9939388775185362,8.087572687158927,1.0,2.961692307692308,2078.0,-9.21203205455079e-05,0.002066317144503671
3.56083605417917,-0.994206984064051,8.08963900430343,1.0,2.9616153846153845,2079.0,-9.21203205455079e-05,0.002066317144503671
3.5607439338586246,-0.9944750906095657,8.091705321447934,1.0,2.9615384615384617,2080.0,-9.21203205455079e-05,0.002066317144503671
3.5606518135380796,-0.9947431971550806,8.093771638592438,1.0,2.9614615384615384,2081.0,-9.21203205450638e-05,0.002066317144503671
3.560559693217534,-0.9950113037005954,8.095837955736942,1.0,2.9613846153846155,2082.0,-9.21203205455079e-05,0.002066317144503671
3.5604675728969886,-0.9952794102461102,8.097904272881445,1.0,2.961307692307692,2083.0,-9.21203205455079e-05,0.002066317144503671
3.560375452576443,-0.9955475167916251,8.099970590025949,1.0,2.9612307692307693,2084.0,-9.21203205455079e-05,0.002066317144503671
3.5602833322558975,-0.9958156233371399,8.102036907170453,1.0,2.961153846153846,2085.0,-9.21203205455079e-05,0.002066317144503671
3.560191211935352,-0.9960837298826548,8.104103224314956,1.0,2.961076923076923,2086.0,-9.21203205455079e-05,0.002066317144503671
3.5600990916148065,-0.9963518364281696,8.10616954145946,1.0,2.961,2087.0,-9.21203205455079e-05,0.002066317144503671
3.560002103216023,-0.9962920108223727,8.107497276128264,1.0,2.961,2088.0,-9.698839878335974e-05,0.0013277346688038705
3.5599051148172403,-0.9962321852165759,8.108825010797068,1.0,2.961,2089.0,-9.698839878291565e-05,0.0013277346688038705
3.559808126418457,-0.9961723596107789,8.11015274546587,1.0,2.961,2090.0,-9.698839878335974e-05,0.0013277346688020941
3.5597111380196735,-0.996112534004982,8.111480480134674,1.0,2.961,2091.0,-9.698839878335974e-05,0.0013277346688038705
3.5596141496208906,-0.9960527083991851,8.112808214803477,1.0,2.961,2092.0,-9.698839878291565e-05,0.0013277346688038705
3.5595171612221073,-0.9959928827933883,8.114135949472281,1.0,2.961,2093.0,-9.698839878335974e-05,0.0013277346688038705
3.559420172823324,-0.9959330571875913,8.115463684141083,1.0,2.961,2094.0,-9.698839878335974e-05,0.0013277346688020941
3.5593231844245405,-0.9958732315817944,8.116791418809887,1.0,2.961,2095.0,-9.698839878335974e-05,0.0013277346688038705
3.5592261960257576,-0.9958134059759975,8.118119153478691,1.0,2.961,2096.0,-9.698839878291565e-05,0.0013277346688038705
3.5591292076269743,-0.9957535803702007,8.119446888147495,1.0,2.961,2097.0,-9.698839878335974e-05,0.0013277346688038705
3.559032219228191,-0.9956937547644037,8.120774622816297,1.0,2.961,2098.0,-9.698839878335974e-05,0.0013277346688020941
3.558935230829408,-0.9956339291586068,8.122102357485101,1.0,2.961,2099.0,-9.698839878291565e-05,0.0013277346688038705
3.5588382424306246,-0.99557410355281,8.123430092153905,1.0,2.961,2100.0,-9.698839878335974e-05,0.0013277346688038705
3.558739103491893,-0.9955460893788104,8.125307910003936,1.0,2.9608461538461537,2101.0,-9.91389387317021e-05,0.0018778178500316045
3.558639964553161,-0.9955180752048108,8.127185727853968,1.0,2.9606923076923075,2102.0,-9.913893873214619e-05,0.0018778178500316045
3.558540825614429,-0.9954900610308114,8.129063545704,1.0,2.9605384615384613,2103.0,-9.91389387317021e-05,0.0018778178500316045
3.558441686675697,-0.9954620468568118,8.130941363554033,1.0,2.960384615384615,2104.0,-9.913893873214619e-05,0.0018778178500333809
3.5583425477369652,-0.9954340326828123,8.132819181404065,1.0,2.960230769230769,2105.0,-9.91389387317021e-05,0.0018778178500316045
3.558243408798233,-0.9954060185088127,8.134696999254096,1.0,2.960076923076923,2106.0,-9.913893873214619e-05,0.0018778178500316045
3.5581442698595014,-0.9953780043348133,8.136574817104128,1.0,2.959923076923077,2107.0,-9.91389387317021e-05,0.0018778178500316045
3.5580451309207692,-0.9953499901608137,8.13845263495416,1.0,2.959769230769231,2108.0,-9.913893873214619e-05,0.0018778178500316045
3.5579459919820375,-0.9953219759868142,8.140330452804191,1.0,2.9596153846153848,2109.0,-9.91389387317021e-05,0.0018778178500316045
3.5578468530433054,-0.9952939618128146,8.142208270654224,1.0,2.9594615384615386,2110.0,-9.913893873214619e-05,0.0018778178500333809
3.5577477141045737,-0.9952659476388152,8.144086088504256,1.0,2.9593076923076924,2111.0,-9.91389387317021e-05,0.0018778178500316045
3.5576485751658415,-0.9952379334648156,8.145963906354288,1.0,2.9591538461538462,2112.0,-9.913893873214619e-05,0.0018778178500316045
3.55754943622711,-0.995209919290816,8.14784172420432,1.0,2.959,2113.0,-9.91389387317021e-05,0.0018778178500316045
3.5574695292332215,-0.9951820763279494,8.149956255396976,1.0,2.9589285714285714,2114.0,-7.990699388837896e-05,0.002114531192656699
3.557389622239333,-0.9951542333650827,8.152070786589634,1.0,2.958857142857143,2115.0,-7.990699388837896e-05,0.0021145311926584753
3.5573097152454447,-0.9951263904022161,8.154185317782291,1.0,2.9587857142857144,2116.0,-7.990699388837896e-05,0.002114531192656699
3.5572298082515568,-0.9950985474393494,8.156299848974948,1.0,2.9587142857142856,2117.0,-7.990699388793487e-05,0.002114531192656699
3.5571499012576684,-0.9950707044764827,8.158414380167606,1.0,2.9586428571428574,2118.0,-7.990699388837896e-05,0.0021145311926584753
3.55706999426378,-0.9950428615136161,8.160528911360263,1.0,2.9585714285714286,2119.0,-7.990699388837896e-05,0.002114531192656699
3.5569900872698916,-0.9950150185507494,8.162643442552922,1.0,2.9585000000000004,2120.0,-7.990699388837896e-05,0.0021145311926584753
3.5569101802760033,-0.9949871755878827,8.164757973745578,1.0,2.9584285714285716,2121.0,-7.990699388837896e-05,0.002114531192656699
3.556830273282115,-0.9949593326250161,8.166872504938235,1.0,2.958357142857143,2122.0,-7.990699388837896e-05,0.002114531192656699
3.5567503662882265,-0.9949314896621494,8.168987036130893,1.0,2.9582857142857146,2123.0,-7.990699388837896e-05,0.0021145311926584753
3.5566704592943386,-0.9949036466992828,8.17110156732355,1.0,2.958214285714286,2124.0,-7.990699388793487e-05,0.002114531192656699
3.55659055230045,-0.9948758037364162,8.173216098516207,1.0,2.958142857142857,2125.0,-7.990699388837896e-05,0.002114531192656699
3.556510645306562,-0.9948479607735494,8.175330629708865,1.0,2.958071428571429,2126.0,-7.990699388837896e-05,0.0021145311926584753
3.5564307383126734,-0.9948201178106828,8.177445160901522,1.0,2.958,2127.0,-7.990699388837896e-05,0.002114531192656699
3.5563525164121272,-0.9948991886266975,8.180547481058321,1.0,2.957923076923077,2128.0,-7.822190054618261e-05,0.00310232015679901
3.5562742945115806,-0.9949782594427121,8.183649801215122,1.0,2.957846153846154,2129.0,-7.82219005466267e-05,0.0031023201568007863
3.5561960726110344,-0.9950573302587268,8.18675212137192,1.0,2.9577692307692307,2130.0,-7.822190054618261e-05,0.00310232015679901
3.5561178507104882,-0.9951364010747413,8.18985444152872,1.0,2.957692307692308,2131.0,-7.822190054618261e-05,0.00310232015679901
3.5560396288099416,-0.995215471890756,8.19295676168552,1.0,2.9576153846153845,2132.0,-7.82219005466267e-05,0.0031023201568007863
3.5559614069093954,-0.9952945427067706,8.19605908184232,1.0,2.9575384615384617,2133.0,-7.822190054618261e-05,0.00310232015679901
3.5558831850088493,-0.9953736135227853,8.199161401999119,1.0,2.9574615384615384,2134.0,-7.822190054618261e-05,0.00310232015679901
3.555804963108303,-0.9954526843388,8.202263722155918,1.0,2.9573846153846155,2135.0,-7.822190054618261e-05,0.00310232015679901
3.5557267412077564,-0.9955317551548146,8.205366042312718,1.0,2.957307692307692,2136.0,-7.82219005466267e-05,0.0031023201568007863
3.5556485193072103,-0.9956108259708292,8.208468362469517,1.0,2.9572307692307693,2137.0,-7.822190054618261e-05,0.00310232015679901
3.555570297406664,-0.9956898967868438,8.211570682626316,1.0,2.957153846153846,2138.0,-7.822190054618261e-05,0.00310232015679901
3.5554920755061175,-0.9957689676028585,8.214673002783117,1.0,2.957076923076923,2139.0,-7.82219005466267e-05,0.0031023201568007863
3.5554138536055713,-0.9958480384188731,8.217775322939916,1.0,2.957,2140.0,-7.822190054618261e-05,0.00310232015679901
3.555323987219498,-0.9958240916668175,8.2188926196249,1.0,2.956923076923077,2141.0,-8.986638607311193e-05,0.0011172966849830601
3.555234120833425,-0.995800144914762,8.22000991630988,1.0,2.9568461538461537,2142.0,-8.986638607311193e-05,0.0011172966849812838
3.5551442544473515,-0.9957761981627063,8.221127212994864,1.0,2.956769230769231,2143.0,-8.986638607355601e-05,0.0011172966849830601
3.5550543880612784,-0.9957522514106508,8.222244509679847,1.0,2.9566923076923075,2144.0,-8.986638607311193e-05,0.0011172966849830601
3.5549645216752053,-0.9957283046585952,8.223361806364828,1.0,2.9566153846153846,2145.0,-8.986638607311193e-05,0.0011172966849812838
3.554874655289132,-0.9957043579065395,8.224479103049811,1.0,2.9565384615384613,2146.0,-8.986638607311193e-05,0.0011172966849830601
3.5547847889030586,-0.995680411154484,8.225596399734794,1.0,2.9564615384615385,2147.0,-8.986638607355601e-05,0.0011172966849830601
3.5546949225169855,-0.9956564644024284,8.226713696419777,1.0,2.956384615384615,2148.0,-8.986638607311193e-05,0.0011172966849830601
3.5546050561309124,-0.9956325176503728,8.227830993104758,1.0,2.9563076923076923,2149.0,-8.986638607311193e-05,0.0011172966849812838
3.5545151897448393,-0.9956085708983172,8.228948289789741,1.0,2.956230769230769,2150.0,-8.986638607311193e-05,0.0011172966849830601
3.5544253233587657,-0.9955846241462616,8.230065586474725,1.0,2.956153846153846,2151.0,-8.986638607355601e-05,0.0011172966849830601
3.5543354569726926,-0.9955606773942061,8.231182883159706,1.0,2.956076923076923,2152.0,-8.986638607311193e-05,0.0011172966849812838
3.5542455905866195,-0.9955367306421504,8.232300179844689,1.0,2.956,2153.0,-8.986638607311193e-05,0.0011172966849830601
3.554148172541481,-0.9954255470194808,8.234727595413613,1.0,2.955846153846154,2154.0,-9.741804513829777e-05,0.0024274155689241184
3.5540507544963433,-0.9953143633968111,8.237155010982537,1.0,2.9556923076923076,2155.0,-9.741804513785368e-05,0.0024274155689241184
3.553953336451205,-0.9952031797741415,8.23958242655146,1.0,2.9555384615384614,2156.0,-9.741804513829777e-05,0.002427415568922342
3.5538559184060667,-0.9950919961514719,8.242009842120384,1.0,2.9553846153846153,2157.0,-9.741804513829777e-05,0.0024274155689241184
3.553758500360929,-0.9949808125288022,8.244437257689308,1.0,2.955230769230769,2158.0,-9.741804513785368e-05,0.0024274155689241184
3.5536610823157906,-0.9948696289061326,8.246864673258232,1.0,2.955076923076923,2159.0,-9.741804513829777e-05,0.0024274155689241184
3.5535636642706523,-0.994758445283463,8.249292088827154,1.0,2.954923076923077,2160.0,-9.741804513829777e-05,0.002427415568922342
3.553466246225514,-0.9946472616607934,8.251719504396078,1.0,2.954769230769231,2161.0,-9.741804513829777e-05,0.0024274155689241184
3.553368828180376,-0.9945360780381237,8.254146919965002,1.0,2.954615384615385,2162.0,-9.741804513785368e-05,0.0024274155689241184
3.553271410135238,-0.9944248944154541,8.256574335533927,1.0,2.9544615384615387,2163.0,-9.741804513829777e-05,0.0024274155689241184
3.5531739920900995,-0.9943137107927845,8.259001751102849,1.0,2.9543076923076925,2164.0,-9.741804513829777e-05,0.002427415568922342
3.5530765740449617,-0.9942025271701148,8.261429166671773,1.0,2.9541538461538464,2165.0,-9.741804513785368e-05,0.0024274155689241184
3.5529791559998234,-0.9940913435474452,8.263856582240697,1.0,2.954,2166.0,-9.741804513829777e-05,0.0024274155689241184
3.5529059046658396,-0.9942149524713935,8.265835257739724,1.0,2.9539285714285715,2167.0,-7.325133398383699e-05,0.0019786754990267497
3.5528326533318557,-0.9943385613953417,8.26781393323875,1.0,2.953857142857143,2168.0,-7.325133398383699e-05,0.0019786754990267497
3.552759401997872,-0.9944621703192899,8.269792608737776,1.0,2.9537857142857145,2169.0,-7.325133398383699e-05,0.0019786754990249733
3.552686150663888,-0.9945857792432381,8.271771284236802,1.0,2.9537142857142857,2170.0,-7.325133398383699e-05,0.0019786754990267497
3.552612899329904,-0.9947093881671863,8.273749959735829,1.0,2.953642857142857,2171.0,-7.325133398383699e-05,0.0019786754990267497
3.5525396479959204,-0.9948329970911346,8.275728635234856,1.0,2.9535714285714287,2172.0,-7.325133398383699e-05,0.0019786754990267497
3.5524663966619365,-0.9949566060150827,8.27770731073388,1.0,2.9535,2173.0,-7.325133398383699e-05,0.0019786754990249733
3.5523931453279527,-0.995080214939031,8.279685986232908,1.0,2.9534285714285713,2174.0,-7.325133398383699e-05,0.0019786754990267497
3.552319893993969,-0.9952038238629792,8.281664661731934,1.0,2.953357142857143,2175.0,-7.325133398383699e-05,0.0019786754990267497
3.552246642659985,-0.9953274327869275,8.283643337230961,1.0,2.9532857142857143,2176.0,-7.325133398383699e-05,0.0019786754990267497
3.552173391326001,-0.9954510417108757,8.285622012729988,1.0,2.9532142857142856,2177.0,-7.325133398383699e-05,0.0019786754990267497
3.5521001399920173,-0.9955746506348239,8.287600688229013,1.0,2.953142857142857,2178.0,-7.325133398383699e-05,0.0019786754990249733
3.5520268886580335,-0.9956982595587721,8.28957936372804,1.0,2.9530714285714286,2179.0,-7.325133398383699e-05,0.0019786754990267497
3.5519536373240497,-0.9958218684827204,8.291558039227066,1.0,2.953,2180.0,-7.325133398383699e-05,0.0019786754990267497
3.551850909126042,-0.995726389907701,8.291934655369264,1.0,2.952923076923077,2181.0,-0.00010272819800771771,0.0003766161421978609
3.551748180928034,-0.9956309113326818,8.292311271511464,1.0,2.9528461538461537,2182.0,-0.0001027281980081618,0.00037661614219963724
3.551645452730026,-0.9955354327576624,8.292687887653662,1.0,2.952769230769231,2183.0,-0.00010272819800771771,0.0003766161421978609
3.551542724532018,-0.9954399541826432,8.293064503795861,1.0,2.9526923076923075,2184.0,-0.0001027281980081618,0.00037661614219963724
3.55143999633401,-0.9953444756076238,8.293441119938059,1.0,2.9526153846153846,2185.0,-0.00010272819800771771,0.0003766161421978609
3.551337268136002,-0.9952489970326045,8.293817736080259,1.0,2.9525384615384613,2186.0,-0.0001027281980081618,0.00037661614219963724
3.5512345399379943,-0.9951535184575853,8.294194352222457,1.0,2.9524615384615385,2187.0,-0.00010272819800771771,0.0003766161421978609
3.551131811739986,-0.9950580398825659,8.294570968364656,1.0,2.952384615384615,2188.0,-0.0001027281980081618,0.00037661614219963724
3.5510290835419784,-0.9949625613075466,8.294947584506854,1.0,2.9523076923076923,2189.0,-0.00010272819800771771,0.0003766161421978609
3.5509263553439703,-0.9948670827325273,8.295324200649054,1.0,2.952230769230769,2190.0,-0.0001027281980081618,0.00037661614219963724
3.5508236271459626,-0.994771604157508,8.295700816791252,1.0,2.952153846153846,2191.0,-0.00010272819800771771,0.0003766161421978609
3.5507208989479544,-0.9946761255824887,8.296077432933451,1.0,2.952076923076923,2192.0,-0.0001027281980081618,0.00037661614219963724
3.5506181707499467,-0.9945806470074694,8.296454049075649,1.0,2.952,2193.0,-0.00010272819800771771,0.0003766161421978609
3.5505315188537168,-0.9946979531793866,8.297153908458382,1.0,2.951846153846154,2194.0,-8.665189622991676e-05,0.0006998593827329813
3.550444866957487,-0.9948152593513038,8.297853767841115,1.0,2.9516923076923076,2195.0,-8.665189622991676e-05,0.0006998593827329813
3.550358215061257,-0.994932565523221,8.298553627223848,1.0,2.9515384615384614,2196.0,-8.665189622991676e-05,0.0006998593827329813
3.550271563165027,-0.9950498716951381,8.299253486606581,1.0,2.9513846153846153,2197.0,-8.665189622991676e-05,0.0006998593827329813
3.550184911268797,-0.9951671778670553,8.299953345989314,1.0,2.951230769230769,2198.0,-8.665189622991676e-05,0.0006998593827329813
3.550098259372567,-0.9952844840389725,8.300653205372047,1.0,2.951076923076923,2199.0,-8.665189622991676e-05,0.0006998593827329813
3.5500116074763377,-0.9954017902108897,8.301353064754778,1.0,2.950923076923077,2200.0,-8.665189622947267e-05,0.000699859382731205
3.549924955580108,-0.9955190963828069,8.302052924137511,1.0,2.950769230769231,2201.0,-8.665189622991676e-05,0.0006998593827329813
3.549838303683878,-0.9956364025547241,8.302752783520244,1.0,2.950615384615385,2202.0,-8.665189622991676e-05,0.0006998593827329813
3.549751651787648,-0.9957537087266413,8.303452642902977,1.0,2.9504615384615387,2203.0,-8.665189622991676e-05,0.0006998593827329813
3.549664999891418,-0.9958710148985584,8.30415250228571,1.0,2.9503076923076925,2204.0,-8.665189622991676e-05,0.0006998593827329813
3.549578347995188,-0.9959883210704756,8.304852361668443,1.0,2.9501538461538463,2205.0,-8.665189622991676e-05,0.0006998593827329813
3.549491696098958,-0.9961056272423928,8.305552221051176,1.0,2.95,2206.0,-8.665189622991676e-05,0.0006998593827329813
3.5494054897651575,-0.9960220529969569,8.30009470949552,1.0,2.949923076923077,2207.0,-8.620633380074239e-05,-0.005457511555656325
3.5493192834313563,-0.995938478751521,8.294637197939862,1.0,2.949846153846154,2208.0,-8.620633380118647e-05,-0.005457511555658101
3.5492330770975555,-0.995854904506085,8.289179686384205,1.0,2.9497692307692307,2209.0,-8.620633380074239e-05,-0.005457511555656325
3.5491468707637543,-0.995771330260649,8.283722174828547,1.0,2.949692307692308,2210.0,-8.620633380118647e-05,-0.005457511555658101
3.5490606644299536,-0.9956877560152131,8.278264663272891,1.0,2.9496153846153845,2211.0,-8.620633380074239e-05,-0.005457511555656325
3.5489744580961524,-0.9956041817697772,8.272807151717233,1.0,2.9495384615384617,2212.0,-8.620633380118647e-05,-0.005457511555658101
3.5488882517623517,-0.9955206075243412,8.267349640161576,1.0,2.9494615384615384,2213.0,-8.620633380074239e-05,-0.005457511555656325
3.5488020454285505,-0.9954370332789053,8.261892128605918,1.0,2.9493846153846155,2214.0,-8.620633380118647e-05,-0.005457511555658101
3.5487158390947497,-0.9953534590334694,8.256434617050262,1.0,2.949307692307692,2215.0,-8.620633380074239e-05,-0.005457511555656325
3.5486296327609486,-0.9952698847880334,8.250977105494604,1.0,2.9492307692307693,2216.0,-8.620633380118647e-05,-0.005457511555658101
3.548543426427148,-0.9951863105425974,8.245519593938948,1.0,2.949153846153846,2217.0,-8.620633380074239e-05,-0.005457511555656325
3.5484572200933466,-0.9951027362971615,8.24006208238329,1.0,2.949076923076923,2218.0,-8.620633380118647e-05,-0.005457511555658101
3.548371013759546,-0.9950191620517256,8.234604570827633,1.0,2.949,2219.0,-8.620633380074239e-05,-0.005457511555656325
3.5482689829112504,-0.9951099880200571,8.221059254767374,1.0,2.9488461538461537,2220.0,-0.00010203084829552012,-0.013545316060259438
3.5481669520629553,-0.9952008139883887,8.207513938707116,1.0,2.9486923076923075,2221.0,-0.00010203084829507603,-0.013545316060257662
3.5480649212146598,-0.9952916399567203,8.193968622646857,1.0,2.9485384615384613,2222.0,-0.00010203084829552012,-0.013545316060259438
3.5479628903663643,-0.9953824659250519,8.180423306586599,1.0,2.948384615384615,2223.0,-0.00010203084829552012,-0.013545316060257662
3.547860859518069,-0.9954732918933834,8.16687799052634,1.0,2.948230769230769,2224.0,-0.00010203084829507603,-0.013545316060259438
3.5477588286697737,-0.995564117861715,8.153332674466082,1.0,2.948076923076923,2225.0,-0.00010203084829552012,-0.013545316060257662
3.547656797821478,-0.9956549438300466,8.139787358405822,1.0,2.947923076923077,2226.0,-0.00010203084829552012,-0.013545316060259438
3.5475547669731826,-0.9957457697983781,8.126242042345565,1.0,2.947769230769231,2227.0,-0.00010203084829552012,-0.013545316060257662
3.5474527361248875,-0.9958365957667097,8.112696726285305,1.0,2.9476153846153847,2228.0,-0.00010203084829507603,-0.013545316060259438
3.547350705276592,-0.9959274217350412,8.099151410225048,1.0,2.9474615384615386,2229.0,-0.00010203084829552012,-0.013545316060257662
3.5472486744282965,-0.9960182477033729,8.085606094164788,1.0,2.9473076923076924,2230.0,-0.00010203084829552012,-0.013545316060259438
3.5471466435800014,-0.9961090736717044,8.07206077810453,1.0,2.9471538461538462,2231.0,-0.00010203084829507603,-0.013545316060257662
3.547044612731706,-0.996199899640036,8.058515462044271,1.0,2.947,2232.0,-0.00010203084829552012,-0.013545316060259438
3.546937079788882,-0.9961309588479779,8.039932695030636,1.0,2.947,2233.0,-0.00010753294282395132,-0.01858276701363515
3.5468295468460576,-0.9960620180559197,8.021349928017003,1.0,2.947,2234.0,-0.0001075329428243954,-0.018582767013633372
3.5467220139032336,-0.9959930772638615,8.002767161003367,1.0,2.947,2235.0,-0.00010753294282395132,-0.01858276701363515
3.546614480960409,-0.9959241364718034,7.984184393989733,1.0,2.947,2236.0,-0.0001075329428243954,-0.01858276701363426
3.5465069480175853,-0.9958551956797452,7.965601626976099,1.0,2.947,2237.0,-0.00010753294282395132,-0.01858276701363426
3.546399415074761,-0.9957862548876871,7.947018859962465,1.0,2.947,2238.0,-0.0001075329428243954,-0.01858276701363426
3.546291882131937,-0.9957173140956289,7.92843609294883,1.0,2.947,2239.0,-0.00010753294282395132,-0.01858276701363515
3.546184349189113,-0.9956483733035708,7.909853325935195,1.0,2.947,2240.0,-0.00010753294282395132,-0.01858276701363426
3.5460768162462886,-0.9955794325115127,7.891270558921561,1.0,2.947,2241.0,-0.0001075329428243954,-0.01858276701363426
3.5459692833034646,-0.9955104917194545,7.872687791907927,1.0,2.947,2242.0,-0.00010753294282395132,-0.01858276701363426
3.54586175036064,-0.9954415509273964,7.8541050248942925,1.0,2.947,2243.0,-0.0001075329428243954,-0.01858276701363426
3.5457542174178163,-0.9953726101353383,7.835522257880657,1.0,2.947,2244.0,-0.00010753294282395132,-0.01858276701363515
3.545646684474992,-0.9953036693432801,7.816939490867023,1.0,2.947,2245.0,-0.0001075329428243954,-0.01858276701363426
3.545539151532168,-0.995234728551222,7.798356723853389,1.0,2.947,2246.0,-0.00010753294282395132,-0.01858276701363426
3.5454287507039974,-0.9952115062772927,7.787198036198809,1.0,2.946846153846154,2247.0,-0.00011040082817048713,-0.011158687654579502
3.5453183498758274,-0.9951882840033633,7.776039348544231,1.0,2.9466923076923077,2248.0,-0.00011040082817004304,-0.011158687654578614
3.545207949047657,-0.9951650617294341,7.764880660889651,1.0,2.9465384615384616,2249.0,-0.00011040082817048713,-0.011158687654579502
3.545097548219487,-0.9951418394555048,7.753721973235073,1.0,2.9463846153846154,2250.0,-0.00011040082817004304,-0.011158687654578614
3.5449871473913164,-0.9951186171815755,7.742563285580493,1.0,2.946230769230769,2251.0,-0.00011040082817048713,-0.011158687654579502
3.5448767465631463,-0.9950953949076462,7.7314045979259145,1.0,2.946076923076923,2252.0,-0.00011040082817004304,-0.011158687654578614
3.544766345734976,-0.995072172633717,7.720245910271335,1.0,2.945923076923077,2253.0,-0.00011040082817048713,-0.011158687654579502
3.544655944906806,-0.9950489503597877,7.709087222616756,1.0,2.9457692307692307,2254.0,-0.00011040082817004304,-0.011158687654578614
3.5445455440786353,-0.9950257280858583,7.697928534962177,1.0,2.9456153846153845,2255.0,-0.00011040082817048713,-0.011158687654579502
3.5444351432504653,-0.9950025058119291,7.686769847307598,1.0,2.9454615384615384,2256.0,-0.00011040082817004304,-0.011158687654578614
3.544324742422295,-0.9949792835379998,7.675611159653019,1.0,2.945307692307692,2257.0,-0.00011040082817048713,-0.011158687654579502
3.5442143415941247,-0.9949560612640704,7.66445247199844,1.0,2.945153846153846,2258.0,-0.00011040082817004304,-0.011158687654578614
3.5441039407659543,-0.9949328389901412,7.653293784343861,1.0,2.945,2259.0,-0.00011040082817048713,-0.011158687654579502
3.543963901297577,-0.99498743168702,7.641604998539407,1.0,2.9448461538461537,2260.0,-0.00014003946837704007,-0.011688785804453872
3.5438238618292,-0.9950420243838987,7.629916212734953,1.0,2.9446923076923075,2261.0,-0.00014003946837704007,-0.011688785804453872
3.543683822360823,-0.9950966170807775,7.618227426930499,1.0,2.9445384615384613,2262.0,-0.00014003946837704007,-0.011688785804453872
3.5435437828924456,-0.9951512097776561,7.606538641126045,1.0,2.944384615384615,2263.0,-0.00014003946837748416,-0.011688785804453872
3.5434037434240686,-0.9952058024745349,7.594849855321591,1.0,2.944230769230769,2264.0,-0.00014003946837704007,-0.011688785804453872
3.5432637039556916,-0.9952603951714137,7.583161069517137,1.0,2.944076923076923,2265.0,-0.00014003946837704007,-0.011688785804453872
3.5431236644873145,-0.9953149878682924,7.571472283712683,1.0,2.943923076923077,2266.0,-0.00014003946837704007,-0.01168878580445476
3.5429836250189375,-0.9953695805651712,7.559783497908229,1.0,2.943769230769231,2267.0,-0.00014003946837704007,-0.011688785804453872
3.5428435855505604,-0.99542417326205,7.548094712103775,1.0,2.9436153846153847,2268.0,-0.00014003946837704007,-0.011688785804453872
3.542703546082183,-0.9954787659589287,7.536405926299321,1.0,2.9434615384615386,2269.0,-0.00014003946837748416,-0.011688785804453872
3.542563506613806,-0.9955333586558075,7.524717140494867,1.0,2.9433076923076924,2270.0,-0.00014003946837704007,-0.011688785804453872
3.542423467145429,-0.9955879513526862,7.513028354690413,1.0,2.9431538461538462,2271.0,-0.00014003946837704007,-0.011688785804453872
3.542283427677052,-0.995642544049565,7.501339568885959,1.0,2.943,2272.0,-0.00014003946837704007,-0.011688785804453872
3.542146159104732,-0.9956006813622961,7.492136082293634,1.0,2.942923076923077,2273.0,-0.0001372685723199929,-0.009203486592325838
3.5420088905324114,-0.9955588186750273,7.482932595701309,1.0,2.942846153846154,2274.0,-0.000137268572320437,-0.00920348659232495
3.5418716219600914,-0.9955169559877584,7.473729109108983,1.0,2.942769230769231,2275.0,-0.0001372685723199929,-0.009203486592325838
3.541734353387771,-0.9954750933004894,7.464525622516657,1.0,2.9426923076923077,2276.0,-0.000137268572320437,-0.009203486592325838
3.541597084815451,-0.9954332306132206,7.455322135924332,1.0,2.942615384615385,2277.0,-0.0001372685723199929,-0.00920348659232495
3.541459816243131,-0.9953913679259517,7.446118649332006,1.0,2.9425384615384615,2278.0,-0.0001372685723199929,-0.009203486592325838
3.5413225476708106,-0.9953495052386828,7.43691516273968,1.0,2.9424615384615387,2279.0,-0.000137268572320437,-0.009203486592325838
3.5411852790984906,-0.9953076425514139,7.4277116761473545,1.0,2.9423846153846154,2280.0,-0.0001372685723199929,-0.009203486592325838
3.5410480105261706,-0.9952657798641451,7.4185081895550296,1.0,2.9423076923076925,2281.0,-0.0001372685723199929,-0.00920348659232495
3.54091074195385,-0.9952239171768762,7.409304702962704,1.0,2.942230769230769,2282.0,-0.000137268572320437,-0.009203486592325838
3.54077347338153,-0.9951820544896073,7.400101216370378,1.0,2.9421538461538463,2283.0,-0.0001372685723199929,-0.009203486592325838
3.5406362048092097,-0.9951401918023385,7.390897729778053,1.0,2.942076923076923,2284.0,-0.000137268572320437,-0.00920348659232495
3.5404989362368897,-0.9950983291150696,7.381694243185727,1.0,2.942,2285.0,-0.0001372685723199929,-0.009203486592325838
3.540334577809629,-0.995194288860959,7.368534645554182,1.0,2.941846153846154,2286.0,-0.00016435842726059136,-0.013159597631545061
3.540170219382369,-0.9952902486068483,7.355375047922637,1.0,2.941692307692308,2287.0,-0.00016435842726014727,-0.013159597631545061
3.5400058609551084,-0.9953862083527376,7.342215450291092,1.0,2.9415384615384617,2288.0,-0.00016435842726059136,-0.013159597631545061
3.539841502527848,-0.995482168098627,7.329055852659547,1.0,2.9413846153846155,2289.0,-0.00016435842726059136,-0.013159597631545061
3.5396771441005876,-0.9955781278445164,7.315896255028002,1.0,2.9412307692307693,2290.0,-0.00016435842726014727,-0.013159597631545061
3.539512785673327,-0.9956740875904058,7.302736657396457,1.0,2.941076923076923,2291.0,-0.00016435842726059136,-0.013159597631545061
3.5393484272460665,-0.995770047336295,7.289577059764911,1.0,2.940923076923077,2292.0,-0.00016435842726059136,-0.01315959763154595
3.539184068818806,-0.9958660070821844,7.276417462133366,1.0,2.940769230769231,2293.0,-0.00016435842726059136,-0.013159597631545061
3.5390197103915457,-0.9959619668280738,7.263257864501821,1.0,2.9406153846153846,2294.0,-0.00016435842726014727,-0.013159597631545061
3.538855351964285,-0.9960579265739632,7.250098266870276,1.0,2.9404615384615385,2295.0,-0.00016435842726059136,-0.013159597631545061
3.5386909935370245,-0.9961538863198525,7.2369386692387305,1.0,2.9403076923076923,2296.0,-0.00016435842726059136,-0.013159597631545061
3.5385266351097644,-0.9962498460657419,7.2237790716071855,1.0,2.940153846153846,2297.0,-0.00016435842726014727,-0.013159597631545061
3.538362276682504,-0.9963458058116312,7.21061947397564,1.0,2.94,2298.0,-0.00016435842726059136,-0.013159597631545061
3.538204258710234,-0.9962528797467901,7.200241052403386,1.0,2.939857142857143,2299.0,-0.000158017972269775,-0.010378421572254659
3.5380462407379643,-0.996159953681949,7.18986263083113,1.0,2.9397142857142855,2300.0,-0.000158017972269775,-0.010378421572255547
3.5378882227656945,-0.9960670276171079,7.1794842092588755,1.0,2.9395714285714285,2301.0,-0.000158017972269775,-0.010378421572254659
3.5377302047934243,-0.9959741015522667,7.169105787686621,1.0,2.9394285714285715,2302.0,-0.00015801797227021908,-0.010378421572254659
3.5375721868211545,-0.9958811754874256,7.158727366114365,1.0,2.9392857142857145,2303.0,-0.000158017972269775,-0.010378421572255547
3.5374141688488847,-0.9957882494225845,7.148348944542111,1.0,2.939142857142857,2304.0,-0.000158017972269775,-0.010378421572254659
3.537256150876615,-0.9956953233577434,7.137970522969855,1.0,2.939,2305.0,-0.000158017972269775,-0.010378421572255547
3.537098132904345,-0.9956023972929023,7.1275921013976005,1.0,2.938857142857143,2306.0,-0.000158017972269775,-0.010378421572254659
3.5369401149320754,-0.9955094712280612,7.117213679825346,1.0,2.9387142857142856,2307.0,-0.000158017972269775,-0.010378421572254659
3.5367820969598056,-0.9954165451632201,7.10683525825309,1.0,2.9385714285714286,2308.0,-0.000158017972269775,-0.010378421572255547
3.5366240789875354,-0.995323619098379,7.096456836680836,1.0,2.9384285714285716,2309.0,-0.00015801797227021908,-0.010378421572254659
3.5364660610152656,-0.9952306930335378,7.086078415108581,1.0,2.9382857142857146,2310.0,-0.000158017972269775,-0.010378421572254659
3.536308043042996,-0.9951377669686967,7.075699993536325,1.0,2.938142857142857,2311.0,-0.000158017972269775,-0.010378421572255547
3.536150025070726,-0.9950448409038556,7.065321571964071,1.0,2.938,2312.0,-0.000158017972269775,-0.010378421572254659
3.535995707066998,-0.9950716383924608,7.057570169680101,1.0,2.937846153846154,2313.0,-0.00015431800372800453,-0.007751402283969533
3.5358413890632696,-0.9950984358810661,7.049818767396133,1.0,2.937692307692308,2314.0,-0.00015431800372844862,-0.007751402283968645
3.5356870710595416,-0.9951252333696713,7.042067365112163,1.0,2.9375384615384617,2315.0,-0.00015431800372800453,-0.007751402283969533
3.535532753055813,-0.9951520308582765,7.0343159628281935,1.0,2.9373846153846155,2316.0,-0.00015431800372844862,-0.007751402283969533
3.535378435052085,-0.9951788283468818,7.026564560544225,1.0,2.9372307692307693,2317.0,-0.00015431800372800453,-0.007751402283968645
3.535224117048357,-0.995205625835487,7.018813158260255,1.0,2.937076923076923,2318.0,-0.00015431800372800453,-0.007751402283969533
3.5350697990446287,-0.9952324233240922,7.011061755976286,1.0,2.936923076923077,2319.0,-0.00015431800372844862,-0.007751402283969533
3.5349154810409007,-0.9952592208126975,7.003310353692316,1.0,2.936769230769231,2320.0,-0.00015431800372800453,-0.007751402283969533
3.5347611630371727,-0.9952860183013027,6.995558951408348,1.0,2.9366153846153846,2321.0,-0.00015431800372800453,-0.007751402283968645
3.5346068450334442,-0.9953128157899079,6.987807549124378,1.0,2.9364615384615385,2322.0,-0.00015431800372844862,-0.007751402283969533
3.5344525270297162,-0.9953396132785132,6.9800561468404085,1.0,2.9363076923076923,2323.0,-0.00015431800372800453,-0.007751402283969533
3.534298209025988,-0.9953664107671184,6.97230474455644,1.0,2.936153846153846,2324.0,-0.00015431800372844862,-0.007751402283968645
3.53414389102226,-0.9953932082557236,6.96455334227247,1.0,2.936,2325.0,-0.00015431800372800453,-0.007751402283969533
3.533979633590362,-0.9954441394522318,6.956875663312158,1.0,2.935769230769231,2326.0,-0.0001642574318978518,-0.007677678960312129
3.533815376158464,-0.99549507064874,6.949197984351846,1.0,2.9355384615384614,2327.0,-0.0001642574318978518,-0.007677678960312129
3.533651118726566,-0.9955460018452481,6.941520305391534,1.0,2.9353076923076924,2328.0,-0.0001642574318982959,-0.007677678960312129
3.533486861294668,-0.9955969330417562,6.933842626431223,1.0,2.935076923076923,2329.0,-0.0001642574318978518,-0.0076776789603112405
3.53332260386277,-0.9956478642382645,6.926164947470911,1.0,2.934846153846154,2330.0,-0.0001642574318978518,-0.007677678960312129
3.5331583464308722,-0.9956987954347726,6.9184872685105985,1.0,2.9346153846153844,2331.0,-0.0001642574318978518,-0.007677678960312129
3.532994088998974,-0.9957497266312807,6.910809589550286,1.0,2.9343846153846154,2332.0,-0.0001642574318982959,-0.007677678960312129
3.532829831567076,-0.9958006578277888,6.903131910589974,1.0,2.934153846153846,2333.0,-0.0001642574318978518,-0.007677678960312129
3.5326655741351782,-0.995851589024297,6.895454231629662,1.0,2.933923076923077,2334.0,-0.0001642574318978518,-0.007677678960312129
3.5325013167032804,-0.9959025202208052,6.887776552669351,1.0,2.9336923076923074,2335.0,-0.0001642574318978518,-0.0076776789603112405
3.532337059271382,-0.9959534514173133,6.880098873709039,1.0,2.9334615384615383,2336.0,-0.0001642574318982959,-0.007677678960312129
3.5321728018394842,-0.9960043826138215,6.872421194748727,1.0,2.933230769230769,2337.0,-0.0001642574318978518,-0.007677678960312129
3.5320085444075864,-0.9960553138103296,6.8647435157884145,1.0,2.933,2338.0,-0.0001642574318978518,-0.007677678960312129
3.5318194891489387,-0.9959037158841594,6.853598450765621,1.0,2.9328461538461537,2339.0,-0.00018905525864765238,-0.011145065022793332
3.531630433890291,-0.9957521179579891,6.842453385742827,1.0,2.9326923076923075,2340.0,-0.00018905525864765238,-0.01114506502279422
3.5314413786316434,-0.9956005200318189,6.831308320720034,1.0,2.9325384615384613,2341.0,-0.00018905525864765238,-0.011145065022793332
3.5312523233729958,-0.9954489221056486,6.820163255697239,1.0,2.932384615384615,2342.0,-0.00018905525864765238,-0.01114506502279422
3.531063268114348,-0.9952973241794784,6.809018190674446,1.0,2.932230769230769,2343.0,-0.00018905525864765238,-0.011145065022793332
3.5308742128557005,-0.9951457262533081,6.797873125651653,1.0,2.932076923076923,2344.0,-0.00018905525864765238,-0.011145065022793332
3.5306851575970533,-0.994994128327138,6.7867280606288585,1.0,2.931923076923077,2345.0,-0.0001890552586472083,-0.01114506502279422
3.5304961023384056,-0.9948425304009677,6.775582995606065,1.0,2.931769230769231,2346.0,-0.00018905525864765238,-0.011145065022793332
3.530307047079758,-0.9946909324747975,6.764437930583272,1.0,2.9316153846153847,2347.0,-0.00018905525864765238,-0.011145065022793332
3.5301179918211103,-0.9945393345486272,6.753292865560478,1.0,2.9314615384615386,2348.0,-0.00018905525864765238,-0.01114506502279422
3.5299289365624626,-0.9943877366224569,6.742147800537684,1.0,2.9313076923076924,2349.0,-0.00018905525864765238,-0.011145065022793332
3.529739881303815,-0.9942361386962867,6.73100273551489,1.0,2.931153846153846,2350.0,-0.00018905525864765238,-0.01114506502279422
3.5295508260451673,-0.9940845407701164,6.719857670492097,1.0,2.931,2351.0,-0.00018905525864765238,-0.011145065022793332
3.5293629547652974,-0.9941579240983003,6.711518838349224,1.0,2.930846153846154,2352.0,-0.00018787127986996666,-0.00833883214287301
3.5291750834854274,-0.9942313074264842,6.70318000620635,1.0,2.9306923076923077,2353.0,-0.00018787127986996666,-0.008338832142873898
3.528987212205557,-0.9943046907546681,6.694841174063477,1.0,2.9305384615384615,2354.0,-0.00018787127987041075,-0.00833883214287301
3.528799340925687,-0.9943780740828521,6.686502341920603,1.0,2.9303846153846154,2355.0,-0.00018787127986996666,-0.008338832142873898
3.528611469645817,-0.9944514574110359,6.67816350977773,1.0,2.930230769230769,2356.0,-0.00018787127986996666,-0.00833883214287301
3.528423598365947,-0.9945248407392199,6.669824677634856,1.0,2.930076923076923,2357.0,-0.00018787127986996666,-0.008338832142873898
3.5282357270860767,-0.9945982240674037,6.661485845491983,1.0,2.929923076923077,2358.0,-0.00018787127987041075,-0.00833883214287301
3.5280478558062067,-0.9946716073955877,6.653147013349109,1.0,2.9297692307692307,2359.0,-0.00018787127986996666,-0.008338832142873898
3.5278599845263368,-0.9947449907237715,6.644808181206236,1.0,2.9296153846153845,2360.0,-0.00018787127986996666,-0.00833883214287301
3.527672113246467,-0.9948183740519555,6.636469349063362,1.0,2.9294615384615383,2361.0,-0.00018787127986996666,-0.008338832142873898
3.5274842419665964,-0.9948917573801394,6.628130516920489,1.0,2.929307692307692,2362.0,-0.00018787127987041075,-0.00833883214287301
3.5272963706867264,-0.9949651407083233,6.619791684777615,1.0,2.929153846153846,2363.0,-0.00018787127986996666,-0.008338832142873898
3.5271084994068564,-0.9950385240365072,6.611452852634742,1.0,2.929,2364.0,-0.00018787127986996666,-0.00833883214287301
3.526937655677822,-0.9950716720932624,6.601499049345237,1.0,2.928785714285714,2365.0,-0.00017084372903442002,-0.009953803289505458
3.5267668119487876,-0.9951048201500177,6.591545246055731,1.0,2.9285714285714284,2366.0,-0.00017084372903442002,-0.009953803289505458
3.5265959682197536,-0.9951379682067729,6.581591442766226,1.0,2.9283571428571427,2367.0,-0.00017084372903397593,-0.009953803289505458
3.526425124490719,-0.9951711162635282,6.57163763947672,1.0,2.928142857142857,2368.0,-0.00017084372903442002,-0.009953803289505458
3.526254280761685,-0.9952042643202834,6.561683836187215,1.0,2.927928571428571,2369.0,-0.00017084372903442002,-0.009953803289505458
3.5260834370326504,-0.9952374123770387,6.5517300328977095,1.0,2.9277142857142855,2370.0,-0.00017084372903442002,-0.009953803289505458
3.5259125933036164,-0.9952705604337939,6.541776229608205,1.0,2.9274999999999998,2371.0,-0.00017084372903397593,-0.00995380328950457
3.525741749574582,-0.9953037084905493,6.5318224263186995,1.0,2.9272857142857145,2372.0,-0.00017084372903442002,-0.009953803289505458
3.5255709058455476,-0.9953368565473045,6.521868623029194,1.0,2.9270714285714288,2373.0,-0.00017084372903442002,-0.009953803289505458
3.525400062116513,-0.9953700046040598,6.5119148197396886,1.0,2.926857142857143,2374.0,-0.00017084372903442002,-0.009953803289505458
3.5252292183874787,-0.995403152660815,6.501961016450183,1.0,2.9266428571428573,2375.0,-0.00017084372903442002,-0.009953803289505458
3.5250583746584447,-0.9954363007175703,6.492007213160678,1.0,2.9264285714285716,2376.0,-0.00017084372903397593,-0.009953803289505458
3.5248875309294103,-0.9954694487743255,6.482053409871172,1.0,2.926214285714286,2377.0,-0.00017084372903442002,-0.009953803289505458
3.524716687200376,-0.9955025968310808,6.472099606581667,1.0,2.926,2378.0,-0.00017084372903442002,-0.009953803289505458
3.5245316014141825,-0.995361721800452,6.469151401817544,1.0,2.925769230769231,2379.0,-0.0001850857861933619,-0.0029482047641229414
3.524346515627989,-0.9952208467698233,6.466203197053421,1.0,2.9255384615384616,2380.0,-0.0001850857861933619,-0.0029482047641229414
3.524161429841796,-0.9950799717391946,6.463254992289298,1.0,2.9253076923076926,2381.0,-0.0001850857861933619,-0.0029482047641229414
3.523976344055602,-0.9949390967085658,6.460306787525176,1.0,2.925076923076923,2382.0,-0.000185085786193806,-0.0029482047641220532
3.5237912582694086,-0.9947982216779371,6.457358582761053,1.0,2.924846153846154,2383.0,-0.0001850857861933619,-0.0029482047641229414
3.5236061724832153,-0.9946573466473083,6.45441037799693,1.0,2.9246153846153846,2384.0,-0.0001850857861933619,-0.0029482047641229414
3.523421086697022,-0.9945164716166797,6.451462173232807,1.0,2.9243846153846156,2385.0,-0.0001850857861933619,-0.0029482047641229414
3.5232360009108286,-0.9943755965860509,6.448513968468684,1.0,2.924153846153846,2386.0,-0.0001850857861933619,-0.0029482047641229414
3.523050915124635,-0.9942347215554221,6.445565763704561,1.0,2.923923076923077,2387.0,-0.0001850857861933619,-0.0029482047641229414
3.5228658293384414,-0.9940938465247934,6.442617558940439,1.0,2.9236923076923076,2388.0,-0.000185085786193806,-0.0029482047641220532
3.522680743552248,-0.9939529714941647,6.439669354176316,1.0,2.9234615384615386,2389.0,-0.0001850857861933619,-0.0029482047641229414
3.5224956577660547,-0.993812096463536,6.436721149412193,1.0,2.923230769230769,2390.0,-0.0001850857861933619,-0.0029482047641229414
3.5223105719798613,-0.9936712214329072,6.43377294464807,1.0,2.923,2391.0,-0.0001850857861933619,-0.0029482047641229414
3.522119931887939,-0.993760342856464,6.426290918184396,1.0,2.922846153846154,2392.0,-0.00019064009192248932,-0.007482026463674352
3.5219292917960163,-0.9938494642800207,6.4188088917207216,1.0,2.9226923076923077,2393.0,-0.00019064009192248932,-0.007482026463674352
3.521738651704094,-0.9939385857035775,6.411326865257047,1.0,2.9225384615384615,2394.0,-0.00019064009192248932,-0.007482026463674352
3.521548011612172,-0.9940277071271343,6.403844838793373,1.0,2.9223846153846154,2395.0,-0.00019064009192204523,-0.007482026463674352
3.5213573715202493,-0.9941168285506911,6.3963628123296985,1.0,2.922230769230769,2396.0,-0.00019064009192248932,-0.007482026463674352
3.521166731428327,-0.9942059499742478,6.388880785866024,1.0,2.922076923076923,2397.0,-0.00019064009192248932,-0.007482026463674352
3.5209760913364043,-0.9942950713978046,6.38139875940235,1.0,2.921923076923077,2398.0,-0.00019064009192248932,-0.007482026463674352
3.520785451244482,-0.9943841928213614,6.3739167329386754,1.0,2.9217692307692307,2399.0,-0.00019064009192248932,-0.007482026463674352
3.5205948111525593,-0.9944733142449181,6.366434706475001,1.0,2.9216153846153845,2400.0,-0.00019064009192248932,-0.007482026463674352
3.5204041710606373,-0.9945624356684749,6.358952680011327,1.0,2.9214615384615383,2401.0,-0.00019064009192204523,-0.007482026463674352
3.520213530968715,-0.9946515570920317,6.351470653547652,1.0,2.921307692307692,2402.0,-0.00019064009192248932,-0.007482026463674352
3.5200228908767923,-0.9947406785155885,6.343988627083978,1.0,2.921153846153846,2403.0,-0.00019064009192248932,-0.007482026463674352
3.51983225078487,-0.9948297999391452,6.336506600620304,1.0,2.921,2404.0,-0.00019064009192248932,-0.007482026463674352
3.519629796224454,-0.9949642814169513,6.334779358679196,1.0,2.920769230769231,2405.0,-0.0002024545604157879,-0.0017272419411078488
3.519427341664038,-0.9950987628947574,6.333052116738089,1.0,2.9205384615384613,2406.0,-0.000202454560416232,-0.0017272419411069606
3.519224887103622,-0.9952332443725634,6.331324874796981,1.0,2.9203076923076923,2407.0,-0.0002024545604157879,-0.0017272419411078488
3.519022432543206,-0.9953677258503696,6.329597632855874,1.0,2.920076923076923,2408.0,-0.000202454560416232,-0.0017272419411069606
3.51881997798279,-0.9955022073281756,6.327870390914766,1.0,2.9198461538461538,2409.0,-0.0002024545604157879,-0.0017272419411078488
3.518617523422374,-0.9956366888059818,6.326143148973658,1.0,2.9196153846153847,2410.0,-0.0002024545604157879,-0.0017272419411078488
3.518415068861958,-0.9957711702837878,6.324415907032551,1.0,2.9193846153846152,2411.0,-0.000202454560416232,-0.0017272419411069606
3.518212614301542,-0.995905651761594,6.322688665091444,1.0,2.919153846153846,2412.0,-0.0002024545604157879,-0.0017272419411078488
3.5180101597411264,-0.9960401332394,6.320961423150336,1.0,2.918923076923077,2413.0,-0.0002024545604157879,-0.0017272419411078488
3.51780770518071,-0.9961746147172061,6.319234181209229,1.0,2.9186923076923077,2414.0,-0.000202454560416232,-0.0017272419411069606
3.5176052506202944,-0.9963090961950122,6.317506939268121,1.0,2.9184615384615387,2415.0,-0.0002024545604157879,-0.0017272419411078488
3.517402796059878,-0.9964435776728183,6.315779697327014,1.0,2.918230769230769,2416.0,-0.000202454560416232,-0.0017272419411069606
3.5172003414994624,-0.9965780591506244,6.314052455385906,1.0,2.918,2417.0,-0.0002024545604157879,-0.0017272419411078488
3.5170366487495346,-0.9965991642250728,6.325488602948835,1.0,2.917857142857143,2418.0,-0.0001636927499277796,0.011436147562928767
3.5168729559996073,-0.9966202692995213,6.3369247505117645,1.0,2.9177142857142857,2419.0,-0.0001636927499273355,0.011436147562929655
3.5167092632496795,-0.9966413743739697,6.348360898074693,1.0,2.9175714285714287,2420.0,-0.0001636927499277796,0.011436147562928767
3.5165455704997517,-0.9966624794484182,6.359797045637622,1.0,2.9174285714285717,2421.0,-0.0001636927499277796,0.011436147562928767
3.516381877749824,-0.9966835845228667,6.371233193200551,1.0,2.9172857142857143,2422.0,-0.0001636927499277796,0.011436147562928767
3.5162181849998966,-0.9967046895973152,6.3826693407634805,1.0,2.9171428571428573,2423.0,-0.0001636927499273355,0.011436147562929655
3.516054492249969,-0.9967257946717636,6.394105488326409,1.0,2.9170000000000003,2424.0,-0.0001636927499277796,0.011436147562928767
3.515890799500041,-0.996746899746212,6.405541635889338,1.0,2.916857142857143,2425.0,-0.0001636927499277796,0.011436147562928767
3.5157271067501137,-0.9967680048206605,6.416977783452268,1.0,2.916714285714286,2426.0,-0.0001636927499273355,0.011436147562929655
3.515563414000186,-0.9967891098951089,6.428413931015196,1.0,2.9165714285714284,2427.0,-0.0001636927499277796,0.011436147562928767
3.515399721250258,-0.9968102149695575,6.439850078578125,1.0,2.9164285714285714,2428.0,-0.0001636927499277796,0.011436147562928767
3.5152360285003303,-0.9968313200440059,6.451286226141054,1.0,2.9162857142857144,2429.0,-0.0001636927499277796,0.011436147562928767
3.515072335750403,-0.9968524251184544,6.462722373703984,1.0,2.916142857142857,2430.0,-0.0001636927499273355,0.011436147562929655
3.5149086430004752,-0.9968735301929028,6.474158521266912,1.0,2.916,2431.0,-0.0001636927499277796,0.011436147562928767
3.514754478419687,-0.996753974506111,6.480984505886143,1.0,2.915769230769231,2432.0,-0.00015416458078831852,0.006825984619230674
3.5146003138388986,-0.9966344188193192,6.487810490505374,1.0,2.9155384615384614,2433.0,-0.00015416458078831852,0.006825984619230674
3.5144461492581103,-0.9965148631325275,6.4946364751246035,1.0,2.9153076923076924,2434.0,-0.00015416458078831852,0.006825984619229786
3.514291984677322,-0.9963953074457357,6.501462459743834,1.0,2.915076923076923,2435.0,-0.00015416458078831852,0.006825984619230674
3.5141378200965336,-0.9962757517589439,6.508288444363065,1.0,2.914846153846154,2436.0,-0.00015416458078831852,0.006825984619230674
3.5139836555157453,-0.9961561960721521,6.5151144289822955,1.0,2.9146153846153844,2437.0,-0.00015416458078831852,0.006825984619230674
3.5138294909349574,-0.9960366403853603,6.521940413601525,1.0,2.9143846153846154,2438.0,-0.00015416458078787443,0.006825984619229786
3.513675326354169,-0.9959170846985685,6.528766398220756,1.0,2.914153846153846,2439.0,-0.00015416458078831852,0.006825984619230674
3.513521161773381,-0.9957975290117768,6.535592382839987,1.0,2.913923076923077,2440.0,-0.00015416458078831852,0.006825984619230674
3.5133669971925925,-0.995677973324985,6.542418367459217,1.0,2.9136923076923074,2441.0,-0.00015416458078831852,0.006825984619230674
3.513212832611804,-0.9955584176381932,6.549244352078447,1.0,2.9134615384615383,2442.0,-0.00015416458078831852,0.006825984619229786
3.513058668031016,-0.9954388619514014,6.556070336697678,1.0,2.913230769230769,2443.0,-0.00015416458078831852,0.006825984619230674
3.5129045034502275,-0.9953193062646096,6.5628963213169085,1.0,2.913,2444.0,-0.00015416458078831852,0.006825984619230674
3.5127395575436786,-0.9954288891824733,6.566472467893717,1.0,2.9128461538461536,2445.0,-0.00016494590654891894,0.00357614657680827
3.5125746116371297,-0.995538472100337,6.570048614470526,1.0,2.9126923076923075,2446.0,-0.00016494590654891894,0.0035761465768091583
3.512409665730581,-0.9956480550182006,6.573624761047334,1.0,2.9125384615384613,2447.0,-0.00016494590654847485,0.00357614657680827
3.5122447198240323,-0.9957576379360643,6.577200907624143,1.0,2.912384615384615,2448.0,-0.00016494590654891894,0.0035761465768091583
3.5120797739174834,-0.995867220853928,6.580777054200952,1.0,2.912230769230769,2449.0,-0.00016494590654891894,0.00357614657680827
3.5119148280109345,-0.9959768037717917,6.58435320077776,1.0,2.912076923076923,2450.0,-0.00016494590654891894,0.00357614657680827
3.511749882104386,-0.9960863866896552,6.587929347354569,1.0,2.911923076923077,2451.0,-0.00016494590654847485,0.0035761465768091583
3.511584936197837,-0.9961959696075189,6.591505493931377,1.0,2.911769230769231,2452.0,-0.00016494590654891894,0.00357614657680827
3.511419990291288,-0.9963055525253826,6.595081640508186,1.0,2.9116153846153847,2453.0,-0.00016494590654891894,0.00357614657680827
3.5112550443847392,-0.9964151354432462,6.598657787084995,1.0,2.9114615384615385,2454.0,-0.00016494590654891894,0.0035761465768091583
3.5110900984781908,-0.9965247183611099,6.602233933661803,1.0,2.9113076923076924,2455.0,-0.00016494590654847485,0.00357614657680827
3.510925152571642,-0.9966343012789736,6.605810080238612,1.0,2.911153846153846,2456.0,-0.00016494590654891894,0.0035761465768091583
3.510760206665093,-0.9967438841968372,6.60938622681542,1.0,2.911,2457.0,-0.00016494590654891894,0.00357614657680827
3.5106180738648742,-0.9964548642585669,6.615339031928904,1.0,2.910923076923077,2458.0,-0.00014213280021868613,0.005952805113483173
3.5104759410646555,-0.9961658443202964,6.621291837042387,1.0,2.910846153846154,2459.0,-0.00014213280021868613,0.005952805113483173
3.510333808264437,-0.9958768243820261,6.62724464215587,1.0,2.910769230769231,2460.0,-0.00014213280021868613,0.005952805113483173
3.510191675464218,-0.9955878044437557,6.633197447269353,1.0,2.9106923076923077,2461.0,-0.00014213280021868613,0.005952805113483173
3.5100495426639995,-0.9952987845054853,6.639150252382836,1.0,2.910615384615385,2462.0,-0.00014213280021868613,0.005952805113483173
3.509907409863781,-0.9950097645672149,6.6451030574963195,1.0,2.9105384615384615,2463.0,-0.00014213280021868613,0.005952805113483173
3.5097652770635617,-0.9947207446289446,6.6510558626098035,1.0,2.9104615384615387,2464.0,-0.00014213280021913022,0.005952805113484061
3.509623144263343,-0.9944317246906742,6.657008667723287,1.0,2.9103846153846153,2465.0,-0.00014213280021868613,0.005952805113483173
3.5094810114631243,-0.9941427047524037,6.66296147283677,1.0,2.9103076923076925,2466.0,-0.00014213280021868613,0.005952805113483173
3.5093388786629056,-0.9938536848141334,6.668914277950253,1.0,2.910230769230769,2467.0,-0.00014213280021868613,0.005952805113483173
3.509196745862687,-0.993564664875863,6.674867083063736,1.0,2.9101538461538463,2468.0,-0.00014213280021868613,0.005952805113483173
3.5090546130624682,-0.9932756449375926,6.680819888177219,1.0,2.910076923076923,2469.0,-0.00014213280021868613,0.005952805113483173
3.5089124802622496,-0.9929866249993222,6.686772693290703,1.0,2.91,2470.0,-0.00014213280021868613,0.005952805113483173
3.5087689627245844,-0.9930386929949377,6.691528484830613,1.0,2.909846153846154,2471.0,-0.00014351753766517206,0.004755791539910348
3.5086254451869188,-0.9930907609905533,6.696284276370524,1.0,2.909692307692308,2472.0,-0.00014351753766561615,0.004755791539911236
3.5084819276492536,-0.9931428289861688,6.7010400679104345,1.0,2.9095384615384616,2473.0,-0.00014351753766517206,0.004755791539910348
3.508338410111588,-0.9931948969817843,6.705795859450345,1.0,2.9093846153846155,2474.0,-0.00014351753766561615,0.004755791539910348
3.508194892573923,-0.9932469649773998,6.710551650990256,1.0,2.9092307692307693,2475.0,-0.00014351753766517206,0.004755791539911236
3.508051375036257,-0.9932990329730154,6.715307442530166,1.0,2.909076923076923,2476.0,-0.00014351753766561615,0.004755791539910348
3.507907857498592,-0.9933511009686309,6.720063234070077,1.0,2.908923076923077,2477.0,-0.00014351753766517206,0.004755791539910348
3.5077643399609264,-0.9934031689642464,6.724819025609987,1.0,2.9087692307692308,2478.0,-0.00014351753766561615,0.004755791539910348
3.5076208224232612,-0.9934552369598619,6.729574817149898,1.0,2.9086153846153846,2479.0,-0.00014351753766517206,0.004755791539911236
3.5074773048855956,-0.9935073049554775,6.734330608689809,1.0,2.9084615384615384,2480.0,-0.00014351753766561615,0.004755791539910348
3.5073337873479304,-0.993559372951093,6.739086400229719,1.0,2.9083076923076923,2481.0,-0.00014351753766517206,0.004755791539910348
3.507190269810265,-0.9936114409467085,6.74384219176963,1.0,2.908153846153846,2482.0,-0.00014351753766561615,0.004755791539911236
3.5070467522725997,-0.993663508942324,6.748597983309541,1.0,2.908,2483.0,-0.00014351753766517206,0.004755791539910348
3.5069500635898767,-0.9938305108634861,6.751388035615414,1.0,2.907857142857143,2484.0,-9.668868272294517e-05,0.0027900523058734805
3.506853374907154,-0.9939975127846482,6.754178087921288,1.0,2.9077142857142855,2485.0,-9.668868272250108e-05,0.0027900523058734805
3.5067566862244313,-0.9941645147058102,6.75696814022716,1.0,2.9075714285714285,2486.0,-9.668868272294517e-05,0.0027900523058725923
3.5066599975417088,-0.9943315166269723,6.759758192533034,1.0,2.9074285714285715,2487.0,-9.668868272250108e-05,0.0027900523058734805
3.506563308858986,-0.9944985185481343,6.762548244838907,1.0,2.9072857142857145,2488.0,-9.668868272294517e-05,0.0027900523058734805
3.5064666201762633,-0.9946655204692965,6.765338297144781,1.0,2.907142857142857,2489.0,-9.668868272250108e-05,0.0027900523058734805
3.5063699314935404,-0.9948325223904585,6.768128349450653,1.0,2.907,2490.0,-9.668868272294517e-05,0.0027900523058725923
3.5062732428108174,-0.9949995243116205,6.770918401756527,1.0,2.906857142857143,2491.0,-9.668868272294517e-05,0.0027900523058734805
3.506176554128095,-0.9951665262327827,6.7737084540624,1.0,2.9067142857142856,2492.0,-9.668868272250108e-05,0.0027900523058734805
3.506079865445372,-0.9953335281539447,6.776498506368274,1.0,2.9065714285714286,2493.0,-9.668868272294517e-05,0.0027900523058734805
3.5059831767626495,-0.9955005300751067,6.779288558674147,1.0,2.9064285714285716,2494.0,-9.668868272250108e-05,0.0027900523058734805
3.5058864880799265,-0.9956675319962688,6.78207861098002,1.0,2.9062857142857146,2495.0,-9.668868272294517e-05,0.0027900523058725923
3.505789799397204,-0.9958345339174309,6.784868663285893,1.0,2.906142857142857,2496.0,-9.668868272250108e-05,0.0027900523058734805
3.505693110714481,-0.996001535838593,6.787658715591767,1.0,2.906,2497.0,-9.668868272294517e-05,0.0027900523058734805
3.5055563173236446,-0.9959831476062785,6.789903581805306,1.0,2.905846153846154,2498.0,-0.00013679339083649822,0.002244866213539254
3.505419523932808,-0.995964759373964,6.792148448018844,1.0,2.905692307692308,2499.0,-0.00013679339083649822,0.0022448662135383657
3.5052827305419716,-0.9959463711416495,6.794393314232384,1.0,2.9055384615384616,2500.0,-0.00013679339083649822,0.002244866213539254
3.5051459371511355,-0.995927982909335,6.796638180445922,1.0,2.9053846153846155,2501.0,-0.00013679339083605413,0.0022448662135383657
3.505009143760299,-0.9959095946770206,6.798883046659461,1.0,2.9052307692307693,2502.0,-0.00013679339083649822,0.002244866213539254
3.5048723503694625,-0.9958912064447061,6.801127912873,1.0,2.905076923076923,2503.0,-0.00013679339083649822,0.0022448662135383657
3.504735556978626,-0.9958728182123915,6.803372779086539,1.0,2.904923076923077,2504.0,-0.00013679339083649822,0.002244866213539254
3.5045987635877895,-0.995854429980077,6.805617645300077,1.0,2.9047692307692308,2505.0,-0.00013679339083649822,0.0022448662135383657
3.504461970196953,-0.9958360417477625,6.807862511513616,1.0,2.9046153846153846,2506.0,-0.00013679339083649822,0.002244866213539254
3.504325176806117,-0.995817653515448,6.810107377727155,1.0,2.9044615384615384,2507.0,-0.00013679339083605413,0.0022448662135383657
3.5041883834152805,-0.9957992652831336,6.812352243940694,1.0,2.9043076923076923,2508.0,-0.00013679339083649822,0.002244866213539254
3.504051590024444,-0.9957808770508191,6.814597110154232,1.0,2.904153846153846,2509.0,-0.00013679339083649822,0.0022448662135383657
3.5039147966336075,-0.9957624888185046,6.816841976367772,1.0,2.904,2510.0,-0.00013679339083649822,0.002244866213539254
3.5037803492779367,-0.9957629917346258,6.820915404420037,1.0,2.903923076923077,2511.0,-0.00013444735567080812,0.004073428052265626
3.5036459019222654,-0.995763494650747,6.824988832472303,1.0,2.9038461538461537,2512.0,-0.0001344473556712522,0.004073428052265626
3.5035114545665946,-0.9957639975668682,6.8290622605245686,1.0,2.903769230769231,2513.0,-0.00013444735567080812,0.004073428052265626
3.503377007210924,-0.9957645004829894,6.833135688576834,1.0,2.9036923076923076,2514.0,-0.00013444735567080812,0.004073428052265626
3.5032425598552526,-0.9957650033991106,6.8372091166291,1.0,2.9036153846153847,2515.0,-0.0001344473556712522,0.004073428052265626
3.5031081124995818,-0.9957655063152318,6.841282544681365,1.0,2.9035384615384614,2516.0,-0.00013444735567080812,0.004073428052265626
3.502973665143911,-0.995766009231353,6.84535597273363,1.0,2.9034615384615385,2517.0,-0.00013444735567080812,0.004073428052264738
3.50283921778824,-0.9957665121474742,6.849429400785896,1.0,2.9033846153846152,2518.0,-0.00013444735567080812,0.004073428052265626
3.502704770432569,-0.9957670150635954,6.853502828838161,1.0,2.9033076923076924,2519.0,-0.0001344473556712522,0.004073428052265626
3.502570323076898,-0.9957675179797166,6.857576256890427,1.0,2.903230769230769,2520.0,-0.00013444735567080812,0.004073428052265626
3.5024358757212273,-0.9957680208958378,6.861649684942693,1.0,2.903153846153846,2521.0,-0.00013444735567080812,0.004073428052265626
3.502301428365556,-0.995768523811959,6.865723112994958,1.0,2.903076923076923,2522.0,-0.0001344473556712522,0.004073428052265626
3.502166981009885,-0.9957690267280802,6.869796541047224,1.0,2.903,2523.0,-0.00013444735567080812,0.004073428052265626
3.502059959745423,-0.9957938070392292,6.872666295181321,1.0,2.902846153846154,2524.0,-0.0001070212644620483,0.002869754134096958
3.5019529384809616,-0.9958185873503781,6.875536049315418,1.0,2.9026923076923077,2525.0,-0.0001070212644616042,0.002869754134096958
3.5018459172164995,-0.995843367661527,6.878405803449515,1.0,2.9025384615384615,2526.0,-0.0001070212644620483,0.002869754134096958
3.501738895952038,-0.995868147972676,6.881275557583612,1.0,2.9023846153846153,2527.0,-0.0001070212644616042,0.002869754134096958
3.501631874687576,-0.9958929282838249,6.884145311717709,1.0,2.902230769230769,2528.0,-0.0001070212644620483,0.002869754134096958
3.5015248534231143,-0.9959177085949739,6.887015065851806,1.0,2.902076923076923,2529.0,-0.0001070212644616042,0.002869754134096958
3.501417832158652,-0.9959424889061228,6.8898848199859035,1.0,2.901923076923077,2530.0,-0.0001070212644620483,0.002869754134097846
3.5013108108941906,-0.9959672692172717,6.8927545741200005,1.0,2.9017692307692307,2531.0,-0.0001070212644616042,0.002869754134096958
3.5012037896297286,-0.9959920495284207,6.895624328254097,1.0,2.9016153846153845,2532.0,-0.0001070212644620483,0.002869754134096958
3.501096768365267,-0.9960168298395696,6.898494082388194,1.0,2.9014615384615383,2533.0,-0.0001070212644616042,0.002869754134096958
3.500989747100805,-0.9960416101507186,6.901363836522291,1.0,2.901307692307692,2534.0,-0.0001070212644620483,0.002869754134096958
3.5008827258363433,-0.9960663904618675,6.904233590656388,1.0,2.901153846153846,2535.0,-0.0001070212644616042,0.002869754134096958
3.5007757045718813,-0.9960911707730165,6.907103344790485,1.0,2.901,2536.0,-0.0001070212644620483,0.002869754134096958
3.500676567689411,-0.9960540715572287,6.9097095706595475,1.0,2.900857142857143,2537.0,-9.913688247031871e-05,0.0026062258690622286
3.50057743080694,-0.996016972341441,6.91231579652861,1.0,2.9007142857142854,2538.0,-9.91368824707628e-05,0.0026062258690622286
3.50047829392447,-0.9959798731256533,6.914922022397672,1.0,2.9005714285714284,2539.0,-9.913688247031871e-05,0.0026062258690622286
3.5003791570419995,-0.9959427739098655,6.917528248266734,1.0,2.9004285714285714,2540.0,-9.913688247031871e-05,0.0026062258690622286
3.5002800201595288,-0.9959056746940779,6.920134474135796,1.0,2.9002857142857144,2541.0,-9.91368824707628e-05,0.0026062258690622286
3.5001808832770585,-0.9958685754782901,6.922740700004859,1.0,2.900142857142857,2542.0,-9.913688247031871e-05,0.0026062258690622286
3.5000817463945877,-0.9958314762625023,6.925346925873921,1.0,2.9,2543.0,-9.91368824707628e-05,0.0026062258690622286
3.4999826095121174,-0.9957943770467147,6.927953151742983,1.0,2.899857142857143,2544.0,-9.913688247031871e-05,0.0026062258690622286
3.499883472629647,-0.9957572778309269,6.930559377612045,1.0,2.8997142857142855,2545.0,-9.913688247031871e-05,0.0026062258690622286
3.4997843357471763,-0.9957201786151393,6.9331656034811076,1.0,2.8995714285714285,2546.0,-9.91368824707628e-05,0.0026062258690622286
3.499685198864706,-0.9956830793993515,6.93577182935017,1.0,2.8994285714285715,2547.0,-9.913688247031871e-05,0.0026062258690622286
3.4995860619822357,-0.9956459801835638,6.938378055219232,1.0,2.8992857142857145,2548.0,-9.913688247031871e-05,0.0026062258690622286
3.499486925099765,-0.9956088809677761,6.940984281088294,1.0,2.899142857142857,2549.0,-9.91368824707628e-05,0.0026062258690622286
3.4993877882172946,-0.9955717817519883,6.9435905069573565,1.0,2.899,2550.0,-9.913688247031871e-05,0.0026062258690622286
3.499260564377374,-0.995339628901775,6.945955409714902,1.0,2.898923076923077,2551.0,-0.00012722383992036512,0.0023649027575451953
3.499133340537454,-0.9951074760515617,6.948320312472447,1.0,2.898846153846154,2552.0,-0.00012722383992036512,0.0023649027575451953
3.499006116697534,-0.9948753232013483,6.950685215229992,1.0,2.898769230769231,2553.0,-0.00012722383991992103,0.0023649027575451953
3.4988788928576136,-0.9946431703511349,6.953050117987538,1.0,2.8986923076923077,2554.0,-0.00012722383992036512,0.0023649027575460835
3.498751669017693,-0.9944110175009216,6.955415020745083,1.0,2.898615384615385,2555.0,-0.00012722383992036512,0.0023649027575451953
3.498624445177773,-0.9941788646507083,6.9577799235026285,1.0,2.8985384615384615,2556.0,-0.00012722383992036512,0.0023649027575451953
3.498497221337853,-0.9939467118004949,6.960144826260174,1.0,2.8984615384615386,2557.0,-0.00012722383991992103,0.0023649027575451953
3.4983699974979325,-0.9937145589502815,6.962509729017719,1.0,2.8983846153846153,2558.0,-0.00012722383992036512,0.0023649027575451953
3.498242773658012,-0.9934824061000682,6.964874631775264,1.0,2.8983076923076925,2559.0,-0.00012722383992036512,0.0023649027575451953
3.498115549818092,-0.9932502532498548,6.96723953453281,1.0,2.898230769230769,2560.0,-0.00012722383992036512,0.0023649027575460835
3.497988325978172,-0.9930181003996414,6.969604437290355,1.0,2.8981538461538463,2561.0,-0.00012722383991992103,0.0023649027575451953
3.4978611021382515,-0.9927859475494282,6.971969340047901,1.0,2.898076923076923,2562.0,-0.00012722383992036512,0.0023649027575451953
3.497733878298331,-0.9925537946992148,6.974334242805446,1.0,2.898,2563.0,-0.00012722383992036512,0.0023649027575451953
3.4976308971113066,-0.9926763342476344,6.976597100433611,1.0,2.897923076923077,2564.0,-0.00010298118702456449,0.002262857628164916
3.4975279159242816,-0.9927988737960539,6.9788599580617765,1.0,2.897846153846154,2565.0,-0.00010298118702500858,0.002262857628165804
3.497424934737257,-0.9929214133444734,6.981122815689941,1.0,2.8977692307692307,2566.0,-0.00010298118702456449,0.002262857628164916
3.497321953550232,-0.9930439528928929,6.983385673318107,1.0,2.897692307692308,2567.0,-0.00010298118702500858,0.002262857628165804
3.4972189723632074,-0.9931664924413125,6.985648530946272,1.0,2.8976153846153845,2568.0,-0.00010298118702456449,0.002262857628164916
3.497115991176183,-0.9932890319897321,6.987911388574438,1.0,2.8975384615384616,2569.0,-0.00010298118702456449,0.002262857628165804
3.497013009989158,-0.9934115715381515,6.990174246202603,1.0,2.8974615384615383,2570.0,-0.00010298118702500858,0.002262857628164916
3.4969100288021333,-0.9935341110865711,6.992437103830769,1.0,2.8973846153846154,2571.0,-0.00010298118702456449,0.002262857628165804
3.4968070476151087,-0.9936566506349906,6.994699961458934,1.0,2.897307692307692,2572.0,-0.00010298118702456449,0.002262857628164916
3.4967040664280837,-0.9937791901834102,6.996962819087099,1.0,2.8972307692307693,2573.0,-0.00010298118702500858,0.002262857628165804
3.496601085241059,-0.9939017297318297,6.999225676715264,1.0,2.897153846153846,2574.0,-0.00010298118702456449,0.002262857628164916
3.496498104054034,-0.9940242692802492,7.00148853434343,1.0,2.897076923076923,2575.0,-0.00010298118702500858,0.002262857628165804
3.4963951228670096,-0.9941468088286688,7.003751391971595,1.0,2.897,2576.0,-0.00010298118702456449,0.002262857628164916
3.496302629637588,-0.9941385779856711,7.005680256016272,1.0,2.8968461538461536,2577.0,-9.249322942173066e-05,0.00192886404467707
3.496210136408166,-0.9941303471426733,7.007609120060949,1.0,2.8966923076923075,2578.0,-9.249322942173066e-05,0.00192886404467707
3.4961176431787444,-0.9941221162996755,7.009537984105627,1.0,2.8965384615384613,2579.0,-9.249322942173066e-05,0.0019288640446779581
3.4960251499493227,-0.9941138854566778,7.011466848150304,1.0,2.896384615384615,2580.0,-9.249322942173066e-05,0.00192886404467707
3.495932656719901,-0.9941056546136801,7.013395712194981,1.0,2.896230769230769,2581.0,-9.249322942173066e-05,0.00192886404467707
3.495840163490479,-0.9940974237706823,7.015324576239658,1.0,2.8960769230769228,2582.0,-9.249322942173066e-05,0.00192886404467707
3.495747670261057,-0.9940891929276845,7.017253440284336,1.0,2.895923076923077,2583.0,-9.249322942217475e-05,0.0019288640446779581
3.4956551770316353,-0.9940809620846868,7.019182304329013,1.0,2.895769230769231,2584.0,-9.249322942173066e-05,0.00192886404467707
3.4955626838022136,-0.994072731241689,7.02111116837369,1.0,2.8956153846153847,2585.0,-9.249322942173066e-05,0.00192886404467707
3.495470190572792,-0.9940645003986913,7.0230400324183675,1.0,2.8954615384615385,2586.0,-9.249322942173066e-05,0.00192886404467707
3.49537769734337,-0.9940562695556935,7.0249688964630455,1.0,2.8953076923076924,2587.0,-9.249322942173066e-05,0.0019288640446779581
3.4952852041139484,-0.9940480387126958,7.0268977605077225,1.0,2.895153846153846,2588.0,-9.249322942173066e-05,0.00192886404467707
3.4951927108845267,-0.994039807869698,7.0288266245524,1.0,2.895,2589.0,-9.249322942173066e-05,0.00192886404467707
3.495103444346601,-0.9941711000319122,7.0301223186567885,1.0,2.894923076923077,2590.0,-8.92665379255142e-05,0.0012956941043889003
3.495014177808675,-0.9943023921941265,7.031418012761178,1.0,2.894846153846154,2591.0,-8.926653792595829e-05,0.0012956941043897885
3.4949249112707497,-0.9944336843563407,7.032713706865567,1.0,2.894769230769231,2592.0,-8.92665379255142e-05,0.0012956941043889003
3.494835644732824,-0.994564976518555,7.034009400969957,1.0,2.8946923076923077,2593.0,-8.92665379255142e-05,0.0012956941043897885
3.494746378194898,-0.9946962686807692,7.035305095074346,1.0,2.894615384615385,2594.0,-8.926653792595829e-05,0.0012956941043889003
3.4946571116569727,-0.9948275608429835,7.036600789178735,1.0,2.8945384615384615,2595.0,-8.92665379255142e-05,0.0012956941043889003
3.494567845119047,-0.9949588530051977,7.037896483283125,1.0,2.8944615384615386,2596.0,-8.92665379255142e-05,0.0012956941043897885
3.4944785785811217,-0.995090145167412,7.0391921773875135,1.0,2.8943846153846153,2597.0,-8.92665379255142e-05,0.0012956941043889003
3.4943893120431957,-0.9952214373296262,7.040487871491902,1.0,2.8943076923076925,2598.0,-8.926653792595829e-05,0.0012956941043889003
3.49430004550527,-0.9953527294918405,7.041783565596292,1.0,2.894230769230769,2599.0,-8.92665379255142e-05,0.0012956941043897885
3.4942107789673447,-0.9954840216540547,7.043079259700681,1.0,2.8941538461538463,2600.0,-8.92665379255142e-05,0.0012956941043889003
3.4941215124294187,-0.995615313816269,7.044374953805071,1.0,2.894076923076923,2601.0,-8.926653792595829e-05,0.0012956941043897885
3.494032245891493,-0.9957466059784832,7.04567064790946,1.0,2.894,2602.0,-8.92665379255142e-05,0.0012956941043889003
3.4939361473224597,-0.9955904411078494,7.048111204175871,1.0,2.8939285714285714,2603.0,-9.609856903347591e-05,0.0024405562664115976
3.4938400487534262,-0.9954342762372157,7.050551760442282,1.0,2.893857142857143,2604.0,-9.609856903347591e-05,0.0024405562664107094
3.4937439501843928,-0.9952781113665818,7.052992316708694,1.0,2.8937857142857144,2605.0,-9.609856903347591e-05,0.0024405562664115976
3.4936478516153593,-0.9951219464959481,7.055432872975105,1.0,2.8937142857142857,2606.0,-9.609856903347591e-05,0.0024405562664115976
3.493551753046326,-0.9949657816253143,7.057873429241516,1.0,2.893642857142857,2607.0,-9.609856903347591e-05,0.0024405562664107094
3.4934556544772923,-0.9948096167546806,7.0603139855079275,1.0,2.8935714285714287,2608.0,-9.609856903347591e-05,0.0024405562664115976
3.4933595559082584,-0.9946534518840467,7.062754541774339,1.0,2.8935,2609.0,-9.609856903392e-05,0.0024405562664115976
3.493263457339225,-0.994497287013413,7.06519509804075,1.0,2.8934285714285712,2610.0,-9.609856903347591e-05,0.0024405562664107094
3.4931673587701915,-0.9943411221427793,7.0676356543071615,1.0,2.893357142857143,2611.0,-9.609856903347591e-05,0.0024405562664115976
3.493071260201158,-0.9941849572721455,7.070076210573572,1.0,2.8932857142857142,2612.0,-9.609856903347591e-05,0.0024405562664107094
3.4929751616321245,-0.9940287924015118,7.072516766839984,1.0,2.8932142857142855,2613.0,-9.609856903347591e-05,0.0024405562664115976
3.492879063063091,-0.9938726275308779,7.074957323106395,1.0,2.893142857142857,2614.0,-9.609856903347591e-05,0.0024405562664115976
3.4927829644940576,-0.9937164626602442,7.077397879372806,1.0,2.8930714285714285,2615.0,-9.609856903347591e-05,0.0024405562664107094
3.492686865925024,-0.9935602977896104,7.079838435639218,1.0,2.893,2616.0,-9.609856903347591e-05,0.0024405562664115976
3.492588522997964,-0.9937050907594123,7.082914313769163,1.0,2.8928461538461536,2617.0,-9.834292706001335e-05,0.003075878129945586
3.4924901800709036,-0.9938498837292141,7.085990191899109,1.0,2.8926923076923075,2618.0,-9.834292706045744e-05,0.003075878129945586
3.4923918371438436,-0.993994676699016,7.089066070029054,1.0,2.8925384615384613,2619.0,-9.834292706001335e-05,0.003075878129945586
3.492293494216783,-0.9941394696688179,7.092141948158999,1.0,2.892384615384615,2620.0,-9.834292706045744e-05,0.003075878129944698
3.492195151289723,-0.9942842626386198,7.095217826288945,1.0,2.892230769230769,2621.0,-9.834292706001335e-05,0.003075878129945586
3.4920968083626627,-0.9944290556084217,7.09829370441889,1.0,2.8920769230769228,2622.0,-9.834292706045744e-05,0.003075878129945586
3.4919984654356027,-0.9945738485782235,7.101369582548836,1.0,2.891923076923077,2623.0,-9.834292706001335e-05,0.003075878129945586
3.491900122508542,-0.9947186415480254,7.1044454606787815,1.0,2.891769230769231,2624.0,-9.834292706045744e-05,0.003075878129945586
3.491801779581482,-0.9948634345178272,7.107521338808727,1.0,2.8916153846153847,2625.0,-9.834292706001335e-05,0.003075878129945586
3.4917034366544217,-0.9950082274876292,7.110597216938672,1.0,2.8914615384615385,2626.0,-9.834292706045744e-05,0.003075878129944698
3.4916050937273617,-0.995153020457431,7.113673095068617,1.0,2.8913076923076924,2627.0,-9.834292706001335e-05,0.003075878129945586
3.4915067508003013,-0.9952978134272329,7.116748973198563,1.0,2.891153846153846,2628.0,-9.834292706045744e-05,0.003075878129945586
3.4914084078732412,-0.9954426063970347,7.1198248513285085,1.0,2.891,2629.0,-9.834292706001335e-05,0.003075878129945586
3.491319225743297,-0.9954658314708587,7.121936588542261,1.0,2.890846153846154,2630.0,-8.918212994446506e-05,0.0021117372137524626
3.4912300436133528,-0.9954890565446824,7.124048325756013,1.0,2.8906923076923077,2631.0,-8.918212994402097e-05,0.0021117372137524626
3.4911408614834083,-0.9955122816185064,7.126160062969767,1.0,2.8905384615384615,2632.0,-8.918212994446506e-05,0.0021117372137533508
3.4910516793534643,-0.9955355066923302,7.128271800183519,1.0,2.8903846153846153,2633.0,-8.918212994402097e-05,0.0021117372137524626
3.49096249722352,-0.9955587317661541,7.130383537397272,1.0,2.890230769230769,2634.0,-8.918212994446506e-05,0.0021117372137524626
3.4908733150935753,-0.995581956839978,7.132495274611024,1.0,2.890076923076923,2635.0,-8.918212994446506e-05,0.0021117372137524626
3.4907841329636313,-0.9956051819138018,7.1346070118247775,1.0,2.889923076923077,2636.0,-8.918212994402097e-05,0.0021117372137533508
3.490694950833687,-0.9956284069876257,7.13671874903853,1.0,2.8897692307692306,2637.0,-8.918212994446506e-05,0.0021117372137524626
3.4906057687037424,-0.9956516320614496,7.1388304862522824,1.0,2.8896153846153845,2638.0,-8.918212994446506e-05,0.0021117372137524626
3.4905165865737984,-0.9956748571352734,7.140942223466035,1.0,2.8894615384615383,2639.0,-8.918212994402097e-05,0.0021117372137524626
3.490427404443854,-0.9956980822090973,7.143053960679788,1.0,2.889307692307692,2640.0,-8.918212994446506e-05,0.0021117372137533508
3.49033822231391,-0.9957213072829211,7.145165697893541,1.0,2.889153846153846,2641.0,-8.918212994402097e-05,0.0021117372137524626
3.4902490401839654,-0.995744532356745,7.147277435107293,1.0,2.889,2642.0,-8.918212994446506e-05,0.0021117372137524626
3.4901448640648085,-0.9955785657866213,7.148578968743452,1.0,2.889,2643.0,-0.00010417611915691793,0.0013015336361590357
3.4900406879456516,-0.9954125992164976,7.149880502379611,1.0,2.889,2644.0,-0.00010417611915691793,0.0013015336361590357
3.4899365118264947,-0.9952466326463739,7.151182036015771,1.0,2.889,2645.0,-0.00010417611915691793,0.001301533636159924
3.489832335707338,-0.9950806660762502,7.15248356965193,1.0,2.889,2646.0,-0.00010417611915647385,0.0013015336361590357
3.4897281595881813,-0.9949146995061265,7.153785103288089,1.0,2.889,2647.0,-0.00010417611915691793,0.0013015336361590357
3.4896239834690244,-0.9947487329360029,7.155086636924248,1.0,2.889,2648.0,-0.00010417611915691793,0.0013015336361590357
3.4895198073498674,-0.9945827663658793,7.156388170560408,1.0,2.889,2649.0,-0.00010417611915691793,0.001301533636159924
3.4894156312307105,-0.9944167997957556,7.157689704196567,1.0,2.889,2650.0,-0.00010417611915691793,0.0013015336361590357
3.4893114551115536,-0.9942508332256319,7.158991237832726,1.0,2.889,2651.0,-0.00010417611915691793,0.0013015336361590357
3.489207278992397,-0.9940848666555082,7.160292771468885,1.0,2.889,2652.0,-0.00010417611915647385,0.0013015336361590357
3.48910310287324,-0.9939189000853845,7.161594305105045,1.0,2.889,2653.0,-0.00010417611915691793,0.001301533636159924
3.4889989267540833,-0.9937529335152608,7.162895838741204,1.0,2.889,2654.0,-0.00010417611915691793,0.0013015336361590357
3.4888947506349264,-0.9935869669451372,7.164197372377363,1.0,2.889,2655.0,-0.00010417611915691793,0.0013015336361590357
3.488818990634067,-0.993751090326108,7.167583308025903,1.0,2.889,2656.0,-7.576000085940393e-05,0.0033859356485397285
3.488743230633208,-0.9939152137070788,7.170969243674443,1.0,2.889,2657.0,-7.576000085895984e-05,0.0033859356485397285
3.4886674706323486,-0.9940793370880496,7.1743551793229825,1.0,2.889,2658.0,-7.576000085940393e-05,0.0033859356485397285
3.488591710631489,-0.9942434604690205,7.177741114971522,1.0,2.889,2659.0,-7.576000085940393e-05,0.0033859356485397285
3.48851595063063,-0.9944075838499913,7.181127050620062,1.0,2.889,2660.0,-7.576000085940393e-05,0.0033859356485397285
3.488440190629771,-0.9945717072309621,7.184512986268602,1.0,2.889,2661.0,-7.576000085895984e-05,0.0033859356485397285
3.4883644306289114,-0.994735830611933,7.187898921917141,1.0,2.889,2662.0,-7.576000085940393e-05,0.0033859356485397285
3.488288670628052,-0.9948999539929039,7.191284857565682,1.0,2.889,2663.0,-7.576000085940393e-05,0.0033859356485406167
3.488212910627193,-0.9950640773738747,7.194670793214222,1.0,2.889,2664.0,-7.576000085895984e-05,0.0033859356485397285
3.4881371506263337,-0.9952282007548455,7.1980567288627615,1.0,2.889,2665.0,-7.576000085940393e-05,0.0033859356485397285
3.4880613906254743,-0.9953923241358164,7.201442664511301,1.0,2.889,2666.0,-7.576000085940393e-05,0.0033859356485397285
3.487985630624615,-0.9955564475167872,7.204828600159841,1.0,2.889,2667.0,-7.576000085940393e-05,0.0033859356485397285
3.487909870623756,-0.995720570897758,7.208214535808381,1.0,2.889,2668.0,-7.576000085895984e-05,0.0033859356485397285
3.4878341106228965,-0.9958846942787288,7.21160047145692,1.0,2.889,2669.0,-7.576000085940393e-05,0.0033859356485397285
3.4877447571281963,-0.9957343046035498,7.214291581619157,1.0,2.8888461538461536,2670.0,-8.935349470018394e-05,0.002691110162236221
3.487655403633496,-0.9955839149283708,7.216982691781394,1.0,2.8886923076923074,2671.0,-8.935349470018394e-05,0.002691110162237109
3.487566050138796,-0.9954335252531918,7.21967380194363,1.0,2.8885384615384613,2672.0,-8.935349470018394e-05,0.002691110162236221
3.4874766966440953,-0.9952831355780127,7.222364912105867,1.0,2.888384615384615,2673.0,-8.935349470062803e-05,0.002691110162237109
3.487387343149395,-0.9951327459028337,7.225056022268103,1.0,2.888230769230769,2674.0,-8.935349470018394e-05,0.002691110162236221
3.487297989654695,-0.9949823562276547,7.22774713243034,1.0,2.8880769230769228,2675.0,-8.935349470018394e-05,0.002691110162237109
3.4872086361599948,-0.9948319665524757,7.230438242592577,1.0,2.887923076923077,2676.0,-8.935349470018394e-05,0.002691110162236221
3.4871192826652946,-0.9946815768772967,7.233129352754814,1.0,2.887769230769231,2677.0,-8.935349470018394e-05,0.002691110162237109
3.4870299291705944,-0.9945311872021178,7.23582046291705,1.0,2.8876153846153847,2678.0,-8.935349470018394e-05,0.002691110162236221
3.4869405756758938,-0.9943807975269386,7.238511573079287,1.0,2.8874615384615385,2679.0,-8.935349470062803e-05,0.002691110162237109
3.4868512221811936,-0.9942304078517596,7.241202683241523,1.0,2.8873076923076924,2680.0,-8.935349470018394e-05,0.002691110162236221
3.4867618686864934,-0.9940800181765806,7.24389379340376,1.0,2.887153846153846,2681.0,-8.935349470018394e-05,0.002691110162237109
3.486672515191793,-0.9939296285014017,7.246584903565997,1.0,2.887,2682.0,-8.935349470018394e-05,0.002691110162236221
3.4865873669157827,-0.9941687985704151,7.250050144077008,1.0,2.886846153846154,2683.0,-8.514827601047159e-05,0.0034652405110113804
3.4865022186397723,-0.9944079686394284,7.253515384588019,1.0,2.8866923076923077,2684.0,-8.514827601047159e-05,0.0034652405110113804
3.486417070363762,-0.9946471387084418,7.256980625099031,1.0,2.8865384615384615,2685.0,-8.514827601047159e-05,0.0034652405110113804
3.4863319220877513,-0.9948863087774552,7.260445865610042,1.0,2.8863846153846153,2686.0,-8.514827601047159e-05,0.0034652405110113804
3.486246773811741,-0.9951254788464685,7.2639111061210535,1.0,2.886230769230769,2687.0,-8.514827601047159e-05,0.0034652405110113804
3.4861616255357304,-0.9953646489154819,7.267376346632065,1.0,2.886076923076923,2688.0,-8.514827601047159e-05,0.0034652405110113804
3.4860764772597195,-0.9956038189844953,7.270841587143077,1.0,2.885923076923077,2689.0,-8.514827601091568e-05,0.0034652405110122686
3.485991328983709,-0.9958429890535088,7.2743068276540885,1.0,2.8857692307692306,2690.0,-8.514827601047159e-05,0.0034652405110113804
3.4859061807076985,-0.9960821591225221,7.2777720681651,1.0,2.8856153846153845,2691.0,-8.514827601047159e-05,0.0034652405110113804
3.485821032431688,-0.9963213291915355,7.281237308676111,1.0,2.8854615384615383,2692.0,-8.514827601047159e-05,0.0034652405110113804
3.4857358841556776,-0.9965604992605489,7.284702549187123,1.0,2.885307692307692,2693.0,-8.514827601047159e-05,0.0034652405110113804
3.485650735879667,-0.9967996693295622,7.288167789698134,1.0,2.885153846153846,2694.0,-8.514827601047159e-05,0.0034652405110113804
3.4855655876036566,-0.9970388393985756,7.291633030209145,1.0,2.885,2695.0,-8.514827601047159e-05,0.0034652405110113804
3.4854762884055166,-0.9969249576344094,7.29357608962706,1.0,2.885,2696.0,-8.929919814004705e-05,0.0019430594179148386
3.485386989207377,-0.9968110758702431,7.295519149044975,1.0,2.885,2697.0,-8.929919813960296e-05,0.0019430594179148386
3.485297690009237,-0.9966971941060768,7.29746220846289,1.0,2.885,2698.0,-8.929919814004705e-05,0.0019430594179148386
3.485208390811097,-0.9965833123419107,7.299405267880804,1.0,2.885,2699.0,-8.929919814004705e-05,0.0019430594179139504
3.4851190916129573,-0.9964694305777444,7.301348327298719,1.0,2.885,2700.0,-8.929919813960296e-05,0.0019430594179148386
3.4850297924148173,-0.9963555488135781,7.303291386716634,1.0,2.885,2701.0,-8.929919814004705e-05,0.0019430594179148386
3.484940493216677,-0.9962416670494119,7.305234446134548,1.0,2.885,2702.0,-8.929919814004705e-05,0.0019430594179148386
3.484851194018537,-0.9961277852852456,7.307177505552463,1.0,2.885,2703.0,-8.929919814004705e-05,0.0019430594179148386
3.4847618948203976,-0.9960139035210793,7.309120564970378,1.0,2.885,2704.0,-8.929919813960296e-05,0.0019430594179148386
3.4846725956222575,-0.9959000217569132,7.311063624388292,1.0,2.885,2705.0,-8.929919814004705e-05,0.0019430594179139504
3.4845832964241175,-0.9957861399927469,7.313006683806207,1.0,2.885,2706.0,-8.929919814004705e-05,0.0019430594179148386
3.484493997225978,-0.9956722582285806,7.314949743224122,1.0,2.885,2707.0,-8.929919813960296e-05,0.0019430594179148386
3.484404698027838,-0.9955583764644144,7.316892802642037,1.0,2.885,2708.0,-8.929919814004705e-05,0.0019430594179148386
3.4843248937301547,-0.99554551331973,7.317790873132242,1.0,2.884857142857143,2709.0,-7.980429768306152e-05,0.0008980704902050718
3.4842450894324712,-0.9955326501750456,7.318688943622447,1.0,2.8847142857142853,2710.0,-7.980429768350561e-05,0.0008980704902050718
3.484165285134788,-0.9955197870303611,7.319587014112652,1.0,2.8845714285714283,2711.0,-7.980429768306152e-05,0.0008980704902050718
3.4840854808371047,-0.9955069238856767,7.320485084602856,1.0,2.8844285714285713,2712.0,-7.980429768350561e-05,0.0008980704902041836
3.4840056765394216,-0.9954940607409923,7.321383155093061,1.0,2.8842857142857143,2713.0,-7.980429768306152e-05,0.0008980704902050718
3.483925872241738,-0.9954811975963079,7.322281225583266,1.0,2.884142857142857,2714.0,-7.980429768350561e-05,0.0008980704902050718
3.483846067944055,-0.9954683344516235,7.323179296073471,1.0,2.884,2715.0,-7.980429768306152e-05,0.0008980704902050718
3.483766263646372,-0.9954554713069392,7.324077366563676,1.0,2.883857142857143,2716.0,-7.980429768306152e-05,0.0008980704902050718
3.4836864593486885,-0.9954426081622548,7.324975437053881,1.0,2.8837142857142855,2717.0,-7.980429768350561e-05,0.0008980704902050718
3.4836066550510054,-0.9954297450175704,7.325873507544086,1.0,2.8835714285714285,2718.0,-7.980429768306152e-05,0.0008980704902050718
3.483526850753322,-0.995416881872886,7.326771578034291,1.0,2.8834285714285715,2719.0,-7.980429768350561e-05,0.0008980704902041836
3.483447046455639,-0.9954040187282016,7.327669648524496,1.0,2.8832857142857145,2720.0,-7.980429768306152e-05,0.0008980704902050718
3.4833672421579553,-0.9953911555835172,7.328567719014701,1.0,2.883142857142857,2721.0,-7.980429768350561e-05,0.0008980704902050718
3.4832874378602723,-0.9953782924388328,7.329465789504906,1.0,2.883,2722.0,-7.980429768306152e-05,0.0008980704902050718
3.4831982004913353,-0.9951993858826756,7.3321111663184775,1.0,2.882923076923077,2723.0,-8.923736893695633e-05,0.002645376813571687
3.483108963122399,-0.9950204793265185,7.33475654313205,1.0,2.882846153846154,2724.0,-8.923736893651224e-05,0.0026453768135725753
3.483019725753462,-0.9948415727703613,7.337401919945622,1.0,2.882769230769231,2725.0,-8.923736893695633e-05,0.002645376813571687
3.4829304883845253,-0.9946626662142043,7.340047296759193,1.0,2.8826923076923077,2726.0,-8.923736893651224e-05,0.002645376813571687
3.4828412510155884,-0.9944837596580471,7.342692673572766,1.0,2.882615384615385,2727.0,-8.923736893695633e-05,0.0026453768135725753
3.4827520136466514,-0.99430485310189,7.345338050386338,1.0,2.8825384615384615,2728.0,-8.923736893695633e-05,0.002645376813571687
3.482662776277715,-0.9941259465457328,7.347983427199909,1.0,2.8824615384615386,2729.0,-8.923736893651224e-05,0.002645376813571687
3.482573538908778,-0.9939470399895757,7.350628804013481,1.0,2.8823846153846153,2730.0,-8.923736893695633e-05,0.002645376813571687
3.482484301539841,-0.9937681334334185,7.353274180827054,1.0,2.8823076923076925,2731.0,-8.923736893695633e-05,0.0026453768135725753
3.4823950641709045,-0.9935892268772615,7.355919557640625,1.0,2.882230769230769,2732.0,-8.923736893651224e-05,0.002645376813571687
3.4823058268019675,-0.9934103203211043,7.358564934454197,1.0,2.8821538461538463,2733.0,-8.923736893695633e-05,0.002645376813571687
3.482216589433031,-0.9932314137649472,7.36121031126777,1.0,2.882076923076923,2734.0,-8.923736893651224e-05,0.0026453768135725753
3.482127352064094,-0.99305250720879,7.363855688081341,1.0,2.882,2735.0,-8.923736893695633e-05,0.002645376813571687
3.4820578231605186,-0.9932069317153309,7.366633822455874,1.0,2.881923076923077,2736.0,-6.952890357547759e-05,0.0027781343745330034
3.4819882942569436,-0.9933613562218718,7.369411956830408,1.0,2.881846153846154,2737.0,-6.95289035750335e-05,0.0027781343745338916
3.481918765353368,-0.9935157807284127,7.372190091204941,1.0,2.8817692307692306,2738.0,-6.952890357547759e-05,0.0027781343745330034
3.481849236449793,-0.9936702052349538,7.374968225579475,1.0,2.8816923076923078,2739.0,-6.95289035750335e-05,0.0027781343745338916
3.4817797075462176,-0.9938246297414947,7.377746359954008,1.0,2.8816153846153845,2740.0,-6.952890357547759e-05,0.0027781343745330034
3.481710178642642,-0.9939790542480356,7.380524494328541,1.0,2.8815384615384616,2741.0,-6.952890357547759e-05,0.0027781343745330034
3.481640649739067,-0.9941334787545765,7.383302628703075,1.0,2.8814615384615383,2742.0,-6.95289035750335e-05,0.0027781343745338916
3.4815711208354916,-0.9942879032611174,7.386080763077608,1.0,2.8813846153846154,2743.0,-6.952890357547759e-05,0.0027781343745330034
3.481501591931916,-0.9944423277676583,7.388858897452141,1.0,2.881307692307692,2744.0,-6.952890357547759e-05,0.0027781343745330034
3.481432063028341,-0.9945967522741993,7.391637031826675,1.0,2.8812307692307693,2745.0,-6.95289035750335e-05,0.0027781343745338916
3.4813625341247656,-0.9947511767807402,7.394415166201208,1.0,2.881153846153846,2746.0,-6.952890357547759e-05,0.0027781343745330034
3.4812930052211906,-0.9949056012872811,7.397193300575742,1.0,2.881076923076923,2747.0,-6.95289035750335e-05,0.0027781343745338916
3.481223476317615,-0.995060025793822,7.399971434950275,1.0,2.881,2748.0,-6.952890357547759e-05,0.0027781343745330034
3.481138506693897,-0.9951148348088293,7.400915259163415,1.0,2.8808461538461536,2749.0,-8.496962371795647e-05,0.0009438242131398766
3.4810535370701796,-0.9951696438238367,7.401859083376555,1.0,2.8806923076923074,2750.0,-8.496962371751238e-05,0.0009438242131407648
3.4809685674464617,-0.9952244528388439,7.402802907589695,1.0,2.8805384615384613,2751.0,-8.496962371795647e-05,0.0009438242131398766
3.480883597822744,-0.9952792618538512,7.403746731802835,1.0,2.880384615384615,2752.0,-8.496962371751238e-05,0.0009438242131398766
3.480798628199026,-0.9953340708688585,7.404690556015976,1.0,2.880230769230769,2753.0,-8.496962371795647e-05,0.0009438242131407648
3.4807136585753082,-0.9953888798838658,7.405634380229116,1.0,2.8800769230769228,2754.0,-8.496962371795647e-05,0.0009438242131398766
3.4806286889515907,-0.995443688898873,7.406578204442256,1.0,2.879923076923077,2755.0,-8.496962371751238e-05,0.0009438242131398766
3.4805437193278728,-0.9954984979138803,7.4075220286553956,1.0,2.879769230769231,2756.0,-8.496962371795647e-05,0.0009438242131398766
3.480458749704155,-0.9955533069288877,7.408465852868536,1.0,2.8796153846153847,2757.0,-8.496962371795647e-05,0.0009438242131407648
3.4803737800804373,-0.995608115943895,7.409409677081676,1.0,2.8794615384615385,2758.0,-8.496962371751238e-05,0.0009438242131398766
3.4802888104567193,-0.9956629249589022,7.410353501294816,1.0,2.8793076923076923,2759.0,-8.496962371795647e-05,0.0009438242131398766
3.480203840833002,-0.9957177339739095,7.411297325507957,1.0,2.879153846153846,2760.0,-8.496962371751238e-05,0.0009438242131407648
3.480118871209284,-0.9957725429889168,7.412241149721097,1.0,2.879,2761.0,-8.496962371795647e-05,0.0009438242131398766
3.4800281245433937,-0.9957021992094759,7.416058872322914,1.0,2.878923076923077,2762.0,-9.074666589015123e-05,0.0038177226018172306
3.479937377877503,-0.9956318554300349,7.419876594924731,1.0,2.878846153846154,2763.0,-9.074666589059532e-05,0.0038177226018172306
3.479846631211613,-0.9955615116505939,7.423694317526548,1.0,2.878769230769231,2764.0,-9.074666589015123e-05,0.0038177226018172306
3.479755884545723,-0.9954911678711529,7.427512040128366,1.0,2.8786923076923077,2765.0,-9.074666589015123e-05,0.0038177226018172306
3.4796651378798322,-0.995420824091712,7.431329762730183,1.0,2.878615384615385,2766.0,-9.074666589059532e-05,0.0038177226018172306
3.479574391213942,-0.995350480312271,7.435147485332,1.0,2.8785384615384615,2767.0,-9.074666589015123e-05,0.0038177226018172306
3.479483644548052,-0.99528013653283,7.438965207933817,1.0,2.8784615384615386,2768.0,-9.074666589015123e-05,0.0038177226018172306
3.4793928978821618,-0.995209792753389,7.4427829305356346,1.0,2.8783846153846153,2769.0,-9.074666589015123e-05,0.0038177226018172306
3.479302151216271,-0.9951394489739481,7.446600653137452,1.0,2.8783076923076925,2770.0,-9.074666589059532e-05,0.0038177226018172306
3.479211404550381,-0.9950691051945071,7.450418375739269,1.0,2.878230769230769,2771.0,-9.074666589015123e-05,0.0038177226018172306
3.479120657884491,-0.9949987614150662,7.454236098341086,1.0,2.8781538461538463,2772.0,-9.074666589015123e-05,0.0038177226018172306
3.4790299112186003,-0.9949284176356251,7.4580538209429035,1.0,2.878076923076923,2773.0,-9.074666589059532e-05,0.0038177226018172306
3.47893916455271,-0.9948580738561842,7.461871543544721,1.0,2.878,2774.0,-9.074666589015123e-05,0.0038177226018172306
3.478860411751353,-0.9948607075537225,7.463378635541079,1.0,2.8779285714285714,2775.0,-7.875280135705154e-05,0.001507091996358234
3.4787816589499965,-0.9948633412512609,7.464885727537438,1.0,2.877857142857143,2776.0,-7.875280135660745e-05,0.0015070919963591223
3.4787029061486394,-0.9948659749487991,7.466392819533796,1.0,2.8777857142857144,2777.0,-7.875280135705154e-05,0.001507091996358234
3.4786241533472824,-0.9948686086463375,7.467899911530155,1.0,2.8777142857142857,2778.0,-7.875280135705154e-05,0.0015070919963591223
3.4785454005459253,-0.9948712423438758,7.469407003526514,1.0,2.877642857142857,2779.0,-7.875280135705154e-05,0.001507091996358234
3.4784666477445687,-0.9948738760414142,7.470914095522873,1.0,2.8775714285714287,2780.0,-7.875280135660745e-05,0.0015070919963591223
3.4783878949432117,-0.9948765097389525,7.472421187519231,1.0,2.8775,2781.0,-7.875280135705154e-05,0.001507091996358234
3.4783091421418546,-0.9948791434364908,7.473928279515589,1.0,2.8774285714285712,2782.0,-7.875280135705154e-05,0.001507091996358234
3.478230389340498,-0.9948817771340291,7.475435371511948,1.0,2.877357142857143,2783.0,-7.875280135660745e-05,0.0015070919963591223
3.478151636539141,-0.9948844108315674,7.476942463508307,1.0,2.8772857142857142,2784.0,-7.875280135705154e-05,0.001507091996358234
3.478072883737784,-0.9948870445291058,7.478449555504666,1.0,2.8772142857142855,2785.0,-7.875280135705154e-05,0.0015070919963591223
3.477994130936427,-0.9948896782266441,7.479956647501024,1.0,2.877142857142857,2786.0,-7.875280135705154e-05,0.001507091996358234
3.4779153781350702,-0.9948923119241825,7.481463739497383,1.0,2.8770714285714285,2787.0,-7.875280135660745e-05,0.0015070919963591223
3.477836625333713,-0.9948949456217208,7.482970831493741,1.0,2.877,2788.0,-7.875280135705154e-05,0.001507091996358234
3.4777795561367446,-0.9947255303220864,7.484615796535962,1.0,2.876923076923077,2789.0,-5.7069196968573266e-05,0.0016449650422210027
3.477722486939776,-0.9945561150224521,7.486260761578184,1.0,2.8768461538461536,2790.0,-5.7069196968573266e-05,0.0016449650422218909
3.4776654177428075,-0.9943866997228177,7.487905726620405,1.0,2.8767692307692307,2791.0,-5.7069196968573266e-05,0.0016449650422210027
3.477608348545839,-0.9942172844231834,7.489550691662626,1.0,2.8766923076923074,2792.0,-5.7069196968573266e-05,0.0016449650422210027
3.4775512793488703,-0.994047869123549,7.491195656704848,1.0,2.8766153846153846,2793.0,-5.7069196968573266e-05,0.0016449650422218909
3.4774942101519017,-0.9938784538239147,7.492840621747069,1.0,2.8765384615384613,2794.0,-5.7069196968573266e-05,0.0016449650422210027
3.4774371409549336,-0.9937090385242803,7.49448558678929,1.0,2.8764615384615384,2795.0,-5.706919696812918e-05,0.0016449650422210027
3.477380071757965,-0.993539623224646,7.496130551831511,1.0,2.876384615384615,2796.0,-5.7069196968573266e-05,0.0016449650422210027
3.4773230025609965,-0.9933702079250116,7.497775516873733,1.0,2.8763076923076922,2797.0,-5.7069196968573266e-05,0.0016449650422218909
3.477265933364028,-0.9932007926253773,7.499420481915954,1.0,2.876230769230769,2798.0,-5.7069196968573266e-05,0.0016449650422210027
3.4772088641670593,-0.9930313773257429,7.501065446958175,1.0,2.876153846153846,2799.0,-5.7069196968573266e-05,0.0016449650422210027
3.4771517949700907,-0.9928619620261085,7.502710412000397,1.0,2.8760769230769228,2800.0,-5.7069196968573266e-05,0.0016449650422218909
3.477094725773122,-0.9926925467264742,7.504355377042618,1.0,2.876,2801.0,-5.7069196968573266e-05,0.0016449650422210027
3.477023154935188,-0.9928877854182169,7.508705134098747,1.0,2.875923076923077,2802.0,-7.157083793396524e-05,0.0043497570561292775
3.4769515840972542,-0.9930830241099594,7.5130548911548765,1.0,2.8758461538461537,2803.0,-7.157083793396524e-05,0.0043497570561292775
3.4768800132593203,-0.9932782628017021,7.517404648211006,1.0,2.875769230769231,2804.0,-7.157083793396524e-05,0.0043497570561292775
3.476808442421386,-0.9934735014934446,7.521754405267136,1.0,2.8756923076923075,2805.0,-7.157083793440933e-05,0.004349757056130166
3.476736871583452,-0.9936687401851872,7.526104162323265,1.0,2.8756153846153847,2806.0,-7.157083793396524e-05,0.0043497570561292775
3.476665300745518,-0.9938639788769298,7.5304539193793945,1.0,2.8755384615384614,2807.0,-7.157083793396524e-05,0.0043497570561292775
3.476593729907584,-0.9940592175686724,7.534803676435524,1.0,2.8754615384615385,2808.0,-7.157083793396524e-05,0.0043497570561292775
3.47652215906965,-0.994254456260415,7.539153433491653,1.0,2.875384615384615,2809.0,-7.157083793396524e-05,0.0043497570561292775
3.476450588231716,-0.9944496949521576,7.543503190547782,1.0,2.8753076923076923,2810.0,-7.157083793396524e-05,0.0043497570561292775
3.4763790173937816,-0.9946449336439002,7.5478529476039125,1.0,2.875230769230769,2811.0,-7.157083793440933e-05,0.004349757056130166
3.4763074465558477,-0.9948401723356428,7.552202704660042,1.0,2.875153846153846,2812.0,-7.157083793396524e-05,0.0043497570561292775
3.4762358757179137,-0.9950354110273854,7.556552461716171,1.0,2.875076923076923,2813.0,-7.157083793396524e-05,0.0043497570561292775
3.4761643048799797,-0.995230649719128,7.5609022187723,1.0,2.875,2814.0,-7.157083793396524e-05,0.0043497570561292775
3.4760858374869903,-0.9952268939087036,7.563003013703483,1.0,2.874923076923077,2815.0,-7.846739298944527e-05,0.002100794931182648
3.476007370094001,-0.9952231380982791,7.565103808634666,1.0,2.874846153846154,2816.0,-7.846739298944527e-05,0.002100794931182648
3.4759289027010114,-0.9952193822878547,7.567204603565848,1.0,2.874769230769231,2817.0,-7.846739298944527e-05,0.002100794931182648
3.475850435308022,-0.9952156264774303,7.569305398497031,1.0,2.8746923076923077,2818.0,-7.846739298944527e-05,0.002100794931182648
3.4757719679150325,-0.9952118706670059,7.5714061934282135,1.0,2.874615384615385,2819.0,-7.846739298944527e-05,0.002100794931182648
3.475693500522043,-0.9952081148565814,7.573506988359396,1.0,2.8745384615384615,2820.0,-7.846739298944527e-05,0.002100794931182648
3.4756150331290536,-0.995204359046157,7.57560778329058,1.0,2.8744615384615386,2821.0,-7.846739298944527e-05,0.002100794931183536
3.475536565736064,-0.9952006032357326,7.577708578221762,1.0,2.8743846153846153,2822.0,-7.846739298944527e-05,0.002100794931182648
3.4754580983430747,-0.9951968474253081,7.579809373152945,1.0,2.8743076923076925,2823.0,-7.846739298944527e-05,0.002100794931182648
3.4753796309500853,-0.9951930916148838,7.581910168084128,1.0,2.874230769230769,2824.0,-7.846739298944527e-05,0.002100794931182648
3.475301163557096,-0.9951893358044593,7.58401096301531,1.0,2.8741538461538463,2825.0,-7.846739298944527e-05,0.002100794931182648
3.4752226961641064,-0.9951855799940349,7.586111757946493,1.0,2.874076923076923,2826.0,-7.846739298944527e-05,0.002100794931182648
3.475144228771117,-0.9951818241836105,7.588212552877676,1.0,2.874,2827.0,-7.846739298944527e-05,0.002100794931182648
3.4750739333926224,-0.9952208939377288,7.590023148399159,1.0,2.8739285714285714,2828.0,-7.029537849456702e-05,0.001810595521483549
3.475003638014128,-0.9952599636918472,7.591833743920643,1.0,2.873857142857143,2829.0,-7.029537849456702e-05,0.001810595521483549
3.4749333426356332,-0.9952990334459656,7.593644339442125,1.0,2.8737857142857144,2830.0,-7.029537849456702e-05,0.0018105955214826608
3.4748630472571387,-0.995338103200084,7.595454934963609,1.0,2.8737142857142857,2831.0,-7.029537849456702e-05,0.001810595521483549
3.474792751878644,-0.9953771729542024,7.5972655304850925,1.0,2.8736428571428574,2832.0,-7.029537849456702e-05,0.001810595521483549
3.4747224565001495,-0.9954162427083207,7.599076126006576,1.0,2.8735714285714287,2833.0,-7.029537849456702e-05,0.001810595521483549
3.474652161121655,-0.9954553124624391,7.600886721528059,1.0,2.8735000000000004,2834.0,-7.029537849456702e-05,0.0018105955214826608
3.4745818657431604,-0.9954943822165575,7.602697317049542,1.0,2.8734285714285717,2835.0,-7.029537849456702e-05,0.001810595521483549
3.474511570364666,-0.9955334519706759,7.604507912571026,1.0,2.873357142857143,2836.0,-7.029537849456702e-05,0.001810595521483549
3.4744412749861713,-0.9955725217247943,7.606318508092509,1.0,2.8732857142857147,2837.0,-7.029537849456702e-05,0.001810595521483549
3.4743709796076767,-0.9956115914789126,7.608129103613993,1.0,2.873214285714286,2838.0,-7.029537849456702e-05,0.001810595521483549
3.474300684229182,-0.995650661233031,7.6099396991354755,1.0,2.873142857142857,2839.0,-7.029537849456702e-05,0.0018105955214826608
3.4742303888506876,-0.9956897309871494,7.611750294656959,1.0,2.873071428571429,2840.0,-7.029537849456702e-05,0.001810595521483549
3.474160093472193,-0.9957288007412678,7.613560890178443,1.0,2.873,2841.0,-7.029537849456702e-05,0.001810595521483549
3.474066063760929,-0.995732247339132,7.617407990529249,1.0,2.872923076923077,2842.0,-9.402971126393211e-05,0.003847100350806265
3.473972034049665,-0.9957356939369961,7.621255090880055,1.0,2.872846153846154,2843.0,-9.402971126393211e-05,0.003847100350806265
3.473878004338401,-0.9957391405348603,7.625102191230861,1.0,2.8727692307692307,2844.0,-9.402971126393211e-05,0.003847100350806265
3.473783974627137,-0.9957425871327245,7.628949291581668,1.0,2.872692307692308,2845.0,-9.40297112643762e-05,0.003847100350806265
3.473689944915873,-0.9957460337305887,7.632796391932474,1.0,2.8726153846153846,2846.0,-9.402971126393211e-05,0.003847100350806265
3.473595915204609,-0.9957494803284528,7.63664349228328,1.0,2.8725384615384617,2847.0,-9.402971126393211e-05,0.003847100350806265
3.473501885493345,-0.995752926926317,7.640490592634086,1.0,2.8724615384615384,2848.0,-9.402971126393211e-05,0.003847100350805377
3.473407855782081,-0.9957563735241811,7.644337692984892,1.0,2.8723846153846155,2849.0,-9.402971126393211e-05,0.003847100350806265
3.473313826070817,-0.9957598201220453,7.648184793335698,1.0,2.8723076923076922,2850.0,-9.402971126393211e-05,0.003847100350806265
3.473219796359553,-0.9957632667199094,7.652031893686504,1.0,2.8722307692307694,2851.0,-9.40297112643762e-05,0.003847100350806265
3.473125766648289,-0.9957667133177737,7.655878994037311,1.0,2.872153846153846,2852.0,-9.402971126393211e-05,0.003847100350806265
3.473031736937025,-0.9957701599156378,7.659726094388117,1.0,2.872076923076923,2853.0,-9.402971126393211e-05,0.003847100350806265
3.472937707225761,-0.995773606513502,7.663573194738923,1.0,2.872,2854.0,-9.402971126393211e-05,0.003847100350806265
3.4728736803111517,-0.9957047778942467,7.667342941800105,1.0,2.871923076923077,2855.0,-6.402691460927201e-05,0.0037697470611819384
3.472809653396543,-0.9956359492749914,7.671112688861286,1.0,2.8718461538461537,2856.0,-6.402691460882792e-05,0.00376974706118105
3.4727456264819336,-0.9955671206557362,7.674882435922468,1.0,2.871769230769231,2857.0,-6.402691460927201e-05,0.0037697470611819384
3.472681599567325,-0.9954982920364809,7.678652182983649,1.0,2.8716923076923075,2858.0,-6.402691460882792e-05,0.00376974706118105
3.4726175726527155,-0.9954294634172256,7.682421930044831,1.0,2.8716153846153847,2859.0,-6.402691460927201e-05,0.0037697470611819384
3.4725535457381067,-0.9953606347979703,7.686191677106013,1.0,2.8715384615384614,2860.0,-6.402691460882792e-05,0.0037697470611819384
3.4724895188234974,-0.995291806178715,7.689961424167194,1.0,2.8714615384615385,2861.0,-6.402691460927201e-05,0.00376974706118105
3.4724254919088886,-0.9952229775594598,7.693731171228376,1.0,2.871384615384615,2862.0,-6.402691460882792e-05,0.0037697470611819384
3.4723614649942793,-0.9951541489402045,7.697500918289558,1.0,2.8713076923076923,2863.0,-6.402691460927201e-05,0.0037697470611819384
3.4722974380796705,-0.9950853203209492,7.701270665350739,1.0,2.871230769230769,2864.0,-6.402691460882792e-05,0.00376974706118105
3.4722334111650612,-0.9950164917016939,7.705040412411921,1.0,2.871153846153846,2865.0,-6.402691460927201e-05,0.0037697470611819384
3.4721693842504524,-0.9949476630824386,7.708810159473102,1.0,2.871076923076923,2866.0,-6.402691460882792e-05,0.00376974706118105
3.472105357335843,-0.9948788344631834,7.712579906534284,1.0,2.871,2867.0,-6.402691460927201e-05,0.0037697470611819384
3.472037000243255,-0.9947844750093743,7.715087653986288,1.0,2.870846153846154,2868.0,-6.835709258812273e-05,0.0025077474520038834
3.471968643150667,-0.9946901155555653,7.717595401438291,1.0,2.8706923076923077,2869.0,-6.835709258812273e-05,0.002507747452002995
3.4719002860580783,-0.9945957561017562,7.720103148890295,1.0,2.8705384615384615,2870.0,-6.835709258856681e-05,0.0025077474520038834
3.47183192896549,-0.9945013966479471,7.722610896342299,1.0,2.8703846153846153,2871.0,-6.835709258812273e-05,0.0025077474520038834
3.471763571872902,-0.9944070371941381,7.725118643794302,1.0,2.870230769230769,2872.0,-6.835709258812273e-05,0.002507747452002995
3.471695214780314,-0.994312677740329,7.7276263912463055,1.0,2.870076923076923,2873.0,-6.835709258812273e-05,0.0025077474520038834
3.4716268576877254,-0.99421831828652,7.730134138698309,1.0,2.8699230769230772,2874.0,-6.835709258856681e-05,0.0025077474520038834
3.4715585005951373,-0.9941239588327109,7.732641886150313,1.0,2.869769230769231,2875.0,-6.835709258812273e-05,0.0025077474520038834
3.471490143502549,-0.9940295993789019,7.735149633602316,1.0,2.869615384615385,2876.0,-6.835709258812273e-05,0.002507747452002995
3.471421786409961,-0.9939352399250928,7.73765738105432,1.0,2.8694615384615387,2877.0,-6.835709258812273e-05,0.0025077474520038834
3.4713534293173725,-0.9938408804712837,7.740165128506324,1.0,2.8693076923076926,2878.0,-6.835709258856681e-05,0.0025077474520038834
3.4712850722247843,-0.9937465210174747,7.742672875958327,1.0,2.8691538461538464,2879.0,-6.835709258812273e-05,0.002507747452002995
3.471216715132196,-0.9936521615636656,7.745180623410331,1.0,2.869,2880.0,-6.835709258812273e-05,0.0025077474520038834
3.4711479023502747,-0.9938052258873901,7.747307249958702,1.0,2.869,2881.0,-6.88127819215012e-05,0.0021266265483710356
3.4710790895683528,-0.9939582902111145,7.749433876507074,1.0,2.869,2882.0,-6.881278192194529e-05,0.0021266265483719238
3.4710102767864313,-0.9941113545348389,7.751560503055445,1.0,2.869,2883.0,-6.88127819215012e-05,0.0021266265483710356
3.4709414640045093,-0.9942644188585633,7.753687129603817,1.0,2.869,2884.0,-6.881278192194529e-05,0.0021266265483719238
3.470872651222588,-0.9944174831822877,7.755813756152188,1.0,2.869,2885.0,-6.88127819215012e-05,0.0021266265483710356
3.4708038384406663,-0.9945705475060121,7.757940382700559,1.0,2.869,2886.0,-6.88127819215012e-05,0.0021266265483710356
3.4707350256587444,-0.9947236118297367,7.760067009248931,1.0,2.869,2887.0,-6.881278192194529e-05,0.0021266265483719238
3.470666212876823,-0.9948766761534611,7.762193635797302,1.0,2.869,2888.0,-6.88127819215012e-05,0.0021266265483710356
3.4705974000949014,-0.9950297404771855,7.764320262345673,1.0,2.869,2889.0,-6.88127819215012e-05,0.0021266265483710356
3.4705285873129794,-0.9951828048009099,7.766446888894045,1.0,2.869,2890.0,-6.881278192194529e-05,0.0021266265483719238
3.470459774531058,-0.9953358691246343,7.768573515442416,1.0,2.869,2891.0,-6.88127819215012e-05,0.0021266265483710356
3.470390961749136,-0.9954889334483588,7.770700141990788,1.0,2.869,2892.0,-6.881278192194529e-05,0.0021266265483719238
3.4703221489672145,-0.9956419977720832,7.772826768539159,1.0,2.869,2893.0,-6.88127819215012e-05,0.0021266265483710356
3.470253146938537,-0.9955452496915076,7.775671367080029,1.0,2.8689285714285715,2894.0,-6.900202867754501e-05,0.002844598540869825
3.4701841449098594,-0.9954485016109321,7.778515965620898,1.0,2.868857142857143,2895.0,-6.900202867754501e-05,0.002844598540869825
3.4701151428811823,-0.9953517535303565,7.781360564161769,1.0,2.8687857142857145,2896.0,-6.900202867710092e-05,0.002844598540870713
3.4700461408525047,-0.995255005449781,7.784205162702639,1.0,2.8687142857142858,2897.0,-6.900202867754501e-05,0.002844598540869825
3.469977138823827,-0.9951582573692055,7.787049761243509,1.0,2.868642857142857,2898.0,-6.900202867754501e-05,0.002844598540869825
3.4699081367951496,-0.9950615092886299,7.789894359784379,1.0,2.8685714285714288,2899.0,-6.900202867754501e-05,0.002844598540869825
3.4698391347664725,-0.9949647612080544,7.792738958325249,1.0,2.8685,2900.0,-6.900202867710092e-05,0.002844598540870713
3.469770132737795,-0.9948680131274789,7.795583556866119,1.0,2.8684285714285713,2901.0,-6.900202867754501e-05,0.002844598540869825
3.4697011307091175,-0.9947712650469033,7.798428155406989,1.0,2.868357142857143,2902.0,-6.900202867754501e-05,0.002844598540869825
3.46963212868044,-0.9946745169663278,7.801272753947859,1.0,2.8682857142857143,2903.0,-6.900202867754501e-05,0.002844598540869825
3.4695631266517624,-0.9945777688857522,7.804117352488729,1.0,2.8682142857142856,2904.0,-6.900202867754501e-05,0.002844598540869825
3.4694941246230853,-0.9944810208051766,7.806961951029599,1.0,2.868142857142857,2905.0,-6.900202867710092e-05,0.002844598540870713
3.4694251225944077,-0.9943842727246012,7.809806549570469,1.0,2.8680714285714286,2906.0,-6.900202867754501e-05,0.002844598540869825
3.46935612056573,-0.9942875246440256,7.812651148111339,1.0,2.868,2907.0,-6.900202867754501e-05,0.002844598540869825
3.469277673169072,-0.9942253712599614,7.814677957076137,1.0,2.867923076923077,2908.0,-7.844739665818778e-05,0.0020268089647981213
3.469199225772414,-0.994163217875897,7.816704766040936,1.0,2.8678461538461537,2909.0,-7.844739665818778e-05,0.0020268089647990095
3.4691207783757556,-0.9941010644918328,7.818731575005734,1.0,2.867769230769231,2910.0,-7.844739665818778e-05,0.0020268089647981213
3.4690423309790974,-0.9940389111077684,7.820758383970533,1.0,2.8676923076923075,2911.0,-7.844739665818778e-05,0.0020268089647990095
3.4689638835824392,-0.9939767577237042,7.822785192935331,1.0,2.8676153846153847,2912.0,-7.844739665818778e-05,0.0020268089647981213
3.468885436185781,-0.99391460433964,7.8248120019001295,1.0,2.8675384615384614,2913.0,-7.844739665818778e-05,0.0020268089647981213
3.4688069887891233,-0.9938524509555756,7.8268388108649285,1.0,2.8674615384615385,2914.0,-7.84473966577437e-05,0.0020268089647990095
3.468728541392465,-0.9937902975715114,7.828865619829727,1.0,2.867384615384615,2915.0,-7.844739665818778e-05,0.0020268089647981213
3.468650093995807,-0.9937281441874471,7.830892428794525,1.0,2.8673076923076923,2916.0,-7.844739665818778e-05,0.0020268089647981213
3.4685716465991487,-0.9936659908033828,7.832919237759324,1.0,2.867230769230769,2917.0,-7.844739665818778e-05,0.0020268089647990095
3.4684931992024906,-0.9936038374193186,7.834946046724122,1.0,2.867153846153846,2918.0,-7.844739665818778e-05,0.0020268089647981213
3.4684147518058324,-0.9935416840352542,7.836972855688921,1.0,2.867076923076923,2919.0,-7.844739665818778e-05,0.0020268089647990095
3.468336304409174,-0.99347953065119,7.838999664653719,1.0,2.867,2920.0,-7.844739665818778e-05,0.0020268089647981213
3.4682799341866315,-0.9935061785948732,7.841985946414561,1.0,2.866923076923077,2921.0,-5.637022254267876e-05,0.0029862817608421466
3.468223563964089,-0.9935328265385565,7.844972228175403,1.0,2.866846153846154,2922.0,-5.637022254267876e-05,0.0029862817608421466
3.468167193741546,-0.9935594744822398,7.847958509936245,1.0,2.866769230769231,2923.0,-5.637022254267876e-05,0.0029862817608421466
3.4681108235190035,-0.993586122425923,7.850944791697088,1.0,2.8666923076923077,2924.0,-5.637022254267876e-05,0.0029862817608421466
3.468054453296461,-0.9936127703696063,7.85393107345793,1.0,2.866615384615385,2925.0,-5.637022254267876e-05,0.0029862817608421466
3.467998083073918,-0.9936394183132895,7.856917355218772,1.0,2.8665384615384615,2926.0,-5.637022254267876e-05,0.0029862817608421466
3.467941712851375,-0.9936660662569728,7.859903636979614,1.0,2.8664615384615386,2927.0,-5.637022254312285e-05,0.0029862817608421466
3.4678853426288323,-0.9936927142006561,7.862889918740456,1.0,2.8663846153846153,2928.0,-5.637022254267876e-05,0.0029862817608421466
3.4678289724062896,-0.9937193621443393,7.865876200501298,1.0,2.8663076923076924,2929.0,-5.637022254267876e-05,0.0029862817608421466
3.467772602183747,-0.9937460100880225,7.8688624822621405,1.0,2.866230769230769,2930.0,-5.637022254267876e-05,0.0029862817608421466
3.4677162319612043,-0.9937726580317059,7.871848764022983,1.0,2.8661538461538463,2931.0,-5.637022254267876e-05,0.0029862817608421466
3.4676598617386616,-0.9937993059753891,7.874835045783825,1.0,2.866076923076923,2932.0,-5.637022254267876e-05,0.0029862817608421466
3.467603491516119,-0.9938259539190724,7.877821327544667,1.0,2.866,2933.0,-5.637022254267876e-05,0.0029862817608421466
3.4675159981136905,-0.9939835503718233,7.880310757856764,1.0,2.8659230769230772,2934.0,-8.749340242841797e-05,0.0024894303120968075
3.467428504711262,-0.9941411468245742,7.8828001881688605,1.0,2.865846153846154,2935.0,-8.749340242841797e-05,0.0024894303120968075
3.467341011308834,-0.9942987432773251,7.885289618480957,1.0,2.865769230769231,2936.0,-8.749340242797388e-05,0.0024894303120968075
3.4672535179064057,-0.9944563397300761,7.887779048793053,1.0,2.8656923076923078,2937.0,-8.749340242841797e-05,0.0024894303120959194
3.4671660245039773,-0.994613936182827,7.89026847910515,1.0,2.865615384615385,2938.0,-8.749340242841797e-05,0.0024894303120968075
3.467078531101549,-0.9947715326355779,7.892757909417247,1.0,2.8655384615384616,2939.0,-8.749340242841797e-05,0.0024894303120968075
3.466991037699121,-0.994929129088329,7.895247339729344,1.0,2.8654615384615387,2940.0,-8.749340242797388e-05,0.0024894303120968075
3.4669035442966925,-0.9950867255410799,7.8977367700414405,1.0,2.8653846153846154,2941.0,-8.749340242841797e-05,0.0024894303120968075
3.466816050894264,-0.9952443219938308,7.900226200353537,1.0,2.8653076923076926,2942.0,-8.749340242841797e-05,0.0024894303120968075
3.4667285574918356,-0.9954019184465818,7.902715630665633,1.0,2.8652307692307692,2943.0,-8.749340242841797e-05,0.0024894303120959194
3.4666410640894076,-0.9955595148993327,7.90520506097773,1.0,2.8651538461538464,2944.0,-8.749340242797388e-05,0.0024894303120968075
3.4665535706869792,-0.9957171113520836,7.907694491289827,1.0,2.865076923076923,2945.0,-8.749340242841797e-05,0.0024894303120968075
3.466466077284551,-0.9958747078048346,7.910183921601924,1.0,2.865,2946.0,-8.749340242841797e-05,0.0024894303120968075
3.4664099780863054,-0.9957783191567413,7.913672363394423,1.0,2.8649285714285715,2947.0,-5.609919824545173e-05,0.0034884417924994082
3.4663538788880595,-0.9956819305086481,7.9171608051869224,1.0,2.864857142857143,2948.0,-5.609919824589582e-05,0.0034884417924994082
3.466297779689814,-0.9955855418605548,7.920649246979422,1.0,2.8647857142857145,2949.0,-5.609919824545173e-05,0.0034884417924994082
3.466241680491568,-0.9954891532124616,7.92413768877192,1.0,2.8647142857142858,2950.0,-5.609919824589582e-05,0.00348844179249852
3.4661855812933227,-0.9953927645643683,7.92762613056442,1.0,2.864642857142857,2951.0,-5.609919824545173e-05,0.0034884417924994082
3.4661294820950768,-0.9952963759162751,7.931114572356919,1.0,2.8645714285714288,2952.0,-5.609919824589582e-05,0.0034884417924994082
3.4660733828968313,-0.9951999872681818,7.934603014149419,1.0,2.8645,2953.0,-5.609919824545173e-05,0.0034884417924994082
3.466017283698586,-0.9951035986200887,7.938091455941918,1.0,2.8644285714285713,2954.0,-5.609919824545173e-05,0.0034884417924994082
3.46596118450034,-0.9950072099719954,7.941579897734417,1.0,2.864357142857143,2955.0,-5.609919824589582e-05,0.0034884417924994082
3.4659050853020945,-0.9949108213239022,7.945068339526917,1.0,2.8642857142857143,2956.0,-5.609919824545173e-05,0.0034884417924994082
3.4658489861038486,-0.9948144326758089,7.948556781319415,1.0,2.8642142857142856,2957.0,-5.609919824589582e-05,0.00348844179249852
3.465792886905603,-0.9947180440277157,7.952045223111915,1.0,2.864142857142857,2958.0,-5.609919824545173e-05,0.0034884417924994082
3.4657367877073573,-0.9946216553796224,7.955533664904414,1.0,2.8640714285714286,2959.0,-5.609919824589582e-05,0.0034884417924994082
3.465680688509112,-0.9945252667315292,7.959022106696914,1.0,2.864,2960.0,-5.609919824545173e-05,0.0034884417924994082
3.465591921072587,-0.9945900298589784,7.960772475508958,1.0,2.863923076923077,2961.0,-8.876743652486141e-05,0.0017503688120443783
3.4655031536360617,-0.9946547929864276,7.962522844321002,1.0,2.8638461538461537,2962.0,-8.87674365253055e-05,0.0017503688120443783
3.465414386199537,-0.9947195561138767,7.964273213133048,1.0,2.863769230769231,2963.0,-8.876743652486141e-05,0.0017503688120452665
3.4653256187630115,-0.9947843192413259,7.966023581945092,1.0,2.8636923076923075,2964.0,-8.87674365253055e-05,0.0017503688120443783
3.4652368513264866,-0.9948490823687751,7.967773950757136,1.0,2.8636153846153847,2965.0,-8.876743652486141e-05,0.0017503688120443783
3.4651480838899618,-0.9949138454962243,7.969524319569181,1.0,2.8635384615384614,2966.0,-8.876743652486141e-05,0.0017503688120443783
3.4650593164534365,-0.9949786086236735,7.971274688381226,1.0,2.8634615384615385,2967.0,-8.87674365253055e-05,0.0017503688120452665
3.4649705490169116,-0.9950433717511227,7.97302505719327,1.0,2.863384615384615,2968.0,-8.876743652486141e-05,0.0017503688120443783
3.4648817815803867,-0.9951081348785719,7.974775426005315,1.0,2.8633076923076923,2969.0,-8.876743652486141e-05,0.0017503688120443783
3.4647930141438614,-0.995172898006021,7.976525794817359,1.0,2.863230769230769,2970.0,-8.87674365253055e-05,0.0017503688120443783
3.4647042467073366,-0.9952376611334702,7.978276163629404,1.0,2.863153846153846,2971.0,-8.876743652486141e-05,0.0017503688120452665
3.4646154792708113,-0.9953024242609194,7.980026532441449,1.0,2.863076923076923,2972.0,-8.87674365253055e-05,0.0017503688120443783
3.4645267118342864,-0.9953671873883686,7.981776901253493,1.0,2.863,2973.0,-8.876743652486141e-05,0.0017503688120443783
3.464477006540567,-0.995156258454872,7.981674762859794,1.0,2.862923076923077,2974.0,-4.9705293719615185e-05,-0.00010213839369921374
3.464427301246847,-0.9949453295213754,7.981572624466095,1.0,2.862846153846154,2975.0,-4.9705293719615185e-05,-0.00010213839369921374
3.464377595953128,-0.9947344005878789,7.9814704860723955,1.0,2.862769230769231,2976.0,-4.9705293719171095e-05,-0.00010213839369921374
3.4643278906594084,-0.9945234716543823,7.981368347678696,1.0,2.8626923076923076,2977.0,-4.9705293719615185e-05,-0.00010213839369921374
3.4642781853656888,-0.9943125427208857,7.981266209284997,1.0,2.862615384615385,2978.0,-4.9705293719615185e-05,-0.00010213839369921374
3.464228480071969,-0.994101613787389,7.981164070891298,1.0,2.8625384615384615,2979.0,-4.9705293719615185e-05,-0.00010213839369921374
3.46417877477825,-0.9938906848538925,7.981061932497599,1.0,2.8624615384615386,2980.0,-4.9705293719171095e-05,-0.00010213839369921374
3.4641290694845304,-0.9936797559203959,7.980959794103899,1.0,2.8623846153846153,2981.0,-4.9705293719615185e-05,-0.00010213839369921374
3.4640793641908108,-0.9934688269868993,7.9808576557102,1.0,2.8623076923076924,2982.0,-4.9705293719615185e-05,-0.00010213839369921374
3.464029658897091,-0.9932578980534027,7.980755517316501,1.0,2.862230769230769,2983.0,-4.9705293719615185e-05,-0.00010213839369921374
3.463979953603372,-0.9930469691199062,7.980653378922802,1.0,2.8621538461538463,2984.0,-4.9705293719171095e-05,-0.00010213839369921374
3.4639302483096523,-0.9928360401864096,7.980551240529103,1.0,2.862076923076923,2985.0,-4.9705293719615185e-05,-0.00010213839369921374
3.4638805430159327,-0.992625111252913,7.980449102135403,1.0,2.862,2986.0,-4.9705293719615185e-05,-0.00010213839369921374
3.463786029878926,-0.9928283352662977,7.984813265845549,1.0,2.8619230769230772,2987.0,-9.45131370069241e-05,0.0043641637101456965
3.463691516741919,-0.9930315592796823,7.989177429555694,1.0,2.861846153846154,2988.0,-9.45131370069241e-05,0.004364163710144808
3.463597003604912,-0.993234783293067,7.99354159326584,1.0,2.861769230769231,2989.0,-9.45131370069241e-05,0.0043641637101456965
3.4635024904679046,-0.9934380073064517,7.997905756975985,1.0,2.8616923076923078,2990.0,-9.451313700736819e-05,0.0043641637101456965
3.4634079773308977,-0.9936412313198364,8.00226992068613,1.0,2.861615384615385,2991.0,-9.45131370069241e-05,0.004364163710144808
3.4633134641938907,-0.9938444553332211,8.006634084396277,1.0,2.8615384615384616,2992.0,-9.45131370069241e-05,0.004364163710146585
3.463218951056884,-0.9940476793466059,8.010998248106421,1.0,2.8614615384615387,2993.0,-9.45131370069241e-05,0.004364163710144808
3.463124437919877,-0.9942509033599906,8.015362411816566,1.0,2.8613846153846154,2994.0,-9.45131370069241e-05,0.004364163710144808
3.46302992478287,-0.9944541273733752,8.019726575526713,1.0,2.8613076923076926,2995.0,-9.45131370069241e-05,0.004364163710146585
3.4629354116458626,-0.9946573513867599,8.024090739236858,1.0,2.8612307692307692,2996.0,-9.451313700736819e-05,0.004364163710144808
3.4628408985088557,-0.9948605754001446,8.028454902947002,1.0,2.8611538461538464,2997.0,-9.45131370069241e-05,0.004364163710144808
3.4627463853718488,-0.9950637994135293,8.032819066657149,1.0,2.861076923076923,2998.0,-9.45131370069241e-05,0.004364163710146585
3.462651872234842,-0.995267023426914,8.037183230367294,1.0,2.861,2999.0,-9.45131370069241e-05,0.004364163710144808
3.4625824496474764,-0.9952543886145683,8.03916837402085,1.0,2.8609285714285715,3000.0,-6.942258736541973e-05,0.001985143653556065
3.4625130270601105,-0.9952417538022226,8.041153517674404,1.0,2.860857142857143,3001.0,-6.942258736586382e-05,0.001985143653554289
3.462443604472745,-0.9952291189898769,8.043138661327959,1.0,2.8607857142857145,3002.0,-6.942258736541973e-05,0.001985143653554289
3.4623741818853797,-0.9952164841775312,8.045123804981515,1.0,2.8607142857142858,3003.0,-6.942258736541973e-05,0.001985143653556065
3.462304759298014,-0.9952038493651855,8.04710894863507,1.0,2.860642857142857,3004.0,-6.942258736586382e-05,0.001985143653556065
3.4622353367106484,-0.9951912145528398,8.049094092288625,1.0,2.8605714285714288,3005.0,-6.942258736541973e-05,0.001985143653554289
3.4621659141232826,-0.9951785797404941,8.05107923594218,1.0,2.8605,3006.0,-6.942258736586382e-05,0.001985143653554289
3.462096491535917,-0.9951659449281482,8.053064379595735,1.0,2.8604285714285713,3007.0,-6.942258736541973e-05,0.001985143653556065
3.4620270689485517,-0.9951533101158025,8.055049523249291,1.0,2.860357142857143,3008.0,-6.942258736541973e-05,0.001985143653556065
3.461957646361186,-0.9951406753034568,8.057034666902846,1.0,2.8602857142857143,3009.0,-6.942258736586382e-05,0.001985143653554289
3.4618882237738204,-0.9951280404911111,8.0590198105564,1.0,2.8602142857142856,3010.0,-6.942258736541973e-05,0.001985143653554289
3.461818801186455,-0.9951154056787654,8.061004954209956,1.0,2.860142857142857,3011.0,-6.942258736541973e-05,0.001985143653556065
3.461749378599089,-0.9951027708664197,8.062990097863512,1.0,2.8600714285714286,3012.0,-6.942258736586382e-05,0.001985143653556065
3.4616799560117237,-0.995090136054074,8.064975241517066,1.0,2.86,3013.0,-6.942258736541973e-05,0.001985143653554289
3.4616049048336097,-0.9951469340799156,8.066021542744117,1.0,2.859923076923077,3014.0,-7.505117811401618e-05,0.0010463012270509608
3.4615298536554957,-0.9952037321057573,8.067067843971168,1.0,2.8598461538461537,3015.0,-7.505117811401618e-05,0.0010463012270509608
3.4614548024773817,-0.9952605301315989,8.06811414519822,1.0,2.859769230769231,3016.0,-7.505117811401618e-05,0.0010463012270509608
3.4613797512992677,-0.9953173281574406,8.069160446425268,1.0,2.8596923076923075,3017.0,-7.505117811401618e-05,0.0010463012270491845
3.4613047001211537,-0.9953741261832821,8.07020674765232,1.0,2.8596153846153847,3018.0,-7.505117811401618e-05,0.0010463012270509608
3.4612296489430396,-0.9954309242091238,8.07125304887937,1.0,2.8595384615384614,3019.0,-7.505117811401618e-05,0.0010463012270509608
3.4611545977649256,-0.9954877222349654,8.072299350106421,1.0,2.8594615384615385,3020.0,-7.505117811401618e-05,0.0010463012270509608
3.4610795465868116,-0.9955445202608071,8.073345651333472,1.0,2.859384615384615,3021.0,-7.505117811401618e-05,0.0010463012270509608
3.4610044954086976,-0.9956013182866487,8.074391952560523,1.0,2.8593076923076923,3022.0,-7.505117811401618e-05,0.0010463012270509608
3.4609294442305836,-0.9956581163124903,8.075438253787572,1.0,2.859230769230769,3023.0,-7.505117811401618e-05,0.0010463012270491845
3.4608543930524696,-0.9957149143383319,8.076484555014623,1.0,2.859153846153846,3024.0,-7.505117811401618e-05,0.0010463012270509608
3.4607793418743555,-0.9957717123641736,8.077530856241674,1.0,2.859076923076923,3025.0,-7.505117811401618e-05,0.0010463012270509608
3.4607042906962415,-0.9958285103900152,8.078577157468725,1.0,2.859,3026.0,-7.505117811401618e-05,0.0010463012270509608
3.4606497984702616,-0.9957013746091884,8.082953009945731,1.0,2.858923076923077,3027.0,-5.449222597997405e-05,0.004375852477005893
3.460595306244282,-0.9955742388283616,8.087328862422735,1.0,2.858846153846154,3028.0,-5.449222597952996e-05,0.004375852477004116
3.460540814018302,-0.9954471030475348,8.091704714899741,1.0,2.858769230769231,3029.0,-5.449222597997405e-05,0.004375852477005893
3.460486321792322,-0.995319967266708,8.096080567376747,1.0,2.8586923076923076,3030.0,-5.449222597997405e-05,0.004375852477005893
3.4604318295663425,-0.9951928314858812,8.100456419853751,1.0,2.858615384615385,3031.0,-5.449222597952996e-05,0.004375852477004116
3.4603773373403626,-0.9950656957050544,8.104832272330757,1.0,2.8585384615384615,3032.0,-5.449222597997405e-05,0.004375852477005893
3.4603228451143826,-0.9949385599242275,8.109208124807763,1.0,2.8584615384615386,3033.0,-5.449222597997405e-05,0.004375852477005893
3.4602683528884026,-0.9948114241434007,8.113583977284769,1.0,2.8583846153846153,3034.0,-5.449222597997405e-05,0.004375852477005893
3.460213860662423,-0.9946842883625739,8.117959829761773,1.0,2.8583076923076924,3035.0,-5.449222597952996e-05,0.004375852477004116
3.460159368436443,-0.9945571525817472,8.122335682238779,1.0,2.858230769230769,3036.0,-5.449222597997405e-05,0.004375852477005893
3.460104876210463,-0.9944300168009204,8.126711534715785,1.0,2.8581538461538463,3037.0,-5.449222597997405e-05,0.004375852477005893
3.4600503839844836,-0.9943028810200936,8.131087387192789,1.0,2.858076923076923,3038.0,-5.449222597952996e-05,0.004375852477004116
3.4599958917585036,-0.9941757452392668,8.135463239669795,1.0,2.858,3039.0,-5.449222597997405e-05,0.004375852477005893
3.459917340257317,-0.9941743823854847,8.136435232501665,1.0,2.8579230769230772,3040.0,-7.855150118674104e-05,0.0009719928318698834
3.45983878875613,-0.9941730195317028,8.137407225333535,1.0,2.857846153846154,3041.0,-7.855150118674104e-05,0.0009719928318698834
3.4597602372549434,-0.9941716566779207,8.138379218165404,1.0,2.857769230769231,3042.0,-7.855150118674104e-05,0.0009719928318698834
3.459681685753757,-0.9941702938241387,8.139351210997274,1.0,2.8576923076923078,3043.0,-7.855150118629695e-05,0.0009719928318698834
3.4596031342525704,-0.9941689309703567,8.140323203829144,1.0,2.857615384615385,3044.0,-7.855150118674104e-05,0.0009719928318698834
3.4595245827513836,-0.9941675681165747,8.141295196661014,1.0,2.8575384615384616,3045.0,-7.855150118674104e-05,0.0009719928318698834
3.459446031250197,-0.9941662052627926,8.142267189492882,1.0,2.8574615384615387,3046.0,-7.855150118674104e-05,0.000971992831868107
3.45936747974901,-0.9941648424090106,8.143239182324752,1.0,2.8573846153846154,3047.0,-7.855150118674104e-05,0.0009719928318698834
3.4592889282478234,-0.9941634795552287,8.144211175156622,1.0,2.8573076923076925,3048.0,-7.855150118674104e-05,0.0009719928318698834
3.459210376746637,-0.9941621167014466,8.145183167988492,1.0,2.8572307692307692,3049.0,-7.855150118629695e-05,0.0009719928318698834
3.4591318252454504,-0.9941607538476646,8.146155160820362,1.0,2.8571538461538464,3050.0,-7.855150118674104e-05,0.0009719928318698834
3.4590532737442636,-0.9941593909938826,8.147127153652232,1.0,2.857076923076923,3051.0,-7.855150118674104e-05,0.0009719928318698834
3.458974722243077,-0.9941580281401006,8.148099146484101,1.0,2.857,3052.0,-7.855150118674104e-05,0.0009719928318698834
3.4589083237052183,-0.9941464468631835,8.150304066215462,1.0,2.856846153846154,3053.0,-6.639853785861405e-05,0.0022049197313602775
3.4588419251673597,-0.9941348655862664,8.15250898594682,1.0,2.856692307692308,3054.0,-6.639853785861405e-05,0.002204919731358501
3.458775526629501,-0.9941232843093494,8.15471390567818,1.0,2.8565384615384617,3055.0,-6.639853785861405e-05,0.0022049197313602775
3.4587091280916424,-0.9941117030324323,8.156918825409539,1.0,2.8563846153846155,3056.0,-6.639853785861405e-05,0.002204919731358501
3.458642729553784,-0.9941001217555152,8.1591237451409,1.0,2.8562307692307694,3057.0,-6.639853785861405e-05,0.0022049197313602775
3.458576331015925,-0.9940885404785982,8.161328664872258,1.0,2.856076923076923,3058.0,-6.639853785861405e-05,0.002204919731358501
3.4585099324780666,-0.9940769592016812,8.163533584603618,1.0,2.855923076923077,3059.0,-6.639853785861405e-05,0.0022049197313602775
3.458443533940208,-0.9940653779247641,8.165738504334977,1.0,2.855769230769231,3060.0,-6.639853785861405e-05,0.002204919731358501
3.4583771354023494,-0.994053796647847,8.167943424066337,1.0,2.8556153846153847,3061.0,-6.639853785861405e-05,0.0022049197313602775
3.4583107368644908,-0.99404221537093,8.170148343797695,1.0,2.8554615384615385,3062.0,-6.639853785861405e-05,0.002204919731358501
3.458244338326632,-0.9940306340940129,8.172353263529056,1.0,2.8553076923076923,3063.0,-6.639853785861405e-05,0.0022049197313602775
3.4581779397887735,-0.9940190528170958,8.174558183260414,1.0,2.855153846153846,3064.0,-6.639853785861405e-05,0.002204919731358501
3.458111541250915,-0.9940074715401788,8.176763102991774,1.0,2.855,3065.0,-6.639853785861405e-05,0.0022049197313602775
3.4580422059320624,-0.9941601756897902,8.179921416810148,1.0,2.8549285714285713,3066.0,-6.933531885255917e-05,0.0031583138183730597
3.45797287061321,-0.9943128798394016,8.183079730628519,1.0,2.854857142857143,3067.0,-6.933531885255917e-05,0.0031583138183712833
3.4579035352943572,-0.9944655839890132,8.186238044446892,1.0,2.8547857142857143,3068.0,-6.933531885255917e-05,0.0031583138183730597
3.4578341999755042,-0.9946182881386246,8.189396358265265,1.0,2.8547142857142855,3069.0,-6.933531885300326e-05,0.0031583138183730597
3.4577648646566517,-0.9947709922882361,8.192554672083638,1.0,2.8546428571428573,3070.0,-6.933531885255917e-05,0.0031583138183730597
3.457695529337799,-0.9949236964378475,8.19571298590201,1.0,2.8545714285714285,3071.0,-6.933531885255917e-05,0.0031583138183712833
3.4576261940189466,-0.995076400587459,8.198871299720382,1.0,2.8545000000000003,3072.0,-6.933531885255917e-05,0.0031583138183730597
3.457556858700094,-0.9952291047370705,8.202029613538755,1.0,2.8544285714285715,3073.0,-6.933531885255917e-05,0.0031583138183730597
3.4574875233812414,-0.9953818088866819,8.205187927357127,1.0,2.854357142857143,3074.0,-6.933531885255917e-05,0.0031583138183712833
3.457418188062389,-0.9955345130362934,8.2083462411755,1.0,2.8542857142857145,3075.0,-6.933531885255917e-05,0.0031583138183730597
3.457348852743536,-0.9956872171859048,8.211504554993873,1.0,2.854214285714286,3076.0,-6.933531885300326e-05,0.0031583138183730597
3.4572795174246833,-0.9958399213355164,8.214662868812246,1.0,2.854142857142857,3077.0,-6.933531885255917e-05,0.0031583138183730597
3.4572101821058308,-0.9959926254851278,8.217821182630617,1.0,2.854071428571429,3078.0,-6.933531885255917e-05,0.0031583138183712833
3.457140846786978,-0.9961453296347392,8.22097949644899,1.0,2.854,3079.0,-6.933531885255917e-05,0.0031583138183730597
3.4570669662447395,-0.9961915638933632,8.224524260268833,1.0,2.8539230769230772,3080.0,-7.388054223866902e-05,0.0035447638198427
3.4569930857025013,-0.9962377981519872,8.228069024088676,1.0,2.853846153846154,3081.0,-7.388054223822493e-05,0.0035447638198427
3.4569192051602626,-0.9962840324106111,8.231613787908518,1.0,2.853769230769231,3082.0,-7.388054223866902e-05,0.0035447638198427
3.456845324618024,-0.9963302666692351,8.235158551728363,1.0,2.8536923076923078,3083.0,-7.388054223866902e-05,0.0035447638198444764
3.4567714440757857,-0.9963765009278591,8.238703315548205,1.0,2.853615384615385,3084.0,-7.388054223822493e-05,0.0035447638198427
3.456697563533547,-0.996422735186483,8.242248079368048,1.0,2.8535384615384616,3085.0,-7.388054223866902e-05,0.0035447638198427
3.4566236829913084,-0.996468969445107,8.24579284318789,1.0,2.8534615384615387,3086.0,-7.388054223866902e-05,0.0035447638198427
3.4565498024490697,-0.9965152037037309,8.249337607007734,1.0,2.8533846153846154,3087.0,-7.388054223866902e-05,0.0035447638198427
3.4564759219068315,-0.996561437962355,8.252882370827576,1.0,2.8533076923076925,3088.0,-7.388054223822493e-05,0.0035447638198427
3.456402041364593,-0.9966076722209789,8.25642713464742,1.0,2.8532307692307692,3089.0,-7.388054223866902e-05,0.0035447638198444764
3.456328160822354,-0.9966539064796028,8.259971898467263,1.0,2.8531538461538464,3090.0,-7.388054223866902e-05,0.0035447638198427
3.456254280280116,-0.9967001407382269,8.263516662287106,1.0,2.853076923076923,3091.0,-7.388054223822493e-05,0.0035447638198427
3.4561803997378773,-0.9967463749968508,8.267061426106949,1.0,2.853,3092.0,-7.388054223866902e-05,0.0035447638198427
3.456103640255349,-0.9966591688210606,8.26633052032461,1.0,2.852846153846154,3093.0,-7.675948252838793e-05,-0.0007309057823388088
3.4560268807728205,-0.9965719626452704,8.265599614542271,1.0,2.852692307692308,3094.0,-7.675948252838793e-05,-0.0007309057823388088
3.455950121290292,-0.9964847564694802,8.26486870875993,1.0,2.8525384615384617,3095.0,-7.675948252838793e-05,-0.0007309057823405851
3.4558733618077637,-0.99639755029369,8.264137802977592,1.0,2.8523846153846155,3096.0,-7.675948252838793e-05,-0.0007309057823388088
3.4557966023252353,-0.9963103441178998,8.263406897195253,1.0,2.8522307692307693,3097.0,-7.675948252838793e-05,-0.0007309057823388088
3.455719842842707,-0.9962231379421096,8.262675991412914,1.0,2.852076923076923,3098.0,-7.675948252838793e-05,-0.0007309057823388088
3.455643083360179,-0.9961359317663194,8.261945085630574,1.0,2.851923076923077,3099.0,-7.675948252794385e-05,-0.0007309057823405851
3.4555663238776506,-0.9960487255905293,8.261214179848235,1.0,2.851769230769231,3100.0,-7.675948252838793e-05,-0.0007309057823388088
3.4554895643951222,-0.995961519414739,8.260483274065896,1.0,2.8516153846153847,3101.0,-7.675948252838793e-05,-0.0007309057823388088
3.455412804912594,-0.9958743132389488,8.259752368283557,1.0,2.8514615384615385,3102.0,-7.675948252838793e-05,-0.0007309057823388088
3.4553360454300655,-0.9957871070631586,8.259021462501217,1.0,2.8513076923076923,3103.0,-7.675948252838793e-05,-0.0007309057823405851
3.455259285947537,-0.9956999008873684,8.258290556718878,1.0,2.851153846153846,3104.0,-7.675948252838793e-05,-0.0007309057823388088
3.4551825264650087,-0.9956126947115782,8.257559650936539,1.0,2.851,3105.0,-7.675948252838793e-05,-0.0007309057823388088
3.4551101727474327,-0.9956754659518852,8.259197190287486,1.0,2.850923076923077,3106.0,-7.235371757596809e-05,0.0016375393509466818
3.4550378190298563,-0.9957382371921921,8.260834729638434,1.0,2.850846153846154,3107.0,-7.235371757641218e-05,0.0016375393509484582
3.4549654653122803,-0.9958010084324992,8.26247226898938,1.0,2.850769230769231,3108.0,-7.235371757596809e-05,0.0016375393509466818
3.4548931115947044,-0.9958637796728061,8.26410980834033,1.0,2.8506923076923076,3109.0,-7.235371757596809e-05,0.0016375393509484582
3.454820757877128,-0.9959265509131131,8.265747347691276,1.0,2.8506153846153848,3110.0,-7.235371757641218e-05,0.0016375393509466818
3.454748404159552,-0.9959893221534201,8.267384887042223,1.0,2.8505384615384615,3111.0,-7.235371757596809e-05,0.0016375393509466818
3.454676050441976,-0.9960520933937271,8.269022426393171,1.0,2.8504615384615386,3112.0,-7.235371757596809e-05,0.0016375393509484582
3.4546036967244,-0.9961148646340341,8.270659965744118,1.0,2.8503846153846153,3113.0,-7.235371757596809e-05,0.0016375393509466818
3.4545313430068236,-0.996177635874341,8.272297505095064,1.0,2.8503076923076924,3114.0,-7.235371757641218e-05,0.0016375393509466818
3.4544589892892477,-0.996240407114648,8.273935044446013,1.0,2.850230769230769,3115.0,-7.235371757596809e-05,0.0016375393509484582
3.4543866355716717,-0.9963031783549551,8.27557258379696,1.0,2.8501538461538463,3116.0,-7.235371757596809e-05,0.0016375393509466818
3.4543142818540953,-0.996365949595262,8.277210123147908,1.0,2.850076923076923,3117.0,-7.235371757641218e-05,0.0016375393509484582
3.4542419281365193,-0.996428720835569,8.278847662498855,1.0,2.85,3118.0,-7.235371757596809e-05,0.0016375393509466818
3.45417048970017,-0.9964789857547891,8.280626833529803,1.0,2.8499285714285714,3119.0,-7.143843634915825e-05,0.0017791710309484898
3.4540990512638206,-0.9965292506740093,8.28240600456075,1.0,2.849857142857143,3120.0,-7.143843634960234e-05,0.0017791710309467135
3.4540276128274714,-0.9965795155932294,8.284185175591698,1.0,2.8497857142857144,3121.0,-7.143843634915825e-05,0.0017791710309484898
3.453956174391122,-0.9966297805124497,8.285964346622647,1.0,2.8497142857142856,3122.0,-7.143843634960234e-05,0.0017791710309484898
3.4538847359547726,-0.9966800454316698,8.287743517653595,1.0,2.8496428571428574,3123.0,-7.143843634915825e-05,0.0017791710309484898
3.453813297518423,-0.99673031035089,8.289522688684542,1.0,2.8495714285714286,3124.0,-7.143843634960234e-05,0.0017791710309467135
3.453741859082074,-0.9967805752701101,8.29130185971549,1.0,2.8495000000000004,3125.0,-7.143843634915825e-05,0.0017791710309484898
3.4536704206457247,-0.9968308401893302,8.293081030746439,1.0,2.8494285714285716,3126.0,-7.143843634915825e-05,0.0017791710309484898
3.453598982209375,-0.9968811051085504,8.294860201777386,1.0,2.849357142857143,3127.0,-7.143843634960234e-05,0.0017791710309467135
3.453527543773026,-0.9969313700277705,8.296639372808334,1.0,2.8492857142857146,3128.0,-7.143843634915825e-05,0.0017791710309484898
3.4534561053366764,-0.9969816349469908,8.298418543839283,1.0,2.849214285714286,3129.0,-7.143843634960234e-05,0.0017791710309484898
3.453384666900327,-0.9970318998662109,8.300197714870231,1.0,2.849142857142857,3130.0,-7.143843634915825e-05,0.0017791710309484898
3.4533132284639776,-0.9970821647854311,8.301976885901178,1.0,2.849071428571429,3131.0,-7.143843634960234e-05,0.0017791710309467135
3.4532417900276284,-0.9971324297046512,8.303756056932126,1.0,2.849,3132.0,-7.143843634915825e-05,0.0017791710309484898
3.4531472132947134,-0.9970680178367561,8.304767549699264,1.0,2.848923076923077,3133.0,-9.457673291501933e-05,0.0010114927671374119
3.4530526365617984,-0.997003605968861,8.305779042466403,1.0,2.848846153846154,3134.0,-9.457673291501933e-05,0.0010114927671391882
3.4529580598288834,-0.9969391941009659,8.30679053523354,1.0,2.8487692307692307,3135.0,-9.457673291501933e-05,0.0010114927671374119
3.4528634830959684,-0.9968747822330708,8.307802028000678,1.0,2.848692307692308,3136.0,-9.457673291501933e-05,0.0010114927671374119
3.4527689063630533,-0.9968103703651756,8.308813520767817,1.0,2.8486153846153845,3137.0,-9.457673291501933e-05,0.0010114927671391882
3.4526743296301383,-0.9967459584972805,8.309825013534955,1.0,2.8485384615384617,3138.0,-9.457673291501933e-05,0.0010114927671374119
3.4525797528972233,-0.9966815466293855,8.310836506302092,1.0,2.8484615384615384,3139.0,-9.457673291501933e-05,0.0010114927671374119
3.4524851761643083,-0.9966171347614904,8.31184799906923,1.0,2.8483846153846155,3140.0,-9.457673291501933e-05,0.0010114927671374119
3.4523905994313933,-0.9965527228935952,8.312859491836369,1.0,2.848307692307692,3141.0,-9.457673291501933e-05,0.0010114927671391882
3.4522960226984782,-0.9964883110257001,8.313870984603506,1.0,2.8482307692307693,3142.0,-9.457673291501933e-05,0.0010114927671374119
3.452201445965563,-0.996423899157805,8.314882477370643,1.0,2.848153846153846,3143.0,-9.457673291501933e-05,0.0010114927671374119
3.452106869232648,-0.9963594872899099,8.315893970137783,1.0,2.848076923076923,3144.0,-9.457673291501933e-05,0.0010114927671391882
3.452012292499733,-0.9962950754220148,8.31690546290492,1.0,2.848,3145.0,-9.457673291501933e-05,0.0010114927671374119
3.4519385724330687,-0.9961049111704933,8.319792491721815,1.0,2.847923076923077,3146.0,-7.372006666450659e-05,0.0028870288168949543
3.451864852366404,-0.9959147469189717,8.322679520538708,1.0,2.8478461538461537,3147.0,-7.372006666450659e-05,0.002887028816893178
3.4517911322997397,-0.9957245826674502,8.325566549355603,1.0,2.847769230769231,3148.0,-7.372006666450659e-05,0.0028870288168949543
3.4517174122330747,-0.9955344184159287,8.328453578172496,1.0,2.8476923076923075,3149.0,-7.372006666495068e-05,0.002887028816893178
3.45164369216641,-0.9953442541644072,8.331340606989391,1.0,2.8476153846153847,3150.0,-7.372006666450659e-05,0.0028870288168949543
3.4515699720997457,-0.9951540899128857,8.334227635806284,1.0,2.8475384615384614,3151.0,-7.372006666450659e-05,0.002887028816893178
3.451496252033081,-0.9949639256613642,8.33711466462318,1.0,2.8474615384615385,3152.0,-7.372006666450659e-05,0.0028870288168949543
3.4514225319664167,-0.9947737614098426,8.340001693440072,1.0,2.847384615384615,3153.0,-7.372006666450659e-05,0.002887028816893178
3.451348811899752,-0.9945835971583211,8.342888722256967,1.0,2.8473076923076923,3154.0,-7.372006666450659e-05,0.0028870288168949543
3.4512750918330872,-0.9943934329067996,8.34577575107386,1.0,2.847230769230769,3155.0,-7.372006666495068e-05,0.002887028816893178
3.4512013717664227,-0.9942032686552781,8.348662779890756,1.0,2.847153846153846,3156.0,-7.372006666450659e-05,0.0028870288168949543
3.451127651699758,-0.9940131044037566,8.351549808707649,1.0,2.847076923076923,3157.0,-7.372006666450659e-05,0.002887028816893178
3.4510539316330937,-0.993822940152235,8.354436837524544,1.0,2.847,3158.0,-7.372006666450659e-05,0.0028870288168949543
3.4509865148024343,-0.9938374382219954,8.356318855891331,1.0,2.846846153846154,3159.0,-6.741683065936144e-05,0.0018820183667873636
3.4509190979717754,-0.9938519362917559,8.35820087425812,1.0,2.8466923076923076,3160.0,-6.741683065891735e-05,0.00188201836678914
3.450851681141116,-0.9938664343615163,8.360082892624908,1.0,2.8465384615384615,3161.0,-6.741683065936144e-05,0.0018820183667873636
3.450784264310457,-0.9938809324312768,8.361964910991697,1.0,2.8463846153846153,3162.0,-6.741683065891735e-05,0.00188201836678914
3.450716847479798,-0.9938954305010372,8.363846929358484,1.0,2.846230769230769,3163.0,-6.741683065936144e-05,0.0018820183667873636
3.450649430649139,-0.9939099285707977,8.365728947725271,1.0,2.846076923076923,3164.0,-6.741683065891735e-05,0.0018820183667873636
3.4505820138184795,-0.9939244266405581,8.36761096609206,1.0,2.845923076923077,3165.0,-6.741683065936144e-05,0.00188201836678914
3.4505145969878206,-0.9939389247103186,8.369492984458848,1.0,2.845769230769231,3166.0,-6.741683065891735e-05,0.0018820183667873636
3.4504471801571612,-0.993953422780079,8.371375002825635,1.0,2.845615384615385,3167.0,-6.741683065936144e-05,0.0018820183667873636
3.4503797633265023,-0.9939679208498395,8.373257021192424,1.0,2.8454615384615387,3168.0,-6.741683065891735e-05,0.00188201836678914
3.450312346495843,-0.9939824189195999,8.375139039559212,1.0,2.8453076923076925,3169.0,-6.741683065936144e-05,0.0018820183667873636
3.450244929665184,-0.9939969169893604,8.377021057926001,1.0,2.8451538461538464,3170.0,-6.741683065891735e-05,0.00188201836678914
3.4501775128345247,-0.9940114150591208,8.378903076292788,1.0,2.845,3171.0,-6.741683065936144e-05,0.0018820183667873636
3.450112471665767,-0.9940684792477534,8.380662982764568,1.0,2.8449285714285715,3172.0,-6.504116875749588e-05,0.00175990647177926
3.45004743049701,-0.994125543436386,8.382422889236347,1.0,2.844857142857143,3173.0,-6.504116875705179e-05,0.00175990647177926
3.4499823893282526,-0.9941826076250188,8.384182795708126,1.0,2.8447857142857145,3174.0,-6.504116875749588e-05,0.00175990647177926
3.4499173481594956,-0.9942396718136514,8.385942702179905,1.0,2.8447142857142858,3175.0,-6.504116875705179e-05,0.00175990647177926
3.449852306990738,-0.994296736002284,8.387702608651685,1.0,2.844642857142857,3176.0,-6.504116875749588e-05,0.00175990647177926
3.449787265821981,-0.9943538001909166,8.389462515123464,1.0,2.8445714285714288,3177.0,-6.504116875705179e-05,0.00175990647177926
3.4497222246532235,-0.9944108643795493,8.391222421595243,1.0,2.8445,3178.0,-6.504116875749588e-05,0.00175990647177926
3.449657183484466,-0.9944679285681819,8.392982328067024,1.0,2.8444285714285713,3179.0,-6.504116875749588e-05,0.0017599064717810364
3.449592142315709,-0.9945249927568145,8.394742234538803,1.0,2.844357142857143,3180.0,-6.504116875705179e-05,0.00175990647177926
3.4495271011469515,-0.9945820569454471,8.396502141010583,1.0,2.8442857142857143,3181.0,-6.504116875749588e-05,0.00175990647177926
3.4494620599781944,-0.9946391211340797,8.398262047482362,1.0,2.8442142857142856,3182.0,-6.504116875705179e-05,0.00175990647177926
3.449397018809437,-0.9946961853227124,8.400021953954141,1.0,2.844142857142857,3183.0,-6.504116875749588e-05,0.00175990647177926
3.44933197764068,-0.994753249511345,8.40178186042592,1.0,2.8440714285714286,3184.0,-6.504116875705179e-05,0.00175990647177926
3.4492669364719224,-0.9948103136999776,8.4035417668977,1.0,2.844,3185.0,-6.504116875749588e-05,0.00175990647177926
3.4491835864254057,-0.9947507389640132,8.406398661125879,1.0,2.843923076923077,3186.0,-8.335004651671696e-05,0.00285689422817903
3.4491002363788885,-0.9946911642280488,8.409255555354058,1.0,2.8438461538461537,3187.0,-8.335004651716105e-05,0.00285689422817903
3.449016886332372,-0.9946315894920843,8.412112449582237,1.0,2.843769230769231,3188.0,-8.335004651671696e-05,0.00285689422817903
3.4489335362858546,-0.9945720147561199,8.414969343810416,1.0,2.8436923076923075,3189.0,-8.335004651716105e-05,0.00285689422817903
3.448850186239338,-0.9945124400201555,8.417826238038595,1.0,2.8436153846153847,3190.0,-8.335004651671696e-05,0.00285689422817903
3.4487668361928208,-0.9944528652841911,8.420683132266774,1.0,2.8435384615384613,3191.0,-8.335004651716105e-05,0.00285689422817903
3.448683486146304,-0.9943932905482266,8.423540026494953,1.0,2.8434615384615385,3192.0,-8.335004651671696e-05,0.00285689422817903
3.448600136099787,-0.9943337158122622,8.426396920723132,1.0,2.843384615384615,3193.0,-8.335004651716105e-05,0.00285689422817903
3.44851678605327,-0.9942741410762977,8.429253814951311,1.0,2.8433076923076923,3194.0,-8.335004651671696e-05,0.00285689422817903
3.448433436006753,-0.9942145663403333,8.43211070917949,1.0,2.843230769230769,3195.0,-8.335004651716105e-05,0.00285689422817903
3.4483500859602363,-0.9941549916043688,8.434967603407669,1.0,2.843153846153846,3196.0,-8.335004651671696e-05,0.00285689422817903
3.448266735913719,-0.9940954168684044,8.437824497635848,1.0,2.843076923076923,3197.0,-8.335004651716105e-05,0.00285689422817903
3.4481833858672024,-0.99403584213244,8.440681391864027,1.0,2.843,3198.0,-8.335004651671696e-05,0.00285689422817903
3.448108808684283,-0.993998529953941,8.443248809649896,1.0,2.842923076923077,3199.0,-7.457718291936644e-05,0.0025674177858689973
3.4480342315013637,-0.9939612177754421,8.445816227435765,1.0,2.842846153846154,3200.0,-7.457718291936644e-05,0.0025674177858689973
3.447959654318444,-0.9939239055969431,8.448383645221634,1.0,2.842769230769231,3201.0,-7.457718291981053e-05,0.0025674177858689973
3.4478850771355245,-0.9938865934184442,8.450951063007503,1.0,2.8426923076923076,3202.0,-7.457718291936644e-05,0.0025674177858689973
3.447810499952605,-0.9938492812399452,8.453518480793372,1.0,2.8426153846153848,3203.0,-7.457718291936644e-05,0.0025674177858689973
3.4477359227696858,-0.9938119690614463,8.456085898579241,1.0,2.8425384615384615,3204.0,-7.457718291936644e-05,0.0025674177858689973
3.447661345586766,-0.9937746568829473,8.458653316365112,1.0,2.8424615384615386,3205.0,-7.457718291981053e-05,0.0025674177858707736
3.4475867684038466,-0.9937373447044484,8.46122073415098,1.0,2.8423846153846153,3206.0,-7.457718291936644e-05,0.0025674177858689973
3.4475121912209272,-0.9937000325259494,8.46378815193685,1.0,2.8423076923076924,3207.0,-7.457718291936644e-05,0.0025674177858689973
3.447437614038008,-0.9936627203474505,8.466355569722719,1.0,2.842230769230769,3208.0,-7.457718291936644e-05,0.0025674177858689973
3.447363036855088,-0.9936254081689515,8.468922987508588,1.0,2.8421538461538463,3209.0,-7.457718291981053e-05,0.0025674177858689973
3.4472884596721687,-0.9935880959904526,8.471490405294457,1.0,2.842076923076923,3210.0,-7.457718291936644e-05,0.0025674177858689973
3.4472138824892493,-0.9935507838119536,8.474057823080326,1.0,2.842,3211.0,-7.457718291936644e-05,0.0025674177858689973
3.447133610078459,-0.993677976046186,8.475644999390587,1.0,2.841923076923077,3212.0,-8.027241079044956e-05,0.0015871763102612846
3.4470533376676684,-0.9938051682804184,8.477232175700848,1.0,2.841846153846154,3213.0,-8.027241079044956e-05,0.0015871763102612846
3.446973065256878,-0.9939323605146508,8.47881935201111,1.0,2.841769230769231,3214.0,-8.027241079044956e-05,0.0015871763102612846
3.4468927928460875,-0.9940595527488834,8.480406528321371,1.0,2.8416923076923077,3215.0,-8.027241079044956e-05,0.0015871763102612846
3.446812520435297,-0.9941867449831158,8.481993704631632,1.0,2.841615384615385,3216.0,-8.027241079044956e-05,0.0015871763102612846
3.4467322480245066,-0.9943139372173482,8.483580880941894,1.0,2.8415384615384616,3217.0,-8.027241079044956e-05,0.0015871763102612846
3.4466519756137166,-0.9944411294515806,8.485168057252153,1.0,2.8414615384615387,3218.0,-8.027241079000547e-05,0.0015871763102595082
3.446571703202926,-0.994568321685813,8.486755233562414,1.0,2.8413846153846154,3219.0,-8.027241079044956e-05,0.0015871763102612846
3.4464914307921357,-0.9946955139200454,8.488342409872676,1.0,2.8413076923076925,3220.0,-8.027241079044956e-05,0.0015871763102612846
3.4464111583813453,-0.9948227061542779,8.489929586182937,1.0,2.8412307692307692,3221.0,-8.027241079044956e-05,0.0015871763102612846
3.446330885970555,-0.9949498983885103,8.491516762493198,1.0,2.8411538461538464,3222.0,-8.027241079044956e-05,0.0015871763102612846
3.4462506135597644,-0.9950770906227427,8.49310393880346,1.0,2.841076923076923,3223.0,-8.027241079044956e-05,0.0015871763102612846
3.446170341148974,-0.9952042828569752,8.49469111511372,1.0,2.841,3224.0,-8.027241079044956e-05,0.0015871763102612846
3.4460850056044685,-0.9952990086699541,8.49745761134511,1.0,2.840846153846154,3225.0,-8.533554450540493e-05,0.0027664962313895813
3.445999670059963,-0.995393734482933,8.500224107576502,1.0,2.840692307692308,3226.0,-8.533554450540493e-05,0.0027664962313913577
3.4459143345154577,-0.995488460295912,8.502990603807891,1.0,2.8405384615384617,3227.0,-8.533554450540493e-05,0.0027664962313895813
3.4458289989709523,-0.9955831861088908,8.505757100039283,1.0,2.8403846153846155,3228.0,-8.533554450540493e-05,0.0027664962313913577
3.445743663426447,-0.9956779119218698,8.508523596270672,1.0,2.8402307692307693,3229.0,-8.533554450540493e-05,0.0027664962313895813
3.4456583278819415,-0.9957726377348487,8.511290092502064,1.0,2.840076923076923,3230.0,-8.533554450540493e-05,0.0027664962313913577
3.445572992337436,-0.9958673635478277,8.514056588733453,1.0,2.839923076923077,3231.0,-8.533554450540493e-05,0.0027664962313895813
3.4454876567929307,-0.9959620893608065,8.516823084964845,1.0,2.839769230769231,3232.0,-8.533554450540493e-05,0.0027664962313913577
3.4454023212484253,-0.9960568151737855,8.519589581196234,1.0,2.8396153846153847,3233.0,-8.533554450540493e-05,0.0027664962313895813
3.44531698570392,-0.9961515409867644,8.522356077427625,1.0,2.8394615384615385,3234.0,-8.533554450540493e-05,0.0027664962313913577
3.4452316501594145,-0.9962462667997434,8.525122573659015,1.0,2.8393076923076923,3235.0,-8.533554450540493e-05,0.0027664962313895813
3.445146314614909,-0.9963409926127222,8.527889069890406,1.0,2.839153846153846,3236.0,-8.533554450540493e-05,0.0027664962313913577
3.4450609790704037,-0.9964357184257012,8.530655566121796,1.0,2.839,3237.0,-8.533554450540493e-05,0.0027664962313895813
3.4449832199593486,-0.9962917738307124,8.532501730963634,1.0,2.839,3238.0,-7.77591110550091e-05,0.0018461648418384158
3.4449054608482936,-0.9961478292357236,8.534347895805471,1.0,2.839,3239.0,-7.77591110550091e-05,0.0018461648418366394
3.4448277017372386,-0.9960038846407349,8.53619406064731,1.0,2.839,3240.0,-7.77591110550091e-05,0.0018461648418384158
3.4447499426261836,-0.9958599400457461,8.538040225489146,1.0,2.839,3241.0,-7.77591110550091e-05,0.0018461648418366394
3.4446721835151286,-0.9957159954507573,8.539886390330985,1.0,2.839,3242.0,-7.77591110550091e-05,0.0018461648418384158
3.4445944244040736,-0.9955720508557685,8.541732555172821,1.0,2.839,3243.0,-7.77591110550091e-05,0.0018461648418366394
3.444516665293019,-0.9954281062607797,8.54357872001466,1.0,2.839,3244.0,-7.775911105456501e-05,0.0018461648418384158
3.444438906181964,-0.9952841616657909,8.545424884856498,1.0,2.839,3245.0,-7.77591110550091e-05,0.0018461648418384158
3.444361147070909,-0.9951402170708021,8.547271049698335,1.0,2.839,3246.0,-7.77591110550091e-05,0.0018461648418366394
3.444283387959854,-0.9949962724758133,8.549117214540173,1.0,2.839,3247.0,-7.77591110550091e-05,0.0018461648418384158
3.444205628848799,-0.9948523278808246,8.55096337938201,1.0,2.839,3248.0,-7.77591110550091e-05,0.0018461648418366394
3.444127869737744,-0.9947083832858358,8.552809544223848,1.0,2.839,3249.0,-7.77591110550091e-05,0.0018461648418384158
3.444050110626689,-0.994564438690847,8.554655709065685,1.0,2.839,3250.0,-7.77591110550091e-05,0.0018461648418366394
3.443972351515634,-0.9944204940958582,8.556501873907523,1.0,2.839,3251.0,-7.77591110550091e-05,0.0018461648418384158
3.4439018937292274,-0.9945662006928029,8.557449325001347,1.0,2.838846153846154,3252.0,-7.045778640657474e-05,0.0009474510938236591
3.4438314359428213,-0.9947119072897476,8.558396776095172,1.0,2.8386923076923076,3253.0,-7.045778640613065e-05,0.0009474510938254355
3.4437609781564147,-0.9948576138866924,8.559344227188996,1.0,2.8385384615384615,3254.0,-7.045778640657474e-05,0.0009474510938236591
3.4436905203700086,-0.995003320483637,8.56029167828282,1.0,2.8383846153846153,3255.0,-7.045778640613065e-05,0.0009474510938236591
3.443620062583602,-0.9951490270805817,8.561239129376645,1.0,2.838230769230769,3256.0,-7.045778640657474e-05,0.0009474510938254355
3.4435496047971954,-0.9952947336775264,8.562186580470469,1.0,2.838076923076923,3257.0,-7.045778640657474e-05,0.0009474510938236591
3.4434791470107893,-0.9954404402744712,8.563134031564292,1.0,2.837923076923077,3258.0,-7.045778640613065e-05,0.0009474510938236591
3.4434086892243827,-0.9955861468714159,8.564081482658116,1.0,2.837769230769231,3259.0,-7.045778640657474e-05,0.0009474510938236591
3.443338231437976,-0.9957318534683606,8.565028933751941,1.0,2.837615384615385,3260.0,-7.045778640657474e-05,0.0009474510938254355
3.44326777365157,-0.9958775600653053,8.565976384845765,1.0,2.8374615384615387,3261.0,-7.045778640613065e-05,0.0009474510938236591
3.4431973158651634,-0.99602326666225,8.566923835939589,1.0,2.8373076923076925,3262.0,-7.045778640657474e-05,0.0009474510938236591
3.4431268580787573,-0.9961689732591947,8.567871287033414,1.0,2.8371538461538464,3263.0,-7.045778640613065e-05,0.0009474510938254355
3.4430564002923507,-0.9963146798561394,8.568818738127238,1.0,2.837,3264.0,-7.045778640657474e-05,0.0009474510938236591
3.442984039752359,-0.9961749543875876,8.571670381339102,1.0,2.836923076923077,3265.0,-7.236053999193359e-05,0.00285164321186393
3.442911679212367,-0.9960352289190358,8.574522024550966,1.0,2.836846153846154,3266.0,-7.236053999193359e-05,0.00285164321186393
3.442839318672375,-0.9958955034504839,8.577373667762828,1.0,2.8367692307692307,3267.0,-7.236053999193359e-05,0.0028516432118621537
3.442766958132383,-0.9957557779819322,8.580225310974692,1.0,2.836692307692308,3268.0,-7.236053999193359e-05,0.00285164321186393
3.442694597592391,-0.9956160525133804,8.583076954186556,1.0,2.8366153846153845,3269.0,-7.236053999193359e-05,0.00285164321186393
3.442622237052399,-0.9954763270448286,8.58592859739842,1.0,2.8365384615384617,3270.0,-7.236053999193359e-05,0.00285164321186393
3.4425498765124076,-0.9953366015762767,8.588780240610282,1.0,2.8364615384615384,3271.0,-7.23605399914895e-05,0.0028516432118621537
3.4424775159724157,-0.9951968761077249,8.591631883822146,1.0,2.8363846153846155,3272.0,-7.236053999193359e-05,0.00285164321186393
3.4424051554324238,-0.9950571506391731,8.59448352703401,1.0,2.836307692307692,3273.0,-7.236053999193359e-05,0.00285164321186393
3.442332794892432,-0.9949174251706213,8.597335170245874,1.0,2.8362307692307693,3274.0,-7.236053999193359e-05,0.00285164321186393
3.44226043435244,-0.9947776997020694,8.600186813457736,1.0,2.836153846153846,3275.0,-7.236053999193359e-05,0.0028516432118621537
3.442188073812448,-0.9946379742335176,8.6030384566696,1.0,2.836076923076923,3276.0,-7.236053999193359e-05,0.00285164321186393
3.442115713272456,-0.9944982487649658,8.605890099881464,1.0,2.836,3277.0,-7.236053999193359e-05,0.00285164321186393
3.4420209343448414,-0.9946210505416783,8.608104711902598,1.0,2.835923076923077,3278.0,-9.477892761466933e-05,0.0022146120211345988
3.4419261554172262,-0.9947438523183907,8.610319323923731,1.0,2.8358461538461537,3279.0,-9.477892761511342e-05,0.0022146120211328224
3.4418313764896116,-0.9948666540951031,8.612533935944866,1.0,2.835769230769231,3280.0,-9.477892761466933e-05,0.0022146120211345988
3.441736597561997,-0.9949894558718155,8.614748547966,1.0,2.8356923076923075,3281.0,-9.477892761466933e-05,0.0022146120211345988
3.441641818634382,-0.995112257648528,8.616963159987133,1.0,2.8356153846153846,3282.0,-9.477892761511342e-05,0.0022146120211328224
3.441547039706767,-0.9952350594252404,8.619177772008268,1.0,2.8355384615384613,3283.0,-9.477892761466933e-05,0.0022146120211345988
3.4414522607791524,-0.9953578612019527,8.621392384029402,1.0,2.8354615384615385,3284.0,-9.477892761466933e-05,0.0022146120211345988
3.441357481851538,-0.9954806629786651,8.623606996050537,1.0,2.835384615384615,3285.0,-9.477892761466933e-05,0.0022146120211345988
3.4412627029239227,-0.9956034647553775,8.62582160807167,1.0,2.8353076923076923,3286.0,-9.477892761511342e-05,0.0022146120211328224
3.441167923996308,-0.99572626653209,8.628036220092804,1.0,2.835230769230769,3287.0,-9.477892761466933e-05,0.0022146120211345988
3.4410731450686933,-0.9958490683088024,8.630250832113939,1.0,2.835153846153846,3288.0,-9.477892761466933e-05,0.0022146120211345988
3.440978366141078,-0.9959718700855148,8.632465444135072,1.0,2.835076923076923,3289.0,-9.477892761511342e-05,0.0022146120211328224
3.4408835872134635,-0.9960946718622272,8.634680056156206,1.0,2.835,3290.0,-9.477892761466933e-05,0.0022146120211345988
3.440811058853995,-0.9961555796012582,8.636658605331679,1.0,2.8349285714285712,3291.0,-7.252835946847114e-05,0.001978549175472466
3.440738530494527,-0.9962164873402893,8.638637154507151,1.0,2.834857142857143,3292.0,-7.252835946802705e-05,0.001978549175472466
3.4406660021350586,-0.9962773950793204,8.640615703682624,1.0,2.8347857142857142,3293.0,-7.252835946847114e-05,0.001978549175472466
3.4405934737755905,-0.9963383028183515,8.642594252858094,1.0,2.8347142857142855,3294.0,-7.252835946802705e-05,0.0019785491754706896
3.440520945416122,-0.9963992105573825,8.644572802033567,1.0,2.8346428571428572,3295.0,-7.252835946847114e-05,0.001978549175472466
3.440448417056654,-0.9964601182964136,8.64655135120904,1.0,2.8345714285714285,3296.0,-7.252835946802705e-05,0.001978549175472466
3.4403758886971856,-0.9965210260354447,8.648529900384512,1.0,2.8345000000000002,3297.0,-7.252835946847114e-05,0.001978549175472466
3.440303360337717,-0.9965819337744757,8.650508449559984,1.0,2.8344285714285715,3298.0,-7.252835946847114e-05,0.001978549175472466
3.440230831978249,-0.9966428415135067,8.652486998735457,1.0,2.834357142857143,3299.0,-7.252835946802705e-05,0.001978549175472466
3.4401583036187806,-0.9967037492525378,8.65446554791093,1.0,2.8342857142857145,3300.0,-7.252835946847114e-05,0.001978549175472466
3.4400857752593126,-0.9967646569915689,8.6564440970864,1.0,2.834214285714286,3301.0,-7.252835946802705e-05,0.0019785491754706896
3.440013246899844,-0.9968255647305999,8.658422646261872,1.0,2.834142857142857,3302.0,-7.252835946847114e-05,0.001978549175472466
3.439940718540376,-0.9968864724696309,8.660401195437345,1.0,2.834071428571429,3303.0,-7.252835946802705e-05,0.001978549175472466
3.4398681901809076,-0.996947380208662,8.662379744612817,1.0,2.834,3304.0,-7.252835946847114e-05,0.001978549175472466
3.439775695378524,-0.9966813138518988,8.663475346356783,1.0,2.833923076923077,3305.0,-9.24948023834915e-05,0.001095601743966057
3.4396832005761406,-0.9964152474951357,8.664570948100748,1.0,2.833846153846154,3306.0,-9.24948023834915e-05,0.0010956017439642807
3.439590705773757,-0.9961491811383725,8.665666549844714,1.0,2.833769230769231,3307.0,-9.24948023834915e-05,0.001095601743966057
3.439498210971373,-0.9958831147816093,8.666762151588678,1.0,2.8336923076923077,3308.0,-9.249480238393559e-05,0.0010956017439642807
3.4394057161689897,-0.9956170484248461,8.667857753332644,1.0,2.833615384615385,3309.0,-9.24948023834915e-05,0.001095601743966057
3.439313221366606,-0.9953509820680829,8.66895335507661,1.0,2.8335384615384616,3310.0,-9.24948023834915e-05,0.001095601743966057
3.4392207265642227,-0.9950849157113199,8.670048956820574,1.0,2.8334615384615387,3311.0,-9.24948023834915e-05,0.0010956017439642807
3.4391282317618392,-0.9948188493545567,8.67114455856454,1.0,2.8333846153846154,3312.0,-9.24948023834915e-05,0.001095601743966057
3.4390357369594557,-0.9945527829977935,8.672240160308506,1.0,2.8333076923076925,3313.0,-9.24948023834915e-05,0.001095601743966057
3.438943242157072,-0.9942867166410303,8.67333576205247,1.0,2.833230769230769,3314.0,-9.249480238393559e-05,0.0010956017439642807
3.4388507473546883,-0.9940206502842671,8.674431363796437,1.0,2.8331538461538464,3315.0,-9.24948023834915e-05,0.001095601743966057
3.438758252552305,-0.9937545839275039,8.675526965540401,1.0,2.833076923076923,3316.0,-9.24948023834915e-05,0.0010956017439642807
3.4386657577499213,-0.9934885175707407,8.676622567284367,1.0,2.833,3317.0,-9.24948023834915e-05,0.001095601743966057
3.438587178585776,-0.9935684223101972,8.678636256918086,1.0,2.832923076923077,3318.0,-7.85791641453315e-05,0.0020136896337188404
3.4385085994216307,-0.9936483270496536,8.680649946551805,1.0,2.832846153846154,3319.0,-7.85791641453315e-05,0.0020136896337188404
3.4384300202574853,-0.99372823178911,8.682663636185522,1.0,2.8327692307692307,3320.0,-7.85791641453315e-05,0.002013689633717064
3.4383514410933405,-0.9938081365285664,8.68467732581924,1.0,2.832692307692308,3321.0,-7.857916414488741e-05,0.0020136896337188404
3.438272861929195,-0.9938880412680228,8.68669101545296,1.0,2.8326153846153845,3322.0,-7.85791641453315e-05,0.0020136896337188404
3.43819428276505,-0.9939679460074792,8.688704705086678,1.0,2.8325384615384617,3323.0,-7.85791641453315e-05,0.0020136896337188404
3.4381157036009045,-0.9940478507469356,8.690718394720395,1.0,2.8324615384615384,3324.0,-7.85791641453315e-05,0.002013689633717064
3.438037124436759,-0.994127755486392,8.692732084354114,1.0,2.8323846153846155,3325.0,-7.85791641453315e-05,0.0020136896337188404
3.437958545272614,-0.9942076602258484,8.694745773987833,1.0,2.832307692307692,3326.0,-7.85791641453315e-05,0.0020136896337188404
3.437879966108469,-0.9942875649653048,8.696759463621552,1.0,2.8322307692307693,3327.0,-7.857916414488741e-05,0.0020136896337188404
3.4378013869443236,-0.9943674697047612,8.698773153255269,1.0,2.832153846153846,3328.0,-7.85791641453315e-05,0.002013689633717064
3.4377228077801782,-0.9944473744442176,8.700786842888988,1.0,2.832076923076923,3329.0,-7.85791641453315e-05,0.0020136896337188404
3.437644228616033,-0.994527279183674,8.702800532522707,1.0,2.832,3330.0,-7.85791641453315e-05,0.0020136896337188404
3.4375602957790417,-0.9946736810907371,8.704220904793516,1.0,2.831923076923077,3331.0,-8.393283699126286e-05,0.001420372270809267
3.43747636294205,-0.9948200829978001,8.705641277064323,1.0,2.8318461538461537,3332.0,-8.393283699170695e-05,0.0014203722708074906
3.4373924301050587,-0.9949664849048631,8.707061649335133,1.0,2.831769230769231,3333.0,-8.393283699126286e-05,0.001420372270809267
3.437308497268067,-0.9951128868119261,8.70848202160594,1.0,2.8316923076923075,3334.0,-8.393283699170695e-05,0.0014203722708074906
3.4372245644310757,-0.9952592887189892,8.70990239387675,1.0,2.8316153846153846,3335.0,-8.393283699126286e-05,0.001420372270809267
3.4371406315940845,-0.9954056906260522,8.711322766147559,1.0,2.8315384615384613,3336.0,-8.393283699126286e-05,0.001420372270809267
3.4370566987570927,-0.9955520925331152,8.712743138418366,1.0,2.8314615384615385,3337.0,-8.393283699170695e-05,0.0014203722708074906
3.4369727659201015,-0.9956984944401782,8.714163510689175,1.0,2.831384615384615,3338.0,-8.393283699126286e-05,0.001420372270809267
3.43688883308311,-0.9958448963472413,8.715583882959985,1.0,2.8313076923076923,3339.0,-8.393283699126286e-05,0.001420372270809267
3.4368049002461185,-0.9959912982543043,8.717004255230792,1.0,2.831230769230769,3340.0,-8.393283699170695e-05,0.0014203722708074906
3.4367209674091272,-0.9961377001613673,8.718424627501602,1.0,2.831153846153846,3341.0,-8.393283699126286e-05,0.001420372270809267
3.4366370345721355,-0.9962841020684303,8.719844999772409,1.0,2.831076923076923,3342.0,-8.393283699170695e-05,0.0014203722708074906
3.4365531017351443,-0.9964305039754934,8.721265372043218,1.0,2.831,3343.0,-8.393283699126286e-05,0.001420372270809267
3.4364778994846565,-0.9963686672789077,8.725526786297094,1.0,2.830846153846154,3344.0,-7.52022504877381e-05,0.004261414253875273
3.4364026972341692,-0.9963068305823221,8.729788200550967,1.0,2.8306923076923076,3345.0,-7.520225048729401e-05,0.004261414253873497
3.4363274949836815,-0.9962449938857364,8.734049614804842,1.0,2.8305384615384614,3346.0,-7.52022504877381e-05,0.004261414253875273
3.436252292733194,-0.9961831571891508,8.738311029058716,1.0,2.8303846153846153,3347.0,-7.520225048729401e-05,0.004261414253873497
3.4361770904827065,-0.9961213204925652,8.742572443312591,1.0,2.830230769230769,3348.0,-7.52022504877381e-05,0.004261414253875273
3.4361018882322187,-0.9960594837959795,8.746833857566466,1.0,2.830076923076923,3349.0,-7.52022504877381e-05,0.004261414253875273
3.4360266859817314,-0.9959976470993939,8.75109527182034,1.0,2.829923076923077,3350.0,-7.520225048729401e-05,0.004261414253873497
3.4359514837312437,-0.9959358104028082,8.755356686074215,1.0,2.829769230769231,3351.0,-7.52022504877381e-05,0.004261414253875273
3.435876281480756,-0.9958739737062225,8.75961810032809,1.0,2.829615384615385,3352.0,-7.52022504877381e-05,0.004261414253875273
3.4358010792302687,-0.995812137009637,8.763879514581964,1.0,2.8294615384615387,3353.0,-7.520225048729401e-05,0.004261414253873497
3.435725876979781,-0.9957503003130513,8.76814092883584,1.0,2.8293076923076925,3354.0,-7.52022504877381e-05,0.004261414253875273
3.4356506747292936,-0.9956884636164657,8.772402343089713,1.0,2.8291538461538464,3355.0,-7.520225048729401e-05,0.004261414253873497
3.435575472478806,-0.99562662691988,8.776663757343588,1.0,2.829,3356.0,-7.52022504877381e-05,0.004261414253875273
3.4354981439765915,-0.9956627017826142,8.776681292180749,1.0,2.8289285714285715,3357.0,-7.732850221442433e-05,1.75348371609374e-05
3.4354208154743775,-0.9956987766453483,8.77669882701791,1.0,2.828857142857143,3358.0,-7.732850221398024e-05,1.75348371609374e-05
3.435343486972163,-0.9957348515080825,8.77671636185507,1.0,2.8287857142857145,3359.0,-7.732850221442433e-05,1.75348371609374e-05
3.4352661584699486,-0.9957709263708167,8.776733896692232,1.0,2.8287142857142857,3360.0,-7.732850221442433e-05,1.75348371609374e-05
3.4351888299677342,-0.9958070012335508,8.776751431529393,1.0,2.828642857142857,3361.0,-7.732850221442433e-05,1.75348371609374e-05
3.4351115014655202,-0.995843076096285,8.776768966366554,1.0,2.8285714285714287,3362.0,-7.732850221398024e-05,1.75348371609374e-05
3.435034172963306,-0.9958791509590191,8.776786501203715,1.0,2.8285,3363.0,-7.732850221442433e-05,1.75348371609374e-05
3.4349568444610914,-0.9959152258217534,8.776804036040877,1.0,2.8284285714285713,3364.0,-7.732850221442433e-05,1.7534837162713757e-05
3.4348795159588774,-0.9959513006844876,8.776821570878038,1.0,2.828357142857143,3365.0,-7.732850221398024e-05,1.75348371609374e-05
3.434802187456663,-0.9959873755472217,8.776839105715199,1.0,2.8282857142857143,3366.0,-7.732850221442433e-05,1.75348371609374e-05
3.4347248589544486,-0.9960234504099559,8.77685664055236,1.0,2.8282142857142856,3367.0,-7.732850221442433e-05,1.75348371609374e-05
3.434647530452234,-0.99605952527269,8.776874175389521,1.0,2.828142857142857,3368.0,-7.732850221442433e-05,1.75348371609374e-05
3.43457020195002,-0.9960956001354242,8.776891710226682,1.0,2.8280714285714286,3369.0,-7.732850221398024e-05,1.75348371609374e-05
3.4344928734478057,-0.9961316749981584,8.776909245063843,1.0,2.828,3370.0,-7.732850221442433e-05,1.75348371609374e-05
3.4343985744454137,-0.996061499743583,8.77796452392092,1.0,2.827923076923077,3371.0,-9.42990023919954e-05,0.0010552788570770133
3.434304275443022,-0.9959913244890078,8.779019802777997,1.0,2.8278461538461537,3372.0,-9.429900239155131e-05,0.0010552788570770133
3.43420997644063,-0.9959211492344325,8.780075081635074,1.0,2.827769230769231,3373.0,-9.42990023919954e-05,0.0010552788570770133
3.434115677438238,-0.9958509739798573,8.781130360492151,1.0,2.8276923076923075,3374.0,-9.42990023919954e-05,0.0010552788570770133
3.4340213784358466,-0.995780798725282,8.782185639349228,1.0,2.8276153846153846,3375.0,-9.429900239155131e-05,0.0010552788570770133
3.4339270794334547,-0.9957106234707068,8.783240918206305,1.0,2.8275384615384613,3376.0,-9.42990023919954e-05,0.0010552788570770133
3.4338327804310627,-0.9956404482161315,8.784296197063382,1.0,2.8274615384615385,3377.0,-9.42990023919954e-05,0.0010552788570770133
3.4337384814286707,-0.9955702729615563,8.785351475920459,1.0,2.827384615384615,3378.0,-9.42990023919954e-05,0.0010552788570770133
3.433644182426279,-0.995500097706981,8.786406754777536,1.0,2.8273076923076923,3379.0,-9.429900239155131e-05,0.0010552788570770133
3.433549883423887,-0.9954299224524058,8.787462033634613,1.0,2.827230769230769,3380.0,-9.42990023919954e-05,0.0010552788570770133
3.433455584421495,-0.9953597471978305,8.78851731249169,1.0,2.827153846153846,3381.0,-9.42990023919954e-05,0.0010552788570770133
3.4333612854191036,-0.9952895719432553,8.789572591348767,1.0,2.827076923076923,3382.0,-9.429900239155131e-05,0.0010552788570770133
3.4332669864167116,-0.99521939668868,8.790627870205844,1.0,2.827,3383.0,-9.42990023919954e-05,0.0010552788570770133
3.4331841521055537,-0.9951738131100233,8.792616420583737,1.0,2.827,3384.0,-8.283431115785334e-05,0.001988550377893361
3.433101317794396,-0.9951282295313666,8.79460497096163,1.0,2.827,3385.0,-8.283431115785334e-05,0.001988550377893361
3.433018483483238,-0.9950826459527099,8.796593521339526,1.0,2.827,3386.0,-8.283431115785334e-05,0.0019885503778951374
3.43293564917208,-0.9950370623740533,8.79858207171742,1.0,2.827,3387.0,-8.283431115785334e-05,0.001988550377893361
3.4328528148609223,-0.9949914787953966,8.800570622095313,1.0,2.827,3388.0,-8.283431115785334e-05,0.001988550377893361
3.4327699805497645,-0.9949458952167399,8.802559172473206,1.0,2.827,3389.0,-8.283431115785334e-05,0.001988550377893361
3.4326871462386066,-0.9949003116380832,8.804547722851101,1.0,2.827,3390.0,-8.283431115785334e-05,0.0019885503778951374
3.4326043119274487,-0.9948547280594265,8.806536273228994,1.0,2.827,3391.0,-8.283431115785334e-05,0.001988550377893361
3.432521477616291,-0.9948091444807698,8.808524823606888,1.0,2.827,3392.0,-8.283431115785334e-05,0.001988550377893361
3.432438643305133,-0.9947635609021133,8.810513373984781,1.0,2.827,3393.0,-8.283431115785334e-05,0.001988550377893361
3.432355808993975,-0.9947179773234566,8.812501924362676,1.0,2.827,3394.0,-8.283431115785334e-05,0.0019885503778951374
3.4322729746828173,-0.9946723937447999,8.81449047474057,1.0,2.827,3395.0,-8.283431115785334e-05,0.001988550377893361
3.4321901403716595,-0.9946268101661432,8.816479025118463,1.0,2.827,3396.0,-8.283431115785334e-05,0.001988550377893361
3.432106668797919,-0.9945332534608994,8.818385224840666,1.0,2.827230769230769,3397.0,-8.347157374055669e-05,0.0019061997222031835
3.4320231972241784,-0.9944396967556557,8.82029142456287,1.0,2.8274615384615385,3398.0,-8.347157374055669e-05,0.0019061997222031835
3.431939725650438,-0.9943461400504119,8.822197624285073,1.0,2.8276923076923075,3399.0,-8.347157374055669e-05,0.0019061997222031835
3.4318562540766977,-0.9942525833451682,8.824103824007276,1.0,2.827923076923077,3400.0,-8.34715737401126e-05,0.0019061997222031835
3.431772782502957,-0.9941590266399244,8.826010023729479,1.0,2.828153846153846,3401.0,-8.347157374055669e-05,0.0019061997222031835
3.4316893109292166,-0.9940654699346807,8.827916223451682,1.0,2.8283846153846155,3402.0,-8.347157374055669e-05,0.0019061997222031835
3.431605839355476,-0.9939719132294369,8.829822423173887,1.0,2.8286153846153845,3403.0,-8.347157374055669e-05,0.0019061997222049598
3.4315223677817355,-0.9938783565241932,8.83172862289609,1.0,2.828846153846154,3404.0,-8.347157374055669e-05,0.0019061997222031835
3.431438896207995,-0.9937847998189494,8.833634822618293,1.0,2.829076923076923,3405.0,-8.347157374055669e-05,0.0019061997222031835
3.431355424634255,-0.9936912431137057,8.835541022340497,1.0,2.8293076923076925,3406.0,-8.34715737401126e-05,0.0019061997222031835
3.4312719530605142,-0.9935976864084619,8.8374472220627,1.0,2.8295384615384616,3407.0,-8.347157374055669e-05,0.0019061997222031835
3.4311884814867737,-0.9935041297032182,8.839353421784903,1.0,2.829769230769231,3408.0,-8.347157374055669e-05,0.0019061997222031835
3.431105009913033,-0.9934105729979744,8.841259621507106,1.0,2.83,3409.0,-8.347157374055669e-05,0.0019061997222031835
3.4310172187535266,-0.9935461551133721,8.843588707423201,1.0,2.829923076923077,3410.0,-8.779115950652283e-05,0.0023290859160951527
3.43092942759402,-0.9936817372287697,8.845917793339297,1.0,2.829846153846154,3411.0,-8.779115950652283e-05,0.0023290859160951527
3.430841636434513,-0.9938173193441674,8.84824687925539,1.0,2.829769230769231,3412.0,-8.779115950696692e-05,0.0023290859160933763
3.4307538452750066,-0.9939529014595649,8.850575965171485,1.0,2.8296923076923077,3413.0,-8.779115950652283e-05,0.0023290859160951527
3.4306660541155,-0.9940884835749626,8.85290505108758,1.0,2.829615384615385,3414.0,-8.779115950652283e-05,0.0023290859160951527
3.4305782629559936,-0.9942240656903603,8.855234137003675,1.0,2.8295384615384616,3415.0,-8.779115950652283e-05,0.0023290859160951527
3.4304904717964866,-0.9943596478057579,8.857563222919769,1.0,2.8294615384615387,3416.0,-8.779115950696692e-05,0.0023290859160933763
3.43040268063698,-0.9944952299211556,8.859892308835864,1.0,2.8293846153846154,3417.0,-8.779115950652283e-05,0.0023290859160951527
3.4303148894774735,-0.9946308120365532,8.862221394751959,1.0,2.8293076923076925,3418.0,-8.779115950652283e-05,0.0023290859160951527
3.430227098317967,-0.9947663941519508,8.864550480668054,1.0,2.829230769230769,3419.0,-8.779115950652283e-05,0.0023290859160951527
3.43013930715846,-0.9949019762673484,8.866879566584148,1.0,2.8291538461538464,3420.0,-8.779115950696692e-05,0.0023290859160933763
3.4300515159989535,-0.9950375583827461,8.869208652500243,1.0,2.829076923076923,3421.0,-8.779115950652283e-05,0.0023290859160951527
3.429963724839447,-0.9951731404981438,8.871537738416338,1.0,2.829,3422.0,-8.779115950652283e-05,0.0023290859160951527
3.429873257609218,-0.9949717501745775,8.874249420709862,1.0,2.828857142857143,3423.0,-9.046723022887448e-05,0.0027116822935244755
3.429782790378989,-0.9947703598510114,8.876961103003385,1.0,2.8287142857142857,3424.0,-9.046723022931857e-05,0.002711682293522699
3.42969232314876,-0.9945689695274451,8.87967278529691,1.0,2.8285714285714287,3425.0,-9.046723022887448e-05,0.0027116822935244755
3.4296018559185306,-0.9943675792038789,8.882384467590434,1.0,2.8284285714285717,3426.0,-9.046723022931857e-05,0.0027116822935244755
3.4295113886883017,-0.9941661888803127,8.885096149883958,1.0,2.8282857142857143,3427.0,-9.046723022887448e-05,0.0027116822935244755
3.4294209214580724,-0.9939647985567465,8.887807832177481,1.0,2.8281428571428573,3428.0,-9.046723022931857e-05,0.002711682293522699
3.4293304542278435,-0.9937634082331803,8.890519514471006,1.0,2.8280000000000003,3429.0,-9.046723022887448e-05,0.0027116822935244755
3.4292399869976147,-0.9935620179096141,8.89323119676453,1.0,2.827857142857143,3430.0,-9.046723022887448e-05,0.0027116822935244755
3.4291495197673854,-0.9933606275860478,8.895942879058053,1.0,2.827714285714286,3431.0,-9.046723022931857e-05,0.002711682293522699
3.4290590525371565,-0.9931592372624817,8.898654561351577,1.0,2.8275714285714284,3432.0,-9.046723022887448e-05,0.0027116822935244755
3.428968585306927,-0.9929578469389154,8.901366243645102,1.0,2.8274285714285714,3433.0,-9.046723022931857e-05,0.0027116822935244755
3.4288781180766983,-0.9927564566153492,8.904077925938626,1.0,2.8272857142857144,3434.0,-9.046723022887448e-05,0.0027116822935244755
3.428787650846469,-0.992555066291783,8.906789608232149,1.0,2.827142857142857,3435.0,-9.046723022931857e-05,0.002711682293522699
3.42869718361624,-0.9923536759682168,8.909501290525673,1.0,2.827,3436.0,-9.046723022887448e-05,0.0027116822935244755
3.4286311867694272,-0.992461026607118,8.91231183439652,1.0,2.826923076923077,3437.0,-6.599684681285467e-05,0.0028105438708472263
3.4285651899226144,-0.9925683772460192,8.915122378267368,1.0,2.826846153846154,3438.0,-6.599684681285467e-05,0.0028105438708472263
3.428499193075801,-0.9926757278849204,8.917932922138215,1.0,2.826769230769231,3439.0,-6.599684681329876e-05,0.0028105438708472263
3.4284331962289882,-0.9927830785238216,8.920743466009062,1.0,2.8266923076923076,3440.0,-6.599684681285467e-05,0.0028105438708472263
3.4283671993821754,-0.9928904291627229,8.92355400987991,1.0,2.8266153846153848,3441.0,-6.599684681285467e-05,0.0028105438708472263
3.4283012025353625,-0.9929977798016241,8.926364553750757,1.0,2.8265384615384614,3442.0,-6.599684681285467e-05,0.0028105438708472263
3.4282352056885492,-0.9931051304405253,8.929175097621604,1.0,2.8264615384615386,3443.0,-6.599684681329876e-05,0.0028105438708472263
3.4281692088417364,-0.9932124810794265,8.931985641492451,1.0,2.8263846153846153,3444.0,-6.599684681285467e-05,0.0028105438708472263
3.4281032119949235,-0.9933198317183277,8.934796185363298,1.0,2.8263076923076924,3445.0,-6.599684681285467e-05,0.0028105438708472263
3.4280372151481107,-0.9934271823572289,8.937606729234146,1.0,2.826230769230769,3446.0,-6.599684681285467e-05,0.0028105438708472263
3.4279712183012974,-0.9935345329961301,8.940417273104993,1.0,2.8261538461538462,3447.0,-6.599684681329876e-05,0.0028105438708472263
3.4279052214544845,-0.9936418836350314,8.94322781697584,1.0,2.826076923076923,3448.0,-6.599684681285467e-05,0.0028105438708472263
3.4278392246076717,-0.9937492342739326,8.946038360846687,1.0,2.826,3449.0,-6.599684681285467e-05,0.0028105438708472263
3.427728423311305,-0.9938070491695982,8.948990197767676,1.0,2.825923076923077,3450.0,-0.0001108012963668692,0.0029518369209888817
3.4276176220149375,-0.9938648640652638,8.951942034688663,1.0,2.825846153846154,3451.0,-0.00011080129636731328,0.0029518369209871054
3.4275068207185706,-0.9939226789609293,8.954893871609652,1.0,2.825769230769231,3452.0,-0.0001108012963668692,0.0029518369209888817
3.4273960194222033,-0.9939804938565948,8.95784570853064,1.0,2.8256923076923077,3453.0,-0.00011080129636731328,0.0029518369209871054
3.4272852181258364,-0.9940383087522604,8.960797545451628,1.0,2.825615384615385,3454.0,-0.0001108012963668692,0.0029518369209888817
3.4271744168294695,-0.994096123647926,8.963749382372615,1.0,2.8255384615384616,3455.0,-0.0001108012963668692,0.0029518369209871054
3.4270636155331022,-0.9941539385435916,8.966701219293604,1.0,2.8254615384615387,3456.0,-0.00011080129636731328,0.0029518369209888817
3.4269528142367354,-0.9942117534392572,8.969653056214591,1.0,2.8253846153846154,3457.0,-0.0001108012963668692,0.0029518369209871054
3.4268420129403685,-0.9942695683349227,8.97260489313558,1.0,2.8253076923076925,3458.0,-0.0001108012963668692,0.0029518369209888817
3.426731211644001,-0.9943273832305882,8.975556730056567,1.0,2.825230769230769,3459.0,-0.00011080129636731328,0.0029518369209871054
3.4266204103476343,-0.9943851981262538,8.978508566977556,1.0,2.8251538461538463,3460.0,-0.0001108012963668692,0.0029518369209888817
3.426509609051267,-0.9944430130219194,8.981460403898543,1.0,2.825076923076923,3461.0,-0.00011080129636731328,0.0029518369209871054
3.4263988077549,-0.994500827917585,8.984412240819532,1.0,2.825,3462.0,-0.0001108012963668692,0.0029518369209888817
3.4263198230519842,-0.9944775395103738,8.985204775650653,1.0,2.824923076923077,3463.0,-7.898470291589632e-05,0.0007925348311204061
3.4262408383490683,-0.9944542511031625,8.985997310481773,1.0,2.824846153846154,3464.0,-7.898470291589632e-05,0.0007925348311204061
3.4261618536461524,-0.9944309626959513,8.986789845312895,1.0,2.8247692307692307,3465.0,-7.898470291589632e-05,0.0007925348311221825
3.4260828689432365,-0.9944076742887402,8.987582380144016,1.0,2.824692307692308,3466.0,-7.898470291589632e-05,0.0007925348311204061
3.4260038842403207,-0.994384385881529,8.988374914975136,1.0,2.8246153846153845,3467.0,-7.898470291589632e-05,0.0007925348311204061
3.4259248995374048,-0.9943610974743178,8.989167449806256,1.0,2.8245384615384617,3468.0,-7.898470291589632e-05,0.0007925348311204061
3.425845914834489,-0.9943378090671066,8.989959984637379,1.0,2.8244615384615384,3469.0,-7.898470291589632e-05,0.0007925348311221825
3.425766930131573,-0.9943145206598953,8.990752519468499,1.0,2.8243846153846155,3470.0,-7.898470291589632e-05,0.0007925348311204061
3.425687945428657,-0.9942912322526841,8.99154505429962,1.0,2.824307692307692,3471.0,-7.898470291589632e-05,0.0007925348311204061
3.425608960725741,-0.994267943845473,8.99233758913074,1.0,2.8242307692307693,3472.0,-7.898470291589632e-05,0.0007925348311204061
3.4255299760228253,-0.9942446554382618,8.993130123961862,1.0,2.824153846153846,3473.0,-7.898470291589632e-05,0.0007925348311221825
3.4254509913199094,-0.9942213670310506,8.993922658792982,1.0,2.824076923076923,3474.0,-7.898470291589632e-05,0.0007925348311204061
3.4253720066169935,-0.9941980786238394,8.994715193624103,1.0,2.824,3475.0,-7.898470291589632e-05,0.0007925348311204061
3.4252957956604444,-0.9942837305366958,8.995802060337574,1.0,2.823928571428571,3476.0,-7.621095654908316e-05,0.0010868667134715793
3.425219584703895,-0.9943693824495523,8.996888927051046,1.0,2.823857142857143,3477.0,-7.621095654952725e-05,0.0010868667134715793
3.425143373747346,-0.9944550343624089,8.997975793764518,1.0,2.823785714285714,3478.0,-7.621095654908316e-05,0.0010868667134715793
3.4250671627907963,-0.9945406862752654,8.999062660477989,1.0,2.8237142857142854,3479.0,-7.621095654952725e-05,0.0010868667134715793
3.424990951834247,-0.9946263381881219,9.00014952719146,1.0,2.823642857142857,3480.0,-7.621095654908316e-05,0.0010868667134715793
3.4249147408776976,-0.9947119901009783,9.001236393904932,1.0,2.8235714285714284,3481.0,-7.621095654952725e-05,0.0010868667134715793
3.4248385299211486,-0.9947976420138348,9.002323260618404,1.0,2.8235,3482.0,-7.621095654908316e-05,0.0010868667134715793
3.4247623189645995,-0.9948832939266914,9.003410127331875,1.0,2.8234285714285714,3483.0,-7.621095654908316e-05,0.0010868667134715793
3.42468610800805,-0.9949689458395479,9.004496994045347,1.0,2.8233571428571427,3484.0,-7.621095654952725e-05,0.0010868667134715793
3.424609897051501,-0.9950545977524043,9.005583860758819,1.0,2.8232857142857144,3485.0,-7.621095654908316e-05,0.0010868667134715793
3.4245336860949513,-0.9951402496652608,9.00667072747229,1.0,2.8232142857142857,3486.0,-7.621095654952725e-05,0.0010868667134715793
3.4244574751384023,-0.9952259015781174,9.007757594185762,1.0,2.823142857142857,3487.0,-7.621095654908316e-05,0.0010868667134715793
3.4243812641818527,-0.9953115534909739,9.008844460899233,1.0,2.8230714285714287,3488.0,-7.621095654952725e-05,0.0010868667134715793
3.4243050532253037,-0.9953972054038304,9.009931327612705,1.0,2.823,3489.0,-7.621095654908316e-05,0.0010868667134715793
3.424199380475504,-0.995411351791091,9.013116818636096,1.0,2.822846153846154,3490.0,-0.00010567274979944585,0.0031854910233910516
3.4240937077257043,-0.9954254981783517,9.016302309659489,1.0,2.8226923076923076,3491.0,-0.00010567274979988994,0.003185491023392828
3.423988034975905,-0.9954396445656123,9.01948780068288,1.0,2.8225384615384614,3492.0,-0.00010567274979944585,0.0031854910233910516
3.423882362226105,-0.995453790952873,9.02267329170627,1.0,2.8223846153846153,3493.0,-0.00010567274979988994,0.0031854910233910516
3.4237766894763055,-0.9954679373401336,9.025858782729664,1.0,2.822230769230769,3494.0,-0.00010567274979944585,0.003185491023392828
3.4236710167265056,-0.9954820837273942,9.029044273753055,1.0,2.822076923076923,3495.0,-0.00010567274979988994,0.0031854910233910516
3.423565343976706,-0.9954962301146549,9.032229764776446,1.0,2.821923076923077,3496.0,-0.00010567274979944585,0.0031854910233910516
3.4234596712269063,-0.9955103765019155,9.035415255799837,1.0,2.821769230769231,3497.0,-0.00010567274979988994,0.0031854910233910516
3.423353998477107,-0.9955245228891761,9.03860074682323,1.0,2.821615384615385,3498.0,-0.00010567274979944585,0.003185491023392828
3.423248325727307,-0.9955386692764369,9.04178623784662,1.0,2.8214615384615387,3499.0,-0.00010567274979988994,0.0031854910233910516
3.4231426529775075,-0.9955528156636975,9.044971728870012,1.0,2.8213076923076925,3500.0,-0.00010567274979944585,0.0031854910233910516
3.4230369802277076,-0.9955669620509582,9.048157219893405,1.0,2.8211538461538463,3501.0,-0.00010567274979988994,0.003185491023392828
3.422931307477908,-0.9955811084382188,9.051342710916796,1.0,2.821,3502.0,-0.00010567274979944585,0.0031854910233910516
3.422848802845827,-0.9955826042270799,9.05196294781764,1.0,2.820923076923077,3503.0,-8.250463208137049e-05,0.000620236900845228
3.4227662982137455,-0.995584100015941,9.052583184718484,1.0,2.820846153846154,3504.0,-8.250463208137049e-05,0.0006202369008434516
3.422683793581664,-0.995585595804802,9.05320342161933,1.0,2.8207692307692307,3505.0,-8.250463208137049e-05,0.000620236900845228
3.4226012889495823,-0.9955870915936631,9.053823658520175,1.0,2.820692307692308,3506.0,-8.250463208181458e-05,0.000620236900845228
3.422518784317501,-0.9955885873825242,9.054443895421018,1.0,2.8206153846153845,3507.0,-8.250463208137049e-05,0.0006202369008434516
3.4224362796854195,-0.9955900831713853,9.055064132321863,1.0,2.8205384615384617,3508.0,-8.250463208137049e-05,0.000620236900845228
3.422353775053338,-0.9955915789602463,9.055684369222709,1.0,2.8204615384615384,3509.0,-8.250463208137049e-05,0.000620236900845228
3.422271270421257,-0.9955930747491074,9.056304606123554,1.0,2.8203846153846155,3510.0,-8.250463208137049e-05,0.000620236900845228
3.4221887657891754,-0.9955945705379685,9.056924843024397,1.0,2.820307692307692,3511.0,-8.250463208137049e-05,0.0006202369008434516
3.4221062611570936,-0.9955960663268296,9.057545079925243,1.0,2.8202307692307693,3512.0,-8.250463208181458e-05,0.000620236900845228
3.4220237565250122,-0.9955975621156906,9.058165316826088,1.0,2.820153846153846,3513.0,-8.250463208137049e-05,0.000620236900845228
3.421941251892931,-0.9955990579045517,9.058785553726931,1.0,2.820076923076923,3514.0,-8.250463208137049e-05,0.0006202369008434516
3.4218587472608495,-0.9956005536934128,9.059405790627777,1.0,2.82,3515.0,-8.250463208137049e-05,0.000620236900845228
3.421768096291574,-0.9956115202864456,9.062495854827011,1.0,2.819928571428571,3516.0,-9.065096927551863e-05,0.0030900641992346323
3.4216774453222984,-0.9956224868794784,9.065585919026246,1.0,2.819857142857143,3517.0,-9.065096927551863e-05,0.0030900641992346323
3.421586794353023,-0.9956334534725111,9.06867598322548,1.0,2.819785714285714,3518.0,-9.065096927551863e-05,0.0030900641992346323
3.4214961433837474,-0.9956444200655439,9.071766047424715,1.0,2.8197142857142854,3519.0,-9.065096927551863e-05,0.0030900641992346323
3.421405492414472,-0.9956553866585767,9.07485611162395,1.0,2.819642857142857,3520.0,-9.065096927551863e-05,0.0030900641992346323
3.4213148414451964,-0.9956663532516095,9.077946175823184,1.0,2.8195714285714284,3521.0,-9.065096927551863e-05,0.0030900641992346323
3.4212241904759213,-0.9956773198446423,9.081036240022417,1.0,2.8195,3522.0,-9.065096927507454e-05,0.003090064199232856
3.421133539506646,-0.9956882864376749,9.084126304221652,1.0,2.8194285714285714,3523.0,-9.065096927551863e-05,0.0030900641992346323
3.4210428885373703,-0.9956992530307077,9.087216368420886,1.0,2.8193571428571427,3524.0,-9.065096927551863e-05,0.0030900641992346323
3.4209522375680947,-0.9957102196237405,9.090306432620121,1.0,2.8192857142857144,3525.0,-9.065096927551863e-05,0.0030900641992346323
3.4208615865988192,-0.9957211862167733,9.093396496819356,1.0,2.8192142857142857,3526.0,-9.065096927551863e-05,0.0030900641992346323
3.4207709356295437,-0.995732152809806,9.09648656101859,1.0,2.819142857142857,3527.0,-9.065096927551863e-05,0.0030900641992346323
3.420680284660268,-0.9957431194028388,9.099576625217825,1.0,2.8190714285714287,3528.0,-9.065096927551863e-05,0.0030900641992346323
3.4205896336909927,-0.9957540859958716,9.10266668941706,1.0,2.819,3529.0,-9.065096927551863e-05,0.0030900641992346323
3.4204979728371607,-0.9957111138332758,9.10216425606761,1.0,2.818923076923077,3530.0,-9.1660853831943e-05,-0.0005024333494496602
3.420406311983329,-0.9956681416706801,9.101661822718162,1.0,2.818846153846154,3531.0,-9.1660853831943e-05,-0.0005024333494478839
3.420314651129497,-0.9956251695080844,9.101159389368712,1.0,2.818769230769231,3532.0,-9.1660853831943e-05,-0.0005024333494496602
3.4202229902756645,-0.9955821973454887,9.100656956019264,1.0,2.8186923076923076,3533.0,-9.166085383238709e-05,-0.0005024333494478839
3.4201313294218325,-0.995539225182893,9.100154522669815,1.0,2.8186153846153847,3534.0,-9.1660853831943e-05,-0.0005024333494496602
3.4200396685680006,-0.9954962530202972,9.099652089320367,1.0,2.8185384615384614,3535.0,-9.1660853831943e-05,-0.0005024333494478839
3.4199480077141686,-0.9954532808577016,9.099149655970917,1.0,2.8184615384615386,3536.0,-9.1660853831943e-05,-0.0005024333494496602
3.4198563468603367,-0.9954103086951058,9.09864722262147,1.0,2.8183846153846153,3537.0,-9.1660853831943e-05,-0.0005024333494478839
3.4197646860065047,-0.9953673365325101,9.09814478927202,1.0,2.8183076923076924,3538.0,-9.1660853831943e-05,-0.0005024333494496602
3.4196730251526724,-0.9953243643699143,9.097642355922572,1.0,2.818230769230769,3539.0,-9.166085383238709e-05,-0.0005024333494478839
3.4195813642988404,-0.9952813922073187,9.097139922573122,1.0,2.8181538461538462,3540.0,-9.1660853831943e-05,-0.0005024333494496602
3.4194897034450085,-0.995238420044723,9.096637489223674,1.0,2.818076923076923,3541.0,-9.1660853831943e-05,-0.0005024333494478839
3.4193980425911765,-0.9951954478821272,9.096135055874225,1.0,2.818,3542.0,-9.1660853831943e-05,-0.0005024333494496602
3.4193056764621903,-0.9951556658613823,9.090674896628872,1.0,2.817923076923077,3543.0,-9.236612898622099e-05,-0.0054601592453522585
3.4192133103332045,-0.9951158838406372,9.08521473738352,1.0,2.817846153846154,3544.0,-9.23661289857769e-05,-0.0054601592453522585
3.4191209442042183,-0.9950761018198923,9.079754578138168,1.0,2.817769230769231,3545.0,-9.236612898622099e-05,-0.0054601592453522585
3.4190285780752325,-0.9950363197991473,9.074294418892817,1.0,2.8176923076923077,3546.0,-9.23661289857769e-05,-0.005460159245350482
3.4189362119462463,-0.9949965377784022,9.068834259647465,1.0,2.817615384615385,3547.0,-9.236612898622099e-05,-0.0054601592453522585
3.4188438458172605,-0.9949567557576573,9.063374100402113,1.0,2.8175384615384615,3548.0,-9.23661289857769e-05,-0.0054601592453522585
3.4187514796882743,-0.9949169737369123,9.05791394115676,1.0,2.8174615384615387,3549.0,-9.236612898622099e-05,-0.0054601592453522585
3.4186591135592885,-0.9948771917161674,9.052453781911408,1.0,2.8173846153846154,3550.0,-9.23661289857769e-05,-0.0054601592453522585
3.4185667474303023,-0.9948374096954223,9.046993622666056,1.0,2.8173076923076925,3551.0,-9.236612898622099e-05,-0.0054601592453522585
3.4184743813013165,-0.9947976276746774,9.041533463420706,1.0,2.817230769230769,3552.0,-9.23661289857769e-05,-0.005460159245350482
3.4183820151723303,-0.9947578456539324,9.036073304175353,1.0,2.8171538461538463,3553.0,-9.236612898622099e-05,-0.0054601592453522585
3.4182896490433445,-0.9947180636331874,9.030613144930001,1.0,2.817076923076923,3554.0,-9.23661289857769e-05,-0.0054601592453522585
3.4181972829143583,-0.9946782816124424,9.025152985684649,1.0,2.817,3555.0,-9.236612898622099e-05,-0.0054601592453522585
3.4180919428168166,-0.9948788751157125,9.010001282637162,1.0,2.816857142857143,3556.0,-0.00010534009754170626,-0.015151703047486365
3.4179866027192753,-0.9950794686189824,8.994849579589674,1.0,2.8167142857142857,3557.0,-0.00010534009754126217,-0.015151703047488141
3.4178812626217336,-0.9952800621222525,8.979697876542188,1.0,2.8165714285714287,3558.0,-0.00010534009754170626,-0.015151703047486365
3.417775922524192,-0.9954806556255226,8.964546173494702,1.0,2.8164285714285717,3559.0,-0.00010534009754170626,-0.015151703047486365
3.4176705824266502,-0.9956812491287925,8.949394470447213,1.0,2.8162857142857143,3560.0,-0.00010534009754170626,-0.015151703047488141
3.417565242329109,-0.9958818426320626,8.934242767399727,1.0,2.8161428571428573,3561.0,-0.00010534009754126217,-0.015151703047486365
3.4174599022315673,-0.9960824361353325,8.919091064352239,1.0,2.8160000000000003,3562.0,-0.00010534009754170626,-0.015151703047488141
3.4173545621340256,-0.9962830296386026,8.903939361304753,1.0,2.815857142857143,3563.0,-0.00010534009754170626,-0.015151703047486365
3.4172492220364843,-0.9964836231418727,8.888787658257266,1.0,2.815714285714286,3564.0,-0.00010534009754126217,-0.015151703047486365
3.4171438819389426,-0.9966842166451426,8.873635955209778,1.0,2.8155714285714284,3565.0,-0.00010534009754170626,-0.015151703047488141
3.417038541841401,-0.9968848101484127,8.858484252162292,1.0,2.8154285714285714,3566.0,-0.00010534009754170626,-0.015151703047486365
3.416933201743859,-0.9970854036516827,8.843332549114805,1.0,2.8152857142857144,3567.0,-0.00010534009754170626,-0.015151703047486365
3.416827861646318,-0.9972859971549527,8.828180846067317,1.0,2.815142857142857,3568.0,-0.00010534009754126217,-0.015151703047488141
3.416722521548776,-0.9974865906582228,8.81302914301983,1.0,2.815,3569.0,-0.00010534009754170626,-0.015151703047486365
3.4165717665931212,-0.9973071353780371,8.797227698679828,1.0,2.8148461538461538,3570.0,-0.00015075495565497476,-0.015801444340002746
3.4164210116374663,-0.9971276800978512,8.781426254339825,1.0,2.8146923076923076,3571.0,-0.00015075495565497476,-0.015801444340002746
3.4162702566818113,-0.9969482248176655,8.765624809999823,1.0,2.8145384615384614,3572.0,-0.00015075495565497476,-0.015801444340002746
3.4161195017261563,-0.9967687695374797,8.74982336565982,1.0,2.8143846153846153,3573.0,-0.00015075495565497476,-0.015801444340002746
3.4159687467705013,-0.996589314257294,8.734021921319817,1.0,2.814230769230769,3574.0,-0.00015075495565497476,-0.015801444340002746
3.4158179918148464,-0.9964098589771082,8.718220476979814,1.0,2.814076923076923,3575.0,-0.00015075495565497476,-0.015801444340002746
3.4156672368591914,-0.9962304036969225,8.702419032639812,1.0,2.813923076923077,3576.0,-0.00015075495565497476,-0.015801444340002746
3.4155164819035364,-0.9960509484167367,8.686617588299809,1.0,2.813769230769231,3577.0,-0.00015075495565497476,-0.015801444340002746
3.4153657269478814,-0.995871493136551,8.670816143959806,1.0,2.813615384615385,3578.0,-0.00015075495565497476,-0.015801444340002746
3.4152149719922265,-0.9956920378563652,8.655014699619803,1.0,2.8134615384615387,3579.0,-0.00015075495565497476,-0.015801444340002746
3.4150642170365715,-0.9955125825761795,8.6392132552798,1.0,2.8133076923076925,3580.0,-0.00015075495565497476,-0.015801444340002746
3.4149134620809165,-0.9953331272959937,8.623411810939798,1.0,2.8131538461538463,3581.0,-0.00015075495565497476,-0.015801444340002746
3.4147627071252615,-0.995153672015808,8.607610366599795,1.0,2.813,3582.0,-0.00015075495565497476,-0.015801444340002746
3.414611722623439,-0.9950421589806984,8.596066659705908,1.0,2.812846153846154,3583.0,-0.0001509845018223821,-0.011543706893887062
3.4144607381216168,-0.9949306459455889,8.58452295281202,1.0,2.812692307692308,3584.0,-0.0001509845018223821,-0.011543706893888839
3.414309753619794,-0.9948191329104793,8.572979245918132,1.0,2.8125384615384617,3585.0,-0.0001509845018228262,-0.011543706893887062
3.4141587691179716,-0.9947076198753698,8.561435539024245,1.0,2.8123846153846155,3586.0,-0.0001509845018223821,-0.011543706893887062
3.414007784616149,-0.9945961068402602,8.549891832130356,1.0,2.8122307692307693,3587.0,-0.0001509845018223821,-0.011543706893888839
3.413856800114327,-0.9944845938051508,8.53834812523647,1.0,2.812076923076923,3588.0,-0.0001509845018223821,-0.011543706893887062
3.413705815612504,-0.9943730807700412,8.526804418342582,1.0,2.811923076923077,3589.0,-0.0001509845018228262,-0.011543706893887062
3.4135548311106816,-0.9942615677349317,8.515260711448695,1.0,2.811769230769231,3590.0,-0.0001509845018223821,-0.011543706893887062
3.413403846608859,-0.9941500546998221,8.503717004554806,1.0,2.8116153846153846,3591.0,-0.0001509845018223821,-0.011543706893888839
3.413252862107037,-0.9940385416647126,8.49217329766092,1.0,2.8114615384615385,3592.0,-0.0001509845018223821,-0.011543706893887062
3.413101877605214,-0.993927028629603,8.480629590767032,1.0,2.8113076923076923,3593.0,-0.0001509845018228262,-0.011543706893887062
3.4129508931033916,-0.9938155155944935,8.469085883873143,1.0,2.811153846153846,3594.0,-0.0001509845018223821,-0.011543706893888839
3.4127999086015692,-0.993704002559384,8.457542176979256,1.0,2.811,3595.0,-0.0001509845018223821,-0.011543706893887062
3.4126495787281854,-0.9939108326490187,8.446415700172057,1.0,2.810857142857143,3596.0,-0.00015032987338381432,-0.011126476807199026
3.4124992488548016,-0.9941176627386533,8.435289223364858,1.0,2.8107142857142855,3597.0,-0.00015032987338381432,-0.011126476807199026
3.4123489189814173,-0.994324492828288,8.42416274655766,1.0,2.8105714285714285,3598.0,-0.0001503298733842584,-0.011126476807199026
3.4121985891080335,-0.9945313229179227,8.41303626975046,1.0,2.8104285714285715,3599.0,-0.00015032987338381432,-0.011126476807199026
3.4120482592346497,-0.9947381530075574,8.401909792943261,1.0,2.8102857142857145,3600.0,-0.00015032987338381432,-0.011126476807199026
3.411897929361266,-0.994944983097192,8.390783316136062,1.0,2.810142857142857,3601.0,-0.00015032987338381432,-0.011126476807199026
3.4117475994878816,-0.9951518131868268,8.379656839328863,1.0,2.81,3602.0,-0.0001503298733842584,-0.011126476807199026
3.411597269614498,-0.9953586432764615,8.368530362521662,1.0,2.809857142857143,3603.0,-0.00015032987338381432,-0.011126476807200802
3.411446939741114,-0.9955654733660961,8.357403885714463,1.0,2.8097142857142856,3604.0,-0.00015032987338381432,-0.011126476807199026
3.41129660986773,-0.9957723034557309,8.346277408907264,1.0,2.8095714285714286,3605.0,-0.00015032987338381432,-0.011126476807199026
3.4111462799943464,-0.9959791335453655,8.335150932100065,1.0,2.8094285714285716,3606.0,-0.00015032987338381432,-0.011126476807199026
3.410995950120962,-0.9961859636350002,8.324024455292866,1.0,2.8092857142857146,3607.0,-0.0001503298733842584,-0.011126476807199026
3.4108456202475783,-0.9963927937246349,8.312897978485667,1.0,2.809142857142857,3608.0,-0.00015032987338381432,-0.011126476807199026
3.4106952903741945,-0.9965996238142696,8.301771501678468,1.0,2.809,3609.0,-0.00015032987338381432,-0.011126476807199026
3.4105106669639174,-0.9965292644021059,8.28614554380367,1.0,2.808846153846154,3610.0,-0.00018462341027714047,-0.015625957874798146
3.41032604355364,-0.9964589049899422,8.27051958592887,1.0,2.808692307692308,3611.0,-0.00018462341027714047,-0.015625957874799923
3.410141420143363,-0.9963885455777785,8.254893628054072,1.0,2.8085384615384617,3612.0,-0.00018462341027714047,-0.015625957874798146
3.409956796733086,-0.9963181861656148,8.239267670179272,1.0,2.8083846153846155,3613.0,-0.00018462341027714047,-0.015625957874799923
3.409772173322809,-0.9962478267534511,8.223641712304474,1.0,2.8082307692307693,3614.0,-0.00018462341027714047,-0.015625957874798146
3.4095875499125317,-0.9961774673412874,8.208015754429674,1.0,2.808076923076923,3615.0,-0.00018462341027714047,-0.015625957874799923
3.409402926502254,-0.9961071079291237,8.192389796554876,1.0,2.807923076923077,3616.0,-0.00018462341027758455,-0.015625957874798146
3.409218303091977,-0.99603674851696,8.176763838680076,1.0,2.807769230769231,3617.0,-0.00018462341027714047,-0.015625957874799923
3.4090336796817,-0.9959663891047963,8.161137880805278,1.0,2.8076153846153846,3618.0,-0.00018462341027714047,-0.015625957874798146
3.4088490562714227,-0.9958960296926327,8.145511922930478,1.0,2.8074615384615385,3619.0,-0.00018462341027714047,-0.015625957874799923
3.4086644328611455,-0.995825670280469,8.12988596505568,1.0,2.8073076923076923,3620.0,-0.00018462341027714047,-0.015625957874798146
3.4084798094508684,-0.9957553108683053,8.11426000718088,1.0,2.807153846153846,3621.0,-0.00018462341027714047,-0.015625957874799923
3.4082951860405912,-0.9956849514561416,8.098634049306082,1.0,2.807,3622.0,-0.00018462341027714047,-0.015625957874798146
3.4081067728192758,-0.995824008127685,8.090301970508943,1.0,2.806785714285714,3623.0,-0.00018841322131546434,-0.00833207879713882
3.4079183595979607,-0.9959630647992284,8.081969891711804,1.0,2.8065714285714285,3624.0,-0.00018841322131502025,-0.00833207879713882
3.4077299463766453,-0.9961021214707718,8.073637812914665,1.0,2.8063571428571428,3625.0,-0.00018841322131546434,-0.00833207879713882
3.40754153315533,-0.9962411781423153,8.065305734117524,1.0,2.806142857142857,3626.0,-0.00018841322131546434,-0.008332078797140596
3.4073531199340144,-0.9963802348138586,8.056973655320386,1.0,2.8059285714285713,3627.0,-0.00018841322131546434,-0.00833207879713882
3.4071647067126993,-0.9965192914854021,8.048641576523247,1.0,2.8057142857142856,3628.0,-0.00018841322131502025,-0.00833207879713882
3.406976293491384,-0.9966583481569454,8.040309497726108,1.0,2.8055,3629.0,-0.00018841322131546434,-0.00833207879713882
3.4067878802700684,-0.9967974048284889,8.03197741892897,1.0,2.805285714285714,3630.0,-0.00018841322131546434,-0.00833207879713882
3.4065994670487534,-0.9969364615000323,8.02364534013183,1.0,2.8050714285714284,3631.0,-0.00018841322131502025,-0.00833207879713882
3.406411053827438,-0.9970755181715757,8.015313261334692,1.0,2.8048571428571427,3632.0,-0.00018841322131546434,-0.00833207879713882
3.4062226406061225,-0.9972145748431192,8.006981182537551,1.0,2.804642857142857,3633.0,-0.00018841322131546434,-0.008332078797140596
3.406034227384807,-0.9973536315146626,7.998649103740413,1.0,2.8044285714285713,3634.0,-0.00018841322131546434,-0.008332078797137932
3.405845814163492,-0.997492688186206,7.990317024943273,1.0,2.8042142857142855,3635.0,-0.00018841322131502025,-0.008332078797139708
3.4056574009421765,-0.9976317448577494,7.9819849461461345,1.0,2.804,3636.0,-0.00018841322131546434,-0.00833207879713882
3.405434495484986,-0.9975756134100724,7.970627802840913,1.0,2.803769230769231,3637.0,-0.00022290545719050314,-0.011357143305221307
3.405211590027795,-0.9975194819623954,7.959270659535693,1.0,2.8035384615384613,3638.0,-0.00022290545719094723,-0.011357143305220418
3.4049886845706046,-0.9974633505147183,7.9479135162304715,1.0,2.8033076923076923,3639.0,-0.00022290545719050314,-0.011357143305221307
3.4047657791134136,-0.9974072190670414,7.936556372925251,1.0,2.803076923076923,3640.0,-0.00022290545719094723,-0.011357143305220418
3.404542873656223,-0.9973510876193644,7.92519922962003,1.0,2.8028461538461538,3641.0,-0.00022290545719050314,-0.011357143305221307
3.404319968199032,-0.9972949561716874,7.913842086314809,1.0,2.8026153846153847,3642.0,-0.00022290545719094723,-0.011357143305220418
3.4040970627418417,-0.9972388247240104,7.902484943009588,1.0,2.8023846153846153,3643.0,-0.00022290545719050314,-0.011357143305221307
3.4038741572846507,-0.9971826932763334,7.891127799704368,1.0,2.802153846153846,3644.0,-0.00022290545719094723,-0.011357143305220418
3.40365125182746,-0.9971265618286563,7.879770656399146,1.0,2.801923076923077,3645.0,-0.00022290545719050314,-0.011357143305221307
3.4034283463702693,-0.9970704303809794,7.868413513093926,1.0,2.8016923076923077,3646.0,-0.00022290545719094723,-0.011357143305220418
3.4032054409130787,-0.9970142989333024,7.857056369788705,1.0,2.8014615384615387,3647.0,-0.00022290545719050314,-0.011357143305221307
3.402982535455888,-0.9969581674856254,7.845699226483484,1.0,2.801230769230769,3648.0,-0.00022290545719094723,-0.011357143305220418
3.4027596299986973,-0.9969020360379484,7.834342083178263,1.0,2.801,3649.0,-0.00022290545719050314,-0.011357143305221307
3.4025746636884517,-0.9969340889445087,7.829868286421329,1.0,2.800846153846154,3650.0,-0.0001849663102455601,-0.004473796756934156
3.402389697378206,-0.9969661418510691,7.8253944896643945,1.0,2.800692307692308,3651.0,-0.0001849663102455601,-0.004473796756934156
3.402204731067961,-0.9969981947576295,7.82092069290746,1.0,2.8005384615384616,3652.0,-0.000184966310245116,-0.004473796756934156
3.4020197647577155,-0.9970302476641899,7.816446896150526,1.0,2.8003846153846155,3653.0,-0.0001849663102455601,-0.004473796756934156
3.40183479844747,-0.9970623005707503,7.811973099393592,1.0,2.8002307692307693,3654.0,-0.0001849663102455601,-0.004473796756934156
3.4016498321372244,-0.9970943534773107,7.807499302636658,1.0,2.800076923076923,3655.0,-0.0001849663102455601,-0.004473796756934156
3.4014648658269793,-0.9971264063838711,7.803025505879724,1.0,2.799923076923077,3656.0,-0.000184966310245116,-0.004473796756934156
3.4012798995167337,-0.9971584592904315,7.79855170912279,1.0,2.799769230769231,3657.0,-0.0001849663102455601,-0.004473796756934156
3.401094933206488,-0.9971905121969918,7.7940779123658555,1.0,2.7996153846153846,3658.0,-0.0001849663102455601,-0.004473796756934156
3.4009099668962426,-0.9972225651035522,7.789604115608921,1.0,2.7994615384615384,3659.0,-0.0001849663102455601,-0.004473796756934156
3.4007250005859975,-0.9972546180101126,7.785130318851987,1.0,2.7993076923076923,3660.0,-0.000184966310245116,-0.004473796756934156
3.400540034275752,-0.997286670916673,7.780656522095053,1.0,2.799153846153846,3661.0,-0.0001849663102455601,-0.004473796756934156
3.4003550679655064,-0.9973187238232334,7.776182725338119,1.0,2.799,3662.0,-0.0001849663102455601,-0.004473796756934156
3.400146470655777,-0.9972175427800571,7.762825020627073,1.0,2.7987142857142855,3663.0,-0.00020859730972944135,-0.013357704711046026
3.399937873346047,-0.9971163617368808,7.749467315916027,1.0,2.7984285714285715,3664.0,-0.00020859730972988544,-0.013357704711046026
3.3997292760363176,-0.9970151806937044,7.736109611204981,1.0,2.798142857142857,3665.0,-0.00020859730972944135,-0.013357704711046026
3.399520678726588,-0.9969139996505282,7.722751906493935,1.0,2.7978571428571426,3666.0,-0.00020859730972944135,-0.013357704711046026
3.3993120814168587,-0.9968128186073519,7.709394201782889,1.0,2.7975714285714286,3667.0,-0.00020859730972944135,-0.013357704711046026
3.399103484107129,-0.9967116375641756,7.696036497071843,1.0,2.797285714285714,3668.0,-0.00020859730972988544,-0.013357704711046026
3.3988948867973994,-0.9966104565209992,7.682678792360796,1.0,2.797,3669.0,-0.00020859730972944135,-0.013357704711046914
3.39868628948767,-0.996509275477823,7.66932108764975,1.0,2.7967142857142857,3670.0,-0.00020859730972944135,-0.013357704711046026
3.39847769217794,-0.9964080944346467,7.655963382938704,1.0,2.7964285714285713,3671.0,-0.00020859730972988544,-0.013357704711046026
3.3982690948682106,-0.9963069133914704,7.642605678227658,1.0,2.7961428571428573,3672.0,-0.00020859730972944135,-0.013357704711046026
3.398060497558481,-0.996205732348294,7.629247973516612,1.0,2.795857142857143,3673.0,-0.00020859730972944135,-0.013357704711046026
3.3978519002487517,-0.9961045513051178,7.615890268805566,1.0,2.7955714285714284,3674.0,-0.00020859730972944135,-0.013357704711046026
3.397643302939022,-0.9960033702619415,7.60253256409452,1.0,2.7952857142857144,3675.0,-0.00020859730972988544,-0.013357704711046026
3.3974347056292924,-0.9959021892187652,7.589174859383474,1.0,2.795,3676.0,-0.00020859730972944135,-0.013357704711046026
3.3971923285570362,-0.9959400957158474,7.58196939929228,1.0,2.794769230769231,3677.0,-0.00024237707225616134,-0.007205460091193494
3.3969499514847796,-0.9959780022129298,7.574763939201087,1.0,2.7945384615384614,3678.0,-0.00024237707225660543,-0.007205460091193494
3.3967075744125235,-0.996015908710012,7.567558479109893,1.0,2.7943076923076924,3679.0,-0.00024237707225616134,-0.007205460091193494
3.3964651973402673,-0.9960538152070944,7.560353019018699,1.0,2.794076923076923,3680.0,-0.00024237707225616134,-0.007205460091194382
3.3962228202680107,-0.9960917217041766,7.553147558927505,1.0,2.793846153846154,3681.0,-0.00024237707225660543,-0.007205460091193494
3.3959804431957545,-0.9961296282012588,7.545942098836312,1.0,2.7936153846153844,3682.0,-0.00024237707225616134,-0.007205460091193494
3.3957380661234984,-0.9961675346983412,7.538736638745118,1.0,2.7933846153846154,3683.0,-0.00024237707225616134,-0.007205460091193494
3.395495689051242,-0.9962054411954234,7.531531178653925,1.0,2.793153846153846,3684.0,-0.00024237707225616134,-0.007205460091193494
3.3952533119789856,-0.9962433476925057,7.524325718562731,1.0,2.792923076923077,3685.0,-0.00024237707225660543,-0.007205460091193494
3.3950109349067294,-0.996281254189588,7.517120258471537,1.0,2.7926923076923074,3686.0,-0.00024237707225616134,-0.007205460091194382
3.3947685578344733,-0.9963191606866703,7.509914798380343,1.0,2.7924615384615383,3687.0,-0.00024237707225616134,-0.007205460091193494
3.3945261807622167,-0.9963570671837526,7.50270933828915,1.0,2.792230769230769,3688.0,-0.00024237707225660543,-0.007205460091193494
3.3942838036899605,-0.9963949736808349,7.495503878197956,1.0,2.792,3689.0,-0.00024237707225616134,-0.007205460091193494
3.394044355989961,-0.9962252992120936,7.491655303043648,1.0,2.791769230769231,3690.0,-0.00023944769999939552,-0.0038485751543086977
3.3938049082899613,-0.9960556247433523,7.48780672788934,1.0,2.7915384615384613,3691.0,-0.00023944769999983961,-0.0038485751543078095
3.393565460589962,-0.995885950274611,7.483958152735031,1.0,2.7913076923076923,3692.0,-0.00023944769999939552,-0.0038485751543086977
3.393326012889962,-0.9957162758058696,7.4801095775807225,1.0,2.791076923076923,3693.0,-0.00023944769999983961,-0.0038485751543086977
3.3930865651899627,-0.9955466013371284,7.476261002426415,1.0,2.7908461538461538,3694.0,-0.00023944769999939552,-0.0038485751543078095
3.3928471174899633,-0.9953769268683871,7.472412427272106,1.0,2.7906153846153847,3695.0,-0.00023944769999939552,-0.0038485751543086977
3.3926076697899634,-0.9952072523996458,7.468563852117797,1.0,2.7903846153846152,3696.0,-0.00023944769999983961,-0.0038485751543086977
3.392368222089964,-0.9950375779309045,7.464715276963489,1.0,2.790153846153846,3697.0,-0.00023944769999939552,-0.0038485751543086977
3.3921287743899646,-0.9948679034621632,7.460866701809181,1.0,2.789923076923077,3698.0,-0.00023944769999939552,-0.0038485751543078095
3.391889326689965,-0.9946982289934219,7.457018126654872,1.0,2.7896923076923077,3699.0,-0.00023944769999983961,-0.0038485751543086977
3.3916498789899654,-0.9945285545246806,7.453169551500563,1.0,2.7894615384615387,3700.0,-0.00023944769999939552,-0.0038485751543086977
3.3914104312899656,-0.9943588800559393,7.449320976346256,1.0,2.789230769230769,3701.0,-0.00023944769999983961,-0.0038485751543078095
3.391170983589966,-0.994189205587198,7.445472401191947,1.0,2.789,3702.0,-0.00023944769999939552,-0.0038485751543086977
3.3909364611411714,-0.9943660983464296,7.436875073061698,1.0,2.7887857142857144,3703.0,-0.00023452244879473838,-0.00859732813024916
3.3907019386923767,-0.9945429911056612,7.428277744931449,1.0,2.7885714285714287,3704.0,-0.00023452244879473838,-0.008597328130248272
3.390467416243582,-0.9947198838648929,7.4196804168012,1.0,2.788357142857143,3705.0,-0.00023452244879473838,-0.00859732813024916
3.390232893794787,-0.9948967766241245,7.411083088670951,1.0,2.7881428571428573,3706.0,-0.00023452244879473838,-0.00859732813024916
3.3899983713459925,-0.9950736693833561,7.402485760540703,1.0,2.7879285714285715,3707.0,-0.00023452244879473838,-0.008597328130248272
3.3897638488971977,-0.9952505621425877,7.393888432410454,1.0,2.787714285714286,3708.0,-0.00023452244879473838,-0.00859732813024916
3.389529326448403,-0.9954274549018192,7.385291104280205,1.0,2.7875,3709.0,-0.00023452244879473838,-0.008597328130248272
3.3892948039996087,-0.9956043476610508,7.376693776149956,1.0,2.7872857142857144,3710.0,-0.0002345224487942943,-0.00859732813024916
3.389060281550814,-0.9957812404202824,7.368096448019707,1.0,2.7870714285714286,3711.0,-0.00023452244879473838,-0.00859732813024916
3.388825759102019,-0.995958133179514,7.359499119889459,1.0,2.786857142857143,3712.0,-0.00023452244879473838,-0.008597328130248272
3.3885912366532245,-0.9961350259387456,7.35090179175921,1.0,2.786642857142857,3713.0,-0.00023452244879473838,-0.00859732813024916
3.3883567142044297,-0.9963119186979772,7.3423044636289605,1.0,2.7864285714285715,3714.0,-0.00023452244879473838,-0.00859732813024916
3.388122191755635,-0.9964888114572088,7.333707135498712,1.0,2.7862142857142858,3715.0,-0.00023452244879473838,-0.008597328130248272
3.3878876693068403,-0.9966657042164404,7.325109807368463,1.0,2.786,3716.0,-0.00023452244879473838,-0.00859732813024916
3.3876276474013958,-0.9966220501628033,7.317786824474087,1.0,2.785769230769231,3717.0,-0.0002600219054444963,-0.00732298289437594
3.387367625495951,-0.9965783961091662,7.310463841579711,1.0,2.7855384615384615,3718.0,-0.0002600219054449404,-0.00732298289437594
3.3871076035905063,-0.996534742055529,7.303140858685335,1.0,2.7853076923076925,3719.0,-0.0002600219054444963,-0.00732298289437594
3.386847581685062,-0.996491088001892,7.295817875790958,1.0,2.785076923076923,3720.0,-0.0002600219054444963,-0.007322982894376828
3.386587559779617,-0.9964474339482549,7.2884948928965825,1.0,2.784846153846154,3721.0,-0.0002600219054449404,-0.00732298289437594
3.3863275378741724,-0.9964037798946177,7.2811719100022065,1.0,2.7846153846153845,3722.0,-0.0002600219054444963,-0.00732298289437594
3.386067515968728,-0.9963601258409807,7.273848927107831,1.0,2.7843846153846155,3723.0,-0.0002600219054444963,-0.00732298289437594
3.3858074940632834,-0.9963164717873435,7.266525944213455,1.0,2.784153846153846,3724.0,-0.0002600219054444963,-0.00732298289437594
3.3855474721578385,-0.9962728177337064,7.259202961319079,1.0,2.783923076923077,3725.0,-0.0002600219054449404,-0.00732298289437594
3.385287450252394,-0.9962291636800693,7.251879978424702,1.0,2.7836923076923075,3726.0,-0.0002600219054444963,-0.007322982894376828
3.3850274283469495,-0.9961855096264322,7.244556995530326,1.0,2.7834615384615384,3727.0,-0.0002600219054444963,-0.00732298289437594
3.3847674064415045,-0.9961418555727951,7.23723401263595,1.0,2.783230769230769,3728.0,-0.0002600219054449404,-0.00732298289437594
3.38450738453606,-0.996098201519158,7.229911029741574,1.0,2.783,3729.0,-0.0002600219054444963,-0.00732298289437594
3.3842592049219173,-0.9961019268694226,7.223081333791164,1.0,2.7826923076923076,3730.0,-0.0002481796141426962,-0.006829695950409942
3.3840110253077746,-0.9961056522196873,7.216251637840754,1.0,2.7823846153846152,3731.0,-0.0002481796141426962,-0.006829695950409942
3.383762845693632,-0.9961093775699519,7.209421941890345,1.0,2.782076923076923,3732.0,-0.0002481796141426962,-0.006829695950409054
3.3835146660794893,-0.9961131029202166,7.202592245939935,1.0,2.7817692307692305,3733.0,-0.0002481796141426962,-0.006829695950409942
3.3832664864653466,-0.9961168282704812,7.195762549989525,1.0,2.781461538461538,3734.0,-0.0002481796141426962,-0.006829695950409942
3.383018306851204,-0.9961205536207458,7.188932854039115,1.0,2.781153846153846,3735.0,-0.0002481796141426962,-0.006829695950409942
3.3827701272370616,-0.9961242789710105,7.182103158088706,1.0,2.780846153846154,3736.0,-0.0002481796141422521,-0.006829695950409054
3.382521947622919,-0.9961280043212751,7.175273462138296,1.0,2.7805384615384616,3737.0,-0.0002481796141426962,-0.006829695950409942
3.382273768008776,-0.9961317296715397,7.168443766187886,1.0,2.7802307692307693,3738.0,-0.0002481796141426962,-0.006829695950409942
3.3820255883946335,-0.9961354550218045,7.161614070237476,1.0,2.779923076923077,3739.0,-0.0002481796141426962,-0.006829695950409942
3.381777408780491,-0.996139180372069,7.154784374287067,1.0,2.7796153846153846,3740.0,-0.0002481796141426962,-0.006829695950409054
3.381529229166348,-0.9961429057223338,7.147954678336657,1.0,2.7793076923076923,3741.0,-0.0002481796141426962,-0.006829695950409942
3.3812810495522054,-0.9961466310725984,7.1411249823862475,1.0,2.779,3742.0,-0.0002481796141426962,-0.006829695950409942
3.381050556299995,-0.9960764466067873,7.135822988955835,1.0,2.7787142857142855,3743.0,-0.000230493252210362,-0.005301993430412821
3.380820063047785,-0.9960062621409763,7.130520995525421,1.0,2.7784285714285715,3744.0,-0.0002304932522099179,-0.0053019934304137095
3.380589569795575,-0.9959360776751652,7.125219002095008,1.0,2.778142857142857,3745.0,-0.000230493252210362,-0.005301993430412821
3.3803590765433644,-0.9958658932093541,7.119917008664595,1.0,2.7778571428571426,3746.0,-0.000230493252210362,-0.005301993430412821
3.380128583291154,-0.9957957087435431,7.1146150152341825,1.0,2.7775714285714286,3747.0,-0.000230493252210362,-0.005301993430412821
3.379898090038944,-0.9957255242777321,7.109313021803769,1.0,2.777285714285714,3748.0,-0.0002304932522099179,-0.0053019934304137095
3.379667596786734,-0.995655339811921,7.104011028373356,1.0,2.777,3749.0,-0.000230493252210362,-0.005301993430412821
3.3794371035345234,-0.9955851553461099,7.098709034942943,1.0,2.7767142857142857,3750.0,-0.000230493252210362,-0.005301993430412821
3.3792066102823135,-0.9955149708802989,7.093407041512529,1.0,2.7764285714285712,3751.0,-0.0002304932522099179,-0.0053019934304137095
3.378976117030103,-0.9954447864144879,7.088105048082117,1.0,2.7761428571428572,3752.0,-0.000230493252210362,-0.005301993430412821
3.378745623777893,-0.9953746019486768,7.082803054651704,1.0,2.775857142857143,3753.0,-0.000230493252210362,-0.005301993430412821
3.3785151305256824,-0.9953044174828657,7.077501061221291,1.0,2.7755714285714284,3754.0,-0.000230493252210362,-0.005301993430412821
3.3782846372734725,-0.9952342330170547,7.072199067790877,1.0,2.7752857142857144,3755.0,-0.0002304932522099179,-0.0053019934304137095
3.378054144021262,-0.9951640485512436,7.066897074360464,1.0,2.775,3756.0,-0.000230493252210362,-0.005301993430412821
3.377770822018397,-0.9951778583492674,7.0676841996948365,1.0,2.774769230769231,3757.0,-0.00028332200286529385,0.0007871253343720852
3.377487500015532,-0.9951916681472912,7.068471325029209,1.0,2.7745384615384614,3758.0,-0.00028332200286484976,0.0007871253343720852
3.3772041780126667,-0.995205477945315,7.069258450363581,1.0,2.7743076923076924,3759.0,-0.00028332200286529385,0.0007871253343720852
3.376920856009802,-0.9952192877433388,7.070045575697953,1.0,2.774076923076923,3760.0,-0.00028332200286484976,0.0007871253343720852
3.3766375340069366,-0.9952330975413626,7.070832701032325,1.0,2.773846153846154,3761.0,-0.00028332200286529385,0.0007871253343720852
3.3763542120040713,-0.9952469073393864,7.071619826366697,1.0,2.7736153846153844,3762.0,-0.00028332200286529385,0.0007871253343720852
3.3760708900012064,-0.99526071713741,7.07240695170107,1.0,2.7733846153846153,3763.0,-0.00028332200286484976,0.0007871253343729734
3.375787567998341,-0.9952745269354338,7.073194077035442,1.0,2.773153846153846,3764.0,-0.00028332200286529385,0.0007871253343720852
3.375504245995476,-0.9952883367334576,7.073981202369814,1.0,2.772923076923077,3765.0,-0.00028332200286529385,0.0007871253343720852
3.375220923992611,-0.9953021465314814,7.074768327704186,1.0,2.7726923076923073,3766.0,-0.00028332200286484976,0.0007871253343720852
3.3749376019897457,-0.9953159563295052,7.075555453038558,1.0,2.7724615384615383,3767.0,-0.00028332200286529385,0.0007871253343720852
3.374654279986881,-0.995329766127529,7.07634257837293,1.0,2.772230769230769,3768.0,-0.00028332200286484976,0.0007871253343720852
3.3743709579840155,-0.9953435759255528,7.077129703707302,1.0,2.772,3769.0,-0.00028332200286529385,0.0007871253343720852
3.3741350471892093,-0.9953418058241948,7.090990837538233,1.0,2.771785714285714,3770.0,-0.00023591079480622668,0.013861133830930683
3.3738991363944035,-0.9953400357228369,7.104851971369165,1.0,2.7715714285714284,3771.0,-0.0002359107948057826,0.013861133830931571
3.3736632255995973,-0.9953382656214789,7.118713105200095,1.0,2.7713571428571426,3772.0,-0.00023591079480622668,0.013861133830930683
3.373427314804791,-0.9953364955201209,7.132574239031027,1.0,2.771142857142857,3773.0,-0.00023591079480622668,0.013861133830931571
3.3731914040099853,-0.995334725418763,7.146435372861958,1.0,2.770928571428571,3774.0,-0.0002359107948057826,0.013861133830930683
3.372955493215179,-0.9953329553174051,7.160296506692889,1.0,2.7707142857142855,3775.0,-0.00023591079480622668,0.013861133830931571
3.372719582420373,-0.9953311852160471,7.17415764052382,1.0,2.7704999999999997,3776.0,-0.00023591079480622668,0.013861133830930683
3.372483671625567,-0.9953294151146891,7.188018774354751,1.0,2.7702857142857145,3777.0,-0.0002359107948057826,0.013861133830930683
3.372247760830761,-0.9953276450133312,7.201879908185682,1.0,2.7700714285714287,3778.0,-0.00023591079480622668,0.013861133830931571
3.372011850035955,-0.9953258749119732,7.215741042016613,1.0,2.769857142857143,3779.0,-0.0002359107948057826,0.013861133830930683
3.371775939241149,-0.9953241048106153,7.229602175847544,1.0,2.7696428571428573,3780.0,-0.00023591079480622668,0.013861133830931571
3.3715400284463426,-0.9953223347092572,7.243463309678475,1.0,2.7694285714285716,3781.0,-0.00023591079480622668,0.013861133830930683
3.371304117651537,-0.9953205646078993,7.257324443509407,1.0,2.769214285714286,3782.0,-0.0002359107948057826,0.013861133830931571
3.3710682068567306,-0.9953187945065414,7.271185577340337,1.0,2.769,3783.0,-0.00023591079480622668,0.013861133830930683
3.3708332522853497,-0.9952490517101714,7.279397567552279,1.0,2.768692307692308,3784.0,-0.00023495457138089648,0.008211990211941966
3.370598297713969,-0.9951793089138015,7.287609557764221,1.0,2.7683846153846154,3785.0,-0.00023495457138089648,0.008211990211941966
3.370363343142588,-0.9951095661174315,7.295821547976163,1.0,2.768076923076923,3786.0,-0.00023495457138089648,0.008211990211941966
3.370128388571207,-0.9950398233210616,7.304033538188106,1.0,2.7677692307692308,3787.0,-0.00023495457138089648,0.008211990211942855
3.369893433999826,-0.9949700805246916,7.312245528400048,1.0,2.7674615384615384,3788.0,-0.00023495457138089648,0.008211990211941966
3.369658479428445,-0.9949003377283216,7.32045751861199,1.0,2.767153846153846,3789.0,-0.00023495457138089648,0.008211990211941966
3.369423524857064,-0.9948305949319517,7.328669508823932,1.0,2.766846153846154,3790.0,-0.00023495457138134057,0.008211990211941966
3.369188570285683,-0.9947608521355817,7.336881499035874,1.0,2.766538461538462,3791.0,-0.00023495457138089648,0.008211990211941966
3.368953615714302,-0.9946911093392118,7.345093489247816,1.0,2.7662307692307695,3792.0,-0.00023495457138089648,0.008211990211941966
3.368718661142921,-0.9946213665428418,7.353305479459759,1.0,2.765923076923077,3793.0,-0.00023495457138089648,0.008211990211942855
3.3684837065715403,-0.9945516237464719,7.361517469671701,1.0,2.765615384615385,3794.0,-0.00023495457138089648,0.008211990211941966
3.3682487520001594,-0.9944818809501019,7.369729459883643,1.0,2.7653076923076925,3795.0,-0.00023495457138089648,0.008211990211941966
3.3680137974287785,-0.994412138153732,7.377941450095585,1.0,2.765,3796.0,-0.00023495457138089648,0.008211990211941966
3.367786100466893,-0.9945132215409079,7.386481904201768,1.0,2.764846153846154,3797.0,-0.0002276969618852931,0.008540454106183759
3.367558403505008,-0.9946143049280839,7.395022358307952,1.0,2.764692307692308,3798.0,-0.0002276969618852931,0.008540454106183759
3.3673307065431226,-0.99471538831526,7.403562812414137,1.0,2.7645384615384616,3799.0,-0.0002276969618852931,0.008540454106184647
3.3671030095812373,-0.9948164717024359,7.412103266520321,1.0,2.7643846153846154,3800.0,-0.0002276969618852931,0.008540454106183759
3.366875312619352,-0.9949175550896119,7.420643720626504,1.0,2.7642307692307693,3801.0,-0.0002276969618852931,0.008540454106183759
3.3666476156574667,-0.9950186384767878,7.429184174732688,1.0,2.764076923076923,3802.0,-0.0002276969618852931,0.008540454106183759
3.366419918695582,-0.9951197218639639,7.437724628838873,1.0,2.763923076923077,3803.0,-0.000227696961884849,0.008540454106184647
3.3661922217336966,-0.9952208052511399,7.4462650829450565,1.0,2.7637692307692308,3804.0,-0.0002276969618852931,0.008540454106183759
3.3659645247718113,-0.9953218886383158,7.45480553705124,1.0,2.7636153846153846,3805.0,-0.0002276969618852931,0.008540454106183759
3.365736827809926,-0.9954229720254918,7.463345991157424,1.0,2.7634615384615384,3806.0,-0.0002276969618852931,0.008540454106183759
3.3655091308480407,-0.9955240554126679,7.471886445263609,1.0,2.7633076923076922,3807.0,-0.0002276969618852931,0.008540454106184647
3.3652814338861554,-0.9956251387998438,7.480426899369792,1.0,2.763153846153846,3808.0,-0.0002276969618852931,0.008540454106183759
3.36505373692427,-0.9957262221870198,7.488967353475976,1.0,2.763,3809.0,-0.0002276969618852931,0.008540454106183759
3.3648684054003675,-0.995709037729182,7.495874714654246,1.0,2.7627142857142855,3810.0,-0.00018533152390265428,0.006907361178269511
3.364683073876465,-0.9956918532713441,7.502782075832515,1.0,2.7624285714285715,3811.0,-0.00018533152390265428,0.006907361178269511
3.3644977423525626,-0.9956746688135063,7.509689437010785,1.0,2.762142857142857,3812.0,-0.0001853315239022102,0.006907361178269511
3.36431241082866,-0.9956574843556684,7.516596798189053,1.0,2.7618571428571426,3813.0,-0.00018533152390265428,0.006907361178268623
3.3641270793047573,-0.9956402998978305,7.523504159367323,1.0,2.7615714285714286,3814.0,-0.00018533152390265428,0.006907361178269511
3.3639417477808546,-0.9956231154399927,7.530411520545592,1.0,2.761285714285714,3815.0,-0.00018533152390265428,0.006907361178269511
3.3637564162569524,-0.9956059309821549,7.537318881723862,1.0,2.761,3816.0,-0.0001853315239022102,0.006907361178269511
3.3635710847330498,-0.9955887465243171,7.544226242902131,1.0,2.7607142857142857,3817.0,-0.00018533152390265428,0.006907361178269511
3.363385753209147,-0.9955715620664792,7.551133604080401,1.0,2.7604285714285712,3818.0,-0.00018533152390265428,0.006907361178269511
3.3632004216852445,-0.9955543776086414,7.55804096525867,1.0,2.7601428571428572,3819.0,-0.00018533152390265428,0.006907361178269511
3.363015090161342,-0.9955371931508035,7.564948326436939,1.0,2.759857142857143,3820.0,-0.00018533152390265428,0.006907361178268623
3.3628297586374396,-0.9955200086929656,7.5718556876152086,1.0,2.7595714285714283,3821.0,-0.0001853315239022102,0.006907361178269511
3.362644427113537,-0.9955028242351278,7.578763048793478,1.0,2.7592857142857143,3822.0,-0.00018533152390265428,0.006907361178269511
3.3624590955896343,-0.99548563977729,7.585670409971748,1.0,2.759,3823.0,-0.00018533152390265428,0.006907361178269511
3.3622434551999167,-0.9954926618012085,7.586382218253251,1.0,2.7588461538461537,3824.0,-0.00021564038971755295,0.0007118082815038562
3.362027814810199,-0.9954996838251271,7.587094026534755,1.0,2.7586923076923076,3825.0,-0.00021564038971755295,0.0007118082815038562
3.3618121744204816,-0.9955067058490457,7.587805834816258,1.0,2.7585384615384614,3826.0,-0.00021564038971755295,0.000711808281502968
3.361596534030764,-0.9955137278729642,7.588517643097762,1.0,2.758384615384615,3827.0,-0.00021564038971755295,0.0007118082815038562
3.3613808936410465,-0.9955207498968828,7.589229451379266,1.0,2.758230769230769,3828.0,-0.00021564038971755295,0.0007118082815038562
3.361165253251329,-0.9955277719208013,7.58994125966077,1.0,2.758076923076923,3829.0,-0.00021564038971755295,0.0007118082815038562
3.360949612861611,-0.9955347939447199,7.590653067942273,1.0,2.757923076923077,3830.0,-0.00021564038971799704,0.000711808281502968
3.3607339724718934,-0.9955418159686384,7.591364876223777,1.0,2.757769230769231,3831.0,-0.00021564038971755295,0.0007118082815038562
3.360518332082176,-0.995548837992557,7.5920766845052805,1.0,2.757615384615385,3832.0,-0.00021564038971755295,0.0007118082815038562
3.3603026916924583,-0.9955558600164756,7.592788492786784,1.0,2.7574615384615386,3833.0,-0.00021564038971755295,0.0007118082815038562
3.3600870513027408,-0.9955628820403941,7.593500301068287,1.0,2.7573076923076925,3834.0,-0.00021564038971755295,0.000711808281502968
3.359871410913023,-0.9955699040643127,7.594212109349791,1.0,2.7571538461538463,3835.0,-0.00021564038971755295,0.0007118082815038562
3.3596557705233057,-0.9955769260882312,7.594923917631295,1.0,2.757,3836.0,-0.00021564038971755295,0.0007118082815038562
3.359472954543387,-0.9952945719869587,7.599413843970704,1.0,2.756769230769231,3837.0,-0.0001828159799188711,0.004489926339409145
3.3592901385634684,-0.9950122178856862,7.603903770310113,1.0,2.7565384615384616,3838.0,-0.00018281597991842702,0.004489926339409145
3.3591073225835495,-0.9947298637844136,7.6083936966495225,1.0,2.7563076923076926,3839.0,-0.0001828159799188711,0.004489926339409145
3.358924506603631,-0.9944475096831411,7.612883622988931,1.0,2.756076923076923,3840.0,-0.00018281597991842702,0.004489926339408257
3.358741690623712,-0.9941651555818686,7.61737354932834,1.0,2.755846153846154,3841.0,-0.0001828159799188711,0.004489926339409145
3.3585588746437938,-0.993882801480596,7.621863475667749,1.0,2.7556153846153846,3842.0,-0.00018281597991842702,0.004489926339409145
3.358376058663875,-0.9936004473793236,7.626353402007158,1.0,2.7553846153846155,3843.0,-0.0001828159799188711,0.004489926339409145
3.3581932426839565,-0.9933180932780511,7.630843328346567,1.0,2.755153846153846,3844.0,-0.00018281597991842702,0.004489926339409145
3.3580104267040376,-0.9930357391767786,7.6353332546859765,1.0,2.754923076923077,3845.0,-0.0001828159799188711,0.004489926339409145
3.357827610724119,-0.992753385075506,7.639823181025385,1.0,2.7546923076923076,3846.0,-0.00018281597991842702,0.004489926339408257
3.3576447947442003,-0.9924710309742335,7.644313107364794,1.0,2.7544615384615385,3847.0,-0.0001828159799188711,0.004489926339409145
3.357461978764282,-0.992188676872961,7.648803033704203,1.0,2.754230769230769,3848.0,-0.00018281597991842702,0.004489926339409145
3.357279162784363,-0.9919063227716884,7.653292960043612,1.0,2.754,3849.0,-0.0001828159799188711,0.004489926339409145
3.3570921317675784,-0.992250427768317,7.656843642601579,1.0,2.7537857142857143,3850.0,-0.0001870310167846334,0.0035506825579671997
3.356905100750794,-0.9925945327649455,7.660394325159547,1.0,2.7535714285714286,3851.0,-0.00018703101678418932,0.003550682557968088
3.3567180697340095,-0.9929386377615741,7.663945007717515,1.0,2.753357142857143,3852.0,-0.0001870310167846334,0.0035506825579671997
3.3565310387172254,-0.9932827427582026,7.667495690275482,1.0,2.753142857142857,3853.0,-0.00018703101678418932,0.0035506825579671997
3.3563440077004407,-0.9936268477548311,7.671046372833449,1.0,2.7529285714285714,3854.0,-0.0001870310167846334,0.0035506825579671997
3.3561569766836565,-0.9939709527514596,7.674597055391417,1.0,2.7527142857142857,3855.0,-0.00018703101678418932,0.003550682557968088
3.355969945666872,-0.9943150577480883,7.678147737949384,1.0,2.7525,3856.0,-0.0001870310167846334,0.0035506825579671997
3.3557829146500873,-0.9946591627447168,7.6816984205073515,1.0,2.7522857142857142,3857.0,-0.0001870310167846334,0.0035506825579671997
3.355595883633303,-0.9950032677413453,7.68524910306532,1.0,2.7520714285714285,3858.0,-0.00018703101678418932,0.003550682557968088
3.3554088526165184,-0.9953473727379738,7.688799785623287,1.0,2.751857142857143,3859.0,-0.0001870310167846334,0.0035506825579671997
3.3552218215997343,-0.9956914777346023,7.692350468181254,1.0,2.751642857142857,3860.0,-0.00018703101678418932,0.0035506825579671997
3.3550347905829496,-0.9960355827312309,7.695901150739221,1.0,2.7514285714285713,3861.0,-0.0001870310167846334,0.0035506825579671997
3.3548477595661654,-0.9963796877278595,7.699451833297189,1.0,2.7512142857142856,3862.0,-0.00018703101678418932,0.003550682557968088
3.354660728549381,-0.996723792724488,7.7030025158551565,1.0,2.751,3863.0,-0.0001870310167846334,0.0035506825579671997
3.354489970538028,-0.9966517216697636,7.706773518337187,1.0,2.7508461538461537,3864.0,-0.00017075801135257862,0.003771002482030106
3.3543192125266756,-0.9965796506150391,7.710544520819218,1.0,2.7506923076923075,3865.0,-0.00017075801135257862,0.003771002482030994
3.354148454515323,-0.9965075795603147,7.714315523301248,1.0,2.7505384615384614,3866.0,-0.00017075801135257862,0.003771002482030106
3.3539776965039705,-0.9964355085055902,7.718086525783279,1.0,2.750384615384615,3867.0,-0.00017075801135257862,0.003771002482030994
3.353806938492618,-0.9963634374508658,7.721857528265309,1.0,2.750230769230769,3868.0,-0.00017075801135257862,0.003771002482030106
3.3536361804812653,-0.9962913663961414,7.72562853074734,1.0,2.750076923076923,3869.0,-0.00017075801135257862,0.003771002482030994
3.3534654224699123,-0.9962192953414168,7.72939953322937,1.0,2.749923076923077,3870.0,-0.0001707580113530227,0.003771002482030106
3.3532946644585597,-0.9961472242866924,7.733170535711401,1.0,2.749769230769231,3871.0,-0.00017075801135257862,0.003771002482030994
3.353123906447207,-0.996075153231968,7.736941538193431,1.0,2.749615384615385,3872.0,-0.00017075801135257862,0.003771002482030106
3.3529531484358546,-0.9960030821772435,7.740712540675462,1.0,2.7494615384615386,3873.0,-0.00017075801135257862,0.003771002482030994
3.352782390424502,-0.9959310111225191,7.744483543157492,1.0,2.7493076923076925,3874.0,-0.00017075801135257862,0.003771002482030106
3.3526116324131494,-0.9958589400677946,7.748254545639523,1.0,2.7491538461538463,3875.0,-0.00017075801135257862,0.003771002482030994
3.352440874401797,-0.9957868690130702,7.752025548121553,1.0,2.749,3876.0,-0.00017075801135257862,0.003771002482030106
3.3522650729487986,-0.9959557694767465,7.755752253865698,1.0,2.748846153846154,3877.0,-0.00017580145299822547,0.0037267057441452422
3.3520892714958004,-0.9961246699404226,7.759478959609845,1.0,2.7486923076923078,3878.0,-0.00017580145299822547,0.0037267057441461304
3.351913470042802,-0.9962935704040988,7.76320566535399,1.0,2.7485384615384616,3879.0,-0.00017580145299822547,0.0037267057441452422
3.351737668589804,-0.9964624708677751,7.766932371098135,1.0,2.7483846153846154,3880.0,-0.00017580145299822547,0.0037267057441452422
3.3515618671368057,-0.9966313713314512,7.770659076842281,1.0,2.7482307692307693,3881.0,-0.00017580145299822547,0.0037267057441461304
3.3513860656838075,-0.9968002717951274,7.774385782586426,1.0,2.748076923076923,3882.0,-0.00017580145299822547,0.0037267057441452422
3.3512102642308097,-0.9969691722588037,7.778112488330572,1.0,2.747923076923077,3883.0,-0.00017580145299778138,0.0037267057441452422
3.3510344627778115,-0.9971380727224799,7.781839194074717,1.0,2.7477692307692307,3884.0,-0.00017580145299822547,0.0037267057441452422
3.3508586613248132,-0.997306973186156,7.785565899818863,1.0,2.7476153846153846,3885.0,-0.00017580145299822547,0.0037267057441461304
3.350682859871815,-0.9974758736498323,7.789292605563008,1.0,2.7474615384615384,3886.0,-0.00017580145299822547,0.0037267057441452422
3.350507058418817,-0.9976447741135085,7.7930193113071535,1.0,2.7473076923076922,3887.0,-0.00017580145299822547,0.0037267057441452422
3.3503312569658186,-0.9978136745771846,7.7967460170513,1.0,2.747153846153846,3888.0,-0.00017580145299822547,0.0037267057441461304
3.3501554555128203,-0.9979825750408609,7.800472722795445,1.0,2.747,3889.0,-0.00017580145299822547,0.0037267057441452422
3.349999805544764,-0.9978360108918071,7.802948516026789,1.0,2.746857142857143,3890.0,-0.0001556499680561707,0.00247579323134417
3.349844155576708,-0.9976894467427534,7.805424309258133,1.0,2.7467142857142854,3891.0,-0.0001556499680561707,0.00247579323134417
3.349688505608652,-0.9975428825936996,7.807900102489477,1.0,2.7465714285714284,3892.0,-0.0001556499680561707,0.00247579323134417
3.3495328556405957,-0.9973963184446458,7.8103758957208225,1.0,2.7464285714285714,3893.0,-0.0001556499680561707,0.002475793231345058
3.3493772056725395,-0.9972497542955922,7.812851688952167,1.0,2.7462857142857144,3894.0,-0.0001556499680561707,0.00247579323134417
3.3492215557044833,-0.9971031901465384,7.815327482183511,1.0,2.746142857142857,3895.0,-0.0001556499680561707,0.00247579323134417
3.349065905736427,-0.9969566259974847,7.817803275414855,1.0,2.746,3896.0,-0.0001556499680561707,0.00247579323134417
3.348910255768371,-0.9968100618484309,7.820279068646199,1.0,2.745857142857143,3897.0,-0.0001556499680561707,0.00247579323134417
3.348754605800315,-0.9966634976993771,7.822754861877543,1.0,2.7457142857142856,3898.0,-0.0001556499680561707,0.00247579323134417
3.3485989558322586,-0.9965169335503234,7.8252306551088875,1.0,2.7455714285714286,3899.0,-0.0001556499680561707,0.00247579323134417
3.3484433058642025,-0.9963703694012697,7.8277064483402325,1.0,2.7454285714285716,3900.0,-0.0001556499680561707,0.002475793231345058
3.3482876558961463,-0.9962238052522159,7.830182241571577,1.0,2.7452857142857146,3901.0,-0.0001556499680561707,0.00247579323134417
3.34813200592809,-0.9960772411031622,7.832658034802921,1.0,2.745142857142857,3902.0,-0.0001556499680561707,0.00247579323134417
3.347976355960034,-0.9959306769541084,7.835133828034265,1.0,2.745,3903.0,-0.0001556499680561707,0.00247579323134417
3.3477995775642393,-0.9959101514956129,7.8379002142588154,1.0,2.744846153846154,3904.0,-0.00017677839579466337,0.002766386224550388
3.3476227991684446,-0.9958896260371174,7.840666600483366,1.0,2.7446923076923078,3905.0,-0.00017677839579466337,0.002766386224550388
3.3474460207726504,-0.9958691005786218,7.843432986707916,1.0,2.7445384615384616,3906.0,-0.00017677839579421928,0.002766386224550388
3.3472692423768557,-0.9958485751201263,7.846199372932466,1.0,2.7443846153846154,3907.0,-0.00017677839579466337,0.0027663862245494997
3.347092463981061,-0.9958280496616307,7.848965759157016,1.0,2.7442307692307693,3908.0,-0.00017677839579466337,0.002766386224550388
3.3469156855852664,-0.9958075242031352,7.8517321453815665,1.0,2.744076923076923,3909.0,-0.00017677839579466337,0.002766386224550388
3.346738907189472,-0.9957869987446396,7.854498531606117,1.0,2.743923076923077,3910.0,-0.00017677839579421928,0.002766386224550388
3.3465621287936775,-0.9957664732861441,7.857264917830667,1.0,2.7437692307692307,3911.0,-0.00017677839579466337,0.002766386224550388
3.346385350397883,-0.9957459478276486,7.860031304055218,1.0,2.7436153846153846,3912.0,-0.00017677839579466337,0.002766386224550388
3.346208572002088,-0.9957254223691531,7.862797690279767,1.0,2.7434615384615384,3913.0,-0.00017677839579466337,0.0027663862245494997
3.346031793606294,-0.9957048969106574,7.8655640765043175,1.0,2.7433076923076922,3914.0,-0.00017677839579421928,0.002766386224550388
3.3458550152104993,-0.9956843714521619,7.868330462728868,1.0,2.743153846153846,3915.0,-0.00017677839579466337,0.002766386224550388
3.3456782368147047,-0.9956638459936664,7.871096848953418,1.0,2.743,3916.0,-0.00017677839579466337,0.002766386224550388
3.3455148975454696,-0.9957073900428745,7.87198220676135,1.0,2.742785714285714,3917.0,-0.00016333926923506326,0.0008853578079319746
3.3453515582762345,-0.9957509340920825,7.872867564569282,1.0,2.7425714285714284,3918.0,-0.00016333926923506326,0.0008853578079319746
3.3451882190069995,-0.9957944781412906,7.873752922377214,1.0,2.7423571428571427,3919.0,-0.00016333926923506326,0.0008853578079319746
3.3450248797377644,-0.9958380221904987,7.874638280185146,1.0,2.742142857142857,3920.0,-0.00016333926923506326,0.0008853578079319746
3.3448615404685293,-0.9958815662397067,7.875523637993078,1.0,2.7419285714285713,3921.0,-0.00016333926923506326,0.0008853578079319746
3.3446982011992943,-0.9959251102889147,7.87640899580101,1.0,2.7417142857142855,3922.0,-0.00016333926923506326,0.0008853578079319746
3.344534861930059,-0.9959686543381229,7.877294353608942,1.0,2.7415,3923.0,-0.00016333926923506326,0.0008853578079319746
3.344371522660824,-0.9960121983873309,7.878179711416875,1.0,2.7412857142857145,3924.0,-0.00016333926923506326,0.0008853578079328628
3.344208183391589,-0.9960557424365389,7.879065069224807,1.0,2.741071428571429,3925.0,-0.00016333926923506326,0.0008853578079319746
3.344044844122354,-0.996099286485747,7.879950427032739,1.0,2.740857142857143,3926.0,-0.00016333926923506326,0.0008853578079319746
3.343881504853119,-0.996142830534955,7.880835784840671,1.0,2.7406428571428574,3927.0,-0.00016333926923506326,0.0008853578079319746
3.343718165583884,-0.9961863745841631,7.881721142648603,1.0,2.7404285714285717,3928.0,-0.00016333926923506326,0.0008853578079319746
3.343554826314649,-0.9962299186333712,7.882606500456535,1.0,2.740214285714286,3929.0,-0.00016333926923506326,0.0008853578079319746
3.343391487045414,-0.9962734626825792,7.883491858264467,1.0,2.74,3930.0,-0.00016333926923506326,0.0008853578079319746
3.343245996838491,-0.9961878028571747,7.887604805591691,1.0,2.739846153846154,3931.0,-0.0001454902069228936,0.0041129473272238926
3.343100506631568,-0.9961021430317701,7.891717752918915,1.0,2.739692307692308,3932.0,-0.0001454902069228936,0.0041129473272238926
3.342955016424645,-0.9960164832063656,7.895830700246138,1.0,2.7395384615384617,3933.0,-0.0001454902069228936,0.004112947327223004
3.342809526217722,-0.995930823380961,7.8999436475733615,1.0,2.7393846153846155,3934.0,-0.0001454902069228936,0.0041129473272238926
3.3426640360107993,-0.9958451635555564,7.904056594900585,1.0,2.7392307692307694,3935.0,-0.0001454902069228936,0.0041129473272238926
3.3425185458038764,-0.9957595037301519,7.908169542227809,1.0,2.739076923076923,3936.0,-0.0001454902069228936,0.0041129473272238926
3.3423730555969535,-0.9956738439047473,7.912282489555032,1.0,2.738923076923077,3937.0,-0.0001454902069228936,0.004112947327223004
3.3422275653900306,-0.9955881840793428,7.916395436882256,1.0,2.738769230769231,3938.0,-0.0001454902069228936,0.0041129473272238926
3.3420820751831077,-0.9955025242539383,7.92050838420948,1.0,2.7386153846153847,3939.0,-0.0001454902069228936,0.0041129473272238926
3.341936584976185,-0.9954168644285336,7.924621331536704,1.0,2.7384615384615385,3940.0,-0.0001454902069228936,0.0041129473272238926
3.341791094769262,-0.9953312046031291,7.928734278863927,1.0,2.7383076923076923,3941.0,-0.0001454902069228936,0.004112947327223004
3.341645604562339,-0.9952455447777245,7.932847226191151,1.0,2.738153846153846,3942.0,-0.0001454902069228936,0.0041129473272238926
3.341500114355416,-0.99515988495232,7.936960173518375,1.0,2.738,3943.0,-0.0001454902069228936,0.0041129473272238926
3.3413257235309883,-0.995239425678796,7.939149493842844,1.0,2.737846153846154,3944.0,-0.00017439082442782805,0.0021893203244696124
3.341151332706561,-0.9953189664052721,7.941338814167314,1.0,2.7376923076923076,3945.0,-0.00017439082442738396,0.0021893203244696124
3.340976941882133,-0.995398507131748,7.943528134491784,1.0,2.7375384615384615,3946.0,-0.00017439082442782805,0.0021893203244696124
3.3408025510577057,-0.9954780478582241,7.945717454816253,1.0,2.7373846153846153,3947.0,-0.00017439082442738396,0.0021893203244696124
3.340628160233278,-0.9955575885847001,7.947906775140723,1.0,2.737230769230769,3948.0,-0.00017439082442782805,0.0021893203244696124
3.34045376940885,-0.9956371293111762,7.9500960954651925,1.0,2.737076923076923,3949.0,-0.00017439082442782805,0.0021893203244696124
3.3402793785844227,-0.9957166700376522,7.952285415789663,1.0,2.7369230769230772,3950.0,-0.00017439082442738396,0.0021893203244705006
3.340104987759995,-0.9957962107641283,7.954474736114133,1.0,2.736769230769231,3951.0,-0.00017439082442782805,0.0021893203244696124
3.339930596935567,-0.9958757514906043,7.956664056438602,1.0,2.736615384615385,3952.0,-0.00017439082442782805,0.0021893203244696124
3.3397562061111397,-0.9959552922170803,7.958853376763072,1.0,2.7364615384615387,3953.0,-0.00017439082442738396,0.0021893203244696124
3.339581815286712,-0.9960348329435563,7.961042697087541,1.0,2.7363076923076926,3954.0,-0.00017439082442782805,0.0021893203244696124
3.3394074244622844,-0.9961143736700324,7.963232017412011,1.0,2.7361538461538464,3955.0,-0.00017439082442738396,0.0021893203244696124
3.3392330336378566,-0.9961939143965084,7.965421337736481,1.0,2.736,3956.0,-0.00017439082442782805,0.0021893203244696124
3.3390886779769664,-0.9962214712255569,7.968367948472252,1.0,2.7359285714285715,3957.0,-0.00014435566089021634,0.0029466107357709603
3.338944322316076,-0.9962490280546056,7.9713145592080235,1.0,2.735857142857143,3958.0,-0.00014435566089021634,0.0029466107357718485
3.338799966655186,-0.9962765848836541,7.974261169943794,1.0,2.7357857142857145,3959.0,-0.00014435566089021634,0.0029466107357709603
3.3386556109942953,-0.9963041417127027,7.977207780679565,1.0,2.7357142857142858,3960.0,-0.00014435566089066043,0.0029466107357709603
3.338511255333405,-0.9963316985417512,7.980154391415337,1.0,2.735642857142857,3961.0,-0.00014435566089021634,0.0029466107357718485
3.338366899672515,-0.9963592553707998,7.983101002151108,1.0,2.7355714285714288,3962.0,-0.00014435566089021634,0.0029466107357709603
3.3382225440116247,-0.9963868121998484,7.986047612886879,1.0,2.7355,3963.0,-0.00014435566089021634,0.0029466107357709603
3.3380781883507344,-0.9964143690288969,7.988994223622651,1.0,2.7354285714285713,3964.0,-0.00014435566089021634,0.0029466107357718485
3.3379338326898442,-0.9964419258579456,7.991940834358422,1.0,2.735357142857143,3965.0,-0.00014435566089021634,0.0029466107357709603
3.337789477028954,-0.9964694826869941,7.994887445094194,1.0,2.7352857142857143,3966.0,-0.00014435566089021634,0.0029466107357718485
3.3376451213680634,-0.9964970395160426,7.997834055829965,1.0,2.7352142857142856,3967.0,-0.00014435566089066043,0.0029466107357709603
3.337500765707173,-0.9965245963450912,8.000780666565737,1.0,2.735142857142857,3968.0,-0.00014435566089021634,0.0029466107357718485
3.337356410046283,-0.9965521531741398,8.003727277301508,1.0,2.7350714285714286,3969.0,-0.00014435566089021634,0.0029466107357709603
3.3372120543853927,-0.9965797100031883,8.006673888037279,1.0,2.735,3970.0,-0.00014435566089021634,0.0029466107357709603
3.337042632558314,-0.9965665335480726,8.009967908519027,1.0,2.7346923076923075,3971.0,-0.00016942182707868625,0.0032940204817482055
3.3368732107312353,-0.9965533570929569,8.013261929000777,1.0,2.734384615384615,3972.0,-0.00016942182707868625,0.003294020481749982
3.3367037889041566,-0.9965401806378411,8.016555949482525,1.0,2.734076923076923,3973.0,-0.00016942182707868625,0.0032940204817482055
3.3365343670770784,-0.9965270041827254,8.019849969964273,1.0,2.7337692307692305,3974.0,-0.00016942182707824216,0.0032940204817482055
3.3363649452499997,-0.9965138277276097,8.023143990446023,1.0,2.733461538461538,3975.0,-0.00016942182707868625,0.003294020481749982
3.336195523422921,-0.996500651272494,8.026438010927771,1.0,2.733153846153846,3976.0,-0.00016942182707868625,0.0032940204817482055
3.3360261015958423,-0.9964874748173782,8.02973203140952,1.0,2.732846153846154,3977.0,-0.00016942182707868625,0.0032940204817482055
3.3358566797687637,-0.9964742983622625,8.033026051891268,1.0,2.7325384615384616,3978.0,-0.00016942182707868625,0.0032940204817482055
3.335687257941685,-0.9964611219071468,8.036320072373018,1.0,2.7322307692307692,3979.0,-0.00016942182707868625,0.003294020481749982
3.3355178361146067,-0.9964479454520311,8.039614092854766,1.0,2.731923076923077,3980.0,-0.00016942182707824216,0.0032940204817482055
3.335348414287528,-0.9964347689969153,8.042908113336514,1.0,2.7316153846153846,3981.0,-0.00016942182707868625,0.0032940204817482055
3.3351789924604494,-0.9964215925417996,8.046202133818264,1.0,2.731307692307692,3982.0,-0.00016942182707868625,0.003294020481749982
3.3350095706333707,-0.9964084160866838,8.049496154300012,1.0,2.731,3983.0,-0.00016942182707868625,0.0032940204817482055
3.3348751097134217,-0.9963526066193517,8.051446308601196,1.0,2.730857142857143,3984.0,-0.00013446091994895326,0.0019501543011841704
3.3347406487934723,-0.9962967971520196,8.053396462902379,1.0,2.7307142857142854,3985.0,-0.00013446091994939735,0.001950154301182394
3.334606187873523,-0.9962409876846874,8.055346617203563,1.0,2.7305714285714284,3986.0,-0.00013446091994939735,0.0019501543011841704
3.334471726953574,-0.9961851782173553,8.057296771504747,1.0,2.7304285714285714,3987.0,-0.00013446091994895326,0.0019501543011841704
3.334337266033625,-0.9961293687500231,8.059246925805931,1.0,2.7302857142857144,3988.0,-0.00013446091994895326,0.0019501543011841704
3.3342028051136756,-0.996073559282691,8.061197080107114,1.0,2.730142857142857,3989.0,-0.00013446091994939735,0.001950154301182394
3.334068344193726,-0.9960177498153588,8.063147234408298,1.0,2.73,3990.0,-0.00013446091994939735,0.0019501543011841704
3.3339338832737773,-0.9959619403480267,8.065097388709482,1.0,2.729857142857143,3991.0,-0.00013446091994895326,0.0019501543011841704
3.3337994223538283,-0.9959061308806946,8.067047543010665,1.0,2.7297142857142855,3992.0,-0.00013446091994895326,0.001950154301182394
3.333664961433879,-0.9958503214133624,8.068997697311849,1.0,2.7295714285714285,3993.0,-0.00013446091994939735,0.0019501543011841704
3.3335305005139295,-0.9957945119460303,8.070947851613033,1.0,2.7294285714285715,3994.0,-0.00013446091994939735,0.0019501543011841704
3.3333960395939806,-0.9957387024786981,8.072898005914217,1.0,2.7292857142857145,3995.0,-0.00013446091994895326,0.0019501543011841704
3.3332615786740316,-0.995682893011366,8.0748481602154,1.0,2.729142857142857,3996.0,-0.00013446091994895326,0.001950154301182394
3.333127117754082,-0.9956270835440338,8.076798314516584,1.0,2.729,3997.0,-0.00013446091994939735,0.0019501543011841704
3.3329554425695287,-0.995583541902099,8.08017558934795,1.0,2.728846153846154,3998.0,-0.00017167518455352138,0.003377274831366961
3.3327837673849756,-0.995540000260164,8.083552864179318,1.0,2.7286923076923078,3999.0,-0.0001716751845530773,0.003377274831366961
3.332612092200422,-0.9954964586182291,8.086930139010684,1.0,2.7285384615384616,4000.0,-0.00017167518455352138,0.003377274831366961
3.332440417015869,-0.9954529169762941,8.09030741384205,1.0,2.7283846153846154,4001.0,-0.0001716751845530773,0.0033772748313651846
3.3322687418313155,-0.9954093753343592,8.093684688673417,1.0,2.7282307692307692,4002.0,-0.00017167518455352138,0.003377274831366961
3.332097066646762,-0.9953658336924243,8.097061963504784,1.0,2.728076923076923,4003.0,-0.00017167518455352138,0.003377274831366961
3.331925391462209,-0.9953222920504894,8.10043923833615,1.0,2.727923076923077,4004.0,-0.0001716751845530773,0.003377274831366961
3.3317537162776554,-0.9952787504085544,8.103816513167517,1.0,2.7277692307692307,4005.0,-0.00017167518455352138,0.003377274831366961
3.331582041093102,-0.9952352087666195,8.107193787998884,1.0,2.7276153846153846,4006.0,-0.00017167518455352138,0.003377274831366961
3.3314103659085488,-0.9951916671246845,8.11057106283025,1.0,2.7274615384615384,4007.0,-0.0001716751845530773,0.0033772748313651846
3.3312386907239953,-0.9951481254827497,8.113948337661617,1.0,2.727307692307692,4008.0,-0.00017167518455352138,0.003377274831366961
3.331067015539442,-0.9951045838408147,8.117325612492984,1.0,2.727153846153846,4009.0,-0.0001716751845530773,0.003377274831366961
3.3308953403548887,-0.9950610421988798,8.12070288732435,1.0,2.727,4010.0,-0.00017167518455352138,0.003377274831366961
3.330739368933419,-0.9950576938207828,8.123487762459291,1.0,2.7268461538461537,4011.0,-0.000155971421469836,0.002784875134940634
3.330583397511949,-0.9950543454426859,8.126272637594232,1.0,2.7266923076923075,4012.0,-0.000155971421469836,0.002784875134940634
3.3304274260904796,-0.9950509970645889,8.129057512729172,1.0,2.7265384615384614,4013.0,-0.0001559714214693919,0.002784875134940634
3.3302714546690098,-0.995047648686492,8.131842387864111,1.0,2.726384615384615,4014.0,-0.000155971421469836,0.002784875134938858
3.33011548324754,-0.995044300308395,8.134627262999052,1.0,2.726230769230769,4015.0,-0.000155971421469836,0.002784875134940634
3.32995951182607,-0.995040951930298,8.137412138133993,1.0,2.726076923076923,4016.0,-0.000155971421469836,0.002784875134940634
3.3298035404046007,-0.995037603552201,8.140197013268933,1.0,2.725923076923077,4017.0,-0.0001559714214693919,0.002784875134940634
3.329647568983131,-0.995034255174104,8.142981888403874,1.0,2.725769230769231,4018.0,-0.000155971421469836,0.002784875134940634
3.329491597561661,-0.995030906796007,8.145766763538814,1.0,2.7256153846153848,4019.0,-0.000155971421469836,0.002784875134940634
3.329335626140191,-0.9950275584179101,8.148551638673753,1.0,2.7254615384615386,4020.0,-0.000155971421469836,0.002784875134938858
3.329179654718722,-0.9950242100398131,8.151336513808694,1.0,2.7253076923076924,4021.0,-0.0001559714214693919,0.002784875134940634
3.329023683297252,-0.9950208616617162,8.154121388943635,1.0,2.7251538461538463,4022.0,-0.000155971421469836,0.002784875134940634
3.328867711875782,-0.9950175132836192,8.156906264078575,1.0,2.725,4023.0,-0.000155971421469836,0.002784875134940634
3.328722104380045,-0.9950777700760427,8.160995332570367,1.0,2.724857142857143,4024.0,-0.00014560749573711007,0.004089068491792247
3.3285764968843075,-0.9951380268684663,8.165084401062158,1.0,2.7247142857142856,4025.0,-0.00014560749573755416,0.004089068491790471
3.3284308893885703,-0.9951982836608898,8.16917346955395,1.0,2.7245714285714286,4026.0,-0.00014560749573711007,0.004089068491792247
3.3282852818928332,-0.9952585404533134,8.173262538045742,1.0,2.7244285714285716,4027.0,-0.00014560749573711007,0.004089068491792247
3.3281396743970957,-0.9953187972457369,8.177351606537535,1.0,2.724285714285714,4028.0,-0.00014560749573755416,0.004089068491792247
3.3279940669013586,-0.9953790540381605,8.181440675029325,1.0,2.724142857142857,4029.0,-0.00014560749573711007,0.004089068491790471
3.3278484594056215,-0.995439310830584,8.185529743521117,1.0,2.724,4030.0,-0.00014560749573711007,0.004089068491792247
3.327702851909884,-0.9954995676230075,8.18961881201291,1.0,2.7238571428571428,4031.0,-0.00014560749573755416,0.004089068491792247
3.327557244414147,-0.9955598244154311,8.1937078805047,1.0,2.7237142857142858,4032.0,-0.00014560749573711007,0.004089068491790471
3.3274116369184092,-0.9956200812078546,8.197796948996492,1.0,2.7235714285714283,4033.0,-0.00014560749573755416,0.004089068491792247
3.327266029422672,-0.9956803380002782,8.201886017488285,1.0,2.7234285714285713,4034.0,-0.00014560749573711007,0.004089068491792247
3.327120421926935,-0.9957405947927017,8.205975085980077,1.0,2.7232857142857143,4035.0,-0.00014560749573711007,0.004089068491792247
3.3269748144311975,-0.9958008515851253,8.210064154471867,1.0,2.723142857142857,4036.0,-0.00014560749573755416,0.004089068491790471
3.3268292069354604,-0.9958611083775488,8.21415322296366,1.0,2.723,4037.0,-0.00014560749573711007,0.004089068491792247
3.326672950043736,-0.9958752837113478,8.217878097927096,1.0,2.7228461538461537,4038.0,-0.00015625689172438229,0.003724874963436875
3.326516693152012,-0.9958894590451468,8.221602972890533,1.0,2.7226923076923075,4039.0,-0.0001562568917239382,0.003724874963436875
3.3263604362602877,-0.9959036343789458,8.225327847853972,1.0,2.7225384615384614,4040.0,-0.00015625689172438229,0.0037248749634386513
3.3262041793685637,-0.9959178097127448,8.229052722817409,1.0,2.722384615384615,4041.0,-0.0001562568917239382,0.003724874963436875
3.3260479224768393,-0.9959319850465438,8.232777597780846,1.0,2.722230769230769,4042.0,-0.00015625689172438229,0.003724874963436875
3.325891665585115,-0.9959461603803428,8.236502472744283,1.0,2.722076923076923,4043.0,-0.00015625689172438229,0.003724874963436875
3.325735408693391,-0.9959603357141417,8.240227347707721,1.0,2.721923076923077,4044.0,-0.0001562568917239382,0.0037248749634386513
3.3255791518016666,-0.9959745110479407,8.243952222671158,1.0,2.721769230769231,4045.0,-0.00015625689172438229,0.003724874963436875
3.3254228949099423,-0.9959886863817397,8.247677097634595,1.0,2.7216153846153848,4046.0,-0.00015625689172438229,0.003724874963436875
3.3252666380182183,-0.9960028617155386,8.251401972598032,1.0,2.7214615384615386,4047.0,-0.0001562568917239382,0.003724874963436875
3.325110381126494,-0.9960170370493376,8.25512684756147,1.0,2.7213076923076924,4048.0,-0.00015625689172438229,0.0037248749634386513
3.32495412423477,-0.9960312123831366,8.258851722524907,1.0,2.7211538461538463,4049.0,-0.0001562568917239382,0.003724874963436875
3.3247978673430456,-0.9960453877169356,8.262576597488344,1.0,2.721,4050.0,-0.00015625689172438229,0.003724874963436875
3.32463761583851,-0.9960765658747258,8.266192712004697,1.0,2.720846153846154,4051.0,-0.00016025150453558012,0.0036161145163529085
3.3244773643339744,-0.996107744032516,8.26980882652105,1.0,2.7206923076923077,4052.0,-0.00016025150453558012,0.0036161145163529085
3.324317112829439,-0.9961389221903062,8.273424941037403,1.0,2.7205384615384616,4053.0,-0.00016025150453558012,0.0036161145163529085
3.3241568613249033,-0.9961701003480964,8.277041055553756,1.0,2.7203846153846154,4054.0,-0.00016025150453558012,0.0036161145163529085
3.3239966098203677,-0.9962012785058866,8.280657170070109,1.0,2.7202307692307692,4055.0,-0.00016025150453558012,0.0036161145163529085
3.323836358315832,-0.9962324566636768,8.284273284586462,1.0,2.720076923076923,4056.0,-0.00016025150453558012,0.0036161145163529085
3.3236761068112965,-0.9962636348214668,8.287889399102815,1.0,2.719923076923077,4057.0,-0.00016025150453558012,0.0036161145163529085
3.323515855306761,-0.996294812979257,8.291505513619168,1.0,2.7197692307692307,4058.0,-0.00016025150453558012,0.0036161145163529085
3.3233556038022254,-0.9963259911370472,8.29512162813552,1.0,2.7196153846153845,4059.0,-0.00016025150453558012,0.0036161145163529085
3.32319535229769,-0.9963571692948374,8.298737742651873,1.0,2.7194615384615384,4060.0,-0.00016025150453558012,0.0036161145163529085
3.3230351007931542,-0.9963883474526276,8.302353857168226,1.0,2.719307692307692,4061.0,-0.00016025150453558012,0.0036161145163529085
3.3228748492886186,-0.9964195256104178,8.30596997168458,1.0,2.719153846153846,4062.0,-0.00016025150453558012,0.0036161145163529085
3.322714597784083,-0.996450703768208,8.309586086200932,1.0,2.719,4063.0,-0.00016025150453558012,0.0036161145163529085
3.3225677164827303,-0.9963190000906478,8.310985634066013,1.0,2.718785714285714,4064.0,-0.00014688130135276367,0.0013995478650805637
3.322420835181377,-0.9961872964130876,8.312385181931093,1.0,2.7185714285714284,4065.0,-0.00014688130135320776,0.0013995478650805637
3.3222739538800243,-0.9960555927355274,8.313784729796174,1.0,2.7183571428571427,4066.0,-0.00014688130135276367,0.0013995478650805637
3.3221270725786716,-0.9959238890579671,8.315184277661253,1.0,2.718142857142857,4067.0,-0.00014688130135276367,0.0013995478650787874
3.3219801912773184,-0.9957921853804069,8.316583825526333,1.0,2.7179285714285712,4068.0,-0.00014688130135320776,0.0013995478650805637
3.3218333099759656,-0.9956604817028467,8.317983373391414,1.0,2.7177142857142855,4069.0,-0.00014688130135276367,0.0013995478650805637
3.321686428674613,-0.9955287780252865,8.319382921256494,1.0,2.7175,4070.0,-0.00014688130135276367,0.0013995478650805637
3.3215395473732596,-0.9953970743477263,8.320782469121575,1.0,2.7172857142857145,4071.0,-0.00014688130135320776,0.0013995478650805637
3.321392666071907,-0.9952653706701661,8.322182016986655,1.0,2.717071428571429,4072.0,-0.00014688130135276367,0.0013995478650805637
3.3212457847705537,-0.9951336669926059,8.323581564851736,1.0,2.716857142857143,4073.0,-0.00014688130135320776,0.0013995478650805637
3.321098903469201,-0.9950019633150456,8.324981112716815,1.0,2.7166428571428574,4074.0,-0.00014688130135276367,0.0013995478650787874
3.320952022167848,-0.9948702596374854,8.326380660581895,1.0,2.7164285714285716,4075.0,-0.00014688130135276367,0.0013995478650805637
3.320805140866495,-0.9947385559599252,8.327780208446976,1.0,2.716214285714286,4076.0,-0.00014688130135320776,0.0013995478650805637
3.320658259565142,-0.994606852282365,8.329179756312056,1.0,2.716,4077.0,-0.00014688130135276367,0.0013995478650805637
3.320496539596132,-0.9946615519589179,8.332675195826281,1.0,2.715846153846154,4078.0,-0.00016171996901004349,0.0034954395142250405
3.3203348196271225,-0.9947162516354707,8.336170635340508,1.0,2.715692307692308,4079.0,-0.0001617199690095994,0.003495439514226817
3.3201730996581125,-0.9947709513120236,8.339666074854733,1.0,2.7155384615384617,4080.0,-0.00016171996901004349,0.0034954395142250405
3.320011379689103,-0.9948256509885764,8.34316151436896,1.0,2.7153846153846155,4081.0,-0.0001617199690095994,0.003495439514226817
3.319849659720093,-0.9948803506651294,8.346656953883185,1.0,2.7152307692307693,4082.0,-0.00016171996901004349,0.0034954395142250405
3.319687939751083,-0.9949350503416823,8.350152393397412,1.0,2.715076923076923,4083.0,-0.00016171996901004349,0.003495439514226817
3.319526219782073,-0.9949897500182351,8.353647832911637,1.0,2.714923076923077,4084.0,-0.0001617199690095994,0.0034954395142250405
3.319364499813063,-0.995044449694788,8.357143272425864,1.0,2.714769230769231,4085.0,-0.00016171996901004349,0.003495439514226817
3.319202779844053,-0.9950991493713409,8.360638711940089,1.0,2.7146153846153847,4086.0,-0.00016171996901004349,0.0034954395142250405
3.3190410598750435,-0.9951538490478937,8.364134151454316,1.0,2.7144615384615385,4087.0,-0.0001617199690095994,0.003495439514226817
3.3188793399060335,-0.9952085487244466,8.36762959096854,1.0,2.7143076923076923,4088.0,-0.00016171996901004349,0.0034954395142250405
3.318717619937024,-0.9952632484009994,8.371125030482768,1.0,2.714153846153846,4089.0,-0.0001617199690095994,0.003495439514226817
3.318555899968014,-0.9953179480775524,8.374620469996993,1.0,2.714,4090.0,-0.00016171996901004349,0.0034954395142250405
3.3184135358228035,-0.9952515059174729,8.377400995323281,1.0,2.7139285714285712,4091.0,-0.00014236414521029417,0.0027805253262886964
3.3182711716775937,-0.9951850637573936,8.38018152064957,1.0,2.713857142857143,4092.0,-0.00014236414520985008,0.0027805253262886964
3.3181288075323834,-0.9951186215973141,8.382962045975859,1.0,2.7137857142857142,4093.0,-0.00014236414521029417,0.0027805253262886964
3.3179864433871735,-0.9950521794372347,8.385742571302147,1.0,2.7137142857142855,4094.0,-0.00014236414520985008,0.0027805253262886964
3.3178440792419632,-0.9949857372771553,8.388523096628436,1.0,2.7136428571428572,4095.0,-0.00014236414521029417,0.0027805253262886964
3.3177017150967534,-0.9949192951170759,8.391303621954725,1.0,2.7135714285714285,4096.0,-0.00014236414520985008,0.0027805253262886964
3.317559350951543,-0.9948528529569965,8.394084147281013,1.0,2.7135000000000002,4097.0,-0.00014236414521029417,0.0027805253262886964
3.317416986806333,-0.9947864107969171,8.396864672607302,1.0,2.7134285714285715,4098.0,-0.00014236414521029417,0.0027805253262886964
3.317274622661123,-0.9947199686368376,8.39964519793359,1.0,2.713357142857143,4099.0,-0.00014236414520985008,0.0027805253262886964
3.3171322585159126,-0.9946535264767583,8.40242572325988,1.0,2.7132857142857145,4100.0,-0.00014236414521029417,0.0027805253262886964
3.316989894370703,-0.9945870843166789,8.405206248586168,1.0,2.713214285714286,4101.0,-0.00014236414520985008,0.0027805253262886964
3.3168475302254925,-0.9945206421565994,8.407986773912457,1.0,2.713142857142857,4102.0,-0.00014236414521029417,0.0027805253262886964
3.3167051660802827,-0.9944541999965201,8.410767299238746,1.0,2.713071428571429,4103.0,-0.00014236414520985008,0.0027805253262886964
3.3165628019350724,-0.9943877578364406,8.413547824565034,1.0,2.713,4104.0,-0.00014236414521029417,0.0027805253262886964
3.3163988315390727,-0.9944047486194039,8.415095727943195,1.0,2.712846153846154,4105.0,-0.00016397039599969077,0.0015479033781602425
3.3162348611430734,-0.9944217394023671,8.416643631321355,1.0,2.7126923076923077,4106.0,-0.00016397039599924668,0.0015479033781602425
3.3160708907470737,-0.9944387301853304,8.418191534699515,1.0,2.7125384615384616,4107.0,-0.00016397039599969077,0.0015479033781602425
3.3159069203510745,-0.9944557209682936,8.419739438077677,1.0,2.7123846153846154,4108.0,-0.00016397039599924668,0.0015479033781620188
3.315742949955075,-0.9944727117512568,8.421287341455837,1.0,2.7122307692307692,4109.0,-0.00016397039599969077,0.0015479033781602425
3.3155789795590755,-0.9944897025342201,8.422835244833998,1.0,2.712076923076923,4110.0,-0.00016397039599924668,0.0015479033781602425
3.315415009163076,-0.9945066933171833,8.424383148212158,1.0,2.711923076923077,4111.0,-0.00016397039599969077,0.0015479033781602425
3.3152510387670766,-0.9945236841001466,8.425931051590318,1.0,2.7117692307692307,4112.0,-0.00016397039599924668,0.0015479033781602425
3.315087068371077,-0.9945406748831098,8.427478954968478,1.0,2.7116153846153845,4113.0,-0.00016397039599969077,0.0015479033781602425
3.3149230979750777,-0.9945576656660731,8.42902685834664,1.0,2.7114615384615384,4114.0,-0.00016397039599924668,0.0015479033781620188
3.314759127579078,-0.9945746564490363,8.4305747617248,1.0,2.711307692307692,4115.0,-0.00016397039599969077,0.0015479033781602425
3.3145951571830787,-0.9945916472319996,8.43212266510296,1.0,2.711153846153846,4116.0,-0.00016397039599924668,0.0015479033781602425
3.314431186787079,-0.9946086380149628,8.433670568481121,1.0,2.711,4117.0,-0.00016397039599969077,0.0015479033781602425
3.314257207804752,-0.9946290000363383,8.437608210006566,1.0,2.7108461538461537,4118.0,-0.00017397898232696107,0.003937641525444846
3.314083228822425,-0.9946493620577137,8.441545851532013,1.0,2.7106923076923075,4119.0,-0.00017397898232696107,0.003937641525446622
3.313909249840098,-0.9946697240790893,8.445483493057457,1.0,2.7105384615384613,4120.0,-0.00017397898232696107,0.003937641525444846
3.313735270857771,-0.9946900861004647,8.449421134582902,1.0,2.710384615384615,4121.0,-0.00017397898232696107,0.003937641525444846
3.3135612918754442,-0.9947104481218402,8.453358776108349,1.0,2.710230769230769,4122.0,-0.00017397898232696107,0.003937641525446622
3.3133873128931173,-0.9947308101432156,8.457296417633794,1.0,2.710076923076923,4123.0,-0.00017397898232696107,0.003937641525444846
3.31321333391079,-0.9947511721645912,8.461234059159239,1.0,2.709923076923077,4124.0,-0.00017397898232740516,0.003937641525444846
3.313039354928463,-0.9947715341859666,8.465171700684683,1.0,2.709769230769231,4125.0,-0.00017397898232696107,0.003937641525444846
3.312865375946136,-0.9947918962073421,8.46910934221013,1.0,2.7096153846153848,4126.0,-0.00017397898232696107,0.003937641525446622
3.312691396963809,-0.9948122582287175,8.473046983735575,1.0,2.7094615384615386,4127.0,-0.00017397898232696107,0.003937641525444846
3.312517417981482,-0.9948326202500931,8.47698462526102,1.0,2.7093076923076924,4128.0,-0.00017397898232696107,0.003937641525444846
3.312343438999155,-0.9948529822714686,8.480922266786466,1.0,2.7091538461538462,4129.0,-0.00017397898232696107,0.003937641525446622
3.312169460016828,-0.994873344292844,8.484859908311911,1.0,2.709,4130.0,-0.00017397898232696107,0.003937641525444846
3.3120163658153756,-0.9948794744050148,8.486580648232907,1.0,2.7087857142857144,4131.0,-0.0001530942014524861,0.0017207399209961949
3.311863271613923,-0.9948856045171857,8.488301388153904,1.0,2.7085714285714286,4132.0,-0.0001530942014524861,0.0017207399209961949
3.3117101774124706,-0.9948917346293564,8.4900221280749,1.0,2.708357142857143,4133.0,-0.0001530942014524861,0.0017207399209961949
3.3115570832110177,-0.9948978647415273,8.491742867995898,1.0,2.708142857142857,4134.0,-0.00015309420145293018,0.0017207399209979712
3.3114039890095652,-0.9949039948536981,8.493463607916894,1.0,2.7079285714285715,4135.0,-0.0001530942014524861,0.0017207399209961949
3.3112508948081127,-0.994910124965869,8.49518434783789,1.0,2.7077142857142857,4136.0,-0.0001530942014524861,0.0017207399209961949
3.3110978006066603,-0.9949162550780397,8.496905087758886,1.0,2.7075,4137.0,-0.0001530942014524861,0.0017207399209961949
3.3109447064052078,-0.9949223851902105,8.498625827679883,1.0,2.7072857142857143,4138.0,-0.0001530942014524861,0.0017207399209961949
3.3107916122037553,-0.9949285153023814,8.500346567600879,1.0,2.7070714285714286,4139.0,-0.0001530942014524861,0.0017207399209961949
3.310638518002303,-0.9949346454145521,8.502067307521875,1.0,2.706857142857143,4140.0,-0.0001530942014524861,0.0017207399209961949
3.31048542380085,-0.994940775526723,8.503788047442873,1.0,2.706642857142857,4141.0,-0.00015309420145293018,0.0017207399209979712
3.3103323295993974,-0.9949469056388938,8.505508787363869,1.0,2.7064285714285714,4142.0,-0.0001530942014524861,0.0017207399209961949
3.310179235397945,-0.9949530357510646,8.507229527284865,1.0,2.7062142857142857,4143.0,-0.0001530942014524861,0.0017207399209961949
3.3100261411964924,-0.9949591658632354,8.508950267205861,1.0,2.706,4144.0,-0.0001530942014524861,0.0017207399209961949
3.309853455476029,-0.9950114953237843,8.51238538124476,1.0,2.705846153846154,4145.0,-0.00017268572046358344,0.0034351140388988455
3.3096807697555652,-0.9950638247843333,8.515820495283657,1.0,2.7056923076923076,4146.0,-0.00017268572046358344,0.003435114038897069
3.3095080840351017,-0.9951161542448822,8.519255609322556,1.0,2.7055384615384614,4147.0,-0.00017268572046358344,0.0034351140388988455
3.309335398314638,-0.9951684837054312,8.522690723361453,1.0,2.7053846153846153,4148.0,-0.00017268572046358344,0.003435114038897069
3.3091627125941745,-0.9952208131659801,8.526125837400352,1.0,2.705230769230769,4149.0,-0.00017268572046358344,0.0034351140388988455
3.308990026873711,-0.995273142626529,8.529560951439251,1.0,2.705076923076923,4150.0,-0.00017268572046358344,0.0034351140388988455
3.3088173411532473,-0.995325472087078,8.532996065478148,1.0,2.704923076923077,4151.0,-0.00017268572046358344,0.003435114038897069
3.3086446554327837,-0.9953778015476269,8.536431179517047,1.0,2.704769230769231,4152.0,-0.00017268572046358344,0.0034351140388988455
3.30847196971232,-0.9954301310081758,8.539866293555946,1.0,2.704615384615385,4153.0,-0.00017268572046358344,0.0034351140388988455
3.3082992839918566,-0.9954824604687248,8.543301407594843,1.0,2.7044615384615387,4154.0,-0.00017268572046358344,0.003435114038897069
3.308126598271393,-0.9955347899292737,8.546736521633742,1.0,2.7043076923076925,4155.0,-0.00017268572046358344,0.0034351140388988455
3.3079539125509294,-0.9955871193898227,8.550171635672639,1.0,2.7041538461538464,4156.0,-0.00017268572046358344,0.003435114038897069
3.307781226830466,-0.9956394488503716,8.553606749711538,1.0,2.704,4157.0,-0.00017268572046358344,0.0034351140388988455
3.307604626622097,-0.9957733707195469,8.557500083275105,1.0,2.7037857142857145,4158.0,-0.00017660020836895995,0.0038933335635675803
3.3074280264137284,-0.9959072925887221,8.561393416838671,1.0,2.7035714285714287,4159.0,-0.00017660020836851587,0.003893333563565804
3.30725142620536,-0.9960412144578974,8.565286750402239,1.0,2.703357142857143,4160.0,-0.00017660020836851587,0.0038933335635675803
3.307074825996991,-0.9961751363270727,8.569180083965806,1.0,2.7031428571428573,4161.0,-0.00017660020836895995,0.0038933335635675803
3.306898225788622,-0.9963090581962479,8.573073417529374,1.0,2.7029285714285716,4162.0,-0.00017660020836895995,0.0038933335635675803
3.3067216255802534,-0.9964429800654232,8.57696675109294,1.0,2.702714285714286,4163.0,-0.00017660020836851587,0.003893333563565804
3.306545025371885,-0.9965769019345984,8.580860084656507,1.0,2.7025,4164.0,-0.00017660020836851587,0.0038933335635675803
3.306368425163516,-0.9967108238037736,8.584753418220075,1.0,2.7022857142857144,4165.0,-0.00017660020836895995,0.0038933335635675803
3.306191824955147,-0.9968447456729489,8.58864675178364,1.0,2.7020714285714287,4166.0,-0.00017660020836895995,0.003893333563565804
3.3060152247467784,-0.9969786675421242,8.592540085347208,1.0,2.701857142857143,4167.0,-0.00017660020836851587,0.0038933335635675803
3.30583862453841,-0.9971125894112994,8.596433418910776,1.0,2.7016428571428572,4168.0,-0.00017660020836851587,0.0038933335635675803
3.305662024330041,-0.9972465112804747,8.600326752474343,1.0,2.7014285714285715,4169.0,-0.00017660020836895995,0.0038933335635675803
3.305485424121672,-0.99738043314965,8.604220086037909,1.0,2.701214285714286,4170.0,-0.00017660020836895995,0.003893333563565804
3.3053088239133035,-0.9975143550188252,8.608113419601477,1.0,2.701,4171.0,-0.00017660020836851587,0.0038933335635675803
3.3051684908036534,-0.9973268369814248,8.61074405245428,1.0,2.700846153846154,4172.0,-0.0001403331096501148,0.002630632852802961
3.3050281576940033,-0.9971393189440244,8.61337468530708,1.0,2.7006923076923077,4173.0,-0.0001403331096501148,0.0026306328528011846
3.304887824584353,-0.9969518009066239,8.616005318159884,1.0,2.7005384615384616,4174.0,-0.0001403331096501148,0.002630632852802961
3.3047474914747035,-0.9967642828692235,8.618635951012687,1.0,2.7003846153846154,4175.0,-0.00014033310964967072,0.002630632852802961
3.3046071583650534,-0.9965767648318231,8.621266583865488,1.0,2.700230769230769,4176.0,-0.0001403331096501148,0.0026306328528011846
3.3044668252554033,-0.9963892467944226,8.62389721671829,1.0,2.700076923076923,4177.0,-0.0001403331096501148,0.002630632852802961
3.304326492145753,-0.9962017287570222,8.626527849571094,1.0,2.699923076923077,4178.0,-0.0001403331096501148,0.002630632852802961
3.304186159036103,-0.9960142107196217,8.629158482423897,1.0,2.6997692307692307,4179.0,-0.0001403331096501148,0.002630632852802961
3.304045825926453,-0.9958266926822213,8.631789115276698,1.0,2.6996153846153845,4180.0,-0.0001403331096501148,0.0026306328528011846
3.3039054928168032,-0.9956391746448209,8.6344197481295,1.0,2.6994615384615384,4181.0,-0.00014033310964967072,0.002630632852802961
3.303765159707153,-0.9954516566074204,8.637050380982304,1.0,2.699307692307692,4182.0,-0.0001403331096501148,0.002630632852802961
3.303624826597503,-0.99526413857002,8.639681013835105,1.0,2.699153846153846,4183.0,-0.0001403331096501148,0.0026306328528011846
3.303484493487853,-0.9950766205326196,8.642311646687908,1.0,2.699,4184.0,-0.0001403331096501148,0.002630632852802961
3.3033118389349836,-0.9951227872133371,8.6461343167735,1.0,2.6988461538461537,4185.0,-0.0001726545528693002,0.003822670085591895
3.3031391843821143,-0.9951689538940548,8.64995698685909,1.0,2.6986923076923075,4186.0,-0.0001726545528693002,0.0038226700855901186
3.302966529829245,-0.9952151205747723,8.653779656944682,1.0,2.6985384615384613,4187.0,-0.0001726545528693002,0.003822670085591895
3.3027938752763757,-0.99526128725549,8.657602327030274,1.0,2.698384615384615,4188.0,-0.0001726545528693002,0.003822670085591895
3.3026212207235064,-0.9953074539362076,8.661424997115864,1.0,2.698230769230769,4189.0,-0.0001726545528693002,0.0038226700855901186
3.302448566170637,-0.9953536206169252,8.665247667201456,1.0,2.698076923076923,4190.0,-0.0001726545528693002,0.003822670085591895
3.3022759116177673,-0.9953997872976428,8.669070337287048,1.0,2.697923076923077,4191.0,-0.0001726545528697443,0.003822670085591895
3.302103257064898,-0.9954459539783604,8.67289300737264,1.0,2.697769230769231,4192.0,-0.0001726545528693002,0.003822670085591895
3.3019306025120287,-0.995492120659078,8.67671567745823,1.0,2.6976153846153847,4193.0,-0.0001726545528693002,0.0038226700855901186
3.3017579479591594,-0.9955382873397957,8.680538347543822,1.0,2.6974615384615386,4194.0,-0.0001726545528693002,0.003822670085591895
3.30158529340629,-0.9955844540205132,8.684361017629413,1.0,2.6973076923076924,4195.0,-0.0001726545528693002,0.003822670085591895
3.301412638853421,-0.9956306207012309,8.688183687715004,1.0,2.6971538461538462,4196.0,-0.0001726545528693002,0.0038226700855901186
3.3012399843005515,-0.9956767873819484,8.692006357800595,1.0,2.697,4197.0,-0.0001726545528693002,0.003822670085591895
3.301075479748569,-0.9956700104090818,8.694596974782575,1.0,2.696857142857143,4198.0,-0.00016450455198269154,0.002590616981979821
3.3009109751965866,-0.9956632334362151,8.697187591764555,1.0,2.6967142857142856,4199.0,-0.00016450455198224745,0.002590616981979821
3.3007464706446044,-0.9956564564633484,8.699778208746537,1.0,2.6965714285714286,4200.0,-0.00016450455198224745,0.002590616981981597
3.3005819660926217,-0.9956496794904819,8.702368825728517,1.0,2.6964285714285716,4201.0,-0.00016450455198269154,0.002590616981979821
3.300417461540639,-0.9956429025176152,8.704959442710496,1.0,2.696285714285714,4202.0,-0.00016450455198269154,0.002590616981979821
3.3002529569886567,-0.9956361255447486,8.707550059692476,1.0,2.696142857142857,4203.0,-0.00016450455198224745,0.002590616981979821
3.3000884524366745,-0.9956293485718819,8.710140676674458,1.0,2.696,4204.0,-0.00016450455198224745,0.002590616981981597
3.299923947884692,-0.9956225715990152,8.712731293656438,1.0,2.6958571428571427,4205.0,-0.00016450455198269154,0.002590616981979821
3.299759443332709,-0.9956157946261486,8.715321910638417,1.0,2.6957142857142857,4206.0,-0.00016450455198269154,0.002590616981979821
3.299594938780727,-0.9956090176532819,8.717912527620397,1.0,2.6955714285714283,4207.0,-0.00016450455198224745,0.002590616981979821
3.2994304342287446,-0.9956022406804154,8.720503144602377,1.0,2.6954285714285713,4208.0,-0.00016450455198224745,0.002590616981979821
3.299265929676762,-0.9955954637075487,8.723093761584359,1.0,2.6952857142857143,4209.0,-0.00016450455198269154,0.002590616981981597
3.299101425124779,-0.995588686734682,8.725684378566338,1.0,2.695142857142857,4210.0,-0.00016450455198269154,0.002590616981979821
3.298936920572797,-0.9955819097618154,8.728274995548318,1.0,2.695,4211.0,-0.00016450455198224745,0.002590616981979821
3.298784739897717,-0.9955716004541615,8.732610258516118,1.0,2.694769230769231,4212.0,-0.0001521806750801602,0.004335262967799736
3.298632559222637,-0.9955612911465076,8.736945521483918,1.0,2.6945384615384613,4213.0,-0.0001521806750797161,0.004335262967799736
3.298480378547557,-0.9955509818388537,8.741280784451718,1.0,2.6943076923076923,4214.0,-0.0001521806750801602,0.004335262967799736
3.2983281978724768,-0.9955406725311998,8.745616047419517,1.0,2.694076923076923,4215.0,-0.0001521806750801602,0.004335262967799736
3.298176017197397,-0.9955303632235459,8.749951310387317,1.0,2.693846153846154,4216.0,-0.0001521806750797161,0.004335262967799736
3.298023836522317,-0.995520053915892,8.754286573355117,1.0,2.6936153846153847,4217.0,-0.0001521806750801602,0.004335262967799736
3.2978716558472367,-0.9955097446082382,8.758621836322915,1.0,2.6933846153846153,4218.0,-0.0001521806750801602,0.004335262967797959
3.2977194751721566,-0.9954994353005843,8.762957099290714,1.0,2.6931538461538462,4219.0,-0.0001521806750801602,0.004335262967799736
3.297567294497077,-0.9954891259929304,8.767292362258514,1.0,2.692923076923077,4220.0,-0.0001521806750797161,0.004335262967799736
3.2974151138219967,-0.9954788166852765,8.771627625226314,1.0,2.6926923076923077,4221.0,-0.0001521806750801602,0.004335262967799736
3.2972629331469165,-0.9954685073776226,8.775962888194114,1.0,2.6924615384615387,4222.0,-0.0001521806750801602,0.004335262967799736
3.297110752471837,-0.9954581980699687,8.780298151161913,1.0,2.692230769230769,4223.0,-0.0001521806750797161,0.004335262967799736
3.2969585717967567,-0.9954478887623148,8.784633414129713,1.0,2.692,4224.0,-0.0001521806750801602,0.004335262967799736
3.2968025774951615,-0.995477789641743,8.78757920362389,1.0,2.691857142857143,4225.0,-0.0001559943015951859,0.00294578949417712
3.2966465831935663,-0.9955076905211712,8.790524993118066,1.0,2.6917142857142857,4226.0,-0.0001559943015951859,0.0029457894941753437
3.296490588891971,-0.9955375914005993,8.793470782612243,1.0,2.6915714285714287,4227.0,-0.0001559943015951859,0.00294578949417712
3.2963345945903755,-0.9955674922800275,8.79641657210642,1.0,2.6914285714285717,4228.0,-0.00015599430159563,0.00294578949417712
3.2961786002887803,-0.9955973931594557,8.799362361600595,1.0,2.6912857142857143,4229.0,-0.0001559943015951859,0.0029457894941753437
3.296022605987185,-0.9956272940388838,8.802308151094772,1.0,2.6911428571428573,4230.0,-0.0001559943015951859,0.00294578949417712
3.29586661168559,-0.995657194918312,8.805253940588948,1.0,2.6910000000000003,4231.0,-0.0001559943015951859,0.0029457894941753437
3.2957106173839947,-0.9956870957977402,8.808199730083125,1.0,2.690857142857143,4232.0,-0.0001559943015951859,0.00294578949417712
3.2955546230823995,-0.9957169966771684,8.811145519577302,1.0,2.690714285714286,4233.0,-0.0001559943015951859,0.00294578949417712
3.2953986287808044,-0.9957468975565965,8.814091309071477,1.0,2.6905714285714284,4234.0,-0.0001559943015951859,0.0029457894941753437
3.2952426344792087,-0.9957767984360246,8.817037098565654,1.0,2.6904285714285714,4235.0,-0.00015599430159563,0.00294578949417712
3.2950866401776135,-0.9958066993154528,8.819982888059831,1.0,2.6902857142857144,4236.0,-0.0001559943015951859,0.00294578949417712
3.2949306458760184,-0.9958366001948811,8.822928677554007,1.0,2.690142857142857,4237.0,-0.0001559943015951859,0.0029457894941753437
3.294774651574423,-0.9958665010743092,8.825874467048184,1.0,2.69,4238.0,-0.0001559943015951859,0.00294578949417712
3.2945869462715254,-0.9958213987862617,8.827721599514858,1.0,2.6898461538461538,4239.0,-0.0001877053028978004,0.0018471324666737843
3.2943992409686276,-0.9957762964982143,8.829568731981531,1.0,2.6896923076923076,4240.0,-0.0001877053028978004,0.0018471324666737843
3.2942115356657298,-0.995731194210167,8.831415864448205,1.0,2.6895384615384614,4241.0,-0.0001877053028978004,0.0018471324666737843
3.294023830362832,-0.9956860919221195,8.833262996914879,1.0,2.6893846153846153,4242.0,-0.0001877053028978004,0.0018471324666737843
3.293836125059934,-0.9956409896340721,8.835110129381553,1.0,2.689230769230769,4243.0,-0.0001877053028978004,0.0018471324666737843
3.2936484197570364,-0.9955958873460247,8.836957261848227,1.0,2.689076923076923,4244.0,-0.0001877053028978004,0.0018471324666737843
3.293460714454138,-0.9955507850579773,8.8388043943149,1.0,2.688923076923077,4245.0,-0.0001877053028982445,0.0018471324666737843
3.2932730091512403,-0.9955056827699299,8.840651526781574,1.0,2.688769230769231,4246.0,-0.0001877053028978004,0.0018471324666737843
3.2930853038483425,-0.9954605804818825,8.842498659248248,1.0,2.688615384615385,4247.0,-0.0001877053028978004,0.0018471324666737843
3.2928975985454447,-0.995415478193835,8.844345791714922,1.0,2.6884615384615387,4248.0,-0.0001877053028978004,0.0018471324666737843
3.292709893242547,-0.9953703759057877,8.846192924181596,1.0,2.6883076923076925,4249.0,-0.0001877053028978004,0.0018471324666737843
3.292522187939649,-0.9953252736177403,8.84804005664827,1.0,2.6881538461538463,4250.0,-0.0001877053028978004,0.0018471324666737843
3.2923344826367513,-0.9952801713296928,8.849887189114943,1.0,2.688,4251.0,-0.0001877053028978004,0.0018471324666737843
3.292157648085702,-0.9952510009110694,8.853003546376796,1.0,2.687846153846154,4252.0,-0.00017683455104933188,0.0031163572618524427
3.2919808135346527,-0.9952218304924461,8.856119903638646,1.0,2.687692307692308,4253.0,-0.00017683455104933188,0.0031163572618506663
3.2918039789836033,-0.9951926600738228,8.859236260900499,1.0,2.6875384615384617,4254.0,-0.00017683455104933188,0.0031163572618524427
3.2916271444325544,-0.9951634896551994,8.86235261816235,1.0,2.6873846153846155,4255.0,-0.0001768345510488878,0.0031163572618506663
3.291450309881505,-0.995134319236576,8.865468975424202,1.0,2.6872307692307693,4256.0,-0.00017683455104933188,0.0031163572618524427
3.2912734753304558,-0.9951051488179526,8.868585332686054,1.0,2.687076923076923,4257.0,-0.00017683455104933188,0.0031163572618524427
3.2910966407794064,-0.9950759783993294,8.871701689947905,1.0,2.686923076923077,4258.0,-0.00017683455104933188,0.0031163572618506663
3.290919806228357,-0.995046807980706,8.874818047209757,1.0,2.686769230769231,4259.0,-0.00017683455104933188,0.0031163572618524427
3.290742971677308,-0.9950176375620826,8.87793440447161,1.0,2.6866153846153846,4260.0,-0.00017683455104933188,0.0031163572618524427
3.290566137126259,-0.9949884671434592,8.88105076173346,1.0,2.6864615384615385,4261.0,-0.0001768345510488878,0.0031163572618506663
3.2903893025752096,-0.994959296724836,8.884167118995313,1.0,2.6863076923076923,4262.0,-0.00017683455104933188,0.0031163572618524427
3.2902124680241602,-0.9949301263062126,8.887283476257164,1.0,2.686153846153846,4263.0,-0.00017683455104933188,0.0031163572618506663
3.290035633473111,-0.9949009558875892,8.890399833519016,1.0,2.686,4264.0,-0.00017683455104933188,0.0031163572618524427
3.2898741983773823,-0.9950679709517836,8.89355707787137,1.0,2.685857142857143,4265.0,-0.0001614350957286348,0.0031572443523533167
3.2897127632816536,-0.9952349860159779,8.896714322223723,1.0,2.6857142857142855,4266.0,-0.0001614350957286348,0.0031572443523533167
3.289551328185925,-0.9954020010801724,8.899871566576076,1.0,2.6855714285714285,4267.0,-0.0001614350957286348,0.0031572443523533167
3.289389893090196,-0.9955690161443668,8.90302881092843,1.0,2.6854285714285715,4268.0,-0.00016143509572907888,0.0031572443523533167
3.2892284579944673,-0.9957360312085611,8.906186055280783,1.0,2.6852857142857145,4269.0,-0.0001614350957286348,0.0031572443523533167
3.2890670228987386,-0.9959030462727555,8.909343299633136,1.0,2.685142857142857,4270.0,-0.0001614350957286348,0.0031572443523533167
3.28890558780301,-0.99607006133695,8.91250054398549,1.0,2.685,4271.0,-0.0001614350957286348,0.0031572443523533167
3.2887441527072814,-0.9962370764011443,8.915657788337843,1.0,2.684857142857143,4272.0,-0.0001614350957286348,0.0031572443523533167
3.2885827176115527,-0.9964040914653387,8.918815032690196,1.0,2.6847142857142856,4273.0,-0.0001614350957286348,0.0031572443523533167
3.288421282515824,-0.9965711065295331,8.92197227704255,1.0,2.6845714285714286,4274.0,-0.0001614350957286348,0.0031572443523533167
3.288259847420095,-0.9967381215937274,8.925129521394902,1.0,2.6844285714285716,4275.0,-0.00016143509572907888,0.0031572443523533167
3.2880984123243664,-0.9969051366579219,8.928286765747256,1.0,2.6842857142857146,4276.0,-0.0001614350957286348,0.0031572443523533167
3.2879369772286378,-0.9970721517221163,8.931444010099609,1.0,2.684142857142857,4277.0,-0.0001614350957286348,0.0031572443523533167
3.287775542132909,-0.9972391667863106,8.934601254451962,1.0,2.684,4278.0,-0.0001614350957286348,0.0031572443523533167
3.28758018107098,-0.9971726525690516,8.937052880977213,1.0,2.683769230769231,4279.0,-0.00019536106192896696,0.0024516265252501057
3.287384820009051,-0.9971061383517926,8.939504507502463,1.0,2.6835384615384617,4280.0,-0.00019536106192896696,0.0024516265252501057
3.2871894589471222,-0.9970396241345335,8.941956134027713,1.0,2.6833076923076926,4281.0,-0.00019536106192896696,0.0024516265252501057
3.286994097885193,-0.9969731099172745,8.944407760552963,1.0,2.683076923076923,4282.0,-0.00019536106192941105,0.0024516265252501057
3.286798736823264,-0.9969065957000155,8.946859387078213,1.0,2.682846153846154,4283.0,-0.00019536106192896696,0.0024516265252501057
3.286603375761335,-0.9968400814827565,8.949311013603463,1.0,2.6826153846153846,4284.0,-0.00019536106192896696,0.0024516265252501057
3.286408014699406,-0.9967735672654974,8.951762640128713,1.0,2.6823846153846156,4285.0,-0.00019536106192896696,0.0024516265252501057
3.286212653637477,-0.9967070530482384,8.954214266653963,1.0,2.682153846153846,4286.0,-0.00019536106192896696,0.0024516265252501057
3.286017292575548,-0.9966405388309794,8.956665893179213,1.0,2.681923076923077,4287.0,-0.00019536106192896696,0.0024516265252501057
3.2858219315136186,-0.9965740246137204,8.959117519704463,1.0,2.6816923076923076,4288.0,-0.00019536106192941105,0.0024516265252501057
3.2856265704516896,-0.9965075103964612,8.961569146229714,1.0,2.6814615384615386,4289.0,-0.00019536106192896696,0.0024516265252501057
3.2854312093897606,-0.9964409961792022,8.964020772754964,1.0,2.681230769230769,4290.0,-0.00019536106192896696,0.0024516265252501057
3.2852358483278317,-0.9963744819619432,8.966472399280214,1.0,2.681,4291.0,-0.00019536106192896696,0.0024516265252501057
3.2850700110658564,-0.9962913181973024,8.96920686442421,1.0,2.680857142857143,4292.0,-0.00016583726197527682,0.002734465143996445
3.284904173803881,-0.9962081544326616,8.971941329568205,1.0,2.6807142857142856,4293.0,-0.00016583726197527682,0.0027344651439946688
3.284738336541906,-0.9961249906680208,8.974675794712201,1.0,2.6805714285714286,4294.0,-0.00016583726197527682,0.002734465143996445
3.2845724992799306,-0.9960418269033802,8.977410259856196,1.0,2.6804285714285716,4295.0,-0.00016583726197527682,0.0027344651439946688
3.2844066620179553,-0.9959586631387394,8.980144725000192,1.0,2.680285714285714,4296.0,-0.00016583726197527682,0.002734465143996445
3.28424082475598,-0.9958754993740986,8.982879190144187,1.0,2.680142857142857,4297.0,-0.00016583726197527682,0.0027344651439946688
3.2840749874940047,-0.9957923356094578,8.985613655288184,1.0,2.68,4298.0,-0.00016583726197527682,0.002734465143996445
3.283909150232029,-0.995709171844817,8.98834812043218,1.0,2.6798571428571427,4299.0,-0.0001658372619757209,0.002734465143996445
3.2837433129700537,-0.9956260080801762,8.991082585576175,1.0,2.6797142857142857,4300.0,-0.00016583726197527682,0.0027344651439946688
3.2835774757080785,-0.9955428443155354,8.993817050720171,1.0,2.6795714285714283,4301.0,-0.00016583726197527682,0.002734465143996445
3.283411638446103,-0.9954596805508947,8.996551515864166,1.0,2.6794285714285713,4302.0,-0.00016583726197527682,0.0027344651439946688
3.283245801184128,-0.9953765167862539,8.999285981008162,1.0,2.6792857142857143,4303.0,-0.00016583726197527682,0.002734465143996445
3.2830799639221526,-0.9952933530216131,9.002020446152157,1.0,2.679142857142857,4304.0,-0.00016583726197527682,0.0027344651439946688
3.2829141266601773,-0.9952101892569724,9.004754911296153,1.0,2.679,4305.0,-0.00016583726197527682,0.002734465143996445
3.282711641114395,-0.995285832164558,9.0082340935549,1.0,2.6786923076923075,4306.0,-0.00020248554578250477,0.0034791822587472154
3.2825091555686123,-0.9953614750721436,9.011713275813648,1.0,2.678384615384615,4307.0,-0.00020248554578250477,0.0034791822587472154
3.2823066700228294,-0.9954371179797292,9.015192458072395,1.0,2.678076923076923,4308.0,-0.00020248554578294886,0.0034791822587472154
3.282104184477047,-0.9955127608873148,9.018671640331142,1.0,2.6777692307692305,4309.0,-0.00020248554578250477,0.0034791822587472154
3.2819016989312644,-0.9955884037949004,9.02215082258989,1.0,2.677461538461538,4310.0,-0.00020248554578250477,0.0034791822587472154
3.281699213385482,-0.9956640467024861,9.025630004848637,1.0,2.6771538461538458,4311.0,-0.00020248554578250477,0.0034791822587472154
3.281496727839699,-0.9957396896100716,9.029109187107384,1.0,2.676846153846154,4312.0,-0.00020248554578294886,0.0034791822587472154
3.2812942422939164,-0.9958153325176573,9.032588369366131,1.0,2.6765384615384615,4313.0,-0.00020248554578250477,0.0034791822587472154
3.281091756748134,-0.995890975425243,9.036067551624878,1.0,2.676230769230769,4314.0,-0.00020248554578250477,0.0034791822587472154
3.2808892712023514,-0.9959666183328285,9.039546733883626,1.0,2.675923076923077,4315.0,-0.00020248554578250477,0.0034791822587472154
3.2806867856565685,-0.9960422612404142,9.043025916142373,1.0,2.6756153846153845,4316.0,-0.00020248554578294886,0.0034791822587472154
3.280484300110786,-0.9961179041479997,9.04650509840112,1.0,2.675307692307692,4317.0,-0.00020248554578250477,0.0034791822587472154
3.2802818145650035,-0.9961935470555854,9.049984280659867,1.0,2.675,4318.0,-0.00020248554578250477,0.0034791822587472154
3.2800947513499796,-0.9961111798169878,9.052747501458118,1.0,2.674857142857143,4319.0,-0.0001870632150238194,0.002763220798250643
3.279907688134956,-0.9960288125783903,9.055510722256367,1.0,2.6747142857142854,4320.0,-0.0001870632150238194,0.0027632207982488666
3.279720624919932,-0.9959464453397927,9.058273943054616,1.0,2.6745714285714284,4321.0,-0.0001870632150238194,0.0027632207982488666
3.279533561704908,-0.9958640781011951,9.061037163852866,1.0,2.6744285714285714,4322.0,-0.0001870632150238194,0.002763220798250643
3.2793464984898844,-0.9957817108625976,9.063800384651117,1.0,2.6742857142857144,4323.0,-0.0001870632150238194,0.002763220798250643
3.2791594352748605,-0.995699343624,9.066563605449366,1.0,2.674142857142857,4324.0,-0.0001870632150238194,0.0027632207982488666
3.2789723720598367,-0.9956169763854025,9.069326826247615,1.0,2.674,4325.0,-0.0001870632150238194,0.0027632207982488666
3.2787853088448133,-0.9955346091468049,9.072090047045865,1.0,2.673857142857143,4326.0,-0.0001870632150233753,0.002763220798250643
3.2785982456297895,-0.9954522419082074,9.074853267844116,1.0,2.6737142857142855,4327.0,-0.0001870632150238194,0.002763220798250643
3.2784111824147657,-0.9953698746696098,9.077616488642365,1.0,2.6735714285714285,4328.0,-0.0001870632150238194,0.0027632207982488666
3.278224119199742,-0.9952875074310122,9.080379709440614,1.0,2.6734285714285715,4329.0,-0.0001870632150238194,0.0027632207982488666
3.278037055984718,-0.9952051401924147,9.083142930238864,1.0,2.6732857142857145,4330.0,-0.0001870632150238194,0.002763220798250643
3.2778499927696942,-0.9951227729538171,9.085906151037115,1.0,2.673142857142857,4331.0,-0.0001870632150238194,0.002763220798250643
3.2776629295546704,-0.9950404057152196,9.088669371835364,1.0,2.673,4332.0,-0.0001870632150238194,0.0027632207982488666
3.2774789067178456,-0.9950694333756392,9.091194727763595,1.0,2.6726923076923077,4333.0,-0.00018402283682483755,0.002525355928231221
3.2772948838810207,-0.9950984610360589,9.093720083691826,1.0,2.6723846153846154,4334.0,-0.00018402283682483755,0.002525355928231221
3.2771108610441955,-0.9951274886964786,9.096245439620057,1.0,2.672076923076923,4335.0,-0.00018402283682528164,0.002525355928231221
3.2769268382073706,-0.9951565163568984,9.098770795548289,1.0,2.6717692307692307,4336.0,-0.00018402283682483755,0.002525355928231221
3.276742815370546,-0.9951855440173181,9.10129615147652,1.0,2.6714615384615383,4337.0,-0.00018402283682483755,0.002525355928231221
3.276558792533721,-0.9952145716777377,9.103821507404751,1.0,2.671153846153846,4338.0,-0.00018402283682483755,0.002525355928231221
3.2763747696968957,-0.9952435993381574,9.106346863332982,1.0,2.670846153846154,4339.0,-0.00018402283682528164,0.002525355928231221
3.276190746860071,-0.9952726269985771,9.108872219261213,1.0,2.6705384615384617,4340.0,-0.00018402283682483755,0.002525355928231221
3.276006724023246,-0.9953016546589968,9.111397575189445,1.0,2.6702307692307694,4341.0,-0.00018402283682483755,0.002525355928231221
3.275822701186421,-0.9953306823194166,9.113922931117676,1.0,2.669923076923077,4342.0,-0.00018402283682483755,0.002525355928231221
3.275638678349596,-0.9953597099798362,9.116448287045907,1.0,2.6696153846153847,4343.0,-0.00018402283682528164,0.002525355928231221
3.275454655512771,-0.9953887376402559,9.118973642974138,1.0,2.6693076923076924,4344.0,-0.00018402283682483755,0.002525355928231221
3.275270632675946,-0.9954177653006756,9.12149899890237,1.0,2.669,4345.0,-0.00018402283682483755,0.002525355928231221
3.275060177249829,-0.9954903120366694,9.12848274344578,1.0,2.668846153846154,4346.0,-0.0002104554261173064,0.006983744543409998
3.274849721823712,-0.9955628587726632,9.13546648798919,1.0,2.6686923076923077,4347.0,-0.0002104554261168623,0.006983744543409998
3.2746392663975947,-0.9956354055086569,9.1424502325326,1.0,2.6685384615384615,4348.0,-0.0002104554261173064,0.006983744543409998
3.2744288109714774,-0.9957079522446506,9.14943397707601,1.0,2.6683846153846154,4349.0,-0.0002104554261173064,0.006983744543409998
3.2742183555453606,-0.9957804989806444,9.15641772161942,1.0,2.668230769230769,4350.0,-0.0002104554261168623,0.006983744543409998
3.2740079001192433,-0.9958530457166381,9.16340146616283,1.0,2.668076923076923,4351.0,-0.0002104554261173064,0.006983744543409998
3.273797444693126,-0.9959255924526319,9.17038521070624,1.0,2.667923076923077,4352.0,-0.0002104554261173064,0.006983744543409998
3.2735869892670086,-0.9959981391886257,9.17736895524965,1.0,2.6677692307692307,4353.0,-0.0002104554261173064,0.006983744543409998
3.2733765338408918,-0.9960706859246194,9.18435269979306,1.0,2.6676153846153845,4354.0,-0.0002104554261168623,0.006983744543409998
3.2731660784147745,-0.9961432326606131,9.19133644433647,1.0,2.6674615384615383,4355.0,-0.0002104554261173064,0.006983744543409998
3.272955622988657,-0.9962157793966069,9.19832018887988,1.0,2.667307692307692,4356.0,-0.0002104554261173064,0.006983744543409998
3.2727451675625403,-0.9962883261326007,9.20530393342329,1.0,2.667153846153846,4357.0,-0.0002104554261168623,0.006983744543409998
3.272534712136423,-0.9963608728685944,9.2122876779667,1.0,2.667,4358.0,-0.0002104554261173064,0.006983744543409998
3.272369575289699,-0.9964186842651561,9.21505927974802,1.0,2.666785714285714,4359.0,-0.00016513684672414541,0.0027716017813208538
3.2722044384429747,-0.9964764956617178,9.217830881529343,1.0,2.6665714285714284,4360.0,-0.00016513684672414541,0.00277160178132263
3.2720393015962506,-0.9965343070582796,9.220602483310664,1.0,2.6663571428571426,4361.0,-0.00016513684672414541,0.0027716017813208538
3.2718741647495264,-0.9965921184548413,9.223374085091985,1.0,2.666142857142857,4362.0,-0.00016513684672414541,0.0027716017813208538
3.2717090279028023,-0.996649929851403,9.226145686873307,1.0,2.665928571428571,4363.0,-0.00016513684672414541,0.00277160178132263
3.271543891056078,-0.9967077412479647,9.228917288654628,1.0,2.6657142857142855,4364.0,-0.00016513684672414541,0.0027716017813208538
3.271378754209354,-0.9967655526445265,9.23168889043595,1.0,2.6654999999999998,4365.0,-0.00016513684672414541,0.00277160178132263
3.2712136173626303,-0.9968233640410882,9.234460492217272,1.0,2.6652857142857145,4366.0,-0.00016513684672370132,0.0027716017813208538
3.271048480515906,-0.9968811754376499,9.237232093998593,1.0,2.6650714285714288,4367.0,-0.00016513684672414541,0.0027716017813208538
3.270883343669182,-0.9969389868342116,9.240003695779915,1.0,2.664857142857143,4368.0,-0.00016513684672414541,0.00277160178132263
3.270718206822458,-0.9969967982307733,9.242775297561236,1.0,2.6646428571428573,4369.0,-0.00016513684672414541,0.0027716017813208538
3.2705530699757337,-0.997054609627335,9.245546899342557,1.0,2.6644285714285716,4370.0,-0.00016513684672414541,0.0027716017813208538
3.2703879331290096,-0.9971124210238967,9.24831850112388,1.0,2.664214285714286,4371.0,-0.00016513684672414541,0.00277160178132263
3.2702227962822854,-0.9971702324204584,9.2510901029052,1.0,2.664,4372.0,-0.00016513684672414541,0.0027716017813208538
3.2700145447224904,-0.9971632897938582,9.254986227818856,1.0,2.663846153846154,4373.0,-0.00020825155979498078,0.003896124913655541
3.2698062931626954,-0.9971563471672578,9.25888235273251,1.0,2.663692307692308,4374.0,-0.00020825155979498078,0.0038961249136537646
3.2695980416029005,-0.9971494045406575,9.262778477646165,1.0,2.6635384615384616,4375.0,-0.00020825155979498078,0.003896124913655541
3.2693897900431055,-0.9971424619140571,9.266674602559819,1.0,2.6633846153846155,4376.0,-0.00020825155979498078,0.0038961249136537646
3.2691815384833105,-0.9971355192874568,9.270570727473475,1.0,2.6632307692307693,4377.0,-0.00020825155979498078,0.003896124913655541
3.2689732869235155,-0.9971285766608565,9.27446685238713,1.0,2.663076923076923,4378.0,-0.00020825155979498078,0.003896124913655541
3.268765035363721,-0.9971216340342561,9.278362977300784,1.0,2.662923076923077,4379.0,-0.0002082515597945367,0.0038961249136537646
3.268556783803926,-0.9971146914076559,9.28225910221444,1.0,2.6627692307692308,4380.0,-0.00020825155979498078,0.003896124913655541
3.268348532244131,-0.9971077487810556,9.286155227128095,1.0,2.6626153846153846,4381.0,-0.00020825155979498078,0.003896124913655541
3.268140280684336,-0.9971008061544552,9.290051352041749,1.0,2.6624615384615384,4382.0,-0.00020825155979498078,0.0038961249136537646
3.267932029124541,-0.9970938635278549,9.293947476955404,1.0,2.6623076923076923,4383.0,-0.00020825155979498078,0.003896124913655541
3.267723777564746,-0.9970869209012545,9.297843601869058,1.0,2.662153846153846,4384.0,-0.00020825155979498078,0.0038961249136537646
3.267515526004951,-0.9970799782746542,9.301739726782714,1.0,2.662,4385.0,-0.00020825155979498078,0.003896124913655541
3.2673055058668354,-0.996949230119175,9.302384543044237,1.0,2.661769230769231,4386.0,-0.000210020138115663,0.0006448162615235731
3.26709548572872,-0.9968184819636958,9.303029359305759,1.0,2.6615384615384614,4387.0,-0.0002100201381152189,0.0006448162615217967
3.2668854655906046,-0.9966877338082166,9.303674175567282,1.0,2.6613076923076924,4388.0,-0.000210020138115663,0.0006448162615235731
3.2666754454524893,-0.9965569856527374,9.304318991828804,1.0,2.661076923076923,4389.0,-0.0002100201381152189,0.0006448162615217967
3.2664654253143737,-0.9964262374972582,9.304963808090328,1.0,2.660846153846154,4390.0,-0.000210020138115663,0.0006448162615235731
3.266255405176258,-0.996295489341779,9.30560862435185,1.0,2.6606153846153844,4391.0,-0.000210020138115663,0.0006448162615217967
3.266045385038143,-0.9961647411862998,9.306253440613373,1.0,2.6603846153846153,4392.0,-0.0002100201381152189,0.0006448162615235731
3.265835364900027,-0.9960339930308206,9.306898256874895,1.0,2.660153846153846,4393.0,-0.000210020138115663,0.0006448162615217967
3.2656253447619115,-0.9959032448753414,9.307543073136419,1.0,2.659923076923077,4394.0,-0.000210020138115663,0.0006448162615235731
3.2654153246237962,-0.9957724967198622,9.30818788939794,1.0,2.6596923076923074,4395.0,-0.0002100201381152189,0.0006448162615217967
3.2652053044856806,-0.995641748564383,9.308832705659464,1.0,2.6594615384615383,4396.0,-0.000210020138115663,0.0006448162615235731
3.2649952843475654,-0.9955110004089038,9.309477521920986,1.0,2.659230769230769,4397.0,-0.0002100201381152189,0.0006448162615217967
3.2647852642094497,-0.9953802522534246,9.31012233818251,1.0,2.659,4398.0,-0.000210020138115663,0.0006448162615235731
3.2645851137664677,-0.9954096195654525,9.312625438046378,1.0,2.658785714285714,4399.0,-0.00020015044298204998,0.002503099863869096
3.2643849633234856,-0.9954389868774802,9.315128537910248,1.0,2.6585714285714284,4400.0,-0.00020015044298204998,0.002503099863869096
3.2641848128805036,-0.995468354189508,9.317631637774115,1.0,2.6583571428571426,4401.0,-0.00020015044298204998,0.0025030998638673196
3.263984662437522,-0.9954977215015358,9.320134737637984,1.0,2.658142857142857,4402.0,-0.0002001504429816059,0.002503099863869096
3.26378451199454,-0.9955270888135637,9.322637837501853,1.0,2.657928571428571,4403.0,-0.00020015044298204998,0.002503099863869096
3.263584361551558,-0.9955564561255914,9.325140937365722,1.0,2.6577142857142855,4404.0,-0.00020015044298204998,0.002503099863869096
3.263384211108576,-0.9955858234376191,9.32764403722959,1.0,2.6574999999999998,4405.0,-0.00020015044298204998,0.0025030998638673196
3.2631840606655937,-0.995615190749647,9.330147137093459,1.0,2.6572857142857145,4406.0,-0.00020015044298204998,0.002503099863869096
3.2629839102226117,-0.9956445580616748,9.332650236957328,1.0,2.6570714285714288,4407.0,-0.00020015044298204998,0.002503099863869096
3.2627837597796296,-0.9956739253737026,9.335153336821197,1.0,2.656857142857143,4408.0,-0.00020015044298204998,0.002503099863869096
3.262583609336648,-0.9957032926857303,9.337656436685066,1.0,2.6566428571428573,4409.0,-0.0002001504429816059,0.002503099863869096
3.262383458893666,-0.9957326599977582,9.340159536548933,1.0,2.6564285714285716,4410.0,-0.00020015044298204998,0.0025030998638673196
3.262183308450684,-0.995762027309786,9.342662636412802,1.0,2.656214285714286,4411.0,-0.00020015044298204998,0.002503099863869096
3.261983158007702,-0.9957913946218138,9.345165736276671,1.0,2.656,4412.0,-0.00020015044298204998,0.002503099863869096
3.2617778236272597,-0.9958335061944066,9.350348870894534,1.0,2.655769230769231,4413.0,-0.00020533438044223473,0.0051831346178623505
3.2615724892468174,-0.9958756177669994,9.355532005512396,1.0,2.6555384615384616,4414.0,-0.00020533438044223473,0.0051831346178623505
3.261367154866375,-0.9959177293395922,9.360715140130258,1.0,2.6553076923076926,4415.0,-0.00020533438044223473,0.0051831346178623505
3.2611618204859325,-0.995959840912185,9.36589827474812,1.0,2.655076923076923,4416.0,-0.00020533438044267882,0.0051831346178623505
3.2609564861054903,-0.9960019524847779,9.371081409365983,1.0,2.654846153846154,4417.0,-0.00020533438044223473,0.0051831346178623505
3.260751151725048,-0.9960440640573707,9.376264543983845,1.0,2.6546153846153846,4418.0,-0.00020533438044223473,0.0051831346178623505
3.260545817344606,-0.9960861756299635,9.381447678601706,1.0,2.6543846153846156,4419.0,-0.00020533438044223473,0.005183134617860574
3.2603404829641636,-0.9961282872025563,9.386630813219568,1.0,2.654153846153846,4420.0,-0.00020533438044223473,0.0051831346178623505
3.2601351485837213,-0.9961703987751491,9.39181394783743,1.0,2.653923076923077,4421.0,-0.00020533438044223473,0.0051831346178623505
3.2599298142032787,-0.9962125103477419,9.396997082455293,1.0,2.6536923076923076,4422.0,-0.00020533438044267882,0.0051831346178623505
3.2597244798228364,-0.9962546219203348,9.402180217073155,1.0,2.6534615384615385,4423.0,-0.00020533438044223473,0.0051831346178623505
3.259519145442394,-0.9962967334929276,9.407363351691018,1.0,2.653230769230769,4424.0,-0.00020533438044223473,0.0051831346178623505
3.259313811061952,-0.9963388450655204,9.41254648630888,1.0,2.653,4425.0,-0.00020533438044223473,0.0051831346178623505
3.2591091364002605,-0.9962143348531851,9.41441978381479,1.0,2.6529285714285713,4426.0,-0.00020467466169149517,0.001873297505909477
3.258904461738569,-0.9960898246408498,9.416293081320697,1.0,2.652857142857143,4427.0,-0.00020467466169149517,0.0018732975059077006
3.2586997870768775,-0.9959653144285145,9.418166378826605,1.0,2.6527857142857143,4428.0,-0.00020467466169149517,0.0018732975059077006
3.258495112415186,-0.9958408042161793,9.420039676332514,1.0,2.6527142857142856,4429.0,-0.00020467466169149517,0.001873297505909477
3.2582904377534945,-0.995716294003844,9.421912973838424,1.0,2.6526428571428573,4430.0,-0.00020467466169149517,0.001873297505909477
3.258085763091803,-0.9955917837915087,9.423786271344332,1.0,2.6525714285714286,4431.0,-0.00020467466169149517,0.0018732975059077006
3.2578810884301115,-0.9954672735791734,9.42565956885024,1.0,2.6525000000000003,4432.0,-0.00020467466169149517,0.0018732975059077006
3.2576764137684195,-0.9953427633668381,9.427532866356149,1.0,2.6524285714285716,4433.0,-0.00020467466169193926,0.001873297505909477
3.257471739106728,-0.9952182531545029,9.429406163862058,1.0,2.652357142857143,4434.0,-0.00020467466169149517,0.001873297505909477
3.2572670644450366,-0.9950937429421676,9.431279461367966,1.0,2.6522857142857146,4435.0,-0.00020467466169149517,0.0018732975059077006
3.257062389783345,-0.9949692327298323,9.433152758873874,1.0,2.652214285714286,4436.0,-0.00020467466169149517,0.0018732975059077006
3.2568577151216536,-0.994844722517497,9.435026056379783,1.0,2.652142857142857,4437.0,-0.00020467466169149517,0.001873297505909477
3.256653040459962,-0.9947202123051617,9.436899353885693,1.0,2.652071428571429,4438.0,-0.00020467466169149517,0.001873297505909477
3.2564483657982706,-0.9945957020928264,9.4387726513916,1.0,2.652,4439.0,-0.00020467466169149517,0.0018732975059077006
3.256235898907407,-0.9948511884129505,9.440608775202904,1.0,2.651692307692308,4440.0,-0.00021246689086362736,0.0018361238113033806
3.256023432016543,-0.9951066747330747,9.442444899014205,1.0,2.6513846153846155,4441.0,-0.00021246689086407144,0.0018361238113016043
3.2558109651256792,-0.9953621610531987,9.444281022825509,1.0,2.651076923076923,4442.0,-0.00021246689086362736,0.0018361238113033806
3.255598498234815,-0.9956176473733229,9.44611714663681,1.0,2.6507692307692308,4443.0,-0.00021246689086407144,0.0018361238113016043
3.2553860313439515,-0.995873133693447,9.447953270448114,1.0,2.6504615384615384,4444.0,-0.00021246689086362736,0.0018361238113033806
3.2551735644530875,-0.996128620013571,9.449789394259415,1.0,2.650153846153846,4445.0,-0.00021246689086407144,0.0018361238113016043
3.254961097562224,-0.9963841063336952,9.451625518070719,1.0,2.649846153846154,4446.0,-0.00021246689086362736,0.0018361238113033806
3.2547486306713598,-0.9966395926538193,9.45346164188202,1.0,2.649538461538462,4447.0,-0.00021246689086407144,0.0018361238113016043
3.254536163780496,-0.9968950789739434,9.455297765693324,1.0,2.6492307692307695,4448.0,-0.00021246689086362736,0.0018361238113033806
3.254323696889632,-0.9971505652940675,9.457133889504625,1.0,2.648923076923077,4449.0,-0.00021246689086407144,0.0018361238113016043
3.2541112299987685,-0.9974060516141916,9.458970013315929,1.0,2.648615384615385,4450.0,-0.00021246689086362736,0.0018361238113033806
3.2538987631079044,-0.9976615379343158,9.46080613712723,1.0,2.6483076923076925,4451.0,-0.00021246689086407144,0.0018361238113016043
3.2536862962170408,-0.9979170242544398,9.462642260938534,1.0,2.648,4452.0,-0.00021246689086362736,0.0018361238113033806
3.2534521375743757,-0.9978570344850319,9.464868275775254,1.0,2.647692307692308,4453.0,-0.00023415864266507214,0.00222601483672058
3.2532179789317106,-0.997797044715624,9.467094290611977,1.0,2.6473846153846154,4454.0,-0.00023415864266507214,0.0022260148367223564
3.2529838202890455,-0.9977370549462161,9.469320305448697,1.0,2.647076923076923,4455.0,-0.00023415864266507214,0.00222601483672058
3.2527496616463805,-0.9976770651768081,9.471546320285418,1.0,2.6467692307692308,4456.0,-0.00023415864266507214,0.00222601483672058
3.2525155030037154,-0.9976170754074002,9.47377233512214,1.0,2.6464615384615384,4457.0,-0.00023415864266507214,0.0022260148367223564
3.2522813443610503,-0.9975570856379923,9.47599834995886,1.0,2.646153846153846,4458.0,-0.00023415864266507214,0.00222601483672058
3.2520471857183852,-0.9974970958685844,9.478224364795581,1.0,2.645846153846154,4459.0,-0.00023415864266507214,0.00222601483672058
3.25181302707572,-0.9974371060991765,9.480450379632302,1.0,2.645538461538462,4460.0,-0.00023415864266507214,0.00222601483672058
3.251578868433055,-0.9973771163297686,9.482676394469024,1.0,2.6452307692307695,4461.0,-0.00023415864266507214,0.0022260148367223564
3.25134470979039,-0.9973171265603605,9.484902409305745,1.0,2.644923076923077,4462.0,-0.00023415864266507214,0.00222601483672058
3.251110551147725,-0.9972571367909526,9.487128424142465,1.0,2.644615384615385,4463.0,-0.00023415864266507214,0.00222601483672058
3.25087639250506,-0.9971971470215447,9.489354438979188,1.0,2.6443076923076925,4464.0,-0.00023415864266507214,0.0022260148367223564
3.250642233862395,-0.9971371572521368,9.491580453815908,1.0,2.644,4465.0,-0.00023415864266507214,0.00222601483672058
3.250427745493119,-0.9970939307064015,9.49435363692596,1.0,2.6437142857142857,4466.0,-0.0002144883692758448,0.0027731831100510362
3.2502132571238427,-0.9970507041606662,9.49712682003601,1.0,2.6434285714285717,4467.0,-0.0002144883692762889,0.0027731831100510362
3.249998768754567,-0.9970074776149309,9.499900003146063,1.0,2.6431428571428572,4468.0,-0.0002144883692758448,0.0027731831100528126
3.2497842803852905,-0.9969642510691955,9.502673186256114,1.0,2.642857142857143,4469.0,-0.0002144883692762889,0.0027731831100510362
3.2495697920160147,-0.9969210245234602,9.505446369366165,1.0,2.642571428571429,4470.0,-0.0002144883692758448,0.0027731831100510362
3.2493553036467384,-0.9968777979777249,9.508219552476216,1.0,2.6422857142857143,4471.0,-0.0002144883692762889,0.0027731831100510362
3.2491408152774626,-0.9968345714319896,9.51099273558627,1.0,2.6420000000000003,4472.0,-0.0002144883692758448,0.0027731831100528126
3.2489263269081867,-0.9967913448862543,9.51376591869632,1.0,2.641714285714286,4473.0,-0.0002144883692758448,0.0027731831100510362
3.2487118385389104,-0.996748118340519,9.516539101806371,1.0,2.6414285714285715,4474.0,-0.0002144883692762889,0.0027731831100510362
3.2484973501696346,-0.9967048917947837,9.519312284916422,1.0,2.6411428571428575,4475.0,-0.0002144883692758448,0.0027731831100510362
3.2482828618003583,-0.9966616652490483,9.522085468026473,1.0,2.640857142857143,4476.0,-0.0002144883692762889,0.0027731831100510362
3.2480683734310825,-0.996618438703313,9.524858651136526,1.0,2.6405714285714286,4477.0,-0.0002144883692758448,0.0027731831100528126
3.247853885061806,-0.9965752121575777,9.527631834246577,1.0,2.6402857142857146,4478.0,-0.0002144883692762889,0.0027731831100510362
3.2476393966925303,-0.9965319856118424,9.530405017356628,1.0,2.64,4479.0,-0.0002144883692758448,0.0027731831100510362
3.2474023895674007,-0.9964193194767907,9.533612016991224,1.0,2.639846153846154,4480.0,-0.00023700712512964017,0.0032069996345960305
3.2471653824422715,-0.996306653341739,9.536819016625818,1.0,2.639692307692308,4481.0,-0.00023700712512919608,0.003206999634594254
3.246928375317142,-0.9961939872066873,9.540026016260414,1.0,2.6395384615384616,4482.0,-0.00023700712512964017,0.0032069996345960305
3.246691368192012,-0.9960813210716355,9.543233015895009,1.0,2.6393846153846154,4483.0,-0.00023700712512964017,0.003206999634594254
3.246454361066883,-0.9959686549365838,9.546440015529605,1.0,2.6392307692307693,4484.0,-0.00023700712512919608,0.0032069996345960305
3.2462173539417534,-0.995855988801532,9.5496470151642,1.0,2.639076923076923,4485.0,-0.00023700712512964017,0.0032069996345960305
3.2459803468166237,-0.9957433226664804,9.552854014798795,1.0,2.638923076923077,4486.0,-0.00023700712512964017,0.003206999634594254
3.245743339691494,-0.9956306565314286,9.556061014433391,1.0,2.6387692307692308,4487.0,-0.00023700712512964017,0.0032069996345960305
3.245506332566365,-0.9955179903963769,9.559268014067987,1.0,2.6386153846153846,4488.0,-0.00023700712512919608,0.0032069996345960305
3.2452693254412353,-0.9954053242613251,9.562475013702581,1.0,2.6384615384615384,4489.0,-0.00023700712512964017,0.003206999634594254
3.2450323183161056,-0.9952926581262734,9.565682013337177,1.0,2.6383076923076922,4490.0,-0.00023700712512964017,0.0032069996345960305
3.2447953111909764,-0.9951799919912216,9.568889012971772,1.0,2.638153846153846,4491.0,-0.00023700712512919608,0.003206999634594254
3.2445583040658468,-0.99506732585617,9.572096012606368,1.0,2.638,4492.0,-0.00023700712512964017,0.0032069996345960305
3.244318175616487,-0.9951388594465922,9.572998083532514,1.0,2.6376923076923076,4493.0,-0.00024012844935983324,0.0009020709261466919
3.2440780471671267,-0.9952103930370144,9.573900154458661,1.0,2.637384615384615,4494.0,-0.00024012844936027733,0.0009020709261466919
3.243837918717767,-0.9952819266274366,9.57480222538481,1.0,2.637076923076923,4495.0,-0.00024012844935983324,0.0009020709261484683
3.2435977902684066,-0.9953534602178589,9.575704296310956,1.0,2.6367692307692305,4496.0,-0.00024012844936027733,0.0009020709261466919
3.2433576618190467,-0.9954249938082811,9.576606367237103,1.0,2.636461538461538,4497.0,-0.00024012844935983324,0.0009020709261466919
3.243117533369687,-0.9954965273987033,9.57750843816325,1.0,2.636153846153846,4498.0,-0.00024012844935983324,0.0009020709261466919
3.2428774049203266,-0.9955680609891256,9.578410509089398,1.0,2.635846153846154,4499.0,-0.00024012844936027733,0.0009020709261484683
3.242637276470967,-0.9956395945795479,9.579312580015545,1.0,2.6355384615384616,4500.0,-0.00024012844935983324,0.0009020709261466919
3.242397148021607,-0.9957111281699701,9.580214650941691,1.0,2.6352307692307693,4501.0,-0.00024012844935983324,0.0009020709261466919
3.2421570195722467,-0.9957826617603923,9.581116721867838,1.0,2.634923076923077,4502.0,-0.00024012844936027733,0.0009020709261466919
3.241916891122887,-0.9958541953508145,9.582018792793987,1.0,2.6346153846153846,4503.0,-0.00024012844935983324,0.0009020709261484683
3.2416767626735266,-0.9959257289412368,9.582920863720133,1.0,2.6343076923076922,4504.0,-0.00024012844936027733,0.0009020709261466919
3.2414366342241667,-0.995997262531659,9.58382293464628,1.0,2.634,4505.0,-0.00024012844935983324,0.0009020709261466919
3.241207008571635,-0.9959869150350112,9.585704664661383,1.0,2.633785714285714,4506.0,-0.0002296256525315954,0.0018817300151035
3.2409773829191035,-0.9959765675383635,9.587586394676489,1.0,2.6335714285714285,4507.0,-0.0002296256525315954,0.0018817300151052763
3.240747757266572,-0.9959662200417158,9.589468124691592,1.0,2.6333571428571427,4508.0,-0.0002296256525315954,0.0018817300151035
3.2405181316140403,-0.9959558725450681,9.591349854706696,1.0,2.633142857142857,4509.0,-0.0002296256525315954,0.0018817300151035
3.2402885059615087,-0.9959455250484204,9.5932315847218,1.0,2.6329285714285713,4510.0,-0.0002296256525315954,0.0018817300151035
3.240058880308977,-0.9959351775517726,9.595113314736905,1.0,2.6327142857142856,4511.0,-0.0002296256525315954,0.0018817300151052763
3.2398292546564456,-0.9959248300551249,9.596995044752008,1.0,2.6325,4512.0,-0.0002296256525315954,0.0018817300151035
3.2395996290039135,-0.9959144825584771,9.598876774767112,1.0,2.632285714285714,4513.0,-0.00022962565253203948,0.0018817300151035
3.239370003351382,-0.9959041350618294,9.600758504782217,1.0,2.6320714285714284,4514.0,-0.0002296256525315954,0.0018817300151052763
3.2391403776988503,-0.9958937875651817,9.60264023479732,1.0,2.6318571428571427,4515.0,-0.0002296256525315954,0.0018817300151035
3.2389107520463187,-0.995883440068534,9.604521964812424,1.0,2.631642857142857,4516.0,-0.0002296256525315954,0.0018817300151035
3.238681126393787,-0.9958730925718863,9.606403694827527,1.0,2.6314285714285712,4517.0,-0.0002296256525315954,0.0018817300151035
3.2384515007412555,-0.9958627450752385,9.608285424842633,1.0,2.6312142857142855,4518.0,-0.0002296256525315954,0.0018817300151052763
3.238221875088724,-0.9958523975785908,9.610167154857736,1.0,2.631,4519.0,-0.0002296256525315954,0.0018817300151035
3.237984135509313,-0.9958217662417783,9.61414390016863,1.0,2.6307692307692307,4520.0,-0.0002377395794108672,0.003976745310893648
3.237746395929902,-0.9957911349049658,9.618120645479525,1.0,2.6305384615384613,4521.0,-0.0002377395794108672,0.003976745310895424
3.237508656350491,-0.9957605035681534,9.622097390790419,1.0,2.6303076923076922,4522.0,-0.0002377395794113113,0.003976745310893648
3.23727091677108,-0.9957298722313409,9.626074136101314,1.0,2.6300769230769228,4523.0,-0.0002377395794108672,0.003976745310895424
3.237033177191669,-0.9956992408945284,9.630050881412208,1.0,2.6298461538461537,4524.0,-0.0002377395794108672,0.003976745310893648
3.2367954376122583,-0.995668609557716,9.634027626723102,1.0,2.6296153846153847,4525.0,-0.0002377395794108672,0.003976745310893648
3.236557698032847,-0.9956379782209036,9.638004372033997,1.0,2.629384615384615,4526.0,-0.0002377395794113113,0.003976745310895424
3.236319958453436,-0.9956073468840911,9.64198111734489,1.0,2.629153846153846,4527.0,-0.0002377395794108672,0.003976745310893648
3.2360822188740253,-0.9955767155472787,9.645957862655784,1.0,2.628923076923077,4528.0,-0.0002377395794108672,0.003976745310893648
3.2358444792946144,-0.9955460842104662,9.64993460796668,1.0,2.6286923076923077,4529.0,-0.0002377395794108672,0.003976745310895424
3.235606739715203,-0.9955154528736537,9.653911353277573,1.0,2.6284615384615386,4530.0,-0.0002377395794113113,0.003976745310893648
3.235369000135792,-0.9954848215368413,9.657888098588469,1.0,2.628230769230769,4531.0,-0.0002377395794108672,0.003976745310895424
3.2351312605563813,-0.9954541902000288,9.661864843899362,1.0,2.628,4532.0,-0.0002377395794108672,0.003976745310893648
3.234883161796241,-0.9956038485947879,9.664998818870489,1.0,2.6277142857142857,4533.0,-0.000248098760140536,0.003133974971126108
3.2346350630361003,-0.995753506989547,9.668132793841615,1.0,2.6274285714285717,4534.0,-0.000248098760140536,0.003133974971126108
3.2343869642759597,-0.9959031653843061,9.67126676881274,1.0,2.6271428571428572,4535.0,-0.000248098760140536,0.003133974971126108
3.234138865515819,-0.9960528237790653,9.674400743783867,1.0,2.626857142857143,4536.0,-0.000248098760140536,0.003133974971126108
3.2338907667556787,-0.9962024821738245,9.677534718754993,1.0,2.626571428571429,4537.0,-0.000248098760140536,0.003133974971126108
3.233642667995538,-0.9963521405685836,9.680668693726119,1.0,2.6262857142857143,4538.0,-0.000248098760140536,0.003133974971126108
3.2333945692353976,-0.9965017989633427,9.683802668697243,1.0,2.6260000000000003,4539.0,-0.000248098760140536,0.0031339749711243314
3.233146470475257,-0.9966514573581018,9.68693664366837,1.0,2.625714285714286,4540.0,-0.000248098760140536,0.003133974971126108
3.2328983717151165,-0.9968011157528609,9.690070618639496,1.0,2.6254285714285714,4541.0,-0.000248098760140536,0.003133974971126108
3.232650272954976,-0.99695077414762,9.693204593610622,1.0,2.6251428571428574,4542.0,-0.000248098760140536,0.003133974971126108
3.2324021741948354,-0.9971004325423792,9.696338568581748,1.0,2.624857142857143,4543.0,-0.000248098760140536,0.003133974971126108
3.232154075434695,-0.9972500909371383,9.699472543552874,1.0,2.6245714285714286,4544.0,-0.000248098760140536,0.003133974971126108
3.2319059766745544,-0.9973997493318975,9.702606518524,1.0,2.6242857142857146,4545.0,-0.000248098760140536,0.003133974971126108
3.231657877914414,-0.9975494077266566,9.705740493495126,1.0,2.624,4546.0,-0.000248098760140536,0.003133974971126108
3.231388871770556,-0.9974958827014744,9.709147767479246,1.0,2.623769230769231,4547.0,-0.0002690061438577196,0.003407273984119996
3.2311198656266984,-0.9974423576762921,9.712555041463366,1.0,2.6235384615384616,4548.0,-0.0002690061438577196,0.003407273984119996
3.2308508594828407,-0.9973888326511099,9.715962315447488,1.0,2.6233076923076926,4549.0,-0.0002690061438577196,0.0034072739841217725
3.230581853338983,-0.9973353076259276,9.719369589431608,1.0,2.623076923076923,4550.0,-0.0002690061438577196,0.003407273984119996
3.2303128471951252,-0.9972817826007454,9.722776863415728,1.0,2.622846153846154,4551.0,-0.0002690061438577196,0.003407273984119996
3.2300438410512675,-0.9972282575755632,9.726184137399848,1.0,2.6226153846153846,4552.0,-0.0002690061438577196,0.003407273984119996
3.2297748349074094,-0.9971747325503809,9.72959141138397,1.0,2.6223846153846155,4553.0,-0.0002690061438581637,0.0034072739841217725
3.2295058287635516,-0.9971212075251987,9.73299868536809,1.0,2.622153846153846,4554.0,-0.0002690061438577196,0.003407273984119996
3.229236822619694,-0.9970676825000165,9.73640595935221,1.0,2.621923076923077,4555.0,-0.0002690061438577196,0.003407273984119996
3.228967816475836,-0.9970141574748342,9.73981323333633,1.0,2.6216923076923075,4556.0,-0.0002690061438577196,0.003407273984119996
3.2286988103319785,-0.996960632449652,9.743220507320451,1.0,2.6214615384615385,4557.0,-0.0002690061438577196,0.0034072739841217725
3.2284298041881208,-0.9969071074244698,9.746627781304571,1.0,2.621230769230769,4558.0,-0.0002690061438577196,0.003407273984119996
3.228160798044263,-0.9968535823992876,9.750035055288691,1.0,2.621,4559.0,-0.0002690061438577196,0.003407273984119996
3.227905450887692,-0.9968045050148098,9.750617426282206,1.0,2.6206923076923077,4560.0,-0.0002553471565711618,0.0005823709935146582
3.2276501037311207,-0.996755427630332,9.75119979727572,1.0,2.6203846153846153,4561.0,-0.0002553471565711618,0.0005823709935146582
3.227394756574549,-0.9967063502458542,9.751782168269234,1.0,2.620076923076923,4562.0,-0.0002553471565716059,0.0005823709935128818
3.227139409417978,-0.9966572728613764,9.752364539262748,1.0,2.6197692307692306,4563.0,-0.0002553471565711618,0.0005823709935146582
3.226884062261407,-0.9966081954768986,9.752946910256263,1.0,2.6194615384615383,4564.0,-0.0002553471565711618,0.0005823709935146582
3.2266287151048356,-0.9965591180924208,9.753529281249778,1.0,2.619153846153846,4565.0,-0.0002553471565711618,0.0005823709935146582
3.226373367948264,-0.9965100407079431,9.75411165224329,1.0,2.618846153846154,4566.0,-0.0002553471565716059,0.0005823709935128818
3.226118020791693,-0.9964609633234653,9.754694023236805,1.0,2.6185384615384617,4567.0,-0.0002553471565711618,0.0005823709935146582
3.2258626736351217,-0.9964118859389876,9.75527639423032,1.0,2.6182307692307694,4568.0,-0.0002553471565711618,0.0005823709935146582
3.2256073264785505,-0.9963628085545098,9.755858765223834,1.0,2.617923076923077,4569.0,-0.0002553471565711618,0.0005823709935146582
3.225351979321979,-0.996313731170032,9.756441136217347,1.0,2.6176153846153847,4570.0,-0.0002553471565716059,0.0005823709935128818
3.2250966321654078,-0.9962646537855542,9.757023507210862,1.0,2.6173076923076923,4571.0,-0.0002553471565711618,0.0005823709935146582
3.2248412850088366,-0.9962155764010764,9.757605878204377,1.0,2.617,4572.0,-0.0002553471565711618,0.0005823709935146582
3.2245892017021767,-0.9962001144005418,9.761799534245755,1.0,2.6167857142857143,4573.0,-0.0002520833066599337,0.004193656041378446
3.2243371183955167,-0.9961846524000072,9.765993190287135,1.0,2.6165714285714285,4574.0,-0.0002520833066599337,0.004193656041380223
3.224085035088857,-0.9961691903994727,9.770186846328514,1.0,2.616357142857143,4575.0,-0.0002520833066599337,0.004193656041378446
3.223832951782197,-0.9961537283989381,9.774380502369892,1.0,2.616142857142857,4576.0,-0.0002520833066599337,0.004193656041378446
3.223580868475537,-0.9961382663984035,9.77857415841127,1.0,2.6159285714285714,4577.0,-0.0002520833066599337,0.004193656041378446
3.223328785168877,-0.9961228043978689,9.78276781445265,1.0,2.6157142857142857,4578.0,-0.0002520833066599337,0.004193656041380223
3.223076701862217,-0.9961073423973344,9.78696147049403,1.0,2.6155,4579.0,-0.0002520833066599337,0.004193656041378446
3.2228246185555567,-0.9960918803967999,9.791155126535408,1.0,2.615285714285714,4580.0,-0.0002520833066603778,0.004193656041378446
3.2225725352488968,-0.9960764183962653,9.795348782576788,1.0,2.6150714285714285,4581.0,-0.0002520833066599337,0.004193656041380223
3.222320451942237,-0.9960609563957307,9.799542438618166,1.0,2.6148571428571428,4582.0,-0.0002520833066599337,0.004193656041378446
3.222068368635577,-0.9960454943951961,9.803736094659545,1.0,2.614642857142857,4583.0,-0.0002520833066599337,0.004193656041378446
3.221816285328917,-0.9960300323946616,9.807929750700923,1.0,2.6144285714285713,4584.0,-0.0002520833066599337,0.004193656041378446
3.221564202022257,-0.996014570394127,9.812123406742304,1.0,2.6142142857142856,4585.0,-0.0002520833066599337,0.004193656041380223
3.221312118715597,-0.9959991083935924,9.816317062783682,1.0,2.614,4586.0,-0.0002520833066599337,0.004193656041378446
3.221029346095119,-0.9959459378548196,9.821408441314857,1.0,2.6136923076923075,4587.0,-0.00028277262047815555,0.005091378531174584
3.2207465734746408,-0.9958927673160467,9.826499819846031,1.0,2.613384615384615,4588.0,-0.00028277262047815555,0.005091378531174584
3.220463800854162,-0.9958395967772738,9.831591198377206,1.0,2.613076923076923,4589.0,-0.00028277262047859963,0.005091378531174584
3.220181028233684,-0.995786426238501,9.836682576908382,1.0,2.6127692307692305,4590.0,-0.00028277262047815555,0.00509137853117636
3.219898255613206,-0.9957332556997281,9.841773955439557,1.0,2.612461538461538,4591.0,-0.00028277262047815555,0.005091378531174584
3.2196154829927277,-0.9956800851609553,9.846865333970731,1.0,2.612153846153846,4592.0,-0.00028277262047815555,0.005091378531174584
3.219332710372249,-0.9956269146221823,9.851956712501906,1.0,2.611846153846154,4593.0,-0.00028277262047859963,0.005091378531174584
3.219049937751771,-0.9955737440834095,9.85704809103308,1.0,2.6115384615384616,4594.0,-0.00028277262047815555,0.005091378531174584
3.218767165131293,-0.9955205735446366,9.862139469564255,1.0,2.6112307692307692,4595.0,-0.00028277262047815555,0.005091378531174584
3.2184843925108146,-0.9954674030058638,9.867230848095431,1.0,2.610923076923077,4596.0,-0.00028277262047815555,0.00509137853117636
3.218201619890336,-0.9954142324670909,9.872322226626606,1.0,2.6106153846153846,4597.0,-0.00028277262047859963,0.005091378531174584
3.217918847269858,-0.9953610619283181,9.87741360515778,1.0,2.610307692307692,4598.0,-0.00028277262047815555,0.005091378531174584
3.2176360746493797,-0.9953078913895452,9.882504983688955,1.0,2.61,4599.0,-0.00028277262047815555,0.005091378531174584
3.217388400723419,-0.9953685612002405,9.883386751026215,1.0,2.6097142857142854,4600.0,-0.0002476739259607008,0.0008817673372600865
3.2171407267974583,-0.9954292310109359,9.884268518363475,1.0,2.6094285714285714,4601.0,-0.0002476739259607008,0.0008817673372600865
3.2168930528714976,-0.9954899008216314,9.885150285700735,1.0,2.609142857142857,4602.0,-0.0002476739259607008,0.0008817673372600865
3.216645378945537,-0.9955505706323267,9.886032053037995,1.0,2.6088571428571425,4603.0,-0.0002476739259607008,0.0008817673372600865
3.2163977050195762,-0.995611240443022,9.886913820375256,1.0,2.6085714285714285,4604.0,-0.0002476739259607008,0.0008817673372600865
3.2161500310936155,-0.9956719102537174,9.887795587712516,1.0,2.608285714285714,4605.0,-0.0002476739259607008,0.0008817673372600865
3.215902357167655,-0.9957325800644128,9.888677355049776,1.0,2.608,4606.0,-0.0002476739259607008,0.0008817673372600865
3.2156546832416937,-0.9957932498751081,9.889559122387036,1.0,2.6077142857142857,4607.0,-0.0002476739259611449,0.0008817673372600865
3.215407009315733,-0.9958539196858034,9.890440889724296,1.0,2.607428571428571,4608.0,-0.0002476739259607008,0.0008817673372600865
3.2151593353897723,-0.9959145894964988,9.891322657061556,1.0,2.607142857142857,4609.0,-0.0002476739259607008,0.0008817673372600865
3.2149116614638116,-0.9959752593071942,9.892204424398816,1.0,2.6068571428571428,4610.0,-0.0002476739259607008,0.0008817673372600865
3.214663987537851,-0.9960359291178895,9.893086191736076,1.0,2.6065714285714283,4611.0,-0.0002476739259607008,0.0008817673372600865
3.21441631361189,-0.9960965989285848,9.893967959073336,1.0,2.6062857142857143,4612.0,-0.0002476739259607008,0.0008817673372600865
3.2141686396859295,-0.9961572687392802,9.894849726410596,1.0,2.606,4613.0,-0.0002476739259607008,0.0008817673372600865
3.2138673924434578,-0.9960441342092284,9.898300398266525,1.0,2.6056923076923075,4614.0,-0.00030124724247171386,0.003450671855928178
3.2135661452009856,-0.9959309996791766,9.901751070122451,1.0,2.605384615384615,4615.0,-0.00030124724247215795,0.0034506718559264016
3.213264897958514,-0.9958178651491248,9.905201741978379,1.0,2.605076923076923,4616.0,-0.00030124724247171386,0.003450671855928178
3.212963650716042,-0.995704730619073,9.908652413834307,1.0,2.6047692307692305,4617.0,-0.00030124724247171386,0.003450671855928178
3.21266240347357,-0.9955915960890213,9.912103085690234,1.0,2.604461538461538,4618.0,-0.00030124724247215795,0.0034506718559264016
3.2123611562310983,-0.9954784615589695,9.915553757546162,1.0,2.604153846153846,4619.0,-0.00030124724247171386,0.003450671855928178
3.2120599089886266,-0.9953653270289178,9.91900442940209,1.0,2.603846153846154,4620.0,-0.00030124724247171386,0.003450671855928178
3.211758661746155,-0.995252192498866,9.922455101258018,1.0,2.6035384615384616,4621.0,-0.00030124724247171386,0.003450671855928178
3.2114574145036827,-0.9951390579688142,9.925905773113945,1.0,2.6032307692307692,4622.0,-0.00030124724247215795,0.0034506718559264016
3.211156167261211,-0.9950259234387624,9.929356444969873,1.0,2.602923076923077,4623.0,-0.00030124724247171386,0.003450671855928178
3.2108549200187393,-0.9949127889087106,9.932807116825801,1.0,2.6026153846153846,4624.0,-0.00030124724247171386,0.003450671855928178
3.210553672776267,-0.9947996543786588,9.936257788681727,1.0,2.602307692307692,4625.0,-0.00030124724247215795,0.0034506718559264016
3.2102524255337954,-0.994686519848607,9.939708460537656,1.0,2.602,4626.0,-0.00030124724247171386,0.003450671855928178
3.2099571718283975,-0.994764770525554,9.9420575130827,1.0,2.6016923076923075,4627.0,-0.0002952537053979576,0.002349052545044472
3.2096619181229995,-0.994843021202501,9.944406565627743,1.0,2.601384615384615,4628.0,-0.0002952537053979576,0.002349052545042696
3.2093666644176015,-0.994921271879448,9.946755618172787,1.0,2.601076923076923,4629.0,-0.0002952537053979576,0.002349052545044472
3.2090714107122036,-0.994999522556395,9.94910467071783,1.0,2.6007692307692305,4630.0,-0.0002952537053979576,0.002349052545042696
3.2087761570068056,-0.995077773233342,9.951453723262874,1.0,2.600461538461538,4631.0,-0.0002952537053979576,0.002349052545044472
3.2084809033014077,-0.995156023910289,9.953802775807919,1.0,2.600153846153846,4632.0,-0.0002952537053979576,0.002349052545044472
3.2081856495960093,-0.995234274587236,9.956151828352962,1.0,2.599846153846154,4633.0,-0.0002952537053984017,0.002349052545042696
3.2078903958906113,-0.995312525264183,9.958500880898006,1.0,2.5995384615384616,4634.0,-0.0002952537053979576,0.002349052545044472
3.2075951421852134,-0.99539077594113,9.96084993344305,1.0,2.5992307692307692,4635.0,-0.0002952537053979576,0.002349052545044472
3.2072998884798154,-0.995469026618077,9.963198985988093,1.0,2.598923076923077,4636.0,-0.0002952537053979576,0.002349052545042696
3.2070046347744174,-0.995547277295024,9.965548038533138,1.0,2.5986153846153845,4637.0,-0.0002952537053979576,0.002349052545044472
3.2067093810690195,-0.995625527971971,9.96789709107818,1.0,2.598307692307692,4638.0,-0.0002952537053979576,0.002349052545042696
3.2064141273636215,-0.995703778648918,9.970246143623225,1.0,2.598,4639.0,-0.0002952537053979576,0.002349052545044472
3.206134739733,-0.9957438469413673,9.972079268205496,1.0,2.5977142857142854,4640.0,-0.0002793876306217413,0.0018331245822711395
3.2058553521023776,-0.9957839152338166,9.973912392787769,1.0,2.5974285714285714,4641.0,-0.0002793876306221854,0.0018331245822729159
3.205575964471756,-0.9958239835262659,9.97574551737004,1.0,2.597142857142857,4642.0,-0.0002793876306217413,0.0018331245822711395
3.2052965768411337,-0.9958640518187152,9.977578641952311,1.0,2.5968571428571425,4643.0,-0.0002793876306221854,0.0018331245822711395
3.205017189210512,-0.9959041201111645,9.979411766534584,1.0,2.5965714285714285,4644.0,-0.0002793876306217413,0.0018331245822729159
3.2047378015798897,-0.9959441884036138,9.981244891116855,1.0,2.596285714285714,4645.0,-0.0002793876306221854,0.0018331245822711395
3.204458413949268,-0.995984256696063,9.983078015699128,1.0,2.596,4646.0,-0.0002793876306217413,0.0018331245822729159
3.2041790263186463,-0.9960243249885122,9.9849111402814,1.0,2.5957142857142856,4647.0,-0.0002793876306217413,0.0018331245822711395
3.203899638688024,-0.9960643932809615,9.98674426486367,1.0,2.595428571428571,4648.0,-0.0002793876306221854,0.0018331245822711395
3.2036202510574023,-0.9961044615734108,9.988577389445943,1.0,2.595142857142857,4649.0,-0.0002793876306217413,0.0018331245822729159
3.20334086342678,-0.9961445298658601,9.990410514028214,1.0,2.5948571428571428,4650.0,-0.0002793876306221854,0.0018331245822711395
3.2030614757961584,-0.9961845981583094,9.992243638610486,1.0,2.5945714285714283,4651.0,-0.0002793876306217413,0.0018331245822711395
3.2027820881655362,-0.9962246664507587,9.994076763192759,1.0,2.5942857142857143,4652.0,-0.0002793876306221854,0.0018331245822729159
3.2025027005349145,-0.996264734743208,9.99590988777503,1.0,2.594,4653.0,-0.0002793876306217413,0.0018331245822711395
3.2022017401656613,-0.9961638929386979,9.998366470277318,1.0,2.5936923076923075,4654.0,-0.00030096036925320035,0.00245658250228864
3.2019007797964076,-0.9960630511341877,10.000823052779605,1.0,2.593384615384615,4655.0,-0.00030096036925364444,0.0024565825022868637
3.2015998194271544,-0.9959622093296776,10.003279635281894,1.0,2.593076923076923,4656.0,-0.00030096036925320035,0.00245658250228864
3.201298859057901,-0.9958613675251675,10.00573621778418,1.0,2.5927692307692305,4657.0,-0.00030096036925364444,0.0024565825022868637
3.2009978986886476,-0.9957605257206573,10.00819280028647,1.0,2.592461538461538,4658.0,-0.00030096036925320035,0.00245658250228864
3.2006969383193944,-0.9956596839161472,10.010649382788756,1.0,2.592153846153846,4659.0,-0.00030096036925320035,0.0024565825022868637
3.2003959779501407,-0.9955588421116371,10.013105965291045,1.0,2.591846153846154,4660.0,-0.00030096036925364444,0.00245658250228864
3.2000950175808875,-0.9954580003071271,10.015562547793332,1.0,2.5915384615384616,4661.0,-0.00030096036925320035,0.0024565825022868637
3.1997940572116343,-0.9953571585026169,10.01801913029562,1.0,2.5912307692307692,4662.0,-0.00030096036925320035,0.00245658250228864
3.1994930968423807,-0.9952563166981068,10.020475712797907,1.0,2.590923076923077,4663.0,-0.00030096036925364444,0.0024565825022868637
3.1991921364731275,-0.9951554748935967,10.022932295300196,1.0,2.5906153846153845,4664.0,-0.00030096036925320035,0.00245658250228864
3.198891176103874,-0.9950546330890865,10.025388877802483,1.0,2.590307692307692,4665.0,-0.00030096036925364444,0.0024565825022868637
3.1985902157346207,-0.9949537912845764,10.027845460304771,1.0,2.59,4666.0,-0.00030096036925320035,0.00245658250228864
3.198280394715291,-0.9949375456069214,10.029538817633112,1.0,2.5897142857142854,4667.0,-0.0003098210193295259,0.001693357328340639
3.197970573695962,-0.9949212999292665,10.031232174961454,1.0,2.5894285714285714,4668.0,-0.0003098210193290818,0.0016933573283424153
3.1976607526766325,-0.9949050542516116,10.032925532289795,1.0,2.589142857142857,4669.0,-0.0003098210193295259,0.001693357328340639
3.197350931657303,-0.9948888085739566,10.034618889618136,1.0,2.5888571428571425,4670.0,-0.0003098210193295259,0.001693357328340639
3.197041110637974,-0.9948725628963015,10.036312246946478,1.0,2.5885714285714285,4671.0,-0.0003098210193290818,0.0016933573283424153
3.1967312896186444,-0.9948563172186466,10.038005604274819,1.0,2.588285714285714,4672.0,-0.0003098210193295259,0.001693357328340639
3.1964214685993153,-0.9948400715409917,10.039698961603161,1.0,2.588,4673.0,-0.0003098210193290818,0.0016933573283424153
3.196111647579986,-0.9948238258633367,10.041392318931502,1.0,2.5877142857142856,4674.0,-0.0003098210193295259,0.001693357328340639
3.1958018265606563,-0.9948075801856817,10.043085676259842,1.0,2.587428571428571,4675.0,-0.0003098210193295259,0.001693357328340639
3.195492005541327,-0.9947913345080268,10.044779033588185,1.0,2.587142857142857,4676.0,-0.0003098210193290818,0.0016933573283424153
3.1951821845219976,-0.9947750888303719,10.046472390916525,1.0,2.5868571428571427,4677.0,-0.0003098210193295259,0.001693357328340639
3.194872363502668,-0.9947588431527169,10.048165748244866,1.0,2.5865714285714283,4678.0,-0.0003098210193295259,0.001693357328340639
3.194562542483339,-0.9947425974750619,10.049859105573208,1.0,2.5862857142857143,4679.0,-0.0003098210193290818,0.0016933573283424153
3.1942527214640095,-0.994726351797407,10.05155246290155,1.0,2.586,4680.0,-0.0003098210193295259,0.001693357328340639
3.1939336452613913,-0.9947404963452025,10.054637413594607,1.0,2.5856923076923075,4681.0,-0.0003190762026181737,0.0030849506930579196
3.193614569058773,-0.9947546408929979,10.057722364287663,1.0,2.585384615384615,4682.0,-0.0003190762026181737,0.0030849506930561432
3.1932954928561554,-0.9947687854407934,10.060807314980721,1.0,2.585076923076923,4683.0,-0.0003190762026177296,0.0030849506930579196
3.1929764166535373,-0.9947829299885889,10.063892265673777,1.0,2.5847692307692305,4684.0,-0.0003190762026181737,0.0030849506930561432
3.192657340450919,-0.9947970745363843,10.066977216366835,1.0,2.584461538461538,4685.0,-0.0003190762026181737,0.0030849506930579196
3.192338264248301,-0.9948112190841798,10.070062167059891,1.0,2.584153846153846,4686.0,-0.0003190762026181737,0.0030849506930561432
3.192019188045683,-0.9948253636319752,10.07314711775295,1.0,2.583846153846154,4687.0,-0.0003190762026177296,0.0030849506930579196
3.191700111843065,-0.9948395081797706,10.076232068446005,1.0,2.5835384615384616,4688.0,-0.0003190762026181737,0.0030849506930561432
3.191381035640447,-0.9948536527275661,10.079317019139063,1.0,2.583230769230769,4689.0,-0.0003190762026181737,0.0030849506930579196
3.1910619594378287,-0.9948677972753616,10.08240196983212,1.0,2.582923076923077,4690.0,-0.0003190762026181737,0.0030849506930561432
3.190742883235211,-0.994881941823157,10.085486920525177,1.0,2.5826153846153845,4691.0,-0.0003190762026177296,0.0030849506930579196
3.1904238070325928,-0.9948960863709525,10.088571871218234,1.0,2.582307692307692,4692.0,-0.0003190762026181737,0.0030849506930561432
3.1901047308299746,-0.994910230918748,10.091656821911291,1.0,2.582,4693.0,-0.0003190762026181737,0.0030849506930579196
3.1897878756403273,-0.9948689551882864,10.09507001461405,1.0,2.5816153846153846,4694.0,-0.00031685518964730264,0.0034131927027587494
3.1894710204506804,-0.9948276794578249,10.098483207316807,1.0,2.581230769230769,4695.0,-0.00031685518964685855,0.003413192702756973
3.189154165261033,-0.9947864037273635,10.101896400019566,1.0,2.580846153846154,4696.0,-0.00031685518964730264,0.0034131927027587494
3.1888373100713863,-0.994745127996902,10.105309592722323,1.0,2.580461538461538,4697.0,-0.00031685518964685855,0.003413192702756973
3.188520454881739,-0.9947038522664404,10.108722785425082,1.0,2.580076923076923,4698.0,-0.00031685518964730264,0.0034131927027587494
3.1882035996920917,-0.9946625765359789,10.112135978127839,1.0,2.5796923076923077,4699.0,-0.00031685518964730264,0.003413192702756973
3.187886744502445,-0.9946213008055175,10.115549170830597,1.0,2.579307692307692,4700.0,-0.00031685518964685855,0.0034131927027587494
3.1875698893127975,-0.9945800250750559,10.118962363533354,1.0,2.578923076923077,4701.0,-0.00031685518964730264,0.003413192702756973
3.18725303412315,-0.9945387493445944,10.122375556236113,1.0,2.5785384615384617,4702.0,-0.00031685518964730264,0.0034131927027587494
3.1869361789335033,-0.9944974736141329,10.12578874893887,1.0,2.578153846153846,4703.0,-0.00031685518964685855,0.003413192702756973
3.186619323743856,-0.9944561978836715,10.129201941641629,1.0,2.577769230769231,4704.0,-0.00031685518964730264,0.0034131927027587494
3.186302468554209,-0.9944149221532099,10.132615134344386,1.0,2.577384615384615,4705.0,-0.00031685518964685855,0.003413192702756973
3.185985613364562,-0.9943736464227484,10.136028327047145,1.0,2.577,4706.0,-0.00031685518964730264,0.0034131927027587494
3.1856763175718132,-0.9943609769786657,10.139564047131174,1.0,2.5767142857142855,4707.0,-0.0003092957927486317,0.003535720084029137
3.185367021779064,-0.9943483075345829,10.143099767215203,1.0,2.5764285714285715,4708.0,-0.0003092957927490758,0.003535720084029137
3.185057725986315,-0.9943356380905002,10.146635487299234,1.0,2.576142857142857,4709.0,-0.0003092957927490758,0.0035357200840309133
3.1847484301935665,-0.9943229686464174,10.150171207383263,1.0,2.5758571428571426,4710.0,-0.0003092957927486317,0.003535720084029137
3.184439134400818,-0.9943102992023347,10.153706927467292,1.0,2.5755714285714286,4711.0,-0.0003092957927486317,0.003535720084029137
3.1841298386080688,-0.994297629758252,10.157242647551321,1.0,2.575285714285714,4712.0,-0.0003092957927490758,0.003535720084029137
3.1838205428153197,-0.9942849603141692,10.160778367635352,1.0,2.575,4713.0,-0.0003092957927490758,0.0035357200840309133
3.183511247022571,-0.9942722908700866,10.164314087719381,1.0,2.5747142857142857,4714.0,-0.0003092957927486317,0.003535720084029137
3.1832019512298224,-0.9942596214260039,10.16784980780341,1.0,2.5744285714285713,4715.0,-0.0003092957927486317,0.003535720084029137
3.1828926554370733,-0.9942469519819211,10.17138552788744,1.0,2.5741428571428573,4716.0,-0.0003092957927490758,0.003535720084029137
3.1825833596443243,-0.9942342825378384,10.174921247971469,1.0,2.573857142857143,4717.0,-0.0003092957927490758,0.003535720084029137
3.1822740638515756,-0.9942216130937557,10.1784569680555,1.0,2.5735714285714284,4718.0,-0.0003092957927486317,0.0035357200840309133
3.181964768058827,-0.9942089436496729,10.181992688139529,1.0,2.5732857142857144,4719.0,-0.0003092957927486317,0.003535720084029137
3.181655472266078,-0.9941962742055902,10.185528408223558,1.0,2.573,4720.0,-0.0003092957927490758,0.003535720084029137
3.1812945080373667,-0.9942116431688488,10.189354426490157,1.0,2.5726153846153847,4721.0,-0.0003609642287112358,0.0038260182665990072
3.180933543808656,-0.9942270121321075,10.193180444756758,1.0,2.572230769230769,4722.0,-0.0003609642287107917,0.0038260182666007836
3.1805725795799447,-0.9942423810953661,10.197006463023357,1.0,2.571846153846154,4723.0,-0.0003609642287112358,0.0038260182665990072
3.180211615351234,-0.9942577500586247,10.200832481289957,1.0,2.5714615384615382,4724.0,-0.0003609642287107917,0.0038260182666007836
3.1798506511225226,-0.9942731190218834,10.204658499556556,1.0,2.571076923076923,4725.0,-0.0003609642287112358,0.0038260182665990072
3.1794896868938114,-0.994288487985142,10.208484517823157,1.0,2.570692307692308,4726.0,-0.0003609642287112358,0.0038260182666007836
3.1791287226651006,-0.9943038569484006,10.212310536089756,1.0,2.570307692307692,4727.0,-0.0003609642287107917,0.0038260182665990072
3.1787677584363894,-0.9943192259116592,10.216136554356357,1.0,2.569923076923077,4728.0,-0.0003609642287112358,0.0038260182666007836
3.178406794207678,-0.9943345948749179,10.219962572622956,1.0,2.5695384615384618,4729.0,-0.0003609642287112358,0.0038260182665990072
3.1780458299789673,-0.9943499638381765,10.223788590889557,1.0,2.569153846153846,4730.0,-0.0003609642287107917,0.0038260182666007836
3.177684865750256,-0.9943653328014351,10.227614609156156,1.0,2.568769230769231,4731.0,-0.0003609642287112358,0.0038260182665990072
3.1773239015215453,-0.9943807017646938,10.231440627422757,1.0,2.5683846153846153,4732.0,-0.0003609642287107917,0.0038260182666007836
3.176962937292834,-0.9943960707279524,10.235266645689356,1.0,2.568,4733.0,-0.0003609642287112358,0.0038260182665990072
3.176623579057014,-0.9944677639166348,10.23667119521452,1.0,2.5676923076923077,4734.0,-0.0003393582358199865,0.0014045495251640006
3.1762842208211937,-0.9945394571053172,10.238075744739685,1.0,2.5673846153846154,4735.0,-0.00033935823582043056,0.001404549525165777
3.1759448625853737,-0.9946111502939996,10.23948029426485,1.0,2.567076923076923,4736.0,-0.0003393582358199865,0.0014045495251640006
3.1756055043495537,-0.9946828434826819,10.240884843790015,1.0,2.5667692307692307,4737.0,-0.0003393582358199865,0.001404549525165777
3.1752661461137333,-0.9947545366713643,10.242289393315179,1.0,2.5664615384615383,4738.0,-0.00033935823582043056,0.0014045495251640006
3.1749267878779133,-0.9948262298600467,10.243693942840345,1.0,2.566153846153846,4739.0,-0.0003393582358199865,0.001404549525165777
3.1745874296420933,-0.994897923048729,10.245098492365509,1.0,2.565846153846154,4740.0,-0.0003393582358199865,0.0014045495251640006
3.1742480714062733,-0.9949696162374114,10.246503041890675,1.0,2.5655384615384618,4741.0,-0.0003393582358199865,0.001404549525165777
3.173908713170453,-0.9950413094260938,10.247907591415839,1.0,2.5652307692307694,4742.0,-0.00033935823582043056,0.0014045495251640006
3.173569354934633,-0.9951130026147761,10.249312140941004,1.0,2.564923076923077,4743.0,-0.0003393582358199865,0.001404549525165777
3.173229996698813,-0.9951846958034585,10.250716690466168,1.0,2.5646153846153847,4744.0,-0.0003393582358199865,0.0014045495251640006
3.1728906384629925,-0.9952563889921409,10.252121239991334,1.0,2.5643076923076924,4745.0,-0.00033935823582043056,0.001404549525165777
3.1725512802271725,-0.9953280821808232,10.253525789516498,1.0,2.564,4746.0,-0.0003393582358199865,0.0014045495251640006
3.1722145330929528,-0.9951921981370975,10.257726114727705,1.0,2.5636428571428573,4747.0,-0.000336747134219717,0.0042003252112063905
3.171877785958733,-0.9950563140933718,10.261926439938911,1.0,2.563285714285714,4748.0,-0.000336747134219717,0.0042003252112063905
3.1715410388245133,-0.9949204300496461,10.266126765150117,1.0,2.5629285714285714,4749.0,-0.000336747134219717,0.0042003252112063905
3.1712042916902936,-0.9947845460059204,10.270327090361324,1.0,2.5625714285714287,4750.0,-0.000336747134219717,0.0042003252112063905
3.170867544556074,-0.9946486619621946,10.27452741557253,1.0,2.562214285714286,4751.0,-0.000336747134219717,0.0042003252112063905
3.170530797421854,-0.9945127779184689,10.278727740783737,1.0,2.561857142857143,4752.0,-0.000336747134219717,0.0042003252112063905
3.1701940502876345,-0.9943768938747433,10.282928065994943,1.0,2.5615,4753.0,-0.000336747134219717,0.0042003252112063905
3.169857303153415,-0.9942410098310175,10.28712839120615,1.0,2.5611428571428574,4754.0,-0.00033674713421927294,0.0042003252112063905
3.1695205560191955,-0.9941051257872917,10.291328716417356,1.0,2.560785714285714,4755.0,-0.000336747134219717,0.0042003252112063905
3.1691838088849758,-0.993969241743566,10.295529041628562,1.0,2.5604285714285715,4756.0,-0.000336747134219717,0.0042003252112063905
3.168847061750756,-0.9938333576998404,10.299729366839768,1.0,2.5600714285714288,4757.0,-0.000336747134219717,0.0042003252112063905
3.1685103146165363,-0.9936974736561146,10.303929692050975,1.0,2.559714285714286,4758.0,-0.000336747134219717,0.0042003252112063905
3.1681735674823166,-0.9935615896123888,10.308130017262181,1.0,2.559357142857143,4759.0,-0.000336747134219717,0.0042003252112063905
3.167836820348097,-0.9934257055686632,10.312330342473388,1.0,2.559,4760.0,-0.000336747134219717,0.0042003252112063905
3.167475862920926,-0.9936590371340891,10.317964254300525,1.0,2.558615384615385,4761.0,-0.00036095742717101587,0.005633911827137794
3.1671149054937544,-0.9938923686995149,10.323598166127663,1.0,2.5582307692307693,4762.0,-0.00036095742717145995,0.005633911827137794
3.1667539480665834,-0.9941257002649408,10.3292320779548,1.0,2.557846153846154,4763.0,-0.00036095742717101587,0.005633911827136018
3.166392990639412,-0.9943590318303667,10.334865989781937,1.0,2.5574615384615385,4764.0,-0.00036095742717145995,0.005633911827137794
3.166032033212241,-0.9945923633957926,10.340499901609075,1.0,2.5570769230769232,4765.0,-0.00036095742717101587,0.005633911827137794
3.1656710757850695,-0.9948256949612184,10.346133813436213,1.0,2.5566923076923076,4766.0,-0.00036095742717145995,0.005633911827137794
3.1653101183578984,-0.9950590265266444,10.351767725263349,1.0,2.5563076923076924,4767.0,-0.00036095742717101587,0.005633911827136018
3.164949160930727,-0.9952923580920702,10.357401637090486,1.0,2.5559230769230767,4768.0,-0.00036095742717145995,0.005633911827137794
3.164588203503556,-0.9955256896574961,10.363035548917624,1.0,2.5555384615384615,4769.0,-0.00036095742717101587,0.005633911827137794
3.1642272460763845,-0.9957590212229219,10.368669460744762,1.0,2.555153846153846,4770.0,-0.00036095742717145995,0.005633911827137794
3.1638662886492135,-0.9959923527883479,10.374303372571898,1.0,2.5547692307692307,4771.0,-0.00036095742717101587,0.005633911827136018
3.163505331222042,-0.9962256843537737,10.379937284399036,1.0,2.554384615384615,4772.0,-0.00036095742717145995,0.005633911827137794
3.163144373794871,-0.9964590159191996,10.385571196226174,1.0,2.554,4773.0,-0.00036095742717101587,0.005633911827137794
3.1627304773086364,-0.9963075630065398,10.386988070119957,1.0,2.5536153846153846,4774.0,-0.0004138964862345773,0.0014168738937829772
3.162316580822402,-0.99615611009388,10.38840494401374,1.0,2.553230769230769,4775.0,-0.0004138964862345773,0.0014168738937829772
3.161902684336167,-0.9960046571812202,10.389821817907523,1.0,2.5528461538461538,4776.0,-0.0004138964862350214,0.0014168738937829772
3.1614887878499323,-0.9958532042685605,10.391238691801306,1.0,2.552461538461538,4777.0,-0.0004138964862345773,0.0014168738937829772
3.1610748913636977,-0.9957017513559007,10.392655565695089,1.0,2.552076923076923,4778.0,-0.0004138964862345773,0.0014168738937829772
3.160660994877463,-0.9955502984432409,10.394072439588872,1.0,2.5516923076923077,4779.0,-0.0004138964862345773,0.0014168738937829772
3.160247098391228,-0.9953988455305811,10.395489313482656,1.0,2.551307692307692,4780.0,-0.0004138964862350214,0.0014168738937847536
3.1598332019049935,-0.9952473926179214,10.39690618737644,1.0,2.550923076923077,4781.0,-0.0004138964862345773,0.0014168738937829772
3.159419305418759,-0.9950959397052616,10.398323061270222,1.0,2.5505384615384616,4782.0,-0.0004138964862345773,0.0014168738937829772
3.1590054089325244,-0.9949444867926018,10.399739935164005,1.0,2.550153846153846,4783.0,-0.0004138964862345773,0.0014168738937829772
3.1585915124462893,-0.994793033879942,10.401156809057788,1.0,2.549769230769231,4784.0,-0.0004138964862350214,0.0014168738937829772
3.1581776159600548,-0.9946415809672823,10.402573682951571,1.0,2.549384615384615,4785.0,-0.0004138964862345773,0.0014168738937829772
3.15776371947382,-0.9944901280546224,10.403990556845354,1.0,2.549,4786.0,-0.0004138964862345773,0.0014168738937829772
3.1574124952620237,-0.9944751469231623,10.406149278344884,1.0,2.548642857142857,4787.0,-0.0003512242117964526,0.002158721499530003
3.1570612710502273,-0.9944601657917023,10.408307999844412,1.0,2.548285714285714,4788.0,-0.0003512242117964526,0.0021587214995282267
3.156710046838431,-0.9944451846602422,10.410466721343942,1.0,2.5479285714285713,4789.0,-0.0003512242117964526,0.002158721499530003
3.156358822626635,-0.9944302035287821,10.41262544284347,1.0,2.5475714285714286,4790.0,-0.0003512242117960085,0.0021587214995282267
3.1560075984148384,-0.9944152223973219,10.414784164343,1.0,2.547214285714286,4791.0,-0.0003512242117964526,0.002158721499530003
3.155656374203042,-0.9944002412658619,10.416942885842529,1.0,2.5468571428571427,4792.0,-0.0003512242117964526,0.0021587214995282267
3.1553051499912455,-0.9943852601344019,10.419101607342059,1.0,2.5465,4793.0,-0.0003512242117964526,0.002158721499530003
3.154953925779449,-0.9943702790029417,10.421260328841589,1.0,2.5461428571428573,4794.0,-0.0003512242117964526,0.002158721499530003
3.1546027015676525,-0.9943552978714816,10.423419050341117,1.0,2.545785714285714,4795.0,-0.0003512242117964526,0.0021587214995282267
3.154251477355856,-0.9943403167400215,10.425577771840647,1.0,2.5454285714285714,4796.0,-0.0003512242117964526,0.002158721499530003
3.15390025314406,-0.9943253356085615,10.427736493340175,1.0,2.5450714285714287,4797.0,-0.0003512242117960085,0.0021587214995282267
3.1535490289322636,-0.9943103544771014,10.429895214839705,1.0,2.544714285714286,4798.0,-0.0003512242117964526,0.002158721499530003
3.153197804720467,-0.9942953733456412,10.432053936339234,1.0,2.5443571428571428,4799.0,-0.0003512242117964526,0.0021587214995282267
3.1528465805086707,-0.9942803922141812,10.434212657838764,1.0,2.544,4800.0,-0.0003512242117964526,0.002158721499530003
3.1524559893841437,-0.9943071404451054,10.436624501638208,1.0,2.5435384615384615,4801.0,-0.0003905911245269955,0.0024118437994449238
3.1520653982596167,-0.9943338886760296,10.439036345437652,1.0,2.543076923076923,4802.0,-0.0003905911245269955,0.0024118437994431474
3.1516748071350893,-0.9943606369069538,10.441448189237096,1.0,2.5426153846153845,4803.0,-0.0003905911245274396,0.0024118437994449238
3.1512842160105623,-0.9943873851378779,10.44386003303654,1.0,2.542153846153846,4804.0,-0.0003905911245269955,0.0024118437994431474
3.1508936248860353,-0.9944141333688021,10.446271876835985,1.0,2.5416923076923075,4805.0,-0.0003905911245269955,0.0024118437994449238
3.1505030337615083,-0.9944408815997263,10.448683720635428,1.0,2.541230769230769,4806.0,-0.0003905911245269955,0.0024118437994431474
3.150112442636981,-0.9944676298306505,10.451095564434873,1.0,2.540769230769231,4807.0,-0.0003905911245274396,0.0024118437994449238
3.149721851512454,-0.9944943780615747,10.453507408234316,1.0,2.5403076923076924,4808.0,-0.0003905911245269955,0.0024118437994431474
3.149331260387927,-0.9945211262924989,10.45591925203376,1.0,2.539846153846154,4809.0,-0.0003905911245269955,0.0024118437994449238
3.1489406692634,-0.9945478745234231,10.458331095833204,1.0,2.5393846153846154,4810.0,-0.0003905911245269955,0.0024118437994431474
3.1485500781388724,-0.9945746227543473,10.460742939632649,1.0,2.538923076923077,4811.0,-0.0003905911245274396,0.0024118437994449238
3.1481594870143454,-0.9946013709852715,10.463154783432092,1.0,2.5384615384615383,4812.0,-0.0003905911245269955,0.0024118437994431474
3.1477688958898185,-0.9946281192161956,10.465566627231537,1.0,2.538,4813.0,-0.0003905911245269955,0.0024118437994449238
3.147392217517948,-0.9946712597531311,10.46914377571044,1.0,2.5377142857142854,4814.0,-0.000376678371870387,0.00357714847890378
3.1470155391460777,-0.9947144002900665,10.472720924189344,1.0,2.5374285714285714,4815.0,-0.000376678371870387,0.00357714847890378
3.1466388607742073,-0.994757540827002,10.476298072668246,1.0,2.537142857142857,4816.0,-0.000376678371870387,0.0035771484789020036
3.1462621824023373,-0.9948006813639373,10.47987522114715,1.0,2.5368571428571425,4817.0,-0.0003766783718699429,0.00357714847890378
3.145885504030467,-0.9948438219008727,10.483452369626054,1.0,2.5365714285714285,4818.0,-0.000376678371870387,0.00357714847890378
3.1455088256585966,-0.9948869624378082,10.487029518104958,1.0,2.536285714285714,4819.0,-0.000376678371870387,0.00357714847890378
3.145132147286726,-0.9949301029747436,10.49060666658386,1.0,2.536,4820.0,-0.000376678371870387,0.0035771484789020036
3.144755468914856,-0.994973243511679,10.494183815062764,1.0,2.5357142857142856,4821.0,-0.000376678371870387,0.00357714847890378
3.1443787905429854,-0.9950163840486145,10.497760963541667,1.0,2.535428571428571,4822.0,-0.000376678371870387,0.00357714847890378
3.144002112171115,-0.9950595245855499,10.501338112020571,1.0,2.535142857142857,4823.0,-0.000376678371870387,0.00357714847890378
3.143625433799245,-0.9951026651224852,10.504915260499475,1.0,2.5348571428571427,4824.0,-0.0003766783718699429,0.00357714847890378
3.1432487554273747,-0.9951458056594207,10.508492408978377,1.0,2.5345714285714283,4825.0,-0.000376678371870387,0.0035771484789020036
3.1428720770555043,-0.9951889461963561,10.51206955745728,1.0,2.5342857142857143,4826.0,-0.000376678371870387,0.00357714847890378
3.142495398683634,-0.9952320867332916,10.515646705936184,1.0,2.534,4827.0,-0.000376678371870387,0.00357714847890378
3.142062212931861,-0.9953657305502769,10.520445789322523,1.0,2.5335384615384613,4828.0,-0.00043318575177275775,0.004799083386338054
3.141629027180088,-0.9954993743672621,10.525244872708862,1.0,2.533076923076923,4829.0,-0.00043318575177320184,0.004799083386339831
3.141195841428315,-0.9956330181842474,10.5300439560952,1.0,2.5326153846153843,4830.0,-0.00043318575177275775,0.004799083386338054
3.140762655676542,-0.9957666620012328,10.53484303948154,1.0,2.532153846153846,4831.0,-0.00043318575177320184,0.004799083386339831
3.1403294699247692,-0.995900305818218,10.539642122867878,1.0,2.5316923076923077,4832.0,-0.00043318575177275775,0.004799083386338054
3.1398962841729965,-0.9960339496352033,10.544441206254218,1.0,2.531230769230769,4833.0,-0.00043318575177275775,0.004799083386339831
3.1394630984212233,-0.9961675934521886,10.549240289640556,1.0,2.5307692307692307,4834.0,-0.00043318575177320184,0.004799083386338054
3.1390299126694505,-0.996301237269174,10.554039373026896,1.0,2.530307692307692,4835.0,-0.00043318575177275775,0.004799083386339831
3.1385967269176778,-0.9964348810861592,10.558838456413234,1.0,2.5298461538461536,4836.0,-0.00043318575177275775,0.004799083386338054
3.1381635411659046,-0.9965685249031445,10.563637539799574,1.0,2.5293846153846156,4837.0,-0.00043318575177320184,0.004799083386339831
3.137730355414132,-0.9967021687201298,10.568436623185912,1.0,2.528923076923077,4838.0,-0.00043318575177275775,0.004799083386338054
3.1372971696623586,-0.9968358125371151,10.573235706572252,1.0,2.5284615384615385,4839.0,-0.00043318575177320184,0.004799083386339831
3.136863983910586,-0.9969694563541004,10.57803478995859,1.0,2.528,4840.0,-0.00043318575177275775,0.004799083386338054
3.1364461256099516,-0.9968159545289054,10.579890237068359,1.0,2.5275384615384615,4841.0,-0.0004178583006342329,0.0018554471097687042
3.136028267309317,-0.9966624527037102,10.581745684178127,1.0,2.527076923076923,4842.0,-0.000417858300634677,0.0018554471097687042
3.1356104090086827,-0.9965089508785152,10.583601131287896,1.0,2.5266153846153845,4843.0,-0.0004178583006342329,0.0018554471097687042
3.1351925507080485,-0.9963554490533202,10.585456578397665,1.0,2.526153846153846,4844.0,-0.0004178583006342329,0.0018554471097687042
3.134774692407414,-0.996201947228125,10.587312025507433,1.0,2.5256923076923075,4845.0,-0.000417858300634677,0.0018554471097687042
3.1343568341067796,-0.99604844540293,10.589167472617202,1.0,2.525230769230769,4846.0,-0.0004178583006342329,0.0018554471097687042
3.1339389758061453,-0.995894943577735,10.591022919726973,1.0,2.524769230769231,4847.0,-0.0004178583006342329,0.0018554471097704806
3.133521117505511,-0.99574144175254,10.592878366836741,1.0,2.5243076923076924,4848.0,-0.0004178583006342329,0.0018554471097687042
3.1331032592048764,-0.9955879399273448,10.59473381394651,1.0,2.523846153846154,4849.0,-0.000417858300634677,0.0018554471097687042
3.132685400904242,-0.9954344381021498,10.596589261056279,1.0,2.5233846153846153,4850.0,-0.0004178583006342329,0.0018554471097687042
3.132267542603608,-0.9952809362769548,10.598444708166047,1.0,2.522923076923077,4851.0,-0.0004178583006342329,0.0018554471097687042
3.1318496843029733,-0.9951274344517597,10.600300155275816,1.0,2.5224615384615383,4852.0,-0.000417858300634677,0.0018554471097687042
3.131431826002339,-0.9949739326265646,10.602155602385585,1.0,2.522,4853.0,-0.0004178583006342329,0.0018554471097687042
3.131003842951658,-0.9949726935410035,10.603959148482778,1.0,2.5215714285714284,4854.0,-0.0004279830506810356,0.0018035460971930206
3.1305758599009774,-0.9949714544554424,10.605762694579969,1.0,2.521142857142857,4855.0,-0.0004279830506805915,0.0018035460971912443
3.1301478768502964,-0.9949702153698813,10.607566240677162,1.0,2.5207142857142855,4856.0,-0.0004279830506810356,0.0018035460971930206
3.1297198937996153,-0.9949689762843201,10.609369786774353,1.0,2.520285714285714,4857.0,-0.0004279830506810356,0.0018035460971912443
3.1292919107489348,-0.9949677371987591,10.611173332871546,1.0,2.5198571428571426,4858.0,-0.0004279830506805915,0.0018035460971930206
3.1288639276982537,-0.9949664981131979,10.612976878968738,1.0,2.519428571428571,4859.0,-0.0004279830506810356,0.0018035460971912443
3.128435944647573,-0.9949652590276369,10.61478042506593,1.0,2.5189999999999997,4860.0,-0.0004279830506805915,0.0018035460971930206
3.128007961596892,-0.9949640199420757,10.616583971163124,1.0,2.5185714285714287,4861.0,-0.0004279830506810356,0.0018035460971930206
3.127579978546211,-0.9949627808565146,10.618387517260315,1.0,2.5181428571428572,4862.0,-0.0004279830506810356,0.0018035460971912443
3.1271519954955305,-0.9949615417709535,10.620191063357508,1.0,2.517714285714286,4863.0,-0.0004279830506805915,0.0018035460971930206
3.1267240124448494,-0.9949603026853924,10.621994609454699,1.0,2.5172857142857143,4864.0,-0.0004279830506810356,0.0018035460971912443
3.1262960293941684,-0.9949590635998312,10.623798155551892,1.0,2.516857142857143,4865.0,-0.0004279830506810356,0.0018035460971930206
3.125868046343488,-0.9949578245142702,10.625601701649083,1.0,2.5164285714285715,4866.0,-0.0004279830506805915,0.0018035460971912443
3.1254400632928068,-0.994956585428709,10.627405247746276,1.0,2.516,4867.0,-0.0004279830506810356,0.0018035460971930206
3.1249867109566307,-0.9949515076665789,10.630382889119236,1.0,2.5155384615384615,4868.0,-0.0004533523361760494,0.0029776413729596385
3.1245333586204547,-0.9949464299044489,10.633360530492197,1.0,2.515076923076923,4869.0,-0.0004533523361760494,0.002977641372961415
3.1240800062842786,-0.9949413521423188,10.636338171865157,1.0,2.5146153846153845,4870.0,-0.0004533523361760494,0.0029776413729596385
3.1236266539481026,-0.9949362743801888,10.639315813238118,1.0,2.514153846153846,4871.0,-0.0004533523361760494,0.002977641372961415
3.1231733016119265,-0.9949311966180587,10.642293454611078,1.0,2.5136923076923074,4872.0,-0.0004533523361760494,0.0029776413729596385
3.1227199492757505,-0.9949261188559287,10.645271095984038,1.0,2.513230769230769,4873.0,-0.0004533523361760494,0.0029776413729596385
3.122266596939575,-0.9949210410937986,10.648248737357,1.0,2.512769230769231,4874.0,-0.00045335233617560533,0.002977641372961415
3.121813244603399,-0.9949159633316687,10.651226378729959,1.0,2.5123076923076924,4875.0,-0.0004533523361760494,0.0029776413729596385
3.1213598922672228,-0.9949108855695386,10.654204020102918,1.0,2.511846153846154,4876.0,-0.0004533523361760494,0.0029776413729596385
3.1209065399310467,-0.9949058078074086,10.65718166147588,1.0,2.5113846153846153,4877.0,-0.0004533523361760494,0.002977641372961415
3.1204531875948707,-0.9949007300452785,10.66015930284884,1.0,2.510923076923077,4878.0,-0.0004533523361760494,0.0029776413729596385
3.1199998352586946,-0.9948956522831485,10.663136944221801,1.0,2.5104615384615383,4879.0,-0.0004533523361760494,0.002977641372961415
3.1195464829225186,-0.9948905745210184,10.66611458559476,1.0,2.51,4880.0,-0.0004533523361760494,0.0029776413729596385
3.119060866051539,-0.9948500822723568,10.669000007864154,1.0,2.5095384615384613,4881.0,-0.00048561687097947726,0.0028854222693937004
3.1185752491805596,-0.9948095900236954,10.671885430133548,1.0,2.5090769230769228,4882.0,-0.00048561687097947726,0.0028854222693937004
3.11808963230958,-0.9947690977750339,10.674770852402942,1.0,2.5086153846153842,4883.0,-0.00048561687097947726,0.0028854222693937004
3.117604015438601,-0.9947286055263723,10.677656274672337,1.0,2.508153846153846,4884.0,-0.00048561687097903317,0.0028854222693954767
3.1171183985676216,-0.9946881132777109,10.68054169694173,1.0,2.5076923076923077,4885.0,-0.00048561687097947726,0.0028854222693937004
3.116632781696642,-0.9946476210290494,10.683427119211125,1.0,2.507230769230769,4886.0,-0.00048561687097947726,0.0028854222693937004
3.1161471648256627,-0.9946071287803878,10.686312541480518,1.0,2.5067692307692306,4887.0,-0.00048561687097947726,0.0028854222693937004
3.115661547954683,-0.9945666365317263,10.689197963749912,1.0,2.506307692307692,4888.0,-0.00048561687097947726,0.0028854222693937004
3.1151759310837037,-0.9945261442830649,10.692083386019306,1.0,2.5058461538461536,4889.0,-0.00048561687097947726,0.0028854222693937004
3.1146903142127247,-0.9944856520344033,10.694968808288701,1.0,2.5053846153846155,4890.0,-0.00048561687097903317,0.0028854222693954767
3.114204697341745,-0.9944451597857418,10.697854230558095,1.0,2.504923076923077,4891.0,-0.00048561687097947726,0.0028854222693937004
3.1137190804707657,-0.9944046675370803,10.700739652827489,1.0,2.5044615384615385,4892.0,-0.00048561687097947726,0.0028854222693937004
3.1132334635997863,-0.9943641752884188,10.703625075096882,1.0,2.504,4893.0,-0.00048561687097947726,0.0028854222693937004
3.1127863386235743,-0.9944737353380174,10.7008218454752,1.0,2.5035714285714286,4894.0,-0.00044712497621191005,-0.00280322962168178
3.112339213647362,-0.9945832953876161,10.69801861585352,1.0,2.503142857142857,4895.0,-0.00044712497621235414,-0.0028032296216800034
3.11189208867115,-0.9946928554372148,10.695215386231839,1.0,2.5027142857142857,4896.0,-0.00044712497621191005,-0.00280322962168178
3.1114449636949377,-0.9948024154868135,10.692412156610157,1.0,2.5022857142857142,4897.0,-0.00044712497621235414,-0.00280322962168178
3.110997838718726,-0.9949119755364121,10.689608926988475,1.0,2.501857142857143,4898.0,-0.00044712497621191005,-0.00280322962168178
3.1105507137425135,-0.9950215355860108,10.686805697366795,1.0,2.5014285714285713,4899.0,-0.00044712497621235414,-0.0028032296216800034
3.1101035887663016,-0.9951310956356094,10.684002467745113,1.0,2.501,4900.0,-0.00044712497621191005,-0.00280322962168178
3.1096564637900896,-0.995240655685208,10.681199238123432,1.0,2.500571428571429,4901.0,-0.00044712497621191005,-0.00280322962168178
3.1092093388138773,-0.9953502157348068,10.678396008501752,1.0,2.5001428571428574,4902.0,-0.00044712497621235414,-0.0028032296216800034
3.1087622138376654,-0.9954597757844054,10.67559277888007,1.0,2.499714285714286,4903.0,-0.00044712497621191005,-0.00280322962168178
3.108315088861453,-0.9955693358340041,10.672789549258388,1.0,2.4992857142857146,4904.0,-0.00044712497621235414,-0.00280322962168178
3.107867963885241,-0.9956788958836027,10.669986319636706,1.0,2.498857142857143,4905.0,-0.00044712497621191005,-0.00280322962168178
3.1074208389090288,-0.9957884559332014,10.667183090015026,1.0,2.4984285714285717,4906.0,-0.00044712497621235414,-0.0028032296216800034
3.106973713932817,-0.9958980159828,10.664379860393344,1.0,2.498,4907.0,-0.00044712497621191005,-0.00280322962168178
3.10643290136568,-0.9958852994077775,10.651390511693718,1.0,2.497461538461539,4908.0,-0.0005408125671366726,-0.012989348699626646
3.1058920887985435,-0.9958725828327549,10.638401162994093,1.0,2.496923076923077,4909.0,-0.0005408125671366726,-0.01298934869962487
3.1053512762314064,-0.9958598662577325,10.625411814294466,1.0,2.4963846153846156,4910.0,-0.0005408125671371167,-0.012989348699626646
3.1048104636642697,-0.9958471496827099,10.612422465594841,1.0,2.495846153846154,4911.0,-0.0005408125671366726,-0.01298934869962487
3.104269651097133,-0.9958344331076874,10.599433116895215,1.0,2.4953076923076924,4912.0,-0.0005408125671366726,-0.012989348699626646
3.1037288385299964,-0.9958217165326648,10.58644376819559,1.0,2.494769230769231,4913.0,-0.0005408125671366726,-0.01298934869962487
3.1031880259628593,-0.9958089999576424,10.573454419495963,1.0,2.4942307692307693,4914.0,-0.0005408125671371167,-0.012989348699626646
3.1026472133957226,-0.9957962833826198,10.560465070796338,1.0,2.493692307692308,4915.0,-0.0005408125671366726,-0.01298934869962487
3.102106400828586,-0.9957835668075973,10.547475722096712,1.0,2.4931538461538465,4916.0,-0.0005408125671366726,-0.012989348699626646
3.1015655882614492,-0.9957708502325747,10.534486373397087,1.0,2.4926153846153847,4917.0,-0.0005408125671366726,-0.01298934869962487
3.101024775694312,-0.9957581336575523,10.52149702469746,1.0,2.4920769230769233,4918.0,-0.0005408125671371167,-0.012989348699626646
3.1004839631271754,-0.9957454170825297,10.508507675997835,1.0,2.4915384615384615,4919.0,-0.0005408125671366726,-0.01298934869962487
3.0999431505600388,-0.9957327005075072,10.495518327298209,1.0,2.491,4920.0,-0.0005408125671366726,-0.012989348699626646
3.099424267574463,-0.9957311418255429,10.48458871866889,1.0,2.4905,4921.0,-0.0005188829855757859,-0.010929608629318466
3.098905384588887,-0.9957295831435787,10.473659110039572,1.0,2.49,4922.0,-0.0005188829855757859,-0.010929608629318466
3.0983865016033114,-0.9957280244616145,10.462729501410255,1.0,2.4895,4923.0,-0.0005188829855757859,-0.01092960862931669
3.097867618617735,-0.9957264657796502,10.451799892780937,1.0,2.489,4924.0,-0.00051888298557623,-0.010929608629318466
3.0973487356321594,-0.9957249070976859,10.440870284151618,1.0,2.4885,4925.0,-0.0005188829855757859,-0.010929608629318466
3.0968298526465836,-0.9957233484157217,10.4299406755223,1.0,2.488,4926.0,-0.0005188829855757859,-0.010929608629318466
3.096310969661008,-0.9957217897337575,10.419011066892981,1.0,2.4875000000000003,4927.0,-0.0005188829855757859,-0.010929608629318466
3.095792086675432,-0.9957202310517932,10.408081458263664,1.0,2.487,4928.0,-0.0005188829855757859,-0.01092960862931669
3.0952732036898563,-0.995718672369829,10.397151849634346,1.0,2.4865,4929.0,-0.0005188829855757859,-0.010929608629318466
3.0947543207042805,-0.9957171136878648,10.386222241005028,1.0,2.486,4930.0,-0.0005188829855757859,-0.010929608629318466
3.0942354377187042,-0.9957155550059005,10.375292632375709,1.0,2.4855,4931.0,-0.00051888298557623,-0.010929608629318466
3.0937165547331285,-0.9957139963239362,10.364363023746392,1.0,2.485,4932.0,-0.0005188829855757859,-0.01092960862931669
3.0931976717475527,-0.995712437641972,10.353433415117074,1.0,2.4845,4933.0,-0.0005188829855757859,-0.010929608629318466
3.092678788761977,-0.9957108789600078,10.342503806487755,1.0,2.484,4934.0,-0.0005188829855757859,-0.010929608629318466
3.0920602826069774,-0.9957760322342057,10.331339715533321,1.0,2.4833846153846153,4935.0,-0.0006185061549994764,-0.011164090954434158
3.091441776451978,-0.9958411855084037,10.320175624578885,1.0,2.4827692307692306,4936.0,-0.0006185061549994764,-0.011164090954435935
3.090823270296979,-0.9959063387826016,10.309011533624451,1.0,2.482153846153846,4937.0,-0.0006185061549990323,-0.011164090954434158
3.0902047641419794,-0.9959714920567996,10.297847442670017,1.0,2.4815384615384617,4938.0,-0.0006185061549994764,-0.011164090954434158
3.08958625798698,-0.9960366453309976,10.286683351715581,1.0,2.480923076923077,4939.0,-0.0006185061549994764,-0.011164090954435935
3.0889677518319805,-0.9961017986051955,10.275519260761147,1.0,2.4803076923076923,4940.0,-0.0006185061549994764,-0.011164090954434158
3.0883492456769814,-0.9961669518793934,10.264355169806713,1.0,2.4796923076923076,4941.0,-0.0006185061549990323,-0.011164090954434158
3.087730739521982,-0.9962321051535914,10.253191078852279,1.0,2.479076923076923,4942.0,-0.0006185061549994764,-0.011164090954434158
3.0871122333669825,-0.9962972584277894,10.242026987897843,1.0,2.4784615384615383,4943.0,-0.0006185061549994764,-0.011164090954435935
3.086493727211983,-0.9963624117019874,10.230862896943409,1.0,2.477846153846154,4944.0,-0.0006185061549994764,-0.011164090954434158
3.085875221056984,-0.9964275649761852,10.219698805988974,1.0,2.4772307692307693,4945.0,-0.0006185061549990323,-0.011164090954434158
3.0852567149019845,-0.9964927182503832,10.208534715034538,1.0,2.4766153846153847,4946.0,-0.0006185061549994764,-0.011164090954435935
3.084638208746985,-0.9965578715245812,10.197370624080104,1.0,2.476,4947.0,-0.0006185061549994764,-0.011164090954434158
3.0839872557275894,-0.996509591021399,10.188231507055928,1.0,2.4753076923076924,4948.0,-0.0006509530193956614,-0.009139117024176358
3.0833363027081937,-0.9964613105182168,10.17909239003175,1.0,2.4746153846153844,4949.0,-0.0006509530193956614,-0.009139117024178134
3.0826853496887976,-0.9964130300150347,10.169953273007573,1.0,2.473923076923077,4950.0,-0.0006509530193961055,-0.009139117024176358
3.082034396669402,-0.9963647495118526,10.160814155983397,1.0,2.4732307692307693,4951.0,-0.0006509530193956614,-0.009139117024176358
3.0813834436500063,-0.9963164690086704,10.151675038959219,1.0,2.4725384615384614,4952.0,-0.0006509530193956614,-0.009139117024178134
3.0807324906306106,-0.9962681885054883,10.142535921935043,1.0,2.471846153846154,4953.0,-0.0006509530193956614,-0.009139117024176358
3.0800815376112145,-0.9962199080023061,10.133396804910866,1.0,2.4711538461538463,4954.0,-0.0006509530193961055,-0.009139117024176358
3.079430584591819,-0.9961716274991239,10.12425768788669,1.0,2.4704615384615387,4955.0,-0.0006509530193956614,-0.009139117024176358
3.078779631572423,-0.9961233469959417,10.115118570862512,1.0,2.4697692307692307,4956.0,-0.0006509530193956614,-0.009139117024178134
3.0781286785530275,-0.9960750664927597,10.105979453838335,1.0,2.469076923076923,4957.0,-0.0006509530193956614,-0.009139117024176358
3.0774777255336314,-0.9960267859895775,10.096840336814159,1.0,2.4683846153846156,4958.0,-0.0006509530193961055,-0.009139117024176358
3.0768267725142358,-0.9959785054863953,10.087701219789981,1.0,2.4676923076923076,4959.0,-0.0006509530193956614,-0.009139117024178134
3.07617581949484,-0.9959302249832132,10.078562102765805,1.0,2.467,4960.0,-0.0006509530193956614,-0.009139117024176358
3.0755360296406073,-0.9957819640830385,10.069997246797637,1.0,2.466357142857143,4961.0,-0.0006397898542327418,-0.008564855968167251
3.074896239786375,-0.9956337031828639,10.06143239082947,1.0,2.4657142857142857,4962.0,-0.0006397898542322977,-0.008564855968167251
3.0742564499321423,-0.9954854422826893,10.052867534861305,1.0,2.4650714285714286,4963.0,-0.0006397898542327418,-0.008564855968165475
3.07361666007791,-0.9953371813825146,10.044302678893137,1.0,2.4644285714285714,4964.0,-0.0006397898542322977,-0.008564855968167251
3.0729768702236773,-0.99518892048234,10.03573782292497,1.0,2.4637857142857142,4965.0,-0.0006397898542327418,-0.008564855968167251
3.072337080369445,-0.9950406595821654,10.027172966956803,1.0,2.463142857142857,4966.0,-0.0006397898542322977,-0.008564855968167251
3.0716972905152122,-0.9948923986819908,10.018608110988636,1.0,2.4625000000000004,4967.0,-0.0006397898542327418,-0.008564855968167251
3.0710575006609795,-0.9947441377818161,10.01004325502047,1.0,2.461857142857143,4968.0,-0.0006397898542327418,-0.008564855968165475
3.070417710806747,-0.9945958768816415,10.001478399052303,1.0,2.461214285714286,4969.0,-0.0006397898542322977,-0.008564855968167251
3.0697779209525144,-0.9944476159814669,9.992913543084136,1.0,2.460571428571429,4970.0,-0.0006397898542327418,-0.008564855968167251
3.069138131098282,-0.9942993550812922,9.984348687115968,1.0,2.4599285714285717,4971.0,-0.0006397898542322977,-0.008564855968167251
3.0684983412440494,-0.9941510941811176,9.975783831147803,1.0,2.4592857142857145,4972.0,-0.0006397898542327418,-0.008564855968165475
3.067858551389817,-0.994002833280943,9.967218975179636,1.0,2.4586428571428574,4973.0,-0.0006397898542322977,-0.008564855968167251
3.0672187615355844,-0.9938545723807684,9.958654119211468,1.0,2.458,4974.0,-0.0006397898542327418,-0.008564855968167251
3.066487998445324,-0.9938615775111515,9.946226539291905,1.0,2.4572307692307693,4975.0,-0.0007307630902602114,-0.01242757991956367
3.065757235355064,-0.9938685826415344,9.933798959372343,1.0,2.4564615384615385,4976.0,-0.0007307630902602114,-0.012427579919561893
3.0650264722648037,-0.9938755877719175,9.92137137945278,1.0,2.4556923076923076,4977.0,-0.0007307630902602114,-0.01242757991956367
3.0642957091745435,-0.9938825929023005,9.908943799533215,1.0,2.454923076923077,4978.0,-0.0007307630902602114,-0.01242757991956367
3.0635649460842833,-0.9938895980326836,9.896516219613654,1.0,2.4541538461538464,4979.0,-0.0007307630902602114,-0.012427579919561893
3.062834182994023,-0.9938966031630666,9.88408863969409,1.0,2.4533846153846155,4980.0,-0.0007307630902602114,-0.01242757991956367
3.0621034199037633,-0.9939036082934497,9.871661059774526,1.0,2.4526153846153846,4981.0,-0.0007307630902597673,-0.01242757991956367
3.061372656813503,-0.9939106134238327,9.859233479854963,1.0,2.451846153846154,4982.0,-0.0007307630902602114,-0.01242757991956367
3.060641893723243,-0.9939176185542158,9.8468058999354,1.0,2.451076923076923,4983.0,-0.0007307630902602114,-0.012427579919561893
3.0599111306329827,-0.9939246236845988,9.834378320015837,1.0,2.4503076923076925,4984.0,-0.0007307630902602114,-0.01242757991956367
3.0591803675427225,-0.9939316288149819,9.821950740096273,1.0,2.4495384615384617,4985.0,-0.0007307630902602114,-0.01242757991956367
3.0584496044524623,-0.9939386339453649,9.809523160176711,1.0,2.448769230769231,4986.0,-0.0007307630902602114,-0.012427579919561893
3.057718841362202,-0.993945639075748,9.797095580257148,1.0,2.448,4987.0,-0.0007307630902602114,-0.01242757991956367
3.0569303649464112,-0.993969224822306,9.78450655286119,1.0,2.447230769230769,4988.0,-0.0007884764157908286,-0.012589027395957686
3.0561418885306204,-0.993992810568864,9.77191752546523,1.0,2.4464615384615382,4989.0,-0.0007884764157908286,-0.012589027395959462
3.055353412114829,-0.994016396315422,9.759328498069273,1.0,2.445692307692308,4990.0,-0.0007884764157912727,-0.012589027395957686
3.0545649356990383,-0.9940399820619801,9.746739470673315,1.0,2.444923076923077,4991.0,-0.0007884764157908286,-0.012589027395957686
3.0537764592832475,-0.9940635678085381,9.734150443277356,1.0,2.444153846153846,4992.0,-0.0007884764157908286,-0.012589027395959462
3.0529879828674567,-0.9940871535550961,9.721561415881398,1.0,2.4433846153846153,4993.0,-0.0007884764157908286,-0.012589027395957686
3.0521995064516654,-0.9941107393016541,9.70897238848544,1.0,2.442615384615385,4994.0,-0.0007884764157912727,-0.012589027395957686
3.0514110300358745,-0.9941343250482121,9.696383361089483,1.0,2.441846153846154,4995.0,-0.0007884764157908286,-0.012589027395957686
3.0506225536200837,-0.9941579107947701,9.683794333693523,1.0,2.441076923076923,4996.0,-0.0007884764157908286,-0.012589027395959462
3.049834077204293,-0.9941814965413281,9.671205306297566,1.0,2.4403076923076923,4997.0,-0.0007884764157908286,-0.012589027395957686
3.0490456007885016,-0.9942050822878862,9.658616278901608,1.0,2.439538461538462,4998.0,-0.0007884764157912727,-0.012589027395957686
3.048257124372711,-0.9942286680344442,9.646027251505648,1.0,2.438769230769231,4999.0,-0.0007884764157908286,-0.012589027395959462
3.04746864795692,-0.9942522537810022,9.63343822410969,1.0,2.438,5000.0,-0.0007884764157908286,-0.012589027395957686
3.046695591262197,-0.9943793073832682,9.629692776417272,1.0,2.437214285714286,5001.0,-0.000773056694722829,-0.0037454476924185798
3.0459225345674743,-0.9945063609855342,9.625947328724852,1.0,2.4364285714285714,5002.0,-0.000773056694722829,-0.003745447692420356
3.0451494778727515,-0.9946334145878002,9.622201881032433,1.0,2.435642857142857,5003.0,-0.000773056694722829,-0.0037454476924185798
3.0443764211780286,-0.9947604681900662,9.618456433340015,1.0,2.434857142857143,5004.0,-0.000773056694722829,-0.0037454476924185798
3.043603364483306,-0.9948875217923322,9.614710985647594,1.0,2.434071428571429,5005.0,-0.000773056694722829,-0.003745447692420356
3.042830307788583,-0.9950145753945983,9.610965537955176,1.0,2.4332857142857143,5006.0,-0.000773056694722829,-0.0037454476924185798
3.04205725109386,-0.9951416289968642,9.607220090262755,1.0,2.4325,5007.0,-0.000773056694722829,-0.003745447692420356
3.0412841943991373,-0.9952686825991302,9.603474642570337,1.0,2.431714285714286,5008.0,-0.000773056694722829,-0.0037454476924185798
3.0405111377044145,-0.9953957362013962,9.599729194877918,1.0,2.4309285714285713,5009.0,-0.000773056694722829,-0.0037454476924185798
3.0397380810096917,-0.9955227898036622,9.595983747185498,1.0,2.430142857142857,5010.0,-0.000773056694722829,-0.003745447692420356
3.038965024314969,-0.9956498434059282,9.59223829949308,1.0,2.429357142857143,5011.0,-0.000773056694722829,-0.0037454476924185798
3.038191967620246,-0.9957768970081942,9.58849285180066,1.0,2.428571428571429,5012.0,-0.000773056694722829,-0.0037454476924185798
3.037418910925523,-0.9959039506104602,9.58474740410824,1.0,2.427785714285714,5013.0,-0.000773056694722829,-0.003745447692420356
3.0366458542308004,-0.9960310042127262,9.581001956415822,1.0,2.427,5014.0,-0.000773056694722829,-0.0037454476924185798
3.0358060507527056,-0.9959238873222481,9.572713932759715,1.0,2.4261538461538463,5015.0,-0.0008398034780947583,-0.008288023656106702
3.034966247274611,-0.9958167704317701,9.564425909103607,1.0,2.425307692307692,5016.0,-0.0008398034780947583,-0.008288023656108479
3.0341264437965156,-0.995709653541292,9.5561378854475,1.0,2.4244615384615384,5017.0,-0.0008398034780952024,-0.008288023656106702
3.033286640318421,-0.995602536650814,9.547849861791391,1.0,2.4236153846153847,5018.0,-0.0008398034780947583,-0.008288023656108479
3.032446836840326,-0.995495419760336,9.539561838135285,1.0,2.4227692307692306,5019.0,-0.0008398034780947583,-0.008288023656106702
3.0316070333622314,-0.9953883028698579,9.531273814479178,1.0,2.421923076923077,5020.0,-0.0008398034780947583,-0.008288023656106702
3.030767229884136,-0.9952811859793799,9.52298579082307,1.0,2.421076923076923,5021.0,-0.0008398034780952024,-0.008288023656108479
3.0299274264060414,-0.9951740690889018,9.514697767166963,1.0,2.4202307692307694,5022.0,-0.0008398034780947583,-0.008288023656106702
3.0290876229279466,-0.9950669521984238,9.506409743510856,1.0,2.4193846153846152,5023.0,-0.0008398034780947583,-0.008288023656106702
3.028247819449852,-0.9949598353079457,9.498121719854748,1.0,2.4185384615384615,5024.0,-0.0008398034780947583,-0.008288023656108479
3.0274080159717567,-0.9948527184174677,9.489833696198641,1.0,2.417692307692308,5025.0,-0.0008398034780952024,-0.008288023656106702
3.026568212493662,-0.9947456015269897,9.481545672542532,1.0,2.4168461538461536,5026.0,-0.0008398034780947583,-0.008288023656108479
3.025728409015567,-0.9946384846365116,9.473257648886426,1.0,2.416,5027.0,-0.0008398034780947583,-0.008288023656106702
3.0249039275963137,-0.9946831393039187,9.471985853509182,1.0,2.415142857142857,5028.0,-0.0008244814192535088,-0.0012717953772440893
3.02407944617706,-0.9947277939713257,9.47071405813194,1.0,2.414285714285714,5029.0,-0.0008244814192535088,-0.001271795377242313
3.0232549647578066,-0.9947724486387328,9.469442262754695,1.0,2.4134285714285713,5030.0,-0.0008244814192535088,-0.0012717953772440893
3.0224304833385536,-0.9948171033061398,9.468170467377451,1.0,2.4125714285714284,5031.0,-0.0008244814192530647,-0.0012717953772440893
3.0216060019193,-0.9948617579735469,9.466898672000207,1.0,2.4117142857142855,5032.0,-0.0008244814192535088,-0.0012717953772440893
3.0207815205000466,-0.9949064126409539,9.465626876622965,1.0,2.4108571428571426,5033.0,-0.0008244814192535088,-0.001271795377242313
3.019957039080793,-0.994951067308361,9.46435508124572,1.0,2.41,5034.0,-0.0008244814192535088,-0.0012717953772440893
3.0191325576615395,-0.9949957219757681,9.463083285868477,1.0,2.4091428571428573,5035.0,-0.0008244814192535088,-0.0012717953772440893
3.018308076242286,-0.9950403766431751,9.461811490491234,1.0,2.4082857142857144,5036.0,-0.0008244814192535088,-0.001271795377242313
3.0174835948230325,-0.9950850313105822,9.46053969511399,1.0,2.4074285714285715,5037.0,-0.0008244814192535088,-0.0012717953772440893
3.0166591134037795,-0.9951296859779892,9.459267899736746,1.0,2.4065714285714286,5038.0,-0.0008244814192530647,-0.0012717953772440893
3.015834631984526,-0.9951743406453963,9.457996104359502,1.0,2.4057142857142857,5039.0,-0.0008244814192535088,-0.0012717953772440893
3.0150101505652724,-0.9952189953128033,9.45672430898226,1.0,2.404857142857143,5040.0,-0.0008244814192535088,-0.001271795377242313
3.014185669146019,-0.9952636499802104,9.455452513605016,1.0,2.404,5041.0,-0.0008244814192535088,-0.0012717953772440893
3.0132705066974985,-0.995296042559273,9.445297304068086,1.0,2.403153846153846,5042.0,-0.0009151624485204124,-0.010155209536929277
3.012355344248978,-0.9953284351383355,9.435142094531159,1.0,2.402307692307692,5043.0,-0.0009151624485204124,-0.0101552095369275
3.011440181800458,-0.995360827717398,9.42498688499423,1.0,2.4014615384615383,5044.0,-0.0009151624485199683,-0.010155209536929277
3.0105250193519377,-0.9953932202964605,9.414831675457302,1.0,2.4006153846153846,5045.0,-0.0009151624485204124,-0.0101552095369275
3.0096098569034173,-0.995425612875523,9.404676465920373,1.0,2.3997692307692304,5046.0,-0.0009151624485204124,-0.010155209536929277
3.008694694454897,-0.9954580054545855,9.394521256383445,1.0,2.3989230769230767,5047.0,-0.0009151624485204124,-0.0101552095369275
3.007779532006377,-0.9954903980336481,9.384366046846516,1.0,2.398076923076923,5048.0,-0.0009151624485199683,-0.010155209536929277
3.0068643695578565,-0.9955227906127107,9.374210837309588,1.0,2.3972307692307693,5049.0,-0.0009151624485204124,-0.0101552095369275
3.005949207109336,-0.9955551831917732,9.36405562777266,1.0,2.396384615384615,5050.0,-0.0009151624485204124,-0.010155209536929277
3.0050340446608157,-0.9955875757708357,9.353900418235732,1.0,2.3955384615384614,5051.0,-0.0009151624485204124,-0.0101552095369275
3.0041188822122957,-0.9956199683498982,9.343745208698802,1.0,2.3946923076923077,5052.0,-0.0009151624485199683,-0.010155209536929277
3.0032037197637753,-0.9956523609289607,9.333589999161875,1.0,2.3938461538461535,5053.0,-0.0009151624485204124,-0.0101552095369275
3.002288557315255,-0.9956847535080232,9.323434789624946,1.0,2.393,5054.0,-0.0009151624485204124,-0.010155209536929277
3.0013438917431285,-0.9955983685659573,9.318936136628066,1.0,2.392,5055.0,-0.0009446655721263575,-0.004498652996879571
3.0003992261710017,-0.9955119836238914,9.314437483631187,1.0,2.391,5056.0,-0.0009446655721268016,-0.004498652996879571
2.9994545605988754,-0.9954255986818255,9.309938830634307,1.0,2.3899999999999997,5057.0,-0.0009446655721263575,-0.004498652996879571
2.998509895026749,-0.9953392137397594,9.305440177637427,1.0,2.389,5058.0,-0.0009446655721263575,-0.004498652996879571
2.9975652294546222,-0.9952528287976935,9.300941524640548,1.0,2.388,5059.0,-0.0009446655721268016,-0.004498652996879571
2.996620563882496,-0.9951664438556276,9.296442871643668,1.0,2.387,5060.0,-0.0009446655721263575,-0.004498652996879571
2.9956758983103695,-0.9950800589135617,9.291944218646789,1.0,2.3859999999999997,5061.0,-0.0009446655721263575,-0.004498652996879571
2.994731232738243,-0.9949936739714957,9.287445565649909,1.0,2.385,5062.0,-0.0009446655721263575,-0.004498652996879571
2.9937865671661164,-0.9949072890294298,9.28294691265303,1.0,2.384,5063.0,-0.0009446655721268016,-0.004498652996879571
2.99284190159399,-0.9948209040873638,9.27844825965615,1.0,2.383,5064.0,-0.0009446655721263575,-0.004498652996879571
2.9918972360218636,-0.9947345191452979,9.27394960665927,1.0,2.3819999999999997,5065.0,-0.0009446655721263575,-0.004498652996879571
2.990952570449737,-0.994648134203232,9.26945095366239,1.0,2.381,5066.0,-0.0009446655721268016,-0.004498652996879571
2.9900079048776105,-0.994561749261166,9.264952300665511,1.0,2.38,5067.0,-0.0009446655721263575,-0.004498652996879571
2.989085291823289,-0.9946832582344285,9.258385664635608,1.0,2.3790714285714283,5068.0,-0.0009226130543216193,-0.006566636029903705
2.988162678768967,-0.994804767207691,9.251819028605702,1.0,2.378142857142857,5069.0,-0.0009226130543220634,-0.0065666360299054816
2.987240065714645,-0.9949262761809535,9.245252392575798,1.0,2.3772142857142855,5070.0,-0.0009226130543216193,-0.006566636029903705
2.9863174526603236,-0.995047785154216,9.238685756545893,1.0,2.3762857142857143,5071.0,-0.0009226130543216193,-0.0065666360299054816
2.985394839606002,-0.9951692941274785,9.23211912051599,1.0,2.3753571428571427,5072.0,-0.0009226130543216193,-0.006566636029903705
2.98447222655168,-0.9952908031007409,9.225552484486084,1.0,2.3744285714285716,5073.0,-0.0009226130543220634,-0.0065666360299054816
2.9835496134973583,-0.9954123120740034,9.21898584845618,1.0,2.3735,5074.0,-0.0009226130543216193,-0.006566636029903705
2.9826270004430366,-0.995533821047266,9.212419212426276,1.0,2.3725714285714283,5075.0,-0.0009226130543216193,-0.006566636029903705
2.9817043873887146,-0.9956553300205284,9.20585257639637,1.0,2.371642857142857,5076.0,-0.0009226130543220634,-0.0065666360299054816
2.980781774334393,-0.9957768389937909,9.199285940366467,1.0,2.3707142857142856,5077.0,-0.0009226130543216193,-0.006566636029903705
2.9798591612800713,-0.9958983479670533,9.192719304336562,1.0,2.3697857142857144,5078.0,-0.0009226130543216193,-0.0065666360299054816
2.9789365482257497,-0.9960198569403159,9.186152668306658,1.0,2.3688571428571428,5079.0,-0.0009226130543216193,-0.006566636029903705
2.9780139351714277,-0.9961413659135784,9.179586032276752,1.0,2.3679285714285716,5080.0,-0.0009226130543220634,-0.0065666360299054816
2.977091322117106,-0.9962628748868408,9.173019396246849,1.0,2.367,5081.0,-0.0009226130543216193,-0.006566636029903705
2.976048725748578,-0.9962074509135258,9.164574131371355,1.0,2.365923076923077,5082.0,-0.0010425963685278816,-0.008445264875494018
2.97500612938005,-0.9961520269402108,9.156128866495862,1.0,2.364846153846154,5083.0,-0.0010425963685283257,-0.008445264875492242
2.973963533011522,-0.9960966029668957,9.147683601620368,1.0,2.363769230769231,5084.0,-0.0010425963685278816,-0.008445264875494018
2.972920936642994,-0.9960411789935807,9.139238336744874,1.0,2.3626923076923076,5085.0,-0.0010425963685278816,-0.008445264875494018
2.9718783402744657,-0.9959857550202657,9.130793071869382,1.0,2.361615384615385,5086.0,-0.0010425963685283257,-0.008445264875492242
2.970835743905938,-0.9959303310469506,9.122347806993888,1.0,2.3605384615384617,5087.0,-0.0010425963685278816,-0.008445264875494018
2.96979314753741,-0.9958749070736355,9.113902542118394,1.0,2.3594615384615385,5088.0,-0.0010425963685278816,-0.008445264875494018
2.968750551168882,-0.9958194831003204,9.1054572772429,1.0,2.3583846153846153,5089.0,-0.0010425963685278816,-0.008445264875494018
2.9677079548003538,-0.9957640591270054,9.097012012367408,1.0,2.3573076923076925,5090.0,-0.0010425963685283257,-0.008445264875492242
2.966665358431826,-0.9957086351536903,9.088566747491914,1.0,2.3562307692307694,5091.0,-0.0010425963685278816,-0.008445264875494018
2.965622762063298,-0.9956532111803753,9.08012148261642,1.0,2.355153846153846,5092.0,-0.0010425963685278816,-0.008445264875494018
2.9645801656947697,-0.9955977872070603,9.071676217740928,1.0,2.3540769230769234,5093.0,-0.0010425963685283257,-0.008445264875492242
2.963537569326242,-0.9955423632337452,9.063230952865434,1.0,2.353,5094.0,-0.0010425963685278816,-0.008445264875494018
2.962496492082714,-0.9954969649151113,9.062803436521007,1.0,2.3520000000000003,5095.0,-0.001041077243527866,-0.0004275163444269481
2.9614554148391865,-0.9954515665964775,9.06237592017658,1.0,2.351,5096.0,-0.0010410772435274218,-0.0004275163444269481
2.9604143375956586,-0.9954061682778436,9.061948403832153,1.0,2.35,5097.0,-0.001041077243527866,-0.0004275163444269481
2.959373260352131,-0.9953607699592096,9.061520887487726,1.0,2.349,5098.0,-0.0010410772435274218,-0.0004275163444269481
2.9583321831086034,-0.9953153716405758,9.061093371143299,1.0,2.348,5099.0,-0.001041077243527866,-0.0004275163444269481
2.957291105865076,-0.9952699733219419,9.060665854798872,1.0,2.347,5100.0,-0.0010410772435274218,-0.0004275163444269481
2.956250028621548,-0.995224575003308,9.060238338454445,1.0,2.346,5101.0,-0.001041077243527866,-0.0004275163444269481
2.9552089513780206,-0.995179176684674,9.059810822110018,1.0,2.345,5102.0,-0.0010410772435274218,-0.0004275163444269481
2.9541678741344928,-0.9951337783660402,9.059383305765591,1.0,2.344,5103.0,-0.001041077243527866,-0.0004275163444269481
2.9531267968909654,-0.9950883800474063,9.058955789421164,1.0,2.343,5104.0,-0.0010410772435274218,-0.0004275163444269481
2.9520857196474375,-0.9950429817287724,9.058528273076737,1.0,2.342,5105.0,-0.001041077243527866,-0.0004275163444269481
2.95104464240391,-0.9949975834101386,9.05810075673231,1.0,2.3409999999999997,5106.0,-0.0010410772435274218,-0.0004275163444269481
2.950003565160382,-0.9949521850915046,9.057673240387883,1.0,2.34,5107.0,-0.001041077243527866,-0.0004275163444269481
2.948990984057035,-0.9950054638072767,9.061015859303776,1.0,2.3389285714285712,5108.0,-0.00101258110334701,0.0033426189158927144
2.947978402953688,-0.9950587425230489,9.064358478219669,1.0,2.3378571428571426,5109.0,-0.00101258110334701,0.0033426189158927144
2.9469658218503416,-0.995112021238821,9.067701097135561,1.0,2.336785714285714,5110.0,-0.001012581103346566,0.0033426189158927144
2.9459532407469946,-0.9951652999545931,9.071043716051456,1.0,2.335714285714286,5111.0,-0.00101258110334701,0.0033426189158944908
2.9449406596436476,-0.9952185786703652,9.074386334967349,1.0,2.3346428571428572,5112.0,-0.00101258110334701,0.0033426189158927144
2.9439280785403006,-0.9952718573861374,9.077728953883241,1.0,2.3335714285714286,5113.0,-0.00101258110334701,0.0033426189158927144
2.942915497436954,-0.9953251361019095,9.081071572799134,1.0,2.3325,5114.0,-0.001012581103346566,0.0033426189158927144
2.941902916333607,-0.9953784148176816,9.084414191715027,1.0,2.3314285714285714,5115.0,-0.00101258110334701,0.0033426189158927144
2.94089033523026,-0.9954316935334538,9.08775681063092,1.0,2.330357142857143,5116.0,-0.00101258110334701,0.0033426189158927144
2.939877754126913,-0.9954849722492259,9.091099429546812,1.0,2.329285714285714,5117.0,-0.00101258110334701,0.0033426189158927144
2.938865173023566,-0.995538250964998,9.094442048462707,1.0,2.328214285714286,5118.0,-0.00101258110334701,0.0033426189158944908
2.9378525919202194,-0.9955915296807701,9.0977846673786,1.0,2.3271428571428574,5119.0,-0.001012581103346566,0.0033426189158927144
2.9368400108168724,-0.9956448083965423,9.101127286294492,1.0,2.326071428571429,5120.0,-0.00101258110334701,0.0033426189158927144
2.9358274297135254,-0.9956980871123144,9.104469905210385,1.0,2.325,5121.0,-0.00101258110334701,0.0033426189158927144
2.934718375292025,-0.9957097357742666,9.116596622981179,1.0,2.323923076923077,5122.0,-0.0011090544215002218,0.012126717770794215
2.933609320870525,-0.9957213844362187,9.128723340751973,1.0,2.322846153846154,5123.0,-0.0011090544215002218,0.012126717770794215
2.9325002664490243,-0.9957330330981708,9.140850058522767,1.0,2.321769230769231,5124.0,-0.001109054421500666,0.012126717770794215
2.931391212027524,-0.9957446817601231,9.152976776293562,1.0,2.320692307692308,5125.0,-0.0011090544215002218,0.012126717770794215
2.930282157606024,-0.9957563304220752,9.165103494064356,1.0,2.3196153846153846,5126.0,-0.0011090544215002218,0.012126717770794215
2.9291731031845236,-0.9957679790840274,9.17723021183515,1.0,2.3185384615384614,5127.0,-0.0011090544215002218,0.012126717770794215
2.928064048763023,-0.9957796277459795,9.189356929605946,1.0,2.3174615384615387,5128.0,-0.001109054421500666,0.012126717770795992
2.9269549943415227,-0.9957912764079316,9.20148364737674,1.0,2.3163846153846155,5129.0,-0.0011090544215002218,0.012126717770794215
2.9258459399200225,-0.9958029250698838,9.213610365147535,1.0,2.3153076923076923,5130.0,-0.0011090544215002218,0.012126717770794215
2.9247368854985223,-0.995814573731836,9.225737082918329,1.0,2.314230769230769,5131.0,-0.0011090544215002218,0.012126717770794215
2.9236278310770216,-0.9958262223937882,9.237863800689123,1.0,2.3131538461538463,5132.0,-0.001109054421500666,0.012126717770794215
2.9225187766555214,-0.9958378710557403,9.249990518459917,1.0,2.312076923076923,5133.0,-0.0011090544215002218,0.012126717770794215
2.921409722234021,-0.9958495197176924,9.262117236230711,1.0,2.311,5134.0,-0.0011090544215002218,0.012126717770794215
2.920383439035001,-0.9958643160227343,9.269090288881705,1.0,2.3099285714285713,5135.0,-0.001026283199020206,0.006973052650993239
2.9193571558359808,-0.9958791123277762,9.276063341532696,1.0,2.3088571428571427,5136.0,-0.001026283199020206,0.0069730526509914625
2.9183308726369606,-0.995893908632818,9.28303639418369,1.0,2.307785714285714,5137.0,-0.001026283199020206,0.006973052650993239
2.9173045894379404,-0.9959087049378599,9.290009446834683,1.0,2.3067142857142855,5138.0,-0.001026283199020206,0.006973052650993239
2.91627830623892,-0.9959235012429017,9.296982499485674,1.0,2.305642857142857,5139.0,-0.001026283199020206,0.0069730526509914625
2.9152520230399,-0.9959382975479436,9.303955552136667,1.0,2.3045714285714283,5140.0,-0.001026283199020206,0.006973052650993239
2.9142257398408797,-0.9959530938529855,9.31092860478766,1.0,2.3034999999999997,5141.0,-0.001026283199020206,0.006973052650993239
2.9131994566418595,-0.9959678901580272,9.317901657438652,1.0,2.3024285714285715,5142.0,-0.001026283199020206,0.0069730526509914625
2.9121731734428393,-0.9959826864630691,9.324874710089645,1.0,2.301357142857143,5143.0,-0.001026283199020206,0.006973052650993239
2.911146890243819,-0.995997482768111,9.331847762740637,1.0,2.3002857142857143,5144.0,-0.001026283199020206,0.0069730526509914625
2.910120607044799,-0.9960122790731528,9.33882081539163,1.0,2.2992142857142857,5145.0,-0.001026283199020206,0.006973052650993239
2.9090943238457787,-0.9960270753781947,9.345793868042623,1.0,2.298142857142857,5146.0,-0.001026283199020206,0.006973052650993239
2.9080680406467585,-0.9960418716832365,9.352766920693615,1.0,2.2970714285714284,5147.0,-0.001026283199020206,0.0069730526509914625
2.9070417574477383,-0.9960566679882784,9.359739973344608,1.0,2.296,5148.0,-0.001026283199020206,0.006973052650993239
2.905935711082607,-0.9960441624206062,9.370252888189698,1.0,2.2949230769230766,5149.0,-0.0011060463651313412,0.010512914845090648
2.9048296647174756,-0.9960316568529339,9.380765803034787,1.0,2.293846153846154,5150.0,-0.0011060463651313412,0.010512914845088872
2.9037236183523443,-0.9960191512852618,9.391278717879878,1.0,2.2927692307692307,5151.0,-0.0011060463651313412,0.010512914845090648
2.9026175719872134,-0.9960066457175896,9.401791632724967,1.0,2.2916923076923075,5152.0,-0.0011060463651308972,0.010512914845088872
2.901511525622082,-0.9959941401499173,9.412304547570058,1.0,2.2906153846153847,5153.0,-0.0011060463651313412,0.010512914845090648
2.9004054792569507,-0.9959816345822451,9.422817462415146,1.0,2.2895384615384615,5154.0,-0.0011060463651313412,0.010512914845088872
2.8992994328918194,-0.9959691290145729,9.433330377260237,1.0,2.2884615384615383,5155.0,-0.0011060463651313412,0.010512914845090648
2.898193386526688,-0.9959566234469007,9.443843292105326,1.0,2.287384615384615,5156.0,-0.0011060463651313412,0.010512914845088872
2.8970873401615567,-0.9959441178792284,9.454356206950417,1.0,2.2863076923076924,5157.0,-0.0011060463651313412,0.010512914845090648
2.8959812937964258,-0.9959316123115562,9.464869121795505,1.0,2.285230769230769,5158.0,-0.0011060463651308972,0.010512914845088872
2.8948752474312944,-0.9959191067438841,9.475382036640596,1.0,2.284153846153846,5159.0,-0.0011060463651313412,0.010512914845090648
2.893769201066163,-0.9959066011762118,9.485894951485685,1.0,2.2830769230769232,5160.0,-0.0011060463651313412,0.010512914845088872
2.8926631547010317,-0.9958940956085396,9.496407866330776,1.0,2.282,5161.0,-0.0011060463651313412,0.010512914845090648
2.891528852810236,-0.9958186861447142,9.502758312713132,1.0,2.280846153846154,5162.0,-0.0011343018907958857,0.006350446382356267
2.8903945509194404,-0.995743276680889,9.50910875909549,1.0,2.279692307692308,5163.0,-0.0011343018907954416,0.006350446382358044
2.8892602490286445,-0.9956678672170637,9.515459205477846,1.0,2.2785384615384614,5164.0,-0.0011343018907958857,0.006350446382356267
2.8881259471378486,-0.9955924577532385,9.521809651860204,1.0,2.2773846153846153,5165.0,-0.0011343018907958857,0.006350446382358044
2.886991645247053,-0.9955170482894131,9.52816009824256,1.0,2.2762307692307693,5166.0,-0.0011343018907954416,0.006350446382356267
2.8858573433562573,-0.9954416388255878,9.534510544624917,1.0,2.275076923076923,5167.0,-0.0011343018907958857,0.006350446382356267
2.8847230414654614,-0.9953662293617626,9.540860991007275,1.0,2.2739230769230767,5168.0,-0.0011343018907958857,0.006350446382358044
2.8835887395746655,-0.9952908198979372,9.547211437389631,1.0,2.2727692307692307,5169.0,-0.0011343018907958857,0.006350446382356267
2.88245443768387,-0.9952154104341119,9.553561883771987,1.0,2.2716153846153846,5170.0,-0.0011343018907954416,0.006350446382356267
2.881320135793074,-0.9951400009702867,9.559912330154345,1.0,2.2704615384615385,5171.0,-0.0011343018907958857,0.006350446382358044
2.8801858339022783,-0.9950645915064613,9.566262776536702,1.0,2.269307692307692,5172.0,-0.0011343018907958857,0.006350446382356267
2.879051532011483,-0.9949891820426361,9.57261322291906,1.0,2.268153846153846,5173.0,-0.0011343018907954416,0.006350446382358044
2.877917230120687,-0.9949137725788108,9.578963669301416,1.0,2.267,5174.0,-0.0011343018907958857,0.006350446382356267
2.876851838745475,-0.9949819355008478,9.58870076313501,1.0,2.2658571428571426,5175.0,-0.0010653913752118882,0.009737093833594557
2.875786447370263,-0.9950500984228849,9.598437856968605,1.0,2.2647142857142857,5176.0,-0.0010653913752123323,0.009737093833594557
2.874721055995051,-0.995118261344922,9.608174950802198,1.0,2.2635714285714283,5177.0,-0.0010653913752118882,0.00973709383359278
2.8736556646198386,-0.9951864242669591,9.617912044635792,1.0,2.2624285714285715,5178.0,-0.0010653913752123323,0.009737093833594557
2.8725902732446267,-0.9952545871889962,9.627649138469387,1.0,2.261285714285714,5179.0,-0.0010653913752118882,0.009737093833594557
2.8715248818694143,-0.9953227501110333,9.637386232302982,1.0,2.2601428571428572,5180.0,-0.0010653913752123323,0.009737093833594557
2.8704594904942025,-0.9953909130330704,9.647123326136576,1.0,2.259,5181.0,-0.0010653913752118882,0.009737093833594557
2.8693940991189906,-0.9954590759551074,9.656860419970169,1.0,2.2578571428571426,5182.0,-0.0010653913752118882,0.00973709383359278
2.8683287077437782,-0.9955272388771446,9.666597513803763,1.0,2.2567142857142857,5183.0,-0.0010653913752123323,0.009737093833594557
2.8672633163685664,-0.9955954017991816,9.676334607637358,1.0,2.2555714285714283,5184.0,-0.0010653913752118882,0.009737093833594557
2.866197924993354,-0.9956635647212188,9.686071701470953,1.0,2.2544285714285714,5185.0,-0.0010653913752123323,0.009737093833594557
2.865132533618142,-0.9957317276432558,9.695808795304545,1.0,2.253285714285714,5186.0,-0.0010653913752118882,0.00973709383359278
2.86406714224293,-0.9957998905652929,9.70554588913814,1.0,2.2521428571428572,5187.0,-0.0010653913752123323,0.009737093833594557
2.863001750867718,-0.99586805348733,9.715282982971734,1.0,2.251,5188.0,-0.0010653913752118882,0.009737093833594557
2.8618329599113377,-0.9959161619852287,9.717428996288904,1.0,2.249846153846154,5189.0,-0.001168790956380228,0.0021460133171693485
2.8606641689549575,-0.9959642704831274,9.719575009606071,1.0,2.2486923076923078,5190.0,-0.001168790956380228,0.002146013317167572
2.8594953779985772,-0.9960123789810262,9.72172102292324,1.0,2.2475384615384617,5191.0,-0.001168790956380228,0.0021460133171693485
2.8583265870421974,-0.996060487478925,9.72386703624041,1.0,2.246384615384615,5192.0,-0.0011687909563797838,0.0021460133171693485
2.857157796085817,-0.9961085959768237,9.726013049557578,1.0,2.245230769230769,5193.0,-0.001168790956380228,0.002146013317167572
2.855989005129437,-0.9961567044747224,9.728159062874747,1.0,2.244076923076923,5194.0,-0.001168790956380228,0.0021460133171693485
2.8548202141730568,-0.9962048129726212,9.730305076191916,1.0,2.242923076923077,5195.0,-0.001168790956380228,0.0021460133171693485
2.8536514232166765,-0.9962529214705199,9.732451089509086,1.0,2.241769230769231,5196.0,-0.001168790956380228,0.0021460133171693485
2.8524826322602963,-0.9963010299684186,9.734597102826253,1.0,2.240615384615385,5197.0,-0.001168790956380228,0.002146013317167572
2.8513138413039165,-0.9963491384663173,9.736743116143423,1.0,2.2394615384615384,5198.0,-0.0011687909563797838,0.0021460133171693485
2.8501450503475363,-0.9963972469642162,9.738889129460592,1.0,2.2383076923076923,5199.0,-0.001168790956380228,0.0021460133171693485
2.848976259391156,-0.9964453554621149,9.74103514277776,1.0,2.2371538461538463,5200.0,-0.001168790956380228,0.002146013317167572
2.847807468434776,-0.9964934639600136,9.743181156094929,1.0,2.236,5201.0,-0.001168790956380228,0.0021460133171693485
2.84657217577951,-0.996443846870977,9.750326116287022,1.0,2.234692307692308,5202.0,-0.001235292655265674,0.007144960192093208
2.8453368831242445,-0.9963942297819404,9.757471076479117,1.0,2.2333846153846157,5203.0,-0.001235292655265674,0.0071449601920949846
2.844101590468979,-0.9963446126929038,9.76461603667121,1.0,2.232076923076923,5204.0,-0.001235292655265674,0.007144960192093208
2.842866297813713,-0.9962949956038671,9.771760996863305,1.0,2.230769230769231,5205.0,-0.001235292655265674,0.0071449601920949846
2.8416310051584475,-0.9962453785148305,9.778905957055398,1.0,2.2294615384615386,5206.0,-0.001235292655265674,0.007144960192093208
2.840395712503182,-0.9961957614257939,9.786050917247492,1.0,2.2281538461538464,5207.0,-0.001235292655265674,0.007144960192093208
2.839160419847916,-0.9961461443367573,9.793195877439587,1.0,2.2268461538461537,5208.0,-0.001235292655265674,0.0071449601920949846
2.8379251271926504,-0.9960965272477207,9.80034083763168,1.0,2.2255384615384615,5209.0,-0.001235292655265674,0.007144960192093208
2.8366898345373848,-0.9960469101586841,9.807485797823773,1.0,2.2242307692307692,5210.0,-0.001235292655265674,0.007144960192093208
2.835454541882119,-0.9959972930696475,9.814630758015868,1.0,2.222923076923077,5211.0,-0.001235292655265674,0.0071449601920949846
2.8342192492268534,-0.9959476759806108,9.821775718207961,1.0,2.2216153846153843,5212.0,-0.001235292655265674,0.007144960192093208
2.8329839565715877,-0.9958980588915742,9.828920678400056,1.0,2.220307692307692,5213.0,-0.001235292655265674,0.0071449601920949846
2.831748663916322,-0.9958484418025376,9.83606563859215,1.0,2.219,5214.0,-0.001235292655265674,0.007144960192093208
2.8305947114501064,-0.9958679372904412,9.840493020345297,1.0,2.2177857142857142,5215.0,-0.0011539524662156353,0.004427381753147941
2.829440758983891,-0.9958874327783447,9.844920402098445,1.0,2.2165714285714286,5216.0,-0.0011539524662156353,0.004427381753147941
2.828286806517675,-0.9959069282662483,9.849347783851591,1.0,2.2153571428571426,5217.0,-0.0011539524662156353,0.0044273817531461646
2.82713285405146,-0.9959264237541517,9.85377516560474,1.0,2.214142857142857,5218.0,-0.0011539524662151912,0.004427381753147941
2.8259789015852443,-0.9959459192420553,9.858202547357887,1.0,2.2129285714285714,5219.0,-0.0011539524662156353,0.004427381753147941
2.8248249491190287,-0.9959654147299588,9.862629929111035,1.0,2.2117142857142857,5220.0,-0.0011539524662156353,0.004427381753147941
2.823670996652813,-0.9959849102178624,9.867057310864181,1.0,2.2104999999999997,5221.0,-0.0011539524662156353,0.0044273817531461646
2.8225170441865974,-0.996004405705766,9.87148469261733,1.0,2.209285714285714,5222.0,-0.0011539524662156353,0.004427381753147941
2.821363091720382,-0.9960239011936695,9.875912074370477,1.0,2.2080714285714285,5223.0,-0.0011539524662156353,0.004427381753147941
2.820209139254166,-0.996043396681573,9.880339456123625,1.0,2.206857142857143,5224.0,-0.0011539524662156353,0.004427381753147941
2.819055186787951,-0.9960628921694765,9.884766837876773,1.0,2.2056428571428572,5225.0,-0.0011539524662151912,0.004427381753147941
2.8179012343217353,-0.9960823876573801,9.88919421962992,1.0,2.204428571428571,5226.0,-0.0011539524662156353,0.0044273817531461646
2.8167472818555197,-0.9961018831452836,9.893621601383067,1.0,2.2032142857142856,5227.0,-0.0011539524662156353,0.004427381753147941
2.815593329389304,-0.9961213786331872,9.898048983136215,1.0,2.202,5228.0,-0.0011539524662156353,0.004427381753147941
2.814279298001093,-0.9961505653482524,9.903040453960493,1.0,2.2006153846153844,5229.0,-0.0013140313882109567,0.004991470824277755
2.8129652666128817,-0.9961797520633178,9.90803192478477,1.0,2.1992307692307693,5230.0,-0.0013140313882114008,0.004991470824277755
2.8116512352246708,-0.996208938778383,9.91302339560905,1.0,2.197846153846154,5231.0,-0.0013140313882109567,0.004991470824279531
2.8103372038364594,-0.9962381254934484,9.918014866433328,1.0,2.1964615384615387,5232.0,-0.0013140313882114008,0.004991470824277755
2.8090231724482484,-0.9962673122085136,9.923006337257606,1.0,2.195076923076923,5233.0,-0.0013140313882109567,0.004991470824277755
2.8077091410600374,-0.996296498923579,9.927997808081884,1.0,2.1936923076923076,5234.0,-0.0013140313882109567,0.004991470824277755
2.806395109671826,-0.9963256856386442,9.932989278906163,1.0,2.1923076923076925,5235.0,-0.0013140313882114008,0.004991470824279531
2.805081078283615,-0.9963548723537096,9.93798074973044,1.0,2.190923076923077,5236.0,-0.0013140313882109567,0.004991470824277755
2.803767046895404,-0.9963840590687748,9.942972220554719,1.0,2.1895384615384614,5237.0,-0.0013140313882109567,0.004991470824277755
2.8024530155071927,-0.9964132457838402,9.947963691378996,1.0,2.1881538461538463,5238.0,-0.0013140313882114008,0.004991470824277755
2.8011389841189818,-0.9964424324989054,9.952955162203276,1.0,2.186769230769231,5239.0,-0.0013140313882109567,0.004991470824279531
2.7998249527307704,-0.9964716192139708,9.957946633027554,1.0,2.1853846153846157,5240.0,-0.0013140313882114008,0.004991470824277755
2.7985109213425594,-0.996500805929036,9.962938103851831,1.0,2.184,5241.0,-0.0013140313882109567,0.004991470824277755
2.797252648047253,-0.9962974643334626,9.97124410140885,1.0,2.182642857142857,5242.0,-0.0012582732953063669,0.00830599755701833
2.7959943747519462,-0.9960941227378891,9.97955009896587,1.0,2.1812857142857145,5243.0,-0.001258273295306811,0.008305997557020106
2.79473610145664,-0.9958907811423157,9.98785609652289,1.0,2.1799285714285714,5244.0,-0.0012582732953063669,0.008305997557020106
2.7934778281613335,-0.9956874395467423,9.996162094079908,1.0,2.178571428571429,5245.0,-0.0012582732953063669,0.00830599755701833
2.792219554866027,-0.9954840979511689,10.004468091636927,1.0,2.1772142857142858,5246.0,-0.0012582732953063669,0.00830599755701833
2.7909612815707203,-0.9952807563555954,10.012774089193947,1.0,2.175857142857143,5247.0,-0.001258273295306811,0.008305997557020106
2.789703008275414,-0.995077414760022,10.021080086750967,1.0,2.1745,5248.0,-0.0012582732953063669,0.008305997557020106
2.7884447349801076,-0.9948740731644485,10.029386084307985,1.0,2.173142857142857,5249.0,-0.0012582732953063669,0.00830599755701833
2.7871864616848008,-0.9946707315688751,10.037692081865004,1.0,2.1717857142857144,5250.0,-0.001258273295306811,0.00830599755701833
2.7859281883894944,-0.9944673899733016,10.045998079422024,1.0,2.1704285714285714,5251.0,-0.0012582732953063669,0.008305997557020106
2.784669915094188,-0.9942640483777283,10.054304076979044,1.0,2.1690714285714288,5252.0,-0.0012582732953063669,0.008305997557020106
2.7834116417988817,-0.9940607067821549,10.062610074536062,1.0,2.1677142857142857,5253.0,-0.0012582732953063669,0.00830599755701833
2.782153368503575,-0.9938573651865814,10.07091607209308,1.0,2.166357142857143,5254.0,-0.001258273295306811,0.00830599755701833
2.7808950952082685,-0.993654023591008,10.0792220696501,1.0,2.165,5255.0,-0.0012582732953063669,0.008305997557020106
2.779471097671545,-0.9940409055446245,10.081280894929055,1.0,2.163307692307692,5256.0,-0.0014239975367233981,0.0020588252789544015
2.7780471001348213,-0.9944277874982411,10.08333972020801,1.0,2.1616153846153847,5257.0,-0.0014239975367238422,0.0020588252789544015
2.776623102598098,-0.9948146694518577,10.085398545486964,1.0,2.159923076923077,5258.0,-0.0014239975367233981,0.0020588252789544015
2.775199105061374,-0.9952015514054743,10.087457370765918,1.0,2.1582307692307694,5259.0,-0.0014239975367238422,0.0020588252789544015
2.7737751075246506,-0.9955884333590909,10.089516196044872,1.0,2.1565384615384615,5260.0,-0.0014239975367233981,0.0020588252789544015
2.7723511099879268,-0.9959753153127074,10.091575021323827,1.0,2.1548461538461536,5261.0,-0.0014239975367238422,0.0020588252789544015
2.7709271124512034,-0.9963621972663241,10.09363384660278,1.0,2.153153846153846,5262.0,-0.0014239975367233981,0.002058825278952625
2.7695031149144795,-0.9967490792199407,10.095692671881734,1.0,2.1514615384615383,5263.0,-0.0014239975367238422,0.0020588252789544015
2.768079117377756,-0.9971359611735573,10.097751497160688,1.0,2.1497692307692304,5264.0,-0.0014239975367233981,0.0020588252789544015
2.7666551198410323,-0.9975228431271739,10.099810322439643,1.0,2.148076923076923,5265.0,-0.0014239975367238422,0.0020588252789544015
2.765231122304309,-0.9979097250807905,10.101869147718597,1.0,2.146384615384615,5266.0,-0.0014239975367233981,0.0020588252789544015
2.763807124767585,-0.998296607034407,10.103927972997552,1.0,2.1446923076923077,5267.0,-0.0014239975367238422,0.0020588252789544015
2.7623831272308617,-0.9986834889880236,10.105986798276506,1.0,2.143,5268.0,-0.0014239975367233981,0.0020588252789544015
2.7609117897003497,-0.998384918612412,10.108624676245832,1.0,2.1415384615384614,5269.0,-0.0014713375305119847,0.002637877969325686
2.7594404521698377,-0.9980863482368002,10.111262554215156,1.0,2.140076923076923,5270.0,-0.0014713375305119847,0.0026378779693239096
2.7579691146393257,-0.9977877778611886,10.113900432184481,1.0,2.1386153846153846,5271.0,-0.0014713375305119847,0.002637877969325686
2.7564977771088137,-0.9974892074855768,10.116538310153805,1.0,2.137153846153846,5272.0,-0.0014713375305119847,0.0026378779693239096
2.7550264395783017,-0.9971906371099651,10.11917618812313,1.0,2.135692307692308,5273.0,-0.0014713375305119847,0.002637877969325686
2.7535551020477897,-0.9968920667343535,10.121814066092455,1.0,2.1342307692307694,5274.0,-0.0014713375305119847,0.0026378779693239096
2.752083764517278,-0.9965934963587417,10.12445194406178,1.0,2.1327692307692305,5275.0,-0.0014713375305115406,0.002637877969325686
2.7506124269867662,-0.9962949259831301,10.127089822031104,1.0,2.131307692307692,5276.0,-0.0014713375305119847,0.0026378779693239096
2.7491410894562542,-0.9959963556075184,10.12972770000043,1.0,2.1298461538461537,5277.0,-0.0014713375305119847,0.002637877969325686
2.7476697519257423,-0.9956977852319067,10.132365577969754,1.0,2.1283846153846153,5278.0,-0.0014713375305119847,0.0026378779693239096
2.7461984143952303,-0.995399214856295,10.13500345593908,1.0,2.126923076923077,5279.0,-0.0014713375305119847,0.002637877969325686
2.7447270768647183,-0.9951006444806832,10.137641333908403,1.0,2.1254615384615385,5280.0,-0.0014713375305119847,0.0026378779693239096
2.7432557393342063,-0.9948020741050716,10.14027921187773,1.0,2.124,5281.0,-0.0014713375305119847,0.002637877969325686
2.7417910041893716,-0.9949743179635864,10.148438114678859,1.0,2.1225,5282.0,-0.0014647351448346946,0.008158902801129742
2.7403262690445374,-0.995146561822101,10.156597017479989,1.0,2.121,5283.0,-0.0014647351448342505,0.008158902801129742
2.738861533899703,-0.9953188056806158,10.164755920281117,1.0,2.1195,5284.0,-0.0014647351448342505,0.008158902801127965
2.7373967987548684,-0.9954910495391305,10.172914823082246,1.0,2.1180000000000003,5285.0,-0.0014647351448346946,0.008158902801129742
2.7359320636100337,-0.9956632933976453,10.181073725883376,1.0,2.1165000000000003,5286.0,-0.0014647351448346946,0.008158902801129742
2.7344673284651995,-0.9958355372561599,10.189232628684506,1.0,2.115,5287.0,-0.0014647351448342505,0.008158902801129742
2.733002593320365,-0.9960077811146747,10.197391531485636,1.0,2.1135,5288.0,-0.0014647351448342505,0.008158902801129742
2.7315378581755305,-0.9961800249731895,10.205550434286764,1.0,2.112,5289.0,-0.0014647351448346946,0.008158902801127965
2.730073123030696,-0.9963522688317041,10.213709337087893,1.0,2.1105,5290.0,-0.0014647351448346946,0.008158902801129742
2.7286083878858616,-0.9965245126902189,10.221868239889023,1.0,2.109,5291.0,-0.0014647351448342505,0.008158902801129742
2.7271436527410273,-0.9966967565487336,10.230027142690153,1.0,2.1075000000000004,5292.0,-0.0014647351448342505,0.008158902801129742
2.7256789175961926,-0.9968690004072484,10.23818604549128,1.0,2.1060000000000003,5293.0,-0.0014647351448346946,0.008158902801127965
2.724214182451358,-0.997041244265763,10.24634494829241,1.0,2.1045000000000003,5294.0,-0.0014647351448346946,0.008158902801129742
2.7227494473065237,-0.9972134881242778,10.25450385109354,1.0,2.103,5295.0,-0.0014647351448342505,0.008158902801129742
2.7210831793411385,-0.9971315342054117,10.25601595810259,1.0,2.1013076923076923,5296.0,-0.0016662679653851598,0.0015121070090504674
2.7194169113757534,-0.9970495802865457,10.257528065111641,1.0,2.099615384615385,5297.0,-0.0016662679653851598,0.0015121070090504674
2.717750643410368,-0.9969676263676795,10.259040172120692,1.0,2.097923076923077,5298.0,-0.0016662679653851598,0.0015121070090504674
2.716084375444983,-0.9968856724488135,10.26055227912974,1.0,2.0962307692307696,5299.0,-0.0016662679653851598,0.001512107009048691
2.714418107479598,-0.9968037185299474,10.26206438613879,1.0,2.0945384615384617,5300.0,-0.0016662679653851598,0.0015121070090504674
2.7127518395142127,-0.9967217646110813,10.263576493147841,1.0,2.092846153846154,5301.0,-0.0016662679653851598,0.0015121070090504674
2.711085571548827,-0.9966398106922153,10.265088600156892,1.0,2.0911538461538464,5302.0,-0.0016662679653856038,0.0015121070090504674
2.709419303583442,-0.9965578567733492,10.266600707165942,1.0,2.0894615384615385,5303.0,-0.0016662679653851598,0.0015121070090504674
2.707753035618057,-0.9964759028544831,10.268112814174993,1.0,2.0877692307692306,5304.0,-0.0016662679653851598,0.0015121070090504674
2.7060867676526716,-0.9963939489356171,10.269624921184041,1.0,2.086076923076923,5305.0,-0.0016662679653851598,0.001512107009048691
2.7044204996872865,-0.9963119950167509,10.271137028193092,1.0,2.0843846153846153,5306.0,-0.0016662679653851598,0.0015121070090504674
2.7027542317219013,-0.9962300410978849,10.272649135202142,1.0,2.082692307692308,5307.0,-0.0016662679653851598,0.0015121070090504674
2.701087963756516,-0.9961480871790188,10.274161242211193,1.0,2.081,5308.0,-0.0016662679653851598,0.0015121070090504674
2.6994650697401155,-0.9961301608796069,10.280621838442094,1.0,2.079428571428571,5309.0,-0.0016228940164007,0.006460596230901672
2.6978421757237148,-0.9961122345801949,10.287082434672994,1.0,2.077857142857143,5310.0,-0.0016228940164007,0.006460596230899895
2.6962192817073136,-0.996094308280783,10.293543030903894,1.0,2.0762857142857145,5311.0,-0.001622894016401144,0.006460596230899895
2.694596387690913,-0.9960763819813712,10.300003627134796,1.0,2.0747142857142857,5312.0,-0.0016228940164007,0.006460596230901672
2.692973493674512,-0.9960584556819593,10.306464223365698,1.0,2.073142857142857,5313.0,-0.0016228940164007,0.006460596230901672
2.6913505996581115,-0.9960405293825473,10.312924819596597,1.0,2.0715714285714286,5314.0,-0.0016228940164007,0.006460596230899895
2.6897277056417104,-0.9960226030831354,10.319385415827497,1.0,2.0700000000000003,5315.0,-0.001622894016401144,0.006460596230899895
2.6881048116253097,-0.9960046767837235,10.325846012058399,1.0,2.0684285714285715,5316.0,-0.0016228940164007,0.006460596230901672
2.686481917608909,-0.9959867504843115,10.3323066082893,1.0,2.0668571428571427,5317.0,-0.0016228940164007,0.006460596230901672
2.6848590235925083,-0.9959688241848996,10.3387672045202,1.0,2.0652857142857144,5318.0,-0.0016228940164007,0.006460596230899895
2.6832361295761076,-0.9959508978854877,10.3452278007511,1.0,2.063714285714286,5319.0,-0.0016228940164007,0.006460596230899895
2.6816132355597064,-0.9959329715860759,10.351688396982002,1.0,2.0621428571428573,5320.0,-0.001622894016401144,0.006460596230901672
2.6799903415433057,-0.9959150452866639,10.358148993212904,1.0,2.0605714285714285,5321.0,-0.0016228940164007,0.006460596230901672
2.678367447526905,-0.995897118987252,10.364609589443804,1.0,2.059,5322.0,-0.0016228940164007,0.006460596230899895
2.6765140799152145,-0.9959197510788411,10.37068785674152,1.0,2.057153846153846,5323.0,-0.0018533676116905262,0.006078267297716877
2.6746607123035244,-0.9959423831704304,10.376766124039237,1.0,2.0553076923076925,5324.0,-0.0018533676116900821,0.006078267297716877
2.672807344691834,-0.9959650152620195,10.382844391336956,1.0,2.0534615384615384,5325.0,-0.0018533676116905262,0.006078267297718654
2.670953977080144,-0.9959876473536088,10.388922658634673,1.0,2.051615384615385,5326.0,-0.0018533676116900821,0.006078267297716877
2.6691006094684533,-0.9960102794451979,10.39500092593239,1.0,2.049769230769231,5327.0,-0.0018533676116905262,0.006078267297716877
2.6672472418567628,-0.9960329115367871,10.401079193230107,1.0,2.047923076923077,5328.0,-0.0018533676116905262,0.006078267297716877
2.6653938742450727,-0.9960555436283763,10.407157460527825,1.0,2.046076923076923,5329.0,-0.0018533676116900821,0.006078267297718654
2.663540506633382,-0.9960781757199655,10.413235727825542,1.0,2.0442307692307695,5330.0,-0.0018533676116905262,0.006078267297716877
2.6616871390216916,-0.9961008078115546,10.41931399512326,1.0,2.0423846153846155,5331.0,-0.0018533676116905262,0.006078267297716877
2.6598337714100015,-0.9961234399031439,10.425392262420976,1.0,2.040538461538462,5332.0,-0.0018533676116900821,0.006078267297716877
2.657980403798311,-0.996146071994733,10.431470529718695,1.0,2.038692307692308,5333.0,-0.0018533676116905262,0.006078267297718654
2.656127036186621,-0.9961687040863223,10.437548797016412,1.0,2.036846153846154,5334.0,-0.0018533676116900821,0.006078267297716877
2.6542736685749304,-0.9961913361779114,10.443627064314128,1.0,2.035,5335.0,-0.0018533676116905262,0.006078267297716877
2.652413897301619,-0.9961190636833579,10.450075325756774,1.0,2.0331428571428574,5336.0,-0.0018597712733114946,0.006448261442645986
2.650554126028307,-0.9960467911888043,10.45652358719942,1.0,2.0312857142857146,5337.0,-0.0018597712733119387,0.006448261442645986
2.6486943547549955,-0.9959745186942508,10.462971848642066,1.0,2.0294285714285714,5338.0,-0.0018597712733114946,0.006448261442645986
2.6468345834816835,-0.9959022461996974,10.469420110084714,1.0,2.0275714285714286,5339.0,-0.0018597712733119387,0.0064482614426477625
2.644974812208372,-0.9958299737051438,10.47586837152736,1.0,2.025714285714286,5340.0,-0.0018597712733114946,0.006448261442645986
2.64311504093506,-0.9957577012105903,10.482316632970006,1.0,2.023857142857143,5341.0,-0.0018597712733119387,0.006448261442645986
2.6412552696617486,-0.9956854287160367,10.488764894412652,1.0,2.022,5342.0,-0.0018597712733114946,0.006448261442645986
2.639395498388437,-0.9956131562214832,10.495213155855298,1.0,2.020142857142857,5343.0,-0.0018597712733114946,0.006448261442645986
2.637535727115125,-0.9955408837269296,10.501661417297944,1.0,2.0182857142857142,5344.0,-0.0018597712733119387,0.006448261442645986
2.6356759558418137,-0.9954686112323761,10.50810967874059,1.0,2.0164285714285715,5345.0,-0.0018597712733114946,0.006448261442645986
2.6338161845685018,-0.9953963387378226,10.514557940183238,1.0,2.0145714285714287,5346.0,-0.0018597712733119387,0.0064482614426477625
2.6319564132951903,-0.9953240662432691,10.521006201625884,1.0,2.0127142857142855,5347.0,-0.0018597712733114946,0.006448261442645986
2.6300966420218783,-0.9952517937487155,10.52745446306853,1.0,2.0108571428571427,5348.0,-0.0018597712733119387,0.006448261442645986
2.628236870748567,-0.995179521254162,10.533902724511176,1.0,2.009,5349.0,-0.0018597712733114946,0.006448261442645986
2.6262761239750176,-0.995076310768212,10.542595941439405,1.0,2.0069285714285714,5350.0,-0.0019607467735491824,0.00869321692822922
2.6243153772014685,-0.994973100282262,10.551289158367636,1.0,2.004857142857143,5351.0,-0.0019607467735491824,0.008693216928230996
2.6223546304279193,-0.9948698897963121,10.559982375295865,1.0,2.0027857142857144,5352.0,-0.0019607467735491824,0.00869321692822922
2.62039388365437,-0.9947666793103621,10.568675592224094,1.0,2.0007142857142854,5353.0,-0.0019607467735491824,0.00869321692822922
2.618433136880821,-0.9946634688244121,10.577368809152325,1.0,1.9986428571428572,5354.0,-0.0019607467735491824,0.008693216928230996
2.6164723901072717,-0.9945602583384622,10.586062026080555,1.0,1.9965714285714284,5355.0,-0.0019607467735491824,0.00869321692822922
2.6145116433337225,-0.9944570478525122,10.594755243008786,1.0,1.9945,5356.0,-0.0019607467735491824,0.008693216928230996
2.612550896560174,-0.9943538373665622,10.603448459937015,1.0,1.9924285714285714,5357.0,-0.0019607467735487383,0.00869321692822922
2.6105901497866246,-0.9942506268806123,10.612141676865244,1.0,1.9903571428571427,5358.0,-0.0019607467735491824,0.00869321692822922
2.6086294030130754,-0.9941474163946623,10.620834893793475,1.0,1.9882857142857142,5359.0,-0.0019607467735491824,0.008693216928230996
2.6066686562395263,-0.9940442059087123,10.629528110721704,1.0,1.9862142857142857,5360.0,-0.0019607467735491824,0.00869321692822922
2.604707909465977,-0.9939409954227624,10.638221327649934,1.0,1.9841428571428572,5361.0,-0.0019607467735491824,0.00869321692822922
2.602747162692428,-0.9938377849368124,10.646914544578165,1.0,1.9820714285714285,5362.0,-0.0019607467735491824,0.008693216928230996
2.6007864159188787,-0.9937345744508624,10.655607761506394,1.0,1.98,5363.0,-0.0019607467735491824,0.00869321692822922
2.598469852730084,-0.9938159689393367,10.658939019391276,1.0,1.9775384615384615,5364.0,-0.002316563188794696,0.0033312578848825325
2.5961532895412898,-0.9938973634278109,10.662270277276159,1.0,1.975076923076923,5365.0,-0.0023165631887942517,0.0033312578848825325
2.593836726352495,-0.9939787579162851,10.665601535161041,1.0,1.9726153846153847,5366.0,-0.002316563188794696,0.0033312578848825325
2.591520163163701,-0.9940601524047593,10.668932793045926,1.0,1.9701538461538461,5367.0,-0.0023165631887942517,0.003331257884884309
2.589203599974906,-0.9941415468932335,10.672264050930808,1.0,1.9676923076923076,5368.0,-0.002316563188794696,0.0033312578848825325
2.586887036786112,-0.9942229413817077,10.67559530881569,1.0,1.9652307692307691,5369.0,-0.0023165631887942517,0.0033312578848825325
2.584570473597317,-0.9943043358701819,10.678926566700573,1.0,1.9627692307692308,5370.0,-0.002316563188794696,0.0033312578848825325
2.582253910408523,-0.9943857303586561,10.682257824585456,1.0,1.9603076923076923,5371.0,-0.0023165631887942517,0.0033312578848825325
2.5799373472197282,-0.9944671248471303,10.685589082470338,1.0,1.9578461538461538,5372.0,-0.002316563188794696,0.0033312578848825325
2.577620784030934,-0.9945485193356045,10.688920340355223,1.0,1.9553846153846153,5373.0,-0.0023165631887942517,0.003331257884884309
2.5753042208421393,-0.9946299138240787,10.692251598240105,1.0,1.952923076923077,5374.0,-0.002316563188794696,0.0033312578848825325
2.572987657653345,-0.9947113083125529,10.695582856124988,1.0,1.9504615384615385,5375.0,-0.0023165631887942517,0.0033312578848825325
2.5706710944645503,-0.9947927028010272,10.69891411400987,1.0,1.948,5376.0,-0.002316563188794696,0.0033312578848825325
2.568395883561512,-0.9947353094108974,10.705917225529467,1.0,1.945642857142857,5377.0,-0.0022752109030381718,0.007003111519596317
2.5661206726584735,-0.9946779160207675,10.712920337049065,1.0,1.9432857142857143,5378.0,-0.002275210903038616,0.007003111519598093
2.5638454617554354,-0.9946205226306377,10.719923448568661,1.0,1.9409285714285713,5379.0,-0.0022752109030381718,0.007003111519596317
2.5615702508523968,-0.9945631292405079,10.726926560088257,1.0,1.9385714285714286,5380.0,-0.002275210903038616,0.007003111519596317
2.5592950399493586,-0.9945057358503782,10.733929671607855,1.0,1.9362142857142857,5381.0,-0.0022752109030381718,0.007003111519598093
2.55701982904632,-0.9944483424602483,10.740932783127452,1.0,1.933857142857143,5382.0,-0.002275210903038616,0.007003111519596317
2.554744618143282,-0.9943909490701185,10.747935894647048,1.0,1.9315,5383.0,-0.0022752109030381718,0.007003111519596317
2.5524694072402436,-0.9943335556799887,10.754939006166646,1.0,1.929142857142857,5384.0,-0.0022752109030381718,0.007003111519598093
2.550194196337205,-0.9942761622898588,10.761942117686242,1.0,1.9267857142857143,5385.0,-0.002275210903038616,0.007003111519596317
2.547918985434167,-0.994218768899729,10.76894522920584,1.0,1.9244285714285714,5386.0,-0.0022752109030381718,0.007003111519598093
2.5456437745311282,-0.9941613755095993,10.775948340725437,1.0,1.9220714285714287,5387.0,-0.002275210903038616,0.007003111519596317
2.54336856362809,-0.9941039821194695,10.782951452245033,1.0,1.9197142857142857,5388.0,-0.0022752109030381718,0.007003111519596317
2.5410933527250514,-0.9940465887293396,10.789954563764631,1.0,1.917357142857143,5389.0,-0.002275210903038616,0.007003111519598093
2.5388181418220133,-0.9939891953392098,10.796957675284228,1.0,1.915,5390.0,-0.0022752109030381718,0.007003111519596317
2.5361481031516755,-0.9940764256362816,10.800693350436468,1.0,1.9123076923076923,5391.0,-0.002670038670337771,0.003735675152240603
2.533478064481338,-0.9941636559333535,10.804429025588707,1.0,1.9096153846153847,5392.0,-0.002670038670337327,0.0037356751522388265
2.5308080258110004,-0.9942508862304253,10.808164700740948,1.0,1.906923076923077,5393.0,-0.002670038670337771,0.003735675152240603
2.528137987140663,-0.9943381165274973,10.811900375893188,1.0,1.9042307692307692,5394.0,-0.002670038670337327,0.003735675152240603
2.5254679484703253,-0.9944253468245691,10.815636051045427,1.0,1.9015384615384616,5395.0,-0.002670038670337771,0.0037356751522388265
2.5227979097999875,-0.994512577121641,10.819371726197668,1.0,1.8988461538461539,5396.0,-0.002670038670337771,0.003735675152240603
2.52012787112965,-0.9945998074187128,10.823107401349908,1.0,1.896153846153846,5397.0,-0.002670038670337327,0.003735675152240603
2.5174578324593124,-0.9946870377157847,10.826843076502149,1.0,1.8934615384615383,5398.0,-0.002670038670337771,0.003735675152240603
2.5147877937889747,-0.9947742680128565,10.830578751654388,1.0,1.8907692307692308,5399.0,-0.002670038670337771,0.0037356751522388265
2.5121177551186373,-0.9948614983099284,10.834314426806628,1.0,1.888076923076923,5400.0,-0.002670038670337327,0.003735675152240603
2.5094477164482996,-0.9949487286070002,10.838050101958869,1.0,1.8853846153846152,5401.0,-0.002670038670337771,0.003735675152240603
2.5067776777779622,-0.9950359589040721,10.841785777111108,1.0,1.8826923076923077,5402.0,-0.002670038670337327,0.0037356751522388265
2.5041076391076245,-0.995123189201144,10.845521452263348,1.0,1.88,5403.0,-0.002670038670337771,0.003735675152240603
2.5013688876137947,-0.9951287673748953,10.851358645021488,1.0,1.8772857142857142,5404.0,-0.0027387514938297386,0.005837192758139764
2.498630136119965,-0.9951343455486467,10.857195837779628,1.0,1.8745714285714286,5405.0,-0.0027387514938297386,0.005837192758139764
2.4958913846261352,-0.995139923722398,10.863033030537768,1.0,1.8718571428571429,5406.0,-0.0027387514938297386,0.005837192758139764
2.493152633132306,-0.9951455018961494,10.86887022329591,1.0,1.869142857142857,5407.0,-0.0027387514938292945,0.005837192758141541
2.490413881638476,-0.9951510800699007,10.874707416054049,1.0,1.8664285714285713,5408.0,-0.0027387514938297386,0.005837192758139764
2.4876751301446465,-0.9951566582436521,10.880544608812189,1.0,1.8637142857142857,5409.0,-0.0027387514938297386,0.005837192758139764
2.4849363786508167,-0.9951622364174034,10.886381801570328,1.0,1.861,5410.0,-0.0027387514938297386,0.005837192758139764
2.482197627156987,-0.9951678145911547,10.892218994328468,1.0,1.8582857142857143,5411.0,-0.0027387514938297386,0.005837192758139764
2.4794588756631573,-0.995173392764906,10.898056187086608,1.0,1.8555714285714286,5412.0,-0.0027387514938297386,0.005837192758139764
2.4767201241693275,-0.9951789709386574,10.903893379844748,1.0,1.852857142857143,5413.0,-0.0027387514938297386,0.005837192758139764
2.4739813726754982,-0.9951845491124087,10.90973057260289,1.0,1.850142857142857,5414.0,-0.0027387514938292945,0.005837192758141541
2.4712426211816685,-0.9951901272861601,10.915567765361029,1.0,1.8474285714285714,5415.0,-0.0027387514938297386,0.005837192758139764
2.4685038696878387,-0.9951957054599114,10.921404958119169,1.0,1.8447142857142858,5416.0,-0.0027387514938297386,0.005837192758139764
2.465765118194009,-0.9952012836336628,10.927242150877309,1.0,1.842,5417.0,-0.0027387514938297386,0.005837192758139764
2.5064754806042426,-0.9187543273605531,10.934452688929705,0.9231076923076923,1.7003076923076923,5418.0,0.040710362410233625,0.0072105380523961315
2.5471858430144763,-0.8423073710874435,10.9416632269821,0.8462153846153846,1.5586153846153847,5419.0,0.040710362410233625,0.0072105380523961315
2.5878962054247103,-0.7658604148143338,10.948873765034497,0.7693230769230769,1.416923076923077,5420.0,0.04071036241023407,0.0072105380523961315
2.628606567834944,-0.6894134585412242,10.956084303086893,0.6924307692307692,1.2752307692307694,5421.0,0.040710362410233625,0.0072105380523961315
2.6693169302451776,-0.6129665022681144,10.96329484113929,0.6155384615384616,1.1335384615384616,5422.0,0.040710362410233625,0.0072105380523961315
2.710027292655411,-0.5365195459950047,10.970505379191685,0.5386461538461539,0.9918461538461538,5423.0,0.040710362410233625,0.0072105380523961315
2.7507376550656453,-0.4600725897218951,10.97771591724408,0.4617538461538462,0.8501538461538461,5424.0,0.04071036241023407,0.007210538052394355
2.791448017475879,-0.3836256334487854,10.984926455296476,0.3848615384615385,0.7084615384615385,5425.0,0.040710362410233625,0.0072105380523961315
2.8321583798861125,-0.30717867717567576,10.992136993348872,0.3079692307692308,0.5667692307692308,5426.0,0.040710362410233625,0.0072105380523961315
2.872868742296346,-0.23073172090256608,10.999347531401268,0.2310769230769231,0.4250769230769231,5427.0,0.040710362410233625,0.0072105380523961315
2.91357910470658,-0.1542847646294564,11.006558069453664,0.15418461538461542,0.28338461538461535,5428.0,0.04071036241023407,0.0072105380523961315
2.954289467116814,-0.07783780835634674,11.01376860750606,0.07729230769230772,0.14169230769230767,5429.0,0.040710362410233625,0.0072105380523961315
2.9949998295270475,-0.0013908520832371,11.020979145558456,0.0004,0.0,5430.0,0.040710362410233625,0.0072105380523961315
3.002614527446411,-0.0016024422593306643,11.015594123565343,0.0004,0.0,5431.0,0.007614697919363422,-0.005385021993113526
3.010229225365774,-0.0018140324354242287,11.01020910157223,0.0004,0.0,5432.0,0.007614697919362978,-0.005385021993113526
3.0178439232851373,-0.002025622611517793,11.004824079579114,0.0004,0.0,5433.0,0.007614697919363422,-0.005385021993115302
3.0254586212045007,-0.0022372127876113574,10.999439057586,0.0004,0.0,5434.0,0.007614697919363422,-0.005385021993113526
3.033073319123864,-0.0024488029637049213,10.994054035592887,0.0004,0.0,5435.0,0.007614697919363422,-0.005385021993113526
3.040688017043227,-0.0026603931397984858,10.988669013599774,0.0004,0.0,5436.0,0.007614697919362978,-0.005385021993113526
3.0483027149625905,-0.00287198331589205,10.983283991606658,0.0004,0.0,5437.0,0.007614697919363422,-0.005385021993115302
3.055917412881954,-0.0030835734919856146,10.977898969613545,0.0004,0.0,5438.0,0.007614697919363422,-0.005385021993113526
3.063532110801317,-0.0032951636680791786,10.972513947620431,0.0004,0.0,5439.0,0.007614697919362978,-0.005385021993113526
3.0711468087206804,-0.003506753844172743,10.967128925627318,0.0004,0.0,5440.0,0.007614697919363422,-0.005385021993113526
3.0787615066400438,-0.0037183440202663075,10.961743903634204,0.0004,0.0,5441.0,0.007614697919363422,-0.005385021993113526
3.086376204559407,-0.0039299341963598714,10.956358881641089,0.0004,0.0,5442.0,0.007614697919363422,-0.005385021993115302
3.09399090247877,-0.004141524372453436,10.950973859647975,0.0004,0.0,5443.0,0.007614697919362978,-0.005385021993113526
3.1016056003981336,-0.004353114548547,10.945588837654862,0.0004,0.0,5444.0,0.007614697919363422,-0.005385021993113526
3.1051932679895593,-0.0040794034824389504,10.939745305657647,0.0004,0.0,5445.0,0.003587667591425703,-0.005843531997214768
3.1087809355809846,-0.0038056924163309,10.933901773660434,0.0004,0.0,5446.0,0.0035876675914252587,-0.005843531997212992
3.1123686031724103,-0.0035319813502228503,10.92805824166322,0.0004,0.0,5447.0,0.003587667591425703,-0.005843531997214768
3.115956270763836,-0.0032582702841148,10.922214709666004,0.0004,0.0,5448.0,0.003587667591425703,-0.005843531997214768
3.1195439383552612,-0.00298455921800675,10.91637117766879,0.0004,0.0,5449.0,0.0035876675914252587,-0.005843531997214768
3.123131605946687,-0.0027108481518987003,10.910527645671577,0.0004,0.0,5450.0,0.003587667591425703,-0.005843531997212992
3.126719273538112,-0.00243713708579065,10.904684113674362,0.0004,0.0,5451.0,0.0035876675914252587,-0.005843531997214768
3.130306941129538,-0.0021634260196826,10.898840581677147,0.0004,0.0,5452.0,0.003587667591425703,-0.005843531997214768
3.1338946087209636,-0.00188971495357455,10.892997049679934,0.0004,0.0,5453.0,0.003587667591425703,-0.005843531997212992
3.137482276312389,-0.0016160038874665,10.88715351768272,0.0004,0.0,5454.0,0.0035876675914252587,-0.005843531997214768
3.1410699439038146,-0.0013422928213584501,10.881309985685505,0.0004,0.0,5455.0,0.003587667591425703,-0.005843531997214768
3.1446576114952403,-0.0010685817552504,10.87546645368829,0.0004,0.0,5456.0,0.003587667591425703,-0.005843531997214768
3.1482452790866655,-0.00079487068914235,10.869622921691077,0.0004,0.0,5457.0,0.0035876675914252587,-0.005843531997212992
3.151832946678091,-0.0005211596230343,10.863779389693862,0.0004,0.0,5458.0,0.003587667591425703,-0.005843531997214768
3.154598385472623,-0.0007851799760139385,10.8560577375131,0.0004,0.0,5459.0,0.002765438794531949,-0.007721652180762817
3.157363824267155,-0.0010492003289935769,10.848336085332337,0.0004,0.0,5460.0,0.002765438794531949,-0.007721652180762817
3.1601292630616866,-0.0013132206819732152,10.840614433151574,0.0004,0.0,5461.0,0.002765438794531505,-0.007721652180762817
3.1628947018562186,-0.0015772410349528536,10.83289278097081,0.0004,0.0,5462.0,0.002765438794531949,-0.007721652180762817
3.1656601406507505,-0.0018412613879324922,10.825171128790048,0.0004,0.0,5463.0,0.002765438794531949,-0.007721652180762817
3.1684255794452825,-0.0021052817409121308,10.817449476609285,0.0004,0.0,5464.0,0.002765438794531949,-0.007721652180762817
3.171191018239814,-0.002369302093891769,10.80972782442852,0.0004,0.0,5465.0,0.002765438794531505,-0.007721652180764593
3.173956457034346,-0.0026333224468714075,10.802006172247758,0.0004,0.0,5466.0,0.002765438794531949,-0.007721652180762817
3.176721895828878,-0.002897342799851046,10.794284520066995,0.0004,0.0,5467.0,0.002765438794531949,-0.007721652180762817
3.17948733462341,-0.0031613631528306842,10.786562867886232,0.0004,0.0,5468.0,0.002765438794531949,-0.007721652180762817
3.1822527734179413,-0.0034253835058103226,10.77884121570547,0.0004,0.0,5469.0,0.002765438794531505,-0.007721652180762817
3.1850182122124733,-0.003689403858789961,10.771119563524707,0.0004,0.0,5470.0,0.002765438794531949,-0.007721652180762817
3.1877836510070052,-0.0039534242117696,10.763397911343944,0.0004,0.0,5471.0,0.002765438794531949,-0.007721652180762817
3.1898120011436983,-0.003694491380372014,10.757609395045213,0.0004,0.0,5472.0,0.0020283501366931134,-0.005788516298730784
3.191840351280392,-0.0034355585489744284,10.75182087874648,0.0004,0.0,5473.0,0.0020283501366935575,-0.00578851629873256
3.193868701417085,-0.0031766257175768428,10.74603236244775,0.0004,0.0,5474.0,0.0020283501366931134,-0.005788516298730784
3.195897051553778,-0.002917692886179257,10.740243846149019,0.0004,0.0,5475.0,0.0020283501366931134,-0.005788516298730784
3.1979254016904712,-0.002658760054781671,10.734455329850286,0.0004,0.0,5476.0,0.0020283501366931134,-0.00578851629873256
3.199953751827165,-0.0023998272233840853,10.728666813551555,0.0004,0.0,5477.0,0.0020283501366935575,-0.005788516298730784
3.201982101963858,-0.0021408943919864996,10.722878297252825,0.0004,0.0,5478.0,0.0020283501366931134,-0.005788516298730784
3.204010452100551,-0.001881961560588914,10.717089780954092,0.0004,0.0,5479.0,0.0020283501366931134,-0.00578851629873256
3.2060388022372446,-0.0016230287291913283,10.711301264655361,0.0004,0.0,5480.0,0.0020283501366935575,-0.005788516298730784
3.2080671523739377,-0.0013640958977937426,10.705512748356629,0.0004,0.0,5481.0,0.0020283501366931134,-0.00578851629873256
3.210095502510631,-0.0011051630663961567,10.699724232057898,0.0004,0.0,5482.0,0.0020283501366931134,-0.005788516298730784
3.212123852647324,-0.0008462302349985711,10.693935715759167,0.0004,0.0,5483.0,0.0020283501366931134,-0.005788516298730784
3.2141522027840175,-0.0005872974036009854,10.688147199460435,0.0004,0.0,5484.0,0.0020283501366935575,-0.00578851629873256
3.2161805529207106,-0.0003283645722034,10.682358683161704,0.0004,0.0,5485.0,0.0020283501366931134,-0.005788516298730784
3.217856161144122,-0.0006248282268981928,10.673613006982672,0.0004,0.0,5486.0,0.0016756082234112846,-0.008745676179032102
3.2195317693675336,-0.0009212918815929858,10.66486733080364,0.0004,0.0,5487.0,0.0016756082234117287,-0.008745676179032102
3.221207377590945,-0.0012177555362877786,10.656121654624608,0.0004,0.0,5488.0,0.0016756082234112846,-0.008745676179032102
3.222882985814356,-0.0015142191909825714,10.647375978445575,0.0004,0.0,5489.0,0.0016756082234112846,-0.008745676179032102
3.2245585940377675,-0.0018106828456773642,10.638630302266543,0.0004,0.0,5490.0,0.0016756082234112846,-0.008745676179032102
3.226234202261179,-0.002107146500372157,10.629884626087511,0.0004,0.0,5491.0,0.0016756082234117287,-0.008745676179032102
3.2279098104845905,-0.00240361015506695,10.62113894990848,0.0004,0.0,5492.0,0.0016756082234112846,-0.008745676179032102
3.2295854187080018,-0.002700073809761743,10.612393273729447,0.0004,0.0,5493.0,0.0016756082234112846,-0.008745676179032102
3.2312610269314135,-0.002996537464456536,10.603647597550415,0.0004,0.0,5494.0,0.0016756082234117287,-0.008745676179032102
3.2329366351548248,-0.0032930011191513284,10.594901921371383,0.0004,0.0,5495.0,0.0016756082234112846,-0.008745676179032102
3.234612243378236,-0.0035894647738461214,10.58615624519235,0.0004,0.0,5496.0,0.0016756082234112846,-0.008745676179032102
3.2362878516016473,-0.0038859284285409144,10.577410569013319,0.0004,0.0,5497.0,0.0016756082234112846,-0.008745676179032102
3.237963459825059,-0.0041823920832357074,10.568664892834287,0.0004,0.0,5498.0,0.0016756082234117287,-0.008745676179032102
3.2396390680484703,-0.0044788557379305,10.559919216655254,0.0004,0.0,5499.0,0.0016756082234112846,-0.008745676179032102
