Voltage_measured,Current_measured,Temperature_measured,Current_load,Voltage_load,Time_uniform,dV_dt,dT_dt
4.197837203348764,-0.0018045054681371,4.779042205440951,0.0004,0.0,0.0,,
4.197790809592959,-0.0018130801088793555,4.7838181070466925,0.0004,0.46811111111111114,1.0,-4.639375580506311e-05,0.004775901605741595
4.197744415837154,-0.0018216547496216111,4.788594008652435,0.0004,0.9362222222222223,2.0,-4.639375580506311e-05,0.004775901605742483
4.197698022081349,-0.0018302293903638665,4.793369910258177,0.0004,1.4043333333333334,3.0,-4.639375580506311e-05,0.004775901605741595
4.197651628325544,-0.001838804031106122,4.798145811863919,0.0004,1.8724444444444446,4.0,-4.639375580506311e-05,0.004775901605742483
4.197605234569738,-0.0018473786718483777,4.802921713469661,0.0004,2.3405555555555555,5.0,-4.639375580595129e-05,0.004775901605741595
4.197558840813933,-0.0018559533125906333,4.807697615075403,0.0004,2.808666666666667,6.0,-4.639375580506311e-05,0.004775901605742483
4.197512447058128,-0.0018645279533328887,4.812473516681145,0.0004,3.2767777777777782,7.0,-4.639375580506311e-05,0.004775901605741595
4.197466053302323,-0.0018731025940751443,4.817249418286887,0.0004,3.744888888888889,8.0,-4.639375580506311e-05,0.004775901605742483
4.197419659546518,-0.0018816772348174,4.822025319892629,0.0004,4.213,9.0,-4.639375580506311e-05,0.004775901605741595
4.183936120736638,-0.07289586575532209,4.824633858013922,0.0718,4.159357142857143,10.0,-0.01348353880988018,0.0026085381212928027
4.170452581926757,-0.14391005427582676,4.827242396135215,0.14320000000000002,4.105714285714286,11.0,-0.013483538809881068,0.002608538121293691
4.156969043116876,-0.21492424279633146,4.829850934256508,0.2146,4.052071428571429,12.0,-0.01348353880988018,0.0026085381212928027
4.143485504306996,-0.28593843131683616,4.832459472377802,0.28600000000000003,3.9984285714285717,13.0,-0.01348353880988018,0.002608538121293691
4.130001965497115,-0.35695261983734083,4.835068010499095,0.35740000000000005,3.9447857142857146,14.0,-0.013483538809881068,0.0026085381212928027
4.116518426687235,-0.4279668083578455,4.837676548620388,0.4288,3.8911428571428575,15.0,-0.01348353880988018,0.002608538121293691
4.103034887877354,-0.4989809968783502,4.840285086741681,0.5002000000000001,3.8375,16.0,-0.013483538809881068,0.0026085381212928027
4.089551349067474,-0.5699951853988549,4.842893624862974,0.5716,3.783857142857143,17.0,-0.01348353880988018,0.0026085381212928027
4.076067810257594,-0.6410093739193596,4.845502162984268,0.643,3.7302142857142857,18.0,-0.01348353880988018,0.002608538121293691
4.0625842714477125,-0.7120235624398643,4.84811070110556,0.7144,3.6765714285714286,19.0,-0.013483538809881068,0.0026085381212928027
4.049100732637832,-0.783037750960369,4.850719239226854,0.7858,3.6229285714285715,20.0,-0.01348353880988018,0.002608538121293691
4.035617193827952,-0.8540519394808737,4.853327777348147,0.8572000000000001,3.5692857142857144,21.0,-0.01348353880988018,0.0026085381212928027
4.022133655018071,-0.9250661280013783,4.855936315469441,0.9286000000000001,3.5156428571428573,22.0,-0.013483538809881068,0.002608538121293691
4.008650116208191,-0.996080316521883,4.858544853590733,1.0,3.462,23.0,-0.01348353880988018,0.0026085381212928027
4.007035603086584,-0.9960389289538882,4.86266088024824,1.0,3.4604615384615385,24.0,-0.0016145131216065423,0.004116026657506211
4.005421089964979,-0.9959975413858936,4.866776906905746,1.0,3.458923076923077,25.0,-0.001614513121605654,0.004116026657506211
4.003806576843372,-0.9959561538178988,4.870892933563252,1.0,3.4573846153846155,26.0,-0.0016145131216065423,0.004116026657506211
4.0021920637217665,-0.9959147662499042,4.875008960220757,1.0,3.4558461538461542,27.0,-0.001614513121605654,0.004116026657505323
4.00057755060016,-0.9958733786819094,4.879124986878264,1.0,3.4543076923076925,28.0,-0.0016145131216065423,0.004116026657506211
3.998963037478554,-0.9958319911139146,4.88324101353577,1.0,3.452769230769231,29.0,-0.0016145131216060982,0.004116026657506211
3.9973485243569473,-0.99579060354592,4.887357040193276,1.0,3.4512307692307695,30.0,-0.0016145131216065423,0.004116026657506211
3.995734011235341,-0.9957492159779252,4.891473066850782,1.0,3.449692307692308,31.0,-0.0016145131216060982,0.004116026657506211
3.994119498113735,-0.9957078284099304,4.895589093508288,1.0,3.448153846153846,32.0,-0.0016145131216060982,0.004116026657506211
3.992504984992129,-0.9956664408419358,4.899705120165794,1.0,3.446615384615385,33.0,-0.0016145131216060982,0.004116026657505323
3.9908904718705225,-0.995625053273941,4.9038211468233,1.0,3.445076923076923,34.0,-0.0016145131216065423,0.004116026657506211
3.9892759587489164,-0.9955836657059464,4.907937173480806,1.0,3.443538461538462,35.0,-0.0016145131216060982,0.004116026657506211
3.9876614456273103,-0.9955422781379516,4.912053200138312,1.0,3.442,36.0,-0.0016145131216060982,0.004116026657506211
3.9865077343491535,-0.9955758586791056,4.916089961362375,1.0,3.4410000000000003,37.0,-0.001153711278156777,0.004036761224062602
3.985354023070997,-0.9956094392202597,4.920126722586437,1.0,3.44,38.0,-0.001153711278156333,0.0040367612240617134
3.9842003117928404,-0.9956430197614137,4.924163483810499,1.0,3.439,39.0,-0.001153711278156777,0.004036761224062602
3.983046600514684,-0.9956766003025677,4.928200245034562,1.0,3.438,40.0,-0.001153711278156333,0.004036761224062602
3.9818928892365273,-0.9957101808437218,4.9322370062586245,1.0,3.4370000000000003,41.0,-0.001153711278156777,0.004036761224062602
3.980739177958371,-0.9957437613848757,4.936273767482686,1.0,3.436,42.0,-0.001153711278156333,0.0040367612240617134
3.979585466680214,-0.9957773419260297,4.940310528706749,1.0,3.435,43.0,-0.001153711278156777,0.004036761224062602
3.9784317554020574,-0.9958109224671838,4.944347289930811,1.0,3.434,44.0,-0.001153711278156777,0.004036761224062602
3.977278044123901,-0.9958445030083378,4.948384051154873,1.0,3.433,45.0,-0.001153711278156333,0.0040367612240617134
3.9761243328457443,-0.9958780835494919,4.952420812378936,1.0,3.432,46.0,-0.001153711278156777,0.004036761224062602
3.974970621567588,-0.9959116640906459,4.956457573602998,1.0,3.431,47.0,-0.001153711278156333,0.004036761224062602
3.973816910289431,-0.9959452446317999,4.960494334827061,1.0,3.43,48.0,-0.001153711278156777,0.004036761224062602
3.972663199011275,-0.995978825172954,4.964531096051123,1.0,3.429,49.0,-0.001153711278156333,0.0040367612240617134
3.971509487733118,-0.996012405714108,4.968567857275185,1.0,3.428,50.0,-0.001153711278156777,0.004036761224062602
3.9704654676646003,-0.9960439247611189,4.972606923953024,0.9999846153846154,3.4267692307692306,51.0,-0.0010440200685177814,0.004039066677838932
3.9694214475960825,-0.9960754438081297,4.976645990630863,0.9999692307692307,3.4255384615384616,52.0,-0.0010440200685177814,0.004039066677838932
3.9683774275275647,-0.9961069628551407,4.980685057308702,0.9999538461538462,3.4243076923076923,53.0,-0.0010440200685177814,0.004039066677838932
3.9673334074590474,-0.9961384819021516,4.984724123986541,0.9999384615384616,3.423076923076923,54.0,-0.0010440200685173373,0.004039066677838932
3.9662893873905296,-0.9961700009491624,4.98876319066438,0.9999230769230769,3.421846153846154,55.0,-0.0010440200685177814,0.004039066677838932
3.965245367322012,-0.9962015199961733,4.992802257342219,0.9999076923076923,3.4206153846153846,56.0,-0.0010440200685177814,0.004039066677838932
3.964201347253494,-0.9962330390431843,4.996841324020058,0.9998923076923077,3.4193846153846152,57.0,-0.0010440200685177814,0.004039066677838932
3.9631573271849763,-0.9962645580901952,5.000880390697897,0.9998769230769231,3.418153846153846,58.0,-0.0010440200685177814,0.004039066677838932
3.9621133071164585,-0.996296077137206,5.004919457375736,0.9998615384615385,3.416923076923077,59.0,-0.0010440200685177814,0.004039066677838932
3.961069287047941,-0.996327596184217,5.008958524053575,0.9998461538461538,3.4156923076923076,60.0,-0.0010440200685173373,0.004039066677838932
3.9600252669794234,-0.9963591152312279,5.0129975907314135,0.9998307692307693,3.414461538461538,61.0,-0.0010440200685177814,0.004039066677838932
3.9589812469109056,-0.9963906342782387,5.017036657409252,0.9998153846153847,3.4132307692307693,62.0,-0.0010440200685177814,0.004039066677838932
3.957937226842388,-0.9964221533252496,5.021075724087091,0.9998,3.412,63.0,-0.0010440200685177814,0.004039066677838932
3.957073088414486,-0.996287070347289,5.025800271025316,0.9998142857142858,3.4107857142857143,64.0,-0.0008641384279020059,0.004724546938224883
3.956208949986584,-0.9961519873693284,5.03052481796354,0.9998285714285714,3.4095714285714287,65.0,-0.0008641384279020059,0.004724546938223995
3.955344811558682,-0.9960169043913678,5.035249364901765,0.9998428571428571,3.4083571428571426,66.0,-0.0008641384279020059,0.004724546938224883
3.9544806731307793,-0.9958818214134072,5.039973911839989,0.9998571428571429,3.407142857142857,67.0,-0.00086413842790245,0.004724546938223995
3.9536165347028773,-0.9957467384354466,5.044698458778214,0.9998714285714286,3.4059285714285714,68.0,-0.0008641384279020059,0.004724546938224883
3.9527523962749753,-0.995611655457486,5.049423005716438,0.9998857142857143,3.404714285714286,69.0,-0.0008641384279020059,0.004724546938223995
3.9518882578470733,-0.9954765724795255,5.054147552654663,0.9999,3.4034999999999997,70.0,-0.0008641384279020059,0.004724546938224883
3.9510241194191713,-0.9953414895015649,5.058872099592888,0.9999142857142858,3.402285714285714,71.0,-0.0008641384279020059,0.004724546938224883
3.9501599809912693,-0.9952064065236043,5.063596646531112,0.9999285714285714,3.4010714285714285,72.0,-0.0008641384279020059,0.004724546938223995
3.9492958425633673,-0.9950713235456436,5.068321193469337,0.9999428571428571,3.399857142857143,73.0,-0.0008641384279020059,0.004724546938224883
3.948431704135465,-0.994936240567683,5.073045740407561,0.9999571428571429,3.3986428571428573,74.0,-0.00086413842790245,0.004724546938223995
3.947567565707563,-0.9948011575897224,5.0777702873457855,0.9999714285714286,3.3974285714285712,75.0,-0.0008641384279020059,0.004724546938224883
3.946703427279661,-0.9946660746117618,5.0824948342840095,0.9999857142857143,3.3962142857142856,76.0,-0.0008641384279020059,0.004724546938223995
3.945839288851759,-0.9945309916338012,5.087219381222234,1.0,3.395,77.0,-0.0008641384279020059,0.004724546938224883
3.94499684017919,-0.994683715474745,5.095953402386763,1.0,3.391923076923077,78.0,-0.0008424486725688851,0.008734021164528372
3.944154391506621,-0.9948364393156889,5.104687423551291,1.0,3.388846153846154,79.0,-0.0008424486725688851,0.008734021164528372
3.9433119428340517,-0.9949891631566327,5.1134214447158195,1.0,3.3857692307692306,80.0,-0.0008424486725693292,0.008734021164528372
3.942469494161483,-0.9951418869975766,5.122155465880347,1.0,3.3826923076923077,81.0,-0.0008424486725688851,0.008734021164527483
3.941627045488914,-0.9952946108385203,5.130889487044875,1.0,3.3796153846153847,82.0,-0.0008424486725688851,0.008734021164528372
3.940784596816345,-0.9954473346794642,5.139623508209404,1.0,3.3765384615384617,83.0,-0.0008424486725688851,0.008734021164528372
3.9399421481437757,-0.995600058520408,5.148357529373932,1.0,3.3734615384615383,84.0,-0.0008424486725693292,0.008734021164528372
3.939099699471207,-0.9957527823613519,5.1570915505384605,1.0,3.3703846153846153,85.0,-0.0008424486725688851,0.008734021164528372
3.938257250798638,-0.9959055062022957,5.165825571702989,1.0,3.3673076923076923,86.0,-0.0008424486725688851,0.008734021164528372
3.937414802126069,-0.9960582300432396,5.174559592867516,1.0,3.3642307692307694,87.0,-0.0008424486725688851,0.008734021164527483
3.9365723534534998,-0.9962109538841833,5.183293614032045,1.0,3.361153846153846,88.0,-0.0008424486725693292,0.008734021164528372
3.935729904780931,-0.9963636777251272,5.192027635196573,1.0,3.358076923076923,89.0,-0.0008424486725688851,0.008734021164528372
3.934887456108362,-0.996516401566071,5.200761656361101,1.0,3.355,90.0,-0.0008424486725688851,0.008734021164528372
3.934186585046242,-0.9964418443526568,5.2051473705096365,1.0,3.3525,91.0,-0.0007008710621199121,0.004385714148535058
3.9334857139841226,-0.9963672871392426,5.2095330846581716,1.0,3.35,92.0,-0.000700871062119468,0.004385714148535058
3.932784842922003,-0.9962927299258284,5.213918798806706,1.0,3.3475,93.0,-0.000700871062119468,0.00438571414853417
3.9320839718598832,-0.9962181727124142,5.218304512955241,1.0,3.3449999999999998,94.0,-0.0007008710621199121,0.004385714148535058
3.9313831007977633,-0.996143615499,5.222690227103776,1.0,3.3425,95.0,-0.0007008710621199121,0.004385714148535058
3.930682229735644,-0.9960690582855858,5.227075941252311,1.0,3.34,96.0,-0.000700871062119468,0.004385714148535058
3.9299813586735244,-0.9959945010721716,5.231461655400846,1.0,3.3375,97.0,-0.000700871062119468,0.004385714148535058
3.9292804876114045,-0.9959199438587573,5.23584736954938,1.0,3.335,98.0,-0.0007008710621199121,0.00438571414853417
3.9285796165492846,-0.9958453866453431,5.240233083697915,1.0,3.3325,99.0,-0.0007008710621199121,0.004385714148535058
3.927878745487165,-0.9957708294319289,5.24461879784645,1.0,3.33,100.0,-0.000700871062119468,0.004385714148535058
3.9271778744250456,-0.9956962722185146,5.249004511994985,1.0,3.3274999999999997,101.0,-0.000700871062119468,0.004385714148535058
3.9264770033629257,-0.9956217150051004,5.2533902261435195,1.0,3.3249999999999997,102.0,-0.0007008710621199121,0.00438571414853417
3.925776132300806,-0.9955471577916862,5.2577759402920545,1.0,3.3225,103.0,-0.0007008710621199121,0.004385714148535058
3.9250752612386863,-0.995472600578272,5.26216165444059,1.0,3.32,104.0,-0.000700871062119468,0.004385714148535058
3.924387171873052,-0.9955035526360961,5.267681616034027,1.0,3.319230769230769,105.0,-0.0006880893656342479,0.0055199615934373725
3.9236990825074183,-0.9955345046939202,5.273201577627464,1.0,3.318461538461538,106.0,-0.0006880893656338039,0.0055199615934373725
3.923010993141784,-0.9955654567517443,5.278721539220902,1.0,3.3176923076923077,107.0,-0.0006880893656342479,0.0055199615934373725
3.92232290377615,-0.9955964088095683,5.284241500814339,1.0,3.316923076923077,108.0,-0.0006880893656342479,0.0055199615934373725
3.921634814410516,-0.9956273608673925,5.2897614624077764,1.0,3.316153846153846,109.0,-0.0006880893656338039,0.0055199615934373725
3.9209467250448817,-0.9956583129252166,5.295281424001214,1.0,3.315384615384615,110.0,-0.0006880893656342479,0.0055199615934373725
3.9202586356792475,-0.9956892649830407,5.300801385594652,1.0,3.3146153846153847,111.0,-0.0006880893656342479,0.005519961593438261
3.9195705463136132,-0.9957202170408648,5.3063213471880895,1.0,3.313846153846154,112.0,-0.0006880893656342479,0.0055199615934373725
3.9188824569479794,-0.9957511690986889,5.311841308781527,1.0,3.313076923076923,113.0,-0.0006880893656338039,0.0055199615934373725
3.918194367582345,-0.9957821211565129,5.317361270374964,1.0,3.312307692307692,114.0,-0.0006880893656342479,0.0055199615934373725
3.917506278216711,-0.995813073214337,5.322881231968402,1.0,3.3115384615384618,115.0,-0.0006880893656342479,0.0055199615934373725
3.916818188851077,-0.9958440252721611,5.328401193561839,1.0,3.310769230769231,116.0,-0.0006880893656338039,0.0055199615934373725
3.916130099485443,-0.9958749773299852,5.333921155155276,1.0,3.31,117.0,-0.0006880893656342479,0.0055199615934373725
3.915507652409145,-0.9958404111616954,5.340391393828095,1.0,3.3093846153846154,118.0,-0.0006224470762981049,0.006470238672818596
3.9148852053328467,-0.9958058449934056,5.346861632500914,1.0,3.3087692307692307,119.0,-0.0006224470762981049,0.006470238672819484
3.9142627582565486,-0.9957712788251158,5.353331871173733,1.0,3.308153846153846,120.0,-0.0006224470762981049,0.006470238672818596
3.9136403111802505,-0.9957367126568262,5.359802109846552,1.0,3.3075384615384618,121.0,-0.0006224470762981049,0.006470238672818596
3.9130178641039524,-0.9957021464885364,5.366272348519371,1.0,3.306923076923077,122.0,-0.0006224470762981049,0.006470238672819484
3.9123954170276543,-0.9956675803202466,5.37274258719219,1.0,3.3063076923076924,123.0,-0.0006224470762981049,0.006470238672818596
3.9117729699513557,-0.9956330141519568,5.379212825865008,1.0,3.3056923076923077,124.0,-0.000622447076298549,0.006470238672818596
3.9111505228750576,-0.995598447983667,5.385683064537827,1.0,3.305076923076923,125.0,-0.0006224470762981049,0.006470238672818596
3.9105280757987595,-0.9955638818153772,5.392153303210646,1.0,3.3044615384615383,126.0,-0.0006224470762981049,0.006470238672819484
3.9099056287224614,-0.9955293156470876,5.398623541883465,1.0,3.303846153846154,127.0,-0.0006224470762981049,0.006470238672818596
3.9092831816461633,-0.9954947494787978,5.4050937805562835,1.0,3.3032307692307694,128.0,-0.0006224470762981049,0.006470238672818596
3.908660734569865,-0.995460183310508,5.411564019229103,1.0,3.3026153846153847,129.0,-0.0006224470762981049,0.006470238672819484
3.908038287493567,-0.9954256171422182,5.418034257901922,1.0,3.302,130.0,-0.0006224470762981049,0.006470238672818596
3.9075051741718587,-0.9953321460463466,5.421543759174471,1.0,3.3015714285714286,131.0,-0.0005331133217083561,0.0035095012725490093
3.9069720608501504,-0.9952386749504748,5.4250532604470205,1.0,3.301142857142857,132.0,-0.0005331133217083561,0.0035095012725498975
3.906438947528442,-0.9951452038546031,5.4285627617195695,1.0,3.3007142857142857,133.0,-0.0005331133217083561,0.0035095012725490093
3.9059058342067337,-0.9950517327587314,5.4320722629921185,1.0,3.3002857142857143,134.0,-0.0005331133217083561,0.0035095012725490093
3.9053727208850253,-0.9949582616628597,5.435581764264668,1.0,3.299857142857143,135.0,-0.0005331133217083561,0.0035095012725498975
3.904839607563317,-0.994864790566988,5.4390912655372174,1.0,3.2994285714285714,136.0,-0.0005331133217083561,0.0035095012725490093
3.904306494241608,-0.9947713194711163,5.4426007668097665,1.0,3.299,137.0,-0.0005331133217088002,0.0035095012725490093
3.9037733809199,-0.9946778483752446,5.446110268082316,1.0,3.2985714285714285,138.0,-0.0005331133217083561,0.0035095012725498975
3.9032402675981914,-0.9945843772793729,5.449619769354865,1.0,3.298142857142857,139.0,-0.0005331133217083561,0.0035095012725490093
3.902707154276483,-0.9944909061835012,5.453129270627415,1.0,3.2977142857142856,140.0,-0.0005331133217083561,0.0035095012725498975
3.9021740409547747,-0.9943974350876295,5.456638771899964,1.0,3.297285714285714,141.0,-0.0005331133217083561,0.0035095012725490093
3.9016409276330664,-0.9943039639917578,5.460148273172513,1.0,3.2968571428571427,142.0,-0.0005331133217083561,0.0035095012725490093
3.901107814311358,-0.994210492895886,5.463657774445063,1.0,3.2964285714285713,143.0,-0.0005331133217083561,0.0035095012725498975
3.9005747009896496,-0.9941170218000144,5.467167275717612,1.0,3.296,144.0,-0.0005331133217083561,0.0035095012725490093
3.9000281439390254,-0.994126770905324,5.470697580400545,1.0,3.2953076923076923,145.0,-0.0005465570506242301,0.0035303046829326945
3.899481586888401,-0.9941365200106336,5.474227885083478,1.0,3.2946153846153843,146.0,-0.0005465570506242301,0.0035303046829326945
3.898935029837777,-0.9941462691159431,5.47775818976641,1.0,3.2939230769230767,147.0,-0.0005465570506242301,0.0035303046829326945
3.8983884727871527,-0.9941560182212527,5.481288494449344,1.0,3.293230769230769,148.0,-0.0005465570506242301,0.0035303046829335827
3.8978419157365285,-0.9941657673265623,5.4848187991322765,1.0,3.292538461538461,149.0,-0.0005465570506242301,0.0035303046829326945
3.8972953586859043,-0.9941755164318719,5.488349103815209,1.0,3.2918461538461536,150.0,-0.0005465570506242301,0.0035303046829326945
3.8967488016352805,-0.9941852655371813,5.491879408498142,1.0,3.291153846153846,151.0,-0.000546557050623786,0.0035303046829326945
3.8962022445846562,-0.9941950146424909,5.495409713181075,1.0,3.2904615384615385,152.0,-0.0005465570506242301,0.0035303046829326945
3.895655687534032,-0.9942047637478005,5.498940017864007,1.0,3.2897692307692306,153.0,-0.0005465570506242301,0.0035303046829326945
3.895109130483408,-0.9942145128531101,5.502470322546941,1.0,3.289076923076923,154.0,-0.0005465570506242301,0.0035303046829335827
3.8945625734327836,-0.9942242619584196,5.506000627229874,1.0,3.2883846153846155,155.0,-0.0005465570506242301,0.0035303046829326945
3.8940160163821593,-0.9942340110637292,5.509530931912806,1.0,3.2876923076923075,156.0,-0.0005465570506242301,0.0035303046829326945
3.893469459331535,-0.9942437601690388,5.513061236595739,1.0,3.287,157.0,-0.0005465570506242301,0.0035303046829326945
3.892985002706871,-0.9943558244197258,5.5178186630450154,1.0,3.2865384615384614,158.0,-0.0004844566246640092,0.004757426449276458
3.892500546082207,-0.9944678886704128,5.522576089494293,1.0,3.286076923076923,159.0,-0.0004844566246640092,0.004757426449277347
3.8920160894575426,-0.9945799529210998,5.527333515943569,1.0,3.2856153846153844,160.0,-0.00048445662466445327,0.004757426449276458
3.8915316328328786,-0.9946920171717868,5.532090942392847,1.0,3.2851538461538463,161.0,-0.0004844566246640092,0.004757426449277347
3.8910471762082146,-0.9948040814224738,5.536848368842123,1.0,3.284692307692308,162.0,-0.0004844566246640092,0.004757426449276458
3.8905627195835506,-0.9949161456731608,5.5416057952913995,1.0,3.2842307692307693,163.0,-0.0004844566246640092,0.004757426449276458
3.890078262958886,-0.9950282099238477,5.546363221740677,1.0,3.2837692307692308,164.0,-0.00048445662466445327,0.004757426449277347
3.889593806334222,-0.9951402741745347,5.551120648189953,1.0,3.2833076923076923,165.0,-0.0004844566246640092,0.004757426449276458
3.889109349709558,-0.9952523384252216,5.55587807463923,1.0,3.2828461538461537,166.0,-0.0004844566246640092,0.004757426449276458
3.888624893084894,-0.9953644026759086,5.560635501088507,1.0,3.2823846153846157,167.0,-0.0004844566246640092,0.004757426449277347
3.8881404364602297,-0.9954764669265956,5.565392927537784,1.0,3.281923076923077,168.0,-0.00048445662466445327,0.004757426449276458
3.8876559798355657,-0.9955885311772826,5.570150353987061,1.0,3.2814615384615387,169.0,-0.0004844566246640092,0.004757426449277347
3.8871715232109016,-0.9957005954279696,5.574907780436337,1.0,3.281,170.0,-0.0004844566246640092,0.004757426449276458
3.886742149525438,-0.9956006349031192,5.580552744937151,1.0,3.2805,171.0,-0.00042937368546347443,0.005644964500813643
3.8863127758399747,-0.9955006743782687,5.586197709437964,1.0,3.2800000000000002,172.0,-0.00042937368546347443,0.005644964500812755
3.8858834021545112,-0.9954007138534183,5.591842673938777,1.0,3.2795,173.0,-0.00042937368546347443,0.005644964500813643
3.8854540284690477,-0.9953007533285678,5.59748763843959,1.0,3.279,174.0,-0.00042937368546347443,0.005644964500812755
3.8850246547835843,-0.9952007928037174,5.603132602940404,1.0,3.2785,175.0,-0.00042937368546347443,0.005644964500813643
3.884595281098121,-0.9951008322788669,5.608777567441217,1.0,3.278,176.0,-0.00042937368546347443,0.005644964500812755
3.8841659074126573,-0.9950008717540165,5.61442253194203,1.0,3.2775000000000003,177.0,-0.00042937368546347443,0.005644964500813643
3.8837365337271943,-0.9949009112291661,5.620067496442844,1.0,3.277,178.0,-0.00042937368546303034,0.005644964500813643
3.883307160041731,-0.9948009507043156,5.625712460943657,1.0,3.2765,179.0,-0.00042937368546347443,0.005644964500812755
3.8828777863562673,-0.9947009901794652,5.63135742544447,1.0,3.2760000000000002,180.0,-0.00042937368546347443,0.005644964500813643
3.882448412670804,-0.9946010296546147,5.637002389945283,1.0,3.2755,181.0,-0.00042937368546347443,0.005644964500812755
3.8820190389853404,-0.9945010691297643,5.642647354446097,1.0,3.275,182.0,-0.00042937368546347443,0.005644964500813643
3.881589665299877,-0.9944011086049138,5.648292318946909,1.0,3.2745,183.0,-0.00042937368546347443,0.005644964500812755
3.8811602916144134,-0.9943011480800634,5.653937283447723,1.0,3.274,184.0,-0.00042937368546347443,0.005644964500813643
3.8807330283582515,-0.9943462291995698,5.659066827874631,1.0,3.2734615384615386,185.0,-0.00042726325616193606,0.005129544426908161
3.880305765102089,-0.9943913103190762,5.6641963723015385,1.0,3.272923076923077,186.0,-0.00042726325616238015,0.005129544426907273
3.879878501845927,-0.9944363914385828,5.669325916728447,1.0,3.2723846153846154,187.0,-0.00042726325616193606,0.005129544426908161
3.879451238589765,-0.9944814725580892,5.674455461155355,1.0,3.2718461538461536,188.0,-0.00042726325616238015,0.005129544426908161
3.879023975333603,-0.9945265536775956,5.679585005582262,1.0,3.2713076923076922,189.0,-0.00042726325616193606,0.005129544426907273
3.8785967120774405,-0.994571634797102,5.68471455000917,1.0,3.270769230769231,190.0,-0.00042726325616238015,0.005129544426908161
3.8781694488212786,-0.9946167159166085,5.689844094436078,1.0,3.270230769230769,191.0,-0.00042726325616193606,0.005129544426908161
3.877742185565116,-0.9946617970361149,5.694973638862987,1.0,3.2696923076923077,192.0,-0.00042726325616238015,0.005129544426908161
3.8773149223089542,-0.9947068781556213,5.700103183289894,1.0,3.2691538461538463,193.0,-0.00042726325616193606,0.005129544426907273
3.876887659052792,-0.9947519592751277,5.705232727716802,1.0,3.2686153846153845,194.0,-0.00042726325616238015,0.005129544426908161
3.87646039579663,-0.9947970403946342,5.71036227214371,1.0,3.268076923076923,195.0,-0.00042726325616193606,0.005129544426908161
3.8760331325404676,-0.9948421215141406,5.7154918165706174,1.0,3.2675384615384613,196.0,-0.00042726325616238015,0.005129544426907273
3.8756058692843056,-0.994887202633647,5.720621360997526,1.0,3.267,197.0,-0.00042726325616193606,0.005129544426908161
3.875235230902613,-0.9950531616024025,5.725483156844641,1.0,3.266642857142857,198.0,-0.00037063838169260066,0.004861795847115324
3.8748645925209204,-0.995219120571158,5.730344952691755,1.0,3.266285714285714,199.0,-0.00037063838169260066,0.004861795847114436
3.874493954139228,-0.9953850795399135,5.735206748538871,1.0,3.2659285714285713,200.0,-0.00037063838169260066,0.004861795847115324
3.8741233157575357,-0.995551038508669,5.740068544385986,1.0,3.2655714285714286,201.0,-0.00037063838169215657,0.004861795847115324
3.873752677375843,-0.9957169974774245,5.7449303402331005,1.0,3.265214285714286,202.0,-0.00037063838169260066,0.004861795847114436
3.8733820389941505,-0.99588295644618,5.749792136080216,1.0,3.2648571428571427,203.0,-0.00037063838169260066,0.004861795847115324
3.873011400612458,-0.9960489154149356,5.75465393192733,1.0,3.2645,204.0,-0.00037063838169260066,0.004861795847114436
3.8726407622307653,-0.996214874383691,5.7595157277744455,1.0,3.2641428571428572,205.0,-0.00037063838169260066,0.004861795847115324
3.8722701238490727,-0.9963808333524465,5.764377523621561,1.0,3.263785714285714,206.0,-0.00037063838169260066,0.004861795847115324
3.87189948546738,-0.996546792321202,5.769239319468675,1.0,3.2634285714285713,207.0,-0.00037063838169260066,0.004861795847114436
3.871528847085688,-0.9967127512899575,5.774101115315791,1.0,3.2630714285714286,208.0,-0.00037063838169215657,0.004861795847115324
3.8711582087039953,-0.996878710258713,5.778962911162906,1.0,3.262714285714286,209.0,-0.00037063838169260066,0.004861795847115324
3.8707875703223027,-0.9970446692274685,5.78382470701002,1.0,3.2623571428571427,210.0,-0.00037063838169260066,0.004861795847114436
3.87041693194061,-0.997210628196224,5.788686502857136,1.0,3.262,211.0,-0.00037063838169260066,0.004861795847115324
3.8700493483724787,-0.9971312658062492,5.7921856845604305,1.0,3.261615384615385,212.0,-0.00036758356813137993,0.0034991817032947736
3.869681764804348,-0.9970519034162745,5.795684866263726,1.0,3.261230769230769,213.0,-0.00036758356813093584,0.003499181703295662
3.8693141812362164,-0.9969725410262997,5.799184047967021,1.0,3.260846153846154,214.0,-0.00036758356813137993,0.0034991817032947736
3.868946597668085,-0.996893178636325,5.802683229670316,1.0,3.2604615384615383,215.0,-0.00036758356813137993,0.0034991817032947736
3.868579014099954,-0.9968138162463502,5.806182411373611,1.0,3.260076923076923,216.0,-0.00036758356813093584,0.003499181703295662
3.8682114305318227,-0.9967344538563755,5.809681593076906,1.0,3.259692307692308,217.0,-0.00036758356813137993,0.0034991817032947736
3.8678438469636913,-0.9966550914664009,5.813180774780201,1.0,3.2593076923076922,218.0,-0.00036758356813137993,0.0034991817032947736
3.86747626339556,-0.9965757290764261,5.816679956483496,1.0,3.258923076923077,219.0,-0.00036758356813137993,0.0034991817032947736
3.867108679827429,-0.9964963666864514,5.820179138186791,1.0,3.258538461538462,220.0,-0.00036758356813093584,0.003499181703295662
3.8667410962592976,-0.9964170042964766,5.823678319890086,1.0,3.258153846153846,221.0,-0.00036758356813137993,0.0034991817032947736
3.8663735126911662,-0.9963376419065019,5.827177501593381,1.0,3.257769230769231,222.0,-0.00036758356813137993,0.0034991817032947736
3.8660059291230353,-0.9962582795165271,5.8306766832966765,1.0,3.2573846153846153,223.0,-0.00036758356813093584,0.003499181703295662
3.865638345554904,-0.9961789171265524,5.834175864999971,1.0,3.257,224.0,-0.00036758356813137993,0.0034991817032947736
3.8652786069187917,-0.9960779211120041,5.838946903328962,1.0,3.256615384615385,225.0,-0.0003597386361122723,0.004771038328990507
3.864918868282679,-0.9959769250974558,5.843717941657953,1.0,3.2562307692307693,226.0,-0.0003597386361127164,0.004771038328991395
3.8645591296465667,-0.9958759290829076,5.848488979986944,1.0,3.255846153846154,227.0,-0.0003597386361122723,0.004771038328990507
3.864199391010454,-0.9957749330683593,5.853260018315935,1.0,3.2554615384615384,228.0,-0.0003597386361127164,0.004771038328991395
3.8638396523743417,-0.995673937053811,5.858031056644926,1.0,3.255076923076923,229.0,-0.0003597386361122723,0.004771038328990507
3.863479913738229,-0.9955729410392627,5.862802094973916,1.0,3.2546923076923076,230.0,-0.0003597386361127164,0.004771038328990507
3.8631201751021167,-0.9954719450247145,5.8675731333029075,1.0,3.2543076923076923,231.0,-0.0003597386361122723,0.004771038328991395
3.862760436466004,-0.9953709490101662,5.872344171631898,1.0,3.2539230769230767,232.0,-0.0003597386361127164,0.004771038328990507
3.8624006978298917,-0.9952699529956179,5.8771152099608885,1.0,3.2535384615384615,233.0,-0.0003597386361122723,0.004771038328990507
3.862040959193779,-0.9951689569810697,5.88188624828988,1.0,3.253153846153846,234.0,-0.0003597386361127164,0.004771038328991395
3.8616812205576667,-0.9950679609665214,5.88665728661887,1.0,3.2527692307692306,235.0,-0.0003597386361122723,0.004771038328990507
3.861321481921554,-0.9949669649519731,5.891428324947862,1.0,3.252384615384615,236.0,-0.0003597386361127164,0.004771038328991395
3.8609617432854417,-0.9948659689374248,5.896199363276852,1.0,3.252,237.0,-0.0003597386361122723,0.004771038328990507
3.8606551710035912,-0.9949459584497861,5.903115814649949,1.0,3.2517142857142853,238.0,-0.00030657228185049235,0.006916451373096599
3.8603485987217407,-0.9950259479621474,5.9100322660230455,1.0,3.2514285714285713,239.0,-0.00030657228185049235,0.006916451373096599
3.8600420264398903,-0.9951059374745086,5.916948717396142,1.0,3.251142857142857,240.0,-0.00030657228185049235,0.006916451373096599
3.8597354541580398,-0.9951859269868698,5.92386516876924,1.0,3.250857142857143,241.0,-0.00030657228185049235,0.0069164513730974875
3.8594288818761893,-0.9952659164992311,5.930781620142336,1.0,3.2505714285714284,242.0,-0.00030657228185049235,0.006916451373096599
3.8591223095943388,-0.9953459060115923,5.937698071515433,1.0,3.2502857142857144,243.0,-0.00030657228185049235,0.006916451373096599
3.8588157373124883,-0.9954258955239537,5.944614522888529,1.0,3.25,244.0,-0.00030657228185049235,0.006916451373096599
3.858509165030638,-0.9955058850363149,5.951530974261626,1.0,3.2497142857142856,245.0,-0.00030657228185049235,0.006916451373096599
3.8582025927487873,-0.9955858745486761,5.958447425634723,1.0,3.2494285714285716,246.0,-0.00030657228185049235,0.006916451373096599
3.857896020466937,-0.9956658640610374,5.965363877007819,1.0,3.249142857142857,247.0,-0.00030657228185049235,0.006916451373096599
3.8575894481850863,-0.9957458535733986,5.972280328380917,1.0,3.248857142857143,248.0,-0.00030657228185049235,0.0069164513730974875
3.857282875903236,-0.9958258430857598,5.979196779754013,1.0,3.2485714285714287,249.0,-0.00030657228185049235,0.006916451373096599
3.8569763036213853,-0.9959058325981212,5.98611323112711,1.0,3.2482857142857147,250.0,-0.00030657228185049235,0.006916451373096599
3.856669731339535,-0.9959858221104824,5.9930296825002065,1.0,3.248,251.0,-0.00030657228185049235,0.006916451373096599
3.8563631942861067,-0.9959993845355298,5.997966454260523,1.0,3.247615384615385,252.0,-0.0003065370534280909,0.004936771760316816
3.8560566572326787,-0.9960129469605772,6.00290322602084,1.0,3.2472307692307694,253.0,-0.0003065370534280909,0.004936771760316816
3.8557501201792506,-0.9960265093856246,6.007839997781157,1.0,3.246846153846154,254.0,-0.0003065370534280909,0.004936771760316816
3.8554435831258225,-0.9960400718106721,6.012776769541474,1.0,3.2464615384615385,255.0,-0.0003065370534280909,0.004936771760316816
3.8551370460723944,-0.9960536342357195,6.017713541301791,1.0,3.2460769230769233,256.0,-0.0003065370534280909,0.004936771760316816
3.8548305090189663,-0.9960671966607669,6.022650313062107,1.0,3.2456923076923077,257.0,-0.0003065370534280909,0.004936771760316816
3.8545239719655386,-0.9960807590858144,6.027587084822424,1.0,3.2453076923076924,258.0,-0.0003065370534276468,0.004936771760316816
3.8542174349121106,-0.9960943215108619,6.032523856582741,1.0,3.244923076923077,259.0,-0.0003065370534280909,0.004936771760316816
3.8539108978586825,-0.9961078839359092,6.037460628343058,1.0,3.2445384615384616,260.0,-0.0003065370534280909,0.004936771760316816
3.8536043608052544,-0.9961214463609567,6.042397400103375,1.0,3.244153846153846,261.0,-0.0003065370534280909,0.004936771760316816
3.8532978237518263,-0.9961350087860041,6.0473341718636915,1.0,3.2437692307692307,262.0,-0.0003065370534280909,0.004936771760316816
3.852991286698398,-0.9961485712110515,6.052270943624008,1.0,3.243384615384615,263.0,-0.0003065370534280909,0.004936771760316816
3.85268474964497,-0.996162133636099,6.057207715384325,1.0,3.243,264.0,-0.0003065370534280909,0.004936771760316816
3.852383438534016,-0.9961762531610922,6.062526740370897,1.0,3.2426923076923075,265.0,-0.0003013111109542166,0.005319024986571996
3.8520821274230617,-0.9961903726860855,6.06784576535747,1.0,3.242384615384615,266.0,-0.0003013111109542166,0.0053190249865728845
3.8517808163121074,-0.9962044922110787,6.073164790344042,1.0,3.242076923076923,267.0,-0.0003013111109542166,0.005319024986571996
3.8514795052011532,-0.996218611736072,6.078483815330614,1.0,3.2417692307692305,268.0,-0.0003013111109542166,0.005319024986571996
3.851178194090199,-0.9962327312610652,6.083802840317187,1.0,3.241461538461538,269.0,-0.0003013111109542166,0.0053190249865728845
3.850876882979245,-0.9962468507860585,6.089121865303759,1.0,3.241153846153846,270.0,-0.0003013111109542166,0.005319024986571996
3.85057557186829,-0.9962609703110517,6.094440890290331,1.0,3.240846153846154,271.0,-0.0003013111109546607,0.005319024986571996
3.850274260757336,-0.996275089836045,6.099759915276903,1.0,3.2405384615384616,272.0,-0.0003013111109542166,0.005319024986571996
3.8499729496463817,-0.9962892093610382,6.105078940263476,1.0,3.2402307692307692,273.0,-0.0003013111109542166,0.0053190249865728845
3.8496716385354275,-0.9963033288860315,6.110397965250048,1.0,3.239923076923077,274.0,-0.0003013111109542166,0.005319024986571996
3.8493703274244733,-0.9963174484110247,6.11571699023662,1.0,3.2396153846153846,275.0,-0.0003013111109542166,0.005319024986571996
3.849069016313519,-0.996331567936018,6.121036015223193,1.0,3.239307692307692,276.0,-0.0003013111109542166,0.0053190249865728845
3.848767705202565,-0.9963456874610112,6.126355040209765,1.0,3.239,277.0,-0.0003013111109542166,0.005319024986571996
3.8485013350875614,-0.9961983321722098,6.13150413452994,1.0,3.2385714285714284,278.0,-0.00026637011500341146,0.005149094320175074
3.8482349649725576,-0.9960509768834085,6.136653228850114,1.0,3.238142857142857,279.0,-0.00026637011500385555,0.005149094320174186
3.847968594857554,-0.9959036215946071,6.141802323170289,1.0,3.2377142857142855,280.0,-0.00026637011500341146,0.005149094320175074
3.8477022247425507,-0.9957562663058058,6.146951417490463,1.0,3.237285714285714,281.0,-0.00026637011500341146,0.005149094320174186
3.847435854627547,-0.9956089110170044,6.152100511810638,1.0,3.2368571428571427,282.0,-0.00026637011500385555,0.005149094320175074
3.8471694845125435,-0.9954615557282032,6.157249606130812,1.0,3.236428571428571,283.0,-0.00026637011500341146,0.005149094320174186
3.8469031143975396,-0.9953142004394018,6.1623987004509875,1.0,3.2359999999999998,284.0,-0.00026637011500385555,0.005149094320175074
3.846636744282536,-0.9951668451506004,6.1675477947711626,1.0,3.2355714285714288,285.0,-0.00026637011500341146,0.005149094320175074
3.846370374167533,-0.9950194898617991,6.172696889091337,1.0,3.2351428571428573,286.0,-0.00026637011500341146,0.005149094320174186
3.846104004052529,-0.9948721345729977,6.177845983411512,1.0,3.234714285714286,287.0,-0.00026637011500385555,0.005149094320175074
3.8458376339375255,-0.9947247792841964,6.182995077731686,1.0,3.2342857142857144,288.0,-0.00026637011500341146,0.005149094320174186
3.845571263822522,-0.9945774239953951,6.188144172051861,1.0,3.233857142857143,289.0,-0.00026637011500341146,0.005149094320175074
3.8453048937075183,-0.9944300687065938,6.193293266372035,1.0,3.2334285714285715,290.0,-0.00026637011500385555,0.005149094320174186
3.845038523592515,-0.9942827134177924,6.19844236069221,1.0,3.233,291.0,-0.00026637011500341146,0.005149094320175074
3.844764502912087,-0.9944186324597938,6.202820204097382,1.0,3.232615384615385,292.0,-0.0002740206804277001,0.004377843405171333
3.8444904822316595,-0.9945545515017951,6.207198047502553,1.0,3.2322307692307692,293.0,-0.0002740206804277001,0.004377843405171333
3.844216461551232,-0.9946904705437964,6.211575890907724,1.0,3.231846153846154,294.0,-0.000274020680427256,0.004377843405171333
3.8439424408708045,-0.9948263895857978,6.215953734312896,1.0,3.2314615384615384,295.0,-0.0002740206804277001,0.004377843405171333
3.843668420190377,-0.9949623086277991,6.220331577718067,1.0,3.231076923076923,296.0,-0.0002740206804277001,0.004377843405171333
3.843394399509949,-0.9950982276698005,6.224709421123238,1.0,3.230692307692308,297.0,-0.0002740206804277001,0.004377843405171333
3.843120378829522,-0.9952341467118019,6.2290872645284106,1.0,3.2303076923076923,298.0,-0.000274020680427256,0.0043778434051722215
3.842846358149094,-0.9953700657538033,6.233465107933582,1.0,3.229923076923077,299.0,-0.0002740206804277001,0.004377843405171333
3.8425723374686664,-0.9955059847958045,6.237842951338753,1.0,3.229538461538462,300.0,-0.0002740206804277001,0.004377843405171333
3.8422983167882387,-0.9956419038378059,6.2422207947439246,1.0,3.2291538461538463,301.0,-0.0002740206804277001,0.004377843405171333
3.8420242961078115,-0.9957778228798073,6.246598638149096,1.0,3.228769230769231,302.0,-0.000274020680427256,0.004377843405171333
3.841750275427384,-0.9959137419218086,6.250976481554267,1.0,3.2283846153846154,303.0,-0.0002740206804277001,0.004377843405171333
3.841476254746956,-0.99604966096381,6.2553543249594386,1.0,3.228,304.0,-0.0002740206804277001,0.004377843405171333
3.8412346481075925,-0.9959852535495387,6.258709500827839,1.0,3.2277142857142858,305.0,-0.0002416066393635674,0.0033551758684007282
3.8409930414682294,-0.9959208461352675,6.262064676696241,1.0,3.2274285714285718,306.0,-0.00024160663936312332,0.0033551758684016164
3.840751434828866,-0.9958564387209963,6.265419852564642,1.0,3.2271428571428573,307.0,-0.0002416066393635674,0.0033551758684007282
3.8405098281895027,-0.9957920313067251,6.268775028433042,1.0,3.226857142857143,308.0,-0.00024160663936312332,0.0033551758684007282
3.840268221550139,-0.9957276238924538,6.272130204301443,1.0,3.226571428571429,309.0,-0.0002416066393635674,0.0033551758684007282
3.840026614910776,-0.9956632164781827,6.275485380169845,1.0,3.2262857142857144,310.0,-0.00024160663936312332,0.0033551758684016164
3.8397850082714124,-0.9955988090639114,6.278840556038245,1.0,3.2260000000000004,311.0,-0.0002416066393635674,0.0033551758684007282
3.839543401632049,-0.9955344016496401,6.282195731906646,1.0,3.225714285714286,312.0,-0.0002416066393635674,0.0033551758684007282
3.8393017949926858,-0.995469994235369,6.285550907775048,1.0,3.2254285714285715,313.0,-0.00024160663936312332,0.0033551758684016164
3.839060188353322,-0.9954055868210977,6.2889060836434485,1.0,3.2251428571428575,314.0,-0.0002416066393635674,0.0033551758684007282
3.838818581713959,-0.9953411794068265,6.292261259511849,1.0,3.224857142857143,315.0,-0.00024160663936312332,0.0033551758684007282
3.8385769750745955,-0.9952767719925553,6.29561643538025,1.0,3.2245714285714286,316.0,-0.0002416066393635674,0.0033551758684007282
3.8383353684352324,-0.9952123645782841,6.298971611248652,1.0,3.2242857142857146,317.0,-0.00024160663936312332,0.0033551758684016164
3.838093761795869,-0.9951479571640128,6.302326787117052,1.0,3.224,318.0,-0.0002416066393635674,0.0033551758684007282
3.8378457230138765,-0.9950542630627733,6.308620121099621,1.0,3.223692307692308,319.0,-0.0002480387819923102,0.006293333982569038
3.8375976842318846,-0.9949605689615338,6.31491345508219,1.0,3.2233846153846155,320.0,-0.00024803878199186613,0.006293333982569038
3.8373496454498923,-0.9948668748602943,6.321206789064759,1.0,3.223076923076923,321.0,-0.0002480387819923102,0.006293333982569038
3.8371016066679005,-0.994773180759055,6.3275001230473285,1.0,3.222769230769231,322.0,-0.00024803878199186613,0.006293333982569038
3.836853567885908,-0.9946794866578155,6.3337934570298975,1.0,3.2224615384615385,323.0,-0.0002480387819923102,0.006293333982569038
3.836605529103916,-0.994585792556576,6.3400867910124665,1.0,3.222153846153846,324.0,-0.0002480387819923102,0.006293333982569038
3.836357490321924,-0.9944920984553365,6.346380124995036,1.0,3.2218461538461542,325.0,-0.00024803878199186613,0.006293333982569038
3.8361094515399317,-0.994398404354097,6.352673458977605,1.0,3.221538461538462,326.0,-0.0002480387819923102,0.006293333982569038
3.8358614127579393,-0.9943047102528575,6.358966792960174,1.0,3.2212307692307696,327.0,-0.0002480387819923102,0.006293333982569038
3.8356133739759475,-0.9942110161516181,6.365260126942743,1.0,3.220923076923077,328.0,-0.00024803878199186613,0.006293333982569038
3.835365335193955,-0.9941173220503786,6.371553460925312,1.0,3.220615384615385,329.0,-0.0002480387819923102,0.006293333982569038
3.8351172964119633,-0.9940236279491391,6.377846794907881,1.0,3.2203076923076925,330.0,-0.00024803878199186613,0.006293333982569038
3.834869257629971,-0.9939299338478996,6.38414012889045,1.0,3.22,331.0,-0.0002480387819923102,0.006293333982569038
3.834629170128666,-0.9939150521868005,6.388493494781967,1.0,3.219692307692308,332.0,-0.00024008750130510847,0.004353365891517136
3.834389082627361,-0.9939001705257015,6.392846860673484,1.0,3.2193846153846155,333.0,-0.00024008750130510847,0.004353365891517136
3.834148995126056,-0.9938852888646023,6.397200226565001,1.0,3.219076923076923,334.0,-0.00024008750130466439,0.004353365891517136
3.833908907624751,-0.9938704072035032,6.401553592456519,1.0,3.218769230769231,335.0,-0.00024008750130510847,0.004353365891518024
3.833668820123446,-0.9938555255424041,6.405906958348036,1.0,3.2184615384615385,336.0,-0.00024008750130510847,0.004353365891517136
3.833428732622141,-0.993840643881305,6.4102603242395535,1.0,3.218153846153846,337.0,-0.00024008750130510847,0.004353365891517136
3.833188645120836,-0.9938257622202058,6.414613690131071,1.0,3.2178461538461542,338.0,-0.00024008750130466439,0.004353365891517136
3.832948557619531,-0.9938108805591067,6.418967056022588,1.0,3.217538461538462,339.0,-0.00024008750130510847,0.004353365891517136
3.832708470118226,-0.9937959988980076,6.423320421914105,1.0,3.2172307692307696,340.0,-0.00024008750130510847,0.004353365891517136
3.832468382616921,-0.9937811172369085,6.427673787805623,1.0,3.216923076923077,341.0,-0.00024008750130510847,0.004353365891518024
3.832228295115616,-0.9937662355758093,6.43202715369714,1.0,3.216615384615385,342.0,-0.00024008750130466439,0.004353365891517136
3.831988207614311,-0.9937513539147103,6.436380519588657,1.0,3.2163076923076925,343.0,-0.00024008750130510847,0.004353365891517136
3.831748120113006,-0.9937364722536112,6.440733885480174,1.0,3.216,344.0,-0.00024008750130510847,0.004353365891517136
3.831533914635632,-0.9938538611577,6.444719020407119,1.0,3.2157142857142857,345.0,-0.00021420547737394102,0.003985134926944411
3.831319709158258,-0.9939712500617889,6.448704155334064,1.0,3.2154285714285717,346.0,-0.00021420547737394102,0.0039851349269453
3.831105503680884,-0.9940886389658777,6.4526892902610085,1.0,3.2151428571428573,347.0,-0.00021420547737394102,0.003985134926944411
3.83089129820351,-0.9942060278699666,6.456674425187953,1.0,3.214857142857143,348.0,-0.00021420547737394102,0.003985134926944411
3.830677092726136,-0.9943234167740554,6.460659560114897,1.0,3.214571428571429,349.0,-0.00021420547737394102,0.003985134926944411
3.8304628872487623,-0.9944408056781443,6.464644695041843,1.0,3.2142857142857144,350.0,-0.00021420547737394102,0.0039851349269453
3.8302486817713883,-0.9945581945822332,6.468629829968787,1.0,3.2140000000000004,351.0,-0.00021420547737394102,0.003985134926944411
3.830034476294014,-0.9946755834863219,6.472614964895731,1.0,3.213714285714286,352.0,-0.0002142054773743851,0.003985134926944411
3.82982027081664,-0.9947929723904108,6.476600099822677,1.0,3.2134285714285715,353.0,-0.00021420547737394102,0.0039851349269453
3.829606065339266,-0.9949103612944996,6.480585234749621,1.0,3.2131428571428575,354.0,-0.00021420547737394102,0.003985134926944411
3.829391859861892,-0.9950277501985885,6.4845703696765655,1.0,3.212857142857143,355.0,-0.00021420547737394102,0.003985134926944411
3.829177654384518,-0.9951451391026773,6.48855550460351,1.0,3.2125714285714286,356.0,-0.00021420547737394102,0.003985134926944411
3.8289634489071442,-0.9952625280067662,6.492540639530455,1.0,3.2122857142857146,357.0,-0.00021420547737394102,0.0039851349269453
3.8287492434297703,-0.995379916910855,6.4965257744574,1.0,3.212,358.0,-0.00021420547737394102,0.003985134926944411
3.8285146045890306,-0.9953655873854036,6.501758787920444,1.0,3.211692307692308,359.0,-0.0002346388407397093,0.0052330134630445
3.8282799657482913,-0.9953512578599523,6.506991801383489,1.0,3.2113846153846155,360.0,-0.00023463884073926522,0.0052330134630445
3.8280453269075516,-0.9953369283345008,6.512224814846532,1.0,3.211076923076923,361.0,-0.0002346388407397093,0.005233013463043612
3.827810688066812,-0.9953225988090494,6.517457828309577,1.0,3.210769230769231,362.0,-0.0002346388407397093,0.0052330134630445
3.8275760492260726,-0.9953082692835981,6.522690841772621,1.0,3.2104615384615385,363.0,-0.00023463884073926522,0.0052330134630445
3.827341410385333,-0.9952939397581466,6.527923855235666,1.0,3.210153846153846,364.0,-0.0002346388407397093,0.0052330134630445
3.8271067715445932,-0.9952796102326952,6.533156868698709,1.0,3.2098461538461542,365.0,-0.0002346388407397093,0.005233013463043612
3.8268721327038535,-0.9952652807072437,6.538389882161754,1.0,3.209538461538462,366.0,-0.0002346388407397093,0.0052330134630445
3.8266374938631142,-0.9952509511817924,6.543622895624798,1.0,3.2092307692307696,367.0,-0.00023463884073926522,0.0052330134630445
3.8264028550223745,-0.995236621656341,6.548855909087843,1.0,3.208923076923077,368.0,-0.0002346388407397093,0.0052330134630445
3.826168216181635,-0.9952222921308895,6.5540889225508865,1.0,3.208615384615385,369.0,-0.0002346388407397093,0.005233013463043612
3.8259335773408956,-0.9952079626054382,6.559321936013931,1.0,3.2083076923076925,370.0,-0.00023463884073926522,0.0052330134630445
3.825698938500156,-0.9951936330799868,6.5645549494769755,1.0,3.208,371.0,-0.0002346388407397093,0.0052330134630445
3.82549295352301,-0.9950325047517053,6.568442714348817,1.0,3.207769230769231,372.0,-0.00020598497714585662,0.0038877648718411706
3.8252869685458646,-0.9948713764234238,6.572330479220658,1.0,3.2075384615384617,373.0,-0.00020598497714541253,0.0038877648718411706
3.8250809835687187,-0.9947102480951424,6.576218244092499,1.0,3.2073076923076926,374.0,-0.00020598497714585662,0.0038877648718411706
3.8248749985915733,-0.994549119766861,6.58010600896434,1.0,3.207076923076923,375.0,-0.00020598497714541253,0.0038877648718411706
3.8246690136144275,-0.9943879914385795,6.583993773836181,1.0,3.206846153846154,376.0,-0.00020598497714585662,0.0038877648718411706
3.8244630286372816,-0.9942268631102981,6.5878815387080225,1.0,3.2066153846153846,377.0,-0.00020598497714585662,0.0038877648718411706
3.824257043660136,-0.9940657347820167,6.591769303579865,1.0,3.2063846153846156,378.0,-0.00020598497714541253,0.0038877648718420588
3.8240510586829903,-0.9939046064537352,6.595657068451706,1.0,3.206153846153846,379.0,-0.00020598497714585662,0.0038877648718411706
3.8238450737058445,-0.9937434781254537,6.599544833323547,1.0,3.205923076923077,380.0,-0.00020598497714585662,0.0038877648718411706
3.823639088728699,-0.9935823497971723,6.603432598195388,1.0,3.2056923076923076,381.0,-0.00020598497714541253,0.0038877648718411706
3.823433103751553,-0.9934212214688909,6.607320363067229,1.0,3.2054615384615386,382.0,-0.00020598497714585662,0.0038877648718411706
3.823227118774408,-0.9932600931406094,6.61120812793907,1.0,3.205230769230769,383.0,-0.00020598497714541253,0.0038877648718411706
3.823021133797262,-0.993098964812328,6.615095892810912,1.0,3.205,384.0,-0.00020598497714585662,0.0038877648718411706
3.8228275094783926,-0.9933035033154514,6.619449193832074,1.0,3.2046428571428573,385.0,-0.0001936243188693787,0.004353301021162714
3.8226338851595236,-0.9935080418185747,6.623802494853237,1.0,3.204285714285714,386.0,-0.0001936243188689346,0.004353301021162714
3.8224402608406542,-0.9937125803216981,6.6281557958744,1.0,3.2039285714285715,387.0,-0.0001936243188693787,0.004353301021162714
3.822246636521785,-0.9939171188248215,6.6325090968955625,1.0,3.2035714285714287,388.0,-0.0001936243188693787,0.004353301021162714
3.822053012202916,-0.9941216573279449,6.636862397916725,1.0,3.203214285714286,389.0,-0.0001936243188689346,0.004353301021162714
3.8218593878840466,-0.9943261958310682,6.641215698937888,1.0,3.202857142857143,390.0,-0.0001936243188693787,0.004353301021162714
3.821665763565177,-0.9945307343341916,6.645568999959051,1.0,3.2025,391.0,-0.0001936243188693787,0.004353301021162714
3.8214721392463082,-0.994735272837315,6.649922300980214,1.0,3.2021428571428574,392.0,-0.0001936243188689346,0.0043533010211636025
3.821278514927439,-0.9949398113404383,6.654275602001377,1.0,3.2017857142857142,393.0,-0.0001936243188693787,0.004353301021162714
3.82108489060857,-0.9951443498435617,6.65862890302254,1.0,3.2014285714285715,394.0,-0.0001936243188689346,0.004353301021162714
3.8208912662897005,-0.9953488883466851,6.662982204043702,1.0,3.201071428571429,395.0,-0.0001936243188693787,0.004353301021162714
3.820697641970831,-0.9955534268498085,6.667335505064865,1.0,3.200714285714286,396.0,-0.0001936243188693787,0.004353301021162714
3.8205040176519622,-0.9957579653529318,6.671688806086028,1.0,3.200357142857143,397.0,-0.0001936243188689346,0.004353301021162714
3.820310393333093,-0.9959625038560552,6.6760421071071905,1.0,3.2,398.0,-0.0001936243188693787,0.004353301021162714
3.8200941759336655,-0.99605506677906,6.681385034220012,1.0,3.199615384615385,399.0,-0.00021621739942734308,0.005342927112821805
3.819877958534238,-0.9961476297020647,6.686727961332834,1.0,3.1992307692307693,400.0,-0.00021621739942734308,0.005342927112821805
3.819661741134811,-0.9962401926250694,6.692070888445657,1.0,3.198846153846154,401.0,-0.00021621739942734308,0.005342927112822693
3.8194455237353835,-0.9963327555480741,6.697413815558479,1.0,3.1984615384615385,402.0,-0.00021621739942734308,0.005342927112821805
3.819229306335956,-0.9964253184710788,6.7027567426713,1.0,3.1980769230769233,403.0,-0.00021621739942734308,0.005342927112821805
3.819013088936529,-0.9965178813940836,6.708099669784122,1.0,3.1976923076923076,404.0,-0.00021621739942734308,0.005342927112821805
3.818796871537102,-0.9966104443170882,6.713442596896945,1.0,3.1973076923076924,405.0,-0.000216217399426899,0.005342927112822693
3.8185806541376746,-0.996703007240093,6.718785524009767,1.0,3.1969230769230768,406.0,-0.00021621739942734308,0.005342927112821805
3.818364436738247,-0.9967955701630977,6.7241284511225885,1.0,3.1965384615384616,407.0,-0.00021621739942734308,0.005342927112821805
3.81814821933882,-0.9968881330861025,6.72947137823541,1.0,3.196153846153846,408.0,-0.00021621739942734308,0.005342927112821805
3.8179320019393925,-0.9969806960091071,6.734814305348233,1.0,3.1957692307692307,409.0,-0.00021621739942734308,0.005342927112822693
3.817715784539965,-0.9970732589321118,6.740157232461055,1.0,3.195384615384615,410.0,-0.00021621739942734308,0.005342927112821805
3.817499567140538,-0.9971658218551166,6.745500159573877,1.0,3.195,411.0,-0.00021621739942734308,0.005342927112821805
3.8172847457626458,-0.9970139489694166,6.749313190311901,1.0,3.194769230769231,412.0,-0.00021482137789208267,0.0038130307380246364
3.817069924384754,-0.9968620760837166,6.753126221049926,1.0,3.1945384615384613,413.0,-0.00021482137789163858,0.0038130307380246364
3.816855103006862,-0.9967102031980166,6.7569392517879505,1.0,3.1943076923076923,414.0,-0.00021482137789208267,0.0038130307380246364
3.81664028162897,-0.9965583303123166,6.760752282525974,1.0,3.194076923076923,415.0,-0.00021482137789208267,0.0038130307380237483
3.8164254602510783,-0.9964064574266166,6.764565313263999,1.0,3.193846153846154,416.0,-0.00021482137789163858,0.0038130307380246364
3.8162106388731862,-0.9962545845409166,6.7683783440020235,1.0,3.1936153846153847,417.0,-0.00021482137789208267,0.0038130307380246364
3.815995817495294,-0.9961027116552166,6.772191374740048,1.0,3.1933846153846153,418.0,-0.00021482137789208267,0.0038130307380246364
3.815780996117402,-0.9959508387695166,6.776004405478073,1.0,3.1931538461538462,419.0,-0.00021482137789208267,0.0038130307380246364
3.8155661747395104,-0.9957989658838167,6.7798174362160974,1.0,3.192923076923077,420.0,-0.00021482137789163858,0.0038130307380246364
3.8153513533616183,-0.9956470929981166,6.783630466954121,1.0,3.1926923076923077,421.0,-0.00021482137789208267,0.0038130307380237483
3.8151365319837263,-0.9954952201124166,6.787443497692146,1.0,3.1924615384615387,422.0,-0.00021482137789208267,0.0038130307380246364
3.8149217106058346,-0.9953433472267166,6.7912565284301705,1.0,3.192230769230769,423.0,-0.00021482137789163858,0.0038130307380246364
3.8147068892279425,-0.9951914743410166,6.795069559168195,1.0,3.192,424.0,-0.00021482137789208267,0.0038130307380246364
3.814520832727628,-0.9951907641001717,6.796923004084745,1.0,3.1916428571428574,425.0,-0.00018605650031444654,0.0018534449165494848
3.814334776227314,-0.9951900538593267,6.798776449001294,1.0,3.1912857142857143,426.0,-0.00018605650031400245,0.0018534449165494848
3.8141487197269996,-0.9951893436184818,6.8006298939178444,1.0,3.1909285714285716,427.0,-0.00018605650031444654,0.001853444916550373
3.813962663226685,-0.9951886333776367,6.802483338834394,1.0,3.190571428571429,428.0,-0.00018605650031444654,0.0018534449165494848
3.813776606726371,-0.9951879231367918,6.804336783750943,1.0,3.1902142857142857,429.0,-0.00018605650031400245,0.0018534449165494848
3.8135905502260568,-0.9951872128959468,6.806190228667493,1.0,3.189857142857143,430.0,-0.00018605650031444654,0.0018534449165494848
3.8134044937257423,-0.9951865026551019,6.808043673584043,1.0,3.1895,431.0,-0.00018605650031444654,0.001853444916550373
3.8132184372254283,-0.995185792414257,6.809897118500593,1.0,3.189142857142857,432.0,-0.00018605650031400245,0.0018534449165494848
3.813032380725114,-0.995185082173412,6.811750563417142,1.0,3.1887857142857143,433.0,-0.00018605650031444654,0.0018534449165494848
3.8128463242248,-0.995184371932567,6.813604008333692,1.0,3.188428571428571,434.0,-0.00018605650031400245,0.0018534449165494848
3.8126602677244854,-0.995183661691722,6.815457453250241,1.0,3.1880714285714284,435.0,-0.00018605650031444654,0.0018534449165494848
3.812474211224171,-0.9951829514508771,6.817310898166792,1.0,3.1877142857142857,436.0,-0.00018605650031444654,0.001853444916550373
3.812288154723857,-0.9951822412100321,6.819164343083341,1.0,3.1873571428571426,437.0,-0.00018605650031400245,0.0018534449165494848
3.8121020982235425,-0.9951815309691872,6.821017787999891,1.0,3.187,438.0,-0.00018605650031444654,0.0018534449165494848
3.8118786185732016,-0.9951512352605612,6.8253902652610865,1.0,3.1866923076923075,439.0,-0.00022347965034086315,0.0043724772611959395
3.811655138922861,-0.9951209395519351,6.829762742522282,1.0,3.186384615384615,440.0,-0.00022347965034086315,0.0043724772611959395
3.81143165927252,-0.995090643843309,6.834135219783478,1.0,3.186076923076923,441.0,-0.00022347965034086315,0.0043724772611959395
3.8112081796221795,-0.995060348134683,6.838507697044674,1.0,3.1857692307692305,442.0,-0.00022347965034041906,0.0043724772611959395
3.8109846999718386,-0.995030052426057,6.84288017430587,1.0,3.185461538461538,443.0,-0.00022347965034086315,0.0043724772611959395
3.8107612203214978,-0.994999756717431,6.847252651567066,1.0,3.185153846153846,444.0,-0.00022347965034086315,0.0043724772611959395
3.810537740671157,-0.9949694610088049,6.851625128828262,1.0,3.184846153846154,445.0,-0.00022347965034086315,0.0043724772611959395
3.810314261020816,-0.9949391653001789,6.855997606089458,1.0,3.1845384615384615,446.0,-0.00022347965034086315,0.0043724772611959395
3.810090781370475,-0.9949088695915529,6.860370083350654,1.0,3.184230769230769,447.0,-0.00022347965034086315,0.0043724772611959395
3.8098673017201348,-0.9948785738829269,6.86474256061185,1.0,3.183923076923077,448.0,-0.00022347965034041906,0.0043724772611959395
3.809643822069794,-0.9948482781743008,6.869115037873046,1.0,3.1836153846153845,449.0,-0.00022347965034086315,0.0043724772611959395
3.809420342419453,-0.9948179824656748,6.873487515134242,1.0,3.183307692307692,450.0,-0.00022347965034086315,0.0043724772611959395
3.809196862769112,-0.9947876867570488,6.877859992395438,1.0,3.183,451.0,-0.00022347965034086315,0.0043724772611959395
3.8090041113592132,-0.9946747279718657,6.882675063424303,1.0,3.1827142857142854,452.0,-0.00019275140989893913,0.004815071028865248
3.8088113599493143,-0.9945617691866828,6.887490134453169,1.0,3.1824285714285714,453.0,-0.00019275140989893913,0.004815071028866136
3.8086186085394154,-0.9944488104014998,6.892305205482034,1.0,3.182142857142857,454.0,-0.00019275140989893913,0.004815071028865248
3.808425857129516,-0.9943358516163168,6.8971202765109005,1.0,3.1818571428571425,455.0,-0.00019275140989938322,0.004815071028866136
3.808233105719617,-0.9942228928311337,6.901935347539766,1.0,3.1815714285714285,456.0,-0.00019275140989893913,0.004815071028865248
3.808040354309718,-0.9941099340459508,6.906750418568632,1.0,3.181285714285714,457.0,-0.00019275140989893913,0.004815071028866136
3.807847602899819,-0.9939969752607678,6.911565489597497,1.0,3.181,458.0,-0.00019275140989893913,0.004815071028865248
3.8076548514899202,-0.9938840164755848,6.916380560626362,1.0,3.1807142857142856,459.0,-0.00019275140989893913,0.004815071028865248
3.8074621000800213,-0.9937710576904019,6.9211956316552286,1.0,3.180428571428571,460.0,-0.00019275140989893913,0.004815071028866136
3.8072693486701223,-0.9936580989052188,6.926010702684094,1.0,3.180142857142857,461.0,-0.00019275140989893913,0.004815071028865248
3.807076597260223,-0.9935451401200358,6.93082577371296,1.0,3.1798571428571427,462.0,-0.00019275140989938322,0.004815071028866136
3.806883845850324,-0.9934321813348528,6.935640844741825,1.0,3.1795714285714283,463.0,-0.00019275140989893913,0.004815071028865248
3.806691094440425,-0.9933192225496699,6.940455915770691,1.0,3.1792857142857143,464.0,-0.00019275140989893913,0.004815071028866136
3.806498343030526,-0.9932062637644868,6.945270986799557,1.0,3.179,465.0,-0.00019275140989893913,0.004815071028865248
3.8062672364888015,-0.9933972673179436,6.950302300913424,1.0,3.178769230769231,466.0,-0.00023110654172464606,0.005031314113867147
3.806036129947077,-0.9935882708714006,6.955333615027291,1.0,3.1785384615384613,467.0,-0.00023110654172464606,0.005031314113867147
3.8058050234053526,-0.9937792744248574,6.960364929141158,1.0,3.1783076923076923,468.0,-0.00023110654172420197,0.005031314113867147
3.805573916863628,-0.9939702779783143,6.965396243255025,1.0,3.178076923076923,469.0,-0.00023110654172464606,0.005031314113867147
3.8053428103219034,-0.9941612815317711,6.970427557368892,1.0,3.1778461538461538,470.0,-0.00023110654172464606,0.005031314113867147
3.8051117037801787,-0.994352285085228,6.9754588714827594,1.0,3.1776153846153847,471.0,-0.00023110654172464606,0.005031314113867147
3.8048805972384545,-0.9945432886386848,6.980490185596627,1.0,3.1773846153846153,472.0,-0.00023110654172420197,0.005031314113867147
3.80464949069673,-0.9947342921921417,6.985521499710494,1.0,3.177153846153846,473.0,-0.00023110654172464606,0.005031314113867147
3.804418384155005,-0.9949252957455985,6.990552813824361,1.0,3.176923076923077,474.0,-0.00023110654172464606,0.005031314113867147
3.8041872776132806,-0.9951162992990554,6.995584127938228,1.0,3.1766923076923077,475.0,-0.00023110654172464606,0.005031314113867147
3.8039561710715564,-0.9953073028525122,7.000615442052095,1.0,3.1764615384615387,476.0,-0.00023110654172420197,0.005031314113867147
3.8037250645298317,-0.9954983064059691,7.005646756165962,1.0,3.176230769230769,477.0,-0.00023110654172464606,0.005031314113867147
3.803493957988107,-0.995689309959426,7.0106780702798295,1.0,3.176,478.0,-0.00023110654172464606,0.005031314113867147
3.8033127359969465,-0.9955177708831253,7.013348524899302,1.0,3.175692307692308,479.0,-0.0001812219911605517,0.002670454619472906
3.803131514005786,-0.9953462318068246,7.016018979518775,1.0,3.1753846153846155,480.0,-0.0001812219911605517,0.002670454619472906
3.802950292014625,-0.995174692730524,7.018689434138248,1.0,3.175076923076923,481.0,-0.0001812219911609958,0.002670454619472906
3.8027690700234644,-0.9950031536542232,7.021359888757721,1.0,3.174769230769231,482.0,-0.0001812219911605517,0.002670454619472906
3.802587848032304,-0.9948316145779226,7.024030343377194,1.0,3.1744615384615384,483.0,-0.0001812219911605517,0.002670454619472906
3.8024066260411433,-0.9946600755016219,7.026700797996667,1.0,3.174153846153846,484.0,-0.0001812219911605517,0.002670454619472906
3.8022254040499823,-0.9944885364253212,7.02937125261614,1.0,3.173846153846154,485.0,-0.0001812219911609958,0.002670454619472906
3.8020441820588218,-0.9943169973490206,7.032041707235613,1.0,3.173538461538462,486.0,-0.0001812219911605517,0.002670454619472906
3.8018629600676612,-0.9941454582727199,7.034712161855086,1.0,3.1732307692307695,487.0,-0.0001812219911605517,0.002670454619472906
3.8016817380765007,-0.9939739191964192,7.0373826164745585,1.0,3.172923076923077,488.0,-0.0001812219911605517,0.002670454619472906
3.8015005160853397,-0.9938023801201186,7.0400530710940314,1.0,3.172615384615385,489.0,-0.0001812219911609958,0.002670454619472906
3.801319294094179,-0.9936308410438178,7.042723525713504,1.0,3.1723076923076925,490.0,-0.0001812219911605517,0.002670454619472906
3.8011380721030186,-0.9934593019675172,7.045393980332977,1.0,3.172,491.0,-0.0001812219911605517,0.002670454619472906
3.8009352889202375,-0.993695102377098,7.049498076042335,1.0,3.1717857142857144,492.0,-0.00020278318278110774,0.004104095709357658
3.8007325057374564,-0.9939309027866788,7.053602171751693,1.0,3.1715714285714287,493.0,-0.00020278318278110774,0.004104095709357658
3.800529722554675,-0.9941667031962597,7.057706267461051,1.0,3.171357142857143,494.0,-0.00020278318278155183,0.004104095709358546
3.8003269393718937,-0.9944025036058405,7.061810363170409,1.0,3.1711428571428573,495.0,-0.00020278318278110774,0.004104095709357658
3.8001241561891126,-0.9946383040154213,7.065914458879766,1.0,3.1709285714285715,496.0,-0.00020278318278110774,0.004104095709357658
3.7999213730063315,-0.9948741044250021,7.070018554589124,1.0,3.170714285714286,497.0,-0.00020278318278110774,0.004104095709357658
3.79971858982355,-0.9951099048345831,7.074122650298482,1.0,3.1705,498.0,-0.00020278318278155183,0.004104095709357658
3.799515806640769,-0.9953457052441639,7.07822674600784,1.0,3.1702857142857144,499.0,-0.00020278318278110774,0.004104095709358546
3.7993130234579877,-0.9955815056537447,7.082330841717198,1.0,3.1700714285714287,500.0,-0.00020278318278110774,0.004104095709357658
3.7991102402752066,-0.9958173060633255,7.086434937426556,1.0,3.169857142857143,501.0,-0.00020278318278110774,0.004104095709357658
3.7989074570924255,-0.9960531064729063,7.090539033135913,1.0,3.169642857142857,502.0,-0.00020278318278110774,0.004104095709357658
3.798704673909644,-0.9962889068824872,7.094643128845272,1.0,3.1694285714285715,503.0,-0.00020278318278155183,0.004104095709358546
3.798501890726863,-0.996524707292068,7.0987472245546295,1.0,3.1692142857142858,504.0,-0.00020278318278110774,0.004104095709357658
3.7982991075440817,-0.9967605077016488,7.102851320263987,1.0,3.169,505.0,-0.00020278318278110774,0.004104095709357658
3.7980815972798534,-0.9965523876320733,7.106212614100255,1.0,3.1686923076923077,506.0,-0.00021751026422833775,0.0033612938362681533
3.797864087015625,-0.9963442675624979,7.109573907936524,1.0,3.1683846153846154,507.0,-0.00021751026422833775,0.0033612938362690414
3.7976465767513967,-0.9961361474929225,7.1129352017727925,1.0,3.168076923076923,508.0,-0.00021751026422833775,0.0033612938362681533
3.7974290664871684,-0.9959280274233471,7.116296495609061,1.0,3.1677692307692307,509.0,-0.00021751026422833775,0.0033612938362681533
3.79721155622294,-0.9957199073537716,7.11965778944533,1.0,3.1674615384615383,510.0,-0.00021751026422833775,0.0033612938362690414
3.7969940459587117,-0.9955117872841961,7.123019083281598,1.0,3.167153846153846,511.0,-0.00021751026422833775,0.0033612938362681533
3.796776535694483,-0.9953036672146207,7.126380377117866,1.0,3.166846153846154,512.0,-0.00021751026422878184,0.0033612938362681533
3.7965590254302546,-0.9950955471450452,7.129741670954134,1.0,3.1665384615384617,513.0,-0.00021751026422833775,0.0033612938362681533
3.7963415151660262,-0.9948874270754697,7.133102964790403,1.0,3.1662307692307694,514.0,-0.00021751026422833775,0.0033612938362690414
3.796124004901798,-0.9946793070058944,7.136464258626671,1.0,3.165923076923077,515.0,-0.00021751026422833775,0.0033612938362681533
3.7959064946375696,-0.9944711869363189,7.1398255524629395,1.0,3.1656153846153847,516.0,-0.00021751026422833775,0.0033612938362681533
3.7956889843733412,-0.9942630668667435,7.1431868462992085,1.0,3.1653076923076924,517.0,-0.00021751026422833775,0.0033612938362690414
3.795471474109113,-0.994054946797168,7.146548140135477,1.0,3.165,518.0,-0.00021751026422833775,0.0033612938362681533
3.7952715381943496,-0.9941117382380359,7.148406333819893,1.0,3.164615384615385,519.0,-0.00019993591476330508,0.0018581936844164204
3.7950716022795863,-0.9941685296789038,7.1502645275043095,1.0,3.164230769230769,520.0,-0.00019993591476330508,0.0018581936844164204
3.794871666364823,-0.9942253211197717,7.152122721188726,1.0,3.163846153846154,521.0,-0.00019993591476330508,0.0018581936844164204
3.7946717304500597,-0.9942821125606396,7.153980914873143,1.0,3.1634615384615383,522.0,-0.00019993591476330508,0.0018581936844173086
3.7944717945352964,-0.9943389040015075,7.15583910855756,1.0,3.163076923076923,523.0,-0.00019993591476330508,0.0018581936844164204
3.794271858620533,-0.9943956954423754,7.157697302241976,1.0,3.162692307692308,524.0,-0.00019993591476330508,0.0018581936844164204
3.79407192270577,-0.9944524868832434,7.1595554959263925,1.0,3.1623076923076923,525.0,-0.000199935914762861,0.0018581936844164204
3.793871986791007,-0.9945092783241113,7.161413689610809,1.0,3.161923076923077,526.0,-0.00019993591476330508,0.0018581936844164204
3.7936720508762436,-0.9945660697649792,7.163271883295225,1.0,3.161538461538462,527.0,-0.00019993591476330508,0.0018581936844164204
3.7934721149614803,-0.9946228612058471,7.165130076979643,1.0,3.161153846153846,528.0,-0.00019993591476330508,0.0018581936844173086
3.793272179046717,-0.994679652646715,7.166988270664059,1.0,3.160769230769231,529.0,-0.00019993591476330508,0.0018581936844164204
3.7930722431319537,-0.9947364440875829,7.1688464643484755,1.0,3.1603846153846153,530.0,-0.00019993591476330508,0.0018581936844164204
3.7928723072171904,-0.9947932355284508,7.170704658032892,1.0,3.16,531.0,-0.00019993591476330508,0.0018581936844164204
3.792653273092501,-0.9948966339334897,7.1754799798813975,1.0,3.159857142857143,532.0,-0.00021903412468926575,0.004775321848505598
3.792434238967812,-0.9950000323385285,7.180255301729902,1.0,3.1597142857142857,533.0,-0.00021903412468926575,0.00477532184850471
3.7922152048431226,-0.9951034307435674,7.185030623578408,1.0,3.1595714285714287,534.0,-0.00021903412468926575,0.004775321848505598
3.7919961707184333,-0.9952068291486064,7.1898059454269125,1.0,3.1594285714285717,535.0,-0.00021903412468926575,0.00477532184850471
3.791777136593744,-0.9953102275536452,7.194581267275418,1.0,3.1592857142857143,536.0,-0.00021903412468926575,0.004775321848505598
3.791558102469055,-0.9954136259586841,7.199356589123923,1.0,3.1591428571428573,537.0,-0.00021903412468926575,0.00477532184850471
3.7913390683443655,-0.9955170243637229,7.204131910972428,1.0,3.1590000000000003,538.0,-0.00021903412468926575,0.004775321848505598
3.7911200342196762,-0.9956204227687618,7.208907232820934,1.0,3.158857142857143,539.0,-0.00021903412468926575,0.004775321848505598
3.790901000094987,-0.9957238211738008,7.213682554669439,1.0,3.158714285714286,540.0,-0.00021903412468926575,0.00477532184850471
3.7906819659702977,-0.9958272195788396,7.218457876517944,1.0,3.1585714285714284,541.0,-0.00021903412468926575,0.004775321848505598
3.7904629318456085,-0.9959306179838785,7.223233198366449,1.0,3.1584285714285714,542.0,-0.00021903412468926575,0.00477532184850471
3.790243897720919,-0.9960340163889174,7.228008520214955,1.0,3.1582857142857144,543.0,-0.00021903412468926575,0.004775321848505598
3.79002486359623,-0.9961374147939562,7.232783842063459,1.0,3.158142857142857,544.0,-0.00021903412468926575,0.00477532184850471
3.7898058294715407,-0.9962408131989952,7.237559163911965,1.0,3.158,545.0,-0.00021903412468926575,0.004775321848505598
3.7895785534514004,-0.9961804116948791,7.240566224326168,1.0,3.157769230769231,546.0,-0.0002272760201402768,0.0030070604142027335
3.78935127743126,-0.9961200101907632,7.2435732847403695,1.0,3.1575384615384614,547.0,-0.0002272760201402768,0.0030070604142018453
3.78912400141112,-0.9960596086866472,7.246580345154572,1.0,3.1573076923076924,548.0,-0.0002272760201402768,0.0030070604142027335
3.788896725390979,-0.9959992071825312,7.249587405568774,1.0,3.157076923076923,549.0,-0.0002272760201407209,0.0030070604142018453
3.788669449370839,-0.9959388056784153,7.252594465982977,1.0,3.156846153846154,550.0,-0.0002272760201402768,0.0030070604142027335
3.7884421733506985,-0.9958784041742993,7.255601526397179,1.0,3.1566153846153844,551.0,-0.0002272760201402768,0.0030070604142018453
3.7882148973305583,-0.9958180026701833,7.258608586811381,1.0,3.1563846153846153,552.0,-0.0002272760201402768,0.0030070604142027335
3.787987621310418,-0.9957576011660673,7.261615647225583,1.0,3.156153846153846,553.0,-0.0002272760201402768,0.0030070604142018453
3.7877603452902777,-0.9956971996619514,7.264622707639786,1.0,3.155923076923077,554.0,-0.0002272760201402768,0.0030070604142027335
3.787533069270137,-0.9956367981578353,7.267629768053988,1.0,3.1556923076923074,555.0,-0.0002272760201407209,0.0030070604142018453
3.7873057932499967,-0.9955763966537193,7.270636828468191,1.0,3.1554615384615383,556.0,-0.0002272760201402768,0.0030070604142027335
3.7870785172298564,-0.9955159951496034,7.273643888882392,1.0,3.155230769230769,557.0,-0.0002272760201402768,0.0030070604142018453
3.786851241209716,-0.9954555936454874,7.276650949296595,1.0,3.155,558.0,-0.0002272760201402768,0.0030070604142027335
3.786637682315531,-0.9953554928643622,7.279765010101894,1.0,3.154785714285714,559.0,-0.00021355889418517293,0.003114060805298635
3.786424123421346,-0.9952553920832369,7.282879070907192,1.0,3.1545714285714284,560.0,-0.00021355889418517293,0.003114060805298635
3.7862105645271606,-0.9951552913021117,7.28599313171249,1.0,3.1543571428571426,561.0,-0.00021355889418517293,0.003114060805297747
3.7859970056329755,-0.9950551905209865,7.289107192517789,1.0,3.154142857142857,562.0,-0.00021355889418517293,0.003114060805298635
3.7857834467387903,-0.9949550897398612,7.2922212533230875,1.0,3.153928571428571,563.0,-0.00021355889418517293,0.003114060805298635
3.785569887844605,-0.9948549889587359,7.295335314128386,1.0,3.1537142857142855,564.0,-0.00021355889418517293,0.003114060805298635
3.78535632895042,-0.9947548881776107,7.298449374933684,1.0,3.1534999999999997,565.0,-0.00021355889418517293,0.003114060805297747
3.7851427700562352,-0.9946547873964855,7.3015634357389825,1.0,3.1532857142857145,566.0,-0.00021355889418472884,0.003114060805298635
3.78492921116205,-0.9945546866153602,7.304677496544281,1.0,3.1530714285714287,567.0,-0.00021355889418517293,0.003114060805298635
3.784715652267865,-0.994454585834235,7.30779155734958,1.0,3.152857142857143,568.0,-0.00021355889418517293,0.003114060805298635
3.7845020933736797,-0.9943544850531097,7.310905618154878,1.0,3.1526428571428573,569.0,-0.00021355889418517293,0.003114060805298635
3.7842885344794945,-0.9942543842719845,7.314019678960176,1.0,3.1524285714285716,570.0,-0.00021355889418517293,0.003114060805297747
3.7840749755853094,-0.9941542834908592,7.317133739765475,1.0,3.152214285714286,571.0,-0.00021355889418517293,0.003114060805298635
3.783861416691124,-0.994054182709734,7.320247800570773,1.0,3.152,572.0,-0.00021355889418517293,0.003114060805298635
3.783638780569006,-0.9940475699057502,7.325174968374985,1.0,3.151615384615385,573.0,-0.00022263612211803618,0.004927167804211763
3.7834161444468877,-0.9940409571017663,7.330102136179197,1.0,3.1512307692307693,574.0,-0.00022263612211848027,0.004927167804211763
3.7831935083247696,-0.9940343442977825,7.335029303983409,1.0,3.150846153846154,575.0,-0.00022263612211803618,0.004927167804211763
3.782970872202651,-0.9940277314937985,7.33995647178762,1.0,3.1504615384615384,576.0,-0.00022263612211848027,0.004927167804210875
3.782748236080533,-0.9940211186898147,7.344883639591831,1.0,3.150076923076923,577.0,-0.00022263612211803618,0.004927167804211763
3.7825255999584146,-0.9940145058858308,7.349810807396043,1.0,3.1496923076923076,578.0,-0.00022263612211848027,0.004927167804211763
3.7823029638362966,-0.994007893081847,7.354737975200255,1.0,3.1493076923076924,579.0,-0.00022263612211803618,0.004927167804211763
3.782080327714178,-0.9940012802778632,7.359665143004467,1.0,3.1489230769230767,580.0,-0.00022263612211848027,0.004927167804211763
3.78185769159206,-0.9939946674738793,7.364592310808678,1.0,3.1485384615384615,581.0,-0.00022263612211803618,0.004927167804211763
3.7816350554699416,-0.9939880546698954,7.369519478612889,1.0,3.148153846153846,582.0,-0.00022263612211848027,0.004927167804210875
3.7814124193478236,-0.9939814418659115,7.374446646417101,1.0,3.1477692307692307,583.0,-0.00022263612211803618,0.004927167804211763
3.781189783225705,-0.9939748290619277,7.379373814221313,1.0,3.147384615384615,584.0,-0.00022263612211848027,0.004927167804211763
3.780967147103587,-0.9939682162579438,7.3843009820255245,1.0,3.147,585.0,-0.00022263612211803618,0.004927167804211763
3.7807329796164995,-0.9940765889318143,7.386593538182039,1.0,3.1467692307692308,586.0,-0.00023416748708759982,0.002292556156514358
3.7804988121294123,-0.9941849616056847,7.388886094338553,1.0,3.1465384615384613,587.0,-0.00023416748708715573,0.002292556156514358
3.7802646446423247,-0.9942933342795551,7.391178650495068,1.0,3.1463076923076922,588.0,-0.00023416748708759982,0.002292556156514358
3.780030477155237,-0.9944017069534256,7.393471206651582,1.0,3.1460769230769228,589.0,-0.00023416748708759982,0.002292556156514358
3.77979630966815,-0.994510079627296,7.395763762808096,1.0,3.1458461538461537,590.0,-0.00023416748708715573,0.002292556156514358
3.7795621421810623,-0.9946184523011664,7.398056318964611,1.0,3.1456153846153847,591.0,-0.00023416748708759982,0.002292556156514358
3.7793279746939747,-0.9947268249750368,7.400348875121124,1.0,3.1453846153846152,592.0,-0.00023416748708759982,0.00229255615651347
3.779093807206887,-0.9948351976489073,7.4026414312776385,1.0,3.145153846153846,593.0,-0.00023416748708759982,0.002292556156514358
3.7788596397198,-0.9949435703227777,7.404933987434153,1.0,3.144923076923077,594.0,-0.00023416748708715573,0.002292556156514358
3.7786254722327124,-0.9950519429966481,7.407226543590667,1.0,3.1446923076923077,595.0,-0.00023416748708759982,0.002292556156514358
3.778391304745625,-0.9951603156705185,7.409519099747182,1.0,3.1444615384615386,596.0,-0.00023416748708759982,0.002292556156514358
3.7781571372585376,-0.995268688344389,7.411811655903696,1.0,3.144230769230769,597.0,-0.00023416748708715573,0.002292556156514358
3.77792296977145,-0.9953770610182594,7.41410421206021,1.0,3.144,598.0,-0.00023416748708759982,0.002292556156514358
3.7777161792620557,-0.9952391174492614,7.418137032887232,1.0,3.1436428571428574,599.0,-0.00020679050939431676,0.0040328208270219434
3.777509388752661,-0.9951011738802633,7.422169853714254,1.0,3.1432857142857142,600.0,-0.00020679050939476085,0.0040328208270219434
3.7773025982432666,-0.9949632303112653,7.426202674541276,1.0,3.1429285714285715,601.0,-0.00020679050939431676,0.0040328208270219434
3.777095807733872,-0.9948252867422673,7.430235495368299,1.0,3.142571428571429,602.0,-0.00020679050939476085,0.004032820827022832
3.7768890172244776,-0.9946873431732692,7.434268316195321,1.0,3.1422142857142856,603.0,-0.00020679050939431676,0.0040328208270219434
3.776682226715083,-0.9945493996042712,7.438301137022343,1.0,3.141857142857143,604.0,-0.00020679050939476085,0.0040328208270219434
3.7764754362056885,-0.9944114560352731,7.442333957849365,1.0,3.1414999999999997,605.0,-0.00020679050939431676,0.0040328208270219434
3.776268645696294,-0.9942735124662752,7.446366778676387,1.0,3.141142857142857,606.0,-0.00020679050939431676,0.0040328208270219434
3.7760618551868994,-0.9941355688972772,7.450399599503409,1.0,3.1407857142857143,607.0,-0.00020679050939476085,0.0040328208270219434
3.775855064677505,-0.9939976253282791,7.454432420330431,1.0,3.140428571428571,608.0,-0.00020679050939431676,0.0040328208270219434
3.7756482741681103,-0.9938596817592811,7.4584652411574535,1.0,3.1400714285714284,609.0,-0.00020679050939476085,0.004032820827022832
3.775441483658716,-0.9937217381902831,7.462498061984475,1.0,3.1397142857142857,610.0,-0.00020679050939431676,0.0040328208270219434
3.7752346931493213,-0.993583794621285,7.466530882811497,1.0,3.1393571428571425,611.0,-0.00020679050939476085,0.0040328208270219434
3.775027902639927,-0.993445851052287,7.470563703638519,1.0,3.139,612.0,-0.00020679050939431676,0.0040328208270219434
3.774781195206261,-0.9935797122646454,7.472467394583709,1.0,3.1387692307692308,613.0,-0.0002467074336660602,0.0019036909451894957
3.774534487772595,-0.9937135734770036,7.474371085528898,1.0,3.1385384615384613,614.0,-0.0002467074336660602,0.0019036909451894957
3.7742877803389288,-0.993847434689362,7.476274776474088,1.0,3.1383076923076922,615.0,-0.0002467074336660602,0.0019036909451894957
3.7740410729052627,-0.9939812959017202,7.478178467419277,1.0,3.1380769230769228,616.0,-0.0002467074336660602,0.0019036909451894957
3.7737943654715966,-0.9941151571140786,7.480082158364467,1.0,3.1378461538461537,617.0,-0.0002467074336660602,0.0019036909451894957
3.7735476580379306,-0.994249018326437,7.481985849309656,1.0,3.1376153846153847,618.0,-0.0002467074336660602,0.0019036909451894957
3.7733009506042645,-0.9943828795387952,7.483889540254845,1.0,3.137384615384615,619.0,-0.0002467074336660602,0.0019036909451886075
3.7730542431705985,-0.9945167407511536,7.485793231200034,1.0,3.137153846153846,620.0,-0.0002467074336660602,0.0019036909451894957
3.7728075357369324,-0.994650601963512,7.487696922145224,1.0,3.136923076923077,621.0,-0.0002467074336660602,0.0019036909451894957
3.7725608283032663,-0.9947844631758702,7.489600613090413,1.0,3.1366923076923077,622.0,-0.0002467074336660602,0.0019036909451894957
3.7723141208696003,-0.9949183243882286,7.491504304035603,1.0,3.1364615384615386,623.0,-0.0002467074336660602,0.0019036909451894957
3.772067413435934,-0.9950521856005868,7.493407994980792,1.0,3.136230769230769,624.0,-0.0002467074336660602,0.0019036909451894957
3.771820706002268,-0.9951860468129452,7.495311685925982,1.0,3.136,625.0,-0.0002467074336660602,0.0019036909451894957
3.771582876672459,-0.9952805648029895,7.497728630243211,1.0,3.135769230769231,626.0,-0.00023782932980909166,0.002416944317229053
3.7713450473426504,-0.9953750827930339,7.50014557456044,1.0,3.1355384615384616,627.0,-0.00023782932980864757,0.002416944317229053
3.7711072180128413,-0.9954696007830782,7.502562518877669,1.0,3.1353076923076926,628.0,-0.00023782932980909166,0.002416944317229053
3.7708693886830327,-0.9955641187731226,7.504979463194899,1.0,3.135076923076923,629.0,-0.00023782932980864757,0.002416944317229941
3.7706315593532236,-0.9956586367631669,7.507396407512128,1.0,3.134846153846154,630.0,-0.00023782932980909166,0.002416944317229053
3.770393730023415,-0.9957531547532112,7.509813351829357,1.0,3.1346153846153846,631.0,-0.00023782932980864757,0.002416944317229053
3.770155900693606,-0.9958476727432556,7.512230296146586,1.0,3.1343846153846155,632.0,-0.00023782932980909166,0.002416944317229053
3.769918071363797,-0.9959421907332999,7.514647240463815,1.0,3.134153846153846,633.0,-0.00023782932980864757,0.002416944317229053
3.769680242033988,-0.9960367087233443,7.517064184781044,1.0,3.133923076923077,634.0,-0.00023782932980909166,0.002416944317229053
3.7694424127041795,-0.9961312267133886,7.519481129098274,1.0,3.1336923076923076,635.0,-0.00023782932980864757,0.002416944317229941
3.7692045833743704,-0.996225744703433,7.521898073415503,1.0,3.1334615384615385,636.0,-0.00023782932980909166,0.002416944317229053
3.7689667540445617,-0.9963202626934773,7.524315017732732,1.0,3.133230769230769,637.0,-0.00023782932980864757,0.002416944317229053
3.7687289247147526,-0.9964147806835216,7.526731962049961,1.0,3.133,638.0,-0.00023782932980909166,0.002416944317229053
3.7685059616028798,-0.9963237289740972,7.530068630966154,1.0,3.132857142857143,639.0,-0.00022296311187286477,0.0033366689161926644
3.768282998491007,-0.9962326772646727,7.533405299882346,1.0,3.1327142857142856,640.0,-0.00022296311187286477,0.003336668916191776
3.768060035379134,-0.9961416255552482,7.5367419687985375,1.0,3.1325714285714286,641.0,-0.00022296311187286477,0.003336668916191776
3.767837072267261,-0.9960505738458239,7.54007863771473,1.0,3.1324285714285716,642.0,-0.00022296311187286477,0.0033366689161926644
3.7676141091553883,-0.9959595221363994,7.543415306630923,1.0,3.132285714285714,643.0,-0.00022296311187286477,0.0033366689161926644
3.7673911460435154,-0.9958684704269749,7.546751975547115,1.0,3.132142857142857,644.0,-0.00022296311187286477,0.003336668916191776
3.7671681829316426,-0.9957774187175504,7.550088644463306,1.0,3.132,645.0,-0.00022296311187286477,0.003336668916191776
3.76694521981977,-0.995686367008126,7.553425313379499,1.0,3.1318571428571427,646.0,-0.00022296311187242068,0.0033366689161926644
3.7667222567078973,-0.9955953152987015,7.556761982295692,1.0,3.1317142857142857,647.0,-0.00022296311187286477,0.0033366689161926644
3.7664992935960244,-0.995504263589277,7.5600986512118835,1.0,3.1315714285714282,648.0,-0.00022296311187286477,0.003336668916191776
3.7662763304841516,-0.9954132118798527,7.563435320128075,1.0,3.1314285714285712,649.0,-0.00022296311187286477,0.003336668916191776
3.7660533673722787,-0.9953221601704282,7.566771989044268,1.0,3.1312857142857142,650.0,-0.00022296311187286477,0.0033366689161926644
3.765830404260406,-0.9952311084610037,7.570108657960461,1.0,3.131142857142857,651.0,-0.00022296311187286477,0.0033366689161926644
3.765607441148533,-0.9951400567515792,7.573445326876652,1.0,3.131,652.0,-0.00022296311187286477,0.003336668916191776
3.765381338508064,-0.995087034998369,7.578618226374934,1.0,3.1307692307692307,653.0,-0.00022610264046907247,0.005172899498282035
3.7651552358675944,-0.9950340132451587,7.583791125873216,1.0,3.1305384615384613,654.0,-0.00022610264046951656,0.005172899498281147
3.7649291332271253,-0.9949809914919485,7.588964025371498,1.0,3.1303076923076922,655.0,-0.00022610264046907247,0.005172899498282035
3.764703030586656,-0.9949279697387382,7.594136924869779,1.0,3.1300769230769228,656.0,-0.00022610264046951656,0.005172899498281147
3.7644769279461867,-0.994874947985528,7.599309824368061,1.0,3.1298461538461537,657.0,-0.00022610264046907247,0.005172899498282035
3.7642508253057176,-0.9948219262323178,7.604482723866342,1.0,3.1296153846153847,658.0,-0.00022610264046907247,0.005172899498281147
3.764024722665248,-0.9947689044791075,7.609655623364624,1.0,3.129384615384615,659.0,-0.00022610264046951656,0.005172899498282035
3.763798620024779,-0.9947158827258973,7.614828522862905,1.0,3.129153846153846,660.0,-0.00022610264046907247,0.005172899498281147
3.76357251738431,-0.9946628609726871,7.620001422361187,1.0,3.128923076923077,661.0,-0.00022610264046907247,0.005172899498282035
3.7633464147438405,-0.9946098392194768,7.625174321859468,1.0,3.1286923076923077,662.0,-0.00022610264046951656,0.005172899498281147
3.7631203121033714,-0.9945568174662666,7.63034722135775,1.0,3.1284615384615386,663.0,-0.00022610264046907247,0.005172899498282035
3.762894209462902,-0.9945037957130562,7.6355201208560315,1.0,3.128230769230769,664.0,-0.00022610264046951656,0.005172899498281147
3.762668106822433,-0.994450773959846,7.6406930203543135,1.0,3.128,665.0,-0.00022610264046907247,0.005172899498282035
3.762437997658147,-0.9945374551736992,7.642112215007868,1.0,3.127857142857143,666.0,-0.00023010916428578554,0.0014191946535548894
3.7622078884938617,-0.9946241363875523,7.643531409661422,1.0,3.1277142857142857,667.0,-0.00023010916428534145,0.0014191946535540012
3.761977779329576,-0.9947108176014055,7.644950604314976,1.0,3.1275714285714287,668.0,-0.00023010916428578554,0.0014191946535540012
3.76174767016529,-0.9947974988152587,7.646369798968531,1.0,3.1274285714285717,669.0,-0.00023010916428578554,0.0014191946535548894
3.7615175610010048,-0.9948841800291118,7.647788993622086,1.0,3.1272857142857142,670.0,-0.00023010916428534145,0.0014191946535548894
3.761287451836719,-0.994970861242965,7.64920818827564,1.0,3.1271428571428572,671.0,-0.00023010916428578554,0.0014191946535540012
3.761057342672433,-0.9950575424568181,7.650627382929194,1.0,3.1270000000000002,672.0,-0.00023010916428578554,0.0014191946535540012
3.760827233508148,-0.9951442236706712,7.652046577582749,1.0,3.126857142857143,673.0,-0.00023010916428534145,0.0014191946535548894
3.760597124343862,-0.9952309048845244,7.653465772236304,1.0,3.126714285714286,674.0,-0.00023010916428578554,0.0014191946535548894
3.7603670151795767,-0.9953175860983775,7.654884966889858,1.0,3.1265714285714283,675.0,-0.00023010916428534145,0.0014191946535540012
3.760136906015291,-0.9954042673122308,7.656304161543412,1.0,3.1264285714285713,676.0,-0.00023010916428578554,0.0014191946535540012
3.759906796851005,-0.9954909485260839,7.657723356196967,1.0,3.1262857142857143,677.0,-0.00023010916428578554,0.0014191946535548894
3.75967668768672,-0.995577629739937,7.659142550850522,1.0,3.126142857142857,678.0,-0.00023010916428534145,0.0014191946535548894
3.759446578522434,-0.9956643109537902,7.660561745504076,1.0,3.126,679.0,-0.00023010916428578554,0.0014191946535540012
3.759214301191487,-0.9957437062108268,7.664428063400428,1.0,3.1256153846153847,680.0,-0.000232277330947106,0.003866317896352278
3.75898202386054,-0.9958231014678635,7.66829438129678,1.0,3.125230769230769,681.0,-0.000232277330947106,0.003866317896352278
3.7587497465295927,-0.9959024967249,7.672160699193133,1.0,3.124846153846154,682.0,-0.000232277330947106,0.003866317896352278
3.758517469198645,-0.9959818919819367,7.676027017089484,1.0,3.124461538461538,683.0,-0.0002322773309475501,0.00386631789635139
3.758285191867698,-0.9960612872389734,7.679893334985836,1.0,3.124076923076923,684.0,-0.000232277330947106,0.003866317896352278
3.758052914536751,-0.99614068249601,7.6837596528821885,1.0,3.1236923076923078,685.0,-0.000232277330947106,0.003866317896352278
3.757820637205804,-0.9962200777530466,7.687625970778541,1.0,3.123307692307692,686.0,-0.000232277330947106,0.003866317896352278
3.7575883598748567,-0.9962994730100831,7.691492288674893,1.0,3.122923076923077,687.0,-0.000232277330947106,0.003866317896352278
3.7573560825439096,-0.9963788682671199,7.695358606571245,1.0,3.1225384615384617,688.0,-0.000232277330947106,0.003866317896352278
3.757123805212962,-0.9964582635241565,7.699224924467597,1.0,3.122153846153846,689.0,-0.0002322773309475501,0.00386631789635139
3.756891527882015,-0.996537658781193,7.703091242363949,1.0,3.121769230769231,690.0,-0.000232277330947106,0.003866317896352278
3.756659250551068,-0.9966170540382298,7.706957560260301,1.0,3.121384615384615,691.0,-0.000232277330947106,0.003866317896352278
3.7564269732201208,-0.9966964492952664,7.710823878156654,1.0,3.121,692.0,-0.000232277330947106,0.003866317896352278
3.756164112827649,-0.9966600472923167,7.7135261765082666,1.0,3.120769230769231,693.0,-0.0002628603924716977,0.002702298351612953
3.755901252435178,-0.9966236452893672,7.7162284748598795,1.0,3.1205384615384615,694.0,-0.0002628603924712536,0.002702298351612953
3.755638392042706,-0.9965872432864176,7.718930773211493,1.0,3.1203076923076924,695.0,-0.0002628603924716977,0.002702298351613841
3.7553755316502344,-0.996550841283468,7.721633071563106,1.0,3.120076923076923,696.0,-0.0002628603924716977,0.002702298351612953
3.755112671257763,-0.9965144392805184,7.724335369914719,1.0,3.119846153846154,697.0,-0.0002628603924712536,0.002702298351612953
3.7548498108652915,-0.9964780372775689,7.727037668266332,1.0,3.1196153846153845,698.0,-0.0002628603924716977,0.002702298351612953
3.7545869504728198,-0.9964416352746193,7.729739966617946,1.0,3.1193846153846154,699.0,-0.0002628603924716977,0.002702298351613841
3.754324090080348,-0.9964052332716697,7.732442264969559,1.0,3.119153846153846,700.0,-0.0002628603924716977,0.002702298351612953
3.754061229687877,-0.9963688312687201,7.735144563321172,1.0,3.118923076923077,701.0,-0.0002628603924712536,0.002702298351612953
3.753798369295405,-0.9963324292657706,7.737846861672785,1.0,3.1186923076923074,702.0,-0.0002628603924716977,0.002702298351612953
3.7535355089029334,-0.996296027262821,7.740549160024399,1.0,3.1184615384615384,703.0,-0.0002628603924716977,0.002702298351613841
3.753272648510462,-0.9962596252598714,7.743251458376012,1.0,3.118230769230769,704.0,-0.0002628603924712536,0.002702298351612953
3.7530097881179905,-0.9962232232569218,7.745953756727625,1.0,3.118,705.0,-0.0002628603924716977,0.002702298351612953
3.7528158279651915,-0.9960524166427708,7.7457301930327445,1.0,3.1177142857142854,706.0,-0.0001939601527989332,-0.00022356369488019112
3.752621867812393,-0.9958816100286199,7.745506629337865,1.0,3.1174285714285714,707.0,-0.0001939601527984891,-0.00022356369487930294
3.752427907659594,-0.9957108034144688,7.745283065642985,1.0,3.117142857142857,708.0,-0.0001939601527989332,-0.00022356369488019112
3.7522339475067956,-0.9955399968003178,7.745059501948106,1.0,3.1168571428571425,709.0,-0.0001939601527984891,-0.00022356369487930294
3.7520399873539967,-0.9953691901861668,7.7448359382532255,1.0,3.1165714285714285,710.0,-0.0001939601527989332,-0.00022356369488019112
3.751846027201198,-0.9951983835720158,7.744612374558346,1.0,3.116285714285714,711.0,-0.0001939601527984891,-0.00022356369487930294
3.7516520670483993,-0.9950275769578648,7.744388810863466,1.0,3.116,712.0,-0.0001939601527989332,-0.00022356369488019112
3.7514581068956003,-0.9948567703437138,7.744165247168586,1.0,3.1157142857142857,713.0,-0.0001939601527989332,-0.00022356369488019112
3.751264146742802,-0.9946859637295629,7.7439416834737065,1.0,3.115428571428571,714.0,-0.0001939601527984891,-0.00022356369487930294
3.751070186590003,-0.9945151571154118,7.743718119778826,1.0,3.115142857142857,715.0,-0.0001939601527989332,-0.00022356369488019112
3.7508762264372044,-0.9943443505012608,7.743494556083947,1.0,3.1148571428571428,716.0,-0.0001939601527984891,-0.00022356369487930294
3.7506822662844055,-0.9941735438871098,7.743270992389067,1.0,3.1145714285714283,717.0,-0.0001939601527989332,-0.00022356369488019112
3.750488306131607,-0.9940027372729588,7.7430474286941875,1.0,3.1142857142857143,718.0,-0.0001939601527984891,-0.00022356369487930294
3.750294345978808,-0.9938319306588078,7.742823864999307,1.0,3.114,719.0,-0.0001939601527989332,-0.00022356369488019112
3.750052772055214,-0.9938650719268387,7.749041850540736,1.0,3.1136923076923075,720.0,-0.0002415739235939185,0.0062179855414283836
3.7498111981316202,-0.9938982131948695,7.755259836082165,1.0,3.113384615384615,721.0,-0.0002415739235939185,0.006217985541429272
3.749569624208026,-0.9939313544629004,7.761477821623593,1.0,3.113076923076923,722.0,-0.00024157392359436258,0.0062179855414283836
3.749328050284432,-0.9939644957309312,7.767695807165022,1.0,3.1127692307692305,723.0,-0.0002415739235939185,0.0062179855414283836
3.749086476360838,-0.993997636998962,7.773913792706451,1.0,3.112461538461538,724.0,-0.0002415739235939185,0.006217985541429272
3.748844902437244,-0.9940307782669929,7.780131778247879,1.0,3.112153846153846,725.0,-0.0002415739235939185,0.0062179855414283836
3.7486033285136497,-0.9940639195350237,7.786349763789308,1.0,3.111846153846154,726.0,-0.00024157392359436258,0.0062179855414283836
3.748361754590056,-0.9940970608030546,7.792567749330736,1.0,3.1115384615384616,727.0,-0.0002415739235939185,0.0062179855414283836
3.748120180666462,-0.9941302020710855,7.798785734872165,1.0,3.1112307692307692,728.0,-0.0002415739235939185,0.006217985541429272
3.747878606742868,-0.9941633433391163,7.805003720413594,1.0,3.110923076923077,729.0,-0.0002415739235939185,0.0062179855414283836
3.7476370328192736,-0.9941964846071472,7.811221705955022,1.0,3.1106153846153846,730.0,-0.00024157392359436258,0.0062179855414283836
3.7473954588956797,-0.9942296258751779,7.8174396914964515,1.0,3.110307692307692,731.0,-0.0002415739235939185,0.006217985541429272
3.747153884972086,-0.9942627671432088,7.82365767703788,1.0,3.11,732.0,-0.0002415739235939185,0.0062179855414283836
3.746928096031687,-0.9943594140247879,7.82531180319757,1.0,3.1096923076923075,733.0,-0.0002257889403987079,0.0016541261596900725
3.7467023070912884,-0.994456060906367,7.82696592935726,1.0,3.109384615384615,734.0,-0.0002257889403987079,0.0016541261596900725
3.7464765181508897,-0.994552707787946,7.828620055516949,1.0,3.109076923076923,735.0,-0.0002257889403987079,0.0016541261596891843
3.746250729210491,-0.994649354669525,7.830274181676639,1.0,3.1087692307692305,736.0,-0.0002257889403987079,0.0016541261596900725
3.7460249402700923,-0.994746001551104,7.831928307836329,1.0,3.108461538461538,737.0,-0.0002257889403987079,0.0016541261596900725
3.7457991513296935,-0.9948426484326831,7.833582433996019,1.0,3.108153846153846,738.0,-0.0002257889403987079,0.0016541261596900725
3.7455733623892944,-0.9949392953142622,7.835236560155709,1.0,3.107846153846154,739.0,-0.00022578894039915198,0.0016541261596891843
3.7453475734488957,-0.9950359421958412,7.836890686315399,1.0,3.1075384615384616,740.0,-0.0002257889403987079,0.0016541261596900725
3.745121784508497,-0.9951325890774203,7.838544812475089,1.0,3.1072307692307692,741.0,-0.0002257889403987079,0.0016541261596900725
3.7448959955680983,-0.9952292359589993,7.840198938634779,1.0,3.106923076923077,742.0,-0.0002257889403987079,0.0016541261596900725
3.7446702066276996,-0.9953258828405783,7.841853064794468,1.0,3.1066153846153846,743.0,-0.0002257889403987079,0.0016541261596891843
3.744444417687301,-0.9954225297221574,7.843507190954158,1.0,3.106307692307692,744.0,-0.0002257889403987079,0.0016541261596900725
3.744218628746902,-0.9955191766037365,7.845161317113848,1.0,3.106,745.0,-0.0002257889403987079,0.0016541261596900725
3.744003381769522,-0.9954041002231212,7.846010960313555,1.0,3.1057142857142854,746.0,-0.00021524697738017906,0.0008496431997064846
3.7437881347921413,-0.995289023842506,7.846860603513262,1.0,3.1054285714285714,747.0,-0.00021524697738062315,0.0008496431997073728
3.743572887814761,-0.9951739474618907,7.8477102467129685,1.0,3.105142857142857,748.0,-0.00021524697738017906,0.0008496431997064846
3.743357640837381,-0.9950588710812754,7.848559889912676,1.0,3.1048571428571425,749.0,-0.00021524697738017906,0.0008496431997073728
3.743142393860001,-0.9949437947006602,7.849409533112382,1.0,3.1045714285714285,750.0,-0.00021524697738017906,0.0008496431997064846
3.74292714688262,-0.9948287183200449,7.85025917631209,1.0,3.104285714285714,751.0,-0.00021524697738062315,0.0008496431997073728
3.74271189990524,-0.9947136419394297,7.851108819511796,1.0,3.104,752.0,-0.00021524697738017906,0.0008496431997064846
3.74249665292786,-0.9945985655588143,7.851958462711503,1.0,3.1037142857142856,753.0,-0.00021524697738017906,0.0008496431997064846
3.742281405950479,-0.9944834891781991,7.85280810591121,1.0,3.103428571428571,754.0,-0.00021524697738062315,0.0008496431997073728
3.742066158973099,-0.9943684127975838,7.8536577491109165,1.0,3.103142857142857,755.0,-0.00021524697738017906,0.0008496431997064846
3.741850911995719,-0.9942533364169686,7.854507392310624,1.0,3.1028571428571428,756.0,-0.00021524697738017906,0.0008496431997073728
3.7416356650183387,-0.9941382600363533,7.85535703551033,1.0,3.1025714285714283,757.0,-0.00021524697738017906,0.0008496431997064846
3.741420418040958,-0.994023183655738,7.856206678710038,1.0,3.1022857142857143,758.0,-0.00021524697738062315,0.0008496431997073728
3.741205171063578,-0.9939081072751228,7.857056321909744,1.0,3.102,759.0,-0.00021524697738017906,0.0008496431997064846
3.740981401439925,-0.9940073547459071,7.862765181173656,1.0,3.1016923076923075,760.0,-0.00022376962365289188,0.005708859263911847
3.740757631816272,-0.9941066022166913,7.868474040437568,1.0,3.101384615384615,761.0,-0.00022376962365289188,0.005708859263911847
3.740533862192619,-0.9942058496874756,7.87418289970148,1.0,3.101076923076923,762.0,-0.00022376962365289188,0.005708859263911847
3.7403100925689663,-0.9943050971582599,7.8798917589653925,1.0,3.1007692307692305,763.0,-0.00022376962365289188,0.005708859263912736
3.7400863229453134,-0.9944043446290441,7.885600618229304,1.0,3.100461538461538,764.0,-0.00022376962365289188,0.005708859263911847
3.7398625533216605,-0.9945035920998284,7.891309477493216,1.0,3.100153846153846,765.0,-0.00022376962365289188,0.005708859263911847
3.7396387836980076,-0.9946028395706128,7.897018336757128,1.0,3.099846153846154,766.0,-0.00022376962365289188,0.005708859263911847
3.7394150140743547,-0.9947020870413971,7.90272719602104,1.0,3.0995384615384616,767.0,-0.00022376962365289188,0.005708859263911847
3.739191244450702,-0.9948013345121813,7.908436055284952,1.0,3.0992307692307692,768.0,-0.00022376962365289188,0.005708859263911847
3.738967474827049,-0.9949005819829656,7.9141449145488645,1.0,3.098923076923077,769.0,-0.00022376962365289188,0.005708859263912736
3.738743705203396,-0.9949998294537499,7.919853773812776,1.0,3.0986153846153845,770.0,-0.00022376962365289188,0.005708859263911847
3.738519935579743,-0.9950990769245341,7.925562633076688,1.0,3.098307692307692,771.0,-0.00022376962365289188,0.005708859263911847
3.7382961659560903,-0.9951983243953184,7.9312714923406,1.0,3.098,772.0,-0.00022376962365289188,0.005708859263911847
3.7380833890483256,-0.9951738160781404,7.933288143427798,1.0,3.0977142857142854,773.0,-0.00021277690776466684,0.0020166510871977295
3.737870612140561,-0.9951493077609624,7.9353047945149955,1.0,3.0974285714285714,774.0,-0.00021277690776466684,0.0020166510871977295
3.7376578352327967,-0.9951247994437844,7.937321445602193,1.0,3.097142857142857,775.0,-0.00021277690776422276,0.0020166510871977295
3.737445058325032,-0.9951002911266064,7.939338096689391,1.0,3.0968571428571425,776.0,-0.00021277690776466684,0.0020166510871977295
3.7372322814172674,-0.9950757828094284,7.941354747776589,1.0,3.0965714285714285,777.0,-0.00021277690776466684,0.0020166510871977295
3.7370195045095027,-0.9950512744922504,7.943371398863786,1.0,3.096285714285714,778.0,-0.00021277690776466684,0.0020166510871977295
3.7368067276017385,-0.9950267661750725,7.945388049950984,1.0,3.096,779.0,-0.00021277690776422276,0.0020166510871977295
3.736593950693974,-0.9950022578578944,7.947404701038183,1.0,3.0957142857142856,780.0,-0.00021277690776466684,0.0020166510871986176
3.736381173786209,-0.9949777495407164,7.9494213521253805,1.0,3.095428571428571,781.0,-0.00021277690776466684,0.0020166510871977295
3.7361683968784445,-0.9949532412235385,7.951438003212578,1.0,3.095142857142857,782.0,-0.00021277690776466684,0.0020166510871977295
3.73595561997068,-0.9949287329063604,7.953454654299776,1.0,3.0948571428571428,783.0,-0.00021277690776466684,0.0020166510871977295
3.7357428430629156,-0.9949042245891824,7.955471305386974,1.0,3.0945714285714283,784.0,-0.00021277690776422276,0.0020166510871977295
3.735530066155151,-0.9948797162720044,7.957487956474171,1.0,3.0942857142857143,785.0,-0.00021277690776466684,0.0020166510871977295
3.7353172892473863,-0.9948552079548264,7.959504607561369,1.0,3.094,786.0,-0.00021277690776466684,0.0020166510871977295
3.735114091467335,-0.9949543976997718,7.961041443505678,1.0,3.0936923076923075,787.0,-0.00020319778005140066,0.0015368359443090895
3.7349108936872835,-0.9950535874447172,7.962578279449987,1.0,3.093384615384615,788.0,-0.00020319778005140066,0.0015368359443090895
3.734707695907232,-0.9951527771896626,7.964115115394296,1.0,3.093076923076923,789.0,-0.00020319778005140066,0.0015368359443090895
3.7345044981271807,-0.9952519669346079,7.9656519513386055,1.0,3.0927692307692305,790.0,-0.00020319778005140066,0.0015368359443090895
3.7343013003471293,-0.9953511566795533,7.967188787282915,1.0,3.092461538461538,791.0,-0.00020319778005140066,0.0015368359443090895
3.734098102567078,-0.9954503464244987,7.968725623227224,1.0,3.092153846153846,792.0,-0.00020319778005140066,0.0015368359443090895
3.733894904787027,-0.9955495361694441,7.970262459171534,1.0,3.091846153846154,793.0,-0.00020319778005095657,0.0015368359443099777
3.7336917070069755,-0.9956487259143895,7.971799295115843,1.0,3.0915384615384616,794.0,-0.00020319778005140066,0.0015368359443090895
3.733488509226924,-0.9957479156593348,7.973336131060152,1.0,3.0912307692307692,795.0,-0.00020319778005140066,0.0015368359443090895
3.7332853114468727,-0.9958471054042802,7.974872967004461,1.0,3.090923076923077,796.0,-0.00020319778005140066,0.0015368359443090895
3.7330821136668213,-0.9959462951492256,7.97640980294877,1.0,3.0906153846153845,797.0,-0.00020319778005140066,0.0015368359443090895
3.73287891588677,-0.996045484894171,7.977946638893079,1.0,3.090307692307692,798.0,-0.00020319778005140066,0.0015368359443090895
3.7326757181067185,-0.9961446746391164,7.979483474837388,1.0,3.09,799.0,-0.00020319778005140066,0.0015368359443090895
3.732460995726242,-0.9959761588137304,7.981191259260719,1.0,3.0896923076923075,800.0,-0.00021472238047648418,0.0017077844233304162
3.732246273345766,-0.9958076429883442,7.98289904368405,1.0,3.089384615384615,801.0,-0.0002147223804760401,0.0017077844233313044
3.7320315509652895,-0.9956391271629582,7.98460682810738,1.0,3.089076923076923,802.0,-0.00021472238047648418,0.0017077844233304162
3.7318168285848135,-0.9954706113375721,7.986314612530711,1.0,3.0887692307692305,803.0,-0.0002147223804760401,0.0017077844233304162
3.731602106204337,-0.9953020955121861,7.988022396954042,1.0,3.088461538461538,804.0,-0.00021472238047648418,0.0017077844233313044
3.7313873838238605,-0.9951335796868,7.9897301813773725,1.0,3.088153846153846,805.0,-0.00021472238047648418,0.0017077844233304162
3.7311726614433844,-0.9949650638614139,7.991437965800703,1.0,3.087846153846154,806.0,-0.0002147223804760401,0.0017077844233304162
3.730957939062908,-0.9947965480360279,7.993145750224033,1.0,3.0875384615384616,807.0,-0.00021472238047648418,0.0017077844233304162
3.7307432166824315,-0.9946280322106419,7.994853534647365,1.0,3.0872307692307692,808.0,-0.00021472238047648418,0.0017077844233313044
3.7305284943019554,-0.9944595163852558,7.996561319070695,1.0,3.086923076923077,809.0,-0.0002147223804760401,0.0017077844233304162
3.730313771921479,-0.9942910005598697,7.998269103494025,1.0,3.0866153846153845,810.0,-0.00021472238047648418,0.0017077844233304162
3.730099049541003,-0.9941224847344836,7.999976887917357,1.0,3.086307692307692,811.0,-0.0002147223804760401,0.0017077844233313044
3.7298843271605264,-0.9939539689090976,8.001684672340687,1.0,3.086,812.0,-0.00021472238047648418,0.0017077844233304162
3.7296820191969404,-0.9939706186292306,8.000314192398399,1.0,3.0855714285714284,813.0,-0.00020230796358600145,-0.0013704799422882274
3.729479711233355,-0.9939872683493638,7.998943712456112,1.0,3.085142857142857,814.0,-0.00020230796358555736,-0.0013704799422873393
3.729277403269769,-0.9940039180694968,7.997573232513824,1.0,3.0847142857142855,815.0,-0.00020230796358600145,-0.0013704799422873393
3.729075095306183,-0.9940205677896299,7.996202752571537,1.0,3.084285714285714,816.0,-0.00020230796358600145,-0.0013704799422873393
3.728872787342597,-0.994037217509763,7.99483227262925,1.0,3.0838571428571426,817.0,-0.00020230796358600145,-0.0013704799422873393
3.7286704793790113,-0.9940538672298961,7.993461792686961,1.0,3.083428571428571,818.0,-0.00020230796358555736,-0.0013704799422882274
3.7284681714154253,-0.9940705169500292,7.992091312744674,1.0,3.0829999999999997,819.0,-0.00020230796358600145,-0.0013704799422873393
3.7282658634518393,-0.9940871666701623,7.990720832802387,1.0,3.0825714285714287,820.0,-0.00020230796358600145,-0.0013704799422873393
3.7280635554882537,-0.9941038163902953,7.989350352860098,1.0,3.0821428571428573,821.0,-0.00020230796358555736,-0.0013704799422882274
3.7278612475246677,-0.9941204661104285,7.987979872917811,1.0,3.081714285714286,822.0,-0.00020230796358600145,-0.0013704799422873393
3.7276589395610817,-0.9941371158305615,7.986609392975524,1.0,3.0812857142857144,823.0,-0.00020230796358600145,-0.0013704799422873393
3.7274566315974957,-0.9941537655506946,7.985238913033236,1.0,3.080857142857143,824.0,-0.00020230796358600145,-0.0013704799422873393
3.72725432363391,-0.9941704152708277,7.983868433090948,1.0,3.0804285714285715,825.0,-0.00020230796358555736,-0.0013704799422882274
3.727052015670324,-0.9941870649909608,7.982497953148661,1.0,3.08,826.0,-0.00020230796358600145,-0.0013704799422873393
3.72686207764906,-0.9941677411964175,7.987116212898754,1.0,3.0796923076923077,827.0,-0.00018993802126399117,0.004618259750093223
3.726672139627796,-0.9941484174018741,7.991734472648847,1.0,3.0793846153846154,828.0,-0.00018993802126399117,0.004618259750093223
3.726482201606532,-0.9941290936073308,7.996352732398941,1.0,3.079076923076923,829.0,-0.00018993802126399117,0.004618259750094111
3.726292263585268,-0.9941097698127874,8.000970992149034,1.0,3.0787692307692307,830.0,-0.00018993802126399117,0.004618259750092335
3.7261023255640042,-0.9940904460182441,8.005589251899128,1.0,3.0784615384615384,831.0,-0.00018993802126399117,0.004618259750094111
3.7259123875427402,-0.9940711222237009,8.010207511649222,1.0,3.078153846153846,832.0,-0.00018993802126399117,0.004618259750094111
3.725722449521476,-0.9940517984291575,8.014825771399314,1.0,3.077846153846154,833.0,-0.00018993802126443526,0.004618259750092335
3.725532511500212,-0.9940324746346142,8.019444031149408,1.0,3.077538461538462,834.0,-0.00018993802126399117,0.004618259750094111
3.725342573478948,-0.9940131508400709,8.024062290899503,1.0,3.0772307692307694,835.0,-0.00018993802126399117,0.004618259750094111
3.725152635457684,-0.9939938270455275,8.028680550649595,1.0,3.076923076923077,836.0,-0.00018993802126399117,0.004618259750092335
3.72496269743642,-0.9939745032509842,8.033298810399689,1.0,3.0766153846153848,837.0,-0.00018993802126399117,0.004618259750094111
3.724772759415156,-0.9939551794564409,8.037917070149781,1.0,3.0763076923076924,838.0,-0.00018993802126399117,0.004618259750092335
3.724582821393892,-0.9939358556618976,8.042535329899875,1.0,3.076,839.0,-0.00018993802126399117,0.004618259750094111
3.7243877978006963,-0.9939763078856982,8.04219269734027,1.0,3.075615384615385,840.0,-0.00019502359319556462,-0.00034263255960453876
3.7241927742075007,-0.9940167601094989,8.041850064780665,1.0,3.075230769230769,841.0,-0.00019502359319556462,-0.0003426325596063151
3.723997750614305,-0.9940572123332996,8.04150743222106,1.0,3.074846153846154,842.0,-0.00019502359319556462,-0.00034263255960453876
3.72380272702111,-0.9940976645571002,8.041164799661454,1.0,3.0744615384615384,843.0,-0.00019502359319512053,-0.0003426325596063151
3.7236077034279145,-0.9941381167809009,8.04082216710185,1.0,3.074076923076923,844.0,-0.00019502359319556462,-0.00034263255960453876
3.723412679834719,-0.9941785690047016,8.040479534542243,1.0,3.073692307692308,845.0,-0.00019502359319556462,-0.0003426325596063151
3.7232176562415233,-0.9942190212285024,8.040136901982638,1.0,3.0733076923076923,846.0,-0.00019502359319556462,-0.00034263255960453876
3.723022632648328,-0.994259473452303,8.039794269423032,1.0,3.072923076923077,847.0,-0.00019502359319556462,-0.0003426325596063151
3.722827609055132,-0.9942999256761037,8.039451636863427,1.0,3.072538461538462,848.0,-0.00019502359319556462,-0.00034263255960453876
3.722632585461937,-0.9943403778999044,8.039109004303821,1.0,3.0721538461538462,849.0,-0.00019502359319512053,-0.0003426325596063151
3.7224375618687415,-0.994380830123705,8.038766371744217,1.0,3.071769230769231,850.0,-0.00019502359319556462,-0.00034263255960453876
3.722242538275546,-0.9944212823475057,8.03842373918461,1.0,3.0713846153846154,851.0,-0.00019502359319556462,-0.0003426325596063151
3.7220475146823504,-0.9944617345713064,8.038081106625006,1.0,3.071,852.0,-0.00019502359319556462,-0.00034263255960453876
3.7218480031452477,-0.9945605892507896,8.039537978401263,1.0,3.071214285714286,853.0,-0.00019951153710273672,0.001456871776257529
3.721648491608145,-0.9946594439302728,8.04099485017752,1.0,3.0714285714285716,854.0,-0.00019951153710273672,0.001456871776257529
3.721448980071042,-0.994758298609756,8.042451721953778,1.0,3.0716428571428573,855.0,-0.00019951153710273672,0.001456871776257529
3.721249468533939,-0.9948571532892392,8.043908593730036,1.0,3.071857142857143,856.0,-0.00019951153710318081,0.001456871776257529
3.7210499569968363,-0.9949560079687224,8.045365465506293,1.0,3.072071428571429,857.0,-0.00019951153710273672,0.001456871776257529
3.7208504454597335,-0.9950548626482056,8.046822337282551,1.0,3.0722857142857145,858.0,-0.00019951153710273672,0.001456871776257529
3.720650933922631,-0.9951537173276889,8.048279209058808,1.0,3.0725000000000002,859.0,-0.00019951153710273672,0.001456871776257529
3.720451422385528,-0.995252572007172,8.049736080835068,1.0,3.0727142857142855,860.0,-0.00019951153710273672,0.0014568717762593053
3.7202519108484253,-0.9953514266866552,8.051192952611325,1.0,3.0729285714285712,861.0,-0.00019951153710273672,0.001456871776257529
3.7200523993113226,-0.9954502813661384,8.052649824387583,1.0,3.073142857142857,862.0,-0.00019951153710273672,0.001456871776257529
3.7198528877742194,-0.9955491360456217,8.05410669616384,1.0,3.0733571428571427,863.0,-0.00019951153710318081,0.001456871776257529
3.7196533762371167,-0.9956479907251048,8.055563567940098,1.0,3.0735714285714284,864.0,-0.00019951153710273672,0.001456871776257529
3.719453864700014,-0.995746845404588,8.057020439716355,1.0,3.073785714285714,865.0,-0.00019951153710273672,0.001456871776257529
3.719254353162911,-0.9958457000840713,8.058477311492613,1.0,3.074,866.0,-0.00019951153710273672,0.001456871776257529
3.719039403254774,-0.9955320480388042,8.061764007063536,1.0,3.0736923076923075,867.0,-0.0002149499081371964,0.0032866955709227597
3.7188244533466372,-0.9952183959935372,8.065050702634458,1.0,3.073384615384615,868.0,-0.0002149499081367523,0.0032866955709227597
3.7186095034385,-0.9949047439482703,8.068337398205381,1.0,3.073076923076923,869.0,-0.0002149499081371964,0.0032866955709227597
3.7183945535303633,-0.9945910919030033,8.071624093776306,1.0,3.0727692307692305,870.0,-0.0002149499081367523,0.003286695570924536
3.718179603622226,-0.9942774398577363,8.074910789347229,1.0,3.072461538461538,871.0,-0.0002149499081371964,0.0032866955709227597
3.7179646537140894,-0.9939637878124693,8.078197484918151,1.0,3.072153846153846,872.0,-0.0002149499081367523,0.0032866955709227597
3.717749703805952,-0.9936501357672024,8.081484180489074,1.0,3.071846153846154,873.0,-0.0002149499081371964,0.0032866955709227597
3.7175347538978154,-0.9933364837219354,8.084770876059997,1.0,3.0715384615384616,874.0,-0.0002149499081367523,0.0032866955709227597
3.717319803989678,-0.9930228316766684,8.08805757163092,1.0,3.071230769230769,875.0,-0.0002149499081371964,0.0032866955709227597
3.7171048540815415,-0.9927091796314014,8.091344267201844,1.0,3.070923076923077,876.0,-0.0002149499081367523,0.003286695570924536
3.7168899041734043,-0.9923955275861345,8.094630962772767,1.0,3.0706153846153845,877.0,-0.0002149499081371964,0.0032866955709227597
3.7166749542652675,-0.9920818755408675,8.09791765834369,1.0,3.070307692307692,878.0,-0.0002149499081367523,0.0032866955709227597
3.7164600043571303,-0.9917682234956005,8.101204353914612,1.0,3.07,879.0,-0.0002149499081371964,0.0032866955709227597
3.7163013110239285,-0.9918928861685344,8.102774266389163,1.0,3.0697142857142854,880.0,-0.00015869333320184253,0.0015699124745509607
3.716142617690726,-0.9920175488414685,8.104344178863714,1.0,3.0694285714285714,881.0,-0.00015869333320228662,0.0015699124745509607
3.7159839243575243,-0.9921422115144025,8.105914091338267,1.0,3.069142857142857,882.0,-0.00015869333320184253,0.001569912474552737
3.7158252310243225,-0.9922668741873365,8.107484003812818,1.0,3.0688571428571425,883.0,-0.00015869333320184253,0.0015699124745509607
3.71566653769112,-0.9923915368602706,8.109053916287369,1.0,3.0685714285714285,884.0,-0.00015869333320228662,0.0015699124745509607
3.7155078443579184,-0.9925161995332046,8.11062382876192,1.0,3.068285714285714,885.0,-0.00015869333320184253,0.0015699124745509607
3.7153491510247165,-0.9926408622061387,8.11219374123647,1.0,3.068,886.0,-0.00015869333320184253,0.0015699124745509607
3.7151904576915142,-0.9927655248790727,8.113763653711024,1.0,3.0677142857142856,887.0,-0.00015869333320228662,0.001569912474552737
3.7150317643583124,-0.9928901875520066,8.115333566185575,1.0,3.067428571428571,888.0,-0.00015869333320184253,0.0015699124745509607
3.71487307102511,-0.9930148502249407,8.116903478660126,1.0,3.067142857142857,889.0,-0.00015869333320228662,0.0015699124745509607
3.7147143776919083,-0.9931395128978747,8.118473391134676,1.0,3.0668571428571427,890.0,-0.00015869333320184253,0.0015699124745509607
3.7145556843587064,-0.9932641755708087,8.12004330360923,1.0,3.0665714285714283,891.0,-0.00015869333320184253,0.001569912474552737
3.714396991025504,-0.9933888382437428,8.12161321608378,1.0,3.0662857142857143,892.0,-0.00015869333320228662,0.0015699124745509607
3.7142382976923023,-0.9935135009166768,8.123183128558331,1.0,3.066,893.0,-0.00015869333320184253,0.0015699124745509607
3.714051405340349,-0.9937345172473532,8.12480567647442,1.0,3.065769230769231,894.0,-0.00018689235195346043,0.0016225479160887346
3.713864512988395,-0.9939555335780296,8.126428224390509,1.0,3.0655384615384613,895.0,-0.00018689235195390452,0.0016225479160887346
3.7136776206364415,-0.994176549908706,8.128050772306596,1.0,3.0653076923076923,896.0,-0.00018689235195346043,0.0016225479160869583
3.713490728284488,-0.9943975662393824,8.129673320222684,1.0,3.065076923076923,897.0,-0.00018689235195346043,0.0016225479160887346
3.713303835932534,-0.9946185825700588,8.131295868138773,1.0,3.0648461538461538,898.0,-0.00018689235195390452,0.0016225479160887346
3.7131169435805806,-0.9948395989007351,8.132918416054862,1.0,3.0646153846153847,899.0,-0.00018689235195346043,0.0016225479160887346
3.712930051228627,-0.9950606152314116,8.134540963970949,1.0,3.0643846153846153,900.0,-0.00018689235195346043,0.0016225479160869583
3.7127431588766737,-0.995281631562088,8.136163511887037,1.0,3.0641538461538462,901.0,-0.00018689235195346043,0.0016225479160887346
3.71255626652472,-0.9955026478927644,8.137786059803126,1.0,3.063923076923077,902.0,-0.00018689235195390452,0.0016225479160887346
3.7123693741727664,-0.9957236642234408,8.139408607719215,1.0,3.0636923076923077,903.0,-0.00018689235195346043,0.0016225479160887346
3.712182481820813,-0.9959446805541172,8.141031155635302,1.0,3.0634615384615387,904.0,-0.00018689235195346043,0.0016225479160869583
3.711995589468859,-0.9961656968847936,8.14265370355139,1.0,3.063230769230769,905.0,-0.00018689235195390452,0.0016225479160887346
3.7118086971169055,-0.99638671321547,8.14427625146748,1.0,3.063,906.0,-0.00018689235195346043,0.0016225479160887346
3.711626221497446,-0.9962526413751739,8.14369974331892,1.0,3.062846153846154,907.0,-0.00018247561945949897,-0.0005765081485584744
3.711443745877986,-0.9961185695348777,8.143123235170364,1.0,3.062692307692308,908.0,-0.00018247561945994306,-0.0005765081485566981
3.7112612702585266,-0.9959844976945815,8.142546727021806,1.0,3.0625384615384617,909.0,-0.00018247561945949897,-0.0005765081485584744
3.711078794639067,-0.9958504258542854,8.141970218873249,1.0,3.0623846153846155,910.0,-0.00018247561945949897,-0.0005765081485566981
3.710896319019607,-0.9957163540139892,8.14139371072469,1.0,3.0622307692307693,911.0,-0.00018247561945994306,-0.0005765081485584744
3.7107138434001476,-0.995582282173693,8.140817202576132,1.0,3.062076923076923,912.0,-0.00018247561945949897,-0.0005765081485584744
3.710531367780688,-0.9954482103333969,8.140240694427575,1.0,3.061923076923077,913.0,-0.00018247561945949897,-0.0005765081485566981
3.7103488921612287,-0.9953141384931008,8.139664186279017,1.0,3.061769230769231,914.0,-0.00018247561945949897,-0.0005765081485584744
3.7101664165417687,-0.9951800666528046,8.139087678130458,1.0,3.0616153846153846,915.0,-0.00018247561945994306,-0.0005765081485584744
3.709983940922309,-0.9950459948125084,8.138511169981902,1.0,3.0614615384615385,916.0,-0.00018247561945949897,-0.0005765081485566981
3.7098014653028497,-0.9949119229722123,8.137934661833343,1.0,3.0613076923076923,917.0,-0.00018247561945949897,-0.0005765081485584744
3.7096189896833898,-0.9947778511319161,8.137358153684787,1.0,3.061153846153846,918.0,-0.00018247561945994306,-0.0005765081485566981
3.7094365140639303,-0.99464377929162,8.136781645536228,1.0,3.061,919.0,-0.00018247561945949897,-0.0005765081485584744
3.7092636078656374,-0.9946361252253205,8.138578376051825,1.0,3.060785714285714,920.0,-0.00017290619829291032,0.0017967305155970337
3.709090701667344,-0.9946284711590211,8.14037510656742,1.0,3.0605714285714285,921.0,-0.0001729061982933544,0.0017967305155952573
3.708917795469051,-0.9946208170927217,8.142171837083017,1.0,3.0603571428571428,922.0,-0.00017290619829291032,0.0017967305155970337
3.7087448892707577,-0.9946131630264222,8.143968567598613,1.0,3.060142857142857,923.0,-0.0001729061982933544,0.0017967305155952573
3.708571983072465,-0.9946055089601228,8.14576529811421,1.0,3.0599285714285713,924.0,-0.00017290619829291032,0.0017967305155970337
3.7083990768741715,-0.9945978548938234,8.147562028629805,1.0,3.0597142857142856,925.0,-0.0001729061982933544,0.0017967305155952573
3.7082261706758786,-0.9945902008275239,8.149358759145402,1.0,3.0595,926.0,-0.00017290619829291032,0.0017967305155970337
3.7080532644775857,-0.9945825467612244,8.151155489660999,1.0,3.059285714285714,927.0,-0.00017290619829291032,0.0017967305155970337
3.7078803582792923,-0.9945748926949249,8.152952220176594,1.0,3.0590714285714284,928.0,-0.0001729061982933544,0.0017967305155952573
3.7077074520809994,-0.9945672386286255,8.154748950692191,1.0,3.0588571428571427,929.0,-0.00017290619829291032,0.0017967305155970337
3.707534545882706,-0.9945595845623261,8.156545681207787,1.0,3.058642857142857,930.0,-0.0001729061982933544,0.0017967305155952573
3.707361639684413,-0.9945519304960266,8.158342411723384,1.0,3.0584285714285713,931.0,-0.00017290619829291032,0.0017967305155970337
3.7071887334861198,-0.9945442764297272,8.160139142238979,1.0,3.0582142857142856,932.0,-0.0001729061982933544,0.0017967305155952573
3.707015827287827,-0.9945366223634278,8.161935872754576,1.0,3.058,933.0,-0.00017290619829291032,0.0017967305155970337
3.7068535143410473,-0.9946115711034567,8.16221125856072,1.0,3.0576923076923075,934.0,-0.00016231294677959696,0.0002753858061446124
3.7066912013942677,-0.9946865198434856,8.162486644366863,1.0,3.057384615384615,935.0,-0.00016231294677959696,0.00027538580614283603
3.7065288884474885,-0.9947614685835143,8.162762030173008,1.0,3.057076923076923,936.0,-0.00016231294677915287,0.0002753858061446124
3.706366575500709,-0.9948364173235432,8.16303741597915,1.0,3.0567692307692305,937.0,-0.00016231294677959696,0.00027538580614283603
3.7062042625539293,-0.9949113660635721,8.163312801785295,1.0,3.056461538461538,938.0,-0.00016231294677959696,0.0002753858061446124
3.7060419496071497,-0.994986314803601,8.16358818759144,1.0,3.0561538461538458,939.0,-0.00016231294677959696,0.0002753858061446124
3.7058796366603706,-0.9950612635436298,8.163863573397583,1.0,3.055846153846154,940.0,-0.00016231294677915287,0.00027538580614283603
3.705717323713591,-0.9951362122836587,8.164138959203727,1.0,3.0555384615384615,941.0,-0.00016231294677959696,0.0002753858061446124
3.7055550107668114,-0.9952111610236876,8.164414345009872,1.0,3.055230769230769,942.0,-0.00016231294677959696,0.0002753858061446124
3.7053926978200318,-0.9952861097637165,8.164689730816015,1.0,3.054923076923077,943.0,-0.00016231294677959696,0.00027538580614283603
3.7052303848732526,-0.9953610585037452,8.16496511662216,1.0,3.0546153846153845,944.0,-0.00016231294677915287,0.0002753858061446124
3.705068071926473,-0.9954360072437741,8.165240502428302,1.0,3.054307692307692,945.0,-0.00016231294677959696,0.00027538580614283603
3.7049057589796934,-0.995510955983803,8.165515888234447,1.0,3.054,946.0,-0.00016231294677959696,0.0002753858061446124
3.704727099564223,-0.9954091218635217,8.167279889214335,1.0,3.0536923076923075,947.0,-0.00017865941547023922,0.0017640009798878253
3.7045484401487525,-0.9953072877432403,8.16904389019422,1.0,3.053384615384615,948.0,-0.00017865941547068331,0.001764000979886049
3.7043697807332823,-0.995205453622959,8.170807891174109,1.0,3.053076923076923,949.0,-0.00017865941547023922,0.0017640009798878253
3.7041911213178116,-0.9951036195026777,8.172571892153995,1.0,3.0527692307692305,950.0,-0.00017865941547068331,0.001764000979886049
3.7040124619023413,-0.9950017853823963,8.174335893133883,1.0,3.052461538461538,951.0,-0.00017865941547023922,0.0017640009798878253
3.703833802486871,-0.994899951262115,8.176099894113769,1.0,3.0521538461538458,952.0,-0.00017865941547023922,0.001764000979886049
3.7036551430714004,-0.9947981171418336,8.177863895093656,1.0,3.051846153846154,953.0,-0.00017865941547068331,0.0017640009798878253
3.70347648365593,-0.9946962830215523,8.179627896073542,1.0,3.0515384615384615,954.0,-0.00017865941547023922,0.001764000979886049
3.70329782424046,-0.9945944489012709,8.18139189705343,1.0,3.051230769230769,955.0,-0.00017865941547023922,0.0017640009798878253
3.7031191648249893,-0.9944926147809896,8.183155898033316,1.0,3.050923076923077,956.0,-0.00017865941547068331,0.001764000979886049
3.702940505409519,-0.9943907806607083,8.184919899013204,1.0,3.0506153846153845,957.0,-0.00017865941547023922,0.0017640009798878253
3.7027618459940483,-0.9942889465404269,8.18668389999309,1.0,3.050307692307692,958.0,-0.00017865941547068331,0.001764000979886049
3.702583186578578,-0.9941871124201456,8.188447900972978,1.0,3.05,959.0,-0.00017865941547023922,0.0017640009798878253
3.7024253361936426,-0.9941621534657382,8.189122204178542,1.0,3.049642857142857,960.0,-0.00015785038493554282,0.0006743032055638309
3.7022674858087066,-0.9941371945113308,8.189796507384106,1.0,3.049285714285714,961.0,-0.0001578503849359869,0.0006743032055638309
3.702109635423771,-0.9941122355569234,8.19047081058967,1.0,3.048928571428571,962.0,-0.00015785038493554282,0.0006743032055638309
3.7019517850388355,-0.9940872766025161,8.191145113795233,1.0,3.0485714285714285,963.0,-0.00015785038493554282,0.0006743032055638309
3.7017939346538995,-0.9940623176481087,8.191819417000797,1.0,3.0482142857142858,964.0,-0.0001578503849359869,0.0006743032055638309
3.701636084268964,-0.9940373586937012,8.192493720206361,1.0,3.0478571428571426,965.0,-0.00015785038493554282,0.0006743032055638309
3.7014782338840284,-0.9940123997392939,8.193168023411925,1.0,3.0475,966.0,-0.00015785038493554282,0.0006743032055638309
3.7013203834990924,-0.9939874407848865,8.193842326617489,1.0,3.047142857142857,967.0,-0.0001578503849359869,0.0006743032055638309
3.701162533114157,-0.9939624818304791,8.194516629823053,1.0,3.046785714285714,968.0,-0.00015785038493554282,0.0006743032055638309
3.701004682729221,-0.9939375228760717,8.195190933028616,1.0,3.0464285714285713,969.0,-0.0001578503849359869,0.0006743032055638309
3.7008468323442854,-0.9939125639216644,8.19586523623418,1.0,3.0460714285714285,970.0,-0.00015785038493554282,0.0006743032055638309
3.70068898195935,-0.993887604967257,8.196539539439744,1.0,3.045714285714286,971.0,-0.00015785038493554282,0.0006743032055638309
3.700531131574414,-0.9938626460128496,8.197213842645308,1.0,3.0453571428571427,972.0,-0.0001578503849359869,0.0006743032055638309
3.7003732811894783,-0.9938376870584422,8.197888145850872,1.0,3.045,973.0,-0.00015785038493554282,0.0006743032055638309
3.7002136919527078,-0.9938673181309772,8.197360916006218,1.0,3.044769230769231,974.0,-0.00015958923677050763,-0.0005272298446534762
3.7000541027159373,-0.9938969492035121,8.196833686161565,1.0,3.0445384615384614,975.0,-0.00015958923677050763,-0.0005272298446534762
3.6998945134791668,-0.9939265802760471,8.196306456316911,1.0,3.0443076923076924,976.0,-0.00015958923677050763,-0.0005272298446534762
3.6997349242423963,-0.9939562113485821,8.19577922647226,1.0,3.044076923076923,977.0,-0.00015958923677050763,-0.0005272298446516999
3.6995753350056257,-0.9939858424211171,8.195251996627606,1.0,3.043846153846154,978.0,-0.00015958923677050763,-0.0005272298446534762
3.6994157457688552,-0.994015473493652,8.194724766782953,1.0,3.0436153846153844,979.0,-0.00015958923677050763,-0.0005272298446534762
3.699256156532085,-0.994045104566187,8.194197536938299,1.0,3.0433846153846154,980.0,-0.00015958923677006354,-0.0005272298446534762
3.6990965672953147,-0.994074735638722,8.193670307093646,1.0,3.043153846153846,981.0,-0.00015958923677050763,-0.0005272298446534762
3.698936978058544,-0.9941043667112569,8.193143077248992,1.0,3.042923076923077,982.0,-0.00015958923677050763,-0.0005272298446534762
3.6987773888217736,-0.994133997783792,8.19261584740434,1.0,3.0426923076923074,983.0,-0.00015958923677050763,-0.0005272298446516999
3.698617799585003,-0.9941636288563269,8.192088617559687,1.0,3.0424615384615383,984.0,-0.00015958923677050763,-0.0005272298446534762
3.6984582103482326,-0.9941932599288619,8.191561387715034,1.0,3.042230769230769,985.0,-0.00015958923677050763,-0.0005272298446534762
3.698298621111462,-0.9942228910013968,8.19103415787038,1.0,3.042,986.0,-0.00015958923677050763,-0.0005272298446534762
3.698132380934311,-0.994300550753048,8.195048217711522,1.0,3.042307692307692,987.0,-0.0001662401771511668,0.0040140598411415596
3.6979661407571593,-0.9943782105046991,8.199062277552665,1.0,3.0426153846153845,988.0,-0.00016624017715161088,0.004014059841143336
3.697799900580008,-0.9944558702563503,8.203076337393806,1.0,3.042923076923077,989.0,-0.0001662401771511668,0.0040140598411415596
3.6976336604028566,-0.9945335300080014,8.20709039723495,1.0,3.043230769230769,990.0,-0.00016624017715161088,0.004014059841143336
3.6974674202257054,-0.9946111897596526,8.211104457076091,1.0,3.0435384615384615,991.0,-0.0001662401771511668,0.0040140598411415596
3.697301180048554,-0.9946888495113038,8.215118516917235,1.0,3.043846153846154,992.0,-0.00016624017715161088,0.004014059841143336
3.6971349398714026,-0.9947665092629548,8.219132576758376,1.0,3.0441538461538458,993.0,-0.0001662401771511668,0.0040140598411415596
3.696968699694251,-0.994844169014606,8.22314663659952,1.0,3.044461538461538,994.0,-0.00016624017715161088,0.004014059841143336
3.6968024595171,-0.9949218287662572,8.227160696440661,1.0,3.0447692307692305,995.0,-0.0001662401771511668,0.0040140598411415596
3.6966362193399482,-0.9949994885179083,8.231174756281805,1.0,3.045076923076923,996.0,-0.00016624017715161088,0.004014059841143336
3.696469979162797,-0.9950771482695595,8.235188816122946,1.0,3.045384615384615,997.0,-0.0001662401771511668,0.0040140598411415596
3.6963037389856455,-0.9951548080212106,8.23920287596409,1.0,3.0456923076923075,998.0,-0.00016624017715161088,0.004014059841143336
3.6961374988084943,-0.9952324677728618,8.243216935805231,1.0,3.046,999.0,-0.0001662401771511668,0.0040140598411415596
3.6959729582692127,-0.9952055387823802,8.244321445386461,1.0,3.0457142857142854,1000.0,-0.00016454053928161017,0.0011045095812303174
3.695808417729931,-0.9951786097918984,8.245425954967692,1.0,3.0454285714285714,1001.0,-0.00016454053928161017,0.0011045095812303174
3.6956438771906495,-0.9951516808014168,8.246530464548922,1.0,3.045142857142857,1002.0,-0.00016454053928161017,0.0011045095812303174
3.6954793366513674,-0.9951247518109351,8.247634974130152,1.0,3.0448571428571425,1003.0,-0.00016454053928205425,0.0011045095812303174
3.695314796112086,-0.9950978228204534,8.248739483711383,1.0,3.0445714285714285,1004.0,-0.00016454053928161017,0.0011045095812303174
3.695150255572804,-0.9950708938299717,8.249843993292613,1.0,3.044285714285714,1005.0,-0.00016454053928161017,0.0011045095812303174
3.6949857150335226,-0.9950439648394901,8.250948502873843,1.0,3.044,1006.0,-0.00016454053928161017,0.0011045095812303174
3.694821174494241,-0.9950170358490085,8.252053012455073,1.0,3.0437142857142856,1007.0,-0.00016454053928161017,0.0011045095812303174
3.6946566339549594,-0.9949901068585267,8.253157522036304,1.0,3.043428571428571,1008.0,-0.00016454053928161017,0.0011045095812303174
3.6944920934156777,-0.9949631778680451,8.254262031617534,1.0,3.043142857142857,1009.0,-0.00016454053928161017,0.0011045095812303174
3.6943275528763957,-0.9949362488775634,8.255366541198764,1.0,3.0428571428571427,1010.0,-0.00016454053928205425,0.0011045095812303174
3.694163012337114,-0.9949093198870818,8.256471050779995,1.0,3.0425714285714283,1011.0,-0.00016454053928161017,0.0011045095812303174
3.6939984717978325,-0.9948823908966,8.257575560361225,1.0,3.0422857142857143,1012.0,-0.00016454053928161017,0.0011045095812303174
3.693833931258551,-0.9948554619061184,8.258680069942455,1.0,3.042,1013.0,-0.00016454053928161017,0.0011045095812303174
3.693699462184714,-0.9950099623613793,8.259547265265237,1.0,3.041923076923077,1014.0,-0.00013446907383674045,0.0008671953227814555
3.693564993110878,-0.9951644628166403,8.260414460588018,1.0,3.0418461538461536,1015.0,-0.00013446907383629636,0.0008671953227814555
3.693430524037041,-0.9953189632719012,8.2612816559108,1.0,3.041769230769231,1016.0,-0.00013446907383674045,0.0008671953227814555
3.6932960549632043,-0.9954734637271622,8.262148851233581,1.0,3.0416923076923075,1017.0,-0.00013446907383674045,0.0008671953227814555
3.693161585889368,-0.995627964182423,8.263016046556363,1.0,3.0416153846153846,1018.0,-0.00013446907383629636,0.0008671953227814555
3.6930271168155313,-0.995782464637684,8.263883241879144,1.0,3.0415384615384613,1019.0,-0.00013446907383674045,0.0008671953227814555
3.6928926477416946,-0.9959369650929449,8.264750437201926,1.0,3.0414615384615384,1020.0,-0.00013446907383674045,0.0008671953227814555
3.692758178667858,-0.9960914655482059,8.265617632524707,1.0,3.041384615384615,1021.0,-0.00013446907383674045,0.0008671953227814555
3.6926237095940215,-0.9962459660034668,8.266484827847489,1.0,3.0413076923076923,1022.0,-0.00013446907383629636,0.0008671953227814555
3.692489240520185,-0.9964004664587278,8.26735202317027,1.0,3.041230769230769,1023.0,-0.00013446907383674045,0.0008671953227814555
3.692354771446348,-0.9965549669139887,8.268219218493051,1.0,3.041153846153846,1024.0,-0.00013446907383674045,0.0008671953227814555
3.6922203023725118,-0.9967094673692497,8.269086413815833,1.0,3.041076923076923,1025.0,-0.00013446907383629636,0.0008671953227814555
3.692085833298675,-0.9968639678245106,8.269953609138614,1.0,3.041,1026.0,-0.00013446907383674045,0.0008671953227814555
3.6919182431658957,-0.9966713271456746,8.26705715636521,1.0,3.040785714285714,1027.0,-0.00016759013277933832,-0.0028964527734043344
3.691750653033116,-0.9964786864668387,8.264160703591806,1.0,3.0405714285714285,1028.0,-0.0001675901327797824,-0.0028964527734043344
3.6915830629003366,-0.9962860457880028,8.261264250818403,1.0,3.0403571428571428,1029.0,-0.00016759013277933832,-0.002896452773402558
3.6914154727675568,-0.9960934051091669,8.258367798044999,1.0,3.040142857142857,1030.0,-0.0001675901327797824,-0.0028964527734043344
3.6912478826347774,-0.9959007644303309,8.255471345271594,1.0,3.0399285714285713,1031.0,-0.00016759013277933832,-0.0028964527734043344
3.6910802925019977,-0.995708123751495,8.25257489249819,1.0,3.0397142857142856,1032.0,-0.0001675901327797824,-0.0028964527734043344
3.6909127023692183,-0.9955154830726591,8.249678439724788,1.0,3.0395,1033.0,-0.00016759013277933832,-0.002896452773402558
3.690745112236439,-0.9953228423938232,8.246781986951383,1.0,3.039285714285714,1034.0,-0.00016759013277933832,-0.0028964527734043344
3.690577522103659,-0.9951302017149872,8.243885534177979,1.0,3.0390714285714284,1035.0,-0.0001675901327797824,-0.0028964527734043344
3.69040993197088,-0.9949375610361513,8.240989081404575,1.0,3.0388571428571427,1036.0,-0.00016759013277933832,-0.0028964527734043344
3.6902423418381,-0.9947449203573153,8.23809262863117,1.0,3.038642857142857,1037.0,-0.0001675901327797824,-0.0028964527734043344
3.6900747517053207,-0.9945522796784795,8.235196175857768,1.0,3.0384285714285713,1038.0,-0.00016759013277933832,-0.002896452773402558
3.689907161572541,-0.9943596389996435,8.232299723084363,1.0,3.0382142857142855,1039.0,-0.0001675901327797824,-0.0028964527734043344
3.6897395714397616,-0.9941669983208076,8.229403270310959,1.0,3.038,1040.0,-0.00016759013277933832,-0.0028964527734043344
3.689570593863187,-0.9942607356634009,8.217965858970766,1.0,3.0378461538461536,1041.0,-0.000168977576574747,-0.011437411340192938
3.689401616286612,-0.9943544730059941,8.206528447630571,1.0,3.0376923076923075,1042.0,-0.000168977576574747,-0.011437411340194714
3.6892326387100374,-0.9944482103485874,8.195091036290378,1.0,3.0375384615384613,1043.0,-0.000168977576574747,-0.011437411340192938
3.6890636611334626,-0.9945419476911808,8.183653624950185,1.0,3.037384615384615,1044.0,-0.000168977576574747,-0.011437411340192938
3.688894683556888,-0.994635685033774,8.17221621360999,1.0,3.037230769230769,1045.0,-0.000168977576574747,-0.011437411340194714
3.688725705980313,-0.9947294223763673,8.160778802269798,1.0,3.037076923076923,1046.0,-0.000168977576574747,-0.011437411340192938
3.688556728403739,-0.9948231597189606,8.149341390929605,1.0,3.036923076923077,1047.0,-0.0001689775765743029,-0.011437411340192938
3.688387750827164,-0.994916897061554,8.137903979589412,1.0,3.036769230769231,1048.0,-0.000168977576574747,-0.011437411340192938
3.6882187732505893,-0.9950106344041472,8.126466568249217,1.0,3.0366153846153847,1049.0,-0.000168977576574747,-0.011437411340194714
3.6880497956740146,-0.9951043717467405,8.115029156909024,1.0,3.0364615384615385,1050.0,-0.000168977576574747,-0.011437411340192938
3.68788081809744,-0.9951981090893338,8.103591745568831,1.0,3.0363076923076924,1051.0,-0.000168977576574747,-0.011437411340192938
3.687711840520865,-0.995291846431927,8.092154334228637,1.0,3.036153846153846,1052.0,-0.000168977576574747,-0.011437411340194714
3.6875428629442903,-0.9953855837745204,8.080716922888444,1.0,3.036,1053.0,-0.000168977576574747,-0.011437411340192938
3.6873782287247416,-0.995297147654179,8.058175238082981,1.0,3.0355384615384615,1054.0,-0.00016463421954870938,-0.02254168480546248
3.6872135945051934,-0.9952087115338376,8.035633553277517,1.0,3.035076923076923,1055.0,-0.0001646342195482653,-0.022541684805464257
3.6870489602856447,-0.9951202754134962,8.013091868472054,1.0,3.0346153846153845,1056.0,-0.00016463421954870938,-0.02254168480546248
3.6868843260660964,-0.9950318392931549,7.990550183666591,1.0,3.034153846153846,1057.0,-0.0001646342195482653,-0.02254168480546337
3.6867196918465477,-0.9949434031728135,7.968008498861129,1.0,3.0336923076923075,1058.0,-0.00016463421954870938,-0.02254168480546248
3.686555057626999,-0.9948549670524721,7.945466814055665,1.0,3.033230769230769,1059.0,-0.00016463421954870938,-0.02254168480546337
3.6863904234074507,-0.9947665309321309,7.922925129250202,1.0,3.032769230769231,1060.0,-0.0001646342195482653,-0.02254168480546337
3.686225789187902,-0.9946780948117895,7.9003834444447385,1.0,3.0323076923076924,1061.0,-0.00016463421954870938,-0.02254168480546337
3.6860611549683533,-0.9945896586914481,7.877841759639276,1.0,3.031846153846154,1062.0,-0.00016463421954870938,-0.02254168480546248
3.685896520748805,-0.9945012225711067,7.855300074833813,1.0,3.0313846153846153,1063.0,-0.0001646342195482653,-0.02254168480546337
3.6857318865292563,-0.9944127864507654,7.832758390028349,1.0,3.030923076923077,1064.0,-0.00016463421954870938,-0.02254168480546337
3.685567252309708,-0.994324350330424,7.810216705222887,1.0,3.0304615384615383,1065.0,-0.0001646342195482653,-0.02254168480546248
3.6854026180901593,-0.9942359142100826,7.787675020417423,1.0,3.03,1066.0,-0.00016463421954870938,-0.02254168480546337
3.6852141142558072,-0.994378363573234,7.774575207231926,1.0,3.0297142857142854,1067.0,-0.00018850383435209395,-0.013099813185497133
3.6850256104214547,-0.9945208129363853,7.761475394046429,1.0,3.0294285714285714,1068.0,-0.00018850383435253804,-0.013099813185497133
3.6848371065871026,-0.9946632622995366,7.748375580860931,1.0,3.029142857142857,1069.0,-0.00018850383435209395,-0.013099813185498022
3.6846486027527505,-0.9948057116626878,7.735275767675434,1.0,3.0288571428571425,1070.0,-0.00018850383435209395,-0.013099813185497133
3.684460098918398,-0.9949481610258392,7.722175954489937,1.0,3.0285714285714285,1071.0,-0.00018850383435253804,-0.013099813185497133
3.684271595084046,-0.9950906103889905,7.70907614130444,1.0,3.028285714285714,1072.0,-0.00018850383435209395,-0.013099813185497133
3.684083091249694,-0.9952330597521418,7.695976328118942,1.0,3.028,1073.0,-0.00018850383435209395,-0.013099813185498022
3.6838945874153413,-0.9953755091152932,7.682876514933445,1.0,3.0277142857142856,1074.0,-0.00018850383435253804,-0.013099813185497133
3.683706083580989,-0.9955179584784445,7.6697767017479475,1.0,3.027428571428571,1075.0,-0.00018850383435209395,-0.013099813185497133
3.6835175797466366,-0.9956604078415958,7.65667688856245,1.0,3.027142857142857,1076.0,-0.00018850383435253804,-0.013099813185497133
3.6833290759122845,-0.995802857204747,7.643577075376953,1.0,3.0268571428571427,1077.0,-0.00018850383435209395,-0.013099813185497133
3.6831405720779324,-0.9959453065678984,7.630477262191455,1.0,3.0265714285714282,1078.0,-0.00018850383435209395,-0.013099813185498022
3.68295206824358,-0.9960877559310497,7.617377449005958,1.0,3.0262857142857142,1079.0,-0.00018850383435253804,-0.013099813185497133
3.682763564409228,-0.996230205294201,7.604277635820461,1.0,3.026,1080.0,-0.00018850383435209395,-0.013099813185497133
3.682568208855171,-0.9961932253665836,7.590663043284319,1.0,3.0256153846153846,1081.0,-0.00019535555405658656,-0.013614592536141501
3.682372853301114,-0.9961562454389661,7.577048450748177,1.0,3.025230769230769,1082.0,-0.00019535555405703064,-0.01361459253614239
3.6821774977470576,-0.9961192655113487,7.5634338582120355,1.0,3.0248461538461537,1083.0,-0.00019535555405658656,-0.013614592536141501
3.6819821421930006,-0.9960822855837311,7.549819265675893,1.0,3.024461538461538,1084.0,-0.00019535555405703064,-0.01361459253614239
3.681786786638944,-0.9960453056561137,7.536204673139752,1.0,3.024076923076923,1085.0,-0.00019535555405658656,-0.013614592536141501
3.6815914310848874,-0.9960083257284963,7.52259008060361,1.0,3.0236923076923077,1086.0,-0.00019535555405658656,-0.013614592536141501
3.6813960755308304,-0.9959713458008788,7.508975488067468,1.0,3.023307692307692,1087.0,-0.00019535555405703064,-0.01361459253614239
3.681200719976774,-0.9959343658732613,7.495360895531326,1.0,3.022923076923077,1088.0,-0.00019535555405658656,-0.013614592536141501
3.681005364422717,-0.9958973859456439,7.481746302995185,1.0,3.0225384615384616,1089.0,-0.00019535555405658656,-0.013614592536141501
3.68081000886866,-0.9958604060180264,7.468131710459042,1.0,3.022153846153846,1090.0,-0.00019535555405703064,-0.01361459253614239
3.6806146533146036,-0.995823426090409,7.454517117922901,1.0,3.0217692307692308,1091.0,-0.00019535555405658656,-0.013614592536141501
3.6804192977605465,-0.9957864461627914,7.4409025253867584,1.0,3.021384615384615,1092.0,-0.00019535555405703064,-0.01361459253614239
3.68022394220649,-0.995749466235174,7.427287932850617,1.0,3.021,1093.0,-0.00019535555405658656,-0.013614592536141501
3.6800173070420525,-0.9957057624677953,7.410106781089153,1.0,3.0206153846153847,1094.0,-0.0002066351644374187,-0.01718115176146373
3.679810671877615,-0.9956620587004167,7.39292562932769,1.0,3.020230769230769,1095.0,-0.0002066351644374187,-0.017181151761462843
3.679604036713178,-0.995618354933038,7.375744477566227,1.0,3.019846153846154,1096.0,-0.0002066351644369746,-0.01718115176146373
3.6793974015487407,-0.9955746511656594,7.358563325804764,1.0,3.019461538461538,1097.0,-0.0002066351644374187,-0.017181151761462843
3.6791907663843033,-0.9955309473982806,7.3413821740433,1.0,3.019076923076923,1098.0,-0.0002066351644374187,-0.01718115176146373
3.678984131219866,-0.9954872436309019,7.324201022281836,1.0,3.018692307692308,1099.0,-0.0002066351644374187,-0.01718115176146373
3.678777496055429,-0.9954435398635233,7.3070198705203735,1.0,3.018307692307692,1100.0,-0.0002066351644369746,-0.017181151761462843
3.6785708608909915,-0.9953998360961446,7.28983871875891,1.0,3.017923076923077,1101.0,-0.0002066351644374187,-0.01718115176146373
3.678364225726554,-0.9953561323287659,7.272657566997446,1.0,3.0175384615384617,1102.0,-0.0002066351644374187,-0.01718115176146373
3.6781575905621167,-0.9953124285613872,7.255476415235983,1.0,3.017153846153846,1103.0,-0.0002066351644374187,-0.017181151761462843
3.6779509553976797,-0.9952687247940085,7.2382952634745195,1.0,3.016769230769231,1104.0,-0.0002066351644369746,-0.01718115176146373
3.6777443202332423,-0.9952250210266299,7.221114111713057,1.0,3.016384615384615,1105.0,-0.0002066351644374187,-0.017181151761462843
3.677537685068805,-0.9951813172592512,7.203932959951593,1.0,3.016,1106.0,-0.0002066351644374187,-0.01718115176146373
3.6773232987887368,-0.9951157280585229,7.195543785571108,1.0,3.0155,1107.0,-0.00021438628006809068,-0.008389174380484477
3.6771089125086687,-0.9950501388577946,7.187154611190624,1.0,3.015,1108.0,-0.00021438628006809068,-0.008389174380484477
3.676894526228601,-0.9949845496570663,7.17876543681014,1.0,3.0145,1109.0,-0.0002143862800676466,-0.008389174380483588
3.676680139948533,-0.9949189604563381,7.170376262429656,1.0,3.014,1110.0,-0.00021438628006809068,-0.008389174380484477
3.676465753668465,-0.9948533712556098,7.161987088049171,1.0,3.0135,1111.0,-0.00021438628006809068,-0.008389174380484477
3.6762513673883968,-0.9947877820548815,7.153597913668687,1.0,3.013,1112.0,-0.00021438628006809068,-0.008389174380484477
3.676036981108329,-0.9947221928541532,7.145208739288203,1.0,3.0125,1113.0,-0.0002143862800676466,-0.008389174380483588
3.675822594828261,-0.9946566036534249,7.136819564907719,1.0,3.012,1114.0,-0.00021438628006809068,-0.008389174380484477
3.675608208548193,-0.9945910144526966,7.128430390527234,1.0,3.0115,1115.0,-0.00021438628006809068,-0.008389174380484477
3.675393822268125,-0.9945254252519683,7.12004121614675,1.0,3.011,1116.0,-0.00021438628006809068,-0.008389174380484477
3.6751794359880567,-0.9944598360512401,7.111652041766265,1.0,3.0105,1117.0,-0.00021438628006809068,-0.008389174380484477
3.674965049707989,-0.9943942468505118,7.103262867385782,1.0,3.01,1118.0,-0.0002143862800676466,-0.008389174380483588
3.674750663427921,-0.9943286576497835,7.094873693005297,1.0,3.0095,1119.0,-0.00021438628006809068,-0.008389174380484477
3.674536277147853,-0.9942630684490552,7.086484518624813,1.0,3.009,1120.0,-0.00021438628006809068,-0.008389174380484477
3.6743063830433846,-0.9943821816870594,7.076357041024754,1.0,3.0084615384615385,1121.0,-0.00022989410446827563,-0.010127477600058832
3.6740764889389164,-0.9945012949250636,7.066229563424695,1.0,3.0079230769230767,1122.0,-0.00022989410446827563,-0.010127477600058832
3.6738465948344476,-0.9946204081630677,7.056102085824636,1.0,3.0073846153846153,1123.0,-0.00022989410446871972,-0.010127477600058832
3.6736167007299794,-0.9947395214010719,7.045974608224578,1.0,3.0068461538461535,1124.0,-0.00022989410446827563,-0.010127477600057944
3.673386806625511,-0.9948586346390761,7.03584713062452,1.0,3.006307692307692,1125.0,-0.00022989410446827563,-0.010127477600058832
3.673156912521043,-0.9949777478770803,7.025719653024461,1.0,3.0057692307692307,1126.0,-0.00022989410446827563,-0.010127477600058832
3.672927018416574,-0.9950968611150846,7.015592175424402,1.0,3.005230769230769,1127.0,-0.00022989410446871972,-0.010127477600058832
3.672697124312106,-0.9952159743530887,7.005464697824343,1.0,3.0046923076923076,1128.0,-0.00022989410446827563,-0.010127477600058832
3.6724672302076375,-0.9953350875910929,6.995337220224284,1.0,3.004153846153846,1129.0,-0.00022989410446827563,-0.010127477600058832
3.6722373361031693,-0.9954542008290971,6.985209742624226,1.0,3.0036153846153844,1130.0,-0.00022989410446827563,-0.010127477600057944
3.6720074419987005,-0.9955733140671013,6.9750822650241675,1.0,3.003076923076923,1131.0,-0.00022989410446871972,-0.010127477600058832
3.6717775478942323,-0.9956924273051054,6.964954787424109,1.0,3.002538461538461,1132.0,-0.00022989410446827563,-0.010127477600058832
3.671547653789764,-0.9958115405431096,6.95482730982405,1.0,3.002,1133.0,-0.00022989410446827563,-0.010127477600058832
3.671323101749958,-0.9957769329926428,6.939575209420806,1.0,3.0013076923076922,1134.0,-0.00022455203980609184,-0.015252100403244206
3.671098549710152,-0.995742325442176,6.924323109017562,1.0,3.0006153846153842,1135.0,-0.00022455203980609184,-0.015252100403243318
3.6708739976703457,-0.9957077178917092,6.909071008614318,1.0,2.9999230769230767,1136.0,-0.00022455203980609184,-0.015252100403244206
3.67064944563054,-0.9956731103412424,6.893818908211074,1.0,2.999230769230769,1137.0,-0.00022455203980564775,-0.015252100403244206
3.670424893590734,-0.9956385027907756,6.878566807807831,1.0,2.998538461538461,1138.0,-0.00022455203980609184,-0.015252100403243318
3.670200341550928,-0.9956038952403088,6.863314707404586,1.0,2.9978461538461536,1139.0,-0.00022455203980609184,-0.015252100403244206
3.669975789511122,-0.995569287689842,6.848062607001342,1.0,2.997153846153846,1140.0,-0.00022455203980609184,-0.015252100403244206
3.6697512374713157,-0.9955346801393752,6.832810506598098,1.0,2.9964615384615385,1141.0,-0.00022455203980609184,-0.015252100403244206
3.6695266854315096,-0.9955000725889084,6.817558406194855,1.0,2.9957692307692305,1142.0,-0.00022455203980609184,-0.015252100403243318
3.669302133391704,-0.9954654650384416,6.80230630579161,1.0,2.995076923076923,1143.0,-0.00022455203980564775,-0.015252100403244206
3.669077581351898,-0.9954308574879748,6.787054205388366,1.0,2.9943846153846154,1144.0,-0.00022455203980609184,-0.015252100403244206
3.668853029312092,-0.995396249937508,6.771802104985123,1.0,2.9936923076923074,1145.0,-0.00022455203980609184,-0.015252100403243318
3.6686284772722857,-0.9953616423870412,6.756550004581879,1.0,2.993,1146.0,-0.00022455203980609184,-0.015252100403244206
3.668415142103351,-0.9955136067265671,6.743001688447684,1.0,2.9918571428571425,1147.0,-0.00021333516893484727,-0.013548316134194494
3.6682018069344164,-0.9956655710660931,6.729453372313489,1.0,2.9907142857142857,1148.0,-0.00021333516893440319,-0.013548316134195382
3.667988471765482,-0.995817535405619,6.715905056179294,1.0,2.9895714285714283,1149.0,-0.00021333516893440319,-0.013548316134194494
3.667775136596547,-0.995969499745145,6.7023567400451,1.0,2.9884285714285714,1150.0,-0.00021333516893484727,-0.013548316134194494
3.6675618014276123,-0.996121464084671,6.688808423910905,1.0,2.987285714285714,1151.0,-0.00021333516893484727,-0.013548316134194494
3.667348466258678,-0.996273428424197,6.67526010777671,1.0,2.986142857142857,1152.0,-0.00021333516893440319,-0.013548316134195382
3.6671351310897435,-0.9964253927637229,6.6617117916425155,1.0,2.985,1153.0,-0.00021333516893440319,-0.013548316134194494
3.6669217959208087,-0.9965773571032488,6.648163475508321,1.0,2.9838571428571425,1154.0,-0.00021333516893484727,-0.013548316134194494
3.666708460751874,-0.9967293214427748,6.634615159374126,1.0,2.9827142857142857,1155.0,-0.00021333516893484727,-0.013548316134195382
3.6664951255829394,-0.9968812857823007,6.621066843239931,1.0,2.9815714285714283,1156.0,-0.00021333516893440319,-0.013548316134194494
3.666281790414005,-0.9970332501218268,6.607518527105737,1.0,2.9804285714285714,1157.0,-0.00021333516893440319,-0.013548316134194494
3.66606845524507,-0.9971852144613527,6.593970210971542,1.0,2.979285714285714,1158.0,-0.00021333516893484727,-0.013548316134194494
3.6658551200761353,-0.9973371788008787,6.580421894837347,1.0,2.978142857142857,1159.0,-0.00021333516893484727,-0.013548316134195382
3.665641784907201,-0.9974891431404046,6.566873578703152,1.0,2.977,1160.0,-0.00021333516893440319,-0.013548316134194494
3.665395797632709,-0.9972609262425616,6.560440734728572,1.0,2.9765384615384614,1161.0,-0.00024598727449198776,-0.006432843974580216
3.665149810358217,-0.9970327093447185,6.554007890753992,1.0,2.976076923076923,1162.0,-0.00024598727449198776,-0.006432843974580216
3.664903823083725,-0.9968044924468756,6.547575046779412,1.0,2.9756153846153843,1163.0,-0.00024598727449198776,-0.006432843974580216
3.664657835809233,-0.9965762755490326,6.541142202804831,1.0,2.9751538461538463,1164.0,-0.00024598727449198776,-0.006432843974580216
3.664411848534741,-0.9963480586511896,6.534709358830251,1.0,2.9746923076923077,1165.0,-0.00024598727449198776,-0.006432843974580216
3.664165861260249,-0.9961198417533466,6.528276514855671,1.0,2.9742307692307692,1166.0,-0.00024598727449198776,-0.006432843974580216
3.6639198739857575,-0.9958916248555036,6.52184367088109,1.0,2.9737692307692307,1167.0,-0.00024598727449154367,-0.006432843974581104
3.6636738867112655,-0.9956634079576606,6.51541082690651,1.0,2.973307692307692,1168.0,-0.00024598727449198776,-0.006432843974580216
3.6634278994367735,-0.9954351910598176,6.508977982931929,1.0,2.9728461538461537,1169.0,-0.00024598727449198776,-0.006432843974580216
3.6631819121622815,-0.9952069741619746,6.502545138957349,1.0,2.9723846153846156,1170.0,-0.00024598727449198776,-0.006432843974580216
3.6629359248877895,-0.9949787572641317,6.496112294982769,1.0,2.971923076923077,1171.0,-0.00024598727449198776,-0.006432843974580216
3.6626899376132975,-0.9947505403662886,6.489679451008189,1.0,2.9714615384615386,1172.0,-0.00024598727449198776,-0.006432843974580216
3.6624439503388055,-0.9945223234684456,6.4832466070336086,1.0,2.971,1173.0,-0.00024598727449198776,-0.006432843974580216
3.662188468683984,-0.9946242920801388,6.473388647441937,1.0,2.9661538461538464,1174.0,-0.00025548165482147667,-0.00985795959167124
3.661932987029163,-0.9947262606918321,6.463530687850267,1.0,2.961307692307692,1175.0,-0.0002554816548210326,-0.009857959591670351
3.6616775053743416,-0.9948282293035253,6.453672728258596,1.0,2.9564615384615385,1176.0,-0.00025548165482147667,-0.00985795959167124
3.6614220237195205,-0.9949301979152186,6.443814768666925,1.0,2.9516153846153848,1177.0,-0.0002554816548210326,-0.009857959591670351
3.661166542064699,-0.9950321665269118,6.433956809075254,1.0,2.9467692307692306,1178.0,-0.00025548165482147667,-0.00985795959167124
3.660911060409878,-0.995134135138605,6.424098849483584,1.0,2.941923076923077,1179.0,-0.0002554816548210326,-0.009857959591670351
3.6606555787550565,-0.9952361037502984,6.4142408898919125,1.0,2.937076923076923,1180.0,-0.00025548165482147667,-0.00985795959167124
3.6604000971002355,-0.9953380723619916,6.404382930300242,1.0,2.9322307692307694,1181.0,-0.0002554816548210326,-0.009857959591670351
3.660144615445414,-0.9954400409736848,6.394524970708571,1.0,2.9273846153846153,1182.0,-0.00025548165482147667,-0.00985795959167124
3.659889133790593,-0.9955420095853781,6.384667011116901,1.0,2.9225384615384615,1183.0,-0.0002554816548210326,-0.009857959591670351
3.6596336521357715,-0.9956439781970713,6.374809051525229,1.0,2.917692307692308,1184.0,-0.00025548165482147667,-0.00985795959167124
3.6593781704809505,-0.9957459468087646,6.364951091933559,1.0,2.9128461538461536,1185.0,-0.0002554816548210326,-0.009857959591670351
3.659122688826129,-0.9958479154204578,6.355093132341888,1.0,2.908,1186.0,-0.00025548165482147667,-0.00985795959167124
3.658889314551259,-0.9958023401576966,6.3442194882326195,1.0,2.911785714285714,1187.0,-0.00023337427486991302,-0.010873644109268277
3.658655940276389,-0.9957567648949355,6.333345844123351,1.0,2.9155714285714285,1188.0,-0.00023337427486991302,-0.010873644109268277
3.6584225660015193,-0.9957111896321743,6.322472200014083,1.0,2.9193571428571428,1189.0,-0.00023337427486991302,-0.010873644109268277
3.6581891917266494,-0.9956656143694131,6.311598555904815,1.0,2.923142857142857,1190.0,-0.00023337427486991302,-0.010873644109268277
3.6579558174517794,-0.995620039106652,6.300724911795546,1.0,2.9269285714285713,1191.0,-0.00023337427486991302,-0.010873644109268277
3.6577224431769095,-0.9955744638438908,6.289851267686278,1.0,2.9307142857142856,1192.0,-0.00023337427486991302,-0.010873644109268277
3.6574890689020396,-0.9955288885811296,6.278977623577009,1.0,2.9345,1193.0,-0.00023337427486991302,-0.010873644109269165
3.6572556946271693,-0.9954833133183686,6.268103979467741,1.0,2.938285714285714,1194.0,-0.0002333742748703571,-0.010873644109268277
3.6570223203522993,-0.9954377380556074,6.257230335358472,1.0,2.9420714285714284,1195.0,-0.00023337427486991302,-0.010873644109268277
3.6567889460774294,-0.9953921627928463,6.246356691249204,1.0,2.9458571428571427,1196.0,-0.00023337427486991302,-0.010873644109268277
3.6565555718025595,-0.9953465875300851,6.235483047139936,1.0,2.949642857142857,1197.0,-0.00023337427486991302,-0.010873644109268277
3.6563221975276896,-0.9953010122673239,6.224609403030668,1.0,2.9534285714285713,1198.0,-0.00023337427486991302,-0.010873644109268277
3.6560888232528197,-0.9952554370045628,6.213735758921399,1.0,2.9572142857142856,1199.0,-0.00023337427486991302,-0.010873644109268277
3.65585544897795,-0.9952098617418016,6.202862114812131,1.0,2.961,1200.0,-0.00023337427486991302,-0.010873644109268277
3.6556104536335297,-0.9951746134050706,6.201127175932738,1.0,2.9606153846153846,1201.0,-0.00024499534442012916,-0.0017349388793928
3.6553654582891095,-0.9951393650683396,6.199392237053345,1.0,2.960230769230769,1202.0,-0.00024499534442012916,-0.0017349388793928
3.65512046294469,-0.9951041167316086,6.197657298173953,1.0,2.959846153846154,1203.0,-0.00024499534441968507,-0.0017349388793928
3.6548754676002697,-0.9950688683948776,6.19592235929456,1.0,2.959461538461538,1204.0,-0.00024499534442012916,-0.0017349388793928
3.6546304722558496,-0.9950336200581466,6.194187420415167,1.0,2.959076923076923,1205.0,-0.00024499534442012916,-0.0017349388793928
3.6543854769114295,-0.9949983717214156,6.192452481535774,1.0,2.9586923076923077,1206.0,-0.00024499534442012916,-0.0017349388793928
3.6541404815670098,-0.9949631233846846,6.190717542656382,1.0,2.958307692307692,1207.0,-0.00024499534441968507,-0.0017349388793919118
3.6538954862225896,-0.9949278750479537,6.1889826037769895,1.0,2.957923076923077,1208.0,-0.00024499534442012916,-0.0017349388793928
3.6536504908781695,-0.9948926267112226,6.187247664897597,1.0,2.9575384615384617,1209.0,-0.00024499534442012916,-0.0017349388793928
3.6534054955337494,-0.9948573783744916,6.185512726018204,1.0,2.957153846153846,1210.0,-0.00024499534442012916,-0.0017349388793928
3.6531605001893297,-0.9948221300377607,6.183777787138811,1.0,2.956769230769231,1211.0,-0.00024499534441968507,-0.0017349388793928
3.6529155048449096,-0.9947868817010296,6.182042848259418,1.0,2.956384615384615,1212.0,-0.00024499534442012916,-0.0017349388793928
3.6526705095004894,-0.9947516333642986,6.1803079093800255,1.0,2.956,1213.0,-0.00024499534442012916,-0.0017349388793928
3.6524456004948216,-0.9947479020311941,6.178623717374751,1.0,2.9605,1214.0,-0.00022490900566785044,-0.0016841920052748094
3.6522206914891533,-0.9947441706980896,6.176939525369476,1.0,2.965,1215.0,-0.00022490900566829453,-0.0016841920052748094
3.6519957824834854,-0.9947404393649851,6.175255333364201,1.0,2.9695,1216.0,-0.00022490900566785044,-0.0016841920052748094
3.6517708734778176,-0.9947367080318806,6.173571141358927,1.0,2.974,1217.0,-0.00022490900566785044,-0.0016841920052739212
3.6515459644721497,-0.9947329766987761,6.171886949353652,1.0,2.9785,1218.0,-0.00022490900566785044,-0.0016841920052748094
3.6513210554664814,-0.9947292453656716,6.1702027573483775,1.0,2.983,1219.0,-0.00022490900566829453,-0.0016841920052748094
3.6510961464608136,-0.994725514032567,6.168518565343103,1.0,2.9875,1220.0,-0.00022490900566785044,-0.0016841920052748094
3.6508712374551457,-0.9947217826994625,6.166834373337828,1.0,2.992,1221.0,-0.00022490900566785044,-0.0016841920052748094
3.6506463284494775,-0.994718051366358,6.165150181332553,1.0,2.9965,1222.0,-0.00022490900566829453,-0.0016841920052748094
3.6504214194438096,-0.9947143200332536,6.163465989327278,1.0,3.001,1223.0,-0.00022490900566785044,-0.0016841920052748094
3.6501965104381418,-0.9947105887001491,6.161781797322004,1.0,3.0055,1224.0,-0.00022490900566785044,-0.0016841920052739212
3.649971601432474,-0.9947068573670446,6.16009760531673,1.0,3.0100000000000002,1225.0,-0.00022490900566785044,-0.0016841920052748094
3.6497466924268056,-0.9947031260339401,6.158413413311455,1.0,3.0145,1226.0,-0.00022490900566829453,-0.0016841920052748094
3.6495217834211378,-0.9946993947008356,6.15672922130618,1.0,3.019,1227.0,-0.00022490900566785044,-0.0016841920052748094
3.6492786480007706,-0.9947514686068901,6.172738182265642,1.0,3.018923076923077,1228.0,-0.00024313542036713542,0.01600896095946247
3.6490355125804035,-0.9948035425129448,6.188747143225105,1.0,3.018846153846154,1229.0,-0.00024313542036713542,0.01600896095946247
3.648792377160037,-0.9948556164189993,6.204756104184567,1.0,3.0187692307692306,1230.0,-0.00024313542036669133,0.01600896095946247
3.6485492417396697,-0.9949076903250539,6.220765065144031,1.0,3.018692307692308,1231.0,-0.00024313542036713542,0.01600896095946336
3.6483061063193025,-0.9949597642311085,6.236774026103493,1.0,3.0186153846153845,1232.0,-0.00024313542036713542,0.01600896095946247
3.6480629708989354,-0.9950118381371631,6.252782987062956,1.0,3.0185384615384616,1233.0,-0.00024313542036713542,0.01600896095946247
3.6478198354785687,-0.9950639120432176,6.268791948022418,1.0,3.0184615384615383,1234.0,-0.00024313542036669133,0.01600896095946247
3.6475767000582016,-0.9951159859492722,6.284800908981881,1.0,3.0183846153846154,1235.0,-0.00024313542036713542,0.01600896095946247
3.6473335646378344,-0.9951680598553269,6.300809869941343,1.0,3.018307692307692,1236.0,-0.00024313542036713542,0.01600896095946247
3.6470904292174673,-0.9952201337613814,6.316818830900806,1.0,3.0182307692307693,1237.0,-0.00024313542036713542,0.01600896095946336
3.6468472937971006,-0.995272207667436,6.332827791860269,1.0,3.018153846153846,1238.0,-0.00024313542036669133,0.01600896095946247
3.6466041583767335,-0.9953242815734906,6.348836752819731,1.0,3.018076923076923,1239.0,-0.00024313542036713542,0.01600896095946247
3.6463610229563663,-0.9953763554795452,6.364845713779194,1.0,3.018,1240.0,-0.00024313542036713542,0.01600896095946247
3.6461267696522257,-0.9956214100944923,6.368142153056869,1.0,3.017384615384615,1241.0,-0.00023425330414061918,0.0032964392776753115
3.6458925163480855,-0.9958664647094396,6.371438592334545,1.0,3.0167692307692304,1242.0,-0.0002342533041401751,0.0032964392776761997
3.645658263043945,-0.9961115193243868,6.374735031612221,1.0,3.0161538461538457,1243.0,-0.00023425330414061918,0.0032964392776753115
3.6454240097398043,-0.9963565739393341,6.378031470889896,1.0,3.0155384615384615,1244.0,-0.00023425330414061918,0.0032964392776753115
3.645189756435664,-0.9966016285542812,6.381327910167572,1.0,3.014923076923077,1245.0,-0.0002342533041401751,0.0032964392776761997
3.6449555031315235,-0.9968466831692284,6.3846243494452475,1.0,3.014307692307692,1246.0,-0.00023425330414061918,0.0032964392776753115
3.644721249827383,-0.9970917377841757,6.387920788722923,1.0,3.0136923076923074,1247.0,-0.00023425330414061918,0.0032964392776753115
3.6444869965232423,-0.9973367923991229,6.391217228000598,1.0,3.0130769230769228,1248.0,-0.00023425330414061918,0.0032964392776753115
3.644252743219102,-0.99758184701407,6.394513667278274,1.0,3.012461538461538,1249.0,-0.0002342533041401751,0.0032964392776761997
3.6440184899149615,-0.9978269016290173,6.39781010655595,1.0,3.011846153846154,1250.0,-0.00023425330414061918,0.0032964392776753115
3.643784236610821,-0.9980719562439645,6.401106545833625,1.0,3.011230769230769,1251.0,-0.00023425330414061918,0.0032964392776753115
3.6435499833066807,-0.9983170108589118,6.404402985111301,1.0,3.0106153846153845,1252.0,-0.0002342533041401751,0.0032964392776761997
3.64331573000254,-0.998562065473859,6.407699424388976,1.0,3.01,1253.0,-0.00023425330414061918,0.0032964392776753115
3.6431385336780187,-0.9983545649115154,6.410464301970815,1.0,3.0094285714285713,1254.0,-0.00017719632452140033,0.0027648775818382987
3.642961337353497,-0.998147064349172,6.413229179552653,1.0,3.0088571428571425,1255.0,-0.00017719632452184442,0.0027648775818382987
3.6427841410289754,-0.9979395637868285,6.415994057134491,1.0,3.008285714285714,1256.0,-0.00017719632452140033,0.0027648775818382987
3.642606944704454,-0.997732063224485,6.41875893471633,1.0,3.0077142857142856,1257.0,-0.00017719632452140033,0.0027648775818382987
3.642429748379932,-0.9975245626621415,6.421523812298168,1.0,3.007142857142857,1258.0,-0.00017719632452184442,0.0027648775818382987
3.6422525520554108,-0.9973170620997981,6.424288689880006,1.0,3.0065714285714282,1259.0,-0.00017719632452140033,0.0027648775818382987
3.6420753557308894,-0.9971095615374546,6.4270535674618445,1.0,3.006,1260.0,-0.00017719632452140033,0.0027648775818382987
3.6418981594063675,-0.996902060975111,6.429818445043684,1.0,3.0054285714285713,1261.0,-0.00017719632452184442,0.002764877581839187
3.641720963081846,-0.9966945604127676,6.432583322625522,1.0,3.0048571428571424,1262.0,-0.00017719632452140033,0.0027648775818382987
3.6415437667573243,-0.9964870598504241,6.43534820020736,1.0,3.004285714285714,1263.0,-0.00017719632452184442,0.0027648775818382987
3.641366570432803,-0.9962795592880807,6.438113077789199,1.0,3.0037142857142856,1264.0,-0.00017719632452140033,0.0027648775818382987
3.6411893741082815,-0.9960720587257371,6.440877955371037,1.0,3.003142857142857,1265.0,-0.00017719632452140033,0.0027648775818382987
3.6410121777837596,-0.9958645581633937,6.443642832952875,1.0,3.0025714285714282,1266.0,-0.00017719632452184442,0.0027648775818382987
3.6408349814592382,-0.9956570576010502,6.4464077105347135,1.0,3.002,1267.0,-0.00017719632452140033,0.0027648775818382987
3.6406187746750094,-0.9956001873170991,6.457317453101507,1.0,3.0008461538461537,1268.0,-0.0002162067842288451,0.010909742566793668
3.6404025678907805,-0.995543317033148,6.468227195668301,1.0,2.9996923076923077,1269.0,-0.0002162067842288451,0.010909742566793668
3.6401863611065517,-0.995486446749197,6.4791369382350945,1.0,2.9985384615384616,1270.0,-0.0002162067842288451,0.010909742566793668
3.6399701543223233,-0.9954295764652458,6.490046680801889,1.0,2.997384615384615,1271.0,-0.000216206784228401,0.010909742566794556
3.6397539475380944,-0.9953727061812947,6.500956423368683,1.0,2.996230769230769,1272.0,-0.0002162067842288451,0.010909742566793668
3.6395377407538656,-0.9953158358973436,6.511866165935476,1.0,2.995076923076923,1273.0,-0.0002162067842288451,0.010909742566793668
3.6393215339696368,-0.9952589656133926,6.52277590850227,1.0,2.993923076923077,1274.0,-0.0002162067842288451,0.010909742566793668
3.639105327185408,-0.9952020953294415,6.533685651069064,1.0,2.992769230769231,1275.0,-0.0002162067842288451,0.010909742566793668
3.638889120401179,-0.9951452250454904,6.544595393635857,1.0,2.991615384615385,1276.0,-0.0002162067842288451,0.010909742566793668
3.6386729136169507,-0.9950883547615392,6.555505136202652,1.0,2.9904615384615383,1277.0,-0.000216206784228401,0.010909742566794556
3.638456706832722,-0.9950314844775882,6.566414878769446,1.0,2.989307692307692,1278.0,-0.0002162067842288451,0.010909742566793668
3.638240500048493,-0.9949746141936371,6.577324621336239,1.0,2.988153846153846,1279.0,-0.0002162067842288451,0.010909742566793668
3.638024293264264,-0.994917743909686,6.588234363903033,1.0,2.987,1280.0,-0.0002162067842288451,0.010909742566793668
3.6378318990302754,-0.9949522526303122,6.59196641643875,1.0,2.9873846153846153,1281.0,-0.00019239423398875743,0.0037320525357174006
3.637639504796287,-0.9949867613509382,6.595698468974469,1.0,2.987769230769231,1282.0,-0.00019239423398831335,0.0037320525357182888
3.6374471105622983,-0.9950212700715644,6.599430521510186,1.0,2.988153846153846,1283.0,-0.00019239423398875743,0.0037320525357174006
3.6372547163283095,-0.9950557787921905,6.603162574045904,1.0,2.988538461538462,1284.0,-0.00019239423398875743,0.0037320525357182888
3.6370623220943212,-0.9950902875128166,6.606894626581622,1.0,2.988923076923077,1285.0,-0.00019239423398831335,0.0037320525357174006
3.6368699278603325,-0.9951247962334427,6.61062667911734,1.0,2.989307692307692,1286.0,-0.00019239423398875743,0.0037320525357182888
3.6366775336263437,-0.9951593049540689,6.614358731653057,1.0,2.989692307692308,1287.0,-0.00019239423398875743,0.0037320525357174006
3.636485139392355,-0.9951938136746951,6.618090784188776,1.0,2.990076923076923,1288.0,-0.00019239423398875743,0.0037320525357182888
3.6362927451583666,-0.9952283223953211,6.621822836724493,1.0,2.9904615384615383,1289.0,-0.00019239423398831335,0.0037320525357174006
3.636100350924378,-0.9952628311159473,6.625554889260211,1.0,2.990846153846154,1290.0,-0.00019239423398875743,0.0037320525357182888
3.635907956690389,-0.9952973398365734,6.629286941795929,1.0,2.991230769230769,1291.0,-0.00019239423398875743,0.0037320525357174006
3.635715562456401,-0.9953318485571995,6.633018994331647,1.0,2.991615384615385,1292.0,-0.00019239423398831335,0.0037320525357182888
3.635523168222412,-0.9953663572778256,6.6367510468673645,1.0,2.992,1293.0,-0.00019239423398875743,0.0037320525357174006
3.6353559337740204,-0.995440519260212,6.639334401063175,1.0,2.9923571428571427,1294.0,-0.00016723444839161772,0.002583354195810905
3.635188699325629,-0.9955146812425985,6.641917755258986,1.0,2.992714285714286,1295.0,-0.00016723444839161772,0.002583354195810905
3.635021464877237,-0.9955888432249849,6.644501109454797,1.0,2.9930714285714286,1296.0,-0.00016723444839161772,0.002583354195810905
3.6348542304288456,-0.9956630052073713,6.647084463650608,1.0,2.9934285714285713,1297.0,-0.00016723444839161772,0.002583354195810905
3.634686995980454,-0.9957371671897577,6.649667817846419,1.0,2.993785714285714,1298.0,-0.00016723444839161772,0.002583354195810905
3.6345197615320624,-0.9958113291721441,6.65225117204223,1.0,2.994142857142857,1299.0,-0.00016723444839161772,0.002583354195810905
3.6343525270836707,-0.9958854911545305,6.654834526238041,1.0,2.9945,1300.0,-0.00016723444839161772,0.002583354195810905
3.6341852926352787,-0.9959596531369169,6.657417880433851,1.0,2.9948571428571427,1301.0,-0.0001672344483920618,0.002583354195810017
3.634018058186887,-0.9960338151193033,6.660001234629662,1.0,2.995214285714286,1302.0,-0.00016723444839161772,0.002583354195810905
3.6338508237384954,-0.9961079771016897,6.662584588825473,1.0,2.9955714285714286,1303.0,-0.00016723444839161772,0.002583354195810905
3.633683589290104,-0.9961821390840762,6.665167943021284,1.0,2.9959285714285713,1304.0,-0.00016723444839161772,0.002583354195810905
3.633516354841712,-0.9962563010664626,6.6677512972170945,1.0,2.996285714285714,1305.0,-0.00016723444839161772,0.002583354195810905
3.6333491203933206,-0.996330463048849,6.670334651412905,1.0,2.996642857142857,1306.0,-0.00016723444839161772,0.002583354195810905
3.633181885944929,-0.9964046250312354,6.672918005608716,1.0,2.997,1307.0,-0.00016723444839161772,0.002583354195810905
3.6330066784891213,-0.9963416258856388,6.67416904431037,1.0,2.9978461538461536,1308.0,-0.00017520745580767993,0.0012510387016533286
3.6328314710333136,-0.9962786267400421,6.675420083012024,1.0,2.9986923076923078,1309.0,-0.00017520745580767993,0.0012510387016542168
3.632656263577506,-0.9962156275944455,6.676671121713677,1.0,2.9995384615384615,1310.0,-0.00017520745580767993,0.0012510387016533286
3.6324810561216982,-0.9961526284488488,6.6779221604153305,1.0,3.000384615384615,1311.0,-0.00017520745580767993,0.0012510387016533286
3.6323058486658906,-0.9960896293032522,6.679173199116985,1.0,3.0012307692307694,1312.0,-0.00017520745580767993,0.0012510387016542168
3.632130641210083,-0.9960266301576555,6.680424237818638,1.0,3.002076923076923,1313.0,-0.00017520745580767993,0.0012510387016533286
3.6319554337542748,-0.9959636310120589,6.681675276520291,1.0,3.002923076923077,1314.0,-0.00017520745580812402,0.0012510387016533286
3.631780226298467,-0.9959006318664622,6.682926315221945,1.0,3.0037692307692305,1315.0,-0.00017520745580767993,0.0012510387016533286
3.6316050188426594,-0.9958376327208656,6.684177353923599,1.0,3.0046153846153847,1316.0,-0.00017520745580767993,0.0012510387016542168
3.6314298113868517,-0.9957746335752689,6.685428392625252,1.0,3.0054615384615384,1317.0,-0.00017520745580767993,0.0012510387016533286
3.631254603931044,-0.9957116344296723,6.686679431326906,1.0,3.006307692307692,1318.0,-0.00017520745580767993,0.0012510387016533286
3.6310793964752364,-0.9956486352840755,6.68793047002856,1.0,3.0071538461538463,1319.0,-0.00017520745580767993,0.0012510387016542168
3.6309041890194287,-0.995585636138479,6.689181508730213,1.0,3.008,1320.0,-0.00017520745580767993,0.0012510387016533286
3.630733542172038,-0.9955272505419903,6.693173117907305,1.0,3.0077142857142856,1321.0,-0.00017064684739054314,0.003991609177091959
3.6305628953246476,-0.9954688649455017,6.697164727084397,1.0,3.0074285714285716,1322.0,-0.00017064684739054314,0.003991609177091959
3.630392248477257,-0.9954104793490132,6.701156336261489,1.0,3.007142857142857,1323.0,-0.00017064684739054314,0.003991609177091959
3.630221601629867,-0.9953520937525245,6.705147945438581,1.0,3.0068571428571427,1324.0,-0.00017064684739009905,0.003991609177091959
3.6300509547824764,-0.9952937081560359,6.709139554615673,1.0,3.0065714285714287,1325.0,-0.00017064684739054314,0.003991609177091959
3.629880307935086,-0.9952353225595473,6.713131163792765,1.0,3.0062857142857142,1326.0,-0.00017064684739054314,0.003991609177091959
3.6297096610876953,-0.9951769369630588,6.717122772969857,1.0,3.0060000000000002,1327.0,-0.00017064684739054314,0.003991609177091959
3.629539014240305,-0.9951185513665701,6.721114382146948,1.0,3.005714285714286,1328.0,-0.00017064684739054314,0.003991609177091071
3.6293683673929142,-0.9950601657700815,6.72510599132404,1.0,3.0054285714285713,1329.0,-0.00017064684739054314,0.003991609177091959
3.6291977205455237,-0.9950017801735929,6.729097600501132,1.0,3.0051428571428573,1330.0,-0.00017064684739054314,0.003991609177091959
3.6290270736981336,-0.9949433945771042,6.733089209678224,1.0,3.004857142857143,1331.0,-0.00017064684739009905,0.003991609177091959
3.628856426850743,-0.9948850089806157,6.737080818855316,1.0,3.0045714285714284,1332.0,-0.00017064684739054314,0.003991609177091959
3.6286857800033525,-0.9948266233841271,6.741072428032408,1.0,3.0042857142857144,1333.0,-0.00017064684739054314,0.003991609177091959
3.628515133155962,-0.9947682377876385,6.7450640372095,1.0,3.004,1334.0,-0.00017064684739054314,0.003991609177091959
3.628359172131234,-0.9948414495970027,6.747891524023302,1.0,3.0046153846153847,1335.0,-0.00015596102472814621,0.0028274868138025155
3.6282032111065057,-0.9949146614063671,6.750719010837105,1.0,3.0052307692307694,1336.0,-0.00015596102472814621,0.0028274868138025155
3.628047250081778,-0.9949878732157313,6.753546497650907,1.0,3.005846153846154,1337.0,-0.00015596102472770212,0.0028274868138025155
3.62789128905705,-0.9950610850250957,6.75637398446471,1.0,3.0064615384615383,1338.0,-0.00015596102472814621,0.0028274868138025155
3.6277353280323217,-0.99513429683446,6.759201471278512,1.0,3.007076923076923,1339.0,-0.00015596102472814621,0.0028274868138025155
3.6275793670075935,-0.9952075086438242,6.762028958092315,1.0,3.0076923076923077,1340.0,-0.00015596102472814621,0.0028274868138025155
3.627423405982866,-0.9952807204531886,6.764856444906117,1.0,3.0083076923076923,1341.0,-0.00015596102472770212,0.0028274868138025155
3.6272674449581377,-0.9953539322625529,6.76768393171992,1.0,3.008923076923077,1342.0,-0.00015596102472814621,0.0028274868138025155
3.6271114839334095,-0.9954271440719171,6.770511418533722,1.0,3.0095384615384617,1343.0,-0.00015596102472814621,0.0028274868138025155
3.6269555229086814,-0.9955003558812815,6.773338905347525,1.0,3.010153846153846,1344.0,-0.00015596102472814621,0.0028274868138025155
3.6267995618839537,-0.9955735676906458,6.776166392161327,1.0,3.0107692307692306,1345.0,-0.00015596102472770212,0.0028274868138025155
3.6266436008592255,-0.9956467795000101,6.77899387897513,1.0,3.0113846153846153,1346.0,-0.00015596102472814621,0.0028274868138025155
3.6264876398344974,-0.9957199913093744,6.781821365788932,1.0,3.012,1347.0,-0.00015596102472814621,0.0028274868138025155
3.6263274530011236,-0.9956931695288878,6.781763983431539,1.0,3.0116923076923077,1348.0,-0.000160186833373821,-5.738235739372044e-05
3.6261672661677498,-0.9956663477484011,6.781706601074145,1.0,3.0113846153846153,1349.0,-0.000160186833373821,-5.738235739372044e-05
3.626007079334376,-0.9956395259679145,6.781649218716751,1.0,3.011076923076923,1350.0,-0.000160186833373821,-5.738235739372044e-05
3.6258468925010017,-0.995612704187428,6.7815918363593575,1.0,3.0107692307692306,1351.0,-0.0001601868333742651,-5.738235739372044e-05
3.625686705667628,-0.9955858824069413,6.781534454001964,1.0,3.0104615384615383,1352.0,-0.000160186833373821,-5.738235739372044e-05
3.625526518834254,-0.9955590606264547,6.78147707164457,1.0,3.010153846153846,1353.0,-0.000160186833373821,-5.738235739372044e-05
3.62536633200088,-0.9955322388459681,6.781419689287176,1.0,3.009846153846154,1354.0,-0.000160186833373821,-5.738235739372044e-05
3.6252061451675064,-0.9955054170654815,6.781362306929783,1.0,3.0095384615384617,1355.0,-0.000160186833373821,-5.738235739372044e-05
3.6250459583341326,-0.9954785952849948,6.781304924572389,1.0,3.0092307692307694,1356.0,-0.000160186833373821,-5.738235739372044e-05
3.6248857715007583,-0.9954517735045083,6.781247542214995,1.0,3.008923076923077,1357.0,-0.0001601868333742651,-5.738235739372044e-05
3.6247255846673845,-0.9954249517240217,6.781190159857601,1.0,3.0086153846153847,1358.0,-0.000160186833373821,-5.738235739372044e-05
3.6245653978340107,-0.995398129943535,6.781132777500208,1.0,3.0083076923076923,1359.0,-0.000160186833373821,-5.738235739372044e-05
3.624405211000637,-0.9953713081630484,6.781075395142814,1.0,3.008,1360.0,-0.000160186833373821,-5.738235739372044e-05
3.624250790143266,-0.9953815603939842,6.782913955293585,1.0,3.007857142857143,1361.0,-0.00015442085737094047,0.001838560150771329
3.624096369285895,-0.9953918126249199,6.784752515444357,1.0,3.0077142857142856,1362.0,-0.00015442085737094047,0.001838560150771329
3.623941948428524,-0.9954020648558557,6.786591075595128,1.0,3.0075714285714286,1363.0,-0.00015442085737094047,0.001838560150771329
3.623787527571153,-0.9954123170867913,6.7884296357459,1.0,3.0074285714285716,1364.0,-0.00015442085737094047,0.0018385601507722171
3.623633106713782,-0.9954225693177271,6.7902681958966715,1.0,3.007285714285714,1365.0,-0.00015442085737094047,0.001838560150771329
3.623478685856411,-0.9954328215486629,6.792106756047443,1.0,3.007142857142857,1366.0,-0.00015442085737094047,0.001838560150771329
3.6233242649990403,-0.9954430737795986,6.793945316198214,1.0,3.007,1367.0,-0.00015442085737094047,0.001838560150771329
3.6231698441416698,-0.9954533260105344,6.7957838763489855,1.0,3.0068571428571427,1368.0,-0.00015442085737049638,0.001838560150771329
3.623015423284299,-0.9954635782414701,6.797622436499757,1.0,3.0067142857142857,1369.0,-0.00015442085737094047,0.001838560150771329
3.622861002426928,-0.9954738304724059,6.799460996650528,1.0,3.0065714285714282,1370.0,-0.00015442085737094047,0.001838560150771329
3.622706581569557,-0.9954840827033415,6.8012995568013,1.0,3.0064285714285712,1371.0,-0.00015442085737094047,0.0018385601507722171
3.622552160712186,-0.9954943349342773,6.803138116952072,1.0,3.0062857142857142,1372.0,-0.00015442085737094047,0.001838560150771329
3.622397739854815,-0.9955045871652131,6.804976677102843,1.0,3.006142857142857,1373.0,-0.00015442085737094047,0.001838560150771329
3.622243318997444,-0.9955148393961488,6.806815237253614,1.0,3.006,1374.0,-0.00015442085737094047,0.001838560150771329
3.622094055411639,-0.9955856337091357,6.806294716462308,1.0,3.006,1375.0,-0.0001492635858051372,-0.000520520791305934
3.621944791825834,-0.9956564280221225,6.805774195671002,1.0,3.006,1376.0,-0.0001492635858051372,-0.0005205207913068222
3.6217955282400287,-0.9957272223351094,6.805253674879696,1.0,3.006,1377.0,-0.0001492635858051372,-0.000520520791305934
3.621646264654224,-0.9957980166480961,6.804733154088389,1.0,3.006,1378.0,-0.00014926358580469312,-0.0005205207913068222
3.621497001068419,-0.9958688109610829,6.804212633297083,1.0,3.006,1379.0,-0.0001492635858051372,-0.000520520791305934
3.6213477374826137,-0.9959396052740698,6.803692112505777,1.0,3.006,1380.0,-0.0001492635858051372,-0.000520520791305934
3.6211984738968086,-0.9960103995870566,6.80317159171447,1.0,3.006,1381.0,-0.0001492635858051372,-0.0005205207913068222
3.6210492103110035,-0.9960811939000435,6.802651070923164,1.0,3.006,1382.0,-0.0001492635858051372,-0.000520520791305934
3.6208999467251983,-0.9961519882130303,6.802130550131858,1.0,3.006,1383.0,-0.0001492635858051372,-0.000520520791305934
3.6207506831393936,-0.996222782526017,6.8016100293405515,1.0,3.006,1384.0,-0.00014926358580469312,-0.0005205207913068222
3.6206014195535885,-0.9962935768390039,6.8010895085492455,1.0,3.006,1385.0,-0.0001492635858051372,-0.000520520791305934
3.6204521559677834,-0.9963643711519907,6.800568987757939,1.0,3.006,1386.0,-0.0001492635858051372,-0.0005205207913068222
3.620302892381978,-0.9964351654649776,6.800048466966633,1.0,3.006,1387.0,-0.0001492635858051372,-0.000520520791305934
3.620132892352479,-0.9962866540093162,6.803148506114959,1.0,3.0058461538461536,1388.0,-0.00017000002949929538,0.003100039148326239
3.6199628923229796,-0.9961381425536547,6.806248545263285,1.0,3.0056923076923074,1389.0,-0.00017000002949929538,0.003100039148326239
3.6197928922934803,-0.9959896310979932,6.809348584411611,1.0,3.0055384615384613,1390.0,-0.00017000002949929538,0.003100039148325351
3.619622892263981,-0.9958411196423318,6.812448623559937,1.0,3.005384615384615,1391.0,-0.00017000002949929538,0.003100039148326239
3.6194528922344817,-0.9956926081866704,6.815548662708263,1.0,3.005230769230769,1392.0,-0.00017000002949929538,0.003100039148326239
3.6192828922049824,-0.995544096731009,6.818648701856589,1.0,3.0050769230769228,1393.0,-0.00017000002949929538,0.003100039148326239
3.6191128921754827,-0.9953955852753474,6.821748741004915,1.0,3.004923076923077,1394.0,-0.00017000002949973947,0.003100039148325351
3.6189428921459834,-0.995247073819686,6.824848780153241,1.0,3.004769230769231,1395.0,-0.00017000002949929538,0.003100039148326239
3.618772892116484,-0.9950985623640246,6.827948819301567,1.0,3.0046153846153847,1396.0,-0.00017000002949929538,0.003100039148326239
3.618602892086985,-0.9949500509083632,6.831048858449893,1.0,3.0044615384615385,1397.0,-0.00017000002949929538,0.003100039148326239
3.6184328920574855,-0.9948015394527017,6.834148897598219,1.0,3.0043076923076923,1398.0,-0.00017000002949929538,0.003100039148325351
3.6182628920279862,-0.9946530279970403,6.837248936746545,1.0,3.004153846153846,1399.0,-0.00017000002949929538,0.003100039148326239
3.618092891998487,-0.9945045165413788,6.840348975894871,1.0,3.004,1400.0,-0.00017000002949929538,0.003100039148326239
3.617961728882941,-0.9944884989801995,6.841524367111126,1.0,3.0037857142857143,1401.0,-0.00013116311554606241,0.001175391216254873
3.6178305657673944,-0.9944724814190202,6.842699758327381,1.0,3.0035714285714286,1402.0,-0.0001311631155465065,0.001175391216254873
3.6176994026518483,-0.9944564638578408,6.843875149543636,1.0,3.003357142857143,1403.0,-0.00013116311554606241,0.001175391216254873
3.617568239536302,-0.9944404462966615,6.845050540759891,1.0,3.003142857142857,1404.0,-0.0001311631155465065,0.001175391216254873
3.6174370764207557,-0.9944244287354822,6.846225931976146,1.0,3.0029285714285714,1405.0,-0.00013116311554606241,0.001175391216254873
3.6173059133052092,-0.9944084111743029,6.8474013231924005,1.0,3.0027142857142857,1406.0,-0.0001311631155465065,0.001175391216254873
3.617174750189663,-0.9943923936131235,6.8485767144086545,1.0,3.0025,1407.0,-0.00013116311554606241,0.0011753912162539848
3.617043587074117,-0.9943763760519442,6.849752105624909,1.0,3.0022857142857142,1408.0,-0.00013116311554606241,0.001175391216254873
3.6169124239585706,-0.9943603584907649,6.850927496841164,1.0,3.0020714285714285,1409.0,-0.0001311631155465065,0.001175391216254873
3.6167812608430245,-0.9943443409295856,6.852102888057419,1.0,3.001857142857143,1410.0,-0.00013116311554606241,0.001175391216254873
3.616650097727478,-0.9943283233684063,6.853278279273674,1.0,3.001642857142857,1411.0,-0.0001311631155465065,0.001175391216254873
3.616518934611932,-0.9943123058072268,6.854453670489929,1.0,3.0014285714285713,1412.0,-0.00013116311554606241,0.001175391216254873
3.6163877714963855,-0.9942962882460475,6.855629061706184,1.0,3.0012142857142856,1413.0,-0.0001311631155465065,0.001175391216254873
3.6162566083808394,-0.9942802706848682,6.856804452922439,1.0,3.001,1414.0,-0.00013116311554606241,0.001175391216254873
3.6161147192951244,-0.9943571235452551,6.859779601337855,1.0,3.000769230769231,1415.0,-0.0001418890857149968,0.002975148415416129
3.6159728302094094,-0.9944339764056419,6.86275474975327,1.0,3.0005384615384614,1416.0,-0.0001418890857149968,0.0029751484154152408
3.6158309411236944,-0.9945108292660287,6.865729898168686,1.0,3.0003076923076923,1417.0,-0.0001418890857149968,0.002975148415416129
3.6156890520379794,-0.9945876821264156,6.868705046584101,1.0,3.000076923076923,1418.0,-0.0001418890857149968,0.0029751484154152408
3.6155471629522644,-0.9946645349868024,6.871680194999517,1.0,2.999846153846154,1419.0,-0.0001418890857149968,0.002975148415416129
3.6154052738665494,-0.9947413878471892,6.874655343414934,1.0,2.999615384615385,1420.0,-0.0001418890857149968,0.002975148415416129
3.615263384780834,-0.9948182407075762,6.877630491830349,1.0,2.9993846153846153,1421.0,-0.0001418890857154409,0.0029751484154152408
3.615121495695119,-0.994895093567963,6.880605640245765,1.0,2.9991538461538463,1422.0,-0.0001418890857149968,0.002975148415416129
3.614979606609404,-0.9949719464283499,6.883580788661181,1.0,2.9989230769230772,1423.0,-0.0001418890857149968,0.002975148415416129
3.614837717523689,-0.9950487992887367,6.886555937076596,1.0,2.9986923076923078,1424.0,-0.0001418890857149968,0.0029751484154152408
3.614695828437974,-0.9951256521491235,6.889531085492012,1.0,2.9984615384615387,1425.0,-0.0001418890857149968,0.002975148415416129
3.614553939352259,-0.9952025050095104,6.892506233907428,1.0,2.9982307692307693,1426.0,-0.0001418890857149968,0.0029751484154152408
3.614412050266544,-0.9952793578698972,6.895481382322844,1.0,2.998,1427.0,-0.0001418890857149968,0.002975148415416129
3.6142734793917866,-0.9953533530150543,6.893358153416857,1.0,2.997857142857143,1428.0,-0.00013857087475743768,-0.002123228905986707
3.6141349085170287,-0.9954273481602115,6.89123492451087,1.0,2.9977142857142858,1429.0,-0.00013857087475788177,-0.002123228905986707
3.6139963376422712,-0.9955013433053687,6.889111695604884,1.0,2.9975714285714288,1430.0,-0.00013857087475743768,-0.002123228905986707
3.6138577667675134,-0.9955753384505257,6.886988466698897,1.0,2.9974285714285718,1431.0,-0.00013857087475788177,-0.002123228905986707
3.613719195892756,-0.9956493335956829,6.88486523779291,1.0,2.9972857142857143,1432.0,-0.00013857087475743768,-0.002123228905986707
3.613580625017998,-0.99572332874084,6.882742008886924,1.0,2.9971428571428573,1433.0,-0.00013857087475788177,-0.002123228905986707
3.6134420541432406,-0.9957973238859972,6.880618779980937,1.0,2.9970000000000003,1434.0,-0.00013857087475743768,-0.002123228905986707
3.613303483268483,-0.9958713190311543,6.878495551074949,1.0,2.996857142857143,1435.0,-0.00013857087475743768,-0.0021232289059875953
3.6131649123937253,-0.9959453141763115,6.8763723221689625,1.0,2.996714285714286,1436.0,-0.00013857087475788177,-0.002123228905986707
3.613026341518968,-0.9960193093214686,6.874249093262976,1.0,2.9965714285714284,1437.0,-0.00013857087475743768,-0.002123228905986707
3.61288777064421,-0.9960933044666257,6.872125864356989,1.0,2.9964285714285714,1438.0,-0.00013857087475788177,-0.002123228905986707
3.6127491997694525,-0.9961672996117829,6.870002635451002,1.0,2.9962857142857144,1439.0,-0.00013857087475743768,-0.002123228905986707
3.6126106288946946,-0.99624129475694,6.867879406545016,1.0,2.996142857142857,1440.0,-0.00013857087475788177,-0.002123228905986707
3.612472058019937,-0.9963152899020972,6.865756177639029,1.0,2.996,1441.0,-0.00013857087475743768,-0.002123228905986707
3.6123289189592325,-0.9962054115267389,6.870122873571286,1.0,2.995769230769231,1442.0,-0.00014313906070473337,0.004366695932256803
3.6121857798985277,-0.9960955331513806,6.8744895695035435,1.0,2.9955384615384615,1443.0,-0.00014313906070473337,0.0043666959322576915
3.612042640837823,-0.9959856547760223,6.8788562654358,1.0,2.9953076923076924,1444.0,-0.00014313906070473337,0.004366695932256803
3.611899501777118,-0.9958757764006639,6.883222961368058,1.0,2.995076923076923,1445.0,-0.00014313906070517746,0.0043666959322576915
3.611756362716413,-0.9957658980253057,6.887589657300315,1.0,2.994846153846154,1446.0,-0.00014313906070473337,0.004366695932256803
3.6116132236557084,-0.9956560196499473,6.891956353232572,1.0,2.9946153846153845,1447.0,-0.00014313906070473337,0.004366695932256803
3.6114700845950036,-0.9955461412745891,6.896323049164829,1.0,2.9943846153846154,1448.0,-0.00014313906070473337,0.0043666959322576915
3.611326945534299,-0.9954362628992307,6.900689745097086,1.0,2.994153846153846,1449.0,-0.00014313906070473337,0.004366695932256803
3.611183806473594,-0.9953263845238725,6.905056441029343,1.0,2.993923076923077,1450.0,-0.00014313906070473337,0.004366695932256803
3.611040667412889,-0.9952165061485141,6.909423136961601,1.0,2.9936923076923074,1451.0,-0.00014313906070517746,0.0043666959322576915
3.6108975283521842,-0.9951066277731558,6.913789832893857,1.0,2.9934615384615384,1452.0,-0.00014313906070473337,0.004366695932256803
3.6107543892914795,-0.9949967493977975,6.918156528826115,1.0,2.993230769230769,1453.0,-0.00014313906070473337,0.0043666959322576915
3.610611250230775,-0.9948868710224392,6.922523224758372,1.0,2.993,1454.0,-0.00014313906070473337,0.004366695932256803
3.61048091581668,-0.9950072307911101,6.925368503492575,1.0,2.9928461538461537,1455.0,-0.00013033441409460167,0.0028452787342034824
3.610350581402586,-0.9951275905597808,6.92821378222678,1.0,2.9926923076923075,1456.0,-0.00013033441409415758,0.0028452787342043706
3.6102202469884914,-0.9952479503284517,6.931059060960983,1.0,2.9925384615384614,1457.0,-0.00013033441409460167,0.0028452787342034824
3.6100899125743973,-0.9953683100971226,6.933904339695187,1.0,2.992384615384615,1458.0,-0.00013033441409415758,0.0028452787342034824
3.6099595781603027,-0.9954886698657933,6.936749618429391,1.0,2.992230769230769,1459.0,-0.00013033441409460167,0.0028452787342043706
3.609829243746208,-0.9956090296344642,6.939594897163595,1.0,2.992076923076923,1460.0,-0.00013033441409460167,0.0028452787342034824
3.609698909332114,-0.995729389403135,6.942440175897798,1.0,2.991923076923077,1461.0,-0.00013033441409415758,0.0028452787342034824
3.6095685749180193,-0.9958497491718059,6.9452854546320015,1.0,2.991769230769231,1462.0,-0.00013033441409460167,0.0028452787342034824
3.6094382405039247,-0.9959701089404767,6.948130733366206,1.0,2.991615384615385,1463.0,-0.00013033441409460167,0.0028452787342043706
3.6093079060898305,-0.9960904687091475,6.950976012100409,1.0,2.9914615384615386,1464.0,-0.00013033441409415758,0.0028452787342034824
3.609177571675736,-0.9962108284778184,6.953821290834613,1.0,2.9913076923076924,1465.0,-0.00013033441409460167,0.0028452787342034824
3.609047237261642,-0.9963311882464891,6.956666569568817,1.0,2.9911538461538463,1466.0,-0.00013033441409415758,0.0028452787342043706
3.608916902847547,-0.99645154801516,6.959511848303021,1.0,2.991,1467.0,-0.00013033441409460167,0.0028452787342034824
3.6087872228129823,-0.9963999786934749,6.960929436034171,1.0,2.990857142857143,1468.0,-0.00012968003456492738,0.0014175877311499718
3.6086575427784173,-0.9963484093717896,6.9623470237653216,1.0,2.9907142857142857,1469.0,-0.00012968003456492738,0.00141758773115086
3.6085278627438524,-0.9962968400501044,6.963764611496472,1.0,2.9905714285714287,1470.0,-0.00012968003456492738,0.00141758773115086
3.6083981827092875,-0.9962452707284192,6.965182199227622,1.0,2.9904285714285717,1471.0,-0.00012968003456492738,0.0014175877311499718
3.6082685026747225,-0.996193701406734,6.966599786958772,1.0,2.990285714285714,1472.0,-0.00012968003456492738,0.0014175877311499718
3.6081388226401576,-0.9961421320850488,6.968017374689923,1.0,2.990142857142857,1473.0,-0.00012968003456492738,0.00141758773115086
3.6080091426055927,-0.9960905627633636,6.969434962421074,1.0,2.99,1474.0,-0.00012968003456492738,0.00141758773115086
3.6078794625710278,-0.9960389934416785,6.970852550152224,1.0,2.9898571428571428,1475.0,-0.00012968003456492738,0.0014175877311499718
3.607749782536463,-0.9959874241199932,6.972270137883374,1.0,2.9897142857142858,1476.0,-0.00012968003456492738,0.0014175877311499718
3.607620102501898,-0.995935854798308,6.973687725614525,1.0,2.9895714285714283,1477.0,-0.00012968003456492738,0.00141758773115086
3.607490422467333,-0.9958842854766228,6.975105313345676,1.0,2.9894285714285713,1478.0,-0.00012968003456492738,0.00141758773115086
3.607360742432768,-0.9958327161549376,6.976522901076826,1.0,2.9892857142857143,1479.0,-0.00012968003456492738,0.0014175877311499718
3.607231062398203,-0.9957811468332524,6.977940488807976,1.0,2.989142857142857,1480.0,-0.00012968003456492738,0.0014175877311499718
3.607101382363638,-0.9957295775115672,6.9793580765391265,1.0,2.989,1481.0,-0.00012968003456492738,0.00141758773115086
3.6069645320187638,-0.9956532676841684,6.9811445617376755,1.0,2.9888461538461537,1482.0,-0.0001368503448744285,0.0017864851985489594
3.6068276816738893,-0.9955769578567697,6.9829310469362245,1.0,2.9886923076923075,1483.0,-0.0001368503448744285,0.0017864851985489594
3.6066908313290154,-0.9955006480293709,6.9847175321347725,1.0,2.9885384615384614,1484.0,-0.0001368503448739844,0.0017864851985480712
3.606553980984141,-0.9954243382019722,6.9865040173333215,1.0,2.988384615384615,1485.0,-0.0001368503448744285,0.0017864851985489594
3.6064171306392665,-0.9953480283745734,6.9882905025318705,1.0,2.988230769230769,1486.0,-0.0001368503448744285,0.0017864851985489594
3.606280280294392,-0.9952717185471746,6.990076987730419,1.0,2.988076923076923,1487.0,-0.0001368503448744285,0.0017864851985489594
3.606143429949518,-0.9951954087197759,6.9918634729289675,1.0,2.987923076923077,1488.0,-0.0001368503448739844,0.0017864851985480712
3.6060065796046437,-0.995119098892377,6.993649958127516,1.0,2.987769230769231,1489.0,-0.0001368503448744285,0.0017864851985489594
3.6058697292597692,-0.9950427890649782,6.995436443326065,1.0,2.987615384615385,1490.0,-0.0001368503448744285,0.0017864851985489594
3.605732878914895,-0.9949664792375795,6.997222928524614,1.0,2.9874615384615386,1491.0,-0.0001368503448744285,0.0017864851985489594
3.605596028570021,-0.9948901694101807,6.999009413723162,1.0,2.9873076923076924,1492.0,-0.0001368503448739844,0.0017864851985480712
3.6054591782251464,-0.994813859582782,7.000795898921711,1.0,2.9871538461538463,1493.0,-0.0001368503448744285,0.0017864851985489594
3.605322327880272,-0.9947375497553832,7.00258238412026,1.0,2.987,1494.0,-0.0001368503448744285,0.0017864851985489594
3.605186744235226,-0.994796501884876,7.005576859235031,1.0,2.986769230769231,1495.0,-0.00013558364504584475,0.0029944751147708004
3.60505116059018,-0.9948554540143688,7.008571334349803,1.0,2.9865384615384616,1496.0,-0.00013558364504628884,0.0029944751147716886
3.604915576945134,-0.9949144061438616,7.011565809464574,1.0,2.9863076923076926,1497.0,-0.00013558364504584475,0.0029944751147708004
3.6047799933000877,-0.9949733582733544,7.014560284579345,1.0,2.986076923076923,1498.0,-0.00013558364504628884,0.0029944751147716886
3.604644409655042,-0.9950323104028472,7.017554759694116,1.0,2.985846153846154,1499.0,-0.00013558364504584475,0.0029944751147708004
3.604508826009996,-0.99509126253234,7.020549234808887,1.0,2.9856153846153846,1500.0,-0.00013558364504584475,0.0029944751147708004
3.6043732423649497,-0.9951502146618327,7.023543709923659,1.0,2.9853846153846155,1501.0,-0.00013558364504628884,0.0029944751147716886
3.604237658719904,-0.9952091667913255,7.026538185038429,1.0,2.985153846153846,1502.0,-0.00013558364504584475,0.0029944751147708004
3.604102075074858,-0.9952681189208183,7.0295326601532,1.0,2.984923076923077,1503.0,-0.00013558364504584475,0.0029944751147708004
3.6039664914298117,-0.9953270710503112,7.032527135267972,1.0,2.9846923076923075,1504.0,-0.00013558364504628884,0.0029944751147716886
3.603830907784766,-0.995386023179804,7.035521610382743,1.0,2.9844615384615385,1505.0,-0.00013558364504584475,0.0029944751147708004
3.6036953241397196,-0.9954449753092968,7.038516085497514,1.0,2.984230769230769,1506.0,-0.00013558364504628884,0.0029944751147716886
3.6035597404946738,-0.9955039274387896,7.041510560612285,1.0,2.984,1507.0,-0.00013558364504584475,0.0029944751147708004
3.6034254212773216,-0.9954678535838354,7.043310275197723,1.0,2.9837857142857143,1508.0,-0.00013431921735218566,0.0017997145854380392
3.6032911020599694,-0.9954317797288812,7.045109989783161,1.0,2.9835714285714285,1509.0,-0.00013431921735218566,0.0017997145854380392
3.603156782842617,-0.995395705873927,7.046909704368599,1.0,2.983357142857143,1510.0,-0.00013431921735218566,0.0017997145854380392
3.6030224636252655,-0.9953596320189728,7.048709418954038,1.0,2.983142857142857,1511.0,-0.00013431921735174157,0.0017997145854389274
3.6028881444079133,-0.9953235581640186,7.050509133539476,1.0,2.9829285714285714,1512.0,-0.00013431921735218566,0.0017997145854380392
3.602753825190561,-0.9952874843090644,7.052308848124914,1.0,2.9827142857142857,1513.0,-0.00013431921735218566,0.0017997145854380392
3.602619505973209,-0.9952514104541103,7.054108562710352,1.0,2.9825,1514.0,-0.00013431921735218566,0.0017997145854380392
3.6024851867558567,-0.995215336599156,7.05590827729579,1.0,2.982285714285714,1515.0,-0.00013431921735218566,0.0017997145854380392
3.6023508675385045,-0.9951792627442018,7.057707991881228,1.0,2.9820714285714285,1516.0,-0.00013431921735218566,0.0017997145854380392
3.6022165483211523,-0.9951431888892476,7.0595077064666665,1.0,2.9818571428571428,1517.0,-0.00013431921735218566,0.0017997145854380392
3.6020822291038006,-0.9951071150342934,7.061307421052105,1.0,2.981642857142857,1518.0,-0.00013431921735174157,0.0017997145854389274
3.6019479098864484,-0.9950710411793392,7.063107135637543,1.0,2.9814285714285713,1519.0,-0.00013431921735218566,0.0017997145854380392
3.6018135906690962,-0.995034967324385,7.0649068502229815,1.0,2.9812142857142856,1520.0,-0.00013431921735218566,0.0017997145854380392
3.601679271451744,-0.9949988934694308,7.0667065648084195,1.0,2.981,1521.0,-0.00013431921735218566,0.0017997145854380392
3.6015742014769048,-0.9949847025183928,7.067285447139138,1.0,2.980923076923077,1522.0,-0.00010506997483927805,0.0005788823307186775
3.6014691315020655,-0.9949705115673547,7.067864329469857,1.0,2.9808461538461537,1523.0,-0.00010506997483927805,0.0005788823307186775
3.601364061527226,-0.9949563206163167,7.068443211800576,1.0,2.980769230769231,1524.0,-0.00010506997483927805,0.0005788823307195656
3.6012589915523865,-0.9949421296652787,7.069022094131295,1.0,2.9806923076923075,1525.0,-0.00010506997483972214,0.0005788823307186775
3.601153921577547,-0.9949279387142407,7.069600976462014,1.0,2.9806153846153847,1526.0,-0.00010506997483927805,0.0005788823307186775
3.601048851602708,-0.9949137477632026,7.0701798587927325,1.0,2.9805384615384614,1527.0,-0.00010506997483927805,0.0005788823307186775
3.6009437816278687,-0.9948995568121646,7.070758741123452,1.0,2.9804615384615385,1528.0,-0.00010506997483927805,0.0005788823307195656
3.6008387116530294,-0.9948853658611265,7.071337623454171,1.0,2.980384615384615,1529.0,-0.00010506997483927805,0.0005788823307186775
3.60073364167819,-0.9948711749100885,7.071916505784889,1.0,2.9803076923076923,1530.0,-0.00010506997483927805,0.0005788823307186775
3.6006285717033504,-0.9948569839590505,7.072495388115608,1.0,2.980230769230769,1531.0,-0.00010506997483972214,0.0005788823307186775
3.600523501728511,-0.9948427930080125,7.073074270446328,1.0,2.980153846153846,1532.0,-0.00010506997483927805,0.0005788823307195656
3.600418431753672,-0.9948286020569744,7.073653152777046,1.0,2.980076923076923,1533.0,-0.00010506997483927805,0.0005788823307186775
3.6003133617788325,-0.9948144111059364,7.074232035107765,1.0,2.98,1534.0,-0.00010506997483927805,0.0005788823307186775
3.6001802078684397,-0.9950264391481402,7.075465022203733,1.0,2.9797857142857143,1535.0,-0.00013315391039281366,0.0012329870959684186
3.6000470539580465,-0.995238467190344,7.076698009299702,1.0,2.9795714285714285,1536.0,-0.00013315391039325775,0.0012329870959684186
3.5999139000476537,-0.9954504952325478,7.07793099639567,1.0,2.979357142857143,1537.0,-0.00013315391039281366,0.0012329870959684186
3.599780746137261,-0.9956625232747516,7.079163983491639,1.0,2.979142857142857,1538.0,-0.00013315391039281366,0.0012329870959684186
3.5996475922268676,-0.9958745513169553,7.080396970587607,1.0,2.9789285714285714,1539.0,-0.00013315391039325775,0.0012329870959684186
3.5995144383164748,-0.9960865793591592,7.0816299576835755,1.0,2.9787142857142856,1540.0,-0.00013315391039281366,0.0012329870959684186
3.599381284406082,-0.996298607401363,7.082862944779544,1.0,2.9785,1541.0,-0.00013315391039281366,0.0012329870959684186
3.5992481304956887,-0.9965106354435668,7.084095931875512,1.0,2.978285714285714,1542.0,-0.00013315391039325775,0.0012329870959684186
3.599114976585296,-0.9967226634857707,7.085328918971481,1.0,2.9780714285714285,1543.0,-0.00013315391039281366,0.0012329870959684186
3.5989818226749026,-0.9969346915279744,7.086561906067449,1.0,2.9778571428571428,1544.0,-0.00013315391039325775,0.0012329870959684186
3.59884866876451,-0.9971467195701782,7.087794893163418,1.0,2.977642857142857,1545.0,-0.00013315391039281366,0.0012329870959684186
3.598715514854117,-0.997358747612382,7.089027880259386,1.0,2.9774285714285713,1546.0,-0.00013315391039281366,0.0012329870959684186
3.5985823609437237,-0.9975707756545859,7.090260867355354,1.0,2.9772142857142856,1547.0,-0.00013315391039325775,0.0012329870959684186
3.598449207033331,-0.9977828036967896,7.091493854451323,1.0,2.977,1548.0,-0.00013315391039281366,0.0012329870959684186
3.598326507580273,-0.9976643576718108,7.094324994889457,1.0,2.9768461538461537,1549.0,-0.0001226994530578729,0.002831140438134483
3.598203808127215,-0.997545911646832,7.097156135327593,1.0,2.9766923076923075,1550.0,-0.0001226994530578729,0.002831140438135371
3.5980811086741573,-0.9974274656218532,7.099987275765727,1.0,2.9765384615384614,1551.0,-0.0001226994530578729,0.002831140438134483
3.597958409221099,-0.9973090195968745,7.102818416203863,1.0,2.976384615384615,1552.0,-0.00012269945305831698,0.002831140438135371
3.597835709768041,-0.9971905735718957,7.105649556641997,1.0,2.976230769230769,1553.0,-0.0001226994530578729,0.002831140438134483
3.5977130103149833,-0.9970721275469169,7.108480697080132,1.0,2.976076923076923,1554.0,-0.0001226994530578729,0.002831140438135371
3.5975903108619254,-0.996953681521938,7.111311837518267,1.0,2.975923076923077,1555.0,-0.0001226994530578729,0.002831140438134483
3.5974676114088675,-0.9968352354969592,7.114142977956402,1.0,2.975769230769231,1556.0,-0.0001226994530578729,0.002831140438135371
3.5973449119558096,-0.9967167894719804,7.116974118394537,1.0,2.9756153846153848,1557.0,-0.0001226994530578729,0.002831140438134483
3.5972222125027513,-0.9965983434470016,7.119805258832672,1.0,2.9754615384615386,1558.0,-0.00012269945305831698,0.002831140438135371
3.5970995130496934,-0.9964798974220228,7.122636399270807,1.0,2.9753076923076924,1559.0,-0.0001226994530578729,0.002831140438134483
3.5969768135966356,-0.996361451397044,7.125467539708942,1.0,2.9751538461538463,1560.0,-0.0001226994530578729,0.002831140438135371
3.5968541141435777,-0.9962430053720652,7.1282986801470765,1.0,2.975,1561.0,-0.0001226994530578729,0.002831140438134483
3.5967299751523747,-0.9961895307804332,7.129420090470261,1.0,2.974846153846154,1562.0,-0.00012413899120300442,0.0011214103231846906
3.5966058361611717,-0.996136056188801,7.130541500793445,1.0,2.9746923076923077,1563.0,-0.00012413899120300442,0.0011214103231838024
3.5964816971699687,-0.9960825815971689,7.13166291111663,1.0,2.9745384615384616,1564.0,-0.00012413899120300442,0.0011214103231846906
3.5963575581787652,-0.9960291070055367,7.132784321439814,1.0,2.9743846153846154,1565.0,-0.0001241389912034485,0.0011214103231846906
3.5962334191875622,-0.9959756324139046,7.133905731762998,1.0,2.9742307692307692,1566.0,-0.00012413899120300442,0.0011214103231838024
3.5961092801963592,-0.9959221578222724,7.135027142086183,1.0,2.974076923076923,1567.0,-0.00012413899120300442,0.0011214103231846906
3.595985141205156,-0.9958686832306404,7.1361485524093675,1.0,2.973923076923077,1568.0,-0.00012413899120300442,0.0011214103231846906
3.595861002213953,-0.9958152086390082,7.137269962732552,1.0,2.9737692307692307,1569.0,-0.00012413899120300442,0.0011214103231846906
3.59573686322275,-0.9957617340473761,7.138391373055736,1.0,2.9736153846153845,1570.0,-0.00012413899120300442,0.0011214103231838024
3.5956127242315468,-0.9957082594557439,7.139512783378921,1.0,2.9734615384615384,1571.0,-0.0001241389912034485,0.0011214103231846906
3.5954885852403438,-0.9956547848641119,7.140634193702105,1.0,2.973307692307692,1572.0,-0.00012413899120300442,0.0011214103231846906
3.5953644462491408,-0.9956013102724797,7.141755604025289,1.0,2.973153846153846,1573.0,-0.00012413899120300442,0.0011214103231838024
3.5952403072579378,-0.9955478356808476,7.142877014348474,1.0,2.973,1574.0,-0.00012413899120300442,0.0011214103231846906
3.5951186959245325,-0.9955801523938781,7.1463956275119065,1.0,2.972857142857143,1575.0,-0.0001216113334052693,0.0035186131634326046
3.5949970845911268,-0.9956124691069085,7.149914240675339,1.0,2.9727142857142854,1576.0,-0.0001216113334057134,0.0035186131634326046
3.5948754732577215,-0.9956447858199389,7.153432853838773,1.0,2.9725714285714284,1577.0,-0.0001216113334052693,0.0035186131634334927
3.5947538619243162,-0.9956771025329694,7.156951467002205,1.0,2.9724285714285714,1578.0,-0.0001216113334052693,0.0035186131634326046
3.594632250590911,-0.9957094192459999,7.160470080165638,1.0,2.9722857142857144,1579.0,-0.0001216113334052693,0.0035186131634326046
3.5945106392575052,-0.9957417359590303,7.16398869332907,1.0,2.972142857142857,1580.0,-0.0001216113334057134,0.0035186131634326046
3.5943890279241,-0.9957740526720606,7.167507306492504,1.0,2.972,1581.0,-0.0001216113334052693,0.0035186131634334927
3.5942674165906947,-0.9958063693850912,7.1710259196559365,1.0,2.971857142857143,1582.0,-0.0001216113334052693,0.0035186131634326046
3.594145805257289,-0.9958386860981217,7.174544532819369,1.0,2.9717142857142855,1583.0,-0.0001216113334057134,0.0035186131634326046
3.5940241939238837,-0.995871002811152,7.178063145982802,1.0,2.9715714285714285,1584.0,-0.0001216113334052693,0.0035186131634326046
3.5939025825904785,-0.9959033195241824,7.181581759146234,1.0,2.9714285714285715,1585.0,-0.0001216113334052693,0.0035186131634326046
3.593780971257073,-0.9959356362372129,7.185100372309668,1.0,2.9712857142857145,1586.0,-0.0001216113334052693,0.0035186131634334927
3.5936593599236675,-0.9959679529502434,7.1886189854731,1.0,2.971142857142857,1587.0,-0.0001216113334057134,0.0035186131634326046
3.593537748590262,-0.9960002696632738,7.192137598636533,1.0,2.971,1588.0,-0.0001216113334052693,0.0035186131634326046
3.5934349281637017,-0.9958926367647305,7.194926507824112,1.0,2.970769230769231,1589.0,-0.0001028204265605126,0.002788909187579236
3.593332107737141,-0.9957850038661872,7.1977154170116915,1.0,2.9705384615384616,1590.0,-0.0001028204265605126,0.002788909187579236
3.5932292873105807,-0.9956773709676439,7.200504326199271,1.0,2.9703076923076925,1591.0,-0.0001028204265605126,0.002788909187579236
3.59312646688402,-0.9955697380691005,7.20329323538685,1.0,2.970076923076923,1592.0,-0.0001028204265605126,0.002788909187579236
3.5930236464574596,-0.9954621051705572,7.206082144574429,1.0,2.969846153846154,1593.0,-0.0001028204265605126,0.002788909187579236
3.592920826030899,-0.9953544722720139,7.208871053762008,1.0,2.9696153846153845,1594.0,-0.0001028204265605126,0.002788909187579236
3.592818005604339,-0.9952468393734707,7.211659962949588,1.0,2.9693846153846155,1595.0,-0.00010282042656006851,0.002788909187579236
3.5927151851777785,-0.9951392064749274,7.214448872137167,1.0,2.969153846153846,1596.0,-0.0001028204265605126,0.002788909187579236
3.592612364751218,-0.995031573576384,7.217237781324746,1.0,2.968923076923077,1597.0,-0.0001028204265605126,0.002788909187579236
3.5925095443246575,-0.9949239406778407,7.220026690512325,1.0,2.9686923076923075,1598.0,-0.0001028204265605126,0.002788909187579236
3.592406723898097,-0.9948163077792974,7.222815599699905,1.0,2.9684615384615385,1599.0,-0.0001028204265605126,0.002788909187579236
3.5923039034715365,-0.9947086748807541,7.225604508887484,1.0,2.968230769230769,1600.0,-0.0001028204265605126,0.002788909187579236
3.592201083044976,-0.9946010419822108,7.228393418075063,1.0,2.968,1601.0,-0.0001028204265605126,0.002788909187579236
3.592075345003713,-0.9945848224924762,7.228470039453061,1.0,2.967846153846154,1602.0,-0.00012573804126292387,7.662137799790969e-05
3.59194960696245,-0.9945686030027416,7.228546660831059,1.0,2.9676923076923076,1603.0,-0.00012573804126292387,7.662137799790969e-05
3.5918238689211868,-0.994552383513007,7.228623282209057,1.0,2.9675384615384615,1604.0,-0.00012573804126336796,7.662137799790969e-05
3.591698130879924,-0.9945361640232725,7.228699903587055,1.0,2.9673846153846153,1605.0,-0.00012573804126292387,7.662137799790969e-05
3.591572392838661,-0.9945199445335379,7.228776524965053,1.0,2.967230769230769,1606.0,-0.00012573804126292387,7.662137799790969e-05
3.591446654797398,-0.9945037250438032,7.2288531463430505,1.0,2.967076923076923,1607.0,-0.00012573804126292387,7.662137799790969e-05
3.5913209167561346,-0.9944875055540687,7.228929767721048,1.0,2.966923076923077,1608.0,-0.00012573804126336796,7.662137799702151e-05
3.5911951787148717,-0.9944712860643341,7.2290063890990455,1.0,2.966769230769231,1609.0,-0.00012573804126292387,7.662137799790969e-05
3.591069440673609,-0.9944550665745995,7.229083010477043,1.0,2.966615384615385,1610.0,-0.00012573804126292387,7.662137799790969e-05
3.590943702632346,-0.994438847084865,7.229159631855041,1.0,2.9664615384615387,1611.0,-0.00012573804126292387,7.662137799790969e-05
3.5908179645910825,-0.9944226275951303,7.229236253233039,1.0,2.9663076923076925,1612.0,-0.00012573804126336796,7.662137799790969e-05
3.5906922265498196,-0.9944064081053958,7.229312874611037,1.0,2.9661538461538464,1613.0,-0.00012573804126292387,7.662137799790969e-05
3.5905664885085566,-0.9943901886156612,7.229389495989035,1.0,2.966,1614.0,-0.00012573804126292387,7.662137799790969e-05
3.590437815841885,-0.9945593412923958,7.229530389310885,1.0,2.965857142857143,1615.0,-0.0001286726666718252,0.00014089332185029946
3.5903091431752125,-0.9947284939691302,7.2296712826327365,1.0,2.9657142857142857,1616.0,-0.0001286726666722693,0.00014089332185118764
3.5901804705085407,-0.9948976466458648,7.229812175954587,1.0,2.9655714285714287,1617.0,-0.0001286726666718252,0.00014089332185029946
3.590051797841869,-0.9950667993225992,7.229953069276437,1.0,2.9654285714285717,1618.0,-0.0001286726666718252,0.00014089332185029946
3.589923125175197,-0.9952359519993338,7.230093962598288,1.0,2.9652857142857143,1619.0,-0.0001286726666718252,0.00014089332185118764
3.589794452508525,-0.9954051046760682,7.230234855920139,1.0,2.9651428571428573,1620.0,-0.0001286726666722693,0.00014089332185029946
3.589665779841853,-0.9955742573528028,7.23037574924199,1.0,2.9650000000000003,1621.0,-0.0001286726666718252,0.00014089332185118764
3.589537107175181,-0.9957434100295374,7.23051664256384,1.0,2.964857142857143,1622.0,-0.0001286726666718252,0.00014089332185029946
3.589408434508509,-0.9959125627062718,7.23065753588569,1.0,2.964714285714286,1623.0,-0.0001286726666722693,0.00014089332185029946
3.589279761841837,-0.9960817153830064,7.230798429207542,1.0,2.9645714285714284,1624.0,-0.0001286726666718252,0.00014089332185118764
3.5891510891751652,-0.9962508680597408,7.230939322529392,1.0,2.9644285714285714,1625.0,-0.0001286726666718252,0.00014089332185029946
3.5890224165084934,-0.9964200207364754,7.231080215851242,1.0,2.9642857142857144,1626.0,-0.0001286726666718252,0.00014089332185029946
3.588893743841821,-0.9965891734132099,7.231221109173093,1.0,2.964142857142857,1627.0,-0.0001286726666722693,0.00014089332185118764
3.5887650711751493,-0.9967583260899444,7.231362002494944,1.0,2.964,1628.0,-0.0001286726666718252,0.00014089332185029946
3.5886614573983926,-0.9966259646967334,7.234385021033125,1.0,2.963846153846154,1629.0,-0.0001036137767567169,0.0030230185381814323
3.588557843621636,-0.9964936033035222,7.237408039571306,1.0,2.9636923076923076,1630.0,-0.0001036137767567169,0.003023018538180544
3.5884542298448787,-0.9963612419103112,7.240431058109487,1.0,2.9635384615384615,1631.0,-0.00010361377675716099,0.0030230185381814323
3.588350616068122,-0.9962288805171001,7.2434540766476685,1.0,2.9633846153846153,1632.0,-0.0001036137767567169,0.0030230185381814323
3.5882470022913653,-0.996096519123889,7.246477095185849,1.0,2.963230769230769,1633.0,-0.0001036137767567169,0.003023018538180544
3.5881433885146086,-0.9959641577306779,7.2495001137240305,1.0,2.963076923076923,1634.0,-0.0001036137767567169,0.0030230185381814323
3.5880397747378514,-0.9958317963374669,7.252523132262212,1.0,2.962923076923077,1635.0,-0.00010361377675716099,0.0030230185381814323
3.5879361609610947,-0.9956994349442558,7.255546150800393,1.0,2.962769230769231,1636.0,-0.0001036137767567169,0.0030230185381814323
3.587832547184338,-0.9955670735510447,7.258569169338574,1.0,2.962615384615385,1637.0,-0.0001036137767567169,0.003023018538180544
3.5877289334075813,-0.9954347121578336,7.261592187876755,1.0,2.9624615384615387,1638.0,-0.0001036137767567169,0.0030230185381814323
3.587625319630824,-0.9953023507646226,7.264615206414937,1.0,2.9623076923076925,1639.0,-0.00010361377675716099,0.0030230185381814323
3.5875217058540674,-0.9951699893714114,7.267638224953117,1.0,2.9621538461538464,1640.0,-0.0001036137767567169,0.003023018538180544
3.5874180920773107,-0.9950376279782004,7.270661243491299,1.0,2.962,1641.0,-0.0001036137767567169,0.0030230185381814323
3.587299763034174,-0.994989334334239,7.274432563548197,1.0,2.961769230769231,1642.0,-0.00011832904313680004,0.0037713200568978422
3.587181433991037,-0.9949410406902774,7.278203883605095,1.0,2.9615384615384617,1643.0,-0.00011832904313680004,0.0037713200568987304
3.5870631049479003,-0.994892747046316,7.281975203661993,1.0,2.9613076923076926,1644.0,-0.00011832904313680004,0.0037713200568978422
3.586944775904763,-0.9948444534023545,7.285746523718892,1.0,2.961076923076923,1645.0,-0.00011832904313724413,0.0037713200568987304
3.586826446861626,-0.9947961597583931,7.28951784377579,1.0,2.960846153846154,1646.0,-0.00011832904313680004,0.0037713200568978422
3.5867081178184894,-0.9947478661144317,7.2932891638326875,1.0,2.9606153846153846,1647.0,-0.00011832904313680004,0.0037713200568978422
3.5865897887753526,-0.9946995724704701,7.297060483889586,1.0,2.9603846153846156,1648.0,-0.00011832904313680004,0.0037713200568987304
3.586471459732216,-0.9946512788265087,7.300831803946484,1.0,2.960153846153846,1649.0,-0.00011832904313680004,0.0037713200568978422
3.586353130689079,-0.9946029851825473,7.304603124003382,1.0,2.959923076923077,1650.0,-0.00011832904313680004,0.0037713200568978422
3.5862348016459418,-0.9945546915385858,7.308374444060281,1.0,2.9596923076923076,1651.0,-0.00011832904313724413,0.0037713200568987304
3.586116472602805,-0.9945063978946244,7.3121457641171785,1.0,2.9594615384615386,1652.0,-0.00011832904313680004,0.0037713200568978422
3.585998143559668,-0.9944581042506628,7.315917084174077,1.0,2.959230769230769,1653.0,-0.00011832904313680004,0.0037713200568987304
3.5858798145165314,-0.9944098106067014,7.319688404230975,1.0,2.959,1654.0,-0.00011832904313680004,0.0037713200568978422
3.585769508266092,-0.994458337539334,7.320318762819639,1.0,2.9589285714285714,1655.0,-0.00011030625043950693,0.0006303585886637819
3.5856592020156524,-0.9945068644719667,7.320949121408303,1.0,2.958857142857143,1656.0,-0.00011030625043950693,0.0006303585886637819
3.585548895765213,-0.9945553914045993,7.3215794799969665,1.0,2.9587857142857144,1657.0,-0.00011030625043950693,0.0006303585886637819
3.585438589514773,-0.9946039183372318,7.32220983858563,1.0,2.9587142857142856,1658.0,-0.00011030625043995101,0.0006303585886637819
3.5853282832643334,-0.9946524452698645,7.322840197174294,1.0,2.9586428571428574,1659.0,-0.00011030625043950693,0.0006303585886637819
3.585217977013894,-0.9947009722024971,7.323470555762958,1.0,2.9585714285714286,1660.0,-0.00011030625043950693,0.0006303585886637819
3.5851076707634544,-0.9947494991351297,7.324100914351622,1.0,2.9585000000000004,1661.0,-0.00011030625043950693,0.0006303585886637819
3.584997364513015,-0.9947980260677624,7.324731272940286,1.0,2.9584285714285716,1662.0,-0.00011030625043950693,0.0006303585886646701
3.5848870582625754,-0.9948465530003949,7.32536163152895,1.0,2.958357142857143,1663.0,-0.00011030625043950693,0.0006303585886637819
3.584776752012136,-0.9948950799330276,7.325991990117614,1.0,2.9582857142857146,1664.0,-0.00011030625043950693,0.0006303585886637819
3.584666445761696,-0.9949436068656602,7.326622348706278,1.0,2.958214285714286,1665.0,-0.00011030625043995101,0.0006303585886637819
3.5845561395112564,-0.9949921337982928,7.327252707294941,1.0,2.958142857142857,1666.0,-0.00011030625043950693,0.0006303585886637819
3.584445833260817,-0.9950406607309255,7.327883065883605,1.0,2.958071428571429,1667.0,-0.00011030625043950693,0.0006303585886637819
3.5843355270103774,-0.995089187663558,7.328513424472269,1.0,2.958,1668.0,-0.00011030625043950693,0.0006303585886637819
3.5842271564263206,-0.9950246441541362,7.330538652216162,1.0,2.957846153846154,1669.0,-0.00010837058405677169,0.002025227743892799
3.584118785842264,-0.9949601006447143,7.332563879960054,1.0,2.957692307692308,1670.0,-0.00010837058405677169,0.002025227743891911
3.5840104152582075,-0.9948955571352924,7.3345891077039465,1.0,2.9575384615384617,1671.0,-0.0001083705840563276,0.002025227743892799
3.5839020446741507,-0.9948310136258707,7.336614335447838,1.0,2.9573846153846155,1672.0,-0.00010837058405677169,0.002025227743891911
3.583793674090094,-0.9947664701164488,7.338639563191731,1.0,2.9572307692307693,1673.0,-0.00010837058405677169,0.002025227743892799
3.583685303506037,-0.9947019266070269,7.340664790935624,1.0,2.957076923076923,1674.0,-0.00010837058405677169,0.002025227743892799
3.583576932921981,-0.9946373830976051,7.342690018679516,1.0,2.956923076923077,1675.0,-0.0001083705840563276,0.002025227743891911
3.583468562337924,-0.9945728395881832,7.344715246423409,1.0,2.956769230769231,1676.0,-0.00010837058405677169,0.002025227743892799
3.5833601917538673,-0.9945082960787613,7.3467404741673015,1.0,2.9566153846153846,1677.0,-0.00010837058405677169,0.002025227743892799
3.5832518211698106,-0.9944437525693396,7.348765701911193,1.0,2.9564615384615385,1678.0,-0.00010837058405677169,0.002025227743891911
3.5831434505857542,-0.9943792090599177,7.350790929655086,1.0,2.9563076923076923,1679.0,-0.0001083705840563276,0.002025227743892799
3.5830350800016975,-0.9943146655504959,7.352816157398978,1.0,2.956153846153846,1680.0,-0.00010837058405677169,0.002025227743891911
3.5829267094176407,-0.994250122041074,7.354841385142871,1.0,2.956,1681.0,-0.00010837058405677169,0.002025227743892799
3.582809541194798,-0.9942337551399336,7.356795996465475,1.0,2.955857142857143,1682.0,-0.00011716822284268957,0.001954611322604549
3.582692372971955,-0.9942173882387931,7.358750607788081,1.0,2.9557142857142855,1683.0,-0.00011716822284313366,0.0019546113226054374
3.582575204749112,-0.9942010213376526,7.360705219110685,1.0,2.9555714285714285,1684.0,-0.00011716822284268957,0.001954611322604549
3.582458036526269,-0.9941846544365123,7.362659830433291,1.0,2.9554285714285715,1685.0,-0.00011716822284313366,0.0019546113226054374
3.5823408683034264,-0.9941682875353719,7.364614441755895,1.0,2.9552857142857145,1686.0,-0.00011716822284268957,0.001954611322604549
3.582223700080583,-0.9941519206342314,7.366569053078501,1.0,2.955142857142857,1687.0,-0.00011716822284313366,0.0019546113226054374
3.5821065318577405,-0.9941355537330909,7.368523664401105,1.0,2.955,1688.0,-0.00011716822284268957,0.001954611322604549
3.581989363634898,-0.9941191868319506,7.37047827572371,1.0,2.954857142857143,1689.0,-0.00011716822284268957,0.001954611322604549
3.5818721954120547,-0.9941028199308102,7.372432887046315,1.0,2.9547142857142856,1690.0,-0.00011716822284313366,0.0019546113226054374
3.581755027189212,-0.9940864530296697,7.37438749836892,1.0,2.9545714285714286,1691.0,-0.00011716822284268957,0.001954611322604549
3.581637858966369,-0.9940700861285292,7.376342109691525,1.0,2.9544285714285716,1692.0,-0.00011716822284313366,0.0019546113226054374
3.581520690743526,-0.9940537192273888,7.37829672101413,1.0,2.9542857142857146,1693.0,-0.00011716822284268957,0.001954611322604549
3.581403522520683,-0.9940373523262485,7.380251332336735,1.0,2.954142857142857,1694.0,-0.00011716822284313366,0.0019546113226054374
3.5812863542978404,-0.994020985425108,7.38220594365934,1.0,2.954,1695.0,-0.00011716822284268957,0.001954611322604549
3.581183637553562,-0.9941093972043786,7.383826598457591,1.0,2.953923076923077,1696.0,-0.00010271674427819733,0.001620654798251131
3.581080920809284,-0.9941978089836492,7.385447253255843,1.0,2.953846153846154,1697.0,-0.00010271674427819733,0.0016206547982520192
3.5809782040650058,-0.9942862207629198,7.387067908054094,1.0,2.9537692307692307,1698.0,-0.00010271674427819733,0.001620654798251131
3.5808754873207276,-0.9943746325421904,7.388688562852345,1.0,2.953692307692308,1699.0,-0.00010271674427819733,0.001620654798251131
3.5807727705764494,-0.994463044321461,7.390309217650597,1.0,2.9536153846153845,1700.0,-0.00010271674427819733,0.0016206547982520192
3.580670053832171,-0.9945514561007317,7.3919298724488485,1.0,2.9535384615384617,1701.0,-0.00010271674427819733,0.001620654798251131
3.580567337087893,-0.9946398678800022,7.3935505272471,1.0,2.9534615384615384,1702.0,-0.00010271674427819733,0.001620654798251131
3.580464620343615,-0.9947282796592729,7.395171182045351,1.0,2.9533846153846155,1703.0,-0.00010271674427819733,0.001620654798251131
3.5803619035993366,-0.9948166914385436,7.396791836843603,1.0,2.953307692307692,1704.0,-0.00010271674427819733,0.0016206547982520192
3.5802591868550584,-0.9949051032178141,7.398412491641854,1.0,2.9532307692307693,1705.0,-0.00010271674427819733,0.001620654798251131
3.58015647011078,-0.9949935149970848,7.400033146440105,1.0,2.953153846153846,1706.0,-0.00010271674427819733,0.001620654798251131
3.580053753366502,-0.9950819267763553,7.401653801238357,1.0,2.953076923076923,1707.0,-0.00010271674427819733,0.0016206547982520192
3.579951036622224,-0.995170338555626,7.403274456036608,1.0,2.953,1708.0,-0.00010271674427819733,0.001620654798251131
3.5798514836311517,-0.9952072481218955,7.410048384658956,1.0,2.9528461538461537,1709.0,-9.955299107211601e-05,0.0067739286223478246
3.5797519306400796,-0.995244157688165,7.416822313281305,1.0,2.9526923076923075,1710.0,-9.955299107211601e-05,0.006773928622348713
3.579652377649007,-0.9952810672544345,7.4235962419036525,1.0,2.9525384615384613,1711.0,-9.95529910725601e-05,0.0067739286223478246
3.579552824657935,-0.995317976820704,7.430370170526,1.0,2.952384615384615,1712.0,-9.955299107211601e-05,0.0067739286223478246
3.579453271666863,-0.9953548863869736,7.437144099148349,1.0,2.952230769230769,1713.0,-9.955299107211601e-05,0.006773928622348713
3.5793537186757907,-0.995391795953243,7.443918027770697,1.0,2.952076923076923,1714.0,-9.955299107211601e-05,0.0067739286223478246
3.579254165684718,-0.9954287055195126,7.450691956393045,1.0,2.951923076923077,1715.0,-9.95529910725601e-05,0.0067739286223478246
3.579154612693646,-0.995465615085782,7.4574658850153925,1.0,2.951769230769231,1716.0,-9.955299107211601e-05,0.0067739286223478246
3.579055059702574,-0.9955025246520516,7.464239813637741,1.0,2.9516153846153848,1717.0,-9.955299107211601e-05,0.006773928622348713
3.5789555067115018,-0.995539434218321,7.471013742260089,1.0,2.9514615384615386,1718.0,-9.955299107211601e-05,0.0067739286223478246
3.578855953720429,-0.9955763437845906,7.477787670882437,1.0,2.9513076923076924,1719.0,-9.95529910725601e-05,0.0067739286223478246
3.578756400729357,-0.99561325335086,7.484561599504786,1.0,2.9511538461538462,1720.0,-9.955299107211601e-05,0.006773928622348713
3.578656847738285,-0.9956501629171296,7.491335528127133,1.0,2.951,1721.0,-9.955299107211601e-05,0.0067739286223478246
3.5785419997400814,-0.9956691133427471,7.491663821844517,1.0,2.9507857142857143,1722.0,-0.00011484799820360436,0.00032829371738340996
3.5784271517418773,-0.9956880637683646,7.4919921155619,1.0,2.9505714285714286,1723.0,-0.00011484799820404845,0.00032829371738340996
3.5783123037436737,-0.9957070141939821,7.492320409279284,1.0,2.950357142857143,1724.0,-0.00011484799820360436,0.00032829371738340996
3.5781974557454697,-0.9957259646195996,7.492648702996666,1.0,2.950142857142857,1725.0,-0.00011484799820404845,0.0003282937173825218
3.578082607747266,-0.9957449150452171,7.49297699671405,1.0,2.9499285714285715,1726.0,-0.00011484799820360436,0.00032829371738340996
3.577967759749062,-0.9957638654708346,7.493305290431433,1.0,2.9497142857142857,1727.0,-0.00011484799820404845,0.00032829371738340996
3.5778529117508584,-0.9957828158964522,7.493633584148816,1.0,2.9495,1728.0,-0.00011484799820360436,0.00032829371738340996
3.577738063752655,-0.9958017663220697,7.4939618778662,1.0,2.9492857142857143,1729.0,-0.00011484799820360436,0.00032829371738340996
3.5776232157544507,-0.9958207167476872,7.494290171583583,1.0,2.9490714285714286,1730.0,-0.00011484799820404845,0.00032829371738340996
3.577508367756247,-0.9958396671733047,7.494618465300967,1.0,2.948857142857143,1731.0,-0.00011484799820360436,0.00032829371738340996
3.577393519758043,-0.9958586175989222,7.494946759018349,1.0,2.948642857142857,1732.0,-0.00011484799820404845,0.0003282937173825218
3.5772786717598395,-0.9958775680245397,7.495275052735733,1.0,2.9484285714285714,1733.0,-0.00011484799820360436,0.00032829371738340996
3.5771638237616354,-0.9958965184501573,7.495603346453116,1.0,2.9482142857142857,1734.0,-0.00011484799820404845,0.00032829371738340996
3.577048975763432,-0.9959154688757748,7.495931640170499,1.0,2.948,1735.0,-0.00011484799820360436,0.00032829371738340996
3.5769454449531257,-0.9959847404676978,7.499107507406955,1.0,2.948,1736.0,-0.00010353081030611833,0.0031758672364556872
3.576841914142819,-0.9960540120596209,7.50228337464341,1.0,2.948,1737.0,-0.00010353081030656242,0.003175867236454799
3.576738383332513,-0.9961232836515439,7.505459241879866,1.0,2.948,1738.0,-0.00010353081030611833,0.0031758672364556872
3.5766348525222065,-0.996192555243467,7.50863510911632,1.0,2.948,1739.0,-0.00010353081030656242,0.003175867236454799
3.5765313217119004,-0.99626182683539,7.511810976352776,1.0,2.948,1740.0,-0.00010353081030611833,0.0031758672364556872
3.576427790901594,-0.996331098427313,7.514986843589231,1.0,2.948,1741.0,-0.00010353081030656242,0.003175867236454799
3.5763242600912877,-0.9964003700192361,7.5181627108256865,1.0,2.948,1742.0,-0.00010353081030611833,0.0031758672364556872
3.576220729280981,-0.9964696416111591,7.521338578062141,1.0,2.948,1743.0,-0.00010353081030656242,0.003175867236454799
3.576117198470675,-0.9965389132030822,7.524514445298597,1.0,2.948,1744.0,-0.00010353081030611833,0.0031758672364556872
3.5760136676603684,-0.9966081847950052,7.527690312535052,1.0,2.948,1745.0,-0.00010353081030656242,0.003175867236454799
3.5759101368500623,-0.9966774563869283,7.5308661797715075,1.0,2.948,1746.0,-0.00010353081030611833,0.0031758672364556872
3.5758066060397558,-0.9967467279788513,7.534042047007962,1.0,2.948,1747.0,-0.00010353081030656242,0.003175867236454799
3.5757030752294496,-0.9968159995707744,7.537217914244418,1.0,2.948,1748.0,-0.00010353081030611833,0.0031758672364556872
3.5755862878873277,-0.9967415028555944,7.537966572244706,1.0,2.947846153846154,1749.0,-0.00011678734212194897,0.000748658000287783
3.5754695005452053,-0.9966670061404144,7.538715230244993,1.0,2.9476923076923076,1750.0,-0.00011678734212239306,0.0007486580002868948
3.5753527132030833,-0.9965925094252343,7.5394638882452805,1.0,2.9475384615384614,1751.0,-0.00011678734212194897,0.000748658000287783
3.5752359258609614,-0.9965180127100542,7.540212546245567,1.0,2.9473846153846153,1752.0,-0.00011678734212194897,0.0007486580002868948
3.575119138518839,-0.9964435159948742,7.540961204245855,1.0,2.947230769230769,1753.0,-0.00011678734212239306,0.000748658000287783
3.575002351176717,-0.9963690192796942,7.541709862246143,1.0,2.947076923076923,1754.0,-0.00011678734212194897,0.000748658000287783
3.574885563834595,-0.9962945225645141,7.54245852024643,1.0,2.946923076923077,1755.0,-0.00011678734212194897,0.0007486580002868948
3.574768776492473,-0.9962200258493341,7.543207178246718,1.0,2.946769230769231,1756.0,-0.00011678734212194897,0.000748658000287783
3.5746519891503508,-0.9961455291341541,7.543955836247005,1.0,2.946615384615385,1757.0,-0.00011678734212239306,0.000748658000287783
3.574535201808229,-0.9960710324189741,7.544704494247292,1.0,2.9464615384615387,1758.0,-0.00011678734212194897,0.0007486580002868948
3.574418414466107,-0.995996535703794,7.54545315224758,1.0,2.9463076923076925,1759.0,-0.00011678734212194897,0.000748658000287783
3.5743016271239845,-0.995922038988614,7.546201810247867,1.0,2.9461538461538463,1760.0,-0.00011678734212239306,0.0007486580002868948
3.5741848397818625,-0.995847542273434,7.546950468248155,1.0,2.946,1761.0,-0.00011678734212194897,0.000748658000287783
3.5740758377470154,-0.9958181987264909,7.5467234984729155,1.0,2.9457857142857145,1762.0,-0.00010900203484709436,-0.00022696977523928297
3.5739668357121683,-0.9957888551795477,7.546496528697675,1.0,2.9455714285714287,1763.0,-0.00010900203484709436,-0.00022696977524017115
3.573857833677321,-0.9957595116326047,7.546269558922436,1.0,2.945357142857143,1764.0,-0.00010900203484753845,-0.00022696977523928297
3.5737488316424737,-0.9957301680856616,7.546042589147197,1.0,2.9451428571428573,1765.0,-0.00010900203484709436,-0.00022696977523928297
3.5736398296076266,-0.9957008245387184,7.545815619371957,1.0,2.9449285714285716,1766.0,-0.00010900203484709436,-0.00022696977523928297
3.5735308275727795,-0.9956714809917754,7.545588649596717,1.0,2.944714285714286,1767.0,-0.00010900203484709436,-0.00022696977524017115
3.573421825537932,-0.9956421374448322,7.545361679821478,1.0,2.9445,1768.0,-0.00010900203484753845,-0.00022696977523928297
3.573312823503085,-0.9956127938978891,7.545134710046239,1.0,2.9442857142857144,1769.0,-0.00010900203484709436,-0.00022696977523928297
3.573203821468238,-0.9955834503509461,7.5449077402709985,1.0,2.9440714285714287,1770.0,-0.00010900203484709436,-0.00022696977524017115
3.5730948194333907,-0.9955541068040029,7.544680770495759,1.0,2.943857142857143,1771.0,-0.00010900203484709436,-0.00022696977523928297
3.5729858173985436,-0.9955247632570599,7.54445380072052,1.0,2.9436428571428572,1772.0,-0.00010900203484709436,-0.00022696977523928297
3.572876815363696,-0.9954954197101168,7.544226830945281,1.0,2.9434285714285715,1773.0,-0.00010900203484753845,-0.00022696977523928297
3.572767813328849,-0.9954660761631736,7.5439998611700405,1.0,2.943214285714286,1774.0,-0.00010900203484709436,-0.00022696977524017115
3.572658811294002,-0.9954367326162306,7.543772891394801,1.0,2.943,1775.0,-0.00010900203484709436,-0.00022696977523928297
3.5725600506597464,-0.995656981870541,7.547757320023385,1.0,2.942846153846154,1776.0,-9.876063425551251e-05,0.003984428628584169
3.572461290025491,-0.9958772311248513,7.55174174865197,1.0,2.9426923076923077,1777.0,-9.876063425551251e-05,0.003984428628584169
3.5723625293912358,-0.9960974803791617,7.555726177280555,1.0,2.9425384615384615,1778.0,-9.876063425506842e-05,0.003984428628585057
3.5722637687569803,-0.996317729633472,7.559710605909139,1.0,2.9423846153846154,1779.0,-9.876063425551251e-05,0.003984428628584169
3.5721650081227247,-0.9965379788877824,7.563695034537723,1.0,2.942230769230769,1780.0,-9.876063425551251e-05,0.003984428628584169
3.5720662474884692,-0.9967582281420927,7.567679463166307,1.0,2.942076923076923,1781.0,-9.876063425551251e-05,0.003984428628584169
3.571967486854214,-0.9969784773964031,7.571663891794892,1.0,2.941923076923077,1782.0,-9.876063425506842e-05,0.003984428628585057
3.5718687262199587,-0.9971987266507134,7.575648320423476,1.0,2.9417692307692307,1783.0,-9.876063425551251e-05,0.003984428628584169
3.571769965585703,-0.9974189759050238,7.5796327490520605,1.0,2.9416153846153845,1784.0,-9.876063425551251e-05,0.003984428628584169
3.5716712049514476,-0.9976392251593341,7.583617177680645,1.0,2.9414615384615383,1785.0,-9.876063425551251e-05,0.003984428628584169
3.5715724443171926,-0.9978594744136445,7.58760160630923,1.0,2.941307692307692,1786.0,-9.876063425506842e-05,0.003984428628585057
3.571473683682937,-0.9980797236679548,7.591586034937814,1.0,2.941153846153846,1787.0,-9.876063425551251e-05,0.003984428628584169
3.5713749230486815,-0.9982999729222652,7.595570463566398,1.0,2.941,1788.0,-9.876063425551251e-05,0.003984428628584169
3.571270863704439,-0.9981760405343434,7.595318988040035,1.0,2.940857142857143,1789.0,-0.00010405934424273511,-0.0002514755263627322
3.5711668043601965,-0.9980521081464215,7.5950675125136735,1.0,2.9407142857142854,1790.0,-0.00010405934424229102,-0.000251475526361844
3.5710627450159538,-0.9979281757584998,7.594816036987311,1.0,2.9405714285714284,1791.0,-0.00010405934424273511,-0.0002514755263627322
3.570958685671711,-0.9978042433705779,7.594564561460948,1.0,2.9404285714285714,1792.0,-0.00010405934424273511,-0.0002514755263627322
3.5708546263274688,-0.9976803109826561,7.594313085934586,1.0,2.9402857142857144,1793.0,-0.00010405934424229102,-0.000251475526361844
3.570750566983226,-0.9975563785947342,7.5940616104082235,1.0,2.940142857142857,1794.0,-0.00010405934424273511,-0.0002514755263627322
3.5706465076389837,-0.9974324462068125,7.593810134881861,1.0,2.94,1795.0,-0.00010405934424229102,-0.0002514755263627322
3.570542448294741,-0.9973085138188906,7.593558659355499,1.0,2.939857142857143,1796.0,-0.00010405934424273511,-0.000251475526361844
3.5704383889504983,-0.9971845814309688,7.593307183829136,1.0,2.9397142857142855,1797.0,-0.00010405934424273511,-0.0002514755263627322
3.570334329606256,-0.9970606490430469,7.593055708302774,1.0,2.9395714285714285,1798.0,-0.00010405934424229102,-0.000251475526361844
3.5702302702620132,-0.9969367166551251,7.592804232776412,1.0,2.9394285714285715,1799.0,-0.00010405934424273511,-0.0002514755263627322
3.5701262109177705,-0.9968127842672033,7.592552757250049,1.0,2.9392857142857145,1800.0,-0.00010405934424273511,-0.0002514755263627322
3.570022151573528,-0.9966888518792815,7.592301281723687,1.0,2.939142857142857,1801.0,-0.00010405934424229102,-0.000251475526361844
3.5699180922292855,-0.9965649194913596,7.592049806197324,1.0,2.939,1802.0,-0.00010405934424273511,-0.0002514755263627322
3.5698005252853204,-0.9964350576396745,7.592699267963982,1.0,2.938769230769231,1803.0,-0.00011756694396503065,0.0006494617666579217
3.569682958341355,-0.9963051957879895,7.59334872973064,1.0,2.9385384615384615,1804.0,-0.00011756694396547474,0.0006494617666579217
3.56956539139739,-0.9961753339363044,7.593998191497298,1.0,2.9383076923076925,1805.0,-0.00011756694396503065,0.0006494617666579217
3.5694478244534245,-0.9960454720846195,7.594647653263957,1.0,2.938076923076923,1806.0,-0.00011756694396547474,0.0006494617666588098
3.5693302575094594,-0.9959156102329344,7.595297115030615,1.0,2.937846153846154,1807.0,-0.00011756694396503065,0.0006494617666579217
3.5692126905654944,-0.9957857483812493,7.595946576797273,1.0,2.9376153846153845,1808.0,-0.00011756694396503065,0.0006494617666579217
3.569095123621529,-0.9956558865295643,7.596596038563931,1.0,2.9373846153846155,1809.0,-0.00011756694396547474,0.0006494617666579217
3.568977556677564,-0.9955260246778792,7.5972455003305885,1.0,2.937153846153846,1810.0,-0.00011756694396503065,0.0006494617666579217
3.568859989733599,-0.9953961628261941,7.5978949620972465,1.0,2.936923076923077,1811.0,-0.00011756694396503065,0.0006494617666579217
3.5687424227896334,-0.9952663009745092,7.598544423863905,1.0,2.9366923076923075,1812.0,-0.00011756694396547474,0.0006494617666588098
3.5686248558456684,-0.9951364391228241,7.599193885630563,1.0,2.9364615384615385,1813.0,-0.00011756694396503065,0.0006494617666579217
3.568507288901703,-0.9950065772711391,7.599843347397221,1.0,2.936230769230769,1814.0,-0.00011756694396547474,0.0006494617666579217
3.568389721957738,-0.994876715419454,7.600492809163879,1.0,2.936,1815.0,-0.00011756694396503065,0.0006494617666579217
3.5682928129746765,-0.994790548412822,7.603870922410338,1.0,2.9358461538461538,1816.0,-9.69089830613612e-05,0.0033781132464589803
3.5681959039916147,-0.99470438140619,7.607249035656797,1.0,2.9356923076923076,1817.0,-9.690898306180529e-05,0.0033781132464589803
3.5680989950085533,-0.994618214399558,7.610627148903256,1.0,2.9355384615384614,1818.0,-9.69089830613612e-05,0.0033781132464589803
3.5680020860254915,-0.9945320473929261,7.614005262149716,1.0,2.9353846153846153,1819.0,-9.690898306180529e-05,0.0033781132464598684
3.56790517704243,-0.9944458803862941,7.617383375396175,1.0,2.935230769230769,1820.0,-9.69089830613612e-05,0.0033781132464589803
3.5678082680593683,-0.9943597133796621,7.620761488642634,1.0,2.935076923076923,1821.0,-9.690898306180529e-05,0.0033781132464589803
3.567711359076307,-0.9942735463730301,7.624139601889093,1.0,2.934923076923077,1822.0,-9.69089830613612e-05,0.0033781132464589803
3.567614450093245,-0.9941873793663981,7.627517715135552,1.0,2.934769230769231,1823.0,-9.690898306180529e-05,0.0033781132464589803
3.567517541110184,-0.9941012123597661,7.630895828382011,1.0,2.934615384615385,1824.0,-9.69089830613612e-05,0.0033781132464589803
3.567420632127122,-0.9940150453531342,7.634273941628471,1.0,2.9344615384615387,1825.0,-9.690898306180529e-05,0.0033781132464598684
3.5673237231440607,-0.9939288783465022,7.63765205487493,1.0,2.9343076923076925,1826.0,-9.69089830613612e-05,0.0033781132464589803
3.567226814160999,-0.9938427113398702,7.641030168121389,1.0,2.9341538461538463,1827.0,-9.690898306180529e-05,0.0033781132464589803
3.5671299051779375,-0.9937565443332382,7.644408281367848,1.0,2.934,1828.0,-9.69089830613612e-05,0.0033781132464589803
3.5670279599270405,-0.9935656294837004,7.646074473197705,1.0,2.9337857142857144,1829.0,-0.00010194525089701756,0.0016661918298570555
3.5669260146761435,-0.9933747146341626,7.647740665027562,1.0,2.9335714285714287,1830.0,-0.00010194525089701756,0.0016661918298570555
3.5668240694252464,-0.9931837997846248,7.649406856857419,1.0,2.933357142857143,1831.0,-0.00010194525089701756,0.0016661918298570555
3.566722124174349,-0.9929928849350869,7.651073048687275,1.0,2.9331428571428573,1832.0,-0.00010194525089746165,0.0016661918298561673
3.566620178923452,-0.992801970085549,7.652739240517132,1.0,2.9329285714285716,1833.0,-0.00010194525089701756,0.0016661918298570555
3.566518233672555,-0.9926110552360112,7.654405432346989,1.0,2.932714285714286,1834.0,-0.00010194525089701756,0.0016661918298570555
3.566416288421658,-0.9924201403864734,7.656071624176846,1.0,2.9325,1835.0,-0.00010194525089701756,0.0016661918298570555
3.566314343170761,-0.9922292255369356,7.657737816006703,1.0,2.9322857142857144,1836.0,-0.00010194525089701756,0.0016661918298570555
3.566212397919864,-0.9920383106873978,7.65940400783656,1.0,2.9320714285714287,1837.0,-0.00010194525089701756,0.0016661918298570555
3.566110452668967,-0.99184739583786,7.661070199666417,1.0,2.931857142857143,1838.0,-0.00010194525089701756,0.0016661918298570555
3.5660085074180694,-0.991656480988322,7.662736391496273,1.0,2.931642857142857,1839.0,-0.00010194525089746165,0.0016661918298561673
3.5659065621671724,-0.9914655661387842,7.6644025833261304,1.0,2.9314285714285715,1840.0,-0.00010194525089701756,0.0016661918298570555
3.5658046169162754,-0.9912746512892464,7.6660687751559875,1.0,2.9312142857142858,1841.0,-0.00010194525089701756,0.0016661918298570555
3.5657026716653784,-0.9910837364397086,7.667734966985845,1.0,2.931,1842.0,-0.00010194525089701756,0.0016661918298570555
3.5655863293005066,-0.9913722226278042,7.6698414357400235,1.0,2.930769230769231,1843.0,-0.00011634236487179095,0.0021064687541789695
3.5654699869356348,-0.9916607088158997,7.6719479044942025,1.0,2.9305384615384615,1844.0,-0.00011634236487179095,0.0021064687541789695
3.565353644570763,-0.9919491950039954,7.6740543732483815,1.0,2.9303076923076925,1845.0,-0.00011634236487179095,0.0021064687541789695
3.5652373022058907,-0.9922376811920909,7.6761608420025595,1.0,2.930076923076923,1846.0,-0.00011634236487223504,0.0021064687541780813
3.565120959841019,-0.9925261673801865,7.6782673107567385,1.0,2.929846153846154,1847.0,-0.00011634236487179095,0.0021064687541789695
3.565004617476147,-0.9928146535682821,7.6803737795109175,1.0,2.9296153846153845,1848.0,-0.00011634236487179095,0.0021064687541789695
3.5648882751112754,-0.9931031397563777,7.6824802482650965,1.0,2.9293846153846155,1849.0,-0.00011634236487179095,0.0021064687541789695
3.5647719327464036,-0.9933916259444733,7.684586717019275,1.0,2.929153846153846,1850.0,-0.00011634236487179095,0.0021064687541789695
3.564655590381532,-0.9936801121325689,7.686693185773454,1.0,2.928923076923077,1851.0,-0.00011634236487179095,0.0021064687541789695
3.5645392480166596,-0.9939685983206644,7.6887996545276325,1.0,2.9286923076923075,1852.0,-0.00011634236487223504,0.0021064687541780813
3.5644229056517878,-0.99425708450876,7.6909061232818114,1.0,2.9284615384615384,1853.0,-0.00011634236487179095,0.0021064687541789695
3.564306563286916,-0.9945455706968556,7.69301259203599,1.0,2.928230769230769,1854.0,-0.00011634236487179095,0.0021064687541789695
3.564190220922044,-0.9948340568849512,7.695119060790169,1.0,2.928,1855.0,-0.00011634236487179095,0.0021064687541789695
3.564083387239626,-0.9949305247449718,7.697540316168946,1.0,2.9280714285714287,1856.0,-0.00010683368241837243,0.0024212553787767988
3.563976553557207,-0.9950269926049923,7.699961571547723,1.0,2.928142857142857,1857.0,-0.00010683368241881652,0.0024212553787767988
3.5638697198747886,-0.9951234604650129,7.702382826926499,1.0,2.9282142857142857,1858.0,-0.00010683368241837243,0.0024212553787759106
3.5637628861923702,-0.9952199283250335,7.704804082305276,1.0,2.9282857142857144,1859.0,-0.00010683368241837243,0.0024212553787767988
3.563656052509952,-0.995316396185054,7.7072253376840525,1.0,2.9283571428571427,1860.0,-0.00010683368241837243,0.0024212553787767988
3.563549218827533,-0.9954128640450746,7.709646593062829,1.0,2.9284285714285714,1861.0,-0.00010683368241881652,0.0024212553787767988
3.5634423851451147,-0.995509331905095,7.712067848441605,1.0,2.9284999999999997,1862.0,-0.00010683368241837243,0.0024212553787759106
3.5633355514626963,-0.9956057997651157,7.714489103820382,1.0,2.9285714285714284,1863.0,-0.00010683368241837243,0.0024212553787767988
3.5632287177802775,-0.9957022676251363,7.716910359199159,1.0,2.928642857142857,1864.0,-0.00010683368241881652,0.0024212553787767988
3.563121884097859,-0.9957987354851567,7.719331614577936,1.0,2.9287142857142854,1865.0,-0.00010683368241837243,0.0024212553787767988
3.5630150504154408,-0.9958952033451773,7.721752869956712,1.0,2.928785714285714,1866.0,-0.00010683368241837243,0.0024212553787767988
3.5629082167330224,-0.9959916712051979,7.724174125335488,1.0,2.928857142857143,1867.0,-0.00010683368241837243,0.0024212553787759106
3.5628013830506036,-0.9960881390652184,7.726595380714265,1.0,2.928928571428571,1868.0,-0.00010683368241881652,0.0024212553787767988
3.562694549368185,-0.996184606925239,7.729016636093042,1.0,2.929,1869.0,-0.00010683368241837243,0.0024212553787767988
3.5626230902687275,-0.9958331344977546,7.730946631064743,1.0,2.929153846153846,1870.0,-7.145909945771578e-05,0.001929994971701099
3.5625516311692693,-0.9954816620702701,7.732876626036444,1.0,2.929307692307692,1871.0,-7.145909945815987e-05,0.001929994971701099
3.5624801720698116,-0.9951301896427855,7.734806621008146,1.0,2.9294615384615383,1872.0,-7.145909945771578e-05,0.001929994971701987
3.5624087129703534,-0.9947787172153011,7.736736615979847,1.0,2.9296153846153845,1873.0,-7.145909945815987e-05,0.001929994971701099
3.5623372538708957,-0.9944272447878166,7.738666610951548,1.0,2.9297692307692307,1874.0,-7.145909945771578e-05,0.001929994971701099
3.562265794771438,-0.9940757723603322,7.740596605923249,1.0,2.929923076923077,1875.0,-7.145909945771578e-05,0.001929994971701099
3.56219433567198,-0.9937242999328476,7.742526600894951,1.0,2.930076923076923,1876.0,-7.145909945815987e-05,0.001929994971701987
3.562122876572522,-0.9933728275053632,7.7444565958666525,1.0,2.930230769230769,1877.0,-7.145909945771578e-05,0.001929994971701099
3.5620514174730644,-0.9930213550778787,7.746386590838354,1.0,2.9303846153846154,1878.0,-7.145909945771578e-05,0.001929994971701099
3.5619799583736063,-0.9926698826503942,7.748316585810055,1.0,2.9305384615384615,1879.0,-7.145909945815987e-05,0.001929994971701099
3.5619084992741485,-0.9923184102229097,7.750246580781757,1.0,2.9306923076923077,1880.0,-7.145909945771578e-05,0.001929994971701987
3.5618370401746904,-0.9919669377954252,7.752176575753458,1.0,2.930846153846154,1881.0,-7.145909945815987e-05,0.001929994971701099
3.5617655810752327,-0.9916154653679408,7.754106570725159,1.0,2.931,1882.0,-7.145909945771578e-05,0.001929994971701099
3.5616300306026965,-0.9918940342344625,7.754031513261669,1.0,2.930846153846154,1883.0,-0.00013555047253621666,-7.505746348979159e-05
3.56149448013016,-0.9921726031009843,7.753956455798179,1.0,2.9306923076923077,1884.0,-0.00013555047253666075,-7.505746348979159e-05
3.5613589296576236,-0.9924511719675061,7.7538813983346895,1.0,2.9305384615384615,1885.0,-0.00013555047253621666,-7.505746348979159e-05
3.561223379185087,-0.9927297408340278,7.753806340871201,1.0,2.9303846153846154,1886.0,-0.00013555047253666075,-7.505746348890341e-05
3.5610878287125507,-0.9930083097005495,7.753731283407711,1.0,2.930230769230769,1887.0,-0.00013555047253621666,-7.505746348979159e-05
3.5609522782400145,-0.9932868785670713,7.753656225944221,1.0,2.930076923076923,1888.0,-0.00013555047253621666,-7.505746348979159e-05
3.560816727767478,-0.9935654474335931,7.753581168480731,1.0,2.929923076923077,1889.0,-0.00013555047253666075,-7.505746348979159e-05
3.5606811772949416,-0.9938440163001149,7.753506111017241,1.0,2.9297692307692307,1890.0,-0.00013555047253621666,-7.505746348979159e-05
3.5605456268224054,-0.9941225851666367,7.753431053553752,1.0,2.9296153846153845,1891.0,-0.00013555047253621666,-7.505746348979159e-05
3.5604100763498687,-0.9944011540331583,7.753355996090263,1.0,2.9294615384615383,1892.0,-0.00013555047253666075,-7.505746348890341e-05
3.5602745258773325,-0.9946797228996801,7.753280938626773,1.0,2.929307692307692,1893.0,-0.00013555047253621666,-7.505746348979159e-05
3.560138975404796,-0.9949582917662019,7.753205881163283,1.0,2.929153846153846,1894.0,-0.00013555047253666075,-7.505746348979159e-05
3.5600034249322596,-0.9952368606327237,7.753130823699793,1.0,2.929,1895.0,-0.00013555047253621666,-7.505746348979159e-05
3.559914965520038,-0.9952743038432469,7.757383954895067,1.0,2.929,1896.0,-8.845941222146436e-05,0.004253131195273596
3.559826506107817,-0.99531174705377,7.7616370860903405,1.0,2.929,1897.0,-8.845941222102027e-05,0.004253131195273596
3.5597380466955957,-0.9953491902642932,7.765890217285614,1.0,2.929,1898.0,-8.845941222146436e-05,0.004253131195273596
3.5596495872833747,-0.9953866334748165,7.770143348480888,1.0,2.929,1899.0,-8.845941222102027e-05,0.004253131195273596
3.559561127871153,-0.9954240766853396,7.774396479676161,1.0,2.929,1900.0,-8.845941222146436e-05,0.004253131195273596
3.559472668458932,-0.9954615198958628,7.778649610871435,1.0,2.929,1901.0,-8.845941222102027e-05,0.004253131195273596
3.5593842090467107,-0.9954989631063861,7.7829027420667085,1.0,2.929,1902.0,-8.845941222146436e-05,0.004253131195273596
3.5592957496344892,-0.9955364063169092,7.787155873261981,1.0,2.929,1903.0,-8.845941222146436e-05,0.004253131195272708
3.5592072902222682,-0.9955738495274324,7.791409004457255,1.0,2.929,1904.0,-8.845941222102027e-05,0.004253131195273596
3.5591188308100468,-0.9956112927379556,7.795662135652528,1.0,2.929,1905.0,-8.845941222146436e-05,0.004253131195273596
3.5590303713978257,-0.9956487359484788,7.799915266847802,1.0,2.929,1906.0,-8.845941222102027e-05,0.004253131195273596
3.5589419119856043,-0.995686179159002,7.804168398043076,1.0,2.929,1907.0,-8.845941222146436e-05,0.004253131195273596
3.5588534525733833,-0.9957236223695252,7.808421529238349,1.0,2.929,1908.0,-8.845941222102027e-05,0.004253131195273596
3.558764993161162,-0.9957610655800484,7.812674660433623,1.0,2.929,1909.0,-8.845941222146436e-05,0.004253131195273596
3.5586591353077694,-0.995672781788268,7.81260275092146,1.0,2.928769230769231,1910.0,-0.00010585785339234377,-7.190951216262675e-05
3.558553277454377,-0.9955844979964876,7.8125308414092975,1.0,2.9285384615384613,1911.0,-0.00010585785339234377,-7.190951216262675e-05
3.558447419600985,-0.9954962142047071,7.812458931897135,1.0,2.9283076923076923,1912.0,-0.00010585785339189968,-7.190951216262675e-05
3.558341561747593,-0.9954079304129267,7.812387022384973,1.0,2.928076923076923,1913.0,-0.00010585785339234377,-7.190951216173858e-05
3.5582357038942005,-0.9953196466211464,7.8123151128728106,1.0,2.9278461538461538,1914.0,-0.00010585785339234377,-7.190951216262675e-05
3.558129846040808,-0.995231362829366,7.812243203360648,1.0,2.9276153846153847,1915.0,-0.00010585785339234377,-7.190951216262675e-05
3.5580239881874163,-0.9951430790375855,7.812171293848485,1.0,2.9273846153846153,1916.0,-0.00010585785339189968,-7.190951216262675e-05
3.557918130334024,-0.9950547952458051,7.812099384336323,1.0,2.927153846153846,1917.0,-0.00010585785339234377,-7.190951216262675e-05
3.5578122724806316,-0.9949665114540247,7.81202747482416,1.0,2.926923076923077,1918.0,-0.00010585785339234377,-7.190951216262675e-05
3.5577064146272392,-0.9948782276622443,7.811955565311998,1.0,2.9266923076923077,1919.0,-0.00010585785339234377,-7.190951216173858e-05
3.5576005567738473,-0.9947899438704638,7.811883655799836,1.0,2.9264615384615387,1920.0,-0.00010585785339189968,-7.190951216262675e-05
3.557494698920455,-0.9947016600786834,7.811811746287673,1.0,2.926230769230769,1921.0,-0.00010585785339234377,-7.190951216262675e-05
3.5573888410670627,-0.994613376286903,7.81173983677551,1.0,2.926,1922.0,-0.00010585785339234377,-7.190951216262675e-05
3.5572912668892873,-0.99455405353847,7.81337394301665,1.0,2.926,1923.0,-9.757417777533917e-05,0.0016341062411395768
3.557193692711512,-0.9944947307900369,7.8150080492577905,1.0,2.926,1924.0,-9.757417777533917e-05,0.001634106241140465
3.5570961185337366,-0.9944354080416039,7.81664215549893,1.0,2.926,1925.0,-9.757417777533917e-05,0.0016341062411395768
3.5569985443559613,-0.9943760852931708,7.8182762617400705,1.0,2.926,1926.0,-9.757417777533917e-05,0.001634106241140465
3.556900970178186,-0.9943167625447378,7.81991036798121,1.0,2.926,1927.0,-9.757417777533917e-05,0.0016341062411395768
3.5568033960004106,-0.9942574397963047,7.8215444742223506,1.0,2.926,1928.0,-9.757417777533917e-05,0.001634106241140465
3.5567058218226353,-0.9941981170478716,7.82317858046349,1.0,2.926,1929.0,-9.757417777533917e-05,0.0016341062411395768
3.55660824764486,-0.9941387942994385,7.824812686704631,1.0,2.926,1930.0,-9.757417777533917e-05,0.001634106241140465
3.5565106734670846,-0.9940794715510055,7.82644679294577,1.0,2.926,1931.0,-9.757417777533917e-05,0.0016341062411395768
3.5564130992893093,-0.9940201488025724,7.828080899186911,1.0,2.926,1932.0,-9.757417777533917e-05,0.001634106241140465
3.556315525111534,-0.9939608260541394,7.82971500542805,1.0,2.926,1933.0,-9.757417777533917e-05,0.0016341062411395768
3.5562179509337586,-0.9939015033057063,7.831349111669191,1.0,2.926,1934.0,-9.757417777533917e-05,0.001634106241140465
3.5561203767559832,-0.9938421805572732,7.83298321791033,1.0,2.926,1935.0,-9.757417777533917e-05,0.0016341062411395768
3.556015194182973,-0.9938312849706231,7.834018956125271,1.0,2.925857142857143,1936.0,-0.00010518257301006528,0.0010357382149406291
3.5559100116099627,-0.9938203893839731,7.8350546943402115,1.0,2.9257142857142857,1937.0,-0.00010518257301050937,0.0010357382149406291
3.5558048290369526,-0.993809493797323,7.836090432555153,1.0,2.9255714285714287,1938.0,-0.00010518257301006528,0.0010357382149415173
3.5556996464639425,-0.9937985982106728,7.837126170770094,1.0,2.9254285714285717,1939.0,-0.00010518257301006528,0.0010357382149406291
3.555594463890932,-0.9937877026240228,7.838161908985034,1.0,2.9252857142857143,1940.0,-0.00010518257301050937,0.0010357382149406291
3.555489281317922,-0.9937768070373727,7.839197647199975,1.0,2.9251428571428573,1941.0,-0.00010518257301006528,0.0010357382149406291
3.5553840987449115,-0.9937659114507227,7.840233385414916,1.0,2.9250000000000003,1942.0,-0.00010518257301050937,0.0010357382149415173
3.5552789161719014,-0.9937550158640726,7.841269123629857,1.0,2.924857142857143,1943.0,-0.00010518257301006528,0.0010357382149406291
3.5551737335988913,-0.9937441202774224,7.842304861844798,1.0,2.924714285714286,1944.0,-0.00010518257301006528,0.0010357382149406291
3.555068551025881,-0.9937332246907724,7.843340600059738,1.0,2.9245714285714284,1945.0,-0.00010518257301050937,0.0010357382149406291
3.5549633684528708,-0.9937223291041223,7.844376338274679,1.0,2.9244285714285714,1946.0,-0.00010518257301006528,0.0010357382149406291
3.5548581858798607,-0.9937114335174722,7.8454120764896205,1.0,2.9242857142857144,1947.0,-0.00010518257301006528,0.0010357382149415173
3.55475300330685,-0.9937005379308221,7.846447814704561,1.0,2.924142857142857,1948.0,-0.00010518257301050937,0.0010357382149406291
3.55464782073384,-0.993689642344172,7.847483552919502,1.0,2.924,1949.0,-0.00010518257301006528,0.0010357382149406291
3.5545384729470797,-0.9940151299059965,7.847832756934205,1.0,2.923923076923077,1950.0,-0.00010934778676041645,0.0003492040147028419
3.5544291251603193,-0.9943406174678211,7.848181960948907,1.0,2.9238461538461538,1951.0,-0.00010934778676041645,0.0003492040147028419
3.554319777373559,-0.9946661050296456,7.84853116496361,1.0,2.923769230769231,1952.0,-0.00010934778676041645,0.0003492040147028419
3.5542104295867984,-0.9949915925914701,7.848880368978313,1.0,2.9236923076923076,1953.0,-0.00010934778676041645,0.0003492040147028419
3.554101081800038,-0.9953170801532947,7.849229572993016,1.0,2.9236153846153847,1954.0,-0.00010934778676041645,0.0003492040147028419
3.5539917340132776,-0.9956425677151192,7.849578777007719,1.0,2.9235384615384614,1955.0,-0.00010934778676041645,0.0003492040147028419
3.5538823862265168,-0.9959680552769437,7.8499279810224225,1.0,2.9234615384615386,1956.0,-0.00010934778676086054,0.0003492040147037301
3.5537730384397563,-0.9962935428387681,7.850277185037125,1.0,2.9233846153846152,1957.0,-0.00010934778676041645,0.0003492040147028419
3.553663690652996,-0.9966190304005927,7.850626389051828,1.0,2.9233076923076924,1958.0,-0.00010934778676041645,0.0003492040147028419
3.5535543428662355,-0.9969445179624172,7.850975593066531,1.0,2.923230769230769,1959.0,-0.00010934778676041645,0.0003492040147028419
3.553444995079475,-0.9972700055242417,7.851324797081234,1.0,2.923153846153846,1960.0,-0.00010934778676041645,0.0003492040147028419
3.5533356472927147,-0.9975954930860663,7.851674001095937,1.0,2.923076923076923,1961.0,-0.00010934778676041645,0.0003492040147028419
3.5532262995059543,-0.9979209806478908,7.85202320511064,1.0,2.923,1962.0,-0.00010934778676041645,0.0003492040147028419
3.5531392246330538,-0.9977825303270903,7.853598259277101,1.0,2.922923076923077,1963.0,-8.707487290049443e-05,0.0015750541664614204
3.5530521497601537,-0.9976440800062898,7.855173313443562,1.0,2.922846153846154,1964.0,-8.707487290005034e-05,0.0015750541664614204
3.552965074887253,-0.9975056296854893,7.856748367610024,1.0,2.922769230769231,1965.0,-8.707487290049443e-05,0.0015750541664614204
3.5528780000143527,-0.9973671793646887,7.858323421776485,1.0,2.9226923076923077,1966.0,-8.707487290049443e-05,0.0015750541664614204
3.5527909251414527,-0.9972287290438882,7.859898475942947,1.0,2.922615384615385,1967.0,-8.707487290005034e-05,0.0015750541664614204
3.552703850268552,-0.9970902787230876,7.861473530109408,1.0,2.9225384615384615,1968.0,-8.707487290049443e-05,0.0015750541664614204
3.5526167753956517,-0.9969518284022871,7.863048584275869,1.0,2.9224615384615387,1969.0,-8.707487290049443e-05,0.0015750541664605322
3.552529700522751,-0.9968133780814866,7.86462363844233,1.0,2.9223846153846154,1970.0,-8.707487290049443e-05,0.0015750541664614204
3.552442625649851,-0.9966749277606861,7.8661986926087915,1.0,2.9223076923076925,1971.0,-8.707487290005034e-05,0.0015750541664614204
3.5523555507769506,-0.9965364774398855,7.867773746775253,1.0,2.922230769230769,1972.0,-8.707487290049443e-05,0.0015750541664614204
3.55226847590405,-0.996398027119085,7.869348800941714,1.0,2.9221538461538463,1973.0,-8.707487290049443e-05,0.0015750541664614204
3.55218140103115,-0.9962595767982845,7.870923855108176,1.0,2.922076923076923,1974.0,-8.707487290005034e-05,0.0015750541664614204
3.5520943261582496,-0.996121126477484,7.872498909274637,1.0,2.922,1975.0,-8.707487290049443e-05,0.0015750541664614204
3.5519995864197362,-0.9961234898505906,7.875149000002536,1.0,2.921857142857143,1976.0,-9.473973851337192e-05,0.0026500907278990127
3.5519048466812233,-0.9961258532236972,7.877799090730434,1.0,2.9217142857142857,1977.0,-9.473973851292783e-05,0.0026500907278981245
3.5518101069427104,-0.9961282165968038,7.880449181458333,1.0,2.9215714285714287,1978.0,-9.473973851292783e-05,0.0026500907278990127
3.551715367204197,-0.9961305799699105,7.883099272186231,1.0,2.9214285714285717,1979.0,-9.473973851337192e-05,0.0026500907278981245
3.5516206274656836,-0.9961329433430172,7.88574936291413,1.0,2.9212857142857143,1980.0,-9.473973851337192e-05,0.0026500907278990127
3.5515258877271707,-0.9961353067161237,7.8883994536420285,1.0,2.9211428571428573,1981.0,-9.473973851292783e-05,0.0026500907278981245
3.5514311479886578,-0.9961376700892304,7.891049544369928,1.0,2.9210000000000003,1982.0,-9.473973851292783e-05,0.0026500907278990127
3.5513364082501444,-0.996140033462337,7.893699635097827,1.0,2.920857142857143,1983.0,-9.473973851337192e-05,0.0026500907278990127
3.551241668511631,-0.9961423968354436,7.896349725825725,1.0,2.920714285714286,1984.0,-9.473973851337192e-05,0.0026500907278981245
3.551146928773118,-0.9961447602085503,7.898999816553624,1.0,2.9205714285714284,1985.0,-9.473973851292783e-05,0.0026500907278990127
3.551052189034605,-0.9961471235816569,7.901649907281522,1.0,2.9204285714285714,1986.0,-9.473973851292783e-05,0.0026500907278981245
3.550957449296092,-0.9961494869547636,7.904299998009421,1.0,2.9202857142857144,1987.0,-9.473973851337192e-05,0.0026500907278990127
3.5508627095575784,-0.9961518503278701,7.906950088737319,1.0,2.920142857142857,1988.0,-9.473973851337192e-05,0.0026500907278981245
3.5507679698190655,-0.9961542137009768,7.909600179465218,1.0,2.92,1989.0,-9.473973851292783e-05,0.0026500907278990127
3.5506686920008232,-0.9959989128691003,7.912231716817854,1.0,2.919769230769231,1990.0,-9.927781824226045e-05,0.002631537352636215
3.550569414182581,-0.9958436120372237,7.91486325417049,1.0,2.9195384615384614,1991.0,-9.927781824226045e-05,0.002631537352636215
3.5504701363643387,-0.9956883112053472,7.9174947915231275,1.0,2.9193076923076924,1992.0,-9.927781824226045e-05,0.0026315373526371033
3.550370858546096,-0.9955330103734705,7.920126328875764,1.0,2.919076923076923,1993.0,-9.927781824270454e-05,0.002631537352636215
3.5502715807278538,-0.995377709541594,7.9227578662284,1.0,2.918846153846154,1994.0,-9.927781824226045e-05,0.002631537352636215
3.5501723029096115,-0.9952224087097175,7.925389403581036,1.0,2.9186153846153844,1995.0,-9.927781824226045e-05,0.002631537352636215
3.5500730250913692,-0.9950671078778409,7.928020940933673,1.0,2.9183846153846154,1996.0,-9.927781824226045e-05,0.0026315373526371033
3.549973747273127,-0.9949118070459644,7.9306524782863095,1.0,2.918153846153846,1997.0,-9.927781824226045e-05,0.002631537352636215
3.5498744694548847,-0.9947565062140878,7.933284015638946,1.0,2.917923076923077,1998.0,-9.927781824226045e-05,0.002631537352636215
3.549775191636642,-0.9946012053822112,7.935915552991582,1.0,2.9176923076923074,1999.0,-9.927781824270454e-05,0.002631537352636215
3.5496759138183998,-0.9944459045503347,7.938547090344219,1.0,2.9174615384615383,2000.0,-9.927781824226045e-05,0.0026315373526371033
3.5495766360001575,-0.9942906037184581,7.941178627696855,1.0,2.917230769230769,2001.0,-9.927781824226045e-05,0.002631537352636215
3.5494773581819152,-0.9941353028865816,7.9438101650494914,1.0,2.917,2002.0,-9.927781824226045e-05,0.002631537352636215
3.549379533498171,-0.9942202572700267,7.944995148582505,1.0,2.916857142857143,2003.0,-9.78246837441965e-05,0.0011849835330135505
3.549281708814427,-0.9943052116534719,7.9461801321155185,1.0,2.9167142857142854,2004.0,-9.78246837441965e-05,0.0011849835330135505
3.549183884130683,-0.994390166036917,7.947365115648533,1.0,2.9165714285714284,2005.0,-9.782468374375242e-05,0.0011849835330144387
3.549086059446939,-0.994475120420362,7.9485500991815465,1.0,2.9164285714285714,2006.0,-9.78246837441965e-05,0.0011849835330135505
3.5489882347631947,-0.9945600748038071,7.94973508271456,1.0,2.9162857142857144,2007.0,-9.78246837441965e-05,0.0011849835330135505
3.5488904100794505,-0.9946450291872523,7.950920066247574,1.0,2.916142857142857,2008.0,-9.78246837441965e-05,0.0011849835330135505
3.5487925853957067,-0.9947299835706974,7.952105049780588,1.0,2.916,2009.0,-9.782468374375242e-05,0.0011849835330144387
3.5486947607119625,-0.9948149379541426,7.953290033313602,1.0,2.915857142857143,2010.0,-9.78246837441965e-05,0.0011849835330135505
3.5485969360282184,-0.9948998923375877,7.954475016846615,1.0,2.9157142857142855,2011.0,-9.78246837441965e-05,0.0011849835330135505
3.548499111344474,-0.9949848467210328,7.955660000379629,1.0,2.9155714285714285,2012.0,-9.78246837441965e-05,0.0011849835330135505
3.54840128666073,-0.9950698011044778,7.956844983912642,1.0,2.9154285714285715,2013.0,-9.78246837441965e-05,0.0011849835330135505
3.548303461976986,-0.995154755487923,7.958029967445657,1.0,2.9152857142857145,2014.0,-9.782468374375242e-05,0.0011849835330144387
3.548205637293242,-0.9952397098713681,7.95921495097867,1.0,2.915142857142857,2015.0,-9.78246837441965e-05,0.0011849835330135505
3.548107812609498,-0.9953246642548133,7.960399934511684,1.0,2.915,2016.0,-9.78246837441965e-05,0.0011849835330135505
3.548000496670419,-0.9952503641325428,7.961375909566301,1.0,2.914769230769231,2017.0,-0.00010731593907875592,0.0009759750546169954
3.54789318073134,-0.9951760640102723,7.962351884620918,1.0,2.9145384615384615,2018.0,-0.0001073159390792,0.0009759750546169954
3.547785864792261,-0.9951017638880016,7.963327859675535,1.0,2.9143076923076925,2019.0,-0.00010731593907875592,0.0009759750546169954
3.5476785488531823,-0.9950274637657311,7.964303834730152,1.0,2.914076923076923,2020.0,-0.00010731593907875592,0.0009759750546169954
3.547571232914103,-0.9949531636434606,7.965279809784769,1.0,2.913846153846154,2021.0,-0.0001073159390792,0.0009759750546169954
3.5474639169750244,-0.9948788635211901,7.966255784839386,1.0,2.9136153846153845,2022.0,-0.00010731593907875592,0.0009759750546169954
3.5473566010359456,-0.9948045633989195,7.967231759894004,1.0,2.9133846153846155,2023.0,-0.00010731593907875592,0.0009759750546178836
3.547249285096867,-0.994730263276649,7.968207734948621,1.0,2.913153846153846,2024.0,-0.00010731593907875592,0.0009759750546169954
3.5471419691577877,-0.9946559631543785,7.969183710003238,1.0,2.912923076923077,2025.0,-0.0001073159390792,0.0009759750546169954
3.547034653218709,-0.994581663032108,7.970159685057855,1.0,2.9126923076923075,2026.0,-0.00010731593907875592,0.0009759750546169954
3.54692733727963,-0.9945073629098374,7.971135660112472,1.0,2.9124615384615384,2027.0,-0.00010731593907875592,0.0009759750546169954
3.546820021340551,-0.9944330627875669,7.972111635167089,1.0,2.912230769230769,2028.0,-0.0001073159390792,0.0009759750546169954
3.546712705401472,-0.9943587626652964,7.973087610221706,1.0,2.912,2029.0,-0.00010731593907875592,0.0009759750546169954
3.5466039333419035,-0.994357334807611,7.971720192009588,1.0,2.911769230769231,2030.0,-0.00010877205956871805,-0.0013674182121174994
3.5464951612823348,-0.9943559069499256,7.970352773797471,1.0,2.9115384615384614,2031.0,-0.00010877205956871805,-0.0013674182121174994
3.546386389222766,-0.9943544790922401,7.968985355585354,1.0,2.9113076923076924,2032.0,-0.00010877205956871805,-0.0013674182121166112
3.5462776171631973,-0.9943530512345546,7.9676179373732365,1.0,2.911076923076923,2033.0,-0.00010877205956871805,-0.0013674182121174994
3.5461688451036286,-0.9943516233768692,7.966250519161119,1.0,2.910846153846154,2034.0,-0.00010877205956871805,-0.0013674182121174994
3.54606007304406,-0.9943501955191838,7.9648831009490015,1.0,2.9106153846153844,2035.0,-0.00010877205956871805,-0.0013674182121174994
3.5459513009844907,-0.9943487676614983,7.963515682736885,1.0,2.9103846153846153,2036.0,-0.00010877205956916214,-0.0013674182121166112
3.545842528924922,-0.9943473398038128,7.962148264524767,1.0,2.910153846153846,2037.0,-0.00010877205956871805,-0.0013674182121174994
3.5457337568653533,-0.9943459119461274,7.96078084631265,1.0,2.909923076923077,2038.0,-0.00010877205956871805,-0.0013674182121174994
3.5456249848057846,-0.994344484088442,7.959413428100532,1.0,2.9096923076923074,2039.0,-0.00010877205956871805,-0.0013674182121174994
3.545516212746216,-0.9943430562307565,7.958046009888416,1.0,2.9094615384615383,2040.0,-0.00010877205956871805,-0.0013674182121166112
3.545407440686647,-0.994341628373071,7.956678591676298,1.0,2.909230769230769,2041.0,-0.00010877205956871805,-0.0013674182121174994
3.5452986686270784,-0.9943402005153856,7.955311173464181,1.0,2.909,2042.0,-0.00010877205956871805,-0.0013674182121174994
3.5452139454720317,-0.9944034573532016,7.962107312906161,1.0,2.9087142857142854,2043.0,-8.472315504670647e-05,0.006796139441980209
3.5451292223169846,-0.9944667141910175,7.968903452348141,1.0,2.9084285714285714,2044.0,-8.472315504715056e-05,0.006796139441980209
3.5450444991619374,-0.9945299710288334,7.975699591790121,1.0,2.908142857142857,2045.0,-8.472315504715056e-05,0.006796139441979321
3.5449597760068907,-0.9945932278666495,7.982495731232101,1.0,2.9078571428571425,2046.0,-8.472315504670647e-05,0.006796139441980209
3.544875052851844,-0.9946564847044654,7.989291870674081,1.0,2.9075714285714285,2047.0,-8.472315504670647e-05,0.006796139441980209
3.544790329696797,-0.9947197415422814,7.996088010116061,1.0,2.907285714285714,2048.0,-8.472315504715056e-05,0.006796139441980209
3.5447056065417497,-0.9947829983800973,8.00288414955804,1.0,2.907,2049.0,-8.472315504715056e-05,0.006796139441979321
3.544620883386703,-0.9948462552179133,8.009680289000022,1.0,2.9067142857142856,2050.0,-8.472315504670647e-05,0.006796139441981097
3.5445361602316563,-0.9949095120557292,8.016476428442001,1.0,2.906428571428571,2051.0,-8.472315504670647e-05,0.006796139441979321
3.544451437076609,-0.9949727688935451,8.02327256788398,1.0,2.906142857142857,2052.0,-8.472315504715056e-05,0.006796139441979321
3.544366713921562,-0.9950360257313612,8.030068707325961,1.0,2.9058571428571427,2053.0,-8.472315504715056e-05,0.006796139441981097
3.5442819907665153,-0.9950992825691771,8.03686484676794,1.0,2.9055714285714282,2054.0,-8.472315504670647e-05,0.006796139441979321
3.5441972676114686,-0.9951625394069931,8.043660986209922,1.0,2.9052857142857142,2055.0,-8.472315504670647e-05,0.006796139441981097
3.5441125444564214,-0.995225796244809,8.050457125651901,1.0,2.905,2056.0,-8.472315504715056e-05,0.006796139441979321
3.5440121872789914,-0.9951722559209594,8.050957885936286,1.0,2.9046923076923075,2057.0,-0.000100357177430066,0.0005007602843853931
3.5439118301015613,-0.9951187155971097,8.05145864622067,1.0,2.904384615384615,2058.0,-0.000100357177430066,0.0005007602843836167
3.543811472924131,-0.9950651752732601,8.051959406505055,1.0,2.904076923076923,2059.0,-0.00010035717743051009,0.0005007602843853931
3.5437111157467007,-0.9950116349494106,8.05246016678944,1.0,2.9037692307692304,2060.0,-0.000100357177430066,0.0005007602843853931
3.5436107585692707,-0.994958094625561,8.052960927073824,1.0,2.903461538461538,2061.0,-0.000100357177430066,0.0005007602843836167
3.5435104013918406,-0.9949045543017113,8.05346168735821,1.0,2.9031538461538458,2062.0,-0.000100357177430066,0.0005007602843853931
3.54341004421441,-0.9948510139778617,8.053962447642595,1.0,2.902846153846154,2063.0,-0.00010035717743051009,0.0005007602843853931
3.54330968703698,-0.994797473654012,8.05446320792698,1.0,2.9025384615384615,2064.0,-0.000100357177430066,0.0005007602843853931
3.54320932985955,-0.9947439333301624,8.054963968211364,1.0,2.902230769230769,2065.0,-0.000100357177430066,0.0005007602843836167
3.54310897268212,-0.9946903930063129,8.05546472849575,1.0,2.901923076923077,2066.0,-0.000100357177430066,0.0005007602843853931
3.5430086155046894,-0.9946368526824633,8.055965488780135,1.0,2.9016153846153845,2067.0,-0.00010035717743051009,0.0005007602843853931
3.5429082583272593,-0.9945833123586136,8.056466249064519,1.0,2.901307692307692,2068.0,-0.000100357177430066,0.0005007602843836167
3.5428079011498292,-0.994529772034764,8.056967009348904,1.0,2.901,2069.0,-0.000100357177430066,0.0005007602843853931
3.5427136632589367,-0.9945051494561207,8.05618123894652,1.0,2.900923076923077,2070.0,-9.423789089257895e-05,-0.000785770402384145
3.5426194253680436,-0.9944805268774772,8.055395468544136,1.0,2.9008461538461536,2071.0,-9.423789089302304e-05,-0.000785770402384145
3.542525187477151,-0.9944559042988339,8.054609698141752,1.0,2.9007692307692308,2072.0,-9.423789089257895e-05,-0.000785770402384145
3.5424309495862585,-0.9944312817201905,8.053823927739368,1.0,2.9006923076923075,2073.0,-9.423789089257895e-05,-0.000785770402384145
3.5423367116953655,-0.9944066591415471,8.053038157336983,1.0,2.9006153846153846,2074.0,-9.423789089302304e-05,-0.000785770402384145
3.542242473804473,-0.9943820365629037,8.0522523869346,1.0,2.9005384615384613,2075.0,-9.423789089257895e-05,-0.000785770402384145
3.5421482359135803,-0.9943574139842604,8.051466616532215,1.0,2.9004615384615384,2076.0,-9.423789089257895e-05,-0.000785770402384145
3.5420539980226877,-0.9943327914056169,8.050680846129831,1.0,2.900384615384615,2077.0,-9.423789089257895e-05,-0.000785770402384145
3.5419597601317947,-0.9943081688269736,8.049895075727447,1.0,2.9003076923076923,2078.0,-9.423789089302304e-05,-0.000785770402384145
3.541865522240902,-0.9942835462483302,8.049109305325063,1.0,2.900230769230769,2079.0,-9.423789089257895e-05,-0.000785770402384145
3.5417712843500095,-0.9942589236696868,8.048323534922678,1.0,2.900153846153846,2080.0,-9.423789089257895e-05,-0.000785770402384145
3.5416770464591165,-0.9942343010910434,8.047537764520294,1.0,2.9000769230769228,2081.0,-9.423789089302304e-05,-0.000785770402384145
3.541582808568224,-0.9942096785124,8.04675199411791,1.0,2.9,2082.0,-9.423789089257895e-05,-0.000785770402384145
3.541491344819366,-0.9943113354933846,8.04799511702085,1.0,2.899928571428571,2083.0,-9.146374885782294e-05,0.0012431229029399304
3.5413998810705087,-0.994412992474369,8.04923823992379,1.0,2.899857142857143,2084.0,-9.146374885737885e-05,0.0012431229029399304
3.541308417321651,-0.9945146494553534,8.050481362826728,1.0,2.899785714285714,2085.0,-9.146374885782294e-05,0.001243122902938154
3.541216953572793,-0.9946163064363379,8.051724485729668,1.0,2.8997142857142855,2086.0,-9.146374885782294e-05,0.0012431229029399304
3.5411254898239353,-0.9947179634173224,8.052967608632608,1.0,2.899642857142857,2087.0,-9.146374885782294e-05,0.0012431229029399304
3.541034026075078,-0.9948196203983068,8.054210731535548,1.0,2.8995714285714285,2088.0,-9.146374885737885e-05,0.0012431229029399304
3.54094256232622,-0.9949212773792913,8.055453854438488,1.0,2.8995,2089.0,-9.146374885782294e-05,0.0012431229029399304
3.5408510985773622,-0.9950229343602758,8.056696977341426,1.0,2.8994285714285715,2090.0,-9.146374885782294e-05,0.001243122902938154
3.540759634828505,-0.9951245913412603,8.057940100244366,1.0,2.8993571428571427,2091.0,-9.146374885737885e-05,0.0012431229029399304
3.540668171079647,-0.9952262483222447,8.059183223147306,1.0,2.8992857142857145,2092.0,-9.146374885782294e-05,0.0012431229029399304
3.540576707330789,-0.9953279053032291,8.060426346050246,1.0,2.8992142857142857,2093.0,-9.146374885782294e-05,0.0012431229029399304
3.5404852435819314,-0.9954295622842136,8.061669468953184,1.0,2.899142857142857,2094.0,-9.146374885782294e-05,0.001243122902938154
3.540393779833074,-0.9955312192651982,8.062912591856124,1.0,2.8990714285714287,2095.0,-9.146374885737885e-05,0.0012431229029399304
3.540302316084216,-0.9956328762461826,8.064155714759064,1.0,2.899,2096.0,-9.146374885782294e-05,0.0012431229029399304
3.54019604055771,-0.9957037391185872,8.06742458443534,1.0,2.900153846153846,2097.0,-0.00010627552650621652,0.0032688696762761538
3.5400897650312038,-0.995774601990992,8.070693454111614,1.0,2.901307692307692,2098.0,-0.00010627552650621652,0.0032688696762743774
3.5399834895046975,-0.9958454648633966,8.07396232378789,1.0,2.9024615384615386,2099.0,-0.00010627552650621652,0.0032688696762761538
3.5398772139781913,-0.9959163277358014,8.077231193464167,1.0,2.9036153846153847,2100.0,-0.00010627552650621652,0.0032688696762761538
3.539770938451685,-0.9959871906082061,8.080500063140441,1.0,2.9047692307692308,2101.0,-0.00010627552650621652,0.0032688696762743774
3.539664662925179,-0.9960580534806107,8.083768932816717,1.0,2.905923076923077,2102.0,-0.00010627552650621652,0.0032688696762761538
3.5395583873986727,-0.9961289163530155,8.087037802492993,1.0,2.9070769230769233,2103.0,-0.00010627552650621652,0.0032688696762761538
3.5394521118721665,-0.9961997792254201,8.09030667216927,1.0,2.9082307692307694,2104.0,-0.00010627552650621652,0.0032688696762761538
3.5393458363456602,-0.9962706420978248,8.093575541845544,1.0,2.9093846153846155,2105.0,-0.00010627552650621652,0.0032688696762743774
3.539239560819154,-0.9963415049702296,8.09684441152182,1.0,2.9105384615384615,2106.0,-0.00010627552650621652,0.0032688696762761538
3.539133285292648,-0.9964123678426342,8.100113281198096,1.0,2.911692307692308,2107.0,-0.00010627552650621652,0.0032688696762761538
3.5390270097661416,-0.996483230715039,8.10338215087437,1.0,2.912846153846154,2108.0,-0.00010627552650621652,0.0032688696762743774
3.5389207342396354,-0.9965540935874436,8.106651020550647,1.0,2.914,2109.0,-0.00010627552650621652,0.0032688696762761538
3.5388316365329424,-0.9965410444412678,8.107530017331634,1.0,2.9137142857142857,2110.0,-8.909770669296435e-05,0.000878996780986796
3.5387425388262495,-0.9965279952950918,8.108409014112622,1.0,2.9134285714285717,2111.0,-8.909770669296435e-05,0.0008789967809885724
3.5386534411195565,-0.996514946148916,8.109288010893609,1.0,2.9131428571428573,2112.0,-8.909770669296435e-05,0.000878996780986796
3.538564343412863,-0.9965018970027402,8.110167007674596,1.0,2.912857142857143,2113.0,-8.909770669340844e-05,0.000878996780986796
3.53847524570617,-0.9964888478565642,8.111046004455584,1.0,2.912571428571429,2114.0,-8.909770669296435e-05,0.0008789967809885724
3.538386147999477,-0.9964757987103884,8.111925001236571,1.0,2.9122857142857144,2115.0,-8.909770669296435e-05,0.000878996780986796
3.538297050292784,-0.9964627495642124,8.112803998017558,1.0,2.9120000000000004,2116.0,-8.909770669296435e-05,0.000878996780986796
3.538207952586091,-0.9964497004180366,8.113682994798546,1.0,2.911714285714286,2117.0,-8.909770669296435e-05,0.0008789967809885724
3.5381188548793983,-0.9964366512718608,8.114561991579533,1.0,2.9114285714285715,2118.0,-8.909770669296435e-05,0.000878996780986796
3.5380297571727053,-0.9964236021256848,8.115440988360522,1.0,2.9111428571428575,2119.0,-8.909770669296435e-05,0.0008789967809885724
3.537940659466012,-0.996410552979509,8.116319985141509,1.0,2.910857142857143,2120.0,-8.909770669340844e-05,0.000878996780986796
3.537851561759319,-0.9963975038333331,8.117198981922495,1.0,2.9105714285714286,2121.0,-8.909770669296435e-05,0.000878996780986796
3.537762464052626,-0.9963844546871572,8.118077978703484,1.0,2.9102857142857146,2122.0,-8.909770669296435e-05,0.0008789967809885724
3.537673366345933,-0.9963714055409814,8.11895697548447,1.0,2.91,2123.0,-8.909770669296435e-05,0.000878996780986796
3.537577624558351,-0.996216330136654,8.120503697600663,1.0,2.9104615384615387,2124.0,-9.574178758198215e-05,0.0015467221161920008
3.537481882770769,-0.9960612547323267,8.122050419716855,1.0,2.910923076923077,2125.0,-9.574178758198215e-05,0.0015467221161920008
3.537386140983187,-0.9959061793279993,8.123597141833047,1.0,2.9113846153846157,2126.0,-9.574178758198215e-05,0.0015467221161920008
3.537290399195605,-0.995751103923672,8.125143863949237,1.0,2.9118461538461538,2127.0,-9.574178758198215e-05,0.0015467221161902245
3.537194657408023,-0.9955960285193447,8.126690586065429,1.0,2.9123076923076923,2128.0,-9.574178758198215e-05,0.0015467221161920008
3.537098915620441,-0.9954409531150173,8.128237308181621,1.0,2.9127692307692308,2129.0,-9.574178758198215e-05,0.0015467221161920008
3.537003173832859,-0.99528587771069,8.129784030297813,1.0,2.9132307692307693,2130.0,-9.574178758198215e-05,0.0015467221161920008
3.536907432045277,-0.9951308023063626,8.131330752414005,1.0,2.913692307692308,2131.0,-9.574178758198215e-05,0.0015467221161920008
3.536811690257695,-0.9949757269020353,8.132877474530197,1.0,2.9141538461538463,2132.0,-9.574178758198215e-05,0.0015467221161920008
3.536715948470113,-0.994820651497708,8.134424196646387,1.0,2.9146153846153844,2133.0,-9.574178758198215e-05,0.0015467221161902245
3.536620206682531,-0.9946655760933807,8.13597091876258,1.0,2.915076923076923,2134.0,-9.574178758198215e-05,0.0015467221161920008
3.536524464894949,-0.9945105006890533,8.137517640878771,1.0,2.9155384615384614,2135.0,-9.574178758198215e-05,0.0015467221161920008
3.5364287231073672,-0.994355425284726,8.139064362994963,1.0,2.916,2136.0,-9.574178758198215e-05,0.0015467221161920008
3.536341872706948,-0.9945196877545931,8.141556556345364,1.0,2.915923076923077,2137.0,-8.685040041900294e-05,0.00249219335040074
3.5362550223065288,-0.9946839502244602,8.144048749695767,1.0,2.9158461538461538,2138.0,-8.685040041944703e-05,0.002492193350402516
3.5361681719061098,-0.9948482126943272,8.146540943046167,1.0,2.915769230769231,2139.0,-8.685040041900294e-05,0.00249219335040074
3.5360813215056908,-0.9950124751641943,8.149033136396568,1.0,2.9156923076923076,2140.0,-8.685040041900294e-05,0.00249219335040074
3.5359944711052713,-0.9951767376340614,8.15152532974697,1.0,2.9156153846153847,2141.0,-8.685040041944703e-05,0.002492193350402516
3.5359076207048523,-0.9953410001039286,8.154017523097371,1.0,2.9155384615384614,2142.0,-8.685040041900294e-05,0.00249219335040074
3.5358207703044333,-0.9955052625737956,8.156509716447772,1.0,2.9154615384615385,2143.0,-8.685040041900294e-05,0.00249219335040074
3.5357339199040143,-0.9956695250436627,8.159001909798173,1.0,2.9153846153846152,2144.0,-8.685040041900294e-05,0.00249219335040074
3.535647069503595,-0.9958337875135298,8.161494103148575,1.0,2.9153076923076924,2145.0,-8.685040041944703e-05,0.002492193350402516
3.535560219103176,-0.9959980499833969,8.163986296498976,1.0,2.915230769230769,2146.0,-8.685040041900294e-05,0.00249219335040074
3.535473368702757,-0.9961623124532639,8.166478489849377,1.0,2.915153846153846,2147.0,-8.685040041900294e-05,0.00249219335040074
3.5353865183023374,-0.996326574923131,8.16897068319978,1.0,2.915076923076923,2148.0,-8.685040041944703e-05,0.002492193350402516
3.5352996679019184,-0.9964908373929982,8.17146287655018,1.0,2.915,2149.0,-8.685040041900294e-05,0.00249219335040074
3.5352104482844813,-0.9963287752497243,8.171954736343173,1.0,2.9149285714285713,2150.0,-8.92196174371307e-05,0.0004918597929925994
3.535121228667044,-0.9961667131064506,8.172446596136163,1.0,2.914857142857143,2151.0,-8.92196174371307e-05,0.000491859792990823
3.535032009049607,-0.9960046509631767,8.172938455929156,1.0,2.9147857142857143,2152.0,-8.92196174371307e-05,0.0004918597929925994
3.53494278943217,-0.995842588819903,8.173430315722149,1.0,2.9147142857142856,2153.0,-8.92196174371307e-05,0.0004918597929925994
3.5348535698147328,-0.9956805266766291,8.17392217551514,1.0,2.9146428571428573,2154.0,-8.92196174371307e-05,0.000491859792990823
3.5347643501972956,-0.9955184645333554,8.174414035308132,1.0,2.9145714285714286,2155.0,-8.92196174371307e-05,0.0004918597929925994
3.5346751305798585,-0.9953564023900815,8.174905895101125,1.0,2.9145000000000003,2156.0,-8.92196174371307e-05,0.0004918597929925994
3.5345859109624214,-0.9951943402468076,8.175397754894115,1.0,2.9144285714285716,2157.0,-8.92196174371307e-05,0.000491859792990823
3.5344966913449842,-0.9950322781035339,8.175889614687108,1.0,2.914357142857143,2158.0,-8.92196174371307e-05,0.0004918597929925994
3.534407471727547,-0.99487021596026,8.176381474480099,1.0,2.9142857142857146,2159.0,-8.92196174371307e-05,0.000491859792990823
3.53431825211011,-0.9947081538169863,8.176873334273091,1.0,2.914214285714286,2160.0,-8.92196174371307e-05,0.0004918597929925994
3.534229032492673,-0.9945460916737124,8.177365194066084,1.0,2.914142857142857,2161.0,-8.92196174371307e-05,0.0004918597929925994
3.5341398128752357,-0.9943840295304387,8.177857053859075,1.0,2.914071428571429,2162.0,-8.92196174371307e-05,0.000491859792990823
3.5340505932577986,-0.9942219673871648,8.178348913652068,1.0,2.914,2163.0,-8.92196174371307e-05,0.0004918597929925994
3.5339463673252824,-0.994157308904518,8.181058974826628,1.0,2.913923076923077,2164.0,-0.00010422593251613321,0.0027100611745609626
3.5338421413927663,-0.9940926504218713,8.183769036001188,1.0,2.913846153846154,2165.0,-0.00010422593251613321,0.0027100611745591863
3.5337379154602506,-0.9940279919392245,8.186479097175749,1.0,2.9137692307692307,2166.0,-0.00010422593251568912,0.0027100611745609626
3.5336336895277345,-0.9939633334565777,8.189189158350308,1.0,2.913692307692308,2167.0,-0.00010422593251613321,0.0027100611745591863
3.5335294635952184,-0.993898674973931,8.191899219524869,1.0,2.9136153846153845,2168.0,-0.00010422593251613321,0.0027100611745609626
3.5334252376627022,-0.9938340164912842,8.194609280699428,1.0,2.9135384615384616,2169.0,-0.00010422593251613321,0.0027100611745591863
3.5333210117301865,-0.9937693580086374,8.197319341873989,1.0,2.9134615384615383,2170.0,-0.00010422593251568912,0.0027100611745609626
3.5332167857976704,-0.9937046995259906,8.200029403048548,1.0,2.9133846153846155,2171.0,-0.00010422593251613321,0.0027100611745591863
3.5331125598651543,-0.9936400410433439,8.202739464223109,1.0,2.913307692307692,2172.0,-0.00010422593251613321,0.0027100611745609626
3.533008333932638,-0.9935753825606971,8.205449525397668,1.0,2.9132307692307693,2173.0,-0.00010422593251613321,0.0027100611745591863
3.5329041080001224,-0.9935107240780503,8.20815958657223,1.0,2.913153846153846,2174.0,-0.00010422593251568912,0.0027100611745609626
3.5327998820676063,-0.9934460655954036,8.210869647746788,1.0,2.913076923076923,2175.0,-0.00010422593251613321,0.0027100611745591863
3.53269565613509,-0.9933814071127568,8.21357970892135,1.0,2.913,2176.0,-0.00010422593251613321,0.0027100611745609626
3.532601445486775,-0.9934372592106776,8.214923405231941,1.0,2.9128461538461536,2177.0,-9.421064831505177e-05,0.0013436963105917243
3.53250723483846,-0.9934931113085984,8.216267101542531,1.0,2.9126923076923075,2178.0,-9.421064831505177e-05,0.001343696310589948
3.5324130241901446,-0.9935489634065192,8.217610797853123,1.0,2.9125384615384613,2179.0,-9.421064831549586e-05,0.0013436963105917243
3.5323188135418295,-0.99360481550444,8.218954494163713,1.0,2.912384615384615,2180.0,-9.421064831505177e-05,0.001343696310589948
3.5322246028935145,-0.9936606676023608,8.220298190474304,1.0,2.912230769230769,2181.0,-9.421064831505177e-05,0.0013436963105917243
3.5321303922451994,-0.9937165197002816,8.221641886784894,1.0,2.912076923076923,2182.0,-9.421064831505177e-05,0.001343696310589948
3.532036181596884,-0.9937723717982025,8.222985583095486,1.0,2.911923076923077,2183.0,-9.421064831549586e-05,0.0013436963105917243
3.531941970948569,-0.9938282238961234,8.224329279406076,1.0,2.911769230769231,2184.0,-9.421064831505177e-05,0.001343696310589948
3.531847760300254,-0.9938840759940442,8.225672975716668,1.0,2.9116153846153847,2185.0,-9.421064831505177e-05,0.0013436963105917243
3.5317535496519388,-0.993939928091965,8.227016672027258,1.0,2.9114615384615385,2186.0,-9.421064831505177e-05,0.001343696310589948
3.5316593390036233,-0.9939957801898858,8.22836036833785,1.0,2.9113076923076924,2187.0,-9.421064831549586e-05,0.0013436963105917243
3.5315651283553082,-0.9940516322878066,8.22970406464844,1.0,2.911153846153846,2188.0,-9.421064831505177e-05,0.001343696310589948
3.531470917706993,-0.9941074843857274,8.231047760959031,1.0,2.911,2189.0,-9.421064831505177e-05,0.0013436963105917243
3.531401296227399,-0.9942647384738142,8.233630021199723,1.0,2.911,2190.0,-6.96214795943284e-05,0.002582260240691525
3.531331674747804,-0.9944219925619011,8.236212281440414,1.0,2.911,2191.0,-6.96214795947725e-05,0.002582260240691525
3.5312620532682097,-0.994579246649988,8.238794541681106,1.0,2.911,2192.0,-6.96214795943284e-05,0.002582260240691525
3.531192431788615,-0.9947365007380748,8.241376801921799,1.0,2.911,2193.0,-6.96214795947725e-05,0.0025822602406933015
3.5311228103090206,-0.9948937548261617,8.24395906216249,1.0,2.911,2194.0,-6.96214795943284e-05,0.002582260240691525
3.531053188829426,-0.9950510089142486,8.246541322403182,1.0,2.911,2195.0,-6.96214795947725e-05,0.002582260240691525
3.5309835673498315,-0.9952082630023356,8.249123582643874,1.0,2.911,2196.0,-6.96214795943284e-05,0.002582260240691525
3.530913945870237,-0.9953655170904224,8.251705842884565,1.0,2.911,2197.0,-6.96214795943284e-05,0.002582260240691525
3.5308443243906424,-0.9955227711785093,8.254288103125257,1.0,2.911,2198.0,-6.96214795947725e-05,0.002582260240691525
3.530774702911048,-0.9956800252665962,8.256870363365948,1.0,2.911,2199.0,-6.96214795943284e-05,0.002582260240691525
3.5307050814314533,-0.995837279354683,8.259452623606641,1.0,2.911,2200.0,-6.96214795947725e-05,0.0025822602406933015
3.530635459951859,-0.9959945334427699,8.262034883847333,1.0,2.911,2201.0,-6.96214795943284e-05,0.002582260240691525
3.5305658384722642,-0.9961517875308568,8.264617144088025,1.0,2.911,2202.0,-6.96214795947725e-05,0.002582260240691525
3.53049621699267,-0.9963090416189436,8.267199404328716,1.0,2.911,2203.0,-6.96214795943284e-05,0.002582260240691525
3.530388523854556,-0.9963355057640644,8.267270971092238,1.0,2.911,2204.0,-0.00010769313811387349,7.156676352160218e-05
3.530280830716442,-0.9963619699091851,8.26734253785576,1.0,2.911,2205.0,-0.00010769313811387349,7.156676352160218e-05
3.5301731375783283,-0.9963884340543059,8.26741410461928,1.0,2.911,2206.0,-0.00010769313811387349,7.156676352160218e-05
3.530065444440215,-0.9964148981994267,8.267485671382802,1.0,2.911,2207.0,-0.0001076931381134294,7.156676352160218e-05
3.529957751302101,-0.9964413623445475,8.267557238146324,1.0,2.911,2208.0,-0.00010769313811387349,7.156676352160218e-05
3.529850058163987,-0.9964678264896683,8.267628804909846,1.0,2.911,2209.0,-0.00010769313811387349,7.156676352160218e-05
3.5297423650258732,-0.996494290634789,8.267700371673365,1.0,2.911,2210.0,-0.00010769313811387349,7.156676351982583e-05
3.5296346718877594,-0.9965207547799098,8.267771938436887,1.0,2.911,2211.0,-0.00010769313811387349,7.156676352160218e-05
3.5295269787496455,-0.9965472189250305,8.267843505200409,1.0,2.911,2212.0,-0.00010769313811387349,7.156676352160218e-05
3.529419285611532,-0.9965736830701514,8.26791507196393,1.0,2.911,2213.0,-0.0001076931381134294,7.156676352160218e-05
3.529311592473418,-0.9966001472152721,8.267986638727452,1.0,2.911,2214.0,-0.00010769313811387349,7.156676352160218e-05
3.5292038993353043,-0.9966266113603929,8.268058205490973,1.0,2.911,2215.0,-0.00010769313811387349,7.156676352160218e-05
3.5290962061971904,-0.9966530755055136,8.268129772254495,1.0,2.911,2216.0,-0.00010769313811387349,7.156676352160218e-05
3.529011070928004,-0.9964871513739675,8.269740857381205,1.0,2.9107857142857143,2217.0,-8.513526918640935e-05,0.0016110851267097104
3.528925935658818,-0.9963212272424212,8.271351942507915,1.0,2.9105714285714286,2218.0,-8.513526918596526e-05,0.0016110851267097104
3.5288408003896317,-0.996155303110875,8.272963027634624,1.0,2.910357142857143,2219.0,-8.513526918640935e-05,0.0016110851267097104
3.5287556651204453,-0.9959893789793288,8.274574112761334,1.0,2.910142857142857,2220.0,-8.513526918640935e-05,0.0016110851267097104
3.528670529851259,-0.9958234548477827,8.276185197888044,1.0,2.9099285714285714,2221.0,-8.513526918640935e-05,0.0016110851267097104
3.528585394582073,-0.9956575307162364,8.277796283014753,1.0,2.9097142857142857,2222.0,-8.513526918596526e-05,0.0016110851267097104
3.5285002593128865,-0.9954916065846902,8.279407368141463,1.0,2.9095,2223.0,-8.513526918640935e-05,0.0016110851267097104
3.5284151240437,-0.995325682453144,8.281018453268173,1.0,2.9092857142857143,2224.0,-8.513526918640935e-05,0.0016110851267097104
3.528329988774514,-0.9951597583215979,8.282629538394882,1.0,2.9090714285714285,2225.0,-8.513526918596526e-05,0.0016110851267097104
3.5282448535053277,-0.9949938341900516,8.284240623521592,1.0,2.908857142857143,2226.0,-8.513526918640935e-05,0.0016110851267097104
3.5281597182361413,-0.9948279100585053,8.285851708648302,1.0,2.908642857142857,2227.0,-8.513526918640935e-05,0.0016110851267097104
3.528074582966955,-0.9946619859269592,8.287462793775012,1.0,2.9084285714285714,2228.0,-8.513526918640935e-05,0.0016110851267097104
3.527989447697769,-0.994496061795413,8.289073878901721,1.0,2.9082142857142856,2229.0,-8.513526918596526e-05,0.0016110851267097104
3.5279043124285825,-0.9943301376638668,8.290684964028431,1.0,2.908,2230.0,-8.513526918640935e-05,0.0016110851267097104
3.5278048480537754,-0.9943612483956273,8.293341314851721,1.0,2.908230769230769,2231.0,-9.946437480712333e-05,0.00265635082329041
3.527705383678968,-0.9943923591273878,8.29599766567501,1.0,2.9084615384615384,2232.0,-9.946437480756742e-05,0.0026563508232886335
3.5276059193041607,-0.9944234698591483,8.2986540164983,1.0,2.9086923076923075,2233.0,-9.946437480712333e-05,0.00265635082329041
3.5275064549293536,-0.9944545805909087,8.30131036732159,1.0,2.908923076923077,2234.0,-9.946437480712333e-05,0.0026563508232886335
3.527406990554546,-0.9944856913226693,8.30396671814488,1.0,2.909153846153846,2235.0,-9.946437480756742e-05,0.00265635082329041
3.527307526179739,-0.9945168020544297,8.306623068968168,1.0,2.9093846153846155,2236.0,-9.946437480712333e-05,0.0026563508232886335
3.5272080618049317,-0.9945479127861903,8.309279419791459,1.0,2.9096153846153845,2237.0,-9.946437480712333e-05,0.00265635082329041
3.5271085974301246,-0.9945790235179507,8.311935770614747,1.0,2.909846153846154,2238.0,-9.946437480712333e-05,0.0026563508232886335
3.527009133055317,-0.9946101342497112,8.314592121438038,1.0,2.910076923076923,2239.0,-9.946437480756742e-05,0.00265635082329041
3.52690966868051,-0.9946412449814717,8.317248472261326,1.0,2.9103076923076925,2240.0,-9.946437480712333e-05,0.0026563508232886335
3.526810204305703,-0.9946723557132322,8.319904823084617,1.0,2.9105384615384615,2241.0,-9.946437480712333e-05,0.00265635082329041
3.5267107399308952,-0.9947034664449926,8.322561173907905,1.0,2.910769230769231,2242.0,-9.946437480756742e-05,0.0026563508232886335
3.526611275556088,-0.9947345771767532,8.325217524731196,1.0,2.911,2243.0,-9.946437480712333e-05,0.00265635082329041
3.5265279242792538,-0.9946701482792968,8.327125639548603,1.0,2.910769230769231,2244.0,-8.335127683434251e-05,0.0019081148174073803
3.5264445730024194,-0.9946057193818405,8.329033754366009,1.0,2.9105384615384615,2245.0,-8.335127683434251e-05,0.001908114817405604
3.526361221725585,-0.9945412904843841,8.330941869183416,1.0,2.9103076923076925,2246.0,-8.335127683434251e-05,0.0019081148174073803
3.5262778704487507,-0.9944768615869278,8.332849984000823,1.0,2.910076923076923,2247.0,-8.335127683434251e-05,0.0019081148174073803
3.5261945191719164,-0.9944124326894714,8.334758098818229,1.0,2.909846153846154,2248.0,-8.335127683434251e-05,0.001908114817405604
3.526111167895082,-0.994348003792015,8.336666213635636,1.0,2.9096153846153845,2249.0,-8.335127683434251e-05,0.0019081148174073803
3.5260278166182473,-0.9942835748945588,8.338574328453044,1.0,2.9093846153846155,2250.0,-8.33512768347866e-05,0.0019081148174073803
3.525944465341413,-0.9942191459971024,8.340482443270451,1.0,2.909153846153846,2251.0,-8.335127683434251e-05,0.0019081148174073803
3.5258611140645786,-0.994154717099646,8.342390558087857,1.0,2.908923076923077,2252.0,-8.335127683434251e-05,0.001908114817405604
3.5257777627877442,-0.9940902882021897,8.344298672905264,1.0,2.9086923076923075,2253.0,-8.335127683434251e-05,0.0019081148174073803
3.52569441151091,-0.9940258593047333,8.346206787722672,1.0,2.9084615384615384,2254.0,-8.335127683434251e-05,0.0019081148174073803
3.5256110602340756,-0.993961430407277,8.348114902540077,1.0,2.908230769230769,2255.0,-8.335127683434251e-05,0.001908114817405604
3.525527708957241,-0.9938970015098206,8.350023017357485,1.0,2.908,2256.0,-8.335127683434251e-05,0.0019081148174073803
3.5254454567280287,-0.9940181428973259,8.352352616321408,1.0,2.907857142857143,2257.0,-8.225222921254272e-05,0.002329598963923374
3.5253632044988157,-0.9941392842848311,8.354682215285333,1.0,2.9077142857142855,2258.0,-8.22522292129868e-05,0.00232959896392515
3.525280952269603,-0.9942604256723364,8.357011814249256,1.0,2.9075714285714285,2259.0,-8.225222921254272e-05,0.002329598963923374
3.5251987000403906,-0.9943815670598417,8.35934141321318,1.0,2.9074285714285715,2260.0,-8.225222921254272e-05,0.002329598963923374
3.5251164478111776,-0.9945027084473469,8.361671012177103,1.0,2.9072857142857145,2261.0,-8.22522292129868e-05,0.002329598963923374
3.525034195581965,-0.9946238498348522,8.364000611141028,1.0,2.907142857142857,2262.0,-8.225222921254272e-05,0.00232959896392515
3.524951943352752,-0.9947449912223574,8.366330210104952,1.0,2.907,2263.0,-8.22522292129868e-05,0.002329598963923374
3.5248696911235395,-0.9948661326098627,8.368659809068875,1.0,2.906857142857143,2264.0,-8.225222921254272e-05,0.002329598963923374
3.524787438894327,-0.994987273997368,8.3709894080328,1.0,2.9067142857142856,2265.0,-8.225222921254272e-05,0.00232959896392515
3.524705186665114,-0.9951084153848732,8.373319006996724,1.0,2.9065714285714286,2266.0,-8.22522292129868e-05,0.002329598963923374
3.5246229344359015,-0.9952295567723785,8.375648605960647,1.0,2.9064285714285716,2267.0,-8.225222921254272e-05,0.002329598963923374
3.524540682206689,-0.9953506981598838,8.37797820492457,1.0,2.9062857142857146,2268.0,-8.225222921254272e-05,0.002329598963923374
3.524458429977476,-0.9954718395473889,8.380307803888495,1.0,2.906142857142857,2269.0,-8.22522292129868e-05,0.00232959896392515
3.5243761777482634,-0.9955929809348942,8.382637402852419,1.0,2.906,2270.0,-8.225222921254272e-05,0.002329598963923374
3.5242699300880296,-0.9955577062239919,8.383877141721156,1.0,2.905769230769231,2271.0,-0.00010624766023381582,0.0012397388687368505
3.5241636824277958,-0.9955224315130895,8.385116880589893,1.0,2.9055384615384616,2272.0,-0.00010624766023381582,0.0012397388687368505
3.524057434767562,-0.9954871568021872,8.38635661945863,1.0,2.9053076923076926,2273.0,-0.00010624766023381582,0.0012397388687368505
3.523951187107328,-0.9954518820912849,8.387596358327366,1.0,2.905076923076923,2274.0,-0.00010624766023381582,0.0012397388687368505
3.5238449394470943,-0.9954166073803825,8.388836097196103,1.0,2.904846153846154,2275.0,-0.00010624766023381582,0.0012397388687368505
3.5237386917868605,-0.9953813326694801,8.39007583606484,1.0,2.9046153846153846,2276.0,-0.00010624766023381582,0.0012397388687368505
3.5236324441266262,-0.9953460579585779,8.391315574933579,1.0,2.9043846153846156,2277.0,-0.00010624766023425991,0.0012397388687386268
3.5235261964663924,-0.9953107832476755,8.392555313802315,1.0,2.904153846153846,2278.0,-0.00010624766023381582,0.0012397388687368505
3.5234199488061586,-0.9952755085367732,8.393795052671052,1.0,2.903923076923077,2279.0,-0.00010624766023381582,0.0012397388687368505
3.523313701145925,-0.9952402338258708,8.39503479153979,1.0,2.9036923076923076,2280.0,-0.00010624766023381582,0.0012397388687368505
3.523207453485691,-0.9952049591149685,8.396274530408526,1.0,2.9034615384615385,2281.0,-0.00010624766023381582,0.0012397388687368505
3.523101205825457,-0.9951696844040662,8.397514269277263,1.0,2.903230769230769,2282.0,-0.00010624766023381582,0.0012397388687368505
3.5229949581652233,-0.9951344096931638,8.398754008146,1.0,2.903,2283.0,-0.00010624766023381582,0.0012397388687368505
3.5228987490190895,-0.9950926078117258,8.399221388382205,1.0,2.903153846153846,2284.0,-9.620914613384102e-05,0.00046738023620562785
3.522802539872956,-0.9950508059302878,8.399688768618413,1.0,2.9033076923076924,2285.0,-9.620914613339693e-05,0.0004673802362074042
3.5227063307268223,-0.9950090040488498,8.400156148854618,1.0,2.9034615384615385,2286.0,-9.620914613384102e-05,0.00046738023620562785
3.522610121580689,-0.9949672021674119,8.400623529090824,1.0,2.9036153846153847,2287.0,-9.620914613339693e-05,0.00046738023620562785
3.522513912434555,-0.9949254002859739,8.401090909327031,1.0,2.903769230769231,2288.0,-9.620914613384102e-05,0.0004673802362074042
3.522417703288421,-0.9948835984045359,8.401558289563237,1.0,2.903923076923077,2289.0,-9.620914613384102e-05,0.00046738023620562785
3.522321494142288,-0.9948417965230979,8.402025669799443,1.0,2.904076923076923,2290.0,-9.620914613339693e-05,0.00046738023620562785
3.522225284996154,-0.9947999946416599,8.402493050035648,1.0,2.904230769230769,2291.0,-9.620914613384102e-05,0.00046738023620562785
3.52212907585002,-0.9947581927602219,8.402960430271856,1.0,2.904384615384615,2292.0,-9.620914613384102e-05,0.0004673802362074042
3.5220328667038867,-0.9947163908787839,8.403427810508061,1.0,2.9045384615384613,2293.0,-9.620914613339693e-05,0.00046738023620562785
3.521936657557753,-0.994674588997346,8.403895190744267,1.0,2.9046923076923075,2294.0,-9.620914613384102e-05,0.00046738023620562785
3.5218404484116195,-0.994632787115908,8.404362570980474,1.0,2.9048461538461536,2295.0,-9.620914613339693e-05,0.0004673802362074042
3.5217442392654856,-0.99459098523447,8.40482995121668,1.0,2.905,2296.0,-9.620914613384102e-05,0.00046738023620562785
3.521664058629984,-0.9946131778083301,8.407908722294385,1.0,2.905142857142857,2297.0,-8.018063550174759e-05,0.003078771077705156
3.521583877994482,-0.9946353703821903,8.41098749337209,1.0,2.9052857142857142,2298.0,-8.018063550174759e-05,0.003078771077705156
3.5215036973589804,-0.9946575629560505,8.414066264449795,1.0,2.9054285714285712,2299.0,-8.018063550174759e-05,0.003078771077705156
3.5214235167234786,-0.9946797555299106,8.4171450355275,1.0,2.9055714285714282,2300.0,-8.018063550174759e-05,0.003078771077705156
3.521343336087977,-0.9947019481037708,8.420223806605206,1.0,2.9057142857142857,2301.0,-8.018063550174759e-05,0.003078771077705156
3.521263155452475,-0.9947241406776309,8.423302577682911,1.0,2.9058571428571427,2302.0,-8.018063550174759e-05,0.003078771077705156
3.521182974816973,-0.9947463332514911,8.426381348760614,1.0,2.9059999999999997,2303.0,-8.018063550219168e-05,0.0030787710777033794
3.521102794181471,-0.9947685258253512,8.42946011983832,1.0,2.906142857142857,2304.0,-8.018063550174759e-05,0.003078771077705156
3.5210226135459695,-0.9947907183992114,8.432538890916025,1.0,2.906285714285714,2305.0,-8.018063550174759e-05,0.003078771077705156
3.5209424329104677,-0.9948129109730716,8.43561766199373,1.0,2.9064285714285716,2306.0,-8.018063550174759e-05,0.003078771077705156
3.520862252274966,-0.9948351035469317,8.438696433071435,1.0,2.9065714285714286,2307.0,-8.018063550174759e-05,0.003078771077705156
3.520782071639464,-0.9948572961207919,8.44177520414914,1.0,2.9067142857142856,2308.0,-8.018063550174759e-05,0.003078771077705156
3.5207018910039625,-0.994879488694652,8.444853975226845,1.0,2.906857142857143,2309.0,-8.018063550174759e-05,0.003078771077705156
3.5206217103684607,-0.9949016812685122,8.44793274630455,1.0,2.907,2310.0,-8.018063550174759e-05,0.003078771077705156
3.52053166201253,-0.9948463809831278,8.449642000839804,1.0,2.906923076923077,2311.0,-9.004835593051652e-05,0.0017092545352532795
3.5204416136565997,-0.9947910806977435,8.451351255375059,1.0,2.906846153846154,2312.0,-9.004835593051652e-05,0.0017092545352550559
3.520351565300669,-0.9947357804123591,8.453060509910312,1.0,2.906769230769231,2313.0,-9.004835593051652e-05,0.0017092545352532795
3.5202615169447387,-0.9946804801269747,8.454769764445567,1.0,2.9066923076923077,2314.0,-9.004835593051652e-05,0.0017092545352550559
3.520171468588808,-0.9946251798415904,8.45647901898082,1.0,2.906615384615385,2315.0,-9.004835593051652e-05,0.0017092545352532795
3.5200814202328776,-0.994569879556206,8.458188273516075,1.0,2.9065384615384615,2316.0,-9.004835593051652e-05,0.0017092545352550559
3.5199913718769467,-0.9945145792708218,8.459897528051329,1.0,2.9064615384615387,2317.0,-9.004835593096061e-05,0.0017092545352532795
3.519901323521016,-0.9944592789854374,8.461606782586584,1.0,2.9063846153846153,2318.0,-9.004835593051652e-05,0.0017092545352550559
3.5198112751650856,-0.994403978700053,8.463316037121837,1.0,2.9063076923076925,2319.0,-9.004835593051652e-05,0.0017092545352532795
3.519721226809155,-0.9943486784146687,8.465025291657092,1.0,2.906230769230769,2320.0,-9.004835593051652e-05,0.0017092545352550559
3.5196311784532246,-0.9942933781292843,8.466734546192345,1.0,2.9061538461538463,2321.0,-9.004835593051652e-05,0.0017092545352532795
3.519541130097294,-0.9942380778439,8.4684438007276,1.0,2.906076923076923,2322.0,-9.004835593051652e-05,0.0017092545352550559
3.5194510817413636,-0.9941827775585156,8.470153055262854,1.0,2.906,2323.0,-9.004835593051652e-05,0.0017092545352532795
3.519366176822941,-0.9942368976395923,8.469043512976093,1.0,2.905923076923077,2324.0,-8.49049184226125e-05,-0.0011095422867608562
3.5192812719045183,-0.9942910177206691,8.467933970689334,1.0,2.905846153846154,2325.0,-8.49049184226125e-05,-0.0011095422867590798
3.5191963669860957,-0.9943451378017458,8.466824428402573,1.0,2.9057692307692307,2326.0,-8.49049184226125e-05,-0.0011095422867608562
3.5191114620676727,-0.9943992578828226,8.465714886115812,1.0,2.905692307692308,2327.0,-8.490491842305659e-05,-0.0011095422867608562
3.51902655714925,-0.9944533779638993,8.464605343829053,1.0,2.9056153846153845,2328.0,-8.49049184226125e-05,-0.0011095422867590798
3.5189416522308274,-0.9945074980449761,8.463495801542292,1.0,2.9055384615384616,2329.0,-8.49049184226125e-05,-0.0011095422867608562
3.518856747312405,-0.9945616181260529,8.462386259255531,1.0,2.9054615384615383,2330.0,-8.49049184226125e-05,-0.0011095422867608562
3.518771842393982,-0.9946157382071297,8.46127671696877,1.0,2.9053846153846155,2331.0,-8.49049184226125e-05,-0.0011095422867608562
3.5186869374755596,-0.9946698582882064,8.460167174682011,1.0,2.905307692307692,2332.0,-8.49049184226125e-05,-0.0011095422867590798
3.5186020325571365,-0.9947239783692832,8.45905763239525,1.0,2.9052307692307693,2333.0,-8.490491842305659e-05,-0.0011095422867608562
3.518517127638714,-0.9947780984503599,8.45794809010849,1.0,2.905153846153846,2334.0,-8.49049184226125e-05,-0.0011095422867608562
3.5184322227202913,-0.9948322185314367,8.45683854782173,1.0,2.905076923076923,2335.0,-8.49049184226125e-05,-0.0011095422867590798
3.5183473178018687,-0.9948863386125134,8.45572900553497,1.0,2.905,2336.0,-8.49049184226125e-05,-0.0011095422867608562
3.5182687207853323,-0.9949033147534521,8.451529452639358,1.0,2.905,2337.0,-7.859701653645246e-05,-0.004199552895611802
3.5181901237687963,-0.9949202908943908,8.447329899743746,1.0,2.905,2338.0,-7.859701653600837e-05,-0.004199552895611802
3.51811152675226,-0.9949372670353295,8.443130346848134,1.0,2.905,2339.0,-7.859701653645246e-05,-0.004199552895611802
3.5180329297357233,-0.9949542431762682,8.438930793952522,1.0,2.905,2340.0,-7.859701653645246e-05,-0.004199552895611802
3.517954332719187,-0.9949712193172069,8.43473124105691,1.0,2.905,2341.0,-7.859701653645246e-05,-0.004199552895611802
3.517875735702651,-0.9949881954581457,8.430531688161299,1.0,2.905,2342.0,-7.859701653600837e-05,-0.004199552895611802
3.5177971386861144,-0.9950051715990843,8.426332135265687,1.0,2.905,2343.0,-7.859701653645246e-05,-0.004199552895611802
3.517718541669578,-0.995022147740023,8.422132582370077,1.0,2.905,2344.0,-7.859701653645246e-05,-0.004199552895610026
3.517639944653042,-0.9950391238809617,8.417933029474465,1.0,2.905,2345.0,-7.859701653600837e-05,-0.004199552895611802
3.5175613476365055,-0.9950561000219004,8.413733476578853,1.0,2.905,2346.0,-7.859701653645246e-05,-0.004199552895611802
3.517482750619969,-0.9950730761628391,8.409533923683242,1.0,2.905,2347.0,-7.859701653645246e-05,-0.004199552895611802
3.5174041536034326,-0.9950900523037778,8.40533437078763,1.0,2.905,2348.0,-7.859701653645246e-05,-0.004199552895611802
3.5173255565868966,-0.9951070284447165,8.401134817892018,1.0,2.905,2349.0,-7.859701653600837e-05,-0.004199552895611802
3.51724695957036,-0.9951240045856552,8.396935264996406,1.0,2.905,2350.0,-7.859701653645246e-05,-0.004199552895611802
3.5171408917580234,-0.9950999384011462,8.376681249880905,1.0,2.904923076923077,2351.0,-0.00010606781233679641,-0.02025401511550129
3.5170348239456866,-0.9950758722166372,8.356427234765405,1.0,2.9048461538461536,2352.0,-0.00010606781233679641,-0.020254015115499513
3.5169287561333498,-0.9950518060321282,8.336173219649904,1.0,2.9047692307692308,2353.0,-0.00010606781233679641,-0.02025401511550129
3.516822688321013,-0.9950277398476192,8.315919204534405,1.0,2.9046923076923075,2354.0,-0.00010606781233679641,-0.020254015115499513
3.516716620508676,-0.9950036736631102,8.295665189418903,1.0,2.9046153846153846,2355.0,-0.00010606781233679641,-0.02025401511550129
3.5166105526963394,-0.9949796074786011,8.275411174303402,1.0,2.9045384615384613,2356.0,-0.00010606781233679641,-0.02025401511550129
3.5165044848840026,-0.994955541294092,8.255157159187902,1.0,2.9044615384615384,2357.0,-0.00010606781233679641,-0.020254015115499513
3.516398417071666,-0.994931475109583,8.234903144072401,1.0,2.904384615384615,2358.0,-0.00010606781233679641,-0.02025401511550129
3.516292349259329,-0.994907408925074,8.2146491289569,1.0,2.9043076923076923,2359.0,-0.00010606781233679641,-0.02025401511550129
3.516186281446992,-0.994883342740565,8.1943951138414,1.0,2.904230769230769,2360.0,-0.00010606781233679641,-0.020254015115499513
3.5160802136346554,-0.994859276556056,8.1741410987259,1.0,2.904153846153846,2361.0,-0.00010606781233679641,-0.02025401511550129
3.5159741458223186,-0.994835210371547,8.1538870836104,1.0,2.904076923076923,2362.0,-0.00010606781233679641,-0.020254015115499513
3.515868078009982,-0.994811144187038,8.133633068494898,1.0,2.904,2363.0,-0.00010606781233679641,-0.02025401511550129
3.5157480985888196,-0.9948331374294613,8.115344889887119,1.0,2.903785714285714,2364.0,-0.00011997942116215299,-0.018288178607779315
3.515628119167658,-0.9948551306718847,8.097056711279341,1.0,2.9035714285714285,2365.0,-0.0001199794211617089,-0.01828817860777754
3.515508139746496,-0.994877123914308,8.078768532671564,1.0,2.9033571428571427,2366.0,-0.00011997942116215299,-0.01828817860777754
3.5153881603253336,-0.9948991171567313,8.060480354063785,1.0,2.903142857142857,2367.0,-0.00011997942116215299,-0.018288178607779315
3.5152681809041715,-0.9949211103991547,8.042192175456005,1.0,2.9029285714285713,2368.0,-0.00011997942116215299,-0.018288178607779315
3.5151482014830098,-0.994943103641578,8.023903996848228,1.0,2.9027142857142856,2369.0,-0.0001199794211617089,-0.01828817860777754
3.5150282220618476,-0.9949650968840014,8.00561581824045,1.0,2.9025,2370.0,-0.00011997942116215299,-0.01828817860777754
3.5149082426406855,-0.9949870901264247,7.987327639632671,1.0,2.902285714285714,2371.0,-0.00011997942116215299,-0.018288178607779315
3.5147882632195238,-0.9950090833688481,7.9690394610248925,1.0,2.9020714285714284,2372.0,-0.0001199794211617089,-0.018288178607778427
3.5146682837983616,-0.9950310766112714,7.950751282417114,1.0,2.9018571428571427,2373.0,-0.00011997942116215299,-0.018288178607778427
3.5145483043771995,-0.9950530698536947,7.932463103809336,1.0,2.901642857142857,2374.0,-0.00011997942116215299,-0.018288178607778427
3.5144283249560373,-0.995075063096118,7.914174925201557,1.0,2.9014285714285712,2375.0,-0.00011997942116215299,-0.018288178607778427
3.5143083455348756,-0.9950970563385414,7.895886746593779,1.0,2.9012142857142855,2376.0,-0.0001199794211617089,-0.018288178607778427
3.5141883661137134,-0.9951190495809648,7.877598567986,1.0,2.901,2377.0,-0.00011997942116215299,-0.018288178607778427
3.514042527369888,-0.9951610313385044,7.865732948161581,1.0,2.901153846153846,2378.0,-0.0001458387438253439,-0.011865619824419582
3.513896688626063,-0.995203013096044,7.853867328337161,1.0,2.901307692307692,2379.0,-0.0001458387438248998,-0.011865619824419582
3.513750849882238,-0.9952449948535836,7.842001708512742,1.0,2.9014615384615383,2380.0,-0.0001458387438253439,-0.011865619824419582
3.513605011138413,-0.9952869766111233,7.830136088688322,1.0,2.9016153846153845,2381.0,-0.0001458387438248998,-0.011865619824419582
3.5134591723945876,-0.9953289583686629,7.818270468863902,1.0,2.9017692307692307,2382.0,-0.0001458387438253439,-0.011865619824419582
3.5133133336507623,-0.9953709401262025,7.806404849039483,1.0,2.901923076923077,2383.0,-0.0001458387438253439,-0.011865619824419582
3.5131674949069374,-0.9954129218837422,7.794539229215064,1.0,2.902076923076923,2384.0,-0.0001458387438248998,-0.011865619824418694
3.513021656163112,-0.9954549036412819,7.782673609390645,1.0,2.902230769230769,2385.0,-0.0001458387438253439,-0.011865619824419582
3.5128758174192867,-0.9954968853988214,7.770807989566225,1.0,2.9023846153846153,2386.0,-0.0001458387438253439,-0.011865619824419582
3.5127299786754618,-0.9955388671563611,7.758942369741805,1.0,2.9025384615384615,2387.0,-0.0001458387438248998,-0.011865619824419582
3.5125841399316364,-0.9955808489139008,7.747076749917386,1.0,2.9026923076923077,2388.0,-0.0001458387438253439,-0.011865619824419582
3.5124383011878115,-0.9956228306714403,7.735211130092966,1.0,2.902846153846154,2389.0,-0.0001458387438248998,-0.011865619824419582
3.512292462443986,-0.99566481242898,7.723345510268547,1.0,2.903,2390.0,-0.0001458387438253439,-0.011865619824419582
3.5121527504353773,-0.9957264155184354,7.713536665885332,1.0,2.902846153846154,2391.0,-0.00013971200860884991,-0.009808844383214499
3.5120130384267685,-0.9957880186078909,7.703727821502118,1.0,2.9026923076923077,2392.0,-0.00013971200860884991,-0.009808844383214499
3.5118733264181596,-0.9958496216973464,7.693918977118903,1.0,2.9025384615384615,2393.0,-0.00013971200860884991,-0.009808844383214499
3.511733614409551,-0.9959112247868019,7.6841101327356895,1.0,2.9023846153846153,2394.0,-0.00013971200860884991,-0.00980884438321361
3.511593902400942,-0.9959728278762574,7.674301288352475,1.0,2.902230769230769,2395.0,-0.00013971200860884991,-0.009808844383214499
3.511454190392333,-0.9960344309657129,7.6644924439692605,1.0,2.902076923076923,2396.0,-0.00013971200860884991,-0.009808844383214499
3.5113144783837242,-0.9960960340551683,7.654683599586046,1.0,2.901923076923077,2397.0,-0.00013971200860884991,-0.009808844383214499
3.5111747663751154,-0.9961576371446238,7.6448747552028316,1.0,2.9017692307692307,2398.0,-0.00013971200860884991,-0.009808844383214499
3.5110350543665065,-0.9962192402340793,7.635065910819617,1.0,2.9016153846153845,2399.0,-0.00013971200860884991,-0.009808844383214499
3.5108953423578977,-0.9962808433235348,7.625257066436403,1.0,2.9014615384615383,2400.0,-0.00013971200860884991,-0.00980884438321361
3.510755630349289,-0.9963424464129903,7.615448222053189,1.0,2.901307692307692,2401.0,-0.00013971200860884991,-0.009808844383214499
3.51061591834068,-0.9964040495024458,7.605639377669974,1.0,2.901153846153846,2402.0,-0.00013971200860884991,-0.009808844383214499
3.510476206332071,-0.9964656525919012,7.59583053328676,1.0,2.901,2403.0,-0.00013971200860884991,-0.009808844383214499
3.510315509445921,-0.9963366331156586,7.5787886617355955,1.0,2.9007142857142854,2404.0,-0.00016069688615028,-0.017041871551164434
3.51015481255977,-0.996207613639416,7.561746790184431,1.0,2.9004285714285714,2405.0,-0.00016069688615072408,-0.017041871551164434
3.50999411567362,-0.9960785941631733,7.544704918633267,1.0,2.900142857142857,2406.0,-0.00016069688615028,-0.017041871551164434
3.5098334187874696,-0.9959495746869307,7.527663047082102,1.0,2.8998571428571425,2407.0,-0.00016069688615028,-0.017041871551164434
3.509672721901319,-0.995820555210688,7.510621175530938,1.0,2.8995714285714285,2408.0,-0.00016069688615072408,-0.017041871551164434
3.5095120250151686,-0.9956915357344455,7.493579303979773,1.0,2.899285714285714,2409.0,-0.00016069688615028,-0.017041871551164434
3.5093513281290183,-0.9955625162582028,7.476537432428609,1.0,2.899,2410.0,-0.00016069688615028,-0.017041871551164434
3.5091906312428676,-0.9954334967819601,7.459495560877444,1.0,2.8987142857142856,2411.0,-0.00016069688615072408,-0.017041871551165322
3.5090299343567173,-0.9953044773057176,7.442453689326279,1.0,2.898428571428571,2412.0,-0.00016069688615028,-0.017041871551164434
3.5088692374705666,-0.9951754578294749,7.425411817775115,1.0,2.898142857142857,2413.0,-0.00016069688615072408,-0.017041871551164434
3.5087085405844163,-0.9950464383532323,7.40836994622395,1.0,2.8978571428571427,2414.0,-0.00016069688615028,-0.017041871551164434
3.508547843698266,-0.9949174188769896,7.391328074672786,1.0,2.8975714285714282,2415.0,-0.00016069688615028,-0.017041871551164434
3.5083871468121153,-0.994788399400747,7.374286203121621,1.0,2.8972857142857142,2416.0,-0.00016069688615072408,-0.017041871551164434
3.508226449925965,-0.9946593799245044,7.357244331570457,1.0,2.897,2417.0,-0.00016069688615028,-0.017041871551164434
3.5080589025685742,-0.9946044485788239,7.347518394786191,1.0,2.897153846153846,2418.0,-0.00016754735739077375,-0.009725936784265699
3.5078913552111834,-0.9945495172331434,7.337792458001925,1.0,2.897307692307692,2419.0,-0.00016754735739077375,-0.009725936784266587
3.5077238078537922,-0.9944945858874629,7.328066521217659,1.0,2.8974615384615383,2420.0,-0.00016754735739121784,-0.009725936784265699
3.5075562604964015,-0.9944396545417824,7.318340584433392,1.0,2.8976153846153845,2421.0,-0.00016754735739077375,-0.009725936784266587
3.5073887131390107,-0.9943847231961019,7.308614647649127,1.0,2.8977692307692307,2422.0,-0.00016754735739077375,-0.009725936784265699
3.50722116578162,-0.9943297918504215,7.298888710864861,1.0,2.897923076923077,2423.0,-0.00016754735739077375,-0.009725936784265699
3.5070536184242287,-0.9942748605047409,7.289162774080594,1.0,2.898076923076923,2424.0,-0.00016754735739121784,-0.009725936784266587
3.506886071066838,-0.9942199291590604,7.279436837296329,1.0,2.898230769230769,2425.0,-0.00016754735739077375,-0.009725936784265699
3.506718523709447,-0.99416499781338,7.269710900512063,1.0,2.8983846153846153,2426.0,-0.00016754735739077375,-0.009725936784265699
3.5065509763520564,-0.9941100664676995,7.2599849637277964,1.0,2.8985384615384615,2427.0,-0.00016754735739077375,-0.009725936784266587
3.506383428994665,-0.9940551351220189,7.250259026943531,1.0,2.8986923076923077,2428.0,-0.00016754735739121784,-0.009725936784265699
3.5062158816372744,-0.9940002037763385,7.240533090159264,1.0,2.898846153846154,2429.0,-0.00016754735739077375,-0.009725936784266587
3.5060483342798836,-0.993945272430658,7.2308071533749985,1.0,2.899,2430.0,-0.00016754735739077375,-0.009725936784265699
3.5058757558298517,-0.9940083233139808,7.223252720978387,1.0,2.8987142857142856,2431.0,-0.00017257845003193495,-0.007554432396611688
3.50570317737982,-0.9940713741973035,7.215698288581776,1.0,2.8984285714285716,2432.0,-0.00017257845003149086,-0.0075544323966108
3.5055305989297887,-0.9941344250806263,7.208143856185164,1.0,2.898142857142857,2433.0,-0.00017257845003149086,-0.007554432396611688
3.5053580204797568,-0.9941974759639491,7.200589423788553,1.0,2.8978571428571427,2434.0,-0.00017257845003193495,-0.007554432396611688
3.505185442029725,-0.9942605268472718,7.193034991391941,1.0,2.8975714285714287,2435.0,-0.00017257845003193495,-0.007554432396611688
3.5050128635796933,-0.9943235777305947,7.18548055899533,1.0,2.8972857142857142,2436.0,-0.00017257845003149086,-0.0075544323966108
3.504840285129662,-0.9943866286139174,7.177926126598718,1.0,2.8970000000000002,2437.0,-0.00017257845003149086,-0.007554432396611688
3.50466770667963,-0.9944496794972402,7.170371694202107,1.0,2.896714285714286,2438.0,-0.00017257845003193495,-0.007554432396611688
3.504495128229598,-0.994512730380563,7.162817261805496,1.0,2.8964285714285714,2439.0,-0.00017257845003193495,-0.0075544323966108
3.5043225497795665,-0.9945757812638857,7.155262829408884,1.0,2.8961428571428574,2440.0,-0.00017257845003149086,-0.007554432396611688
3.504149971329535,-0.9946388321472085,7.147708397012273,1.0,2.895857142857143,2441.0,-0.00017257845003149086,-0.007554432396611688
3.503977392879503,-0.9947018830305313,7.140153964615661,1.0,2.8955714285714285,2442.0,-0.00017257845003193495,-0.007554432396611688
3.503804814429471,-0.994764933913854,7.13259953221905,1.0,2.8952857142857145,2443.0,-0.00017257845003193495,-0.0075544323966108
3.5036322359794396,-0.9948279847971768,7.125045099822438,1.0,2.895,2444.0,-0.00017257845003149086,-0.007554432396611688
3.503446045748466,-0.9948197450270028,7.117052426776519,1.0,2.8946923076923077,2445.0,-0.00018619023097343756,-0.007992673045919219
3.503259855517493,-0.9948115052568287,7.109059753730601,1.0,2.8943846153846153,2446.0,-0.00018619023097299348,-0.00799267304591833
3.5030736652865198,-0.9948032654866548,7.101067080684682,1.0,2.894076923076923,2447.0,-0.00018619023097343756,-0.007992673045919219
3.5028874750555468,-0.9947950257164807,7.093074407638763,1.0,2.8937692307692306,2448.0,-0.00018619023097299348,-0.00799267304591833
3.5027012848245733,-0.9947867859463067,7.085081734592844,1.0,2.8934615384615383,2449.0,-0.00018619023097343756,-0.007992673045919219
3.5025150945936003,-0.9947785461761326,7.077089061546925,1.0,2.893153846153846,2450.0,-0.00018619023097299348,-0.007992673045919219
3.502328904362627,-0.9947703064059586,7.0690963885010065,1.0,2.892846153846154,2451.0,-0.00018619023097343756,-0.00799267304591833
3.502142714131654,-0.9947620666357846,7.061103715455087,1.0,2.8925384615384617,2452.0,-0.00018619023097299348,-0.007992673045919219
3.5019565239006805,-0.9947538268656105,7.053111042409168,1.0,2.8922307692307694,2453.0,-0.00018619023097343756,-0.007992673045919219
3.5017703336697075,-0.9947455870954365,7.04511836936325,1.0,2.891923076923077,2454.0,-0.00018619023097299348,-0.00799267304591833
3.501584143438734,-0.9947373473252625,7.0371256963173305,1.0,2.8916153846153847,2455.0,-0.00018619023097343756,-0.007992673045919219
3.501397953207761,-0.9947291075550885,7.029133023271412,1.0,2.8913076923076924,2456.0,-0.00018619023097299348,-0.00799267304591833
3.5012117629767876,-0.9947208677849144,7.021140350225493,1.0,2.891,2457.0,-0.00018619023097343756,-0.007992673045919219
3.5010165696824513,-0.9947843831691093,7.006982170783224,1.0,2.890769230769231,2458.0,-0.00019519329433625998,-0.014158179442269159
3.500821376388115,-0.9948478985533041,6.992823991340954,1.0,2.8905384615384615,2459.0,-0.00019519329433625998,-0.014158179442270047
3.500626183093779,-0.994911413937499,6.978665811898685,1.0,2.8903076923076925,2460.0,-0.00019519329433625998,-0.014158179442269159
3.5004309897994426,-0.9949749293216938,6.964507632456415,1.0,2.890076923076923,2461.0,-0.00019519329433625998,-0.014158179442270047
3.5002357965051063,-0.9950384447058888,6.950349453014145,1.0,2.889846153846154,2462.0,-0.00019519329433625998,-0.014158179442269159
3.50004060321077,-0.9951019600900836,6.936191273571876,1.0,2.8896153846153845,2463.0,-0.00019519329433625998,-0.014158179442269159
3.4998454099164342,-0.9951654754742785,6.922033094129606,1.0,2.8893846153846154,2464.0,-0.0001951932943358159,-0.014158179442270047
3.499650216622098,-0.9952289908584733,6.907874914687337,1.0,2.889153846153846,2465.0,-0.00019519329433625998,-0.014158179442269159
3.4994550233277617,-0.9952925062426682,6.893716735245068,1.0,2.888923076923077,2466.0,-0.00019519329433625998,-0.014158179442269159
3.4992598300334254,-0.995356021626863,6.879558555802798,1.0,2.8886923076923074,2467.0,-0.00019519329433625998,-0.014158179442270047
3.499064636739089,-0.9954195370110579,6.865400376360529,1.0,2.8884615384615384,2468.0,-0.00019519329433625998,-0.014158179442269159
3.498869443444753,-0.9954830523952527,6.851242196918259,1.0,2.888230769230769,2469.0,-0.00019519329433625998,-0.014158179442270047
3.4986742501504167,-0.9955465677794476,6.8370840174759895,1.0,2.888,2470.0,-0.00019519329433625998,-0.014158179442269159
3.4984932299951144,-0.9955897111845293,6.826099354623536,1.0,2.887857142857143,2471.0,-0.00018102015530230275,-0.010984662852453475
3.4983122098398125,-0.9956328545896109,6.8151146917710825,1.0,2.8877142857142855,2472.0,-0.00018102015530185867,-0.010984662852453475
3.49813118968451,-0.9956759979946925,6.804130028918628,1.0,2.8875714285714285,2473.0,-0.00018102015530230275,-0.010984662852454363
3.497950169529208,-0.9957191413997742,6.793145366066175,1.0,2.8874285714285715,2474.0,-0.00018102015530230275,-0.010984662852453475
3.4977691493739056,-0.995762284804856,6.782160703213721,1.0,2.8872857142857145,2475.0,-0.00018102015530230275,-0.010984662852453475
3.4975881292186037,-0.9958054282099376,6.771176040361268,1.0,2.887142857142857,2476.0,-0.00018102015530185867,-0.010984662852453475
3.4974071090633014,-0.9958485716150192,6.760191377508813,1.0,2.887,2477.0,-0.00018102015530230275,-0.010984662852454363
3.497226088907999,-0.9958917150201009,6.74920671465636,1.0,2.886857142857143,2478.0,-0.00018102015530230275,-0.010984662852453475
3.4970450687526973,-0.9959348584251826,6.738222051803906,1.0,2.8867142857142856,2479.0,-0.00018102015530185867,-0.010984662852453475
3.496864048597395,-0.9959780018302642,6.727237388951453,1.0,2.8865714285714286,2480.0,-0.00018102015530230275,-0.010984662852453475
3.4966830284420927,-0.9960211452353458,6.7162527260989995,1.0,2.8864285714285716,2481.0,-0.00018102015530230275,-0.010984662852453475
3.4965020082867904,-0.9960642886404275,6.705268063246545,1.0,2.8862857142857146,2482.0,-0.00018102015530230275,-0.010984662852454363
3.4963209881314885,-0.9961074320455092,6.694283400394092,1.0,2.886142857142857,2483.0,-0.00018102015530185867,-0.010984662852453475
3.496139967976186,-0.9961505754505908,6.683298737541638,1.0,2.886,2484.0,-0.00018102015530230275,-0.010984662852453475
3.495928506489135,-0.9960174279875247,6.677770618705887,1.0,2.885769230769231,2485.0,-0.0002114614870514231,-0.005528118835750995
3.4957170450020834,-0.9958842805244584,6.672242499870136,1.0,2.8855384615384616,2486.0,-0.0002114614870514231,-0.005528118835750995
3.495505583515032,-0.9957511330613923,6.666714381034385,1.0,2.8853076923076926,2487.0,-0.0002114614870514231,-0.005528118835750995
3.4952941220279805,-0.995617985598326,6.661186262198634,1.0,2.885076923076923,2488.0,-0.0002114614870514231,-0.005528118835750995
3.495082660540929,-0.9954848381352599,6.655658143362883,1.0,2.884846153846154,2489.0,-0.0002114614870514231,-0.005528118835750995
3.4948711990538777,-0.9953516906721938,6.650130024527132,1.0,2.8846153846153846,2490.0,-0.0002114614870514231,-0.005528118835750995
3.4946597375668267,-0.9952185432091275,6.644601905691382,1.0,2.8843846153846155,2491.0,-0.000211461487050979,-0.0055281188357501065
3.4944482760797753,-0.9950853957460614,6.639073786855631,1.0,2.884153846153846,2492.0,-0.0002114614870514231,-0.005528118835750995
3.494236814592724,-0.9949522482829952,6.63354566801988,1.0,2.883923076923077,2493.0,-0.0002114614870514231,-0.005528118835750995
3.4940253531056724,-0.994819100819929,6.628017549184129,1.0,2.8836923076923076,2494.0,-0.0002114614870514231,-0.005528118835750995
3.493813891618621,-0.9946859533568628,6.622489430348378,1.0,2.8834615384615385,2495.0,-0.0002114614870514231,-0.005528118835750995
3.4936024301315696,-0.9945528058937966,6.616961311512627,1.0,2.883230769230769,2496.0,-0.0002114614870514231,-0.005528118835750995
3.493390968644518,-0.9944196584307304,6.611433192676876,1.0,2.883,2497.0,-0.0002114614870514231,-0.005528118835750995
3.4931961700491585,-0.9944731634606272,6.602415387003326,1.0,2.882846153846154,2498.0,-0.0001947985953596465,-0.00901780567355015
3.493001371453799,-0.994526668490524,6.593397581329777,1.0,2.8826923076923077,2499.0,-0.0001947985953596465,-0.009017805673549262
3.492806572858439,-0.9945801735204206,6.584379775656227,1.0,2.8825384615384615,2500.0,-0.0001947985953596465,-0.00901780567355015
3.492611774263079,-0.9946336785503174,6.575361969982676,1.0,2.8823846153846153,2501.0,-0.0001947985953600906,-0.00901780567355015
3.4924169756677195,-0.9946871835802141,6.566344164309127,1.0,2.882230769230769,2502.0,-0.0001947985953596465,-0.009017805673549262
3.49222217707236,-0.9947406886101109,6.557326358635577,1.0,2.882076923076923,2503.0,-0.0001947985953596465,-0.00901780567355015
3.492027378477,-0.9947941936400075,6.548308552962027,1.0,2.881923076923077,2504.0,-0.0001947985953596465,-0.00901780567355015
3.4918325798816405,-0.9948476986699043,6.539290747288477,1.0,2.8817692307692306,2505.0,-0.0001947985953596465,-0.00901780567355015
3.491637781286281,-0.9949012036998011,6.530272941614927,1.0,2.8816153846153845,2506.0,-0.0001947985953596465,-0.009017805673549262
3.491442982690921,-0.9949547087296978,6.521255135941377,1.0,2.8814615384615383,2507.0,-0.0001947985953600906,-0.00901780567355015
3.491248184095561,-0.9950082137595945,6.512237330267827,1.0,2.881307692307692,2508.0,-0.0001947985953596465,-0.00901780567355015
3.4910533855002015,-0.9950617187894912,6.503219524594278,1.0,2.881153846153846,2509.0,-0.0001947985953596465,-0.009017805673549262
3.490858586904842,-0.995115223819388,6.494201718920728,1.0,2.881,2510.0,-0.0001947985953596465,-0.00901780567355015
3.4906623923866733,-0.995097999674326,6.490606580626912,1.0,2.880857142857143,2511.0,-0.0001961945181685465,-0.003595138293815303
3.4904661978685043,-0.995080775529264,6.487011442333097,1.0,2.8807142857142853,2512.0,-0.00019619451816899058,-0.003595138293815303
3.4902700033503358,-0.995063551384202,6.483416304039282,1.0,2.8805714285714283,2513.0,-0.0001961945181685465,-0.003595138293815303
3.490073808832167,-0.9950463272391399,6.479821165745466,1.0,2.8804285714285713,2514.0,-0.00019619451816899058,-0.0035951382938161913
3.4898776143139982,-0.9950291030940779,6.47622602745165,1.0,2.8802857142857143,2515.0,-0.0001961945181685465,-0.003595138293815303
3.4896814197958292,-0.9950118789490159,6.472630889157835,1.0,2.880142857142857,2516.0,-0.00019619451816899058,-0.003595138293815303
3.4894852252776607,-0.9949946548039539,6.46903575086402,1.0,2.88,2517.0,-0.0001961945181685465,-0.003595138293815303
3.489289030759492,-0.9949774306588919,6.465440612570204,1.0,2.879857142857143,2518.0,-0.0001961945181685465,-0.003595138293815303
3.489092836241323,-0.9949602065138299,6.461845474276389,1.0,2.8797142857142854,2519.0,-0.00019619451816899058,-0.003595138293815303
3.4888966417231546,-0.9949429823687679,6.458250335982574,1.0,2.8795714285714284,2520.0,-0.0001961945181685465,-0.003595138293815303
3.4887004472049856,-0.9949257582237058,6.454655197688758,1.0,2.8794285714285714,2521.0,-0.00019619451816899058,-0.0035951382938161913
3.488504252686817,-0.9949085340786438,6.451060059394942,1.0,2.8792857142857144,2522.0,-0.0001961945181685465,-0.003595138293815303
3.488308058168648,-0.9948913099335818,6.447464921101127,1.0,2.879142857142857,2523.0,-0.00019619451816899058,-0.003595138293815303
3.4881118636504795,-0.9948740857885198,6.443869782807312,1.0,2.879,2524.0,-0.0001961945181685465,-0.003595138293815303
3.4878864463145676,-0.9949907575004983,6.43266597869992,1.0,2.878769230769231,2525.0,-0.00022541733591197044,-0.011203804107391413
3.487661028978655,-0.9951074292124767,6.421462174592528,1.0,2.8785384615384615,2526.0,-0.00022541733591241453,-0.011203804107392301
3.487435611642743,-0.9952241009244552,6.410258370485137,1.0,2.8783076923076925,2527.0,-0.00022541733591197044,-0.011203804107391413
3.4872101943068308,-0.9953407726364337,6.399054566377744,1.0,2.878076923076923,2528.0,-0.00022541733591241453,-0.011203804107392301
3.486984776970919,-0.9954574443484122,6.387850762270353,1.0,2.877846153846154,2529.0,-0.00022541733591197044,-0.011203804107391413
3.486759359635007,-0.9955741160603907,6.376646958162961,1.0,2.8776153846153845,2530.0,-0.00022541733591197044,-0.011203804107392301
3.4865339422990944,-0.9956907877723693,6.365443154055569,1.0,2.8773846153846154,2531.0,-0.00022541733591241453,-0.011203804107391413
3.4863085249631824,-0.9958074594843478,6.354239349948177,1.0,2.877153846153846,2532.0,-0.00022541733591197044,-0.011203804107392301
3.4860831076272705,-0.9959241311963263,6.343035545840785,1.0,2.876923076923077,2533.0,-0.00022541733591197044,-0.011203804107391413
3.485857690291358,-0.9960408029083048,6.331831741733393,1.0,2.8766923076923074,2534.0,-0.00022541733591241453,-0.011203804107392301
3.485632272955446,-0.9961574746202833,6.320627937626002,1.0,2.8764615384615384,2535.0,-0.00022541733591197044,-0.011203804107391413
3.4854068556195337,-0.9962741463322617,6.309424133518609,1.0,2.876230769230769,2536.0,-0.00022541733591241453,-0.011203804107392301
3.4851814382836217,-0.9963908180442402,6.298220329411218,1.0,2.876,2537.0,-0.00022541733591197044,-0.011203804107391413
3.4849604426758356,-0.9961980523275377,6.291540253718095,1.0,2.875769230769231,2538.0,-0.00022099560778610083,-0.006680075693123122
3.4847394470680495,-0.9960052866108351,6.284860178024972,1.0,2.8755384615384614,2539.0,-0.00022099560778610083,-0.006680075693123122
3.484518451460264,-0.9958125208941325,6.278180102331849,1.0,2.8753076923076923,2540.0,-0.00022099560778565674,-0.006680075693123122
3.4842974558524777,-0.9956197551774298,6.2715000266387255,1.0,2.875076923076923,2541.0,-0.00022099560778610083,-0.006680075693123122
3.4840764602446916,-0.9954269894607273,6.264819950945602,1.0,2.874846153846154,2542.0,-0.00022099560778610083,-0.006680075693123122
3.4838554646369055,-0.9952342237440247,6.258139875252479,1.0,2.874615384615385,2543.0,-0.00022099560778610083,-0.006680075693123122
3.48363446902912,-0.9950414580273221,6.251459799559357,1.0,2.8743846153846153,2544.0,-0.00022099560778565674,-0.006680075693122234
3.483413473421334,-0.9948486923106196,6.244779723866234,1.0,2.8741538461538463,2545.0,-0.00022099560778610083,-0.006680075693123122
3.4831924778135477,-0.994655926593917,6.238099648173111,1.0,2.8739230769230772,2546.0,-0.00022099560778610083,-0.006680075693123122
3.4829714822057616,-0.9944631608772143,6.231419572479988,1.0,2.8736923076923078,2547.0,-0.00022099560778610083,-0.006680075693123122
3.482750486597976,-0.9942703951605117,6.224739496786865,1.0,2.8734615384615387,2548.0,-0.00022099560778565674,-0.006680075693123122
3.48252949099019,-0.9940776294438092,6.218059421093741,1.0,2.8732307692307693,2549.0,-0.00022099560778610083,-0.006680075693123122
3.4823084953824037,-0.9938848637271066,6.211379345400618,1.0,2.873,2550.0,-0.00022099560778610083,-0.006680075693123122
3.4821310954122313,-0.9938463249779038,6.233591728258045,1.0,2.8727142857142858,2551.0,-0.00017739997017240938,0.022212382857426327
3.481953695442059,-0.993807786228701,6.255804111115472,1.0,2.8724285714285718,2552.0,-0.00017739997017240938,0.022212382857427215
3.481776295471887,-0.9937692474794981,6.278016493972899,1.0,2.8721428571428573,2553.0,-0.0001773999701719653,0.022212382857427215
3.4815988955017145,-0.9937307087302953,6.300228876830325,1.0,2.871857142857143,2554.0,-0.00017739997017240938,0.022212382857426327
3.481421495531542,-0.9936921699810926,6.322441259687752,1.0,2.871571428571429,2555.0,-0.00017739997017240938,0.022212382857426327
3.4812440955613697,-0.9936536312318898,6.344653642545179,1.0,2.8712857142857144,2556.0,-0.00017739997017240938,0.022212382857427215
3.4810666955911977,-0.9936150924826869,6.366866025402606,1.0,2.8710000000000004,2557.0,-0.0001773999701719653,0.022212382857427215
3.4808892956210253,-0.9935765537334841,6.3890784082600325,1.0,2.870714285714286,2558.0,-0.00017739997017240938,0.022212382857426327
3.480711895650853,-0.9935380149842813,6.411290791117459,1.0,2.8704285714285716,2559.0,-0.00017739997017240938,0.022212382857426327
3.4805344956806805,-0.9934994762350785,6.433503173974886,1.0,2.8701428571428576,2560.0,-0.00017739997017240938,0.022212382857427215
3.480357095710508,-0.9934609374858757,6.455715556832313,1.0,2.869857142857143,2561.0,-0.00017739997017240938,0.022212382857427215
3.480179695740336,-0.9934223987366728,6.47792793968974,1.0,2.8695714285714287,2562.0,-0.0001773999701719653,0.022212382857426327
3.4800022957701637,-0.99338385998747,6.500140322547166,1.0,2.8692857142857147,2563.0,-0.00017739997017240938,0.022212382857426327
3.4798248957999913,-0.9933453212382672,6.522352705404593,1.0,2.869,2564.0,-0.00017739997017240938,0.022212382857427215
3.479644837387147,-0.9934668761059132,6.5327228037452425,1.0,2.868846153846154,2565.0,-0.00018005841284418622,0.010370098340649392
3.4794647789743034,-0.9935884309735592,6.543092902085893,1.0,2.868692307692308,2566.0,-0.00018005841284374213,0.01037009834065028
3.479284720561459,-0.9937099858412052,6.553463000426542,1.0,2.8685384615384617,2567.0,-0.00018005841284418622,0.010370098340649392
3.479104662148615,-0.993831540708851,6.5638330987671925,1.0,2.8683846153846155,2568.0,-0.00018005841284418622,0.01037009834065028
3.4789246037357713,-0.993953095576497,6.574203197107842,1.0,2.8682307692307694,2569.0,-0.00018005841284374213,0.010370098340649392
3.478744545322927,-0.994074650444143,6.584573295448491,1.0,2.868076923076923,2570.0,-0.00018005841284418622,0.010370098340649392
3.478564486910083,-0.994196205311789,6.5949433937891415,1.0,2.867923076923077,2571.0,-0.00018005841284418622,0.01037009834065028
3.4783844284972387,-0.994317760179435,6.605313492129791,1.0,2.867769230769231,2572.0,-0.00018005841284418622,0.010370098340649392
3.478204370084395,-0.9944393150470809,6.61568359047044,1.0,2.8676153846153847,2573.0,-0.00018005841284374213,0.010370098340649392
3.478024311671551,-0.9945608699147268,6.626053688811091,1.0,2.8674615384615385,2574.0,-0.00018005841284418622,0.01037009834065028
3.4778442532587066,-0.9946824247823728,6.63642378715174,1.0,2.8673076923076923,2575.0,-0.00018005841284418622,0.010370098340649392
3.477664194845863,-0.9948039796500188,6.64679388549239,1.0,2.867153846153846,2576.0,-0.00018005841284374213,0.01037009834065028
3.4774841364330187,-0.9949255345176647,6.65716398383304,1.0,2.867,2577.0,-0.00018005841284418622,0.010370098340649392
3.4773181566330567,-0.9949547668442742,6.6634636753810925,1.0,2.8667857142857143,2578.0,-0.00016597979996202383,0.006299691548052877
3.4771521768330946,-0.9949839991708838,6.669763366929145,1.0,2.8665714285714285,2579.0,-0.00016597979996202383,0.006299691548052877
3.4769861970331326,-0.9950132314974932,6.676063058477198,1.0,2.866357142857143,2580.0,-0.00016597979996202383,0.006299691548052877
3.4768202172331706,-0.9950424638241027,6.682362750025251,1.0,2.866142857142857,2581.0,-0.00016597979996202383,0.006299691548052877
3.4766542374332086,-0.9950716961507122,6.688662441573304,1.0,2.8659285714285714,2582.0,-0.00016597979996202383,0.006299691548052877
3.4764882576332465,-0.9951009284773217,6.694962133121357,1.0,2.8657142857142857,2583.0,-0.00016597979996202383,0.006299691548052877
3.4763222778332845,-0.9951301608039312,6.70126182466941,1.0,2.8655,2584.0,-0.00016597979996202383,0.006299691548052877
3.4761562980333225,-0.9951593931305407,6.7075615162174635,1.0,2.865285714285714,2585.0,-0.00016597979996202383,0.006299691548053765
3.4759903182333605,-0.9951886254571501,6.713861207765516,1.0,2.8650714285714285,2586.0,-0.00016597979996202383,0.006299691548052877
3.4758243384333984,-0.9952178577837597,6.720160899313569,1.0,2.8648571428571428,2587.0,-0.00016597979996202383,0.006299691548052877
3.4756583586334364,-0.9952470901103692,6.726460590861622,1.0,2.864642857142857,2588.0,-0.00016597979996202383,0.006299691548052877
3.4754923788334744,-0.9952763224369786,6.732760282409675,1.0,2.8644285714285713,2589.0,-0.00016597979996202383,0.006299691548052877
3.4753263990335124,-0.9953055547635882,6.739059973957728,1.0,2.8642142857142856,2590.0,-0.00016597979996202383,0.006299691548052877
3.4751604192335503,-0.9953347870901976,6.745359665505781,1.0,2.864,2591.0,-0.00016597979996202383,0.006299691548052877
3.4749992539041537,-0.9951963145124202,6.7490979769137365,1.0,2.8638461538461537,2592.0,-0.00016116532939669526,0.0037383114079556634
3.4748380885747565,-0.9950578419346428,6.752836288321692,1.0,2.8636923076923075,2593.0,-0.00016116532939713935,0.0037383114079556634
3.47467692324536,-0.9949193693568653,6.756574599729647,1.0,2.8635384615384614,2594.0,-0.00016116532939669526,0.0037383114079547752
3.474515757915963,-0.9947808967790879,6.760312911137603,1.0,2.863384615384615,2595.0,-0.00016116532939669526,0.0037383114079556634
3.474354592586566,-0.9946424242013104,6.764051222545558,1.0,2.863230769230769,2596.0,-0.00016116532939713935,0.0037383114079556634
3.4741934272571693,-0.994503951623533,6.767789533953514,1.0,2.863076923076923,2597.0,-0.00016116532939669526,0.0037383114079556634
3.4740322619277726,-0.9943654790457555,6.771527845361469,1.0,2.862923076923077,2598.0,-0.00016116532939669526,0.0037383114079547752
3.473871096598376,-0.994227006467978,6.775266156769424,1.0,2.862769230769231,2599.0,-0.00016116532939669526,0.0037383114079556634
3.4737099312689788,-0.9940885338902006,6.77900446817738,1.0,2.862615384615385,2600.0,-0.00016116532939713935,0.0037383114079556634
3.473548765939582,-0.9939500613124231,6.782742779585336,1.0,2.8624615384615386,2601.0,-0.00016116532939669526,0.0037383114079556634
3.4733876006101854,-0.9938115887346457,6.78648109099329,1.0,2.8623076923076924,2602.0,-0.00016116532939669526,0.0037383114079547752
3.4732264352807882,-0.9936731161568683,6.790219402401246,1.0,2.8621538461538463,2603.0,-0.00016116532939713935,0.0037383114079556634
3.4730652699513915,-0.9935346435790908,6.793957713809202,1.0,2.862,2604.0,-0.00016116532939669526,0.0037383114079556634
3.4729100998256475,-0.9936814746586219,6.795494153215636,1.0,2.8619230769230772,2605.0,-0.00015517012574406408,0.0015364394064345532
3.4727549296999034,-0.9938283057381528,6.797030592622071,1.0,2.861846153846154,2606.0,-0.00015517012574406408,0.0015364394064345532
3.4725997595741593,-0.9939751368176839,6.798567032028505,1.0,2.861769230769231,2607.0,-0.00015517012574406408,0.0015364394064345532
3.472444589448415,-0.9941219678972149,6.800103471434941,1.0,2.8616923076923078,2608.0,-0.00015517012574450817,0.0015364394064354414
3.4722894193226708,-0.9942687989767459,6.801639910841375,1.0,2.861615384615385,2609.0,-0.00015517012574406408,0.0015364394064345532
3.4721342491969267,-0.9944156300562769,6.80317635024781,1.0,2.8615384615384616,2610.0,-0.00015517012574406408,0.0015364394064345532
3.4719790790711826,-0.9945624611358079,6.8047127896542445,1.0,2.8614615384615387,2611.0,-0.00015517012574406408,0.0015364394064345532
3.4718239089454386,-0.9947092922153389,6.806249229060679,1.0,2.8613846153846154,2612.0,-0.00015517012574406408,0.0015364394064345532
3.4716687388196945,-0.9948561232948699,6.807785668467114,1.0,2.8613076923076926,2613.0,-0.00015517012574406408,0.0015364394064345532
3.47151356869395,-0.9950029543744009,6.809322107873549,1.0,2.8612307692307692,2614.0,-0.00015517012574450817,0.0015364394064354414
3.471358398568206,-0.995149785453932,6.810858547279984,1.0,2.8611538461538464,2615.0,-0.00015517012574406408,0.0015364394064345532
3.471203228442462,-0.9952966165334629,6.812394986686418,1.0,2.861076923076923,2616.0,-0.00015517012574406408,0.0015364394064345532
3.471048058316718,-0.995443447612994,6.813931426092853,1.0,2.861,2617.0,-0.00015517012574406408,0.0015364394064345532
3.470931359647253,-0.995284007422153,6.823095255665835,1.0,2.860857142857143,2618.0,-0.00011669866946473206,0.009163829572981896
3.470814660977789,-0.9951245672313119,6.832259085238816,1.0,2.8607142857142858,2619.0,-0.00011669866946428797,0.009163829572981008
3.470697962308324,-0.9949651270404709,6.8414229148117975,1.0,2.8605714285714288,2620.0,-0.00011669866946473206,0.009163829572981896
3.4705812636388593,-0.9948056868496299,6.850586744384779,1.0,2.8604285714285718,2621.0,-0.00011669866946473206,0.009163829572981896
3.470464564969395,-0.9946462466587889,6.8597505739577604,1.0,2.8602857142857143,2622.0,-0.00011669866946428797,0.009163829572981008
3.4703478662999303,-0.9944868064679478,6.868914403530742,1.0,2.8601428571428573,2623.0,-0.00011669866946473206,0.009163829572981896
3.470231167630466,-0.9943273662771069,6.878078233103723,1.0,2.8600000000000003,2624.0,-0.00011669866946428797,0.009163829572981008
3.4701144689610013,-0.9941679260862659,6.887242062676705,1.0,2.859857142857143,2625.0,-0.00011669866946473206,0.009163829572981896
3.4699977702915366,-0.9940084858954249,6.896405892249687,1.0,2.859714285714286,2626.0,-0.00011669866946473206,0.009163829572981896
3.4698810716220723,-0.9938490457045839,6.905569721822668,1.0,2.8595714285714284,2627.0,-0.00011669866946428797,0.009163829572981008
3.4697643729526075,-0.9936896055137429,6.91473355139565,1.0,2.8594285714285714,2628.0,-0.00011669866946473206,0.009163829572981896
3.469647674283143,-0.9935301653229018,6.923897380968632,1.0,2.8592857142857144,2629.0,-0.00011669866946473206,0.009163829572981896
3.4695309756136785,-0.9933707251320608,6.933061210541613,1.0,2.859142857142857,2630.0,-0.00011669866946428797,0.009163829572981008
3.469414276944214,-0.9932112849412198,6.942225040114595,1.0,2.859,2631.0,-0.00011669866946473206,0.009163829572981896
3.469281192056374,-0.9933821010109395,6.945945229974954,1.0,2.858769230769231,2632.0,-0.0001330848878398072,0.0037201898603589356
3.4691481071685346,-0.9935529170806592,6.949665419835313,1.0,2.8585384615384615,2633.0,-0.00013308488783936312,0.0037201898603589356
3.469015022280695,-0.9937237331503789,6.953385609695672,1.0,2.8583076923076924,2634.0,-0.0001330848878398072,0.0037201898603589356
3.4688819373928554,-0.9938945492200985,6.957105799556031,1.0,2.858076923076923,2635.0,-0.00013308488783936312,0.0037201898603589356
3.4687488525050156,-0.9940653652898181,6.9608259894163895,1.0,2.857846153846154,2636.0,-0.0001330848878398072,0.0037201898603589356
3.4686157676171763,-0.9942361813595378,6.9645461792767485,1.0,2.8576153846153844,2637.0,-0.00013308488783936312,0.0037201898603589356
3.4684826827293365,-0.9944069974292575,6.9682663691371065,1.0,2.8573846153846154,2638.0,-0.0001330848878398072,0.0037201898603580474
3.468349597841497,-0.9945778134989772,6.971986558997465,1.0,2.857153846153846,2639.0,-0.00013308488783936312,0.0037201898603589356
3.4682165129536573,-0.9947486295686969,6.975706748857824,1.0,2.856923076923077,2640.0,-0.0001330848878398072,0.0037201898603589356
3.468083428065818,-0.9949194456384165,6.979426938718183,1.0,2.8566923076923074,2641.0,-0.00013308488783936312,0.0037201898603589356
3.467950343177978,-0.9950902617081362,6.983147128578542,1.0,2.8564615384615384,2642.0,-0.0001330848878398072,0.0037201898603589356
3.4678172582901388,-0.9952610777778559,6.986867318438901,1.0,2.856230769230769,2643.0,-0.00013308488783936312,0.0037201898603589356
3.467684173402299,-0.9954318938475756,6.99058750829926,1.0,2.856,2644.0,-0.0001330848878398072,0.0037201898603589356
3.467549165950378,-0.995359963232918,6.992860777871948,1.0,2.855769230769231,2645.0,-0.00013500745192107644,0.002273269572687475
3.4674141584984572,-0.9952880326182604,6.995134047444635,1.0,2.8555384615384614,2646.0,-0.00013500745192063235,0.002273269572687475
3.467279151046536,-0.9952161020036027,6.9974073170173225,1.0,2.8553076923076923,2647.0,-0.00013500745192107644,0.002273269572687475
3.467144143594615,-0.9951441713889451,6.99968058659001,1.0,2.855076923076923,2648.0,-0.00013500745192107644,0.002273269572687475
3.4670091361426945,-0.9950722407742875,7.0019538561626975,1.0,2.854846153846154,2649.0,-0.00013500745192063235,0.002273269572687475
3.4668741286907734,-0.9950003101596299,7.004227125735385,1.0,2.8546153846153848,2650.0,-0.00013500745192107644,0.002273269572687475
3.4667391212388523,-0.9949283795449722,7.0065003953080724,1.0,2.8543846153846153,2651.0,-0.00013500745192107644,0.002273269572687475
3.4666041137869312,-0.9948564489303146,7.00877366488076,1.0,2.8541538461538463,2652.0,-0.00013500745192107644,0.002273269572687475
3.4664691063350106,-0.994784518315657,7.011046934453447,1.0,2.8539230769230772,2653.0,-0.00013500745192063235,0.002273269572687475
3.4663340988830895,-0.9947125877009994,7.013320204026135,1.0,2.8536923076923078,2654.0,-0.00013500745192107644,0.002273269572687475
3.4661990914311684,-0.9946406570863416,7.015593473598822,1.0,2.8534615384615387,2655.0,-0.00013500745192107644,0.002273269572687475
3.466064083979248,-0.994568726471684,7.01786674317151,1.0,2.8532307692307692,2656.0,-0.00013500745192063235,0.002273269572687475
3.4659290765273267,-0.9944967958570264,7.020140012744197,1.0,2.853,2657.0,-0.00013500745192107644,0.002273269572687475
3.4658306244639148,-0.9943999002672914,7.022877521244295,1.0,2.8527857142857145,2658.0,-9.845206341196899e-05,0.002737508500097796
3.4657321724005024,-0.9943030046775563,7.025615029744392,1.0,2.8525714285714288,2659.0,-9.845206341241308e-05,0.002737508500096908
3.4656337203370904,-0.9942061090878213,7.02835253824449,1.0,2.852357142857143,2660.0,-9.845206341196899e-05,0.002737508500097796
3.465535268273678,-0.9941092134980862,7.031090046744588,1.0,2.8521428571428573,2661.0,-9.845206341241308e-05,0.002737508500097796
3.465436816210266,-0.9940123179083512,7.033827555244685,1.0,2.8519285714285716,2662.0,-9.845206341196899e-05,0.002737508500097796
3.4653383641468536,-0.9939154223186161,7.036565063744782,1.0,2.851714285714286,2663.0,-9.845206341241308e-05,0.002737508500096908
3.4652399120834416,-0.993818526728881,7.03930257224488,1.0,2.8515,2664.0,-9.845206341196899e-05,0.002737508500097796
3.4651414600200297,-0.993721631139146,7.042040080744978,1.0,2.8512857142857144,2665.0,-9.845206341196899e-05,0.002737508500097796
3.4650430079566172,-0.9936247355494109,7.044777589245075,1.0,2.8510714285714287,2666.0,-9.845206341241308e-05,0.002737508500096908
3.4649445558932053,-0.9935278399596759,7.047515097745173,1.0,2.850857142857143,2667.0,-9.845206341196899e-05,0.002737508500097796
3.464846103829793,-0.9934309443699408,7.05025260624527,1.0,2.8506428571428573,2668.0,-9.845206341241308e-05,0.002737508500097796
3.464747651766381,-0.9933340487802058,7.052990114745368,1.0,2.8504285714285715,2669.0,-9.845206341196899e-05,0.002737508500097796
3.4646491997029685,-0.9932371531904707,7.055727623245465,1.0,2.850214285714286,2670.0,-9.845206341241308e-05,0.002737508500096908
3.4645507476395565,-0.9931402576007357,7.058465131745563,1.0,2.85,2671.0,-9.845206341196899e-05,0.002737508500097796
3.4644320342565864,-0.9932123257715335,7.063122067124056,1.0,2.849769230769231,2672.0,-0.0001187133829700926,0.004656935378493543
3.4643133208736168,-0.9932843939423313,7.06777900250255,1.0,2.8495384615384616,2673.0,-0.0001187133829696485,0.004656935378493543
3.4641946074906467,-0.9933564621131291,7.0724359378810435,1.0,2.8493076923076925,2674.0,-0.0001187133829700926,0.004656935378493543
3.464075894107677,-0.9934285302839269,7.077092873259538,1.0,2.849076923076923,2675.0,-0.0001187133829696485,0.004656935378494431
3.463957180724707,-0.9935005984547247,7.0817498086380315,1.0,2.848846153846154,2676.0,-0.0001187133829700926,0.004656935378493543
3.463838467341737,-0.9935726666255226,7.086406744016525,1.0,2.8486153846153845,2677.0,-0.0001187133829700926,0.004656935378493543
3.463719753958767,-0.9936447347963203,7.091063679395019,1.0,2.8483846153846155,2678.0,-0.0001187133829696485,0.004656935378493543
3.463601040575797,-0.9937168029671182,7.095720614773512,1.0,2.848153846153846,2679.0,-0.0001187133829700926,0.004656935378493543
3.463482327192827,-0.993788871137916,7.100377550152006,1.0,2.847923076923077,2680.0,-0.0001187133829700926,0.004656935378493543
3.4633636138098574,-0.9938609393087138,7.1050344855305,1.0,2.8476923076923075,2681.0,-0.0001187133829696485,0.004656935378494431
3.4632449004268873,-0.9939330074795116,7.109691420908994,1.0,2.8474615384615385,2682.0,-0.0001187133829700926,0.004656935378493543
3.4631261870439176,-0.9940050756503094,7.114348356287487,1.0,2.847230769230769,2683.0,-0.0001187133829696485,0.004656935378493543
3.4630074736609475,-0.9940771438211072,7.119005291665981,1.0,2.847,2684.0,-0.0001187133829700926,0.004656935378493543
3.4628883275837086,-0.9940130512747067,7.121756591572221,1.0,2.846846153846154,2685.0,-0.00011914607723895188,0.0027512999062402343
3.46276918150647,-0.9939489587283061,7.124507891478461,1.0,2.8466923076923076,2686.0,-0.00011914607723850779,0.0027512999062402343
3.462650035429231,-0.9938848661819056,7.127259191384701,1.0,2.8465384615384615,2687.0,-0.00011914607723895188,0.0027512999062402343
3.462530889351992,-0.993820773635505,7.130010491290942,1.0,2.8463846153846153,2688.0,-0.00011914607723895188,0.0027512999062402343
3.4624117432747537,-0.9937566810891045,7.132761791197182,1.0,2.846230769230769,2689.0,-0.00011914607723850779,0.0027512999062402343
3.4622925971975147,-0.993692588542704,7.135513091103422,1.0,2.846076923076923,2690.0,-0.00011914607723895188,0.0027512999062402343
3.4621734511202757,-0.9936284959963034,7.138264391009663,1.0,2.845923076923077,2691.0,-0.00011914607723895188,0.0027512999062411225
3.462054305043037,-0.9935644034499029,7.1410156909159035,1.0,2.845769230769231,2692.0,-0.00011914607723895188,0.0027512999062402343
3.4619351589657983,-0.9935003109035024,7.143766990822144,1.0,2.845615384615385,2693.0,-0.00011914607723850779,0.0027512999062402343
3.4618160128885593,-0.9934362183571018,7.146518290728384,1.0,2.8454615384615387,2694.0,-0.00011914607723895188,0.0027512999062402343
3.4616968668113204,-0.9933721258107013,7.149269590634624,1.0,2.8453076923076925,2695.0,-0.00011914607723895188,0.0027512999062402343
3.461577720734082,-0.9933080332643007,7.152020890540864,1.0,2.8451538461538464,2696.0,-0.00011914607723850779,0.0027512999062402343
3.461458574656843,-0.9932439407179002,7.154772190447105,1.0,2.845,2697.0,-0.00011914607723895188,0.0027512999062402343
3.4613501070800705,-0.9934693478324506,7.154013298095812,1.0,2.8447857142857145,2698.0,-0.00010846757677240859,-0.0007588923512926726
3.461241639503298,-0.9936947549470008,7.153254405744519,1.0,2.8445714285714288,2699.0,-0.00010846757677240859,-0.0007588923512926726
3.4611331719265257,-0.9939201620615511,7.152495513393226,1.0,2.844357142857143,2700.0,-0.00010846757677240859,-0.0007588923512935608
3.4610247043497533,-0.9941455691761014,7.151736621041933,1.0,2.8441428571428573,2701.0,-0.00010846757677240859,-0.0007588923512926726
3.460916236772981,-0.9943709762906516,7.15097772869064,1.0,2.8439285714285716,2702.0,-0.00010846757677240859,-0.0007588923512926726
3.4608077691962085,-0.994596383405202,7.150218836339348,1.0,2.843714285714286,2703.0,-0.00010846757677240859,-0.0007588923512926726
3.4606993016194365,-0.9948217905197522,7.149459943988055,1.0,2.8435,2704.0,-0.0001084675767719645,-0.0007588923512926726
3.460590834042664,-0.9950471976343025,7.1487010516367615,1.0,2.8432857142857144,2705.0,-0.00010846757677240859,-0.0007588923512935608
3.4604823664658917,-0.9952726047488528,7.147942159285469,1.0,2.8430714285714287,2706.0,-0.00010846757677240859,-0.0007588923512926726
3.4603738988891193,-0.995498011863403,7.147183266934176,1.0,2.842857142857143,2707.0,-0.00010846757677240859,-0.0007588923512926726
3.460265431312347,-0.9957234189779534,7.1464243745828835,1.0,2.8426428571428572,2708.0,-0.00010846757677240859,-0.0007588923512926726
3.4601569637355745,-0.9959488260925037,7.14566548223159,1.0,2.8424285714285715,2709.0,-0.00010846757677240859,-0.0007588923512935608
3.460048496158802,-0.9961742332070539,7.144906589880297,1.0,2.842214285714286,2710.0,-0.00010846757677240859,-0.0007588923512926726
3.4599400285820296,-0.9963996403216042,7.144147697529005,1.0,2.842,2711.0,-0.00010846757677240859,-0.0007588923512926726
3.4598373597966527,-0.9962362813340414,7.151432976562215,1.0,2.841615384615385,2712.0,-0.0001026687853769026,0.007285279033210301
3.459734691011276,-0.9960729223464786,7.158718255595424,1.0,2.8412307692307692,2713.0,-0.0001026687853769026,0.007285279033209413
3.459632022225899,-0.9959095633589159,7.166003534628635,1.0,2.840846153846154,2714.0,-0.0001026687853769026,0.007285279033210301
3.459529353440522,-0.9957462043713531,7.173288813661845,1.0,2.8404615384615384,2715.0,-0.0001026687853769026,0.007285279033210301
3.459426684655145,-0.9955828453837903,7.180574092695054,1.0,2.840076923076923,2716.0,-0.0001026687853769026,0.007285279033209413
3.4593240158697682,-0.9954194863962275,7.187859371728265,1.0,2.839692307692308,2717.0,-0.0001026687853769026,0.007285279033210301
3.4592213470843913,-0.9952561274086648,7.195144650761475,1.0,2.8393076923076923,2718.0,-0.0001026687853769026,0.007285279033210301
3.4591186782990144,-0.995092768421102,7.202429929794685,1.0,2.838923076923077,2719.0,-0.0001026687853769026,0.007285279033210301
3.4590160095136375,-0.9949294094335391,7.209715208827895,1.0,2.838538461538462,2720.0,-0.0001026687853769026,0.007285279033209413
3.4589133407282606,-0.9947660504459763,7.217000487861105,1.0,2.8381538461538462,2721.0,-0.0001026687853769026,0.007285279033210301
3.4588106719428837,-0.9946026914584136,7.224285766894315,1.0,2.837769230769231,2722.0,-0.0001026687853769026,0.007285279033210301
3.458708003157507,-0.9944393324708508,7.231571045927525,1.0,2.8373846153846154,2723.0,-0.0001026687853769026,0.007285279033209413
3.45860533437213,-0.994275973483288,7.238856324960735,1.0,2.837,2724.0,-0.0001026687853769026,0.007285279033210301
3.458506349816601,-0.9943480087842236,7.241338329810728,1.0,2.8369285714285715,2725.0,-9.898455552903584e-05,0.002482004849992947
3.458407365261072,-0.994420044085159,7.243820334660721,1.0,2.836857142857143,2726.0,-9.898455552903584e-05,0.002482004849992947
3.458308380705543,-0.9944920793860946,7.246302339510714,1.0,2.8367857142857145,2727.0,-9.898455552903584e-05,0.002482004849992947
3.4582093961500138,-0.9945641146870302,7.248784344360707,1.0,2.8367142857142857,2728.0,-9.898455552903584e-05,0.002482004849992947
3.4581104115944847,-0.9946361499879657,7.2512663492107,1.0,2.836642857142857,2729.0,-9.898455552903584e-05,0.002482004849992947
3.4580114270389557,-0.9947081852889013,7.253748354060693,1.0,2.8365714285714287,2730.0,-9.898455552903584e-05,0.002482004849992947
3.457912442483427,-0.9947802205898367,7.256230358910686,1.0,2.8365,2731.0,-9.898455552859176e-05,0.002482004849992947
3.457813457927898,-0.9948522558907723,7.258712363760679,1.0,2.8364285714285713,2732.0,-9.898455552903584e-05,0.002482004849993835
3.457714473372369,-0.9949242911917079,7.261194368610672,1.0,2.836357142857143,2733.0,-9.898455552903584e-05,0.002482004849992947
3.45761548881684,-0.9949963264926434,7.263676373460665,1.0,2.8362857142857143,2734.0,-9.898455552903584e-05,0.002482004849992947
3.457516504261311,-0.9950683617935789,7.266158378310658,1.0,2.8362142857142856,2735.0,-9.898455552903584e-05,0.002482004849992947
3.457417519705782,-0.9951403970945145,7.268640383160651,1.0,2.836142857142857,2736.0,-9.898455552903584e-05,0.002482004849992947
3.457318535150253,-0.99521243239545,7.271122388010644,1.0,2.8360714285714286,2737.0,-9.898455552903584e-05,0.002482004849992947
3.457219550594724,-0.9952844676963856,7.273604392860637,1.0,2.836,2738.0,-9.898455552903584e-05,0.002482004849992947
3.457123355859607,-0.995296078731259,7.2749887916690135,1.0,2.835769230769231,2739.0,-9.61947351170167e-05,0.0013843988083763747
3.4570271611244903,-0.9953076897661325,7.276373190477389,1.0,2.8355384615384613,2740.0,-9.619473511657262e-05,0.0013843988083754866
3.4569309663893732,-0.995319300801006,7.277757589285765,1.0,2.8353076923076923,2741.0,-9.61947351170167e-05,0.0013843988083763747
3.4568347716542562,-0.9953309118358795,7.279141988094142,1.0,2.835076923076923,2742.0,-9.61947351170167e-05,0.0013843988083763747
3.4567385769191397,-0.995342522870753,7.280526386902517,1.0,2.834846153846154,2743.0,-9.619473511657262e-05,0.0013843988083754866
3.4566423821840226,-0.9953541339056264,7.281910785710894,1.0,2.8346153846153848,2744.0,-9.61947351170167e-05,0.0013843988083763747
3.4565461874489056,-0.9953657449404999,7.28329518451927,1.0,2.8343846153846153,2745.0,-9.61947351170167e-05,0.0013843988083763747
3.4564499927137886,-0.9953773559753734,7.284679583327646,1.0,2.8341538461538462,2746.0,-9.61947351170167e-05,0.0013843988083763747
3.456353797978672,-0.9953889670102468,7.286063982136022,1.0,2.833923076923077,2747.0,-9.619473511657262e-05,0.0013843988083754866
3.456257603243555,-0.9954005780451204,7.287448380944398,1.0,2.8336923076923077,2748.0,-9.61947351170167e-05,0.0013843988083763747
3.456161408508438,-0.9954121890799938,7.2888327797527745,1.0,2.8334615384615387,2749.0,-9.61947351170167e-05,0.0013843988083763747
3.4560652137733214,-0.9954238001148673,7.29021717856115,1.0,2.833230769230769,2750.0,-9.619473511657262e-05,0.0013843988083754866
3.4559690190382044,-0.9954354111497408,7.291601577369526,1.0,2.833,2751.0,-9.61947351170167e-05,0.0013843988083763747
3.455858433594634,-0.995326290767733,7.29325227122366,1.0,2.832692307692308,2752.0,-0.0001105854435703435,0.0016506938541338556
3.455747848151064,-0.9952171703857254,7.294902965077794,1.0,2.8323846153846155,2753.0,-0.00011058544356989941,0.0016506938541338556
3.455637262707494,-0.9951080500037177,7.296553658931928,1.0,2.832076923076923,2754.0,-0.0001105854435703435,0.0016506938541338556
3.455526677263924,-0.99499892962171,7.298204352786062,1.0,2.831769230769231,2755.0,-0.00011058544356989941,0.0016506938541338556
3.4554160918203536,-0.9948898092397024,7.299855046640196,1.0,2.8314615384615385,2756.0,-0.0001105854435703435,0.0016506938541338556
3.4553055063767832,-0.9947806888576947,7.3015057404943295,1.0,2.831153846153846,2757.0,-0.0001105854435703435,0.0016506938541338556
3.4551949209332133,-0.9946715684756869,7.3031564343484625,1.0,2.8308461538461542,2758.0,-0.00011058544356989941,0.0016506938541329674
3.455084335489643,-0.9945624480936792,7.304807128202596,1.0,2.830538461538462,2759.0,-0.0001105854435703435,0.0016506938541338556
3.4549737500460727,-0.9944533277116716,7.30645782205673,1.0,2.8302307692307695,2760.0,-0.0001105854435703435,0.0016506938541338556
3.4548631646025028,-0.9943442073296639,7.308108515910864,1.0,2.829923076923077,2761.0,-0.00011058544356989941,0.0016506938541338556
3.4547525791589324,-0.9942350869476562,7.309759209764998,1.0,2.829615384615385,2762.0,-0.0001105854435703435,0.0016506938541338556
3.4546419937153625,-0.9941259665656486,7.311409903619132,1.0,2.8293076923076925,2763.0,-0.00011058544356989941,0.0016506938541338556
3.454531408271792,-0.9940168461836408,7.313060597473266,1.0,2.829,2764.0,-0.0001105854435703435,0.0016506938541338556
3.4544608156806977,-0.9941068431629703,7.31706535791565,1.0,2.828857142857143,2765.0,-7.059259109443161e-05,0.004004760442384736
3.4543902230896038,-0.9941968401422997,7.321070118358034,1.0,2.8287142857142857,2766.0,-7.059259109398752e-05,0.004004760442383848
3.4543196304985093,-0.9942868371216292,7.325074878800419,1.0,2.8285714285714287,2767.0,-7.059259109443161e-05,0.004004760442384736
3.454249037907415,-0.9943768341009587,7.329079639242804,1.0,2.8284285714285717,2768.0,-7.059259109443161e-05,0.004004760442384736
3.4541784453163205,-0.9944668310802881,7.333084399685188,1.0,2.8282857142857143,2769.0,-7.059259109443161e-05,0.004004760442384736
3.4541078527252265,-0.9945568280596175,7.337089160127572,1.0,2.8281428571428573,2770.0,-7.059259109398752e-05,0.004004760442383848
3.454037260134132,-0.994646825038947,7.341093920569957,1.0,2.8280000000000003,2771.0,-7.059259109443161e-05,0.004004760442384736
3.4539666675430376,-0.9947368220182765,7.345098681012342,1.0,2.827857142857143,2772.0,-7.059259109443161e-05,0.004004760442384736
3.4538960749519436,-0.9948268189976059,7.349103441454726,1.0,2.827714285714286,2773.0,-7.059259109398752e-05,0.004004760442383848
3.453825482360849,-0.9949168159769354,7.35310820189711,1.0,2.8275714285714284,2774.0,-7.059259109443161e-05,0.004004760442384736
3.4537548897697548,-0.9950068129562648,7.357112962339495,1.0,2.8274285714285714,2775.0,-7.059259109443161e-05,0.004004760442384736
3.4536842971786603,-0.9950968099355944,7.36111772278188,1.0,2.8272857142857144,2776.0,-7.059259109443161e-05,0.004004760442384736
3.4536137045875663,-0.9951868069149238,7.365122483224264,1.0,2.827142857142857,2777.0,-7.059259109398752e-05,0.004004760442383848
3.453543111996472,-0.9952768038942532,7.369127243666648,1.0,2.827,2778.0,-7.059259109443161e-05,0.004004760442384736
3.4534428541754845,-0.9952018024948428,7.37125226009758,1.0,2.8264615384615386,2779.0,-0.00010025782098743719,0.002125016430931659
3.453342596354497,-0.9951268010954324,7.373377276528512,1.0,2.8259230769230768,2780.0,-0.00010025782098743719,0.002125016430931659
3.4532423385335096,-0.995051799696022,7.375502292959443,1.0,2.8253846153846154,2781.0,-0.00010025782098743719,0.002125016430931659
3.453142080712522,-0.9949767982966116,7.377627309390376,1.0,2.8248461538461536,2782.0,-0.00010025782098743719,0.002125016430932547
3.4530418228915347,-0.9949017968972012,7.379752325821308,1.0,2.824307692307692,2783.0,-0.00010025782098743719,0.002125016430931659
3.4529415650705473,-0.9948267954977907,7.381877342252239,1.0,2.823769230769231,2784.0,-0.00010025782098743719,0.002125016430931659
3.4528413072495603,-0.9947517940983804,7.384002358683171,1.0,2.823230769230769,2785.0,-0.0001002578209869931,0.002125016430931659
3.452741049428573,-0.99467679269897,7.3861273751141026,1.0,2.8226923076923076,2786.0,-0.00010025782098743719,0.002125016430931659
3.4526407916075854,-0.9946017912995596,7.388252391545034,1.0,2.8221538461538462,2787.0,-0.00010025782098743719,0.002125016430931659
3.452540533786598,-0.9945267899001492,7.390377407975967,1.0,2.8216153846153844,2788.0,-0.00010025782098743719,0.002125016430932547
3.4524402759656105,-0.9944517885007388,7.392502424406898,1.0,2.821076923076923,2789.0,-0.00010025782098743719,0.002125016430931659
3.452340018144623,-0.9943767871013284,7.39462744083783,1.0,2.820538461538461,2790.0,-0.00010025782098743719,0.002125016430931659
3.4522397603236357,-0.994301785701918,7.396752457268762,1.0,2.82,2791.0,-0.00010025782098743719,0.002125016430931659
3.452129802307208,-0.9944044503391489,7.401065122114611,1.0,2.820076923076923,2792.0,-0.00010995801642765812,0.0043126648458491346
3.4520198442907803,-0.9945071149763799,7.405377786960461,1.0,2.820153846153846,2793.0,-0.00010995801642765812,0.004312664845850023
3.4519098862743527,-0.9946097796136107,7.40969045180631,1.0,2.8202307692307693,2794.0,-0.00010995801642765812,0.0043126648458491346
3.451799928257925,-0.9947124442508417,7.414003116652159,1.0,2.820307692307692,2795.0,-0.00010995801642765812,0.0043126648458491346
3.4516899702414974,-0.9948151088880727,7.418315781498009,1.0,2.8203846153846155,2796.0,-0.00010995801642765812,0.004312664845850023
3.4515800122250697,-0.9949177735253036,7.422628446343858,1.0,2.8204615384615384,2797.0,-0.00010995801642765812,0.0043126648458491346
3.4514700542086416,-0.9950204381625345,7.4269411111897075,1.0,2.8205384615384617,2798.0,-0.00010995801642810221,0.0043126648458491346
3.451360096192214,-0.9951231027997655,7.431253776035557,1.0,2.8206153846153845,2799.0,-0.00010995801642765812,0.0043126648458491346
3.4512501381757863,-0.9952257674369964,7.435566440881407,1.0,2.820692307692308,2800.0,-0.00010995801642765812,0.004312664845850023
3.4511401801593586,-0.9953284320742274,7.439879105727256,1.0,2.8207692307692307,2801.0,-0.00010995801642765812,0.0043126648458491346
3.451030222142931,-0.9954310967114582,7.444191770573105,1.0,2.820846153846154,2802.0,-0.00010995801642765812,0.0043126648458491346
3.4509202641265033,-0.9955337613486892,7.448504435418955,1.0,2.820923076923077,2803.0,-0.00010995801642765812,0.004312664845850023
3.4508103061100757,-0.9956364259859202,7.452817100264804,1.0,2.821,2804.0,-0.00010995801642765812,0.0043126648458491346
3.450744284612986,-0.9955131229056202,7.454679775367899,1.0,2.8207857142857145,2805.0,-6.602149708978544e-05,0.0018626751030952349
3.4506782631158956,-0.9953898198253202,7.4565424504709945,1.0,2.8205714285714287,2806.0,-6.602149709022953e-05,0.0018626751030952349
3.450612241618806,-0.9952665167450202,7.45840512557409,1.0,2.820357142857143,2807.0,-6.602149708978544e-05,0.0018626751030952349
3.450546220121716,-0.9951432136647202,7.460267800677186,1.0,2.8201428571428573,2808.0,-6.602149708978544e-05,0.001862675103096123
3.4504801986246263,-0.9950199105844203,7.462130475780281,1.0,2.8199285714285716,2809.0,-6.602149708978544e-05,0.0018626751030952349
3.450414177127536,-0.9948966075041202,7.463993150883376,1.0,2.819714285714286,2810.0,-6.602149709022953e-05,0.0018626751030952349
3.4503481556304463,-0.9947733044238203,7.465855825986472,1.0,2.8195,2811.0,-6.602149708978544e-05,0.0018626751030952349
3.4502821341333565,-0.9946500013435203,7.467718501089567,1.0,2.8192857142857144,2812.0,-6.602149708978544e-05,0.0018626751030952349
3.4502161126362663,-0.9945266982632203,7.469581176192662,1.0,2.8190714285714287,2813.0,-6.602149709022953e-05,0.0018626751030952349
3.4501500911391765,-0.9944033951829203,7.471443851295757,1.0,2.818857142857143,2814.0,-6.602149708978544e-05,0.0018626751030952349
3.4500840696420867,-0.9942800921026204,7.473306526398853,1.0,2.8186428571428572,2815.0,-6.602149708978544e-05,0.001862675103096123
3.450018048144997,-0.9941567890223204,7.475169201501949,1.0,2.8184285714285715,2816.0,-6.602149708978544e-05,0.0018626751030952349
3.4499520266479067,-0.9940334859420203,7.477031876605044,1.0,2.818214285714286,2817.0,-6.602149709022953e-05,0.0018626751030952349
3.449886005150817,-0.9939101828617204,7.478894551708139,1.0,2.818,2818.0,-6.602149708978544e-05,0.0018626751030952349
3.449803205308467,-0.993902014135362,7.480563501048783,1.0,2.817846153846154,2819.0,-8.279984235004534e-05,0.0016689493406438771
3.449720405466117,-0.9938938454090037,7.482232450389428,1.0,2.8176923076923077,2820.0,-8.279984235004534e-05,0.0016689493406447653
3.449637605623767,-0.9938856766826454,7.483901399730072,1.0,2.8175384615384615,2821.0,-8.279984234960125e-05,0.0016689493406438771
3.449554805781417,-0.9938775079562869,7.4855703490707155,1.0,2.8173846153846154,2822.0,-8.279984235004534e-05,0.0016689493406438771
3.449472005939067,-0.9938693392299286,7.48723929841136,1.0,2.817230769230769,2823.0,-8.279984235004534e-05,0.0016689493406447653
3.449389206096717,-0.9938611705035703,7.488908247752004,1.0,2.817076923076923,2824.0,-8.279984235004534e-05,0.0016689493406438771
3.4493064062543675,-0.9938530017772119,7.490577197092648,1.0,2.816923076923077,2825.0,-8.279984234960125e-05,0.0016689493406438771
3.4492236064120174,-0.9938448330508536,7.492246146433292,1.0,2.8167692307692307,2826.0,-8.279984235004534e-05,0.0016689493406438771
3.4491408065696674,-0.9938366643244952,7.493915095773937,1.0,2.8166153846153845,2827.0,-8.279984235004534e-05,0.0016689493406447653
3.4490580067273173,-0.9938284955981368,7.4955840451145805,1.0,2.8164615384615383,2828.0,-8.279984235004534e-05,0.0016689493406438771
3.4489752068849677,-0.9938203268717785,7.497252994455224,1.0,2.816307692307692,2829.0,-8.279984234960125e-05,0.0016689493406438771
3.4488924070426177,-0.9938121581454201,7.498921943795869,1.0,2.816153846153846,2830.0,-8.279984235004534e-05,0.0016689493406447653
3.4488096072002676,-0.9938039894190618,7.500590893136513,1.0,2.816,2831.0,-8.279984235004534e-05,0.0016689493406438771
3.4487089514339337,-0.9938712544462449,7.502561540523355,1.0,2.8156153846153846,2832.0,-0.00010065576633389028,0.0019706473868419394
3.4486082956675994,-0.993938519473428,7.504532187910198,1.0,2.815230769230769,2833.0,-0.00010065576633433437,0.0019706473868428276
3.4485076399012655,-0.9940057845006113,7.50650283529704,1.0,2.8148461538461538,2834.0,-0.00010065576633389028,0.0019706473868419394
3.448406984134931,-0.9940730495277944,7.508473482683883,1.0,2.814461538461538,2835.0,-0.00010065576633433437,0.0019706473868428276
3.4483063283685973,-0.9941403145549775,7.5104441300707245,1.0,2.814076923076923,2836.0,-0.00010065576633389028,0.0019706473868419394
3.4482056726022634,-0.9942075795821607,7.512414777457567,1.0,2.8136923076923077,2837.0,-0.00010065576633389028,0.0019706473868428276
3.448105016835929,-0.9942748446093439,7.514385424844409,1.0,2.813307692307692,2838.0,-0.00010065576633433437,0.0019706473868419394
3.448004361069595,-0.994342109636527,7.516356072231252,1.0,2.812923076923077,2839.0,-0.00010065576633389028,0.0019706473868428276
3.4479037053032613,-0.9944093746637102,7.518326719618094,1.0,2.8125384615384617,2840.0,-0.00010065576633389028,0.0019706473868419394
3.447803049536927,-0.9944766396908933,7.520297367004937,1.0,2.812153846153846,2841.0,-0.00010065576633433437,0.0019706473868428276
3.447702393770593,-0.9945439047180765,7.522268014391779,1.0,2.811769230769231,2842.0,-0.00010065576633389028,0.0019706473868419394
3.4476017380042587,-0.9946111697452596,7.524238661778622,1.0,2.811384615384615,2843.0,-0.00010065576633433437,0.0019706473868428276
3.447501082237925,-0.9946784347724428,7.526209309165464,1.0,2.811,2844.0,-0.00010065576633389028,0.0019706473868419394
3.4474267863024575,-0.9947440636121851,7.529967308245647,1.0,2.8102142857142858,2845.0,-7.429593546737223e-05,0.003757999080183261
3.44735249036699,-0.9948096924519274,7.53372530732583,1.0,2.809428571428571,2846.0,-7.429593546737223e-05,0.003757999080183261
3.4472781944315227,-0.9948753212916697,7.537483306406013,1.0,2.808642857142857,2847.0,-7.429593546737223e-05,0.003757999080183261
3.447203898496056,-0.994940950131412,7.5412413054861975,1.0,2.807857142857143,2848.0,-7.429593546692814e-05,0.003757999080184149
3.4471296025605884,-0.9950065789711544,7.544999304566381,1.0,2.8070714285714287,2849.0,-7.429593546737223e-05,0.003757999080183261
3.447055306625121,-0.9950722078108967,7.548757303646564,1.0,2.806285714285714,2850.0,-7.429593546737223e-05,0.003757999080183261
3.4469810106896537,-0.9951378366506389,7.552515302726747,1.0,2.8055,2851.0,-7.429593546737223e-05,0.003757999080183261
3.4469067147541863,-0.9952034654903813,7.556273301806931,1.0,2.8047142857142857,2852.0,-7.429593546737223e-05,0.003757999080183261
3.446832418818719,-0.9952690943301237,7.560031300887114,1.0,2.803928571428571,2853.0,-7.429593546737223e-05,0.003757999080183261
3.4467581228832516,-0.9953347231698659,7.563789299967297,1.0,2.803142857142857,2854.0,-7.429593546737223e-05,0.003757999080183261
3.4466838269477846,-0.9954003520096082,7.567547299047481,1.0,2.8023571428571428,2855.0,-7.429593546692814e-05,0.003757999080184149
3.4466095310123173,-0.9954659808493506,7.5713052981276645,1.0,2.8015714285714286,2856.0,-7.429593546737223e-05,0.003757999080183261
3.44653523507685,-0.9955316096890929,7.575063297207848,1.0,2.800785714285714,2857.0,-7.429593546737223e-05,0.003757999080183261
3.4464609391413825,-0.9955972385288352,7.578821296288031,1.0,2.8,2858.0,-7.429593546737223e-05,0.003757999080183261
3.4463662690014827,-0.9955764126092389,7.580806763484008,1.0,2.7996153846153846,2859.0,-9.467013989983286e-05,0.001985467195977364
3.4462715988615824,-0.9955555866896426,7.582792230679986,1.0,2.799230769230769,2860.0,-9.467013990027695e-05,0.001985467195977364
3.4461769287216826,-0.9955347607700463,7.584777697875963,1.0,2.7988461538461538,2861.0,-9.467013989983286e-05,0.001985467195977364
3.4460822585817823,-0.9955139348504501,7.5867631650719405,1.0,2.798461538461538,2862.0,-9.467013990027695e-05,0.001985467195977364
3.4459875884418825,-0.9954931089308539,7.588748632267918,1.0,2.798076923076923,2863.0,-9.467013989983286e-05,0.001985467195977364
3.4458929183019826,-0.9954722830112576,7.590734099463895,1.0,2.7976923076923077,2864.0,-9.467013989983286e-05,0.001985467195977364
3.4457982481620824,-0.9954514570916613,7.592719566659872,1.0,2.797307692307692,2865.0,-9.467013990027695e-05,0.001985467195976476
3.4457035780221825,-0.995430631172065,7.594705033855849,1.0,2.796923076923077,2866.0,-9.467013989983286e-05,0.001985467195977364
3.4456089078822827,-0.9954098052524687,7.596690501051826,1.0,2.7965384615384616,2867.0,-9.467013989983286e-05,0.001985467195977364
3.4455142377423824,-0.9953889793328725,7.598675968247804,1.0,2.796153846153846,2868.0,-9.467013990027695e-05,0.001985467195977364
3.4454195676024826,-0.9953681534132762,7.600661435443781,1.0,2.795769230769231,2869.0,-9.467013989983286e-05,0.001985467195977364
3.4453248974625823,-0.9953473274936799,7.6026469026397585,1.0,2.795384615384615,2870.0,-9.467013990027695e-05,0.001985467195977364
3.4452302273226825,-0.9953265015740836,7.604632369835736,1.0,2.795,2871.0,-9.467013989983286e-05,0.001985467195977364
3.4451583352055817,-0.9952867175086862,7.607826932402445,1.0,2.794642857142857,2872.0,-7.189211710079135e-05,0.003194562566709358
3.4450864430884813,-0.9952469334432887,7.611021494969155,1.0,2.794285714285714,2873.0,-7.189211710034726e-05,0.003194562566709358
3.4450145509713805,-0.9952071493778913,7.614216057535864,1.0,2.7939285714285713,2874.0,-7.189211710079135e-05,0.003194562566709358
3.44494265885428,-0.995167365312494,7.617410620102573,1.0,2.7935714285714286,2875.0,-7.189211710034726e-05,0.003194562566709358
3.4448707667371794,-0.9951275812470965,7.620605182669283,1.0,2.793214285714286,2876.0,-7.189211710079135e-05,0.003194562566709358
3.444798874620079,-0.995087797181699,7.623799745235992,1.0,2.7928571428571427,2877.0,-7.189211710034726e-05,0.003194562566709358
3.4447269825029783,-0.9950480131163016,7.626994307802701,1.0,2.7925,2878.0,-7.189211710079135e-05,0.003194562566709358
3.4446550903858775,-0.9950082290509042,7.63018887036941,1.0,2.7921428571428573,2879.0,-7.189211710079135e-05,0.00319456256670847
3.444583198268777,-0.9949684449855067,7.633383432936119,1.0,2.791785714285714,2880.0,-7.189211710034726e-05,0.003194562566709358
3.4445113061516763,-0.9949286609201093,7.636577995502829,1.0,2.7914285714285714,2881.0,-7.189211710079135e-05,0.003194562566709358
3.444439414034576,-0.994888876854712,7.639772558069538,1.0,2.7910714285714286,2882.0,-7.189211710034726e-05,0.003194562566709358
3.444367521917475,-0.9948490927893145,7.642967120636247,1.0,2.790714285714286,2883.0,-7.189211710079135e-05,0.003194562566709358
3.444295629800375,-0.994809308723917,7.646161683202957,1.0,2.7903571428571428,2884.0,-7.189211710034726e-05,0.003194562566709358
3.444223737683274,-0.9947695246585196,7.649356245769666,1.0,2.79,2885.0,-7.189211710079135e-05,0.003194562566709358
3.4441399628124323,-0.9947864868209297,7.650768017135538,1.0,2.788692307692308,2886.0,-8.377487084176849e-05,0.0014117713658716724
3.44405618794159,-0.9948034489833398,7.652179788501409,1.0,2.7873846153846156,2887.0,-8.377487084221258e-05,0.0014117713658716724
3.4439724130707483,-0.9948204111457499,7.653591559867281,1.0,2.7860769230769233,2888.0,-8.377487084176849e-05,0.0014117713658716724
3.443888638199906,-0.99483737330816,7.655003331233152,1.0,2.7847692307692307,2889.0,-8.377487084221258e-05,0.0014117713658707842
3.4438048633290643,-0.9948543354705701,7.6564151025990235,1.0,2.7834615384615384,2890.0,-8.377487084176849e-05,0.0014117713658716724
3.4437210884582226,-0.9948712976329802,7.657826873964895,1.0,2.782153846153846,2891.0,-8.377487084176849e-05,0.0014117713658716724
3.4436373135873803,-0.9948882597953902,7.659238645330767,1.0,2.780846153846154,2892.0,-8.377487084221258e-05,0.0014117713658716724
3.4435535387165386,-0.9949052219578003,7.6606504166966385,1.0,2.7795384615384617,2893.0,-8.377487084176849e-05,0.0014117713658716724
3.443469763845697,-0.9949221841202104,7.66206218806251,1.0,2.7782307692307695,2894.0,-8.377487084176849e-05,0.0014117713658716724
3.4433859889748546,-0.9949391462826205,7.663473959428381,1.0,2.776923076923077,2895.0,-8.377487084221258e-05,0.0014117713658707842
3.443302214104013,-0.9949561084450306,7.664885730794253,1.0,2.7756153846153846,2896.0,-8.377487084176849e-05,0.0014117713658716724
3.4432184392331706,-0.9949730706074407,7.666297502160124,1.0,2.7743076923076924,2897.0,-8.377487084221258e-05,0.0014117713658716724
3.443134664362329,-0.9949900327698508,7.667709273525996,1.0,2.773,2898.0,-8.377487084176849e-05,0.0014117713658716724
3.4430459876182886,-0.9949603322750078,7.672314619671042,1.0,2.7723846153846154,2899.0,-8.867674404022807e-05,0.004605346145045708
3.4429573108742484,-0.9949306317801648,7.676919965816088,1.0,2.7717692307692308,2900.0,-8.867674404022807e-05,0.004605346145046596
3.442868634130208,-0.9949009312853219,7.681525311961134,1.0,2.771153846153846,2901.0,-8.867674404022807e-05,0.004605346145045708
3.442779957386168,-0.994871230790479,7.686130658106181,1.0,2.770538461538462,2902.0,-8.867674404022807e-05,0.004605346145046596
3.4426912806421277,-0.994841530295636,7.690736004251226,1.0,2.769923076923077,2903.0,-8.867674404022807e-05,0.004605346145045708
3.4426026038980875,-0.9948118298007931,7.695341350396273,1.0,2.7693076923076925,2904.0,-8.867674404022807e-05,0.004605346145046596
3.4425139271540477,-0.9947821293059501,7.699946696541319,1.0,2.768692307692308,2905.0,-8.867674403978398e-05,0.004605346145045708
3.4424252504100075,-0.9947524288111071,7.704552042686365,1.0,2.768076923076923,2906.0,-8.867674404022807e-05,0.004605346145046596
3.4423365736659672,-0.9947227283162642,7.709157388831411,1.0,2.7674615384615384,2907.0,-8.867674404022807e-05,0.004605346145045708
3.442247896921927,-0.9946930278214213,7.7137627349764575,1.0,2.766846153846154,2908.0,-8.867674404022807e-05,0.004605346145046596
3.442159220177887,-0.9946633273265784,7.718368081121503,1.0,2.7662307692307695,2909.0,-8.867674404022807e-05,0.004605346145045708
3.4420705434338466,-0.9946336268317354,7.72297342726655,1.0,2.765615384615385,2910.0,-8.867674404022807e-05,0.004605346145046596
3.4419818666898063,-0.9946039263368924,7.7275787734115955,1.0,2.765,2911.0,-8.867674404022807e-05,0.004605346145045708
3.44190414301382,-0.9946826055537938,7.729296656920658,1.0,2.7646428571428574,2912.0,-7.772367598635199e-05,0.0017178835090625455
3.4418264193378336,-0.9947612847706953,7.73101454042972,1.0,2.7642857142857142,2913.0,-7.772367598635199e-05,0.0017178835090616573
3.4417486956618473,-0.9948399639875967,7.732732423938782,1.0,2.7639285714285715,2914.0,-7.772367598635199e-05,0.0017178835090625455
3.441670971985861,-0.994918643204498,7.734450307447844,1.0,2.763571428571429,2915.0,-7.772367598635199e-05,0.0017178835090616573
3.4415932483098746,-0.9949973224213994,7.736168190956906,1.0,2.7632142857142856,2916.0,-7.772367598635199e-05,0.0017178835090625455
3.441515524633888,-0.9950760016383008,7.737886074465968,1.0,2.762857142857143,2917.0,-7.772367598635199e-05,0.0017178835090616573
3.4414378009579023,-0.9951546808552022,7.739603957975031,1.0,2.7624999999999997,2918.0,-7.77236759859079e-05,0.0017178835090625455
3.441360077281916,-0.9952333600721036,7.741321841484093,1.0,2.762142857142857,2919.0,-7.772367598635199e-05,0.0017178835090625455
3.4412823536059296,-0.995312039289005,7.743039724993155,1.0,2.7617857142857143,2920.0,-7.772367598635199e-05,0.0017178835090616573
3.4412046299299432,-0.9953907185059064,7.744757608502217,1.0,2.761428571428571,2921.0,-7.772367598635199e-05,0.0017178835090625455
3.441126906253957,-0.9954693977228077,7.746475492011279,1.0,2.7610714285714284,2922.0,-7.772367598635199e-05,0.0017178835090616573
3.4410491825779705,-0.9955480769397091,7.748193375520342,1.0,2.7607142857142857,2923.0,-7.772367598635199e-05,0.0017178835090625455
3.440971458901984,-0.9956267561566106,7.749911259029403,1.0,2.7603571428571425,2924.0,-7.772367598635199e-05,0.0017178835090616573
3.440893735225998,-0.995705435373512,7.751629142538466,1.0,2.76,2925.0,-7.772367598635199e-05,0.0017178835090625455
3.440808904542298,-0.9956529038460011,7.754033962211205,1.0,2.760538461538461,2926.0,-8.483068369979918e-05,0.002404819672738867
3.440724073858598,-0.9956003723184902,7.7564387818839435,1.0,2.761076923076923,2927.0,-8.483068370024327e-05,0.002404819672738867
3.440639243174898,-0.9955478407909794,7.758843601556682,1.0,2.7616153846153844,2928.0,-8.483068369979918e-05,0.002404819672738867
3.4405544124911978,-0.9954953092634684,7.761248421229421,1.0,2.762153846153846,2929.0,-8.483068370024327e-05,0.002404819672738867
3.440469581807498,-0.9954427777359576,7.76365324090216,1.0,2.7626923076923076,2930.0,-8.483068369979918e-05,0.002404819672738867
3.440384751123798,-0.9953902462084467,7.766058060574899,1.0,2.763230769230769,2931.0,-8.483068369979918e-05,0.002404819672738867
3.440299920440098,-0.9953377146809358,7.768462880247639,1.0,2.7637692307692308,2932.0,-8.483068370024327e-05,0.0024048196727397553
3.440215089756398,-0.995285183153425,7.770867699920378,1.0,2.764307692307692,2933.0,-8.483068369979918e-05,0.002404819672738867
3.4401302590726983,-0.9952326516259141,7.7732725195931165,1.0,2.7648461538461535,2934.0,-8.483068369979918e-05,0.002404819672738867
3.440045428388998,-0.9951801200984032,7.775677339265855,1.0,2.7653846153846153,2935.0,-8.483068370024327e-05,0.002404819672738867
3.4399605977052983,-0.9951275885708923,7.778082158938594,1.0,2.7659230769230767,2936.0,-8.483068369979918e-05,0.002404819672738867
3.439875767021598,-0.9950750570433814,7.780486978611333,1.0,2.7664615384615385,2937.0,-8.483068370024327e-05,0.002404819672738867
3.4397909363378982,-0.9950225255158706,7.782891798284072,1.0,2.767,2938.0,-8.483068369979918e-05,0.002404819672738867
3.439700897987153,-0.9949192582291069,7.780974219483107,1.0,2.766923076923077,2939.0,-9.003835074539168e-05,-0.001917578800965103
3.4396108596364074,-0.9948159909423432,7.779056640682142,1.0,2.7668461538461537,2940.0,-9.003835074539168e-05,-0.001917578800965103
3.4395208212856625,-0.9947127236555795,7.777139061881177,1.0,2.766769230769231,2941.0,-9.003835074494759e-05,-0.001917578800965103
3.439430782934917,-0.9946094563688157,7.775221483080211,1.0,2.7666923076923076,2942.0,-9.003835074539168e-05,-0.001917578800965991
3.4393407445841717,-0.994506189082052,7.773303904279246,1.0,2.7666153846153847,2943.0,-9.003835074539168e-05,-0.001917578800965103
3.4392507062334263,-0.9944029217952883,7.7713863254782805,1.0,2.7665384615384614,2944.0,-9.003835074539168e-05,-0.001917578800965103
3.4391606678826814,-0.9942996545085246,7.769468746677315,1.0,2.7664615384615385,2945.0,-9.003835074494759e-05,-0.001917578800965103
3.439070629531936,-0.994196387221761,7.76755116787635,1.0,2.766384615384615,2946.0,-9.003835074539168e-05,-0.001917578800965103
3.4389805911811906,-0.9940931199349973,7.765633589075385,1.0,2.7663076923076924,2947.0,-9.003835074539168e-05,-0.001917578800965103
3.438890552830445,-0.9939898526482335,7.763716010274419,1.0,2.766230769230769,2948.0,-9.003835074539168e-05,-0.001917578800965991
3.4388005144797003,-0.9938865853614698,7.761798431473454,1.0,2.766153846153846,2949.0,-9.003835074494759e-05,-0.001917578800965103
3.438710476128955,-0.9937833180747061,7.759880852672489,1.0,2.766076923076923,2950.0,-9.003835074539168e-05,-0.001917578800965103
3.4386204377782095,-0.9936800507879424,7.757963273871524,1.0,2.766,2951.0,-9.003835074539168e-05,-0.001917578800965103
3.438548731109857,-0.9937928237206798,7.76520430375675,1.0,2.7655,2952.0,-7.170666835243367e-05,0.007241029885226347
3.4384770244415046,-0.9939055966534172,7.7724453336419765,1.0,2.765,2953.0,-7.170666835243367e-05,0.007241029885226347
3.4384053177731526,-0.9940183695861545,7.779686363527203,1.0,2.7645,2954.0,-7.170666835198958e-05,0.007241029885226347
3.4383336111048,-0.9941311425188919,7.786927393412429,1.0,2.764,2955.0,-7.170666835243367e-05,0.007241029885226347
3.4382619044364477,-0.9942439154516293,7.794168423297656,1.0,2.7635,2956.0,-7.170666835243367e-05,0.007241029885226347
3.4381901977680953,-0.9943566883843666,7.801409453182882,1.0,2.763,2957.0,-7.170666835243367e-05,0.007241029885226347
3.4381184910997433,-0.994469461317104,7.808650483068108,1.0,2.7625,2958.0,-7.170666835198958e-05,0.007241029885226347
3.438046784431391,-0.9945822342498414,7.815891512953335,1.0,2.762,2959.0,-7.170666835243367e-05,0.007241029885226347
3.4379750777630385,-0.9946950071825787,7.823132542838561,1.0,2.7615,2960.0,-7.170666835243367e-05,0.007241029885226347
3.437903371094686,-0.9948077801153161,7.830373572723787,1.0,2.761,2961.0,-7.170666835243367e-05,0.007241029885226347
3.4378316644263336,-0.9949205530480535,7.837614602609014,1.0,2.7605,2962.0,-7.170666835243367e-05,0.007241029885226347
3.4377599577579816,-0.9950333259807909,7.84485563249424,1.0,2.76,2963.0,-7.170666835198958e-05,0.007241029885226347
3.437688251089629,-0.9951460989135282,7.852096662379466,1.0,2.7595,2964.0,-7.170666835243367e-05,0.007241029885226347
3.4376165444212767,-0.9952588718462656,7.859337692264693,1.0,2.759,2965.0,-7.170666835243367e-05,0.007241029885226347
3.437533870330975,-0.9952482650277374,7.861932962382721,1.0,2.7585384615384614,2966.0,-8.267409030171535e-05,0.0025952701180287363
3.4374511962406733,-0.9952376582092093,7.864528232500751,1.0,2.758076923076923,2967.0,-8.267409030171535e-05,0.0025952701180296245
3.4373685221503716,-0.995227051390681,7.86712350261878,1.0,2.7576153846153844,2968.0,-8.267409030171535e-05,0.0025952701180287363
3.43728584806007,-0.9952164445721529,7.869718772736809,1.0,2.7571538461538463,2969.0,-8.267409030171535e-05,0.0025952701180296245
3.437203173969768,-0.9952058377536247,7.872314042854838,1.0,2.7566923076923078,2970.0,-8.267409030171535e-05,0.0025952701180287363
3.4371204998794664,-0.9951952309350965,7.874909312972868,1.0,2.7562307692307693,2971.0,-8.267409030171535e-05,0.0025952701180296245
3.4370378257891647,-0.9951846241165683,7.8775045830908965,1.0,2.7557692307692307,2972.0,-8.267409030171535e-05,0.0025952701180287363
3.436955151698863,-0.9951740172980401,7.880099853208926,1.0,2.7553076923076922,2973.0,-8.267409030171535e-05,0.0025952701180296245
3.4368724776085613,-0.995163410479512,7.882695123326955,1.0,2.7548461538461537,2974.0,-8.267409030171535e-05,0.0025952701180287363
3.4367898035182596,-0.9951528036609838,7.8852903934449845,1.0,2.7543846153846157,2975.0,-8.267409030171535e-05,0.0025952701180296245
3.436707129427958,-0.9951421968424555,7.887885663563013,1.0,2.753923076923077,2976.0,-8.267409030171535e-05,0.0025952701180287363
3.436624455337656,-0.9951315900239274,7.890480933681043,1.0,2.7534615384615386,2977.0,-8.267409030171535e-05,0.0025952701180296245
3.4365417812473544,-0.9951209832053992,7.893076203799072,1.0,2.753,2978.0,-8.267409030171535e-05,0.0025952701180287363
3.4364622917274796,-0.9950649136975137,7.896677832497354,1.0,2.752076923076923,2979.0,-7.948951987479802e-05,0.0036016286982825108
3.4363828022076053,-0.9950088441896282,7.900279461195636,1.0,2.751153846153846,2980.0,-7.948951987435393e-05,0.0036016286982816226
3.4363033126877305,-0.9949527746817427,7.903881089893918,1.0,2.7502307692307695,2981.0,-7.948951987479802e-05,0.0036016286982825108
3.436223823167856,-0.9948967051738572,7.907482718592201,1.0,2.7493076923076925,2982.0,-7.948951987435393e-05,0.0036016286982825108
3.4361443336479813,-0.9948406356659717,7.911084347290482,1.0,2.7483846153846154,2983.0,-7.948951987479802e-05,0.0036016286982816226
3.4360648441281065,-0.9947845661580862,7.914685975988765,1.0,2.7474615384615384,2984.0,-7.948951987479802e-05,0.0036016286982825108
3.435985354608232,-0.9947284966502008,7.918287604687047,1.0,2.746538461538462,2985.0,-7.948951987435393e-05,0.0036016286982825108
3.4359058650883574,-0.9946724271423153,7.92188923338533,1.0,2.745615384615385,2986.0,-7.948951987479802e-05,0.0036016286982825108
3.4358263755684826,-0.9946163576344298,7.9254908620836115,1.0,2.7446923076923078,2987.0,-7.948951987479802e-05,0.0036016286982816226
3.4357468860486082,-0.9945602881265443,7.929092490781894,1.0,2.7437692307692307,2988.0,-7.948951987435393e-05,0.0036016286982825108
3.4356673965287334,-0.9945042186186588,7.9326941194801766,1.0,2.742846153846154,2989.0,-7.948951987479802e-05,0.0036016286982825108
3.435587907008859,-0.9944481491107733,7.936295748178458,1.0,2.741923076923077,2990.0,-7.948951987435393e-05,0.0036016286982816226
3.4355084174889843,-0.9943920796028878,7.939897376876741,1.0,2.741,2991.0,-7.948951987479802e-05,0.0036016286982825108
3.435444214107883,-0.9943884047800902,7.9434510370497255,1.0,2.7414285714285715,2992.0,-6.420338110135759e-05,0.0035536601729848627
3.4353800107267816,-0.9943847299572925,7.94700469722271,1.0,2.741857142857143,2993.0,-6.420338110135759e-05,0.0035536601729848627
3.4353158073456806,-0.9943810551344948,7.950558357395696,1.0,2.7422857142857144,2994.0,-6.42033811009135e-05,0.003553660172985751
3.4352516039645793,-0.9943773803116972,7.954112017568681,1.0,2.742714285714286,2995.0,-6.420338110135759e-05,0.0035536601729848627
3.435187400583478,-0.9943737054888996,7.957665677741666,1.0,2.7431428571428573,2996.0,-6.420338110135759e-05,0.0035536601729848627
3.4351231972023766,-0.994370030666102,7.961219337914651,1.0,2.7435714285714288,2997.0,-6.420338110135759e-05,0.0035536601729848627
3.4350589938212757,-0.9943663558433042,7.9647729980876365,1.0,2.744,2998.0,-6.42033811009135e-05,0.003553660172985751
3.4349947904401743,-0.9943626810205066,7.968326658260621,1.0,2.744428571428571,2999.0,-6.420338110135759e-05,0.0035536601729848627
3.434930587059073,-0.994359006197709,7.971880318433606,1.0,2.7448571428571427,3000.0,-6.420338110135759e-05,0.0035536601729848627
3.4348663836779716,-0.9943553313749114,7.975433978606591,1.0,2.745285714285714,3001.0,-6.420338110135759e-05,0.0035536601729848627
3.4348021802968702,-0.9943516565521138,7.978987638779576,1.0,2.7457142857142856,3002.0,-6.420338110135759e-05,0.0035536601729848627
3.4347379769157693,-0.994347981729316,7.982541298952562,1.0,2.746142857142857,3003.0,-6.42033811009135e-05,0.003553660172985751
3.434673773534668,-0.9943443069065184,7.986094959125547,1.0,2.7465714285714284,3004.0,-6.420338110135759e-05,0.0035536601729848627
3.4346095701535666,-0.9943406320837208,7.989648619298531,1.0,2.747,3005.0,-6.420338110135759e-05,0.0035536601729848627
3.4345254285796347,-0.9943156806436753,7.9928814657608545,1.0,2.748846153846154,3006.0,-8.414157393188404e-05,0.0032328464623230246
3.434441287005703,-0.9942907292036296,7.996114312223178,1.0,2.7506923076923075,3007.0,-8.414157393188404e-05,0.003232846462323913
3.434357145431771,-0.994265777763584,7.999347158685501,1.0,2.7525384615384616,3008.0,-8.414157393188404e-05,0.0032328464623230246
3.4342730038578395,-0.9942408263235385,8.002580005147825,1.0,2.754384615384615,3009.0,-8.414157393143995e-05,0.003232846462323913
3.4341888622839076,-0.9942158748834928,8.005812851610148,1.0,2.7562307692307693,3010.0,-8.414157393188404e-05,0.0032328464623230246
3.4341047207099757,-0.9941909234434473,8.009045698072471,1.0,2.758076923076923,3011.0,-8.414157393188404e-05,0.0032328464623230246
3.434020579136044,-0.9941659720034017,8.012278544534794,1.0,2.759923076923077,3012.0,-8.414157393188404e-05,0.0032328464623230246
3.433936437562112,-0.9941410205633562,8.015511390997117,1.0,2.7617692307692305,3013.0,-8.414157393188404e-05,0.0032328464623230246
3.43385229598818,-0.9941160691233105,8.01874423745944,1.0,2.7636153846153846,3014.0,-8.414157393188404e-05,0.0032328464623230246
3.4337681544142487,-0.994091117683265,8.021977083921765,1.0,2.765461538461538,3015.0,-8.414157393143995e-05,0.003232846462324801
3.4336840128403168,-0.9940661662432194,8.025209930384088,1.0,2.7673076923076922,3016.0,-8.414157393188404e-05,0.0032328464623230246
3.433599871266385,-0.9940412148031738,8.028442776846411,1.0,2.769153846153846,3017.0,-8.414157393188404e-05,0.0032328464623230246
3.433515729692453,-0.9940162633631282,8.031675623308734,1.0,2.771,3018.0,-8.414157393188404e-05,0.0032328464623230246
3.4334181819161325,-0.9939741844992374,8.033032812447724,1.0,2.771785714285714,3019.0,-9.754777632053901e-05,0.001357189138989412
3.433320634139812,-0.9939321056353465,8.034390001586713,1.0,2.7725714285714287,3020.0,-9.754777632053901e-05,0.001357189138989412
3.4332230863634914,-0.9938900267714555,8.035747190725703,1.0,2.773357142857143,3021.0,-9.754777632053901e-05,0.001357189138989412
3.433125538587171,-0.9938479479075647,8.03710437986469,1.0,2.774142857142857,3022.0,-9.754777632053901e-05,0.0013571891389876356
3.4330279908108503,-0.9938058690436739,8.03846156900368,1.0,2.774928571428571,3023.0,-9.754777632053901e-05,0.001357189138989412
3.4329304430345298,-0.993763790179783,8.039818758142669,1.0,2.775714285714286,3024.0,-9.754777632053901e-05,0.001357189138989412
3.4328328952582097,-0.993721711315892,8.041175947281658,1.0,2.7765,3025.0,-9.754777632009493e-05,0.001357189138989412
3.432735347481889,-0.9936796324520012,8.042533136420648,1.0,2.777285714285714,3026.0,-9.754777632053901e-05,0.001357189138989412
3.4326377997055686,-0.9936375535881103,8.043890325559637,1.0,2.7780714285714287,3027.0,-9.754777632053901e-05,0.001357189138989412
3.432540251929248,-0.9935954747242195,8.045247514698627,1.0,2.778857142857143,3028.0,-9.754777632053901e-05,0.001357189138989412
3.4324427041529275,-0.9935533958603286,8.046604703837614,1.0,2.779642857142857,3029.0,-9.754777632053901e-05,0.0013571891389876356
3.432345156376607,-0.9935113169964377,8.047961892976604,1.0,2.7804285714285712,3030.0,-9.754777632053901e-05,0.001357189138989412
3.4322476086002864,-0.9934692381325468,8.049319082115593,1.0,2.781214285714286,3031.0,-9.754777632053901e-05,0.001357189138989412
3.432150060823966,-0.993427159268656,8.050676271254583,1.0,2.782,3032.0,-9.754777632053901e-05,0.001357189138989412
3.432091211636617,-0.9934678114550254,8.052624978196059,1.0,2.782076923076923,3033.0,-5.8849187348997134e-05,0.0019487069414765301
3.4320323624492675,-0.9935084636413949,8.054573685137536,1.0,2.782153846153846,3034.0,-5.884918734944122e-05,0.0019487069414765301
3.4319735132619185,-0.9935491158277643,8.056522392079012,1.0,2.782230769230769,3035.0,-5.8849187348997134e-05,0.0019487069414765301
3.4319146640745695,-0.9935897680141338,8.058471099020489,1.0,2.7823076923076924,3036.0,-5.8849187348997134e-05,0.0019487069414765301
3.43185581488722,-0.9936304202005032,8.060419805961965,1.0,2.7823846153846152,3037.0,-5.884918734944122e-05,0.0019487069414765301
3.431796965699871,-0.9936710723868727,8.062368512903442,1.0,2.7824615384615385,3038.0,-5.8849187348997134e-05,0.0019487069414765301
3.431738116512522,-0.9937117245732421,8.064317219844918,1.0,2.7825384615384614,3039.0,-5.8849187348997134e-05,0.0019487069414765301
3.431679267325173,-0.9937523767596116,8.066265926786395,1.0,2.7826153846153847,3040.0,-5.8849187348997134e-05,0.0019487069414765301
3.4316204181378236,-0.993793028945981,8.068214633727871,1.0,2.7826923076923076,3041.0,-5.884918734944122e-05,0.0019487069414765301
3.4315615689504746,-0.9938336811323505,8.070163340669348,1.0,2.782769230769231,3042.0,-5.8849187348997134e-05,0.0019487069414765301
3.4315027197631256,-0.9938743333187199,8.072112047610824,1.0,2.7828461538461537,3043.0,-5.8849187348997134e-05,0.0019487069414765301
3.431443870575776,-0.9939149855050894,8.0740607545523,1.0,2.782923076923077,3044.0,-5.884918734944122e-05,0.0019487069414765301
3.431385021388427,-0.9939556376914588,8.076009461493777,1.0,2.783,3045.0,-5.8849187348997134e-05,0.0019487069414765301
3.431296493300411,-0.9940348685199323,8.075708654056966,1.0,2.7826153846153847,3046.0,-8.852808801629308e-05,-0.000300807436811823
3.431207965212395,-0.9941140993484059,8.075407846620154,1.0,2.782230769230769,3047.0,-8.8528088015849e-05,-0.000300807436811823
3.4311194371243787,-0.9941933301768794,8.075107039183342,1.0,2.781846153846154,3048.0,-8.852808801629308e-05,-0.000300807436811823
3.431030909036363,-0.994272561005353,8.07480623174653,1.0,2.781461538461538,3049.0,-8.8528088015849e-05,-0.000300807436811823
3.4309423809483466,-0.9943517918338265,8.074505424309718,1.0,2.781076923076923,3050.0,-8.852808801629308e-05,-0.000300807436811823
3.4308538528603303,-0.9944310226623,8.074204616872906,1.0,2.780692307692308,3051.0,-8.852808801629308e-05,-0.000300807436811823
3.4307653247723144,-0.9945102534907736,8.073903809436095,1.0,2.780307692307692,3052.0,-8.8528088015849e-05,-0.000300807436811823
3.430676796684298,-0.9945894843192471,8.073603001999283,1.0,2.779923076923077,3053.0,-8.852808801629308e-05,-0.000300807436811823
3.430588268596282,-0.9946687151477206,8.073302194562471,1.0,2.7795384615384617,3054.0,-8.852808801629308e-05,-0.000300807436811823
3.430499740508266,-0.9947479459761942,8.07300138712566,1.0,2.779153846153846,3055.0,-8.8528088015849e-05,-0.000300807436811823
3.4304112124202497,-0.9948271768046677,8.072700579688847,1.0,2.778769230769231,3056.0,-8.852808801629308e-05,-0.000300807436811823
3.430322684332234,-0.9949064076331413,8.072399772252036,1.0,2.7783846153846152,3057.0,-8.8528088015849e-05,-0.000300807436811823
3.4302341562442176,-0.9949856384616148,8.072098964815224,1.0,2.778,3058.0,-8.852808801629308e-05,-0.000300807436811823
3.430163592855963,-0.9950603469239786,8.074493603476862,1.0,2.7777142857142856,3059.0,-7.056338825472963e-05,0.0023946386616380266
3.430093029467708,-0.9951350553863424,8.076888242138502,1.0,2.7774285714285716,3060.0,-7.056338825472963e-05,0.002394638661639803
3.4300224660794534,-0.9952097638487062,8.07928288080014,1.0,2.777142857142857,3061.0,-7.056338825472963e-05,0.0023946386616380266
3.4299519026911987,-0.99528447231107,8.081677519461778,1.0,2.7768571428571427,3062.0,-7.056338825472963e-05,0.0023946386616380266
3.429881339302944,-0.9953591807734338,8.084072158123417,1.0,2.7765714285714287,3063.0,-7.056338825472963e-05,0.002394638661639803
3.429810775914689,-0.9954338892357976,8.086466796785055,1.0,2.7762857142857142,3064.0,-7.056338825472963e-05,0.0023946386616380266
3.4297402125264345,-0.9955085976981614,8.088861435446695,1.0,2.7760000000000002,3065.0,-7.056338825472963e-05,0.002394638661639803
3.4296696491381797,-0.995583306160525,8.091256074108333,1.0,2.775714285714286,3066.0,-7.056338825472963e-05,0.0023946386616380266
3.429599085749925,-0.9956580146228888,8.093650712769971,1.0,2.7754285714285714,3067.0,-7.056338825472963e-05,0.0023946386616380266
3.4295285223616703,-0.9957327230852526,8.096045351431611,1.0,2.7751428571428574,3068.0,-7.056338825472963e-05,0.002394638661639803
3.4294579589734155,-0.9958074315476164,8.098439990093249,1.0,2.774857142857143,3069.0,-7.056338825472963e-05,0.0023946386616380266
3.429387395585161,-0.9958821400099802,8.100834628754887,1.0,2.7745714285714285,3070.0,-7.056338825472963e-05,0.0023946386616380266
3.429316832196906,-0.995956848472344,8.103229267416527,1.0,2.7742857142857145,3071.0,-7.056338825472963e-05,0.002394638661639803
3.4292462688086514,-0.9960315569347078,8.105623906078165,1.0,2.774,3072.0,-7.056338825472963e-05,0.0023946386616380266
3.4291521358879407,-0.995992387523883,8.108170919844714,1.0,2.774076923076923,3073.0,-9.41329207106989e-05,0.0025470137665486448
3.42905800296723,-0.995953218113058,8.110717933611262,1.0,2.774153846153846,3074.0,-9.41329207106989e-05,0.0025470137665486448
3.4289638700465193,-0.9959140487022332,8.113264947377813,1.0,2.774230769230769,3075.0,-9.41329207106989e-05,0.002547013766550421
3.4288697371258086,-0.9958748792914083,8.115811961144361,1.0,2.7743076923076924,3076.0,-9.41329207106989e-05,0.0025470137665486448
3.428775604205098,-0.9958357098805835,8.11835897491091,1.0,2.7743846153846152,3077.0,-9.41329207106989e-05,0.0025470137665486448
3.428681471284387,-0.9957965404697585,8.120905988677459,1.0,2.7744615384615385,3078.0,-9.41329207106989e-05,0.0025470137665486448
3.428587338363677,-0.9957573710589337,8.123453002444009,1.0,2.7745384615384614,3079.0,-9.413292071025481e-05,0.002547013766550421
3.428493205442966,-0.9957182016481088,8.126000016210558,1.0,2.7746153846153847,3080.0,-9.41329207106989e-05,0.0025470137665486448
3.4283990725222555,-0.9956790322372839,8.128547029977106,1.0,2.7746923076923076,3081.0,-9.41329207106989e-05,0.0025470137665486448
3.428304939601545,-0.995639862826459,8.131094043743655,1.0,2.774769230769231,3082.0,-9.41329207106989e-05,0.0025470137665486448
3.428210806680834,-0.9956006934156342,8.133641057510205,1.0,2.7748461538461537,3083.0,-9.41329207106989e-05,0.002547013766550421
3.4281166737601234,-0.9955615240048092,8.136188071276754,1.0,2.774923076923077,3084.0,-9.41329207106989e-05,0.0025470137665486448
3.4280225408394127,-0.9955223545939844,8.138735085043303,1.0,2.775,3085.0,-9.41329207106989e-05,0.0025470137665486448
3.4279408455390685,-0.9955221784314282,8.140282782079376,1.0,2.776,3086.0,-8.16953003441867e-05,0.0015476970360737141
3.4278591502387243,-0.995522002268872,8.141830479115452,1.0,2.7769999999999997,3087.0,-8.16953003441867e-05,0.0015476970360754905
3.42777745493838,-0.9955218261063159,8.143378176151526,1.0,2.778,3088.0,-8.16953003441867e-05,0.0015476970360737141
3.427695759638036,-0.9955216499437597,8.144925873187601,1.0,2.779,3089.0,-8.16953003441867e-05,0.0015476970360754905
3.427614064337692,-0.9955214737812035,8.146473570223675,1.0,2.78,3090.0,-8.16953003441867e-05,0.0015476970360737141
3.4275323690373476,-0.9955212976186473,8.14802126725975,1.0,2.7809999999999997,3091.0,-8.16953003441867e-05,0.0015476970360754905
3.427450673737004,-0.9955211214560912,8.149568964295824,1.0,2.782,3092.0,-8.169530034374262e-05,0.0015476970360737141
3.4273689784366597,-0.995520945293535,8.1511166613319,1.0,2.783,3093.0,-8.16953003441867e-05,0.0015476970360754905
3.4272872831363155,-0.9955207691309788,8.152664358367973,1.0,2.784,3094.0,-8.16953003441867e-05,0.0015476970360737141
3.4272055878359713,-0.9955205929684225,8.154212055404049,1.0,2.7849999999999997,3095.0,-8.16953003441867e-05,0.0015476970360754905
3.427123892535627,-0.9955204168058664,8.155759752440122,1.0,2.786,3096.0,-8.16953003441867e-05,0.0015476970360737141
3.427042197235283,-0.9955202406433102,8.157307449476198,1.0,2.787,3097.0,-8.16953003441867e-05,0.0015476970360754905
3.4269605019349387,-0.995520064480754,8.158855146512272,1.0,2.788,3098.0,-8.16953003441867e-05,0.0015476970360737141
3.4268997773179346,-0.9953381838209305,8.162890031730237,1.0,2.7874999999999996,3099.0,-6.072461700412646e-05,0.004034885217965467
3.4268390527009305,-0.9951563031611069,8.1669249169482,1.0,2.787,3100.0,-6.072461700412646e-05,0.004034885217963691
3.4267783280839264,-0.9949744225012834,8.170959802166166,1.0,2.7864999999999998,3101.0,-6.072461700412646e-05,0.004034885217965467
3.4267176034669227,-0.9947925418414598,8.17499468738413,1.0,2.786,3102.0,-6.072461700368237e-05,0.004034885217963691
3.4266568788499185,-0.9946106611816363,8.179029572602095,1.0,2.7855,3103.0,-6.072461700412646e-05,0.004034885217965467
3.4265961542329144,-0.9944287805218127,8.183064457820059,1.0,2.785,3104.0,-6.072461700412646e-05,0.004034885217963691
3.4265354296159103,-0.9942468998619892,8.187099343038025,1.0,2.7845,3105.0,-6.072461700412646e-05,0.004034885217965467
3.426474704998906,-0.9940650192021657,8.19113422825599,1.0,2.784,3106.0,-6.072461700412646e-05,0.004034885217965467
3.426413980381902,-0.9938831385423421,8.195169113473954,1.0,2.7835,3107.0,-6.072461700412646e-05,0.004034885217963691
3.426353255764898,-0.9937012578825186,8.19920399869192,1.0,2.783,3108.0,-6.072461700412646e-05,0.004034885217965467
3.4262925311478942,-0.993519377222695,8.203238883909883,1.0,2.7825,3109.0,-6.072461700368237e-05,0.004034885217963691
3.42623180653089,-0.9933374965628715,8.207273769127848,1.0,2.782,3110.0,-6.072461700412646e-05,0.004034885217965467
3.426171081913886,-0.9931556159030479,8.211308654345812,1.0,2.7815000000000003,3111.0,-6.072461700412646e-05,0.004034885217963691
3.426110357296882,-0.9929737352432244,8.215343539563777,1.0,2.781,3112.0,-6.072461700412646e-05,0.004034885217965467
3.4260110023885963,-0.9931402811721397,8.218586879178298,1.0,2.781,3113.0,-9.935490828549831e-05,0.003243339614520835
3.4259116474803104,-0.993306827101055,8.221830218792821,1.0,2.781,3114.0,-9.93549082859424e-05,0.003243339614522611
3.425812292572025,-0.9934733730299703,8.225073558407342,1.0,2.781,3115.0,-9.935490828549831e-05,0.003243339614520835
3.425712937663739,-0.9936399189588855,8.228316898021863,1.0,2.781,3116.0,-9.93549082859424e-05,0.003243339614520835
3.4256135827554535,-0.9938064648878008,8.231560237636385,1.0,2.781,3117.0,-9.935490828549831e-05,0.003243339614522611
3.4255142278471675,-0.9939730108167161,8.234803577250906,1.0,2.781,3118.0,-9.93549082859424e-05,0.003243339614520835
3.425414872938882,-0.9941395567456314,8.238046916865427,1.0,2.781,3119.0,-9.935490828549831e-05,0.003243339614520835
3.425315518030596,-0.9943061026745467,8.241290256479948,1.0,2.781,3120.0,-9.93549082859424e-05,0.003243339614520835
3.4252161631223106,-0.994472648603462,8.24453359609447,1.0,2.781,3121.0,-9.935490828549831e-05,0.003243339614522611
3.4251168082140246,-0.9946391945323771,8.247776935708991,1.0,2.781,3122.0,-9.93549082859424e-05,0.003243339614520835
3.425017453305739,-0.9948057404612924,8.251020275323512,1.0,2.781,3123.0,-9.935490828549831e-05,0.003243339614520835
3.424918098397453,-0.9949722863902077,8.254263614938035,1.0,2.781,3124.0,-9.93549082859424e-05,0.003243339614522611
3.4248187434891677,-0.995138832319123,8.257506954552555,1.0,2.781,3125.0,-9.935490828549831e-05,0.003243339614520835
3.4247368921556594,-0.9949448805727119,8.259483890773785,1.0,2.7804285714285717,3126.0,-8.185133350835372e-05,0.0019769362212294084
3.4246550408221514,-0.9947509288263007,8.261460826995014,1.0,2.779857142857143,3127.0,-8.185133350790963e-05,0.0019769362212294084
3.424573189488643,-0.9945569770798895,8.263437763216244,1.0,2.7792857142857144,3128.0,-8.185133350835372e-05,0.0019769362212294084
3.4244913381551347,-0.9943630253334783,8.265414699437473,1.0,2.778714285714286,3129.0,-8.185133350835372e-05,0.0019769362212294084
3.424409486821627,-0.9941690735870672,8.267391635658702,1.0,2.7781428571428575,3130.0,-8.185133350790963e-05,0.0019769362212294084
3.4243276354881185,-0.993975121840656,8.269368571879932,1.0,2.7775714285714286,3131.0,-8.185133350835372e-05,0.0019769362212294084
3.4242457841546106,-0.9937811700942448,8.27134550810116,1.0,2.777,3132.0,-8.185133350790963e-05,0.001976936221227632
3.424163932821102,-0.9935872183478337,8.273322444322389,1.0,2.7764285714285717,3133.0,-8.185133350835372e-05,0.0019769362212294084
3.424082081487594,-0.9933932666014225,8.275299380543618,1.0,2.775857142857143,3134.0,-8.185133350835372e-05,0.0019769362212294084
3.424000230154086,-0.9931993148550113,8.277276316764848,1.0,2.7752857142857144,3135.0,-8.185133350790963e-05,0.0019769362212294084
3.4239183788205776,-0.9930053631086001,8.279253252986077,1.0,2.774714285714286,3136.0,-8.185133350835372e-05,0.0019769362212294084
3.4238365274870692,-0.992811411362189,8.281230189207307,1.0,2.7741428571428575,3137.0,-8.185133350835372e-05,0.0019769362212294084
3.4237546761535613,-0.9926174596157777,8.283207125428536,1.0,2.7735714285714286,3138.0,-8.185133350790963e-05,0.0019769362212294084
3.423672824820053,-0.9924235078693666,8.285184061649765,1.0,2.773,3139.0,-8.185133350835372e-05,0.0019769362212294084
3.4235678053239433,-0.9925515856215477,8.289962373673436,1.0,2.7723846153846154,3140.0,-0.00010501949610963734,0.00477831202367085
3.4234627858278337,-0.9926796633737287,8.294740685697107,1.0,2.7717692307692308,3141.0,-0.00010501949610963734,0.00477831202367085
3.423357766331724,-0.9928077411259097,8.299518997720778,1.0,2.771153846153846,3142.0,-0.00010501949610963734,0.00477831202367085
3.4232527468356144,-0.9929358188780907,8.304297309744449,1.0,2.770538461538462,3143.0,-0.00010501949610963734,0.00477831202367085
3.423147727339505,-0.9930638966302717,8.30907562176812,1.0,2.769923076923077,3144.0,-0.00010501949610963734,0.00477831202367085
3.423042707843395,-0.9931919743824528,8.31385393379179,1.0,2.7693076923076925,3145.0,-0.00010501949610963734,0.00477831202367085
3.422937688347285,-0.9933200521346338,8.318632245815463,1.0,2.768692307692308,3146.0,-0.00010501949611008143,0.004778312023672626
3.4228326688511754,-0.9934481298868149,8.323410557839134,1.0,2.768076923076923,3147.0,-0.00010501949610963734,0.00477831202367085
3.422727649355066,-0.9935762076389959,8.328188869862805,1.0,2.7674615384615384,3148.0,-0.00010501949610963734,0.00477831202367085
3.422622629858956,-0.9937042853911768,8.332967181886476,1.0,2.766846153846154,3149.0,-0.00010501949610963734,0.00477831202367085
3.4225176103628465,-0.9938323631433579,8.337745493910147,1.0,2.7662307692307695,3150.0,-0.00010501949610963734,0.00477831202367085
3.422412590866737,-0.9939604408955389,8.342523805933817,1.0,2.765615384615385,3151.0,-0.00010501949610963734,0.00477831202367085
3.4223075713706272,-0.99408851864772,8.347302117957488,1.0,2.765,3152.0,-0.00010501949610963734,0.00477831202367085
3.4222445917460864,-0.9941463239785018,8.347316258342925,1.0,2.7656923076923077,3153.0,-6.29796245408265e-05,1.4140385436789416e-05
3.4221816121215456,-0.9942041293092837,8.34733039872836,1.0,2.7663846153846157,3154.0,-6.29796245408265e-05,1.4140385435013059e-05
3.4221186324970048,-0.9942619346400655,8.347344539113797,1.0,2.767076923076923,3155.0,-6.29796245408265e-05,1.4140385436789416e-05
3.422055652872464,-0.9943197399708473,8.347358679499234,1.0,2.7677692307692308,3156.0,-6.29796245408265e-05,1.4140385436789416e-05
3.421992673247923,-0.9943775453016293,8.347372819884669,1.0,2.7684615384615388,3157.0,-6.29796245408265e-05,1.4140385435013059e-05
3.4219296936233823,-0.9944353506324111,8.347386960270105,1.0,2.7691538461538463,3158.0,-6.29796245408265e-05,1.4140385436789416e-05
3.4218667139988415,-0.9944931559631929,8.347401100655542,1.0,2.769846153846154,3159.0,-6.29796245408265e-05,1.4140385436789416e-05
3.4218037343743006,-0.9945509612939747,8.347415241040979,1.0,2.7705384615384614,3160.0,-6.29796245408265e-05,1.4140385436789416e-05
3.42174075474976,-0.9946087666247566,8.347429381426414,1.0,2.7712307692307694,3161.0,-6.29796245408265e-05,1.4140385435013059e-05
3.421677775125219,-0.9946665719555384,8.34744352181185,1.0,2.771923076923077,3162.0,-6.29796245408265e-05,1.4140385436789416e-05
3.421614795500678,-0.9947243772863202,8.347457662197288,1.0,2.7726153846153845,3163.0,-6.29796245408265e-05,1.4140385436789416e-05
3.4215518158761373,-0.9947821826171022,8.347471802582723,1.0,2.7733076923076925,3164.0,-6.29796245408265e-05,1.4140385435013059e-05
3.4214888362515965,-0.994839987947884,8.34748594296816,1.0,2.774,3165.0,-6.29796245408265e-05,1.4140385436789416e-05
3.4214045928525407,-0.994786576754136,8.349479043520574,1.0,2.7735714285714286,3166.0,-8.424339905577227e-05,0.0019931005524149725
3.4213203494534854,-0.994733165560388,8.35147214407299,1.0,2.773142857142857,3167.0,-8.424339905532818e-05,0.0019931005524149725
3.4212361060544296,-0.99467975436664,8.353465244625404,1.0,2.7727142857142857,3168.0,-8.424339905577227e-05,0.0019931005524149725
3.4211518626553743,-0.994626343172892,8.355458345177817,1.0,2.7722857142857142,3169.0,-8.424339905532818e-05,0.001993100552413196
3.4210676192563185,-0.9945729319791441,8.357451445730232,1.0,2.771857142857143,3170.0,-8.424339905577227e-05,0.0019931005524149725
3.420983375857263,-0.9945195207853961,8.359444546282647,1.0,2.7714285714285714,3171.0,-8.424339905532818e-05,0.0019931005524149725
3.4208991324582074,-0.994466109591648,8.361437646835062,1.0,2.771,3172.0,-8.424339905577227e-05,0.0019931005524149725
3.4208148890591517,-0.9944126983979001,8.363430747387477,1.0,2.7705714285714285,3173.0,-8.424339905577227e-05,0.0019931005524149725
3.4207306456600963,-0.9943592872041521,8.365423847939892,1.0,2.770142857142857,3174.0,-8.424339905532818e-05,0.0019931005524149725
3.4206464022610406,-0.9943058760104042,8.367416948492307,1.0,2.7697142857142856,3175.0,-8.424339905577227e-05,0.0019931005524149725
3.4205621588619852,-0.9942524648166562,8.36941004904472,1.0,2.769285714285714,3176.0,-8.424339905532818e-05,0.001993100552413196
3.4204779154629295,-0.9941990536229082,8.371403149597135,1.0,2.7688571428571427,3177.0,-8.424339905577227e-05,0.0019931005524149725
3.420393672063874,-0.9941456424291603,8.37339625014955,1.0,2.7684285714285712,3178.0,-8.424339905532818e-05,0.0019931005524149725
3.4203094286648184,-0.9940922312354122,8.375389350701965,1.0,2.768,3179.0,-8.424339905577227e-05,0.0019931005524149725
3.4202185842212316,-0.9941683515460586,8.378501426745958,1.0,2.768230769230769,3180.0,-9.084444358675725e-05,0.003112076043992218
3.420127739777645,-0.9942444718567051,8.381613502789948,1.0,2.7684615384615383,3181.0,-9.084444358675725e-05,0.0031120760439904416
3.420036895334058,-0.9943205921673515,8.38472557883394,1.0,2.7686923076923073,3182.0,-9.084444358675725e-05,0.003112076043992218
3.419946050890471,-0.9943967124779979,8.38783765487793,1.0,2.768923076923077,3183.0,-9.084444358720134e-05,0.0031120760439904416
3.419855206446884,-0.9944728327886443,8.390949730921923,1.0,2.769153846153846,3184.0,-9.084444358675725e-05,0.003112076043992218
3.4197643620032974,-0.9945489530992907,8.394061806965913,1.0,2.7693846153846153,3185.0,-9.084444358675725e-05,0.0031120760439904416
3.4196735175597106,-0.9946250734099371,8.397173883009906,1.0,2.7696153846153844,3186.0,-9.084444358675725e-05,0.003112076043992218
3.419582673116124,-0.9947011937205835,8.400285959053896,1.0,2.769846153846154,3187.0,-9.084444358675725e-05,0.0031120760439904416
3.419491828672537,-0.9947773140312299,8.403398035097888,1.0,2.770076923076923,3188.0,-9.084444358675725e-05,0.003112076043992218
3.41940098422895,-0.9948534343418763,8.406510111141879,1.0,2.7703076923076924,3189.0,-9.084444358720134e-05,0.0031120760439904416
3.419310139785363,-0.9949295546525228,8.409622187185871,1.0,2.7705384615384614,3190.0,-9.084444358675725e-05,0.003112076043992218
3.4192192953417764,-0.9950056749631692,8.412734263229861,1.0,2.770769230769231,3191.0,-9.084444358675725e-05,0.0031120760439904416
3.4191284508981896,-0.9950817952738156,8.415846339273854,1.0,2.771,3192.0,-9.084444358675725e-05,0.003112076043992218
3.4190493497058636,-0.9950097657206415,8.417037161884968,1.0,2.770923076923077,3193.0,-7.910119232601431e-05,0.0011908226111145837
3.418970248513538,-0.9949377361674674,8.418227984496081,1.0,2.7708461538461537,3194.0,-7.910119232557022e-05,0.0011908226111128073
3.418891147321212,-0.9948657066142932,8.419418807107196,1.0,2.770769230769231,3195.0,-7.910119232601431e-05,0.0011908226111145837
3.4188120461288865,-0.9947936770611191,8.420609629718308,1.0,2.7706923076923076,3196.0,-7.910119232557022e-05,0.0011908226111128073
3.4187329449365604,-0.994721647507945,8.421800452329423,1.0,2.7706153846153847,3197.0,-7.910119232601431e-05,0.0011908226111145837
3.418653843744235,-0.9946496179547709,8.422991274940538,1.0,2.7705384615384614,3198.0,-7.910119232557022e-05,0.0011908226111145837
3.418574742551909,-0.9945775884015967,8.42418209755165,1.0,2.7704615384615385,3199.0,-7.910119232601431e-05,0.0011908226111128073
3.4184956413595833,-0.9945055588484226,8.425372920162765,1.0,2.7703846153846152,3200.0,-7.910119232557022e-05,0.0011908226111145837
3.4184165401672573,-0.9944335292952485,8.42656374277388,1.0,2.7703076923076924,3201.0,-7.910119232601431e-05,0.0011908226111145837
3.4183374389749317,-0.9943614997420744,8.427754565384992,1.0,2.770230769230769,3202.0,-7.910119232557022e-05,0.0011908226111128073
3.4182583377826057,-0.9942894701889002,8.428945387996107,1.0,2.770153846153846,3203.0,-7.910119232601431e-05,0.0011908226111145837
3.41817923659028,-0.9942174406357261,8.43013621060722,1.0,2.770076923076923,3204.0,-7.910119232557022e-05,0.0011908226111128073
3.418100135397954,-0.994145411082552,8.431327033218334,1.0,2.77,3205.0,-7.910119232601431e-05,0.0011908226111145837
3.4180128491107187,-0.9941646160504392,8.433045416373114,1.0,2.77,3206.0,-8.728628723542187e-05,0.001718383154779346
3.4179255628234833,-0.9941838210183261,8.434763799527893,1.0,2.77,3207.0,-8.728628723542187e-05,0.001718383154779346
3.417838276536248,-0.9942030259862132,8.43648218268267,1.0,2.77,3208.0,-8.728628723542187e-05,0.0017183831547775696
3.4177509902490124,-0.9942222309541002,8.43820056583745,1.0,2.77,3209.0,-8.728628723542187e-05,0.001718383154779346
3.417663703961777,-0.9942414359219873,8.43991894899223,1.0,2.77,3210.0,-8.728628723542187e-05,0.001718383154779346
3.4175764176745416,-0.9942606408898743,8.441637332147009,1.0,2.77,3211.0,-8.728628723542187e-05,0.001718383154779346
3.4174891313873057,-0.9942798458577614,8.443355715301788,1.0,2.77,3212.0,-8.728628723586596e-05,0.001718383154779346
3.4174018451000703,-0.9942990508256485,8.445074098456566,1.0,2.77,3213.0,-8.728628723542187e-05,0.0017183831547775696
3.417314558812835,-0.9943182557935355,8.446792481611345,1.0,2.77,3214.0,-8.728628723542187e-05,0.001718383154779346
3.4172272725255994,-0.9943374607614226,8.448510864766124,1.0,2.77,3215.0,-8.728628723542187e-05,0.001718383154779346
3.417139986238364,-0.9943566657293096,8.450229247920904,1.0,2.77,3216.0,-8.728628723542187e-05,0.001718383154779346
3.4170526999511286,-0.9943758706971967,8.451947631075681,1.0,2.77,3217.0,-8.728628723542187e-05,0.0017183831547775696
3.416965413663893,-0.9943950756650837,8.45366601423046,1.0,2.77,3218.0,-8.728628723542187e-05,0.001718383154779346
3.4168781273766577,-0.9944142806329708,8.45538439738524,1.0,2.77,3219.0,-8.728628723542187e-05,0.001718383154779346
3.4167958321870513,-0.9944208466258817,8.45719513198177,1.0,2.769769230769231,3220.0,-8.229518960645166e-05,0.0018107345965301391
3.416713536997445,-0.9944274126187926,8.459005866578298,1.0,2.7695384615384615,3221.0,-8.229518960645166e-05,0.0018107345965283628
3.4166312418078384,-0.9944339786117036,8.460816601174828,1.0,2.7693076923076925,3222.0,-8.229518960645166e-05,0.0018107345965301391
3.4165489466182315,-0.9944405446046145,8.462627335771357,1.0,2.769076923076923,3223.0,-8.229518960689575e-05,0.0018107345965283628
3.416466651428625,-0.9944471105975254,8.464438070367887,1.0,2.768846153846154,3224.0,-8.229518960645166e-05,0.0018107345965301391
3.4163843562390186,-0.9944536765904364,8.466248804964415,1.0,2.7686153846153845,3225.0,-8.229518960645166e-05,0.0018107345965283628
3.416302061049412,-0.9944602425833474,8.468059539560945,1.0,2.7683846153846154,3226.0,-8.229518960645166e-05,0.0018107345965301391
3.4162197658598057,-0.9944668085762584,8.469870274157474,1.0,2.768153846153846,3227.0,-8.229518960645166e-05,0.0018107345965283628
3.4161374706701992,-0.9944733745691693,8.471681008754004,1.0,2.767923076923077,3228.0,-8.229518960645166e-05,0.0018107345965301391
3.4160551754805923,-0.9944799405620802,8.473491743350532,1.0,2.7676923076923075,3229.0,-8.229518960689575e-05,0.0018107345965283628
3.415972880290986,-0.9944865065549912,8.475302477947062,1.0,2.7674615384615384,3230.0,-8.229518960645166e-05,0.0018107345965301391
3.4158905851013794,-0.9944930725479021,8.47711321254359,1.0,2.767230769230769,3231.0,-8.229518960645166e-05,0.0018107345965283628
3.415808289911773,-0.994499638540813,8.478923947140121,1.0,2.767,3232.0,-8.229518960645166e-05,0.0018107345965301391
3.415735349918298,-0.9945155803169984,8.481999024237867,1.0,2.767,3233.0,-7.293999347490754e-05,0.003075077097745904
3.415662409924823,-0.9945315220931837,8.485074101335613,1.0,2.767,3234.0,-7.293999347490754e-05,0.003075077097745904
3.4155894699313483,-0.9945474638693692,8.488149178433359,1.0,2.767,3235.0,-7.293999347490754e-05,0.003075077097745904
3.4155165299378734,-0.9945634056455546,8.491224255531105,1.0,2.767,3236.0,-7.293999347490754e-05,0.003075077097745904
3.4154435899443985,-0.9945793474217399,8.49429933262885,1.0,2.767,3237.0,-7.293999347490754e-05,0.003075077097745904
3.4153706499509235,-0.9945952891979253,8.497374409726596,1.0,2.767,3238.0,-7.293999347490754e-05,0.003075077097745904
3.4152977099574486,-0.9946112309741107,8.50044948682434,1.0,2.767,3239.0,-7.293999347490754e-05,0.0030750770977441277
3.4152247699639737,-0.9946271727502961,8.503524563922086,1.0,2.767,3240.0,-7.293999347490754e-05,0.003075077097745904
3.415151829970499,-0.9946431145264815,8.506599641019832,1.0,2.767,3241.0,-7.293999347490754e-05,0.003075077097745904
3.415078889977024,-0.9946590563026668,8.509674718117578,1.0,2.767,3242.0,-7.293999347490754e-05,0.003075077097745904
3.415005949983549,-0.9946749980788522,8.512749795215324,1.0,2.767,3243.0,-7.293999347490754e-05,0.003075077097745904
3.414933009990074,-0.9946909398550376,8.51582487231307,1.0,2.767,3244.0,-7.293999347490754e-05,0.003075077097745904
3.414860069996599,-0.994706881631223,8.518899949410816,1.0,2.767,3245.0,-7.293999347490754e-05,0.003075077097745904
3.4147871300031243,-0.9947228234074084,8.521975026508562,1.0,2.767,3246.0,-7.293999347490754e-05,0.003075077097745904
3.4146846207280293,-0.9945508727711888,8.524138220682634,1.0,2.766769230769231,3247.0,-0.00010250927509503072,0.0021631941740718474
3.4145821114529347,-0.9943789221349694,8.526301414856706,1.0,2.7665384615384614,3248.0,-0.00010250927509458663,0.0021631941740718474
3.4144796021778396,-0.9942069714987498,8.528464609030777,1.0,2.7663076923076924,3249.0,-0.00010250927509503072,0.0021631941740718474
3.414377092902745,-0.9940350208625303,8.53062780320485,1.0,2.766076923076923,3250.0,-0.00010250927509458663,0.0021631941740718474
3.41427458362765,-0.9938630702263108,8.532790997378921,1.0,2.765846153846154,3251.0,-0.00010250927509503072,0.0021631941740718474
3.414172074352555,-0.9936911195900913,8.534954191552993,1.0,2.7656153846153844,3252.0,-0.00010250927509503072,0.0021631941740718474
3.4140695650774604,-0.9935191689538717,8.537117385727063,1.0,2.7653846153846153,3253.0,-0.00010250927509458663,0.002163194174070071
3.4139670558023654,-0.9933472183176522,8.539280579901135,1.0,2.765153846153846,3254.0,-0.00010250927509503072,0.0021631941740718474
3.4138645465272703,-0.9931752676814327,8.541443774075207,1.0,2.764923076923077,3255.0,-0.00010250927509503072,0.0021631941740718474
3.4137620372521758,-0.9930033170452132,8.543606968249279,1.0,2.7646923076923073,3256.0,-0.00010250927509458663,0.0021631941740718474
3.4136595279770807,-0.9928313664089936,8.54577016242335,1.0,2.7644615384615383,3257.0,-0.00010250927509503072,0.0021631941740718474
3.413557018701986,-0.9926594157727742,8.547933356597422,1.0,2.764230769230769,3258.0,-0.00010250927509458663,0.0021631941740718474
3.413454509426891,-0.9924874651365546,8.550096550771494,1.0,2.764,3259.0,-0.00010250927509503072,0.0021631941740718474
3.4133629741258784,-0.9926121729082749,8.551965476865274,1.0,2.7637692307692308,3260.0,-9.15353010126907e-05,0.0018689260937794216
3.4132714388248653,-0.9927368806799952,8.553834402959053,1.0,2.7635384615384613,3261.0,-9.153530101313478e-05,0.0018689260937794216
3.4131799035238526,-0.9928615884517155,8.555703329052832,1.0,2.7633076923076922,3262.0,-9.15353010126907e-05,0.0018689260937794216
3.4130883682228395,-0.9929862962234357,8.557572255146614,1.0,2.7630769230769228,3263.0,-9.153530101313478e-05,0.001868926093781198
3.4129968329218268,-0.9931110039951561,8.559441181240393,1.0,2.7628461538461537,3264.0,-9.15353010126907e-05,0.0018689260937794216
3.412905297620814,-0.9932357117668763,8.561310107334172,1.0,2.7626153846153847,3265.0,-9.15353010126907e-05,0.0018689260937794216
3.412813762319801,-0.9933604195385966,8.563179033427952,1.0,2.762384615384615,3266.0,-9.153530101313478e-05,0.0018689260937794216
3.4127222270187882,-0.9934851273103168,8.565047959521731,1.0,2.762153846153846,3267.0,-9.15353010126907e-05,0.0018689260937794216
3.4126306917177756,-0.9936098350820372,8.56691688561551,1.0,2.761923076923077,3268.0,-9.15353010126907e-05,0.0018689260937794216
3.4125391564167624,-0.9937345428537574,8.568785811709292,1.0,2.7616923076923077,3269.0,-9.153530101313478e-05,0.001868926093781198
3.4124476211157497,-0.9938592506254776,8.570654737803071,1.0,2.7614615384615386,3270.0,-9.15353010126907e-05,0.0018689260937794216
3.4123560858147366,-0.993983958397198,8.57252366389685,1.0,2.761230769230769,3271.0,-9.153530101313478e-05,0.0018689260937794216
3.412264550513724,-0.9941086661689182,8.57439258999063,1.0,2.761,3272.0,-9.15353010126907e-05,0.0018689260937794216
3.412173534833749,-0.9941154158752044,8.575988590112024,1.0,2.761142857142857,3273.0,-9.101567997493731e-05,0.0015960001213937147
3.412082519153774,-0.9941221655814906,8.577584590233418,1.0,2.7612857142857146,3274.0,-9.101567997493731e-05,0.0015960001213937147
3.411991503473799,-0.9941289152877768,8.579180590354811,1.0,2.7614285714285716,3275.0,-9.101567997493731e-05,0.0015960001213937147
3.411900487793824,-0.9941356649940629,8.580776590476205,1.0,2.7615714285714286,3276.0,-9.101567997493731e-05,0.0015960001213937147
3.411809472113849,-0.994142414700349,8.582372590597599,1.0,2.7617142857142856,3277.0,-9.101567997493731e-05,0.0015960001213937147
3.4117184564338743,-0.9941491644066353,8.583968590718992,1.0,2.761857142857143,3278.0,-9.101567997493731e-05,0.0015960001213937147
3.411627440753899,-0.9941559141129215,8.585564590840386,1.0,2.762,3279.0,-9.10156799753814e-05,0.0015960001213937147
3.411536425073924,-0.9941626638192076,8.58716059096178,1.0,2.762142857142857,3280.0,-9.101567997493731e-05,0.0015960001213937147
3.411445409393949,-0.9941694135254937,8.588756591083174,1.0,2.7622857142857145,3281.0,-9.101567997493731e-05,0.0015960001213937147
3.411354393713974,-0.9941761632317799,8.590352591204567,1.0,2.7624285714285715,3282.0,-9.101567997493731e-05,0.0015960001213937147
3.411263378033999,-0.9941829129380662,8.591948591325961,1.0,2.7625714285714285,3283.0,-9.101567997493731e-05,0.0015960001213937147
3.411172362354024,-0.9941896626443523,8.593544591447355,1.0,2.7627142857142855,3284.0,-9.101567997493731e-05,0.0015960001213937147
3.4110813466740493,-0.9941964123506384,8.595140591568748,1.0,2.762857142857143,3285.0,-9.101567997493731e-05,0.0015960001213937147
3.4109903309940743,-0.9942031620569246,8.596736591690142,1.0,2.763,3286.0,-9.101567997493731e-05,0.0015960001213937147
3.4109023735897144,-0.9942356706674192,8.598747778762053,1.0,2.7635384615384613,3287.0,-8.79574043599618e-05,0.00201118707191128
3.4108144161853544,-0.9942681792779139,8.600758965833965,1.0,2.764076923076923,3288.0,-8.79574043599618e-05,0.00201118707191128
3.410726458780994,-0.9943006878884085,8.602770152905876,1.0,2.7646153846153845,3289.0,-8.795740436040589e-05,0.00201118707191128
3.410638501376634,-0.9943331964989033,8.604781339977787,1.0,2.7651538461538463,3290.0,-8.79574043599618e-05,0.00201118707191128
3.410550543972274,-0.9943657051093979,8.606792527049699,1.0,2.7656923076923077,3291.0,-8.79574043599618e-05,0.00201118707191128
3.410462586567914,-0.9943982137198926,8.60880371412161,1.0,2.766230769230769,3292.0,-8.79574043599618e-05,0.00201118707191128
3.4103746291635537,-0.9944307223303872,8.61081490119352,1.0,2.766769230769231,3293.0,-8.795740436040589e-05,0.0020111870719095037
3.4102866717591938,-0.9944632309408818,8.61282608826543,1.0,2.7673076923076922,3294.0,-8.79574043599618e-05,0.00201118707191128
3.410198714354834,-0.9944957395513765,8.614837275337342,1.0,2.7678461538461536,3295.0,-8.79574043599618e-05,0.00201118707191128
3.410110756950474,-0.9945282481618712,8.616848462409253,1.0,2.7683846153846154,3296.0,-8.79574043599618e-05,0.00201118707191128
3.4100227995461134,-0.9945607567723659,8.618859649481164,1.0,2.768923076923077,3297.0,-8.795740436040589e-05,0.00201118707191128
3.4099348421417535,-0.9945932653828605,8.620870836553076,1.0,2.7694615384615386,3298.0,-8.79574043599618e-05,0.00201118707191128
3.4098468847373935,-0.9946257739933552,8.622882023624987,1.0,2.77,3299.0,-8.79574043599618e-05,0.00201118707191128
3.4097441903154535,-0.9945959805020433,8.62444638575658,1.0,2.7705384615384614,3300.0,-0.00010269442193999723,0.0015643621315923895
3.409641495893513,-0.9945661870107315,8.626010747888172,1.0,2.771076923076923,3301.0,-0.00010269442194044132,0.0015643621315923895
3.409538801471573,-0.9945363935194197,8.627575110019766,1.0,2.7716153846153846,3302.0,-0.00010269442193999723,0.0015643621315941658
3.4094361070496326,-0.9945066000281078,8.629139472151358,1.0,2.7721538461538464,3303.0,-0.00010269442194044132,0.0015643621315923895
3.4093334126276926,-0.9944768065367959,8.63070383428295,1.0,2.772692307692308,3304.0,-0.00010269442193999723,0.0015643621315923895
3.4092307182057526,-0.9944470130454841,8.632268196414543,1.0,2.773230769230769,3305.0,-0.00010269442193999723,0.0015643621315923895
3.409128023783812,-0.9944172195541723,8.633832558546137,1.0,2.773769230769231,3306.0,-0.00010269442194044132,0.0015643621315941658
3.409025329361872,-0.9943874260628605,8.63539692067773,1.0,2.7743076923076924,3307.0,-0.00010269442193999723,0.0015643621315923895
3.408922634939932,-0.9943576325715486,8.636961282809322,1.0,2.7748461538461537,3308.0,-0.00010269442193999723,0.0015643621315923895
3.4088199405179918,-0.9943278390802367,8.638525644940914,1.0,2.7753846153846156,3309.0,-0.00010269442194044132,0.0015643621315923895
3.4087172460960518,-0.9942980455889249,8.640090007072509,1.0,2.775923076923077,3310.0,-0.00010269442193999723,0.0015643621315941658
3.4086145516741113,-0.994268252097613,8.641654369204101,1.0,2.7764615384615388,3311.0,-0.00010269442194044132,0.0015643621315923895
3.4085118572521713,-0.9942384586063012,8.643218731335693,1.0,2.777,3312.0,-0.00010269442193999723,0.0015643621315923895
3.4084213271402626,-0.9943801879806683,8.644055099538893,1.0,2.777,3313.0,-9.053011190873761e-05,0.0008363682031991004
3.408330797028354,-0.9945219173550354,8.64489146774209,1.0,2.777,3314.0,-9.053011190873761e-05,0.0008363682031973241
3.4082402669164455,-0.9946636467294024,8.645727835945289,1.0,2.777,3315.0,-9.053011190829352e-05,0.0008363682031991004
3.408149736804537,-0.9948053761037694,8.646564204148488,1.0,2.777,3316.0,-9.053011190873761e-05,0.0008363682031991004
3.408059206692628,-0.9949471054781365,8.647400572351687,1.0,2.777,3317.0,-9.053011190873761e-05,0.0008363682031991004
3.4079686765807193,-0.9950888348525035,8.648236940554884,1.0,2.777,3318.0,-9.053011190873761e-05,0.0008363682031973241
3.407878146468811,-0.9952305642268706,8.649073308758084,1.0,2.777,3319.0,-9.053011190829352e-05,0.0008363682031991004
3.4077876163569023,-0.9953722936012377,8.649909676961283,1.0,2.777,3320.0,-9.053011190873761e-05,0.0008363682031991004
3.4076970862449936,-0.9955140229756048,8.65074604516448,1.0,2.777,3321.0,-9.053011190873761e-05,0.0008363682031973241
3.407606556133085,-0.9956557523499718,8.651582413367679,1.0,2.777,3322.0,-9.053011190873761e-05,0.0008363682031991004
3.407516026021176,-0.9957974817243388,8.652418781570878,1.0,2.777,3323.0,-9.053011190873761e-05,0.0008363682031991004
3.407425495909268,-0.9959392110987059,8.653255149774077,1.0,2.777,3324.0,-9.053011190829352e-05,0.0008363682031991004
3.407334965797359,-0.9960809404730729,8.654091517977275,1.0,2.777,3325.0,-9.053011190873761e-05,0.0008363682031973241
3.4072444356854503,-0.99622266984744,8.654927886180474,1.0,2.777,3326.0,-9.053011190873761e-05,0.0008363682031991004
3.407145749191069,-0.9960599564351447,8.656276524064229,1.0,2.777,3327.0,-9.868649438127264e-05,0.001348637883754833
3.407047062696688,-0.9958972430228493,8.657625161947982,1.0,2.777,3328.0,-9.868649438127264e-05,0.0013486378837530566
3.406948376202306,-0.995734529610554,8.658973799831736,1.0,2.777,3329.0,-9.868649438171673e-05,0.001348637883754833
3.406849689707925,-0.9955718161982586,8.660322437715491,1.0,2.777,3330.0,-9.868649438127264e-05,0.001348637883754833
3.4067510032135435,-0.9954091027859633,8.661671075599244,1.0,2.777,3331.0,-9.868649438127264e-05,0.0013486378837530566
3.4066523167191622,-0.9952463893736679,8.663019713483,1.0,2.777,3332.0,-9.868649438127264e-05,0.001348637883754833
3.4065536302247805,-0.9950836759613725,8.664368351366754,1.0,2.777,3333.0,-9.868649438171673e-05,0.001348637883754833
3.4064549437303993,-0.9949209625490771,8.665716989250509,1.0,2.777,3334.0,-9.868649438127264e-05,0.001348637883754833
3.406356257236018,-0.9947582491367818,8.667065627134262,1.0,2.777,3335.0,-9.868649438127264e-05,0.0013486378837530566
3.4062575707416367,-0.9945955357244864,8.668414265018017,1.0,2.777,3336.0,-9.868649438127264e-05,0.001348637883754833
3.406158884247255,-0.9944328223121911,8.669762902901772,1.0,2.777,3337.0,-9.868649438171673e-05,0.001348637883754833
3.4060601977528737,-0.9942701088998958,8.671111540785525,1.0,2.777,3338.0,-9.868649438127264e-05,0.0013486378837530566
3.4059615112584924,-0.9941073954876004,8.67246017866928,1.0,2.777,3339.0,-9.868649438127264e-05,0.001348637883754833
3.405874600517495,-0.9941022640922514,8.674319464375113,1.0,2.777142857142857,3340.0,-8.691074099731466e-05,0.0018592857058337131
3.4057876897764974,-0.9940971326969024,8.676178750080947,1.0,2.7772857142857146,3341.0,-8.691074099775875e-05,0.0018592857058337131
3.4057007790355,-0.9940920013015534,8.67803803578678,1.0,2.7774285714285716,3342.0,-8.691074099731466e-05,0.0018592857058337131
3.4056138682945027,-0.9940868699062044,8.679897321492614,1.0,2.7775714285714286,3343.0,-8.691074099731466e-05,0.0018592857058337131
3.405526957553505,-0.9940817385108555,8.681756607198448,1.0,2.7777142857142856,3344.0,-8.691074099775875e-05,0.0018592857058337131
3.4054400468125077,-0.9940766071155064,8.683615892904282,1.0,2.777857142857143,3345.0,-8.691074099731466e-05,0.0018592857058337131
3.40535313607151,-0.9940714757201574,8.685475178610115,1.0,2.778,3346.0,-8.691074099775875e-05,0.0018592857058337131
3.4052662253305126,-0.9940663443248084,8.687334464315951,1.0,2.778142857142857,3347.0,-8.691074099731466e-05,0.0018592857058354895
3.4051793145895153,-0.9940612129294594,8.689193750021785,1.0,2.7782857142857145,3348.0,-8.691074099731466e-05,0.0018592857058337131
3.4050924038485175,-0.9940560815341104,8.691053035727618,1.0,2.7784285714285715,3349.0,-8.691074099775875e-05,0.0018592857058337131
3.40500549310752,-0.9940509501387614,8.692912321433452,1.0,2.7785714285714285,3350.0,-8.691074099731466e-05,0.0018592857058337131
3.404918582366523,-0.9940458187434125,8.694771607139286,1.0,2.7787142857142855,3351.0,-8.691074099731466e-05,0.0018592857058337131
3.404831671625525,-0.9940406873480634,8.69663089284512,1.0,2.778857142857143,3352.0,-8.691074099775875e-05,0.0018592857058337131
3.404744760884528,-0.9940355559527144,8.698490178550953,1.0,2.779,3353.0,-8.691074099731466e-05,0.0018592857058337131
3.4046396326010533,-0.9940637874266607,8.701301203374237,1.0,2.779153846153846,3354.0,-0.00010512828347453151,0.002811024823284214
3.404534504317579,-0.9940920189006069,8.70411222819752,1.0,2.7793076923076923,3355.0,-0.00010512828347408743,0.0028110248232824375
3.4044293760341047,-0.9941202503745532,8.706923253020804,1.0,2.7794615384615384,3356.0,-0.00010512828347453151,0.002811024823284214
3.4043242477506306,-0.9941484818484996,8.709734277844086,1.0,2.7796153846153846,3357.0,-0.00010512828347408743,0.0028110248232824375
3.404219119467156,-0.9941767133224458,8.71254530266737,1.0,2.7797692307692308,3358.0,-0.00010512828347453151,0.002811024823284214
3.404113991183682,-0.9942049447963921,8.715356327490653,1.0,2.779923076923077,3359.0,-0.00010512828347408743,0.0028110248232824375
3.4040088629002074,-0.9942331762703384,8.718167352313937,1.0,2.780076923076923,3360.0,-0.00010512828347453151,0.002811024823284214
3.4039037346167333,-0.9942614077442846,8.72097837713722,1.0,2.7802307692307693,3361.0,-0.00010512828347408743,0.0028110248232824375
3.403798606333259,-0.9942896392182309,8.723789401960504,1.0,2.7803846153846155,3362.0,-0.00010512828347453151,0.002811024823284214
3.4036934780497847,-0.9943178706921773,8.726600426783786,1.0,2.7805384615384616,3363.0,-0.00010512828347408743,0.0028110248232824375
3.40358834976631,-0.9943461021661235,8.72941145160707,1.0,2.780692307692308,3364.0,-0.00010512828347453151,0.002811024823284214
3.403483221482836,-0.9943743336400698,8.732222476430353,1.0,2.780846153846154,3365.0,-0.00010512828347408743,0.0028110248232824375
3.4033780931993616,-0.994402565114016,8.735033501253637,1.0,2.781,3366.0,-0.00010512828347453151,0.002811024823284214
3.4032846699516544,-0.9944711089862749,8.73450124900533,1.0,2.780857142857143,3367.0,-9.342324770722499e-05,-0.00053225224830733
3.4031912467039467,-0.9945396528585337,8.733968996757024,1.0,2.7807142857142857,3368.0,-9.342324770766908e-05,-0.0005322522483055536
3.4030978234562395,-0.9946081967307926,8.733436744508717,1.0,2.7805714285714287,3369.0,-9.342324770722499e-05,-0.00053225224830733
3.4030044002085322,-0.9946767406030513,8.73290449226041,1.0,2.7804285714285717,3370.0,-9.342324770722499e-05,-0.00053225224830733
3.4029109769608246,-0.9947452844753102,8.732372240012104,1.0,2.7802857142857142,3371.0,-9.342324770766908e-05,-0.0005322522483055536
3.4028175537131173,-0.994813828347569,8.731839987763797,1.0,2.7801428571428572,3372.0,-9.342324770722499e-05,-0.00053225224830733
3.4027241304654097,-0.9948823722198279,8.73130773551549,1.0,2.7800000000000002,3373.0,-9.342324770766908e-05,-0.00053225224830733
3.4026307072177024,-0.9949509160920867,8.730775483267184,1.0,2.779857142857143,3374.0,-9.342324770722499e-05,-0.0005322522483055536
3.402537283969995,-0.9950194599643456,8.730243231018877,1.0,2.779714285714286,3375.0,-9.342324770722499e-05,-0.00053225224830733
3.4024438607222875,-0.9950880038366045,8.729710978770571,1.0,2.7795714285714284,3376.0,-9.342324770766908e-05,-0.0005322522483055536
3.4023504374745803,-0.9951565477088632,8.729178726522264,1.0,2.7794285714285714,3377.0,-9.342324770722499e-05,-0.00053225224830733
3.402257014226873,-0.995225091581122,8.728646474273956,1.0,2.7792857142857144,3378.0,-9.342324770722499e-05,-0.00053225224830733
3.4021635909791654,-0.9952936354533809,8.728114222025651,1.0,2.779142857142857,3379.0,-9.342324770766908e-05,-0.0005322522483055536
3.402070167731458,-0.9953621793256398,8.727581969777344,1.0,2.779,3380.0,-9.342324770722499e-05,-0.00053225224830733
3.4019658570724953,-0.9954142765179756,8.730688807212676,1.0,2.779,3381.0,-0.00010431065896288061,0.0031068374353324657
3.401861546413532,-0.9954663737103114,8.733795644648009,1.0,2.779,3382.0,-0.0001043106589633247,0.0031068374353324657
3.401757235754569,-0.9955184709026473,8.736902482083341,1.0,2.779,3383.0,-0.00010431065896288061,0.0031068374353324657
3.4016529250956062,-0.9955705680949832,8.740009319518672,1.0,2.779,3384.0,-0.00010431065896288061,0.0031068374353306893
3.401548614436643,-0.995622665287319,8.743116156954004,1.0,2.779,3385.0,-0.0001043106589633247,0.0031068374353324657
3.40144430377768,-0.9956747624796549,8.746222994389337,1.0,2.779,3386.0,-0.00010431065896288061,0.0031068374353324657
3.401339993118717,-0.9957268596719908,8.749329831824669,1.0,2.779,3387.0,-0.00010431065896288061,0.0031068374353324657
3.4012356824597543,-0.9957789568643267,8.752436669260002,1.0,2.779,3388.0,-0.00010431065896288061,0.0031068374353324657
3.401131371800791,-0.9958310540566625,8.755543506695334,1.0,2.779,3389.0,-0.0001043106589633247,0.0031068374353324657
3.401027061141828,-0.9958831512489984,8.758650344130665,1.0,2.779,3390.0,-0.00010431065896288061,0.0031068374353306893
3.400922750482865,-0.9959352484413343,8.761757181565997,1.0,2.779,3391.0,-0.00010431065896288061,0.0031068374353324657
3.400818439823902,-0.9959873456336701,8.76486401900133,1.0,2.779,3392.0,-0.0001043106589633247,0.0031068374353324657
3.400714129164939,-0.996039442826006,8.767970856436662,1.0,2.779,3393.0,-0.00010431065896288061,0.0031068374353324657
3.4006193325793235,-0.9959257845681623,8.768747400300192,1.0,2.778857142857143,3394.0,-9.479658561550863e-05,0.0007765438635303212
3.4005245359937084,-0.9958121263103187,8.769523944163723,1.0,2.7787142857142855,3395.0,-9.479658561506454e-05,0.0007765438635303212
3.400429739408093,-0.995698468052475,8.770300488027253,1.0,2.7785714285714285,3396.0,-9.479658561550863e-05,0.0007765438635303212
3.4003349428224774,-0.9955848097946313,8.771077031890785,1.0,2.7784285714285715,3397.0,-9.479658561550863e-05,0.0007765438635320976
3.4002401462368623,-0.9954711515367877,8.771853575754315,1.0,2.7782857142857145,3398.0,-9.479658561506454e-05,0.0007765438635303212
3.400145349651247,-0.995357493278944,8.772630119617846,1.0,2.778142857142857,3399.0,-9.479658561550863e-05,0.0007765438635303212
3.4000505530656318,-0.9952438350211004,8.773406663481376,1.0,2.778,3400.0,-9.479658561506454e-05,0.0007765438635303212
3.3999557564800162,-0.9951301767632567,8.774183207344906,1.0,2.777857142857143,3401.0,-9.479658561550863e-05,0.0007765438635303212
3.3998609598944007,-0.995016518505413,8.774959751208437,1.0,2.7777142857142856,3402.0,-9.479658561550863e-05,0.0007765438635303212
3.3997661633087857,-0.9949028602475694,8.775736295071967,1.0,2.7775714285714286,3403.0,-9.479658561506454e-05,0.0007765438635303212
3.39967136672317,-0.9947892019897256,8.7765128389355,1.0,2.7774285714285716,3404.0,-9.479658561550863e-05,0.0007765438635320976
3.3995765701375547,-0.9946755437318819,8.77728938279903,1.0,2.7772857142857146,3405.0,-9.479658561550863e-05,0.0007765438635303212
3.3994817735519396,-0.9945618854740383,8.77806592666256,1.0,2.777142857142857,3406.0,-9.479658561506454e-05,0.0007765438635303212
3.399386976966324,-0.9944482272161946,8.77884247052609,1.0,2.777,3407.0,-9.479658561550863e-05,0.0007765438635303212
3.3992959986305156,-0.9944765373240948,8.78113842803134,1.0,2.776846153846154,3408.0,-9.097833580851145e-05,0.0022959575052503567
3.399205020294707,-0.9945048474319951,8.783434385536593,1.0,2.776692307692308,3409.0,-9.097833580851145e-05,0.002295957505252133
3.3991140419588985,-0.9945331575398952,8.785730343041843,1.0,2.7765384615384616,3410.0,-9.097833580851145e-05,0.0022959575052503567
3.39902306362309,-0.9945614676477954,8.788026300547095,1.0,2.7763846153846155,3411.0,-9.097833580851145e-05,0.002295957505252133
3.3989320852872815,-0.9945897777556957,8.790322258052345,1.0,2.7762307692307693,3412.0,-9.097833580851145e-05,0.0022959575052503567
3.398841106951473,-0.9946180878635958,8.792618215557596,1.0,2.776076923076923,3413.0,-9.097833580851145e-05,0.0022959575052503567
3.398750128615665,-0.994646397971496,8.794914173062848,1.0,2.775923076923077,3414.0,-9.097833580806736e-05,0.002295957505252133
3.3986591502798564,-0.9946747080793962,8.797210130568098,1.0,2.7757692307692308,3415.0,-9.097833580851145e-05,0.0022959575052503567
3.398568171944048,-0.9947030181872965,8.799506088073349,1.0,2.7756153846153846,3416.0,-9.097833580851145e-05,0.0022959575052503567
3.3984771936082394,-0.9947313282951966,8.8018020455786,1.0,2.7754615384615384,3417.0,-9.097833580851145e-05,0.002295957505252133
3.398386215272431,-0.9947596384030968,8.804098003083851,1.0,2.7753076923076923,3418.0,-9.097833580851145e-05,0.0022959575052503567
3.3982952369366224,-0.994787948510997,8.806393960589103,1.0,2.775153846153846,3419.0,-9.097833580851145e-05,0.002295957505252133
3.398204258600814,-0.9948162586188972,8.808689918094354,1.0,2.775,3420.0,-9.097833580851145e-05,0.0022959575052503567
3.398100065907391,-0.9947649125136433,8.812330692596731,1.0,2.775,3421.0,-0.00010419269342287762,0.0036407745023776528
3.397995873213968,-0.9947135664083894,8.815971467099109,1.0,2.775,3422.0,-0.00010419269342287762,0.0036407745023776528
3.3978916805205452,-0.9946622203031353,8.819612241601488,1.0,2.775,3423.0,-0.00010419269342287762,0.003640774502379429
3.3977874878271224,-0.9946108741978814,8.823253016103866,1.0,2.775,3424.0,-0.00010419269342287762,0.0036407745023776528
3.3976832951336995,-0.9945595280926275,8.826893790606244,1.0,2.775,3425.0,-0.00010419269342287762,0.0036407745023776528
3.3975791024402766,-0.9945081819873736,8.830534565108621,1.0,2.775,3426.0,-0.00010419269342287762,0.0036407745023776528
3.3974749097468537,-0.9944568358821195,8.834175339611,1.0,2.775,3427.0,-0.00010419269342287762,0.003640774502379429
3.397370717053431,-0.9944054897768656,8.837816114113378,1.0,2.775,3428.0,-0.00010419269342287762,0.0036407745023776528
3.397266524360008,-0.9943541436716117,8.841456888615756,1.0,2.775,3429.0,-0.00010419269342287762,0.0036407745023776528
3.397162331666585,-0.9943027975663578,8.845097663118134,1.0,2.775,3430.0,-0.00010419269342287762,0.0036407745023776528
3.3970581389731622,-0.9942514514611038,8.848738437620511,1.0,2.775,3431.0,-0.00010419269342287762,0.0036407745023776528
3.3969539462797393,-0.9942001053558498,8.85237921212289,1.0,2.775,3432.0,-0.00010419269342287762,0.003640774502379429
3.3968497535863165,-0.9941487592505959,8.856019986625268,1.0,2.775,3433.0,-0.00010419269342287762,0.0036407745023776528
3.3967455608928936,-0.994097413145342,8.859660761127646,1.0,2.775,3434.0,-0.00010419269342287762,0.0036407745023776528
3.3966451880853925,-0.9942231671517217,8.863629636887307,1.0,2.775153846153846,3435.0,-0.00010037280750108124,0.0039688757596607616
3.396544815277892,-0.9943489211581013,8.867598512646966,1.0,2.7753076923076923,3436.0,-0.00010037280750063715,0.003968875759658985
3.396444442470391,-0.994474675164481,8.871567388406627,1.0,2.7754615384615384,3437.0,-0.00010037280750108124,0.0039688757596607616
3.3963440696628897,-0.9946004291708606,8.875536264166286,1.0,2.7756153846153846,3438.0,-0.00010037280750108124,0.003968875759658985
3.396243696855389,-0.9947261831772403,8.879505139925946,1.0,2.7757692307692308,3439.0,-0.00010037280750063715,0.0039688757596607616
3.396143324047888,-0.99485193718362,8.883474015685607,1.0,2.775923076923077,3440.0,-0.00010037280750108124,0.0039688757596607616
3.396042951240387,-0.9949776911899996,8.887442891445266,1.0,2.776076923076923,3441.0,-0.00010037280750108124,0.003968875759658985
3.395942578432886,-0.9951034451963793,8.891411767204927,1.0,2.7762307692307693,3442.0,-0.00010037280750108124,0.0039688757596607616
3.395842205625385,-0.995229199202759,8.895380642964588,1.0,2.7763846153846155,3443.0,-0.00010037280750063715,0.0039688757596607616
3.395741832817884,-0.9953549532091386,8.899349518724247,1.0,2.7765384615384616,3444.0,-0.00010037280750108124,0.003968875759658985
3.395641460010383,-0.9954807072155183,8.903318394483907,1.0,2.776692307692308,3445.0,-0.00010037280750108124,0.0039688757596607616
3.3955410872028824,-0.9956064612218979,8.907287270243566,1.0,2.776846153846154,3446.0,-0.00010037280750063715,0.003968875759658985
3.3954407143953813,-0.9957322152282776,8.911256146003227,1.0,2.777,3447.0,-0.00010037280750108124,0.0039688757596607616
3.3953418180264467,-0.9957347393965151,8.91057035935749,1.0,2.776857142857143,3448.0,-9.889636893456455e-05,-0.0006857866457377071
3.3952429216575126,-0.9957372635647528,8.909884572711753,1.0,2.7767142857142857,3449.0,-9.889636893412046e-05,-0.0006857866457359307
3.395144025288578,-0.9957397877329903,8.909198786066016,1.0,2.7765714285714287,3450.0,-9.889636893456455e-05,-0.0006857866457377071
3.395045128919644,-0.9957423119012279,8.908512999420278,1.0,2.7764285714285717,3451.0,-9.889636893412046e-05,-0.0006857866457377071
3.3949462325507094,-0.9957448360694654,8.90782721277454,1.0,2.7762857142857142,3452.0,-9.889636893456455e-05,-0.0006857866457377071
3.3948473361817753,-0.995747360237703,8.907141426128804,1.0,2.7761428571428572,3453.0,-9.889636893412046e-05,-0.0006857866457359307
3.3947484398128407,-0.9957498844059406,8.906455639483067,1.0,2.7760000000000002,3454.0,-9.889636893456455e-05,-0.0006857866457377071
3.394649543443906,-0.9957524085741781,8.905769852837329,1.0,2.775857142857143,3455.0,-9.889636893456455e-05,-0.0006857866457377071
3.394550647074972,-0.9957549327424158,8.905084066191593,1.0,2.775714285714286,3456.0,-9.889636893412046e-05,-0.0006857866457359307
3.3944517507060374,-0.9957574569106533,8.904398279545855,1.0,2.7755714285714284,3457.0,-9.889636893456455e-05,-0.0006857866457377071
3.3943528543371033,-0.9957599810788909,8.903712492900118,1.0,2.7754285714285714,3458.0,-9.889636893412046e-05,-0.0006857866457377071
3.3942539579681688,-0.9957625052471284,8.90302670625438,1.0,2.7752857142857144,3459.0,-9.889636893456455e-05,-0.0006857866457377071
3.3941550615992346,-0.995765029415366,8.902340919608644,1.0,2.775142857142857,3460.0,-9.889636893412046e-05,-0.0006857866457359307
3.3940561652303,-0.9957675535836036,8.901655132962906,1.0,2.775,3461.0,-9.889636893456455e-05,-0.0006857866457377071
3.3939370638637305,-0.9957002557809576,8.90439756204796,1.0,2.775,3462.0,-0.00011910136656956283,0.0027424290850532884
3.3938179624971614,-0.9956329579783114,8.907139991133013,1.0,2.775,3463.0,-0.00011910136656911874,0.0027424290850532884
3.393698861130592,-0.9955656601756654,8.909882420218064,1.0,2.775,3464.0,-0.00011910136656956283,0.002742429085051512
3.3935797597640227,-0.9954983623730194,8.912624849303118,1.0,2.775,3465.0,-0.00011910136656911874,0.0027424290850532884
3.393460658397453,-0.9954310645703732,8.915367278388171,1.0,2.775,3466.0,-0.00011910136656956283,0.0027424290850532884
3.393341557030884,-0.9953637667677272,8.918109707473224,1.0,2.775,3467.0,-0.00011910136656911874,0.0027424290850532884
3.3932224556643145,-0.9952964689650812,8.920852136558276,1.0,2.775,3468.0,-0.00011910136656956283,0.002742429085051512
3.3931033542977453,-0.9952291711624351,8.923594565643329,1.0,2.775,3469.0,-0.00011910136656911874,0.0027424290850532884
3.392984252931176,-0.995161873359789,8.926336994728382,1.0,2.775,3470.0,-0.00011910136656956283,0.0027424290850532884
3.3928651515646067,-0.995094575557143,8.929079423813436,1.0,2.775,3471.0,-0.00011910136656911874,0.0027424290850532884
3.392746050198037,-0.995027277754497,8.931821852898487,1.0,2.775,3472.0,-0.00011910136656956283,0.002742429085051512
3.392626948831468,-0.9949599799518508,8.93456428198354,1.0,2.775,3473.0,-0.00011910136656911874,0.0027424290850532884
3.3925078474648984,-0.9948926821492048,8.937306711068594,1.0,2.775,3474.0,-0.00011910136656956283,0.0027424290850532884
3.3923928195106505,-0.9949173307466099,8.9376123851737,1.0,2.774857142857143,3475.0,-0.0001150279542478927,0.00030567410510684567
3.3922777915564026,-0.994941979344015,8.93791805927881,1.0,2.7747142857142855,3476.0,-0.0001150279542478927,0.00030567410510862203
3.3921627636021543,-0.99496662794142,8.938223733383916,1.0,2.7745714285714285,3477.0,-0.00011502795424833678,0.00030567410510684567
3.3920477356479064,-0.9949912765388251,8.938529407489025,1.0,2.7744285714285715,3478.0,-0.0001150279542478927,0.00030567410510862203
3.3919327076936585,-0.9950159251362303,8.938835081594132,1.0,2.7742857142857145,3479.0,-0.0001150279542478927,0.00030567410510684567
3.3918176797394106,-0.9950405737336353,8.93914075569924,1.0,2.774142857142857,3480.0,-0.0001150279542478927,0.00030567410510862203
3.3917026517851623,-0.9950652223310403,8.939446429804347,1.0,2.774,3481.0,-0.00011502795424833678,0.00030567410510684567
3.3915876238309144,-0.9950898709284455,8.939752103909454,1.0,2.773857142857143,3482.0,-0.0001150279542478927,0.00030567410510684567
3.3914725958766665,-0.9951145195258506,8.940057778014562,1.0,2.7737142857142856,3483.0,-0.0001150279542478927,0.00030567410510862203
3.3913575679224186,-0.9951391681232556,8.94036345211967,1.0,2.7735714285714286,3484.0,-0.0001150279542478927,0.00030567410510684567
3.3912425399681707,-0.9951638167206607,8.940669126224778,1.0,2.7734285714285716,3485.0,-0.0001150279542478927,0.00030567410510862203
3.3911275120139224,-0.9951884653180658,8.940974800329885,1.0,2.7732857142857146,3486.0,-0.00011502795424833678,0.00030567410510684567
3.3910124840596745,-0.995213113915471,8.941280474434993,1.0,2.773142857142857,3487.0,-0.0001150279542478927,0.00030567410510862203
3.3908974561054266,-0.995237762512876,8.9415861485401,1.0,2.773,3488.0,-0.0001150279542478927,0.00030567410510684567
3.3907910672258668,-0.9951652321489163,8.944349481670347,1.0,2.772846153846154,3489.0,-0.00010638887955982668,0.0027633331302467923
3.390684678346307,-0.9950927017849567,8.947112814800594,1.0,2.772692307692308,3490.0,-0.00010638887955982668,0.0027633331302467923
3.390578289466747,-0.995020171420997,8.949876147930839,1.0,2.7725384615384616,3491.0,-0.00010638887955982668,0.002763333130245016
3.3904719005871877,-0.9949476410570374,8.952639481061086,1.0,2.7723846153846154,3492.0,-0.00010638887955938259,0.0027633331302467923
3.390365511707628,-0.9948751106930777,8.955402814191332,1.0,2.7722307692307693,3493.0,-0.00010638887955982668,0.0027633331302467923
3.390259122828068,-0.9948025803291181,8.95816614732158,1.0,2.772076923076923,3494.0,-0.00010638887955982668,0.0027633331302467923
3.3901527339485082,-0.9947300499651583,8.960929480451824,1.0,2.771923076923077,3495.0,-0.00010638887955982668,0.002763333130245016
3.3900463450689484,-0.9946575196011987,8.963692813582071,1.0,2.7717692307692308,3496.0,-0.00010638887955982668,0.0027633331302467923
3.3899399561893886,-0.994584989237239,8.966456146712318,1.0,2.7716153846153846,3497.0,-0.00010638887955982668,0.0027633331302467923
3.389833567309829,-0.9945124588732794,8.969219479842565,1.0,2.7714615384615384,3498.0,-0.00010638887955938259,0.0027633331302467923
3.3897271784302694,-0.9944399285093197,8.97198281297281,1.0,2.7713076923076922,3499.0,-0.00010638887955982668,0.002763333130245016
3.3896207895507096,-0.9943673981453601,8.974746146103056,1.0,2.771153846153846,3500.0,-0.00010638887955982668,0.0027633331302467923
3.3895144006711497,-0.9942948677814004,8.977509479233303,1.0,2.771,3501.0,-0.00010638887955982668,0.0027633331302467923
3.3894217125669375,-0.9943682905330536,8.979425433502646,1.0,2.771,3502.0,-9.268810421225737e-05,0.0019159542693429898
3.389329024462725,-0.9944417132847069,8.98134138777199,1.0,2.771,3503.0,-9.268810421225737e-05,0.0019159542693429898
3.389236336358513,-0.9945151360363602,8.98325734204133,1.0,2.771,3504.0,-9.268810421225737e-05,0.0019159542693412135
3.3891436482543007,-0.9945885587880134,8.985173296310673,1.0,2.771,3505.0,-9.268810421225737e-05,0.0019159542693429898
3.3890509601500884,-0.9946619815396667,8.987089250580016,1.0,2.771,3506.0,-9.268810421225737e-05,0.0019159542693429898
3.388958272045876,-0.9947354042913199,8.98900520484936,1.0,2.771,3507.0,-9.268810421225737e-05,0.0019159542693429898
3.388865583941664,-0.9948088270429731,8.990921159118702,1.0,2.771,3508.0,-9.268810421225737e-05,0.0019159542693429898
3.3887728958374517,-0.9948822497946265,8.992837113388044,1.0,2.771,3509.0,-9.268810421225737e-05,0.0019159542693412135
3.3886802077332394,-0.9949556725462797,8.994753067657387,1.0,2.771,3510.0,-9.268810421225737e-05,0.0019159542693429898
3.388587519629027,-0.9950290952979329,8.99666902192673,1.0,2.771,3511.0,-9.268810421225737e-05,0.0019159542693429898
3.388494831524815,-0.9951025180495862,8.998584976196073,1.0,2.771,3512.0,-9.268810421225737e-05,0.0019159542693429898
3.3884021434206026,-0.9951759408012395,9.000500930465414,1.0,2.771,3513.0,-9.268810421225737e-05,0.0019159542693412135
3.3883094553163904,-0.9952493635528927,9.002416884734757,1.0,2.771,3514.0,-9.268810421225737e-05,0.0019159542693429898
3.388216767212178,-0.995322786304546,9.0043328390041,1.0,2.771,3515.0,-9.268810421225737e-05,0.0019159542693429898
3.388082392970051,-0.9953874555776225,9.006201597026534,1.0,2.7708461538461537,3516.0,-0.00013437424212714433,0.001868758022434136
3.3879480187279243,-0.9954521248506992,9.008070355048966,1.0,2.7706923076923076,3517.0,-0.00013437424212670024,0.0018687580224323597
3.387813644485797,-0.9955167941237758,9.0099391130714,1.0,2.7705384615384614,3518.0,-0.00013437424212714433,0.001868758022434136
3.3876792702436704,-0.9955814633968525,9.011807871093835,1.0,2.7703846153846152,3519.0,-0.00013437424212670024,0.001868758022434136
3.3875448960015433,-0.9956461326699291,9.013676629116267,1.0,2.770230769230769,3520.0,-0.00013437424212714433,0.0018687580224323597
3.387410521759416,-0.9957108019430057,9.015545387138701,1.0,2.770076923076923,3521.0,-0.00013437424212714433,0.001868758022434136
3.3872761475172894,-0.9957754712160823,9.017414145161135,1.0,2.769923076923077,3522.0,-0.00013437424212670024,0.001868758022434136
3.3871417732751623,-0.9958401404891589,9.01928290318357,1.0,2.769769230769231,3523.0,-0.00013437424212714433,0.001868758022434136
3.387007399033035,-0.9959048097622355,9.021151661206002,1.0,2.769615384615385,3524.0,-0.00013437424212714433,0.0018687580224323597
3.3868730247909085,-0.9959694790353122,9.023020419228436,1.0,2.7694615384615386,3525.0,-0.00013437424212670024,0.001868758022434136
3.3867386505487813,-0.9960341483083888,9.02488917725087,1.0,2.7693076923076925,3526.0,-0.00013437424212714433,0.001868758022434136
3.3866042763066546,-0.9960988175814655,9.026757935273302,1.0,2.7691538461538463,3527.0,-0.00013437424212670024,0.0018687580224323597
3.3864699020645275,-0.996163486854542,9.028626693295736,1.0,2.769,3528.0,-0.00013437424212714433,0.001868758022434136
3.386373699101912,-0.9961623263811464,9.03121879915501,1.0,2.768857142857143,3529.0,-9.620296261525496e-05,0.002592105859273275
3.386277496139297,-0.9961611659077508,9.033810905014283,1.0,2.7687142857142857,3530.0,-9.620296261525496e-05,0.002592105859273275
3.3861812931766817,-0.9961600054343553,9.036403010873558,1.0,2.7685714285714287,3531.0,-9.620296261525496e-05,0.002592105859275051
3.3860850902140665,-0.9961588449609597,9.038995116732831,1.0,2.7684285714285717,3532.0,-9.620296261525496e-05,0.002592105859273275
3.385988887251451,-0.9961576844875641,9.041587222592105,1.0,2.7682857142857142,3533.0,-9.620296261525496e-05,0.002592105859273275
3.385892684288836,-0.9961565240141685,9.044179328451378,1.0,2.7681428571428572,3534.0,-9.620296261525496e-05,0.002592105859273275
3.3857964813262202,-0.9961553635407729,9.046771434310653,1.0,2.7680000000000002,3535.0,-9.620296261569905e-05,0.002592105859275051
3.385700278363605,-0.9961542030673775,9.049363540169926,1.0,2.767857142857143,3536.0,-9.620296261525496e-05,0.002592105859273275
3.3856040754009897,-0.9961530425939819,9.0519556460292,1.0,2.767714285714286,3537.0,-9.620296261525496e-05,0.002592105859273275
3.3855078724383745,-0.9961518821205863,9.054547751888473,1.0,2.7675714285714283,3538.0,-9.620296261525496e-05,0.002592105859273275
3.3854116694757592,-0.9961507216471907,9.057139857747746,1.0,2.7674285714285713,3539.0,-9.620296261525496e-05,0.002592105859273275
3.385315466513144,-0.9961495611737952,9.059731963607021,1.0,2.7672857142857143,3540.0,-9.620296261525496e-05,0.002592105859275051
3.3852192635505287,-0.9961484007003996,9.062324069466294,1.0,2.767142857142857,3541.0,-9.620296261525496e-05,0.002592105859273275
3.3851230605879135,-0.996147240227004,9.064916175325568,1.0,2.767,3542.0,-9.620296261525496e-05,0.002592105859273275
3.3849996242473286,-0.99615505306099,9.06521933139743,1.0,2.7668461538461537,3543.0,-0.0001234363405848704,0.0003031560718618209
3.3848761879067437,-0.9961628658949759,9.06552248746929,1.0,2.7666923076923076,3544.0,-0.0001234363405848704,0.00030315607186004456
3.384752751566159,-0.9961706787289619,9.065825643541151,1.0,2.7665384615384614,3545.0,-0.0001234363405848704,0.0003031560718618209
3.384629315225574,-0.996178491562948,9.066128799613011,1.0,2.766384615384615,3546.0,-0.0001234363405848704,0.00030315607186004456
3.384505878884989,-0.996186304396934,9.066431955684873,1.0,2.766230769230769,3547.0,-0.0001234363405848704,0.0003031560718618209
3.3843824425444042,-0.99619411723092,9.066735111756735,1.0,2.766076923076923,3548.0,-0.0001234363405848704,0.0003031560718618209
3.3842590062038194,-0.996201930064906,9.067038267828595,1.0,2.765923076923077,3549.0,-0.0001234363405848704,0.00030315607186004456
3.3841355698632345,-0.996209742898892,9.067341423900457,1.0,2.765769230769231,3550.0,-0.0001234363405848704,0.0003031560718618209
3.3840121335226496,-0.996217555732878,9.067644579972319,1.0,2.765615384615385,3551.0,-0.0001234363405848704,0.0003031560718618209
3.3838886971820648,-0.9962253685668641,9.067947736044179,1.0,2.7654615384615386,3552.0,-0.0001234363405848704,0.00030315607186004456
3.38376526084148,-0.99623318140085,9.06825089211604,1.0,2.7653076923076925,3553.0,-0.0001234363405848704,0.0003031560718618209
3.383641824500895,-0.996240994234836,9.0685540481879,1.0,2.7651538461538463,3554.0,-0.0001234363405848704,0.00030315607186004456
3.38351838816031,-0.996248807068822,9.068857204259762,1.0,2.765,3555.0,-0.0001234363405848704,0.0003031560718618209
3.3834303496249034,-0.9961101116186103,9.070565768107478,1.0,2.764857142857143,3556.0,-8.803853540673146e-05,0.0017085638477158938
3.3833423110894962,-0.9959714161683986,9.072274331955194,1.0,2.7647142857142857,3557.0,-8.803853540717554e-05,0.0017085638477158938
3.3832542725540895,-0.9958327207181867,9.07398289580291,1.0,2.7645714285714287,3558.0,-8.803853540673146e-05,0.0017085638477158938
3.3831662340186828,-0.995694025267975,9.075691459650626,1.0,2.7644285714285717,3559.0,-8.803853540673146e-05,0.0017085638477158938
3.383078195483276,-0.9955553298177633,9.077400023498342,1.0,2.7642857142857142,3560.0,-8.803853540673146e-05,0.0017085638477158938
3.382990156947869,-0.9954166343675516,9.079108587346058,1.0,2.7641428571428572,3561.0,-8.803853540717554e-05,0.0017085638477158938
3.382902118412462,-0.9952779389173397,9.080817151193774,1.0,2.7640000000000002,3562.0,-8.803853540673146e-05,0.0017085638477158938
3.3828140798770554,-0.995139243467128,9.082525715041488,1.0,2.763857142857143,3563.0,-8.803853540673146e-05,0.0017085638477141174
3.3827260413416482,-0.9950005480169163,9.084234278889204,1.0,2.763714285714286,3564.0,-8.803853540717554e-05,0.0017085638477158938
3.3826380028062415,-0.9948618525667046,9.08594284273692,1.0,2.7635714285714283,3565.0,-8.803853540673146e-05,0.0017085638477158938
3.3825499642708348,-0.9947231571164928,9.087651406584635,1.0,2.7634285714285713,3566.0,-8.803853540673146e-05,0.0017085638477158938
3.382461925735428,-0.994584461666281,9.089359970432351,1.0,2.7632857142857143,3567.0,-8.803853540673146e-05,0.0017085638477158938
3.382373887200021,-0.9944457662160693,9.091068534280067,1.0,2.763142857142857,3568.0,-8.803853540717554e-05,0.0017085638477158938
3.382285848664614,-0.9943070707658576,9.092777098127783,1.0,2.763,3569.0,-8.803853540673146e-05,0.0017085638477158938
3.3821410364972286,-0.9944879484716117,9.095334662035148,1.0,2.7628461538461537,3570.0,-0.00014481216738548852,0.002557563907364724
3.3819962243298436,-0.9946688261773659,9.097892225942513,1.0,2.7626923076923076,3571.0,-0.00014481216738504443,0.002557563907364724
3.381851412162458,-0.99484970388312,9.100449789849877,1.0,2.7625384615384614,3572.0,-0.00014481216738548852,0.002557563907364724
3.381706599995073,-0.9950305815888741,9.103007353757242,1.0,2.762384615384615,3573.0,-0.00014481216738504443,0.002557563907364724
3.3815617878276876,-0.9952114592946283,9.105564917664607,1.0,2.762230769230769,3574.0,-0.00014481216738548852,0.002557563907364724
3.381416975660302,-0.9953923370003824,9.108122481571971,1.0,2.762076923076923,3575.0,-0.00014481216738548852,0.002557563907364724
3.381272163492917,-0.9955732147061367,9.110680045479336,1.0,2.761923076923077,3576.0,-0.00014481216738504443,0.002557563907364724
3.3811273513255315,-0.9957540924118908,9.113237609386701,1.0,2.761769230769231,3577.0,-0.00014481216738548852,0.002557563907364724
3.380982539158146,-0.995934970117645,9.115795173294066,1.0,2.761615384615385,3578.0,-0.00014481216738548852,0.002557563907364724
3.380837726990761,-0.9961158478233991,9.11835273720143,1.0,2.7614615384615386,3579.0,-0.00014481216738504443,0.002557563907364724
3.3806929148233755,-0.9962967255291533,9.120910301108795,1.0,2.7613076923076925,3580.0,-0.00014481216738548852,0.002557563907364724
3.3805481026559905,-0.9964776032349074,9.12346786501616,1.0,2.7611538461538463,3581.0,-0.00014481216738504443,0.002557563907364724
3.380403290488605,-0.9966584809406616,9.126025428923525,1.0,2.761,3582.0,-0.00014481216738548852,0.002557563907364724
3.380289409866944,-0.9964977055970432,9.127089857245707,1.0,2.760857142857143,3583.0,-0.00011388062166117763,0.0010644283221825646
3.3801755292452826,-0.996336930253425,9.128154285567891,1.0,2.7607142857142857,3584.0,-0.00011388062166117763,0.001064428322184341
3.3800616486236215,-0.9961761549098066,9.129218713890076,1.0,2.7605714285714287,3585.0,-0.00011388062166117763,0.001064428322184341
3.3799477680019603,-0.9960153795661882,9.130283142212258,1.0,2.7604285714285717,3586.0,-0.00011388062166117763,0.0010644283221825646
3.379833887380299,-0.9958546042225699,9.131347570534441,1.0,2.7602857142857142,3587.0,-0.00011388062166117763,0.0010644283221825646
3.379720006758638,-0.9956938288789516,9.132411998856625,1.0,2.7601428571428572,3588.0,-0.00011388062166117763,0.001064428322184341
3.3796061261369763,-0.9955330535353333,9.13347642717881,1.0,2.7600000000000002,3589.0,-0.00011388062166162172,0.001064428322184341
3.379492245515315,-0.9953722781917149,9.134540855500992,1.0,2.759857142857143,3590.0,-0.00011388062166117763,0.0010644283221825646
3.379378364893654,-0.9952115028480967,9.135605283823175,1.0,2.759714285714286,3591.0,-0.00011388062166117763,0.0010644283221825646
3.3792644842719928,-0.9950507275044783,9.136669712145359,1.0,2.7595714285714283,3592.0,-0.00011388062166117763,0.001064428322184341
3.3791506036503316,-0.99488995216086,9.137734140467543,1.0,2.7594285714285713,3593.0,-0.00011388062166117763,0.001064428322184341
3.3790367230286704,-0.9947291768172416,9.138798568789726,1.0,2.7592857142857143,3594.0,-0.00011388062166117763,0.0010644283221825646
3.3789228424070092,-0.9945684014736234,9.139862997111909,1.0,2.759142857142857,3595.0,-0.00011388062166117763,0.0010644283221825646
3.378808961785348,-0.994407626130005,9.140927425434093,1.0,2.759,3596.0,-0.00011388062166117763,0.001064428322184341
3.3786865011745104,-0.9944469333008468,9.141320308532121,1.0,2.759,3597.0,-0.00012246061083764914,0.0003928830980282072
3.3785640405636728,-0.9944862404716885,9.141713191630151,1.0,2.759,3598.0,-0.00012246061083764914,0.00039288309802998356
3.3784415799528356,-0.9945255476425303,9.14210607472818,1.0,2.759,3599.0,-0.00012246061083720505,0.0003928830980282072
3.378319119341998,-0.994564854813372,9.14249895782621,1.0,2.759,3600.0,-0.00012246061083764914,0.00039288309802998356
3.3781966587311603,-0.9946041619842138,9.142891840924237,1.0,2.759,3601.0,-0.00012246061083764914,0.0003928830980282072
3.3780741981203226,-0.9946434691550555,9.143284724022266,1.0,2.759,3602.0,-0.00012246061083764914,0.0003928830980282072
3.3779517375094854,-0.9946827763258973,9.143677607120296,1.0,2.759,3603.0,-0.00012246061083720505,0.00039288309802998356
3.3778292768986478,-0.9947220834967391,9.144070490218324,1.0,2.759,3604.0,-0.00012246061083764914,0.0003928830980282072
3.37770681628781,-0.9947613906675808,9.144463373316352,1.0,2.759,3605.0,-0.00012246061083764914,0.0003928830980282072
3.3775843556769725,-0.9948006978384225,9.144856256414382,1.0,2.759,3606.0,-0.00012246061083764914,0.00039288309802998356
3.3774618950661353,-0.9948400050092643,9.14524913951241,1.0,2.759,3607.0,-0.00012246061083720505,0.0003928830980282072
3.3773394344552976,-0.9948793121801061,9.14564202261044,1.0,2.759,3608.0,-0.00012246061083764914,0.00039288309802998356
3.37721697384446,-0.9949186193509478,9.146034905708468,1.0,2.759,3609.0,-0.00012246061083764914,0.0003928830980282072
3.3771022619431705,-0.9948420640265673,9.147180363034956,1.0,2.758857142857143,3610.0,-0.00011471190128942155,0.001145457326487076
3.376987550041881,-0.9947655087021867,9.148325820361443,1.0,2.7587142857142855,3611.0,-0.00011471190128942155,0.001145457326487076
3.3768728381405917,-0.9946889533778062,9.149471277687931,1.0,2.7585714285714285,3612.0,-0.00011471190128942155,0.0011454573264888523
3.3767581262393023,-0.9946123980534256,9.150616735014419,1.0,2.7584285714285715,3613.0,-0.00011471190128942155,0.001145457326487076
3.376643414338013,-0.994535842729045,9.151762192340906,1.0,2.7582857142857145,3614.0,-0.00011471190128942155,0.001145457326487076
3.3765287024367234,-0.9944592874046645,9.152907649667393,1.0,2.758142857142857,3615.0,-0.00011471190128942155,0.001145457326487076
3.376413990535434,-0.9943827320802839,9.15405310699388,1.0,2.758,3616.0,-0.00011471190128942155,0.001145457326487076
3.3762992786341446,-0.9943061767559034,9.155198564320369,1.0,2.757857142857143,3617.0,-0.00011471190128942155,0.0011454573264888523
3.376184566732855,-0.9942296214315228,9.156344021646856,1.0,2.7577142857142856,3618.0,-0.00011471190128942155,0.001145457326487076
3.3760698548315657,-0.9941530661071423,9.157489478973343,1.0,2.7575714285714286,3619.0,-0.00011471190128942155,0.001145457326487076
3.3759551429302763,-0.9940765107827617,9.15863493629983,1.0,2.7574285714285716,3620.0,-0.00011471190128942155,0.001145457326487076
3.375840431028987,-0.9939999554583812,9.159780393626319,1.0,2.7572857142857146,3621.0,-0.00011471190128942155,0.0011454573264888523
3.3757257191276975,-0.9939234001340006,9.160925850952806,1.0,2.757142857142857,3622.0,-0.00011471190128942155,0.001145457326487076
3.375611007226408,-0.99384684480962,9.162071308279293,1.0,2.757,3623.0,-0.00011471190128942155,0.001145457326487076
3.3754756195438826,-0.9940144314198823,9.165878372554204,1.0,2.756846153846154,3624.0,-0.0001353876825254119,0.003807064274910843
3.3753402318613572,-0.9941820180301447,9.169685436829116,1.0,2.7566923076923078,3625.0,-0.0001353876825254119,0.0038070642749126193
3.375204844178832,-0.994349604640407,9.173492501104027,1.0,2.7565384615384616,3626.0,-0.0001353876825254119,0.003807064274910843
3.3750694564963064,-0.9945171912506693,9.17729956537894,1.0,2.7563846153846154,3627.0,-0.0001353876825254119,0.0038070642749126193
3.374934068813781,-0.9946847778609317,9.18110662965385,1.0,2.7562307692307693,3628.0,-0.0001353876825254119,0.003807064274910843
3.3747986811312556,-0.994852364471194,9.184913693928763,1.0,2.756076923076923,3629.0,-0.0001353876825254119,0.0038070642749126193
3.37466329344873,-0.9950199510814562,9.188720758203674,1.0,2.755923076923077,3630.0,-0.0001353876825254119,0.003807064274910843
3.3745279057662048,-0.9951875376917185,9.192527822478587,1.0,2.7557692307692307,3631.0,-0.0001353876825254119,0.0038070642749126193
3.3743925180836793,-0.9953551243019809,9.196334886753498,1.0,2.7556153846153846,3632.0,-0.0001353876825254119,0.003807064274910843
3.374257130401154,-0.9955227109122432,9.20014195102841,1.0,2.7554615384615384,3633.0,-0.0001353876825254119,0.0038070642749126193
3.3741217427186285,-0.9956902975225055,9.203949015303321,1.0,2.7553076923076922,3634.0,-0.0001353876825254119,0.003807064274910843
3.373986355036103,-0.9958578841327679,9.207756079578234,1.0,2.755153846153846,3635.0,-0.0001353876825254119,0.0038070642749126193
3.3738509673535777,-0.9960254707430302,9.211563143853144,1.0,2.755,3636.0,-0.0001353876825254119,0.003807064274910843
3.3737500115531964,-0.99605242067194,9.213380219581342,1.0,2.754857142857143,3637.0,-0.00010095580038127494,0.0018170757281978922
3.373649055752815,-0.9960793706008497,9.215197295309542,1.0,2.7547142857142854,3638.0,-0.00010095580038127494,0.0018170757281996686
3.373548099952434,-0.9961063205297596,9.21701437103774,1.0,2.7545714285714284,3639.0,-0.00010095580038127494,0.0018170757281978922
3.373447144152053,-0.9961332704586693,9.218831446765938,1.0,2.7544285714285714,3640.0,-0.00010095580038083085,0.0018170757281978922
3.3733461883516718,-0.9961602203875791,9.220648522494137,1.0,2.7542857142857144,3641.0,-0.00010095580038127494,0.0018170757281996686
3.3732452325512905,-0.9961871703164888,9.222465598222335,1.0,2.754142857142857,3642.0,-0.00010095580038127494,0.0018170757281978922
3.373144276750909,-0.9962141202453987,9.224282673950535,1.0,2.754,3643.0,-0.00010095580038127494,0.0018170757281996686
3.373043320950528,-0.9962410701743085,9.226099749678733,1.0,2.753857142857143,3644.0,-0.00010095580038127494,0.0018170757281978922
3.3729423651501467,-0.9962680201032182,9.22791682540693,1.0,2.7537142857142856,3645.0,-0.00010095580038127494,0.0018170757281978922
3.3728414093497654,-0.9962949700321281,9.22973390113513,1.0,2.7535714285714286,3646.0,-0.00010095580038127494,0.0018170757281996686
3.3727404535493846,-0.9963219199610378,9.231550976863328,1.0,2.7534285714285716,3647.0,-0.00010095580038083085,0.0018170757281978922
3.3726394977490033,-0.9963488698899476,9.233368052591526,1.0,2.7532857142857146,3648.0,-0.00010095580038127494,0.0018170757281978922
3.372538541948622,-0.9963758198188574,9.235185128319726,1.0,2.753142857142857,3649.0,-0.00010095580038127494,0.0018170757281996686
3.3724375861482407,-0.9964027697477672,9.237002204047924,1.0,2.753,3650.0,-0.00010095580038127494,0.0018170757281978922
3.37229698238792,-0.9964037558921812,9.239747671293198,1.0,2.752846153846154,3651.0,-0.00014060376032087873,0.002745467245274469
3.372156378627599,-0.9964047420365952,9.242493138538475,1.0,2.7526923076923078,3652.0,-0.00014060376032087873,0.002745467245276245
3.372015774867278,-0.9964057281810094,9.245238605783749,1.0,2.7525384615384616,3653.0,-0.00014060376032087873,0.002745467245274469
3.3718751711069572,-0.9964067143254234,9.247984073029025,1.0,2.7523846153846154,3654.0,-0.00014060376032087873,0.002745467245276245
3.3717345673466363,-0.9964077004698374,9.2507295402743,1.0,2.7522307692307693,3655.0,-0.00014060376032087873,0.002745467245274469
3.3715939635863155,-0.9964086866142514,9.253475007519574,1.0,2.752076923076923,3656.0,-0.00014060376032087873,0.002745467245274469
3.3714533598259946,-0.9964096727586655,9.25622047476485,1.0,2.751923076923077,3657.0,-0.00014060376032087873,0.002745467245276245
3.3713127560656737,-0.9964106589030796,9.258965942010125,1.0,2.7517692307692307,3658.0,-0.00014060376032087873,0.002745467245274469
3.371172152305353,-0.9964116450474936,9.2617114092554,1.0,2.7516153846153846,3659.0,-0.00014060376032087873,0.002745467245274469
3.371031548545032,-0.9964126311919076,9.264456876500676,1.0,2.7514615384615384,3660.0,-0.00014060376032087873,0.002745467245276245
3.370890944784711,-0.9964136173363217,9.26720234374595,1.0,2.7513076923076922,3661.0,-0.00014060376032087873,0.002745467245274469
3.37075034102439,-0.9964146034807357,9.269947810991226,1.0,2.751153846153846,3662.0,-0.00014060376032087873,0.002745467245276245
3.3706097372640693,-0.9964155896251498,9.2726932782365,1.0,2.751,3663.0,-0.00014060376032087873,0.002745467245274469
3.370501898324162,-0.9963841494358392,9.277173856786352,1.0,2.751,3664.0,-0.00010783893990717885,0.004480578549850733
3.370394059384255,-0.9963527092465286,9.2816544353362,1.0,2.751,3665.0,-0.00010783893990717885,0.004480578549848957
3.370286220444348,-0.9963212690572181,9.286135013886051,1.0,2.751,3666.0,-0.00010783893990717885,0.004480578549850733
3.3701783815044406,-0.9962898288679075,9.2906155924359,1.0,2.751,3667.0,-0.00010783893990717885,0.004480578549848957
3.3700705425645334,-0.996258388678597,9.295096170985751,1.0,2.751,3668.0,-0.00010783893990717885,0.004480578549850733
3.3699627036246262,-0.9962269484892864,9.2995767495356,1.0,2.751,3669.0,-0.00010783893990717885,0.004480578549848957
3.3698548646847186,-0.9961955082999758,9.30405732808545,1.0,2.751,3670.0,-0.00010783893990762294,0.004480578549850733
3.3697470257448114,-0.9961640681106652,9.308537906635301,1.0,2.751,3671.0,-0.00010783893990717885,0.004480578549850733
3.3696391868049043,-0.9961326279213546,9.31301848518515,1.0,2.751,3672.0,-0.00010783893990717885,0.004480578549848957
3.369531347864997,-0.996101187732044,9.317499063735001,1.0,2.751,3673.0,-0.00010783893990717885,0.004480578549850733
3.36942350892509,-0.9960697475427335,9.32197964228485,1.0,2.751,3674.0,-0.00010783893990717885,0.004480578549848957
3.3693156699851827,-0.9960383073534229,9.3264602208347,1.0,2.751,3675.0,-0.00010783893990717885,0.004480578549850733
3.3692078310452755,-0.9960068671641124,9.33094079938455,1.0,2.751,3676.0,-0.00010783893990717885,0.004480578549848957
3.3690999921053684,-0.9959754269748018,9.3354213779344,1.0,2.751,3677.0,-0.00010783893990717885,0.004480578549850733
3.3689641616077117,-0.9960176765298833,9.337657129723654,1.0,2.7508461538461537,3678.0,-0.00013583049765664157,0.002235751789253726
3.368828331110055,-0.9960599260849649,9.339892881512906,1.0,2.7506923076923075,3679.0,-0.00013583049765664157,0.0022357517892519496
3.3686925006123984,-0.9961021756400463,9.34212863330216,1.0,2.7505384615384614,3680.0,-0.00013583049765664157,0.002235751789253726
3.3685566701147414,-0.9961444251951279,9.344364385091414,1.0,2.750384615384615,3681.0,-0.00013583049765708566,0.002235751789253726
3.3684208396170847,-0.9961866747502094,9.346600136880665,1.0,2.750230769230769,3682.0,-0.00013583049765664157,0.0022357517892519496
3.368285009119428,-0.996228924305291,9.34883588866992,1.0,2.750076923076923,3683.0,-0.00013583049765664157,0.002235751789253726
3.3681491786217714,-0.9962711738603724,9.351071640459173,1.0,2.749923076923077,3684.0,-0.00013583049765664157,0.002235751789253726
3.368013348124115,-0.996313423415454,9.353307392248427,1.0,2.749769230769231,3685.0,-0.00013583049765664157,0.002235751789253726
3.367877517626458,-0.9963556729705355,9.355543144037679,1.0,2.749615384615385,3686.0,-0.00013583049765664157,0.0022357517892519496
3.367741687128801,-0.9963979225256171,9.357778895826932,1.0,2.7494615384615386,3687.0,-0.00013583049765708566,0.002235751789253726
3.3676058566311444,-0.9964401720806986,9.360014647616186,1.0,2.7493076923076925,3688.0,-0.00013583049765664157,0.002235751789253726
3.367470026133488,-0.9964824216357802,9.362250399405438,1.0,2.7491538461538463,3689.0,-0.00013583049765664157,0.0022357517892519496
3.367334195635831,-0.9965246711908616,9.364486151194692,1.0,2.749,3690.0,-0.00013583049765664157,0.002235751789253726
3.3672170678742552,-0.9963903555083325,9.361770567055723,1.0,2.748857142857143,3691.0,-0.0001171277615759081,-0.002715584138968552
3.3670999401126798,-0.9962560398258034,9.359054982916755,1.0,2.7487142857142857,3692.0,-0.000117127761575464,-0.002715584138968552
3.366982812351104,-0.9961217241432743,9.356339398777786,1.0,2.7485714285714287,3693.0,-0.0001171277615759081,-0.002715584138968552
3.366865684589528,-0.9959874084607452,9.35362381463882,1.0,2.7484285714285717,3694.0,-0.0001171277615759081,-0.0027155841389667756
3.366748556827952,-0.9958530927782161,9.35090823049985,1.0,2.748285714285714,3695.0,-0.0001171277615759081,-0.002715584138968552
3.3666314290663766,-0.9957187770956869,9.348192646360882,1.0,2.748142857142857,3696.0,-0.000117127761575464,-0.002715584138968552
3.3665143013048007,-0.9955844614131578,9.345477062221914,1.0,2.748,3697.0,-0.0001171277615759081,-0.002715584138968552
3.3663971735432248,-0.9954501457306287,9.342761478082945,1.0,2.7478571428571428,3698.0,-0.0001171277615759081,-0.002715584138968552
3.3662800457816493,-0.9953158300480995,9.340045893943977,1.0,2.7477142857142858,3699.0,-0.000117127761575464,-0.002715584138968552
3.3661629180200734,-0.9951815143655705,9.337330309805008,1.0,2.7475714285714283,3700.0,-0.0001171277615759081,-0.002715584138968552
3.3660457902584975,-0.9950471986830414,9.334614725666041,1.0,2.7474285714285713,3701.0,-0.0001171277615759081,-0.0027155841389667756
3.3659286624969216,-0.9949128830005123,9.331899141527073,1.0,2.7472857142857143,3702.0,-0.0001171277615759081,-0.002715584138968552
3.365811534735346,-0.9947785673179831,9.329183557388104,1.0,2.747142857142857,3703.0,-0.000117127761575464,-0.002715584138968552
3.36569440697377,-0.994644251635454,9.326467973249136,1.0,2.747,3704.0,-0.0001171277615759081,-0.002715584138968552
3.3655442914764744,-0.994853431472737,9.320618683336436,1.0,2.7468461538461537,3705.0,-0.00015011549729582185,-0.005849289912699618
3.3653941759791786,-0.9950626113100198,9.314769393423738,1.0,2.7466923076923075,3706.0,-0.00015011549729582185,-0.0058492899126978415
3.3652440604818827,-0.9952717911473028,9.308920103511038,1.0,2.7465384615384614,3707.0,-0.00015011549729582185,-0.005849289912699618
3.365093944984587,-0.9954809709845857,9.303070813598339,1.0,2.746384615384615,3708.0,-0.00015011549729582185,-0.005849289912699618
3.364943829487291,-0.9956901508218686,9.297221523685641,1.0,2.746230769230769,3709.0,-0.00015011549729582185,-0.0058492899126978415
3.3647937139899953,-0.9958993306591516,9.291372233772941,1.0,2.746076923076923,3710.0,-0.00015011549729582185,-0.005849289912699618
3.364643598492699,-0.9961085104964345,9.285522943860242,1.0,2.745923076923077,3711.0,-0.00015011549729626594,-0.005849289912699618
3.364493482995403,-0.9963176903337174,9.279673653947542,1.0,2.745769230769231,3712.0,-0.00015011549729582185,-0.005849289912699618
3.3643433674981074,-0.9965268701710004,9.273824364034844,1.0,2.745615384615385,3713.0,-0.00015011549729582185,-0.0058492899126978415
3.3641932520008115,-0.9967360500082832,9.267975074122145,1.0,2.7454615384615386,3714.0,-0.00015011549729582185,-0.005849289912699618
3.3640431365035157,-0.9969452298455662,9.262125784209445,1.0,2.7453076923076924,3715.0,-0.00015011549729582185,-0.005849289912699618
3.36389302100622,-0.9971544096828491,9.256276494296747,1.0,2.7451538461538463,3716.0,-0.00015011549729582185,-0.0058492899126978415
3.363742905508924,-0.997363589520132,9.250427204384048,1.0,2.745,3717.0,-0.00015011549729582185,-0.005849289912699618
3.363589073056854,-0.9972034341740506,9.22693760962662,1.0,2.744857142857143,3718.0,-0.00015383245207001295,-0.023489594757426957
3.363435240604784,-0.9970432788279692,9.203448014869192,1.0,2.7447142857142857,3719.0,-0.00015383245207001295,-0.023489594757428733
3.3632814081527136,-0.9968831234818877,9.179958420111763,1.0,2.7445714285714287,3720.0,-0.00015383245207045704,-0.023489594757428733
3.3631275757006436,-0.9967229681358062,9.156468825354336,1.0,2.7444285714285717,3721.0,-0.00015383245207001295,-0.023489594757426957
3.3629737432485736,-0.9965628127897247,9.13297923059691,1.0,2.744285714285714,3722.0,-0.00015383245207001295,-0.023489594757426957
3.3628199107965036,-0.9964026574436433,9.10948963583948,1.0,2.744142857142857,3723.0,-0.00015383245207001295,-0.023489594757428733
3.362666078344433,-0.9962425020975618,9.086000041082052,1.0,2.744,3724.0,-0.00015383245207045704,-0.023489594757428733
3.362512245892363,-0.9960823467514803,9.062510446324625,1.0,2.7438571428571428,3725.0,-0.00015383245207001295,-0.023489594757426957
3.362358413440293,-0.995922191405399,9.039020851567198,1.0,2.7437142857142858,3726.0,-0.00015383245207001295,-0.023489594757426957
3.362204580988223,-0.9957620360593175,9.01553125680977,1.0,2.7435714285714283,3727.0,-0.00015383245207001295,-0.023489594757428733
3.362050748536153,-0.995601880713236,8.99204166205234,1.0,2.7434285714285713,3728.0,-0.00015383245207001295,-0.023489594757428733
3.3618969160840826,-0.9954417253671545,8.968552067294913,1.0,2.7432857142857143,3729.0,-0.00015383245207045704,-0.023489594757426957
3.3617430836320126,-0.9952815700210731,8.945062472537487,1.0,2.743142857142857,3730.0,-0.00015383245207001295,-0.023489594757426957
3.3615892511799426,-0.9951214146749916,8.921572877780058,1.0,2.743,3731.0,-0.00015383245207001295,-0.023489594757428733
3.3613947863429265,-0.9952349357009103,8.910087776899843,1.0,2.742769230769231,3732.0,-0.00019446483701601736,-0.011485100880214816
3.3612003215059105,-0.9953484567268289,8.89860267601963,1.0,2.7425384615384614,3733.0,-0.00019446483701601736,-0.01148510088021304
3.361005856668894,-0.9954619777527476,8.887117575139415,1.0,2.7423076923076923,3734.0,-0.00019446483701646144,-0.011485100880214816
3.360811391831878,-0.9955754987786661,8.875632474259202,1.0,2.742076923076923,3735.0,-0.00019446483701601736,-0.01148510088021304
3.360616926994862,-0.9956890198045848,8.864147373378987,1.0,2.741846153846154,3736.0,-0.00019446483701601736,-0.011485100880214816
3.360422462157846,-0.9958025408305035,8.852662272498772,1.0,2.741615384615385,3737.0,-0.00019446483701601736,-0.011485100880214816
3.3602279973208296,-0.9959160618564221,8.84117717161856,1.0,2.7413846153846153,3738.0,-0.00019446483701646144,-0.01148510088021304
3.3600335324838135,-0.9960295828823408,8.829692070738345,1.0,2.7411538461538463,3739.0,-0.00019446483701601736,-0.011485100880214816
3.3598390676467975,-0.9961431039082594,8.81820696985813,1.0,2.7409230769230772,3740.0,-0.00019446483701601736,-0.011485100880214816
3.3596446028097815,-0.996256624934178,8.806721868977917,1.0,2.7406923076923078,3741.0,-0.00019446483701601736,-0.01148510088021304
3.359450137972765,-0.9963701459600967,8.795236768097702,1.0,2.7404615384615387,3742.0,-0.00019446483701646144,-0.011485100880214816
3.359255673135749,-0.9964836669860153,8.783751667217489,1.0,2.7402307692307692,3743.0,-0.00019446483701601736,-0.01148510088021304
3.359061208298733,-0.996597188011934,8.772266566337274,1.0,2.74,3744.0,-0.00019446483701601736,-0.011485100880214816
3.35885810842018,-0.9965504240309496,8.760167697419064,1.0,2.7397857142857145,3745.0,-0.00020309987855293699,-0.012098868918210215
3.3586550085416276,-0.9965036600499652,8.748068828500854,1.0,2.7395714285714288,3746.0,-0.0002030998785524929,-0.012098868918210215
3.3584519086630746,-0.9964568960689808,8.735969959582643,1.0,2.739357142857143,3747.0,-0.00020309987855293699,-0.012098868918210215
3.3582488087845217,-0.9964101320879963,8.723871090664433,1.0,2.7391428571428573,3748.0,-0.00020309987855293699,-0.012098868918210215
3.358045708905969,-0.996363368107012,8.711772221746223,1.0,2.7389285714285716,3749.0,-0.0002030998785524929,-0.012098868918210215
3.3578426090274163,-0.9963166041260275,8.699673352828013,1.0,2.738714285714286,3750.0,-0.00020309987855293699,-0.012098868918210215
3.3576395091488633,-0.9962698401450432,8.687574483909803,1.0,2.7385,3751.0,-0.00020309987855293699,-0.012098868918210215
3.357436409270311,-0.9962230761640588,8.675475614991594,1.0,2.7382857142857144,3752.0,-0.0002030998785524929,-0.012098868918208439
3.357233309391758,-0.9961763121830743,8.663376746073384,1.0,2.7380714285714287,3753.0,-0.00020309987855293699,-0.012098868918210215
3.3570302095132054,-0.99612954820209,8.651277877155174,1.0,2.737857142857143,3754.0,-0.0002030998785524929,-0.012098868918210215
3.3568271096346525,-0.9960827842211055,8.639179008236963,1.0,2.7376428571428573,3755.0,-0.00020309987855293699,-0.012098868918210215
3.3566240097560995,-0.9960360202401212,8.627080139318753,1.0,2.7374285714285715,3756.0,-0.00020309987855293699,-0.012098868918210215
3.356420909877547,-0.9959892562591367,8.614981270400543,1.0,2.737214285714286,3757.0,-0.0002030998785524929,-0.012098868918210215
3.356217809998994,-0.9959424922781523,8.602882401482333,1.0,2.737,3758.0,-0.00020309987855293699,-0.012098868918210215
3.355986159994473,-0.995937689694432,8.587515570201983,1.0,2.7366923076923078,3759.0,-0.0002316500045211889,-0.015366831280349658
3.3557545099899517,-0.9959328871107116,8.572148738921632,1.0,2.7363846153846154,3760.0,-0.0002316500045211889,-0.015366831280351434
3.355522859985431,-0.9959280845269912,8.556781907641282,1.0,2.736076923076923,3761.0,-0.0002316500045207448,-0.015366831280349658
3.35529120998091,-0.9959232819432707,8.54141507636093,1.0,2.7357692307692307,3762.0,-0.0002316500045211889,-0.015366831280351434
3.3550595599763886,-0.9959184793595504,8.526048245080581,1.0,2.7354615384615384,3763.0,-0.0002316500045211889,-0.015366831280349658
3.3548279099718674,-0.99591367677583,8.51068141380023,1.0,2.735153846153846,3764.0,-0.0002316500045211889,-0.015366831280351434
3.3545962599673467,-0.9959088741921096,8.49531458251988,1.0,2.734846153846154,3765.0,-0.0002316500045207448,-0.015366831280349658
3.3543646099628255,-0.9959040716083892,8.479947751239528,1.0,2.734538461538462,3766.0,-0.0002316500045211889,-0.015366831280351434
3.3541329599583043,-0.9958992690246689,8.464580919959179,1.0,2.7342307692307695,3767.0,-0.0002316500045211889,-0.015366831280349658
3.353901309953783,-0.9958944664409484,8.449214088678827,1.0,2.733923076923077,3768.0,-0.0002316500045211889,-0.015366831280351434
3.3536696599492624,-0.995889663857228,8.433847257398478,1.0,2.733615384615385,3769.0,-0.0002316500045207448,-0.015366831280349658
3.353438009944741,-0.9958848612735076,8.418480426118126,1.0,2.7333076923076924,3770.0,-0.0002316500045211889,-0.015366831280351434
3.35320635994022,-0.9958800586897872,8.403113594837777,1.0,2.733,3771.0,-0.0002316500045211889,-0.015366831280349658
3.3529841671697285,-0.9958068384022285,8.392670505895868,1.0,2.7327857142857144,3772.0,-0.00022219277049151387,-0.010443088941908485
3.3527619743992365,-0.9957336181146698,8.38222741695396,1.0,2.7325714285714287,3773.0,-0.00022219277049195796,-0.010443088941908485
3.352539781628745,-0.9956603978271111,8.37178432801205,1.0,2.732357142857143,3774.0,-0.00022219277049151387,-0.010443088941910261
3.3523175888582535,-0.9955871775395524,8.361341239070141,1.0,2.732142857142857,3775.0,-0.00022219277049151387,-0.010443088941908485
3.352095396087762,-0.9955139572519937,8.350898150128232,1.0,2.7319285714285715,3776.0,-0.00022219277049151387,-0.010443088941908485
3.35187320331727,-0.9954407369644349,8.340455061186324,1.0,2.7317142857142858,3777.0,-0.00022219277049195796,-0.010443088941908485
3.3516510105467785,-0.9953675166768762,8.330011972244415,1.0,2.7315,3778.0,-0.00022219277049151387,-0.010443088941908485
3.351428817776287,-0.9952942963893175,8.319568883302505,1.0,2.7312857142857143,3779.0,-0.00022219277049151387,-0.010443088941910261
3.351206625005795,-0.9952210761017588,8.309125794360597,1.0,2.7310714285714286,3780.0,-0.00022219277049195796,-0.010443088941908485
3.3509844322353035,-0.9951478558142001,8.298682705418688,1.0,2.730857142857143,3781.0,-0.00022219277049151387,-0.010443088941908485
3.350762239464812,-0.9950746355266413,8.28823961647678,1.0,2.730642857142857,3782.0,-0.00022219277049151387,-0.010443088941908485
3.3505400466943205,-0.9950014152390827,8.27779652753487,1.0,2.7304285714285714,3783.0,-0.00022219277049151387,-0.010443088941910261
3.3503178539238285,-0.994928194951524,8.267353438592961,1.0,2.7302142857142857,3784.0,-0.00022219277049195796,-0.010443088941908485
3.350095661153337,-0.9948549746639652,8.256910349651053,1.0,2.73,3785.0,-0.00022219277049151387,-0.010443088941908485
3.3498189275484567,-0.9949071220150193,8.24522710526735,1.0,2.7296923076923076,3786.0,-0.0002767336048803415,-0.011683244383702274
3.349542193943576,-0.9949592693660734,8.233543860883648,1.0,2.7293846153846153,3787.0,-0.0002767336048807856,-0.011683244383702274
3.3492654603386955,-0.9950114167171275,8.221860616499947,1.0,2.729076923076923,3788.0,-0.0002767336048803415,-0.011683244383700497
3.3489887267338148,-0.9950635640681814,8.210177372116245,1.0,2.7287692307692306,3789.0,-0.0002767336048807856,-0.011683244383702274
3.3487119931289344,-0.9951157114192355,8.198494127732543,1.0,2.7284615384615383,3790.0,-0.0002767336048803415,-0.011683244383702274
3.3484352595240536,-0.9951678587702896,8.18681088334884,1.0,2.728153846153846,3791.0,-0.0002767336048807856,-0.011683244383702274
3.3481585259191733,-0.9952200061213436,8.17512763896514,1.0,2.727846153846154,3792.0,-0.0002767336048803415,-0.011683244383700497
3.3478817923142925,-0.9952721534723977,8.163444394581438,1.0,2.7275384615384617,3793.0,-0.0002767336048807856,-0.011683244383702274
3.347605058709412,-0.9953243008234518,8.151761150197736,1.0,2.7272307692307693,3794.0,-0.0002767336048803415,-0.011683244383702274
3.3473283251045314,-0.9953764481745058,8.140077905814033,1.0,2.726923076923077,3795.0,-0.0002767336048807856,-0.011683244383702274
3.347051591499651,-0.9954285955255598,8.128394661430333,1.0,2.7266153846153847,3796.0,-0.0002767336048803415,-0.011683244383700497
3.3467748578947702,-0.9954807428766139,8.11671141704663,1.0,2.7263076923076923,3797.0,-0.0002767336048807856,-0.011683244383702274
3.34649812428989,-0.995532890227668,8.105028172662928,1.0,2.726,3798.0,-0.0002767336048803415,-0.011683244383702274
3.3462316107339167,-0.9955078197198677,8.097822535845381,1.0,2.7257142857142855,3799.0,-0.00026651355597318016,-0.007205636817547045
3.3459650971779435,-0.9954827492120675,8.090616899027834,1.0,2.7254285714285715,3800.0,-0.00026651355597318016,-0.007205636817547045
3.3456985836219704,-0.9954576787042672,8.083411262210287,1.0,2.725142857142857,3801.0,-0.00026651355597318016,-0.007205636817547045
3.345432070065997,-0.995432608196467,8.076205625392742,1.0,2.7248571428571426,3802.0,-0.00026651355597318016,-0.007205636817545269
3.345165556510024,-0.9954075376886666,8.068999988575195,1.0,2.7245714285714286,3803.0,-0.00026651355597318016,-0.007205636817547045
3.344899042954051,-0.9953824671808664,8.061794351757648,1.0,2.724285714285714,3804.0,-0.00026651355597318016,-0.007205636817547045
3.3446325293980776,-0.9953573966730661,8.0545887149401,1.0,2.724,3805.0,-0.00026651355597318016,-0.007205636817547045
3.3443660158421045,-0.9953323261652658,8.047383078122554,1.0,2.7237142857142858,3806.0,-0.00026651355597318016,-0.007205636817547045
3.3440995022861313,-0.9953072556574656,8.040177441305007,1.0,2.7234285714285713,3807.0,-0.00026651355597318016,-0.007205636817547045
3.343832988730158,-0.9952821851496653,8.03297180448746,1.0,2.7231428571428573,3808.0,-0.00026651355597318016,-0.007205636817547045
3.343566475174185,-0.9952571146418651,8.025766167669914,1.0,2.722857142857143,3809.0,-0.00026651355597318016,-0.007205636817545269
3.3432999616182117,-0.9952320441340647,8.018560530852367,1.0,2.7225714285714284,3810.0,-0.00026651355597318016,-0.007205636817547045
3.3430334480622386,-0.9952069736262645,8.01135489403482,1.0,2.7222857142857144,3811.0,-0.00026651355597318016,-0.007205636817547045
3.3427669345062654,-0.9951819031184642,8.004149257217273,1.0,2.722,3812.0,-0.00026651355597318016,-0.007205636817547045
3.342475862746648,-0.9951693781021648,7.992421318309734,1.0,2.7216923076923076,3813.0,-0.00029107175961717857,-0.01172793890753887
3.3421847909870315,-0.9951568530858653,7.9806933794021955,1.0,2.7213846153846153,3814.0,-0.0002910717596167345,-0.01172793890753887
3.3418937192274143,-0.9951443280695659,7.968965440494657,1.0,2.721076923076923,3815.0,-0.00029107175961717857,-0.01172793890753887
3.3416026474677976,-0.9951318030532665,7.957237501587119,1.0,2.7207692307692306,3816.0,-0.0002910717596167345,-0.011727938907537983
3.3413115757081804,-0.9951192780369671,7.94550956267958,1.0,2.7204615384615383,3817.0,-0.00029107175961717857,-0.01172793890753887
3.341020503948563,-0.9951067530206676,7.933781623772041,1.0,2.720153846153846,3818.0,-0.00029107175961717857,-0.01172793890753887
3.3407294321889465,-0.9950942280043682,7.922053684864502,1.0,2.719846153846154,3819.0,-0.0002910717596167345,-0.01172793890753887
3.3404383604293293,-0.9950817029880688,7.910325745956963,1.0,2.7195384615384617,3820.0,-0.00029107175961717857,-0.01172793890753887
3.340147288669712,-0.9950691779717693,7.898597807049424,1.0,2.7192307692307693,3821.0,-0.00029107175961717857,-0.01172793890753887
3.3398562169100954,-0.99505665295547,7.886869868141886,1.0,2.718923076923077,3822.0,-0.0002910717596167345,-0.011727938907537983
3.339565145150478,-0.9950441279391705,7.875141929234347,1.0,2.7186153846153847,3823.0,-0.00029107175961717857,-0.01172793890753887
3.3392740733908615,-0.9950316029228711,7.8634139903268085,1.0,2.7183076923076923,3824.0,-0.0002910717596167345,-0.01172793890753887
3.3389830016312443,-0.9950190779065716,7.85168605141927,1.0,2.718,3825.0,-0.00029107175961717857,-0.01172793890753887
3.338691836179845,-0.9950173894005483,7.84465462387514,1.0,2.7177142857142855,3826.0,-0.0002911654513990669,-0.007031427544129443
3.338400670728446,-0.9950157008945251,7.837623196331011,1.0,2.7174285714285715,3827.0,-0.0002911654513990669,-0.007031427544129443
3.338109505277047,-0.9950140123885017,7.830591768786881,1.0,2.717142857142857,3828.0,-0.0002911654513990669,-0.007031427544129443
3.337818339825648,-0.9950123238824785,7.823560341242752,1.0,2.7168571428571426,3829.0,-0.0002911654513990669,-0.007031427544129443
3.337527174374249,-0.9950106353764552,7.8165289136986225,1.0,2.7165714285714286,3830.0,-0.0002911654513990669,-0.007031427544129443
3.33723600892285,-0.995008946870432,7.809497486154493,1.0,2.716285714285714,3831.0,-0.0002911654513990669,-0.007031427544129443
3.336944843471451,-0.9950072583644086,7.802466058610364,1.0,2.716,3832.0,-0.0002911654513990669,-0.007031427544129443
3.3366536780200513,-0.9950055698583853,7.795434631066233,1.0,2.7157142857142857,3833.0,-0.000291165451399511,-0.007031427544130331
3.3363625125686522,-0.9950038813523621,7.788403203522104,1.0,2.7154285714285713,3834.0,-0.0002911654513990669,-0.007031427544129443
3.336071347117253,-0.9950021928463387,7.781371775977974,1.0,2.7151428571428573,3835.0,-0.0002911654513990669,-0.007031427544129443
3.335780181665854,-0.9950005043403155,7.774340348433845,1.0,2.714857142857143,3836.0,-0.0002911654513990669,-0.007031427544129443
3.335489016214455,-0.9949988158342922,7.7673089208897155,1.0,2.7145714285714284,3837.0,-0.0002911654513990669,-0.007031427544129443
3.335197850763056,-0.994997127328269,7.760277493345586,1.0,2.7142857142857144,3838.0,-0.0002911654513990669,-0.007031427544129443
3.334906685311657,-0.9949954388222456,7.753246065801457,1.0,2.714,3839.0,-0.0002911654513990669,-0.007031427544129443
3.3345920239734914,-0.9949982568366361,7.745841639600737,1.0,2.7136153846153848,3840.0,-0.00031466133816548947,-0.0074044262007193495
3.3342773626353255,-0.9950010748510266,7.738437213400018,1.0,2.713230769230769,3841.0,-0.00031466133816593356,-0.0074044262007193495
3.33396270129716,-0.9950038928654171,7.731032787199299,1.0,2.712846153846154,3842.0,-0.00031466133816548947,-0.007404426200718461
3.333648039958994,-0.9950067108798077,7.72362836099858,1.0,2.7124615384615383,3843.0,-0.00031466133816593356,-0.0074044262007193495
3.3333333786208286,-0.9950095288941982,7.716223934797861,1.0,2.712076923076923,3844.0,-0.00031466133816548947,-0.0074044262007193495
3.3330187172826626,-0.9950123469085888,7.708819508597141,1.0,2.711692307692308,3845.0,-0.00031466133816593356,-0.0074044262007193495
3.332704055944497,-0.9950151649229793,7.701415082396423,1.0,2.711307692307692,3846.0,-0.00031466133816548947,-0.007404426200718461
3.332389394606331,-0.9950179829373698,7.694010656195704,1.0,2.710923076923077,3847.0,-0.00031466133816593356,-0.0074044262007193495
3.3320747332681657,-0.9950208009517603,7.686606229994984,1.0,2.710538461538462,3848.0,-0.00031466133816548947,-0.0074044262007193495
3.33176007193,-0.9950236189661509,7.679201803794265,1.0,2.710153846153846,3849.0,-0.00031466133816593356,-0.0074044262007193495
3.3314454105918343,-0.9950264369805414,7.671797377593546,1.0,2.709769230769231,3850.0,-0.00031466133816548947,-0.007404426200718461
3.3311307492536684,-0.9950292549949319,7.664392951392827,1.0,2.7093846153846153,3851.0,-0.00031466133816593356,-0.0074044262007193495
3.330816087915503,-0.9950320730093224,7.656988525192108,1.0,2.709,3852.0,-0.00031466133816548947,-0.0074044262007193495
3.330509964724473,-0.9949830428684896,7.653372801805721,1.0,2.7087142857142856,3853.0,-0.0003061231910299611,-0.0036157233863862714
3.330203841533443,-0.9949340127276568,7.649757078419336,1.0,2.7084285714285716,3854.0,-0.0003061231910299611,-0.0036157233863853833
3.329897718342413,-0.9948849825868241,7.64614135503295,1.0,2.708142857142857,3855.0,-0.0003061231910299611,-0.0036157233863862714
3.329591595151383,-0.9948359524459913,7.642525631646564,1.0,2.7078571428571427,3856.0,-0.0003061231910299611,-0.0036157233863853833
3.329285471960353,-0.9947869223051585,7.638909908260178,1.0,2.7075714285714287,3857.0,-0.0003061231910299611,-0.0036157233863862714
3.328979348769323,-0.9947378921643257,7.635294184873793,1.0,2.7072857142857143,3858.0,-0.0003061231910299611,-0.0036157233863853833
3.328673225578293,-0.994688862023493,7.6316784614874065,1.0,2.7070000000000003,3859.0,-0.0003061231910299611,-0.0036157233863862714
3.3283671023872627,-0.9946398318826603,7.62806273810102,1.0,2.706714285714286,3860.0,-0.0003061231910304052,-0.0036157233863862714
3.328060979196233,-0.9945908017418275,7.624447014714635,1.0,2.7064285714285714,3861.0,-0.0003061231910299611,-0.0036157233863853833
3.327754856005203,-0.9945417716009947,7.6208312913282485,1.0,2.7061428571428574,3862.0,-0.0003061231910299611,-0.0036157233863862714
3.327448732814173,-0.9944927414601619,7.617215567941863,1.0,2.705857142857143,3863.0,-0.0003061231910299611,-0.0036157233863853833
3.327142609623143,-0.9944437113193292,7.613599844555477,1.0,2.7055714285714285,3864.0,-0.0003061231910299611,-0.0036157233863862714
3.326836486432113,-0.9943946811784964,7.6099841211690915,1.0,2.7052857142857145,3865.0,-0.0003061231910299611,-0.0036157233863853833
3.326530363241083,-0.9943456510376636,7.606368397782705,1.0,2.705,3866.0,-0.0003061231910299611,-0.0036157233863862714
3.326205772115984,-0.994450598893463,7.599707703853506,1.0,2.704615384615385,3867.0,-0.00032459112509908294,-0.006660693929199546
3.325881180990885,-0.9945555467492624,7.593047009924306,1.0,2.704230769230769,3868.0,-0.00032459112509908294,-0.006660693929199546
3.3255565898657857,-0.9946604946050618,7.5863863159951075,1.0,2.703846153846154,3869.0,-0.00032459112509908294,-0.006660693929198658
3.325231998740686,-0.9947654424608613,7.579725622065908,1.0,2.7034615384615384,3870.0,-0.00032459112509952703,-0.006660693929199546
3.324907407615587,-0.9948703903166607,7.573064928136708,1.0,2.703076923076923,3871.0,-0.00032459112509908294,-0.006660693929199546
3.324582816490488,-0.9949753381724601,7.566404234207509,1.0,2.702692307692308,3872.0,-0.00032459112509908294,-0.006660693929199546
3.324258225365389,-0.9950802860282595,7.55974354027831,1.0,2.7023076923076923,3873.0,-0.00032459112509908294,-0.006660693929198658
3.32393363424029,-0.9951852338840589,7.553082846349111,1.0,2.701923076923077,3874.0,-0.00032459112509908294,-0.006660693929199546
3.323609043115191,-0.9952901817398583,7.546422152419911,1.0,2.701538461538462,3875.0,-0.00032459112509908294,-0.006660693929199546
3.3232844519900913,-0.9953951295956578,7.5397614584907116,1.0,2.7011538461538462,3876.0,-0.00032459112509952703,-0.006660693929199546
3.322959860864992,-0.9955000774514572,7.533100764561513,1.0,2.700769230769231,3877.0,-0.00032459112509908294,-0.006660693929198658
3.322635269739893,-0.9956050253072566,7.526440070632313,1.0,2.7003846153846154,3878.0,-0.00032459112509908294,-0.006660693929199546
3.322310678614794,-0.995709973163056,7.519779376703114,1.0,2.7,3879.0,-0.00032459112509908294,-0.006660693929199546
3.3219902579786336,-0.995654527009153,7.5158562415112335,1.0,2.6996428571428575,3880.0,-0.0003204206361604456,-0.003923135191880256
3.3216698373424736,-0.9955990808552501,7.511933106319353,1.0,2.6992857142857143,3881.0,-0.0003204206361600015,-0.003923135191880256
3.321349416706313,-0.9955436347013471,7.508009971127473,1.0,2.6989285714285716,3882.0,-0.0003204206361604456,-0.003923135191880256
3.3210289960701527,-0.9954881885474443,7.504086835935594,1.0,2.698571428571429,3883.0,-0.0003204206361604456,-0.003923135191879368
3.3207085754339922,-0.9954327423935413,7.500163700743713,1.0,2.6982142857142857,3884.0,-0.0003204206361604456,-0.003923135191880256
3.3203881547978322,-0.9953772962396383,7.496240565551833,1.0,2.697857142857143,3885.0,-0.0003204206361600015,-0.003923135191880256
3.320067734161672,-0.9953218500857354,7.492317430359953,1.0,2.6975,3886.0,-0.0003204206361604456,-0.003923135191880256
3.3197473135255113,-0.9952664039318324,7.488394295168073,1.0,2.697142857142857,3887.0,-0.0003204206361604456,-0.003923135191880256
3.3194268928893513,-0.9952109577779295,7.484471159976192,1.0,2.6967857142857143,3888.0,-0.0003204206361600015,-0.003923135191880256
3.319106472253191,-0.9951555116240265,7.480548024784312,1.0,2.696428571428571,3889.0,-0.0003204206361604456,-0.003923135191880256
3.3187860516170304,-0.9951000654701236,7.476624889592433,1.0,2.6960714285714285,3890.0,-0.0003204206361604456,-0.003923135191879368
3.31846563098087,-0.9950446193162207,7.4727017544005525,1.0,2.6957142857142857,3891.0,-0.0003204206361604456,-0.003923135191880256
3.31814521034471,-0.9949891731623177,7.468778619208672,1.0,2.6953571428571426,3892.0,-0.0003204206361600015,-0.003923135191880256
3.3178247897085495,-0.9949337270084148,7.464855484016792,1.0,2.695,3893.0,-0.0003204206361604456,-0.003923135191880256
3.3175027996371704,-0.994988737203734,7.477331415914616,1.0,2.6946153846153846,3894.0,-0.00032199007137911906,0.012475931897824033
3.3171808095657913,-0.9950437473990533,7.489807347812439,1.0,2.694230769230769,3895.0,-0.00032199007137911906,0.012475931897823145
3.316858819494412,-0.9950987575943726,7.502283279710263,1.0,2.693846153846154,3896.0,-0.00032199007137911906,0.012475931897824033
3.3165368294230335,-0.9951537677896919,7.514759211608087,1.0,2.693461538461538,3897.0,-0.00032199007137867497,0.012475931897824033
3.3162148393516544,-0.9952087779850112,7.52723514350591,1.0,2.693076923076923,3898.0,-0.00032199007137911906,0.012475931897823145
3.3158928492802753,-0.9952637881803305,7.539711075403734,1.0,2.6926923076923077,3899.0,-0.00032199007137911906,0.012475931897824033
3.315570859208896,-0.9953187983756498,7.5521870073015585,1.0,2.692307692307692,3900.0,-0.00032199007137911906,0.012475931897824033
3.315248869137517,-0.9953738085709691,7.5646629391993825,1.0,2.691923076923077,3901.0,-0.00032199007137911906,0.012475931897824033
3.314926879066138,-0.9954288187662884,7.577138871097206,1.0,2.6915384615384617,3902.0,-0.00032199007137911906,0.012475931897823145
3.3146048889947592,-0.9954838289616077,7.58961480299503,1.0,2.691153846153846,3903.0,-0.00032199007137867497,0.012475931897824033
3.31428289892338,-0.995538839156927,7.602090734892854,1.0,2.690769230769231,3904.0,-0.00032199007137911906,0.012475931897824033
3.313960908852001,-0.9955938493522463,7.614566666790677,1.0,2.690384615384615,3905.0,-0.00032199007137911906,0.012475931897823145
3.313638918780622,-0.9956488595475655,7.627042598688501,1.0,2.69,3906.0,-0.00032199007137911906,0.012475931897824033
3.313360591893897,-0.9956002288735584,7.640139225841774,1.0,2.6896428571428572,3907.0,-0.00027832688672502215,0.01309662715327331
3.3130822650071714,-0.9955515981995511,7.6532358529950475,1.0,2.689285714285714,3908.0,-0.00027832688672546624,0.01309662715327331
3.312803938120446,-0.9955029675255439,7.666332480148321,1.0,2.6889285714285713,3909.0,-0.00027832688672546624,0.01309662715327331
3.312525611233721,-0.9954543368515366,7.679429107301595,1.0,2.6885714285714286,3910.0,-0.00027832688672502215,0.013096627153274198
3.312247284346996,-0.9954057061775294,7.692525734454868,1.0,2.688214285714286,3911.0,-0.00027832688672502215,0.01309662715327331
3.3119689574602704,-0.9953570755035221,7.705622361608142,1.0,2.6878571428571427,3912.0,-0.00027832688672546624,0.01309662715327331
3.311690630573545,-0.995308444829515,7.718718988761415,1.0,2.6875,3913.0,-0.00027832688672546624,0.01309662715327331
3.31141230368682,-0.9952598141555078,7.731815615914688,1.0,2.6871428571428573,3914.0,-0.00027832688672502215,0.01309662715327331
3.311133976800095,-0.9952111834815005,7.7449122430679616,1.0,2.686785714285714,3915.0,-0.00027832688672502215,0.01309662715327331
3.3108556499133694,-0.9951625528074933,7.758008870221235,1.0,2.6864285714285714,3916.0,-0.00027832688672546624,0.01309662715327331
3.310577323026644,-0.995113922133486,7.771105497374509,1.0,2.6860714285714287,3917.0,-0.00027832688672546624,0.013096627153274198
3.310298996139919,-0.9950652914594789,7.784202124527782,1.0,2.685714285714286,3918.0,-0.00027832688672502215,0.01309662715327331
3.310020669253194,-0.9950166607854716,7.797298751681056,1.0,2.6853571428571428,3919.0,-0.00027832688672502215,0.01309662715327331
3.3097423423664685,-0.9949680301114644,7.810395378834329,1.0,2.685,3920.0,-0.00027832688672546624,0.01309662715327331
3.309443846569608,-0.9950155490004239,7.81378915435877,1.0,2.6846923076923077,3921.0,-0.0002984957968603652,0.0033937755244410894
3.309145350772748,-0.9950630678893833,7.817182929883211,1.0,2.6843846153846154,3922.0,-0.0002984957968599211,0.0033937755244410894
3.308846854975888,-0.9951105867783427,7.820576705407651,1.0,2.684076923076923,3923.0,-0.0002984957968603652,0.0033937755244402013
3.308548359179028,-0.9951581056673021,7.8239704809320925,1.0,2.6837692307692307,3924.0,-0.0002984957968599211,0.0033937755244410894
3.3082498633821675,-0.9952056245562616,7.8273642564565336,1.0,2.6834615384615383,3925.0,-0.0002984957968603652,0.0033937755244410894
3.307951367585307,-0.995253143445221,7.830758031980975,1.0,2.683153846153846,3926.0,-0.0002984957968603652,0.0033937755244410894
3.3076528717884472,-0.9953006623341805,7.834151807505415,1.0,2.682846153846154,3927.0,-0.0002984957968599211,0.0033937755244402013
3.307354375991587,-0.9953481812231398,7.837545583029856,1.0,2.6825384615384618,3928.0,-0.0002984957968603652,0.0033937755244410894
3.3070558801947265,-0.9953957001120993,7.840939358554297,1.0,2.6822307692307694,3929.0,-0.0002984957968603652,0.0033937755244410894
3.3067573843978666,-0.9954432190010587,7.844333134078738,1.0,2.681923076923077,3930.0,-0.0002984957968599211,0.0033937755244410894
3.3064588886010062,-0.9954907378900182,7.847726909603178,1.0,2.6816153846153847,3931.0,-0.0002984957968603652,0.0033937755244402013
3.3061603928041463,-0.9955382567789776,7.851120685127619,1.0,2.6813076923076924,3932.0,-0.0002984957968599211,0.0033937755244410894
3.305861897007286,-0.995585775667937,7.8545144606520605,1.0,2.681,3933.0,-0.0002984957968603652,0.0033937755244410894
3.305593607154008,-0.9957046699135311,7.860402481710832,1.0,2.6807142857142856,3934.0,-0.00026828985327798094,0.005888021058771287
3.3053253173007304,-0.9958235641591252,7.866290502769603,1.0,2.6804285714285716,3935.0,-0.00026828985327753685,0.005888021058771287
3.3050570274474524,-0.9959424584047193,7.872178523828375,1.0,2.680142857142857,3936.0,-0.00026828985327798094,0.005888021058772175
3.3047887375941745,-0.9960613526503133,7.8780665448871465,1.0,2.6798571428571427,3937.0,-0.00026828985327798094,0.005888021058771287
3.304520447740897,-0.9961802468959073,7.883954565945918,1.0,2.6795714285714287,3938.0,-0.00026828985327753685,0.005888021058771287
3.304252157887619,-0.9962991411415014,7.889842587004689,1.0,2.6792857142857143,3939.0,-0.00026828985327798094,0.005888021058771287
3.3039838680343414,-0.9964180353870955,7.89573060806346,1.0,2.6790000000000003,3940.0,-0.00026828985327753685,0.005888021058771287
3.3037155781810634,-0.9965369296326896,7.901618629122233,1.0,2.678714285714286,3941.0,-0.00026828985327798094,0.005888021058772175
3.3034472883277854,-0.9966558238782837,7.907506650181004,1.0,2.6784285714285714,3942.0,-0.00026828985327798094,0.005888021058771287
3.303178998474508,-0.9967747181238777,7.913394671239775,1.0,2.6781428571428574,3943.0,-0.00026828985327753685,0.005888021058771287
3.30291070862123,-0.9968936123694717,7.919282692298546,1.0,2.677857142857143,3944.0,-0.00026828985327798094,0.005888021058771287
3.302642418767952,-0.9970125066150658,7.925170713357319,1.0,2.6775714285714285,3945.0,-0.00026828985327798094,0.005888021058772175
3.3023741289146744,-0.9971314008606599,7.93105873441609,1.0,2.6772857142857145,3946.0,-0.00026828985327753685,0.005888021058771287
3.3021058390613964,-0.997250295106254,7.936946755474861,1.0,2.677,3947.0,-0.00026828985327798094,0.005888021058771287
3.30186776461156,-0.9972530866711371,7.943654746715508,1.0,2.6767142857142856,3948.0,-0.0002380744498364784,0.0067079912406464715
3.301629690161723,-0.9972558782360204,7.950362737956155,1.0,2.6764285714285716,3949.0,-0.0002380744498369225,0.00670799124064736
3.3013916157118866,-0.9972586698009035,7.9570707291968015,1.0,2.676142857142857,3950.0,-0.0002380744498364784,0.0067079912406464715
3.30115354126205,-0.9972614613657866,7.963778720437448,1.0,2.6758571428571427,3951.0,-0.0002380744498364784,0.0067079912406464715
3.300915466812213,-0.9972642529306698,7.970486711678095,1.0,2.6755714285714287,3952.0,-0.0002380744498369225,0.00670799124064736
3.3006773923623767,-0.997267044495553,7.977194702918742,1.0,2.6752857142857143,3953.0,-0.0002380744498364784,0.0067079912406464715
3.30043931791254,-0.9972698360604362,7.983902694159389,1.0,2.6750000000000003,3954.0,-0.0002380744498364784,0.00670799124064736
3.3002012434627033,-0.9972726276253193,7.990610685400036,1.0,2.674714285714286,3955.0,-0.0002380744498369225,0.0067079912406464715
3.299963169012867,-0.9972754191902026,7.997318676640682,1.0,2.6744285714285714,3956.0,-0.0002380744498364784,0.0067079912406464715
3.29972509456303,-0.9972782107550857,8.004026667881329,1.0,2.6741428571428574,3957.0,-0.0002380744498369225,0.0067079912406464715
3.2994870201131934,-0.9972810023199689,8.010734659121976,1.0,2.673857142857143,3958.0,-0.0002380744498364784,0.00670799124064736
3.299248945663357,-0.997283793884852,8.017442650362623,1.0,2.6735714285714285,3959.0,-0.0002380744498364784,0.00670799124064736
3.29901087121352,-0.9972865854497353,8.024150641603269,1.0,2.6732857142857145,3960.0,-0.0002380744498369225,0.006707991240645583
3.2987727967636835,-0.9972893770146184,8.030858632843916,1.0,2.673,3961.0,-0.0002380744498364784,0.00670799124064736
3.298511397557181,-0.9971336553031841,8.0335479491124,1.0,2.6726923076923077,3962.0,-0.0002613992065025883,0.002689316268483566
3.2982499983506783,-0.9969779335917498,8.036237265380883,1.0,2.6723846153846154,3963.0,-0.0002613992065025883,0.002689316268483566
3.2979885991441757,-0.9968222118803156,8.038926581649369,1.0,2.672076923076923,3964.0,-0.0002613992065025883,0.0026893162684853422
3.2977271999376727,-0.9966664901688813,8.041615897917852,1.0,2.6717692307692307,3965.0,-0.0002613992065030324,0.002689316268483566
3.29746580073117,-0.996510768457447,8.044305214186336,1.0,2.6714615384615383,3966.0,-0.0002613992065025883,0.002689316268483566
3.2972044015246675,-0.9963550467460127,8.04699453045482,1.0,2.671153846153846,3967.0,-0.0002613992065025883,0.002689316268483566
3.296943002318165,-0.9961993250345785,8.049683846723305,1.0,2.670846153846154,3968.0,-0.0002613992065025883,0.0026893162684853422
3.2966816031116624,-0.9960436033231442,8.052373162991788,1.0,2.6705384615384617,3969.0,-0.0002613992065025883,0.002689316268483566
3.2964202039051598,-0.9958878816117099,8.055062479260272,1.0,2.6702307692307694,3970.0,-0.0002613992065025883,0.002689316268483566
3.2961588046986567,-0.9957321599002756,8.057751795528755,1.0,2.669923076923077,3971.0,-0.0002613992065030324,0.002689316268483566
3.295897405492154,-0.9955764381888415,8.06044111179724,1.0,2.6696153846153847,3972.0,-0.0002613992065025883,0.0026893162684853422
3.2956360062856516,-0.9954207164774072,8.063130428065724,1.0,2.6693076923076924,3973.0,-0.0002613992065025883,0.002689316268483566
3.295374607079149,-0.9952649947659729,8.065819744334208,1.0,2.669,3974.0,-0.0002613992065025883,0.002689316268483566
3.2951294188428037,-0.9952045200226257,8.069325888007032,1.0,2.6687142857142856,3975.0,-0.00024518823634522846,0.0035061436728245354
3.294884230606459,-0.9951440452792786,8.072832031679859,1.0,2.6684285714285716,3976.0,-0.00024518823634478437,0.003506143672826312
3.2946390423701137,-0.9950835705359315,8.076338175352683,1.0,2.668142857142857,3977.0,-0.00024518823634522846,0.0035061436728245354
3.2943938541337685,-0.9950230957925844,8.079844319025508,1.0,2.6678571428571427,3978.0,-0.00024518823634522846,0.0035061436728245354
3.2941486658974237,-0.9949626210492373,8.083350462698334,1.0,2.6675714285714287,3979.0,-0.00024518823634478437,0.003506143672826312
3.2939034776610785,-0.9949021463058901,8.086856606371159,1.0,2.6672857142857143,3980.0,-0.00024518823634522846,0.0035061436728245354
3.2936582894247337,-0.9948416715625431,8.090362750043985,1.0,2.6670000000000003,3981.0,-0.00024518823634478437,0.003506143672826312
3.2934131011883885,-0.994781196819196,8.09386889371681,1.0,2.666714285714286,3982.0,-0.00024518823634522846,0.0035061436728245354
3.2931679129520433,-0.9947207220758488,8.097375037389634,1.0,2.6664285714285714,3983.0,-0.00024518823634522846,0.0035061436728245354
3.2929227247156985,-0.9946602473325017,8.10088118106246,1.0,2.6661428571428574,3984.0,-0.00024518823634478437,0.003506143672826312
3.2926775364793532,-0.9945997725891546,8.104387324735285,1.0,2.665857142857143,3985.0,-0.00024518823634522846,0.0035061436728245354
3.292432348243008,-0.9945392978458075,8.10789346840811,1.0,2.6655714285714285,3986.0,-0.00024518823634522846,0.0035061436728245354
3.2921871600066632,-0.9944788231024604,8.111399612080936,1.0,2.6652857142857145,3987.0,-0.00024518823634478437,0.003506143672826312
3.291941971770318,-0.9944183483591132,8.11490575575376,1.0,2.665,3988.0,-0.00024518823634522846,0.0035061436728245354
3.291705150781254,-0.9942877452548773,8.119735707129184,1.0,2.664769230769231,3989.0,-0.0002368209890639683,0.004829951375423747
3.29146832979219,-0.9941571421506414,8.124565658504606,1.0,2.6645384615384615,3990.0,-0.0002368209890639683,0.00482995137542197
3.291231508803126,-0.9940265390464055,8.12939560988003,1.0,2.6643076923076925,3991.0,-0.0002368209890639683,0.004829951375423747
3.290994687814062,-0.9938959359421696,8.134225561255452,1.0,2.664076923076923,3992.0,-0.0002368209890639683,0.00482995137542197
3.290757866824998,-0.9937653328379337,8.139055512630875,1.0,2.663846153846154,3993.0,-0.0002368209890639683,0.004829951375423747
3.290521045835934,-0.9936347297336978,8.143885464006297,1.0,2.6636153846153845,3994.0,-0.0002368209890639683,0.00482995137542197
3.2902842248468707,-0.9935041266294619,8.148715415381721,1.0,2.6633846153846155,3995.0,-0.00023682098906352422,0.004829951375423747
3.2900474038578067,-0.993373523525226,8.153545366757143,1.0,2.663153846153846,3996.0,-0.0002368209890639683,0.00482995137542197
3.2898105828687427,-0.99324292042099,8.158375318132567,1.0,2.662923076923077,3997.0,-0.0002368209890639683,0.004829951375423747
3.2895737618796788,-0.9931123173167542,8.163205269507989,1.0,2.6626923076923075,3998.0,-0.0002368209890639683,0.00482995137542197
3.289336940890615,-0.9929817142125182,8.168035220883413,1.0,2.6624615384615384,3999.0,-0.0002368209890639683,0.004829951375423747
3.289100119901551,-0.9928511111082824,8.172865172258835,1.0,2.662230769230769,4000.0,-0.0002368209890639683,0.00482995137542197
3.288863298912487,-0.9927205080040464,8.177695123634258,1.0,2.662,4001.0,-0.0002368209890639683,0.004829951375423747
3.2886425213657593,-0.9929039167992244,8.180093325195067,1.0,2.661857142857143,4002.0,-0.00022077754672755745,0.0023982015608083884
3.2884217438190317,-0.9930873255944023,8.182491526755875,1.0,2.6617142857142855,4003.0,-0.00022077754672755745,0.0023982015608083884
3.288200966272304,-0.9932707343895802,8.184889728316683,1.0,2.6615714285714285,4004.0,-0.00022077754672755745,0.0023982015608083884
3.2879801887255766,-0.9934541431847581,8.187287929877492,1.0,2.6614285714285715,4005.0,-0.00022077754672755745,0.0023982015608083884
3.287759411178849,-0.9936375519799361,8.1896861314383,1.0,2.6612857142857145,4006.0,-0.00022077754672755745,0.0023982015608083884
3.2875386336321215,-0.993820960775114,8.192084332999109,1.0,2.661142857142857,4007.0,-0.00022077754672755745,0.0023982015608083884
3.287317856085394,-0.9940043695702919,8.194482534559919,1.0,2.661,4008.0,-0.00022077754672755745,0.0023982015608101648
3.287097078538667,-0.9941877783654699,8.196880736120727,1.0,2.660857142857143,4009.0,-0.00022077754672711336,0.0023982015608083884
3.2868763009919393,-0.9943711871606478,8.199278937681536,1.0,2.6607142857142856,4010.0,-0.00022077754672755745,0.0023982015608083884
3.2866555234452117,-0.9945545959558257,8.201677139242344,1.0,2.6605714285714286,4011.0,-0.00022077754672755745,0.0023982015608083884
3.286434745898484,-0.9947380047510036,8.204075340803152,1.0,2.6604285714285716,4012.0,-0.00022077754672755745,0.0023982015608083884
3.2862139683517566,-0.9949214135461816,8.20647354236396,1.0,2.6602857142857146,4013.0,-0.00022077754672755745,0.0023982015608083884
3.285993190805029,-0.9951048223413594,8.20887174392477,1.0,2.660142857142857,4014.0,-0.00022077754672755745,0.0023982015608083884
3.2857724132583015,-0.9952882311365374,8.211269945485578,1.0,2.66,4015.0,-0.00022077754672755745,0.0023982015608083884
3.2855340670314015,-0.9954342056215862,8.213733988527567,1.0,2.659692307692308,4016.0,-0.00023834622689999918,0.0024640430419893278
3.2852957208045015,-0.995580180106635,8.216198031569558,1.0,2.6593846153846155,4017.0,-0.00023834622689999918,0.002464043041991104
3.285057374577601,-0.9957261545916838,8.218662074611547,1.0,2.659076923076923,4018.0,-0.00023834622690044327,0.0024640430419893278
3.284819028350701,-0.9958721290767325,8.221126117653538,1.0,2.6587692307692308,4019.0,-0.00023834622689999918,0.002464043041991104
3.284580682123801,-0.9960181035617813,8.223590160695528,1.0,2.6584615384615384,4020.0,-0.00023834622689999918,0.0024640430419893278
3.284342335896901,-0.9961640780468302,8.226054203737517,1.0,2.658153846153846,4021.0,-0.00023834622689999918,0.0024640430419893278
3.2841039896700006,-0.9963100525318789,8.228518246779508,1.0,2.657846153846154,4022.0,-0.00023834622690044327,0.002464043041991104
3.2838656434431006,-0.9964560270169277,8.230982289821497,1.0,2.657538461538462,4023.0,-0.00023834622689999918,0.0024640430419893278
3.2836272972162006,-0.9966020015019765,8.233446332863487,1.0,2.6572307692307695,4024.0,-0.00023834622689999918,0.0024640430419893278
3.2833889509893006,-0.9967479759870252,8.235910375905478,1.0,2.656923076923077,4025.0,-0.00023834622689999918,0.002464043041991104
3.2831506047624,-0.9968939504720741,8.238374418947467,1.0,2.656615384615385,4026.0,-0.00023834622690044327,0.0024640430419893278
3.2829122585355,-0.9970399249571228,8.240838461989458,1.0,2.6563076923076925,4027.0,-0.00023834622689999918,0.002464043041991104
3.2826739123086,-0.9971858994421716,8.243302505031448,1.0,2.656,4028.0,-0.00023834622689999918,0.0024640430419893278
3.2824678863786745,-0.9970345637363236,8.247038847953004,1.0,2.6557142857142857,4029.0,-0.00020602592992569058,0.003736342921556002
3.282261860448749,-0.9968832280304755,8.25077519087456,1.0,2.6554285714285717,4030.0,-0.00020602592992569058,0.003736342921556002
3.282055834518823,-0.9967318923246274,8.254511533796116,1.0,2.6551428571428572,4031.0,-0.00020602592992569058,0.003736342921556002
3.2818498085888974,-0.9965805566187794,8.258247876717673,1.0,2.654857142857143,4032.0,-0.00020602592992569058,0.003736342921557778
3.2816437826589717,-0.9964292209129313,8.26198421963923,1.0,2.654571428571429,4033.0,-0.00020602592992569058,0.003736342921556002
3.281437756729046,-0.9962778852070833,8.265720562560785,1.0,2.6542857142857144,4034.0,-0.00020602592992569058,0.003736342921556002
3.2812317307991203,-0.9961265495012351,8.269456905482341,1.0,2.6540000000000004,4035.0,-0.00020602592992569058,0.003736342921556002
3.281025704869195,-0.9959752137953871,8.273193248403897,1.0,2.653714285714286,4036.0,-0.0002060259299252465,0.003736342921556002
3.2808196789392694,-0.9958238780895391,8.276929591325453,1.0,2.6534285714285715,4037.0,-0.00020602592992569058,0.003736342921556002
3.2806136530093437,-0.995672542383691,8.28066593424701,1.0,2.6531428571428575,4038.0,-0.00020602592992569058,0.003736342921556002
3.280407627079418,-0.9955212066778429,8.284402277168567,1.0,2.652857142857143,4039.0,-0.00020602592992569058,0.003736342921557778
3.2802016011494923,-0.9953698709719949,8.288138620090123,1.0,2.6525714285714286,4040.0,-0.00020602592992569058,0.003736342921556002
3.2799955752195666,-0.9952185352661468,8.29187496301168,1.0,2.6522857142857146,4041.0,-0.00020602592992569058,0.003736342921556002
3.279789549289641,-0.9950671995602988,8.295611305933235,1.0,2.652,4042.0,-0.00020602592992569058,0.003736342921556002
3.279564153186642,-0.9951505186365027,8.29813533467581,1.0,2.6517857142857144,4043.0,-0.000225396102998765,0.0025240287425756236
3.279338757083644,-0.9952338377127067,8.300659363418385,1.0,2.6515714285714287,4044.0,-0.0002253961029983209,0.0025240287425738472
3.279113360980645,-0.9953171567889106,8.30318339216096,1.0,2.651357142857143,4045.0,-0.000225396102998765,0.0025240287425756236
3.2788879648776468,-0.9954004758651147,8.305707420903534,1.0,2.6511428571428572,4046.0,-0.0002253961029983209,0.0025240287425738472
3.278662568774648,-0.9954837949413187,8.30823144964611,1.0,2.6509285714285715,4047.0,-0.000225396102998765,0.0025240287425756236
3.2784371726716497,-0.9955671140175226,8.310755478388684,1.0,2.650714285714286,4048.0,-0.0002253961029983209,0.0025240287425738472
3.278211776568651,-0.9956504330937266,8.31327950713126,1.0,2.6505,4049.0,-0.000225396102998765,0.0025240287425756236
3.277986380465652,-0.9957337521699305,8.315803535873835,1.0,2.6502857142857144,4050.0,-0.000225396102998765,0.0025240287425756236
3.277760984362654,-0.9958170712461345,8.318327564616409,1.0,2.6500714285714286,4051.0,-0.0002253961029983209,0.0025240287425738472
3.277535588259655,-0.9959003903223385,8.320851593358984,1.0,2.649857142857143,4052.0,-0.000225396102998765,0.0025240287425756236
3.2773101921566568,-0.9959837093985425,8.323375622101558,1.0,2.649642857142857,4053.0,-0.0002253961029983209,0.0025240287425738472
3.277084796053658,-0.9960670284747465,8.325899650844134,1.0,2.6494285714285715,4054.0,-0.000225396102998765,0.0025240287425756236
3.2768593999506597,-0.9961503475509504,8.328423679586708,1.0,2.6492142857142857,4055.0,-0.0002253961029983209,0.0025240287425738472
3.276634003847661,-0.9962336666271544,8.330947708329283,1.0,2.649,4056.0,-0.000225396102998765,0.0025240287425756236
3.2764016338602207,-0.9961305174786683,8.3333297634689,1.0,2.648769230769231,4057.0,-0.00023236998744025072,0.0023820551396163125
3.276169263872781,-0.9960273683301821,8.335711818608518,1.0,2.6485384615384615,4058.0,-0.00023236998743980664,0.002382055139618089
3.2759368938853406,-0.995924219181696,8.338093873748134,1.0,2.6483076923076925,4059.0,-0.00023236998744025072,0.0023820551396163125
3.275704523897901,-0.9958210700332099,8.340475928887752,1.0,2.648076923076923,4060.0,-0.00023236998743980664,0.002382055139618089
3.2754721539104605,-0.9957179208847238,8.342857984027368,1.0,2.647846153846154,4061.0,-0.00023236998744025072,0.0023820551396163125
3.2752397839230203,-0.9956147717362377,8.345240039166985,1.0,2.6476153846153845,4062.0,-0.00023236998744025072,0.0023820551396163125
3.2750074139355805,-0.9955116225877515,8.347622094306603,1.0,2.6473846153846154,4063.0,-0.00023236998743980664,0.002382055139618089
3.2747750439481402,-0.9954084734392654,8.35000414944622,1.0,2.647153846153846,4064.0,-0.00023236998744025072,0.0023820551396163125
3.2745426739607,-0.9953053242907793,8.352386204585835,1.0,2.646923076923077,4065.0,-0.00023236998744025072,0.0023820551396163125
3.27431030397326,-0.9952021751422931,8.354768259725454,1.0,2.6466923076923075,4066.0,-0.00023236998743980664,0.002382055139618089
3.27407793398582,-0.9950990259938071,8.35715031486507,1.0,2.6464615384615384,4067.0,-0.00023236998744025072,0.0023820551396163125
3.27384556399838,-0.9949958768453209,8.359532370004688,1.0,2.646230769230769,4068.0,-0.00023236998743980664,0.002382055139618089
3.27361319401094,-0.9948927276968348,8.361914425144304,1.0,2.646,4069.0,-0.00023236998744025072,0.0023820551396163125
3.2733992335582722,-0.9949569936096703,8.364193476932252,1.0,2.646142857142857,4070.0,-0.00021396045266763863,0.00227905178794785
3.2731852731056046,-0.9950212595225059,8.366472528720198,1.0,2.6462857142857144,4071.0,-0.00021396045266763863,0.0022790517879460737
3.272971312652937,-0.9950855254353413,8.368751580508146,1.0,2.6464285714285714,4072.0,-0.00021396045266763863,0.00227905178794785
3.2727573522002693,-0.9951497913481769,8.371030632296094,1.0,2.6465714285714284,4073.0,-0.00021396045266763863,0.00227905178794785
3.2725433917476017,-0.9952140572610124,8.373309684084042,1.0,2.646714285714286,4074.0,-0.00021396045266763863,0.00227905178794785
3.272329431294934,-0.995278323173848,8.375588735871988,1.0,2.646857142857143,4075.0,-0.00021396045266763863,0.0022790517879460737
3.2721154708422664,-0.9953425890866835,8.377867787659936,1.0,2.647,4076.0,-0.00021396045266763863,0.00227905178794785
3.2719015103895983,-0.995406854999519,8.380146839447884,1.0,2.6471428571428572,4077.0,-0.00021396045266808272,0.00227905178794785
3.2716875499369307,-0.9954711209123546,8.38242589123583,1.0,2.6472857142857142,4078.0,-0.00021396045266763863,0.0022790517879460737
3.271473589484263,-0.99553538682519,8.384704943023777,1.0,2.6474285714285717,4079.0,-0.00021396045266763863,0.00227905178794785
3.2712596290315954,-0.9955996527380256,8.386983994811725,1.0,2.6475714285714287,4080.0,-0.00021396045266763863,0.00227905178794785
3.2710456685789278,-0.9956639186508611,8.389263046599673,1.0,2.6477142857142857,4081.0,-0.00021396045266763863,0.00227905178794785
3.27083170812626,-0.9957281845636967,8.39154209838762,1.0,2.647857142857143,4082.0,-0.00021396045266763863,0.0022790517879460737
3.2706177476735925,-0.9957924504765322,8.393821150175567,1.0,2.648,4083.0,-0.00021396045266763863,0.00227905178794785
3.27039529065307,-0.995778916415149,8.396831290011955,1.0,2.647692307692308,4084.0,-0.0002224570205222598,0.0030101398363875376
3.2701728336325475,-0.995765382353766,8.39984142984834,1.0,2.6473846153846154,4085.0,-0.00022245702052270389,0.003010139836385761
3.2699503766120253,-0.9957518482923828,8.402851569684728,1.0,2.647076923076923,4086.0,-0.0002224570205222598,0.0030101398363875376
3.2697279195915026,-0.9957383142309997,8.405861709521114,1.0,2.6467692307692308,4087.0,-0.00022245702052270389,0.003010139836385761
3.2695054625709803,-0.9957247801696166,8.408871849357501,1.0,2.6464615384615384,4088.0,-0.0002224570205222598,0.0030101398363875376
3.2692830055504576,-0.9957112461082335,8.411881989193887,1.0,2.646153846153846,4089.0,-0.00022245702052270389,0.003010139836385761
3.2690605485299353,-0.9956977120468503,8.414892129030275,1.0,2.645846153846154,4090.0,-0.0002224570205222598,0.0030101398363875376
3.2688380915094126,-0.9956841779854672,8.41790226886666,1.0,2.645538461538462,4091.0,-0.00022245702052270389,0.003010139836385761
3.2686156344888904,-0.9956706439240841,8.420912408703048,1.0,2.6452307692307695,4092.0,-0.0002224570205222598,0.0030101398363875376
3.2683931774683677,-0.995657109862701,8.423922548539434,1.0,2.644923076923077,4093.0,-0.00022245702052270389,0.003010139836385761
3.2681707204478454,-0.9956435758013178,8.426932688375821,1.0,2.644615384615385,4094.0,-0.0002224570205222598,0.0030101398363875376
3.2679482634273227,-0.9956300417399347,8.429942828212207,1.0,2.6443076923076925,4095.0,-0.00022245702052270389,0.003010139836385761
3.2677258064068004,-0.9956165076785516,8.432952968048594,1.0,2.644,4096.0,-0.0002224570205222598,0.0030101398363875376
3.2674998683292946,-0.9955253660317085,8.434308095246845,1.0,2.6437857142857144,4097.0,-0.00022593807750581618,0.001355127198250372
3.267273930251789,-0.9954342243848654,8.435663222445095,1.0,2.6435714285714287,4098.0,-0.00022593807750581618,0.001355127198250372
3.267047992174283,-0.9953430827380224,8.437018349643346,1.0,2.643357142857143,4099.0,-0.00022593807750581618,0.001355127198250372
3.266822054096777,-0.9952519410911793,8.438373476841598,1.0,2.6431428571428572,4100.0,-0.00022593807750581618,0.0013551271982521484
3.2665961160192714,-0.9951607994443362,8.439728604039848,1.0,2.6429285714285715,4101.0,-0.00022593807750581618,0.001355127198250372
3.2663701779417655,-0.9950696577974931,8.441083731238098,1.0,2.642714285714286,4102.0,-0.00022593807750581618,0.001355127198250372
3.2661442398642597,-0.99497851615065,8.442438858436349,1.0,2.6425,4103.0,-0.00022593807750581618,0.001355127198250372
3.2659183017867544,-0.994887374503807,8.4437939856346,1.0,2.6422857142857143,4104.0,-0.0002259380775053721,0.001355127198250372
3.2656923637092485,-0.994796232856964,8.44514911283285,1.0,2.6420714285714286,4105.0,-0.00022593807750581618,0.001355127198250372
3.2654664256317427,-0.9947050912101209,8.4465042400311,1.0,2.641857142857143,4106.0,-0.00022593807750581618,0.001355127198250372
3.265240487554237,-0.9946139495632778,8.447859367229352,1.0,2.641642857142857,4107.0,-0.00022593807750581618,0.0013551271982521484
3.265014549476731,-0.9945228079164348,8.449214494427602,1.0,2.6414285714285715,4108.0,-0.00022593807750581618,0.001355127198250372
3.2647886113992253,-0.9944316662695917,8.450569621625853,1.0,2.6412142857142857,4109.0,-0.00022593807750581618,0.001355127198250372
3.2645626733217195,-0.9943405246227486,8.451924748824103,1.0,2.641,4110.0,-0.00022593807750581618,0.001355127198250372
3.2643471400292126,-0.9943125853876804,8.456386705186578,1.0,2.640769230769231,4111.0,-0.00021553329250689757,0.004461956362474595
3.2641316067367057,-0.9942846461526121,8.46084866154905,1.0,2.6405384615384615,4112.0,-0.00021553329250689757,0.004461956362472819
3.2639160734441988,-0.994256706917544,8.465310617911525,1.0,2.6403076923076925,4113.0,-0.00021553329250689757,0.004461956362474595
3.2637005401516923,-0.9942287676824758,8.469772574273998,1.0,2.640076923076923,4114.0,-0.00021553329250645348,0.004461956362472819
3.2634850068591854,-0.9942008284474075,8.474234530636473,1.0,2.639846153846154,4115.0,-0.00021553329250689757,0.004461956362474595
3.2632694735666785,-0.9941728892123394,8.478696486998945,1.0,2.6396153846153845,4116.0,-0.00021553329250689757,0.004461956362472819
3.2630539402741716,-0.9941449499772712,8.48315844336142,1.0,2.6393846153846154,4117.0,-0.00021553329250689757,0.004461956362474595
3.2628384069816647,-0.994117010742203,8.487620399723893,1.0,2.639153846153846,4118.0,-0.00021553329250689757,0.004461956362472819
3.262622873689158,-0.9940890715071348,8.492082356086367,1.0,2.638923076923077,4119.0,-0.00021553329250689757,0.004461956362474595
3.2624073403966514,-0.9940611322720666,8.49654431244884,1.0,2.6386923076923074,4120.0,-0.00021553329250645348,0.004461956362472819
3.2621918071041445,-0.9940331930369984,8.501006268811315,1.0,2.6384615384615384,4121.0,-0.00021553329250689757,0.004461956362474595
3.2619762738116376,-0.9940052538019302,8.505468225173788,1.0,2.638230769230769,4122.0,-0.00021553329250689757,0.004461956362472819
3.2617607405191307,-0.993977314566862,8.509930181536262,1.0,2.638,4123.0,-0.00021553329250689757,0.004461956362474595
3.261550834279468,-0.9940587619562523,8.513800326794996,1.0,2.6377142857142855,4124.0,-0.00020990623966277155,0.00387014525873397
3.261340928039805,-0.9941402093456426,8.517670472053728,1.0,2.6374285714285715,4125.0,-0.00020990623966277155,0.003870145258732194
3.261131021800142,-0.9942216567350329,8.52154061731246,1.0,2.637142857142857,4126.0,-0.00020990623966321564,0.003870145258732194
3.260921115560479,-0.9943031041244234,8.525410762571195,1.0,2.6368571428571426,4127.0,-0.00020990623966277155,0.00387014525873397
3.2607112093208164,-0.9943845515138137,8.529280907829929,1.0,2.6365714285714286,4128.0,-0.00020990623966277155,0.00387014525873397
3.2605013030811536,-0.994465998903204,8.53315105308866,1.0,2.636285714285714,4129.0,-0.00020990623966277155,0.003870145258732194
3.2602913968414904,-0.9945474462925943,8.537021198347393,1.0,2.636,4130.0,-0.00020990623966321564,0.003870145258732194
3.2600814906018276,-0.9946288936819846,8.540891343606127,1.0,2.6357142857142857,4131.0,-0.00020990623966277155,0.00387014525873397
3.259871584362165,-0.9947103410713749,8.54476148886486,1.0,2.6354285714285712,4132.0,-0.00020990623966277155,0.00387014525873397
3.259661678122502,-0.9947917884607652,8.548631634123593,1.0,2.6351428571428572,4133.0,-0.00020990623966277155,0.003870145258732194
3.2594517718828393,-0.9948732358501556,8.552501779382325,1.0,2.634857142857143,4134.0,-0.00020990623966277155,0.003870145258732194
3.259241865643176,-0.994954683239546,8.55637192464106,1.0,2.6345714285714283,4135.0,-0.00020990623966321564,0.00387014525873397
3.2590319594035133,-0.9950361306289363,8.560242069899793,1.0,2.6342857142857143,4136.0,-0.00020990623966277155,0.00387014525873397
3.2588220531638505,-0.9951175780183266,8.564112215158525,1.0,2.634,4137.0,-0.00020990623966277155,0.003870145258732194
3.2585928740229235,-0.9951516943785077,8.567594357290861,1.0,2.633769230769231,4138.0,-0.00022917914092701608,0.003482142132336108
3.258363694881996,-0.995185810738689,8.571076499423198,1.0,2.6335384615384614,4139.0,-0.00022917914092746017,0.003482142132336108
3.258134515741069,-0.9952199270988701,8.574558641555534,1.0,2.6333076923076923,4140.0,-0.00022917914092701608,0.003482142132336108
3.2579053366001416,-0.9952540434590513,8.57804078368787,1.0,2.633076923076923,4141.0,-0.00022917914092746017,0.003482142132336108
3.2576761574592146,-0.9952881598192325,8.581522925820206,1.0,2.632846153846154,4142.0,-0.00022917914092701608,0.003482142132336108
3.2574469783182876,-0.9953222761794137,8.585005067952542,1.0,2.6326153846153844,4143.0,-0.00022917914092701608,0.003482142132336108
3.25721779917736,-0.9953563925395948,8.588487210084876,1.0,2.6323846153846153,4144.0,-0.00022917914092746017,0.0034821421323343316
3.256988620036433,-0.9953905088997761,8.591969352217212,1.0,2.632153846153846,4145.0,-0.00022917914092701608,0.003482142132336108
3.256759440895506,-0.9954246252599572,8.595451494349549,1.0,2.631923076923077,4146.0,-0.00022917914092701608,0.003482142132336108
3.2565302617545786,-0.9954587416201385,8.598933636481885,1.0,2.6316923076923073,4147.0,-0.00022917914092746017,0.003482142132336108
3.2563010826136516,-0.9954928579803196,8.60241577861422,1.0,2.6314615384615383,4148.0,-0.00022917914092701608,0.003482142132336108
3.256071903472724,-0.9955269743405009,8.605897920746557,1.0,2.631230769230769,4149.0,-0.00022917914092746017,0.003482142132336108
3.255842724331797,-0.995561090700682,8.609380062878893,1.0,2.631,4150.0,-0.00022917914092701608,0.003482142132336108
3.2556215628478844,-0.995547245518915,8.61286052380588,1.0,2.630785714285714,4151.0,-0.00022116148391271295,0.00348046092698695
3.2554004013639712,-0.9955334003371481,8.616340984732869,1.0,2.6305714285714283,4152.0,-0.00022116148391315704,0.0034804609269887266
3.255179239880058,-0.9955195551553812,8.619821445659856,1.0,2.6303571428571426,4153.0,-0.00022116148391315704,0.00348046092698695
3.2549580783961454,-0.9955057099736142,8.623301906586843,1.0,2.630142857142857,4154.0,-0.00022116148391271295,0.00348046092698695
3.2547369169122327,-0.9954918647918473,8.62678236751383,1.0,2.629928571428571,4155.0,-0.00022116148391271295,0.00348046092698695
3.2545157554283195,-0.9954780196100803,8.630262828440818,1.0,2.6297142857142854,4156.0,-0.00022116148391315704,0.0034804609269887266
3.2542945939444063,-0.9954641744283134,8.633743289367805,1.0,2.6294999999999997,4157.0,-0.00022116148391315704,0.00348046092698695
3.2540734324604936,-0.9954503292465465,8.637223750294792,1.0,2.6292857142857144,4158.0,-0.00022116148391271295,0.00348046092698695
3.253852270976581,-0.9954364840647796,8.640704211221781,1.0,2.6290714285714287,4159.0,-0.00022116148391271295,0.0034804609269887266
3.2536311094926678,-0.9954226388830126,8.644184672148768,1.0,2.628857142857143,4160.0,-0.00022116148391315704,0.00348046092698695
3.2534099480087546,-0.9954087937012457,8.647665133075755,1.0,2.6286428571428573,4161.0,-0.00022116148391315704,0.00348046092698695
3.253188786524842,-0.9953949485194787,8.651145594002742,1.0,2.6284285714285716,4162.0,-0.00022116148391271295,0.00348046092698695
3.252967625040929,-0.9953811033377118,8.65462605492973,1.0,2.628214285714286,4163.0,-0.00022116148391271295,0.0034804609269887266
3.252746463557016,-0.9953672581559448,8.658106515856717,1.0,2.628,4164.0,-0.00022116148391315704,0.00348046092698695
3.2525190662574888,-0.9954170466168342,8.659678834831999,1.0,2.628230769230769,4165.0,-0.0002273972995272544,0.0015723189752812061
3.252291668957962,-0.9954668350777235,8.661251153807278,1.0,2.6284615384615386,4166.0,-0.00022739729952681031,0.0015723189752794298
3.2520642716584347,-0.9955166235386128,8.66282347278256,1.0,2.6286923076923077,4167.0,-0.0002273972995272544,0.0015723189752812061
3.2518368743589074,-0.995566411999502,8.66439579175784,1.0,2.628923076923077,4168.0,-0.0002273972995272544,0.0015723189752812061
3.2516094770593806,-0.9956162004603913,8.66596811073312,1.0,2.629153846153846,4169.0,-0.00022739729952681031,0.0015723189752794298
3.2513820797598534,-0.9956659889212807,8.667540429708401,1.0,2.629384615384615,4170.0,-0.0002273972995272544,0.0015723189752812061
3.251154682460326,-0.99571577738217,8.669112748683682,1.0,2.6296153846153847,4171.0,-0.0002273972995272544,0.0015723189752812061
3.250927285160799,-0.9957655658430593,8.670685067658964,1.0,2.6298461538461537,4172.0,-0.0002273972995272544,0.0015723189752812061
3.250699887861272,-0.9958153543039486,8.672257386634243,1.0,2.6300769230769228,4173.0,-0.00022739729952681031,0.0015723189752794298
3.250472490561745,-0.9958651427648378,8.673829705609524,1.0,2.6303076923076922,4174.0,-0.0002273972995272544,0.0015723189752812061
3.2502450932622176,-0.9959149312257272,8.675402024584805,1.0,2.6305384615384613,4175.0,-0.0002273972995272544,0.0015723189752812061
3.2500176959626907,-0.9959647196866165,8.676974343560085,1.0,2.6307692307692307,4176.0,-0.00022739729952681031,0.0015723189752794298
3.2497902986631635,-0.9960145081475058,8.678546662535366,1.0,2.631,4177.0,-0.0002273972995272544,0.0015723189752812061
3.2495689101552983,-0.9960194378041554,8.683103390984085,1.0,2.630928571428571,4178.0,-0.0002213885078652389,0.004556728448719127
3.2493475216474335,-0.9960243674608049,8.687660119432804,1.0,2.630857142857143,4179.0,-0.0002213885078647948,0.004556728448719127
3.249126133139568,-0.9960292971174545,8.692216847881523,1.0,2.630785714285714,4180.0,-0.0002213885078652389,0.004556728448719127
3.248904744631703,-0.9960342267741041,8.696773576330243,1.0,2.6307142857142853,4181.0,-0.0002213885078652389,0.004556728448719127
3.2486833561238377,-0.9960391564307537,8.701330304778962,1.0,2.630642857142857,4182.0,-0.0002213885078652389,0.004556728448719127
3.248461967615973,-0.9960440860874032,8.70588703322768,1.0,2.6305714285714283,4183.0,-0.0002213885078647948,0.004556728448719127
3.2482405791081077,-0.9960490157440528,8.7104437616764,1.0,2.6305,4184.0,-0.0002213885078652389,0.004556728448719127
3.2480191906002425,-0.9960539454007024,8.715000490125117,1.0,2.6304285714285713,4185.0,-0.0002213885078652389,0.004556728448717351
3.2477978020923777,-0.9960588750573519,8.719557218573836,1.0,2.6303571428571426,4186.0,-0.0002213885078647948,0.004556728448719127
3.2475764135845124,-0.9960638047140015,8.724113947022555,1.0,2.6302857142857143,4187.0,-0.0002213885078652389,0.004556728448719127
3.247355025076647,-0.9960687343706511,8.728670675471275,1.0,2.6302142857142856,4188.0,-0.0002213885078652389,0.004556728448719127
3.247133636568782,-0.9960736640273007,8.733227403919994,1.0,2.630142857142857,4189.0,-0.0002213885078652389,0.004556728448719127
3.246912248060917,-0.9960785936839502,8.737784132368713,1.0,2.6300714285714286,4190.0,-0.0002213885078647948,0.004556728448719127
3.246690859553052,-0.9960835233405998,8.742340860817432,1.0,2.63,4191.0,-0.0002213885078652389,0.004556728448719127
3.246465699929355,-0.9961620761786685,8.743549939058987,1.0,2.629769230769231,4192.0,-0.00022515962369684672,0.0012090782415548063
3.2462405403056582,-0.9962406290167372,8.744759017300542,1.0,2.6295384615384614,4193.0,-0.00022515962369684672,0.0012090782415548063
3.2460153806819614,-0.996319181854806,8.745968095542096,1.0,2.6293076923076923,4194.0,-0.00022515962369684672,0.0012090782415548063
3.245790221058265,-0.9963977346928746,8.747177173783651,1.0,2.629076923076923,4195.0,-0.00022515962369640263,0.0012090782415548063
3.245565061434568,-0.9964762875309433,8.748386252025206,1.0,2.628846153846154,4196.0,-0.00022515962369684672,0.0012090782415548063
3.2453399018108713,-0.996554840369012,8.74959533026676,1.0,2.6286153846153844,4197.0,-0.00022515962369684672,0.0012090782415548063
3.2451147421871744,-0.9966333932070808,8.750804408508317,1.0,2.6283846153846153,4198.0,-0.00022515962369684672,0.0012090782415565826
3.2448895825634776,-0.9967119460451495,8.752013486749872,1.0,2.628153846153846,4199.0,-0.00022515962369684672,0.0012090782415548063
3.2446644229397807,-0.9967904988832181,8.753222564991427,1.0,2.627923076923077,4200.0,-0.00022515962369684672,0.0012090782415548063
3.2444392633160843,-0.9968690517212868,8.754431643232982,1.0,2.6276923076923073,4201.0,-0.00022515962369640263,0.0012090782415548063
3.2442141036923875,-0.9969476045593556,8.755640721474537,1.0,2.6274615384615383,4202.0,-0.00022515962369684672,0.0012090782415548063
3.2439889440686906,-0.9970261573974243,8.756849799716091,1.0,2.627230769230769,4203.0,-0.00022515962369684672,0.0012090782415548063
3.243763784444994,-0.997104710235493,8.758058877957646,1.0,2.627,4204.0,-0.00022515962369684672,0.0012090782415548063
3.243534409150623,-0.9970763002694172,8.761671529468714,1.0,2.6267142857142853,4205.0,-0.00022937529437072612,0.0036126515110677104
3.243305033856252,-0.9970478903033413,8.76528418097978,1.0,2.6264285714285713,4206.0,-0.0002293752943711702,0.003612651511065934
3.243075658561881,-0.9970194803372655,8.768896832490846,1.0,2.626142857142857,4207.0,-0.00022937529437072612,0.003612651511065934
3.2428462832675105,-0.9969910703711897,8.772509484001914,1.0,2.625857142857143,4208.0,-0.00022937529437072612,0.0036126515110677104
3.2426169079731393,-0.9969626604051139,8.776122135512981,1.0,2.6255714285714284,4209.0,-0.0002293752943711702,0.0036126515110677104
3.2423875326787686,-0.996934250439038,8.779734787024047,1.0,2.6252857142857144,4210.0,-0.00022937529437072612,0.003612651511065934
3.242158157384398,-0.9969058404729623,8.783347438535113,1.0,2.625,4211.0,-0.00022937529437072612,0.003612651511065934
3.2419287820900267,-0.9968774305068865,8.78696009004618,1.0,2.6247142857142856,4212.0,-0.0002293752943711702,0.0036126515110677104
3.241699406795656,-0.9968490205408106,8.790572741557249,1.0,2.6244285714285716,4213.0,-0.00022937529437072612,0.0036126515110677104
3.2414700315012848,-0.9968206105747348,8.794185393068314,1.0,2.624142857142857,4214.0,-0.0002293752943711702,0.003612651511065934
3.241240656206914,-0.996792200608659,8.79779804457938,1.0,2.623857142857143,4215.0,-0.00022937529437072612,0.003612651511065934
3.2410112809125433,-0.9967637906425832,8.801410696090448,1.0,2.6235714285714287,4216.0,-0.00022937529437072612,0.0036126515110677104
3.240781905618172,-0.9967353806765074,8.805023347601516,1.0,2.6232857142857147,4217.0,-0.0002293752943711702,0.0036126515110677104
3.2405525303238014,-0.9967069707104316,8.808635999112582,1.0,2.623,4218.0,-0.00022937529437072612,0.003612651511065934
3.240324403535972,-0.9966872807572512,8.814958740190267,1.0,2.622769230769231,4219.0,-0.0002281267878294635,0.006322741077685379
3.2400962767481425,-0.996667590804071,8.82128148126795,1.0,2.6225384615384617,4220.0,-0.0002281267878294635,0.006322741077683602
3.239868149960313,-0.9966479008508906,8.827604222345636,1.0,2.6223076923076927,4221.0,-0.0002281267878294635,0.006322741077685379
3.2396400231724836,-0.9966282108977104,8.83392696342332,1.0,2.622076923076923,4222.0,-0.0002281267878294635,0.006322741077683602
3.239411896384654,-0.99660852094453,8.840249704501005,1.0,2.621846153846154,4223.0,-0.0002281267878294635,0.006322741077685379
3.2391837695968246,-0.9965888309913498,8.84657244557869,1.0,2.6216153846153847,4224.0,-0.0002281267878294635,0.006322741077685379
3.238955642808995,-0.9965691410381694,8.852895186656374,1.0,2.6213846153846156,4225.0,-0.0002281267878294635,0.006322741077683602
3.2387275160211657,-0.9965494510849892,8.85921792773406,1.0,2.621153846153846,4226.0,-0.0002281267878294635,0.006322741077685379
3.2384993892333362,-0.9965297611318088,8.865540668811745,1.0,2.620923076923077,4227.0,-0.0002281267878294635,0.006322741077685379
3.238271262445507,-0.9965100711786286,8.871863409889428,1.0,2.6206923076923077,4228.0,-0.0002281267878294635,0.006322741077683602
3.2380431356576773,-0.9964903812254482,8.878186150967114,1.0,2.6204615384615386,4229.0,-0.0002281267878294635,0.006322741077685379
3.237815008869848,-0.996470691272268,8.884508892044797,1.0,2.620230769230769,4230.0,-0.0002281267878294635,0.006322741077683602
3.2375868820820184,-0.9964510013190876,8.890831633122483,1.0,2.62,4231.0,-0.0002281267878294635,0.006322741077685379
3.2373583707882374,-0.9964722560373945,8.894447403152542,1.0,2.6197857142857144,4232.0,-0.00022851129378098634,0.0036157700300591955
3.237129859494456,-0.9964935107557015,8.898063173182601,1.0,2.6195714285714287,4233.0,-0.00022851129378143042,0.0036157700300591955
3.236901348200675,-0.9965147654740083,8.90167894321266,1.0,2.619357142857143,4234.0,-0.00022851129378098634,0.0036157700300591955
3.2366728369068936,-0.9965360201923152,8.90529471324272,1.0,2.619142857142857,4235.0,-0.00022851129378143042,0.0036157700300591955
3.2364443256131126,-0.9965572749106222,8.908910483272779,1.0,2.6189285714285715,4236.0,-0.00022851129378098634,0.0036157700300591955
3.236215814319331,-0.9965785296289291,8.912526253302838,1.0,2.6187142857142858,4237.0,-0.00022851129378143042,0.0036157700300591955
3.23598730302555,-0.996599784347236,8.916142023332895,1.0,2.6185,4238.0,-0.00022851129378098634,0.003615770030057419
3.235758791731769,-0.9966210390655429,8.919757793362955,1.0,2.6182857142857143,4239.0,-0.00022851129378098634,0.0036157700300591955
3.2355302804379877,-0.9966422937838498,8.923373563393014,1.0,2.6180714285714286,4240.0,-0.00022851129378143042,0.0036157700300591955
3.2353017691442068,-0.9966635485021568,8.926989333423073,1.0,2.617857142857143,4241.0,-0.00022851129378098634,0.0036157700300591955
3.2350732578504253,-0.9966848032204637,8.930605103453132,1.0,2.617642857142857,4242.0,-0.00022851129378143042,0.0036157700300591955
3.2348447465566443,-0.9967060579387705,8.934220873483191,1.0,2.6174285714285714,4243.0,-0.00022851129378098634,0.0036157700300591955
3.234616235262863,-0.9967273126570775,8.93783664351325,1.0,2.6172142857142857,4244.0,-0.00022851129378143042,0.0036157700300591955
3.234387723969082,-0.9967485673753844,8.94145241354331,1.0,2.617,4245.0,-0.00022851129378098634,0.0036157700300591955
3.234144087104466,-0.9967380087595116,8.944028418056316,1.0,2.616769230769231,4246.0,-0.00024363686461592593,0.0025760045130063247
3.23390045023985,-0.9967274501436386,8.94660442256932,1.0,2.6165384615384615,4247.0,-0.00024363686461592593,0.0025760045130045484
3.2336568133752346,-0.9967168915277658,8.949180427082327,1.0,2.6163076923076924,4248.0,-0.00024363686461548184,0.0025760045130063247
3.2334131765106187,-0.9967063329118929,8.951756431595332,1.0,2.616076923076923,4249.0,-0.00024363686461592593,0.0025760045130045484
3.2331695396460027,-0.99669577429602,8.954332436108338,1.0,2.615846153846154,4250.0,-0.00024363686461592593,0.0025760045130063247
3.232925902781387,-0.9966852156801471,8.956908440621344,1.0,2.6156153846153845,4251.0,-0.00024363686461592593,0.0025760045130063247
3.2326822659167713,-0.9966746570642743,8.959484445134349,1.0,2.6153846153846154,4252.0,-0.00024363686461548184,0.0025760045130045484
3.2324386290521554,-0.9966640984484014,8.962060449647355,1.0,2.615153846153846,4253.0,-0.00024363686461592593,0.0025760045130063247
3.2321949921875395,-0.9966535398325285,8.964636454160361,1.0,2.614923076923077,4254.0,-0.00024363686461592593,0.0025760045130063247
3.2319513553229235,-0.9966429812166556,8.967212458673366,1.0,2.6146923076923074,4255.0,-0.00024363686461592593,0.0025760045130045484
3.231707718458308,-0.9966324226007828,8.969788463186372,1.0,2.6144615384615384,4256.0,-0.00024363686461548184,0.0025760045130063247
3.231464081593692,-0.9966218639849098,8.972364467699377,1.0,2.614230769230769,4257.0,-0.00024363686461592593,0.0025760045130045484
3.231220444729076,-0.996611305369037,8.974940472212383,1.0,2.614,4258.0,-0.00024363686461592593,0.0025760045130063247
3.2309851215997414,-0.996586886223685,8.981342489464033,1.0,2.6137142857142854,4259.0,-0.00023532312933483013,0.006402017251650349
3.2307497984704066,-0.9965624670783331,8.987744506715684,1.0,2.6134285714285714,4260.0,-0.00023532312933483013,0.006402017251650349
3.2305144753410717,-0.9965380479329811,8.994146523967334,1.0,2.613142857142857,4261.0,-0.00023532312933483013,0.006402017251650349
3.230279152211737,-0.9965136287876292,9.000548541218986,1.0,2.6128571428571425,4262.0,-0.00023532312933483013,0.006402017251652126
3.230043829082402,-0.9964892096422772,9.006950558470637,1.0,2.6125714285714285,4263.0,-0.00023532312933483013,0.006402017251650349
3.2298085059530672,-0.9964647904969253,9.013352575722287,1.0,2.612285714285714,4264.0,-0.00023532312933483013,0.006402017251650349
3.2295731828237324,-0.9964403713515733,9.019754592973937,1.0,2.612,4265.0,-0.00023532312933483013,0.006402017251650349
3.2293378596943976,-0.9964159522062213,9.026156610225588,1.0,2.6117142857142857,4266.0,-0.00023532312933483013,0.006402017251650349
3.2291025365650627,-0.9963915330608694,9.032558627477238,1.0,2.611428571428571,4267.0,-0.00023532312933483013,0.006402017251650349
3.228867213435728,-0.9963671139155174,9.038960644728888,1.0,2.611142857142857,4268.0,-0.00023532312933483013,0.006402017251650349
3.228631890306393,-0.9963426947701655,9.04536266198054,1.0,2.6108571428571428,4269.0,-0.00023532312933483013,0.006402017251652126
3.2283965671770583,-0.9963182756248135,9.05176467923219,1.0,2.6105714285714283,4270.0,-0.00023532312933483013,0.006402017251650349
3.2281612440477234,-0.9962938564794616,9.058166696483841,1.0,2.6102857142857143,4271.0,-0.00023532312933483013,0.006402017251650349
3.2279259209183886,-0.9962694373341096,9.064568713735492,1.0,2.61,4272.0,-0.00023532312933483013,0.006402017251650349
3.227685956515536,-0.9962824733071272,9.06819223272482,1.0,2.6096923076923075,4273.0,-0.00023996440285278808,0.003623518989329
3.227445992112683,-0.9962955092801448,9.071815751714148,1.0,2.609384615384615,4274.0,-0.00023996440285278808,0.0036235189893272235
3.2272060277098302,-0.9963085452531624,9.075439270703477,1.0,2.609076923076923,4275.0,-0.00023996440285278808,0.003623518989329
3.226966063306978,-0.99632158122618,9.079062789692804,1.0,2.6087692307692305,4276.0,-0.000239964402852344,0.0036235189893272235
3.226726098904125,-0.9963346171991976,9.082686308682133,1.0,2.608461538461538,4277.0,-0.00023996440285278808,0.003623518989329
3.2264861345012723,-0.9963476531722152,9.086309827671462,1.0,2.608153846153846,4278.0,-0.00023996440285278808,0.003623518989329
3.2262461700984195,-0.9963606891452328,9.08993334666079,1.0,2.607846153846154,4279.0,-0.00023996440285278808,0.0036235189893272235
3.2260062056955667,-0.9963737251182504,9.093556865650118,1.0,2.6075384615384616,4280.0,-0.00023996440285278808,0.003623518989329
3.225766241292714,-0.996386761091268,9.097180384639447,1.0,2.6072307692307692,4281.0,-0.00023996440285278808,0.003623518989329
3.2255262768898616,-0.9963997970642856,9.100803903628774,1.0,2.606923076923077,4282.0,-0.000239964402852344,0.0036235189893272235
3.225286312487009,-0.9964128330373032,9.104427422618103,1.0,2.6066153846153846,4283.0,-0.00023996440285278808,0.003623518989329
3.225046348084156,-0.9964258690103208,9.10805094160743,1.0,2.606307692307692,4284.0,-0.00023996440285278808,0.0036235189893272235
3.2248063836813032,-0.9964389049833384,9.11167446059676,1.0,2.606,4285.0,-0.00023996440285278808,0.003623518989329
3.2245711974384426,-0.9963497467006402,9.11373691711095,1.0,2.6057142857142854,4286.0,-0.00023518624286067435,0.0020624565141904583
3.2243360111955823,-0.9962605884179422,9.11579937362514,1.0,2.6054285714285714,4287.0,-0.00023518624286023027,0.0020624565141904583
3.2241008249527217,-0.996171430135244,9.117861830139331,1.0,2.605142857142857,4288.0,-0.00023518624286067435,0.0020624565141904583
3.2238656387098614,-0.9960822718525458,9.119924286653522,1.0,2.6048571428571425,4289.0,-0.00023518624286023027,0.0020624565141904583
3.2236304524670008,-0.9959931135698477,9.121986743167712,1.0,2.6045714285714285,4290.0,-0.00023518624286067435,0.0020624565141904583
3.2233952662241405,-0.9959039552871496,9.124049199681902,1.0,2.604285714285714,4291.0,-0.00023518624286023027,0.0020624565141904583
3.22316007998128,-0.9958147970044514,9.126111656196095,1.0,2.604,4292.0,-0.00023518624286067435,0.0020624565141922346
3.222924893738419,-0.9957256387217532,9.128174112710285,1.0,2.6037142857142856,4293.0,-0.00023518624286067435,0.0020624565141904583
3.222689707495559,-0.9956364804390552,9.130236569224476,1.0,2.603428571428571,4294.0,-0.00023518624286023027,0.0020624565141904583
3.2224545212526983,-0.995547322156357,9.132299025738666,1.0,2.603142857142857,4295.0,-0.00023518624286067435,0.0020624565141904583
3.222219335009838,-0.9954581638736588,9.134361482252856,1.0,2.6028571428571428,4296.0,-0.00023518624286023027,0.0020624565141904583
3.2219841487669774,-0.9953690055909606,9.136423938767047,1.0,2.6025714285714283,4297.0,-0.00023518624286067435,0.0020624565141904583
3.221748962524117,-0.9952798473082626,9.138486395281237,1.0,2.6022857142857143,4298.0,-0.00023518624286023027,0.0020624565141904583
3.2215137762812565,-0.9951906890255644,9.140548851795428,1.0,2.602,4299.0,-0.00023518624286067435,0.0020624565141904583
3.2212827675171676,-0.9952287859724824,9.143064452684365,1.0,2.601785714285714,4300.0,-0.00023100876408888027,0.0025156008889375414
3.2210517587530787,-0.9952668829194006,9.145580053573301,1.0,2.6015714285714284,4301.0,-0.00023100876408888027,0.002515600888935765
3.2208207499889894,-0.9953049798663187,9.148095654462239,1.0,2.6013571428571427,4302.0,-0.00023100876408932436,0.0025156008889375414
3.2205897412249005,-0.9953430768132367,9.150611255351176,1.0,2.601142857142857,4303.0,-0.00023100876408888027,0.0025156008889375414
3.2203587324608116,-0.9953811737601548,9.153126856240112,1.0,2.6009285714285713,4304.0,-0.00023100876408888027,0.002515600888935765
3.2201277236967227,-0.9954192707070729,9.15564245712905,1.0,2.6007142857142855,4305.0,-0.00023100876408888027,0.0025156008889375414
3.2198967149326334,-0.9954573676539911,9.158158058017985,1.0,2.6005,4306.0,-0.00023100876408932436,0.002515600888935765
3.2196657061685445,-0.9954954646009091,9.160673658906923,1.0,2.6002857142857145,4307.0,-0.00023100876408888027,0.0025156008889375414
3.2194346974044556,-0.9955335615478271,9.16318925979586,1.0,2.600071428571429,4308.0,-0.00023100876408888027,0.0025156008889375414
3.2192036886403668,-0.9955716584947453,9.165704860684796,1.0,2.599857142857143,4309.0,-0.00023100876408888027,0.002515600888935765
3.218972679876278,-0.9956097554416634,9.168220461573734,1.0,2.5996428571428574,4310.0,-0.00023100876408888027,0.0025156008889375414
3.2187416711121886,-0.9956478523885814,9.170736062462671,1.0,2.5994285714285716,4311.0,-0.00023100876408932436,0.0025156008889375414
3.2185106623480997,-0.9956859493354995,9.173251663351607,1.0,2.599214285714286,4312.0,-0.00023100876408888027,0.002515600888935765
3.218279653584011,-0.9957240462824176,9.175767264240545,1.0,2.599,4313.0,-0.00023100876408888027,0.0025156008889375414
3.2180103405976537,-0.995779560282215,9.175298939507858,1.0,2.598692307692308,4314.0,-0.00026931298635712864,-0.00046832473268665353
3.217741027611297,-0.9958350742820125,9.174830614775173,1.0,2.5983846153846155,4315.0,-0.00026931298635668455,-0.0004683247326848772
3.21747171462494,-0.99589058828181,9.174362290042486,1.0,2.598076923076923,4316.0,-0.00026931298635712864,-0.00046832473268665353
3.217202401638583,-0.9959461022816074,9.173893965309802,1.0,2.597769230769231,4317.0,-0.00026931298635668455,-0.0004683247326848772
3.216933088652226,-0.9960016162814048,9.173425640577115,1.0,2.5974615384615385,4318.0,-0.00026931298635712864,-0.00046832473268665353
3.216663775665869,-0.9960571302812022,9.17295731584443,1.0,2.597153846153846,4319.0,-0.00026931298635712864,-0.0004683247326848772
3.2163944626795122,-0.9961126442809998,9.172488991111743,1.0,2.5968461538461542,4320.0,-0.00026931298635668455,-0.00046832473268665353
3.216125149693155,-0.9961681582807972,9.172020666379058,1.0,2.596538461538462,4321.0,-0.00026931298635712864,-0.0004683247326848772
3.215855836706798,-0.9962236722805946,9.171552341646372,1.0,2.5962307692307696,4322.0,-0.00026931298635712864,-0.00046832473268665353
3.2155865237204413,-0.996279186280392,9.171084016913687,1.0,2.595923076923077,4323.0,-0.00026931298635668455,-0.0004683247326848772
3.215317210734084,-0.9963347002801896,9.170615692181,1.0,2.595615384615385,4324.0,-0.00026931298635712864,-0.00046832473268665353
3.2150478977477275,-0.996390214279987,9.170147367448315,1.0,2.5953076923076925,4325.0,-0.00026931298635668455,-0.0004683247326848772
3.2147785847613704,-0.9964457282797844,9.169679042715629,1.0,2.595,4326.0,-0.00026931298635712864,-0.00046832473268665353
3.2145552339308137,-0.9962344910185957,9.178958015878564,1.0,2.5947857142857145,4327.0,-0.00022335083055669003,0.009278973162935245
3.2143318831002565,-0.9960232537574072,9.1882369890415,1.0,2.5945714285714288,4328.0,-0.00022335083055713412,0.009278973162935245
3.2141085322697,-0.9958120164962185,9.197515962204434,1.0,2.594357142857143,4329.0,-0.00022335083055669003,0.009278973162935245
3.2138851814391427,-0.9956007792350299,9.20679493536737,1.0,2.5941428571428573,4330.0,-0.00022335083055713412,0.009278973162935245
3.213661830608586,-0.9953895419738412,9.216073908530305,1.0,2.5939285714285716,4331.0,-0.00022335083055669003,0.009278973162935245
3.213438479778029,-0.9951783047126527,9.22535288169324,1.0,2.593714285714286,4332.0,-0.00022335083055713412,0.009278973162935245
3.213215128947472,-0.994967067451464,9.234631854856175,1.0,2.5935,4333.0,-0.00022335083055669003,0.009278973162935245
3.2129917781169155,-0.9947558301902754,9.243910828019112,1.0,2.5932857142857144,4334.0,-0.00022335083055669003,0.009278973162937021
3.2127684272863584,-0.9945445929290868,9.253189801182048,1.0,2.5930714285714287,4335.0,-0.00022335083055713412,0.009278973162935245
3.2125450764558017,-0.9943333556678982,9.262468774344983,1.0,2.592857142857143,4336.0,-0.00022335083055669003,0.009278973162935245
3.2123217256252445,-0.9941221184067095,9.271747747507918,1.0,2.5926428571428572,4337.0,-0.00022335083055713412,0.009278973162935245
3.212098374794688,-0.9939108811455208,9.281026720670853,1.0,2.5924285714285715,4338.0,-0.00022335083055669003,0.009278973162935245
3.2118750239641307,-0.9936996438843323,9.290305693833789,1.0,2.592214285714286,4339.0,-0.00022335083055713412,0.009278973162935245
3.211651673133574,-0.9934884066231436,9.299584666996724,1.0,2.592,4340.0,-0.00022335083055669003,0.009278973162935245
3.211378818023629,-0.9936113757658593,9.303557548758667,1.0,2.5916923076923077,4341.0,-0.0002728551099449028,0.003972881761942659
3.2111059629136847,-0.9937343449085749,9.30753043052061,1.0,2.5913846153846154,4342.0,-0.0002728551099444587,0.003972881761942659
3.2108331078037398,-0.9938573140512906,9.311503312282552,1.0,2.591076923076923,4343.0,-0.0002728551099449028,0.003972881761942659
3.210560252693795,-0.9939802831940062,9.315476194044496,1.0,2.5907692307692307,4344.0,-0.0002728551099449028,0.003972881761944436
3.2102873975838504,-0.9941032523367219,9.319449075806439,1.0,2.5904615384615384,4345.0,-0.0002728551099444587,0.003972881761942659
3.2100145424739055,-0.9942262214794376,9.323421957568382,1.0,2.590153846153846,4346.0,-0.0002728551099449028,0.003972881761942659
3.2097416873639606,-0.9943491906221532,9.327394839330324,1.0,2.589846153846154,4347.0,-0.0002728551099449028,0.003972881761942659
3.2094688322540157,-0.9944721597648689,9.331367721092267,1.0,2.589538461538462,4348.0,-0.0002728551099449028,0.003972881761942659
3.2091959771440712,-0.9945951289075846,9.33534060285421,1.0,2.5892307692307694,4349.0,-0.0002728551099444587,0.003972881761942659
3.2089231220341263,-0.9947180980503002,9.339313484616154,1.0,2.588923076923077,4350.0,-0.0002728551099449028,0.003972881761944436
3.2086502669241814,-0.9948410671930159,9.343286366378097,1.0,2.5886153846153848,4351.0,-0.0002728551099449028,0.003972881761942659
3.208377411814237,-0.9949640363357315,9.34725924814004,1.0,2.5883076923076924,4352.0,-0.0002728551099444587,0.003972881761942659
3.208104556704292,-0.9950870054784472,9.351232129901982,1.0,2.588,4353.0,-0.0002728551099449028,0.003972881761942659
3.20785422819614,-0.9950446536854677,9.352210126601667,1.0,2.5877142857142856,4354.0,-0.00025032850815209784,0.0009779966996852352
3.207603899687988,-0.9950023018924881,9.353188123301354,1.0,2.5874285714285716,4355.0,-0.00025032850815209784,0.0009779966996870115
3.2073535711798358,-0.9949599500995085,9.35416612000104,1.0,2.587142857142857,4356.0,-0.00025032850815209784,0.0009779966996852352
3.2071032426716837,-0.994917598306529,9.355144116700725,1.0,2.5868571428571427,4357.0,-0.00025032850815209784,0.0009779966996852352
3.2068529141635316,-0.9948752465135495,9.35612211340041,1.0,2.5865714285714287,4358.0,-0.00025032850815209784,0.0009779966996852352
3.2066025856553795,-0.9948328947205699,9.357100110100097,1.0,2.5862857142857143,4359.0,-0.00025032850815209784,0.0009779966996870115
3.2063522571472274,-0.9947905429275904,9.358078106799782,1.0,2.5860000000000003,4360.0,-0.00025032850815209784,0.0009779966996852352
3.206101928639075,-0.9947481911346109,9.359056103499467,1.0,2.585714285714286,4361.0,-0.00025032850815254193,0.0009779966996852352
3.2058516001309227,-0.9947058393416313,9.360034100199154,1.0,2.5854285714285714,4362.0,-0.00025032850815209784,0.0009779966996870115
3.2056012716227706,-0.9946634875486517,9.36101209689884,1.0,2.5851428571428574,4363.0,-0.00025032850815209784,0.0009779966996852352
3.2053509431146185,-0.9946211357556722,9.361990093598525,1.0,2.584857142857143,4364.0,-0.00025032850815209784,0.0009779966996852352
3.2051006146064664,-0.9945787839626927,9.36296809029821,1.0,2.5845714285714285,4365.0,-0.00025032850815209784,0.0009779966996852352
3.2048502860983143,-0.9945364321697131,9.363946086997897,1.0,2.5842857142857145,4366.0,-0.00025032850815209784,0.0009779966996870115
3.2045999575901623,-0.9944940803767336,9.364924083697582,1.0,2.584,4367.0,-0.00025032850815209784,0.0009779966996852352
3.2043374135684046,-0.994631062861704,9.369695671851108,1.0,2.583769230769231,4368.0,-0.0002625440217576269,0.004771588153525741
3.2040748695466474,-0.9947680453466744,9.374467260004636,1.0,2.5835384615384616,4369.0,-0.00026254402175718283,0.004771588153527517
3.20381232552489,-0.9949050278316449,9.379238848158161,1.0,2.5833076923076925,4370.0,-0.0002625440217576269,0.004771588153525741
3.203549781503132,-0.9950420103166153,9.384010436311687,1.0,2.583076923076923,4371.0,-0.0002625440217576269,0.004771588153525741
3.203287237481375,-0.9951789928015857,9.388782024465215,1.0,2.582846153846154,4372.0,-0.00026254402175718283,0.004771588153527517
3.2030246934596174,-0.9953159752865561,9.39355361261874,1.0,2.5826153846153845,4373.0,-0.0002625440217576269,0.004771588153525741
3.2027621494378598,-0.9954529577715266,9.398325200772266,1.0,2.5823846153846155,4374.0,-0.0002625440217576269,0.004771588153525741
3.202499605416102,-0.995589940256497,9.403096788925792,1.0,2.582153846153846,4375.0,-0.0002625440217576269,0.004771588153525741
3.202237061394345,-0.9957269227414675,9.40786837707932,1.0,2.581923076923077,4376.0,-0.00026254402175718283,0.004771588153527517
3.2019745173725873,-0.9958639052264379,9.412639965232845,1.0,2.5816923076923075,4377.0,-0.0002625440217576269,0.004771588153525741
3.2017119733508297,-0.9960008877114084,9.417411553386371,1.0,2.5814615384615385,4378.0,-0.0002625440217576269,0.004771588153525741
3.2014494293290725,-0.9961378701963788,9.422183141539898,1.0,2.581230769230769,4379.0,-0.00026254402175718283,0.004771588153527517
3.201186885307315,-0.9962748526813492,9.426954729693424,1.0,2.581,4380.0,-0.0002625440217576269,0.004771588153525741
3.2009170288511912,-0.9961528354768643,9.428417398883068,1.0,2.5807142857142855,4381.0,-0.0002698564561236516,0.0014626691896442168
3.200647172395067,-0.9960308182723794,9.429880068072713,1.0,2.5804285714285715,4382.0,-0.0002698564561240957,0.0014626691896442168
3.2003773159389435,-0.9959088010678945,9.431342737262357,1.0,2.580142857142857,4383.0,-0.0002698564561236516,0.0014626691896442168
3.2001074594828194,-0.9957867838634096,9.432805406452001,1.0,2.5798571428571426,4384.0,-0.0002698564561240957,0.0014626691896442168
3.1998376030266957,-0.9956647666589247,9.434268075641645,1.0,2.5795714285714286,4385.0,-0.0002698564561236516,0.0014626691896442168
3.1995677465705716,-0.9955427494544398,9.43573074483129,1.0,2.579285714285714,4386.0,-0.0002698564561240957,0.0014626691896442168
3.199297890114448,-0.9954207322499549,9.437193414020934,1.0,2.579,4387.0,-0.0002698564561236516,0.0014626691896442168
3.1990280336583243,-0.9952987150454699,9.438656083210578,1.0,2.5787142857142857,4388.0,-0.0002698564561236516,0.0014626691896442168
3.1987581772022002,-0.995176697840985,9.440118752400222,1.0,2.5784285714285713,4389.0,-0.0002698564561240957,0.0014626691896442168
3.1984883207460766,-0.9950546806365,9.441581421589866,1.0,2.5781428571428573,4390.0,-0.0002698564561236516,0.0014626691896442168
3.1982184642899525,-0.9949326634320151,9.44304409077951,1.0,2.577857142857143,4391.0,-0.0002698564561240957,0.0014626691896442168
3.197948607833829,-0.9948106462275302,9.444506759969155,1.0,2.5775714285714284,4392.0,-0.0002698564561236516,0.0014626691896442168
3.1976787513777047,-0.9946886290230453,9.445969429158799,1.0,2.5772857142857144,4393.0,-0.0002698564561240957,0.0014626691896442168
3.197408894921581,-0.9945666118185604,9.447432098348443,1.0,2.577,4394.0,-0.0002698564561236516,0.0014626691896442168
3.197125623516822,-0.9946000115022413,9.451437514850088,1.0,2.576769230769231,4395.0,-0.0002832714047591445,0.004005416501644987
3.1968423521120632,-0.9946334111859222,9.455442931351735,1.0,2.5765384615384614,4396.0,-0.0002832714047587004,0.0040054165016467635
3.196559080707304,-0.9946668108696031,9.45944834785338,1.0,2.5763076923076924,4397.0,-0.0002832714047591445,0.004005416501644987
3.1962758093025454,-0.9947002105532838,9.463453764355025,1.0,2.576076923076923,4398.0,-0.0002832714047587004,0.004005416501644987
3.1959925378977863,-0.9947336102369647,9.467459180856672,1.0,2.575846153846154,4399.0,-0.0002832714047591445,0.0040054165016467635
3.195709266493027,-0.9947670099206456,9.471464597358317,1.0,2.5756153846153844,4400.0,-0.0002832714047591445,0.004005416501644987
3.1954259950882684,-0.9948004096043265,9.475470013859962,1.0,2.5753846153846154,4401.0,-0.0002832714047587004,0.004005416501644987
3.1951427236835093,-0.9948338092880074,9.479475430361607,1.0,2.575153846153846,4402.0,-0.0002832714047591445,0.004005416501644987
3.19485945227875,-0.9948672089716882,9.483480846863253,1.0,2.574923076923077,4403.0,-0.0002832714047591445,0.0040054165016467635
3.1945761808739914,-0.994900608655369,9.487486263364898,1.0,2.5746923076923074,4404.0,-0.0002832714047587004,0.004005416501644987
3.1942929094692323,-0.9949340083390499,9.491491679866543,1.0,2.5744615384615384,4405.0,-0.0002832714047591445,0.004005416501644987
3.1940096380644736,-0.9949674080227308,9.49549709636819,1.0,2.574230769230769,4406.0,-0.0002832714047587004,0.0040054165016467635
3.1937263666597144,-0.9950008077064116,9.499502512869835,1.0,2.574,4407.0,-0.0002832714047591445,0.004005416501644987
3.1934534521803464,-0.9950938019920385,9.5025550737656,1.0,2.573642857142857,4408.0,-0.00027291447936805824,0.003052560895765666
3.1931805377009788,-0.9951867962776652,9.505607634661366,1.0,2.573285714285714,4409.0,-0.00027291447936761415,0.003052560895765666
3.1929076232216107,-0.995279790563292,9.508660195557134,1.0,2.5729285714285712,4410.0,-0.00027291447936805824,0.003052560895767442
3.192634708742243,-0.9953727848489187,9.5117127564529,1.0,2.5725714285714285,4411.0,-0.00027291447936761415,0.003052560895765666
3.192361794262875,-0.9954657791345455,9.514765317348665,1.0,2.572214285714286,4412.0,-0.00027291447936805824,0.003052560895765666
3.1920888797835074,-0.9955587734201722,9.517817878244431,1.0,2.5718571428571426,4413.0,-0.00027291447936761415,0.003052560895765666
3.1918159653041394,-0.995651767705799,9.520870439140198,1.0,2.5715,4414.0,-0.00027291447936805824,0.003052560895767442
3.1915430508247713,-0.9957447619914258,9.523923000035964,1.0,2.571142857142857,4415.0,-0.00027291447936805824,0.003052560895765666
3.1912701363454037,-0.9958377562770525,9.52697556093173,1.0,2.570785714285714,4416.0,-0.00027291447936761415,0.003052560895765666
3.1909972218660356,-0.9959307505626793,9.530028121827495,1.0,2.5704285714285713,4417.0,-0.00027291447936805824,0.003052560895765666
3.190724307386668,-0.996023744848306,9.533080682723261,1.0,2.5700714285714286,4418.0,-0.00027291447936761415,0.003052560895765666
3.1904513929073,-0.9961167391339328,9.536133243619028,1.0,2.569714285714286,4419.0,-0.00027291447936805824,0.003052560895767442
3.1901784784279323,-0.9962097334195595,9.539185804514794,1.0,2.5693571428571427,4420.0,-0.00027291447936761415,0.003052560895765666
3.1899055639485643,-0.9963027277051864,9.54223836541056,1.0,2.569,4421.0,-0.00027291447936805824,0.003052560895765666
3.189614562159727,-0.9962902949490187,9.545490690012898,1.0,2.568923076923077,4422.0,-0.00029100178883734173,0.0032523246023377084
3.18932356037089,-0.9962778621928511,9.548743014615235,1.0,2.568846153846154,4423.0,-0.00029100178883689765,0.0032523246023377084
3.1890325585820527,-0.9962654294366834,9.551995339217575,1.0,2.568769230769231,4424.0,-0.00029100178883734173,0.0032523246023394847
3.188741556793216,-0.9962529966805157,9.555247663819912,1.0,2.5686923076923076,4425.0,-0.00029100178883689765,0.0032523246023377084
3.1884505550043785,-0.9962405639243481,9.55849998842225,1.0,2.5686153846153847,4426.0,-0.00029100178883734173,0.0032523246023377084
3.188159553215541,-0.9962281311681804,9.561752313024588,1.0,2.5685384615384614,4427.0,-0.00029100178883734173,0.0032523246023377084
3.1878685514267042,-0.9962156984120127,9.565004637626927,1.0,2.5684615384615386,4428.0,-0.00029100178883689765,0.0032523246023394847
3.187577549637867,-0.996203265655845,9.568256962229265,1.0,2.5683846153846153,4429.0,-0.00029100178883734173,0.0032523246023377084
3.1872865478490295,-0.9961908328996775,9.571509286831603,1.0,2.5683076923076924,4430.0,-0.00029100178883734173,0.0032523246023377084
3.1869955460601926,-0.9961784001435098,9.57476161143394,1.0,2.568230769230769,4431.0,-0.00029100178883689765,0.0032523246023377084
3.1867045442713553,-0.9961659673873421,9.57801393603628,1.0,2.5681538461538462,4432.0,-0.00029100178883734173,0.0032523246023394847
3.1864135424825184,-0.9961535346311745,9.581266260638618,1.0,2.568076923076923,4433.0,-0.00029100178883689765,0.0032523246023377084
3.186122540693681,-0.9961411018750068,9.584518585240955,1.0,2.568,4434.0,-0.00029100178883734173,0.0032523246023377084
3.1858585726592676,-0.9960428901195403,9.587696763884464,1.0,2.568071428571429,4435.0,-0.00026396803441341987,0.003178178643509
3.1855946046248547,-0.9959446783640736,9.590874942527973,1.0,2.568142857142857,4436.0,-0.0002639680344129758,0.003178178643509
3.1853306365904412,-0.9958464666086071,9.594053121171482,1.0,2.568214285714286,4437.0,-0.00026396803441341987,0.003178178643509
3.185066668556028,-0.9957482548531404,9.597231299814991,1.0,2.5682857142857145,4438.0,-0.00026396803441341987,0.003178178643509
3.1848027005216144,-0.9956500430976739,9.6004094784585,1.0,2.568357142857143,4439.0,-0.00026396803441341987,0.003178178643509
3.1845387324872014,-0.9955518313422073,9.60358765710201,1.0,2.5684285714285715,4440.0,-0.0002639680344129758,0.003178178643509
3.184274764452788,-0.9954536195867407,9.606765835745517,1.0,2.5685,4441.0,-0.00026396803441341987,0.0031781786435072235
3.1840107964183746,-0.9953554078312742,9.609944014389026,1.0,2.5685714285714285,4442.0,-0.00026396803441341987,0.003178178643509
3.1837468283839616,-0.9952571960758075,9.613122193032535,1.0,2.5686428571428572,4443.0,-0.0002639680344129758,0.003178178643509
3.183482860349548,-0.995158984320341,9.616300371676044,1.0,2.5687142857142855,4444.0,-0.00026396803441341987,0.003178178643509
3.1832188923151348,-0.9950607725648744,9.619478550319553,1.0,2.5687857142857142,4445.0,-0.00026396803441341987,0.003178178643509
3.1829549242807214,-0.9949625608094078,9.622656728963062,1.0,2.568857142857143,4446.0,-0.00026396803441341987,0.003178178643509
3.1826909562463084,-0.9948643490539412,9.62583490760657,1.0,2.5689285714285712,4447.0,-0.0002639680344129758,0.003178178643509
3.182426988211895,-0.9947661372984746,9.62901308625008,1.0,2.569,4448.0,-0.00026396803441341987,0.003178178643509
3.182135226315782,-0.9948125325924351,9.633185140137572,1.0,2.5687857142857142,4449.0,-0.00029176189611312964,0.004172053887492311
3.1818434644196687,-0.9948589278863954,9.637357194025064,1.0,2.5685714285714285,4450.0,-0.00029176189611312964,0.004172053887492311
3.181551702523555,-0.9949053231803558,9.641529247912556,1.0,2.568357142857143,4451.0,-0.0002917618961135737,0.004172053887492311
3.181259940627442,-0.9949517184743163,9.645701301800047,1.0,2.568142857142857,4452.0,-0.00029176189611312964,0.004172053887490534
3.180968178731329,-0.9949981137682767,9.64987335568754,1.0,2.5679285714285713,4453.0,-0.00029176189611312964,0.004172053887492311
3.1806764168352157,-0.9950445090622371,9.654045409575032,1.0,2.5677142857142856,4454.0,-0.00029176189611312964,0.004172053887492311
3.1803846549391026,-0.9950909043561975,9.658217463462524,1.0,2.5675,4455.0,-0.00029176189611312964,0.004172053887492311
3.180092893042989,-0.995137299650158,9.662389517350016,1.0,2.567285714285714,4456.0,-0.0002917618961135737,0.004172053887492311
3.179801131146876,-0.9951836949441183,9.666561571237509,1.0,2.5670714285714284,4457.0,-0.00029176189611312964,0.004172053887492311
3.1795093692507628,-0.9952300902380787,9.670733625125001,1.0,2.5668571428571427,4458.0,-0.00029176189611312964,0.004172053887492311
3.1792176073546496,-0.9952764855320392,9.674905679012491,1.0,2.566642857142857,4459.0,-0.00029176189611312964,0.004172053887490534
3.178925845458536,-0.9953228808259996,9.679077732899984,1.0,2.5664285714285713,4460.0,-0.0002917618961135737,0.004172053887492311
3.178634083562423,-0.99536927611996,9.683249786787476,1.0,2.5662142857142856,4461.0,-0.00029176189611312964,0.004172053887492311
3.17834232166631,-0.9954156714139204,9.687421840674968,1.0,2.566,4462.0,-0.00029176189611312964,0.004172053887492311
3.178028771337497,-0.9953953036063526,9.6870721541017,1.0,2.5656923076923075,4463.0,-0.0003135503288129726,-0.00034968657326750474
3.1777152210086843,-0.9953749357987849,9.686722467528433,1.0,2.565384615384615,4464.0,-0.00031355032881252853,-0.00034968657326750474
3.1774016706798713,-0.9953545679912171,9.686372780955166,1.0,2.565076923076923,4465.0,-0.0003135503288129726,-0.00034968657326750474
3.177088120351059,-0.9953342001836494,9.686023094381897,1.0,2.5647692307692305,4466.0,-0.00031355032881252853,-0.0003496865732692811
3.176774570022246,-0.9953138323760816,9.685673407808629,1.0,2.564461538461538,4467.0,-0.0003135503288129726,-0.00034968657326750474
3.1764610196934333,-0.9952934645685139,9.685323721235362,1.0,2.564153846153846,4468.0,-0.00031355032881252853,-0.00034968657326750474
3.1761474693646203,-0.9952730967609461,9.684974034662094,1.0,2.563846153846154,4469.0,-0.0003135503288129726,-0.00034968657326750474
3.175833919035808,-0.9952527289533784,9.684624348088827,1.0,2.5635384615384615,4470.0,-0.00031355032881252853,-0.00034968657326750474
3.175520368706995,-0.9952323611458106,9.684274661515559,1.0,2.563230769230769,4471.0,-0.0003135503288129726,-0.00034968657326750474
3.1752068183781823,-0.9952119933382428,9.68392497494229,1.0,2.562923076923077,4472.0,-0.00031355032881252853,-0.0003496865732692811
3.1748932680493693,-0.9951916255306751,9.683575288369022,1.0,2.5626153846153845,4473.0,-0.0003135503288129726,-0.00034968657326750474
3.174579717720557,-0.9951712577231073,9.683225601795755,1.0,2.562307692307692,4474.0,-0.00031355032881252853,-0.00034968657326750474
3.174266167391744,-0.9951508899155396,9.682875915222487,1.0,2.562,4475.0,-0.0003135503288129726,-0.00034968657326750474
3.1739454284528263,-0.9951714258608078,9.68486968112753,1.0,2.5616923076923075,4476.0,-0.0003207389389174864,0.0019937659050430767
3.1736246895139093,-0.9951919618060759,9.686863447032573,1.0,2.561384615384615,4477.0,-0.0003207389389170423,0.0019937659050430767
3.173303950574992,-0.9952124977513441,9.688857212937616,1.0,2.561076923076923,4478.0,-0.0003207389389174864,0.0019937659050430767
3.1729832116360743,-0.9952330336966123,9.690850978842658,1.0,2.5607692307692305,4479.0,-0.0003207389389174864,0.0019937659050413004
3.1726624726971573,-0.9952535696418805,9.6928447447477,1.0,2.560461538461538,4480.0,-0.0003207389389170423,0.0019937659050430767
3.17234173375824,-0.9952741055871487,9.694838510652744,1.0,2.560153846153846,4481.0,-0.0003207389389174864,0.0019937659050430767
3.1720209948193223,-0.9952946415324169,9.696832276557787,1.0,2.559846153846154,4482.0,-0.0003207389389174864,0.0019937659050430767
3.171700255880405,-0.995315177477685,9.69882604246283,1.0,2.5595384615384615,4483.0,-0.0003207389389174864,0.0019937659050430767
3.171379516941488,-0.9953357134229532,9.700819808367873,1.0,2.559230769230769,4484.0,-0.0003207389389170423,0.0019937659050430767
3.1710587780025703,-0.9953562493682214,9.702813574272914,1.0,2.558923076923077,4485.0,-0.0003207389389174864,0.0019937659050413004
3.170738039063653,-0.9953767853134896,9.704807340177958,1.0,2.5586153846153845,4486.0,-0.0003207389389174864,0.0019937659050430767
3.1704173001247358,-0.9953973212587578,9.706801106083,1.0,2.558307692307692,4487.0,-0.0003207389389170423,0.0019937659050430767
3.1700965611858183,-0.995417857204026,9.708794871988044,1.0,2.558,4488.0,-0.0003207389389174864,0.0019937659050430767
3.1697881471573393,-0.9954166665089516,9.712190419268143,1.0,2.557642857142857,4489.0,-0.00030841402847903154,0.00339554728009972
3.1694797331288607,-0.9954154758138771,9.715585966548243,1.0,2.557285714285714,4490.0,-0.00030841402847858745,0.00339554728009972
3.1691713191003816,-0.9954142851188027,9.718981513828343,1.0,2.556928571428571,4491.0,-0.00030841402847903154,0.00339554728009972
3.1688629050719026,-0.9954130944237283,9.722377061108444,1.0,2.5565714285714285,4492.0,-0.00030841402847903154,0.0033955472801014963
3.168554491043424,-0.9954119037286538,9.725772608388544,1.0,2.5562142857142858,4493.0,-0.00030841402847858745,0.00339554728009972
3.168246077014945,-0.9954107130335794,9.729168155668644,1.0,2.5558571428571426,4494.0,-0.00030841402847903154,0.00339554728009972
3.1679376629864664,-0.995409522338505,9.732563702948744,1.0,2.5555,4495.0,-0.00030841402847858745,0.00339554728009972
3.1676292489579874,-0.9954083316434306,9.735959250228843,1.0,2.555142857142857,4496.0,-0.00030841402847903154,0.00339554728009972
3.1673208349295083,-0.9954071409483561,9.739354797508943,1.0,2.554785714285714,4497.0,-0.00030841402847903154,0.00339554728009972
3.1670124209010297,-0.9954059502532817,9.742750344789043,1.0,2.5544285714285713,4498.0,-0.00030841402847858745,0.00339554728009972
3.1667040068725507,-0.9954047595582073,9.746145892069144,1.0,2.5540714285714285,4499.0,-0.00030841402847903154,0.0033955472801014963
3.1663955928440717,-0.9954035688631329,9.749541439349244,1.0,2.553714285714286,4500.0,-0.00030841402847903154,0.00339554728009972
3.166087178815593,-0.9954023781680584,9.752936986629344,1.0,2.5533571428571427,4501.0,-0.00030841402847858745,0.00339554728009972
3.165778764787114,-0.995401187472984,9.756332533909443,1.0,2.553,4502.0,-0.00030841402847903154,0.00339554728009972
3.1654613204547433,-0.9953360507989029,9.760257836674374,1.0,2.5527142857142855,4503.0,-0.0003174443323707976,0.003925302764930194
3.1651438761223725,-0.9952709141248216,9.764183139439305,1.0,2.5524285714285715,4504.0,-0.0003174443323707976,0.0039253027649319705
3.1648264317900017,-0.9952057774507405,9.768108442204237,1.0,2.552142857142857,4505.0,-0.0003174443323707976,0.0039253027649319705
3.164508987457631,-0.9951406407766593,9.772033744969168,1.0,2.5518571428571426,4506.0,-0.0003174443323707976,0.003925302764930194
3.16419154312526,-0.9950755041025781,9.775959047734098,1.0,2.5515714285714286,4507.0,-0.0003174443323707976,0.003925302764930194
3.1638740987928893,-0.9950103674284969,9.77988435049903,1.0,2.551285714285714,4508.0,-0.0003174443323707976,0.0039253027649319705
3.1635566544605185,-0.9949452307544157,9.783809653263962,1.0,2.551,4509.0,-0.0003174443323707976,0.0039253027649319705
3.1632392101281472,-0.9948800940803345,9.787734956028892,1.0,2.5507142857142857,4510.0,-0.0003174443323712417,0.003925302764930194
3.1629217657957764,-0.9948149574062534,9.791660258793822,1.0,2.5504285714285713,4511.0,-0.0003174443323707976,0.003925302764930194
3.1626043214634056,-0.9947498207321721,9.795585561558754,1.0,2.5501428571428573,4512.0,-0.0003174443323707976,0.0039253027649319705
3.162286877131035,-0.994684684058091,9.799510864323686,1.0,2.549857142857143,4513.0,-0.0003174443323707976,0.0039253027649319705
3.161969432798664,-0.9946195473840098,9.803436167088616,1.0,2.5495714285714284,4514.0,-0.0003174443323707976,0.003925302764930194
3.1616519884662933,-0.9945544107099286,9.807361469853547,1.0,2.5492857142857144,4515.0,-0.0003174443323707976,0.003925302764930194
3.1613345441339225,-0.9944892740358474,9.811286772618478,1.0,2.549,4516.0,-0.0003174443323707976,0.0039253027649319705
3.1609908425577684,-0.9947119435113614,9.81435590993751,1.0,2.5486153846153847,4517.0,-0.00034370157615404295,0.0030691373190308013
3.160647140981615,-0.9949346129868754,9.81742504725654,1.0,2.548230769230769,4518.0,-0.00034370157615359886,0.0030691373190308013
3.1603034394054608,-0.9951572824623893,9.82049418457557,1.0,2.547846153846154,4519.0,-0.00034370157615404295,0.0030691373190308013
3.159959737829307,-0.9953799519379032,9.8235633218946,1.0,2.547461538461538,4520.0,-0.00034370157615359886,0.003069137319029025
3.159616036253153,-0.9956026214134172,9.82663245921363,1.0,2.547076923076923,4521.0,-0.00034370157615404295,0.0030691373190308013
3.1592723346769995,-0.9958252908889311,9.829701596532662,1.0,2.546692307692308,4522.0,-0.00034370157615359886,0.0030691373190308013
3.1589286331008455,-0.9960479603644451,9.832770733851692,1.0,2.546307692307692,4523.0,-0.00034370157615404295,0.0030691373190308013
3.158584931524692,-0.9962706298399591,9.835839871170723,1.0,2.545923076923077,4524.0,-0.00034370157615359886,0.0030691373190308013
3.158241229948538,-0.996493299315473,9.838909008489754,1.0,2.5455384615384617,4525.0,-0.00034370157615404295,0.0030691373190308013
3.1578975283723842,-0.9967159687909869,9.841978145808783,1.0,2.545153846153846,4526.0,-0.00034370157615359886,0.003069137319029025
3.15755382679623,-0.9969386382665009,9.845047283127814,1.0,2.544769230769231,4527.0,-0.00034370157615404295,0.0030691373190308013
3.1572101252200766,-0.9971613077420148,9.848116420446845,1.0,2.5443846153846152,4528.0,-0.00034370157615359886,0.0030691373190308013
3.1568664236439226,-0.9973839772175288,9.851185557765875,1.0,2.544,4529.0,-0.00034370157615404295,0.0030691373190308013
3.1565314031518703,-0.9972480001351816,9.85408022867272,1.0,2.5437142857142856,4530.0,-0.0003350204920522515,0.0028946709068442544
3.156196382659818,-0.9971120230528344,9.856974899579562,1.0,2.5434285714285716,4531.0,-0.0003350204920522515,0.002894670906842478
3.155861362167766,-0.9969760459704872,9.859869570486406,1.0,2.543142857142857,4532.0,-0.0003350204920522515,0.0028946709068442544
3.155526341675714,-0.99684006888814,9.862764241393249,1.0,2.5428571428571427,4533.0,-0.0003350204920518074,0.002894670906842478
3.1551913211836617,-0.9967040918057928,9.865658912300093,1.0,2.5425714285714287,4534.0,-0.0003350204920522515,0.0028946709068442544
3.1548563006916095,-0.9965681147234456,9.868553583206936,1.0,2.5422857142857143,4535.0,-0.0003350204920522515,0.002894670906842478
3.1545212801995572,-0.9964321376410984,9.87144825411378,1.0,2.5420000000000003,4536.0,-0.0003350204920522515,0.0028946709068442544
3.154186259707505,-0.9962961605587511,9.874342925020624,1.0,2.541714285714286,4537.0,-0.0003350204920522515,0.0028946709068442544
3.1538512392154527,-0.996160183476404,9.877237595927467,1.0,2.5414285714285714,4538.0,-0.0003350204920522515,0.002894670906842478
3.1535162187234005,-0.9960242063940568,9.88013226683431,1.0,2.5411428571428574,4539.0,-0.0003350204920522515,0.0028946709068442544
3.1531811982313487,-0.9958882293117096,9.883026937741153,1.0,2.540857142857143,4540.0,-0.0003350204920518074,0.002894670906842478
3.1528461777392964,-0.9957522522293624,9.885921608647998,1.0,2.5405714285714285,4541.0,-0.0003350204920522515,0.0028946709068442544
3.152511157247244,-0.9956162751470152,9.88881627955484,1.0,2.5402857142857145,4542.0,-0.0003350204920522515,0.002894670906842478
3.152176136755192,-0.995480298064668,9.891710950461684,1.0,2.54,4543.0,-0.0003350204920522515,0.0028946709068442544
3.1518170522545095,-0.9953494060251068,9.894483266115754,1.0,2.5395384615384615,4544.0,-0.00035908450068244946,0.002772315654070212
3.151457967753827,-0.9952185139855457,9.897255581769826,1.0,2.539076923076923,4545.0,-0.00035908450068244946,0.0027723156540719884
3.1510988832531446,-0.9950876219459845,9.900027897423897,1.0,2.5386153846153845,4546.0,-0.00035908450068244946,0.002772315654070212
3.1507397987524617,-0.9949567299064235,9.902800213077967,1.0,2.538153846153846,4547.0,-0.00035908450068289355,0.002772315654070212
3.1503807142517792,-0.9948258378668623,9.905572528732039,1.0,2.5376923076923075,4548.0,-0.00035908450068244946,0.0027723156540719884
3.150021629751097,-0.9946949458273011,9.908344844386109,1.0,2.537230769230769,4549.0,-0.00035908450068244946,0.002772315654070212
3.1496625452504143,-0.99456405378774,9.91111716004018,1.0,2.536769230769231,4550.0,-0.00035908450068244946,0.002772315654070212
3.149303460749732,-0.9944331617481789,9.91388947569425,1.0,2.5363076923076924,4551.0,-0.00035908450068244946,0.002772315654070212
3.1489443762490494,-0.9943022697086177,9.916661791348321,1.0,2.535846153846154,4552.0,-0.00035908450068244946,0.0027723156540719884
3.1485852917483665,-0.9941713776690566,9.919434107002392,1.0,2.5353846153846153,4553.0,-0.00035908450068289355,0.002772315654070212
3.148226207247684,-0.9940404856294954,9.922206422656462,1.0,2.534923076923077,4554.0,-0.00035908450068244946,0.002772315654070212
3.1478671227470016,-0.9939095935899344,9.924978738310534,1.0,2.5344615384615383,4555.0,-0.00035908450068244946,0.0027723156540719884
3.147508038246319,-0.9937787015503732,9.927751053964604,1.0,2.534,4556.0,-0.00035908450068244946,0.002772315654070212
3.1471715980582453,-0.9938706191302547,9.929286512868707,1.0,2.5337142857142854,4557.0,-0.0003364401880738832,0.0015354589041027822
3.1468351578701714,-0.993962536710136,9.930821971772808,1.0,2.5334285714285714,4558.0,-0.0003364401880738832,0.0015354589041010058
3.1464987176820975,-0.9940544542900175,9.932357430676909,1.0,2.533142857142857,4559.0,-0.0003364401880738832,0.0015354589041010058
3.146162277494024,-0.994146371869899,9.933892889581012,1.0,2.5328571428571425,4560.0,-0.0003364401880734391,0.0015354589041027822
3.1458258373059502,-0.9942382894497803,9.935428348485114,1.0,2.5325714285714285,4561.0,-0.0003364401880738832,0.0015354589041027822
3.1454893971178763,-0.9943302070296618,9.936963807389215,1.0,2.532285714285714,4562.0,-0.0003364401880738832,0.0015354589041010058
3.1451529569298025,-0.9944221246095432,9.938499266293316,1.0,2.532,4563.0,-0.0003364401880738832,0.0015354589041010058
3.1448165167417286,-0.9945140421894246,9.94003472519742,1.0,2.5317142857142856,4564.0,-0.0003364401880738832,0.0015354589041027822
3.1444800765536547,-0.9946059597693061,9.941570184101522,1.0,2.531428571428571,4565.0,-0.0003364401880738832,0.0015354589041027822
3.144143636365581,-0.9946978773491875,9.943105643005623,1.0,2.531142857142857,4566.0,-0.0003364401880738832,0.0015354589041010058
3.1438071961775074,-0.9947897949290689,9.944641101909724,1.0,2.5308571428571427,4567.0,-0.0003364401880734391,0.0015354589041010058
3.1434707559894335,-0.9948817125089504,9.946176560813827,1.0,2.5305714285714282,4568.0,-0.0003364401880738832,0.0015354589041027822
3.1431343158013596,-0.9949736300888318,9.94771201971793,1.0,2.5302857142857142,4569.0,-0.0003364401880738832,0.0015354589041027822
3.1427978756132857,-0.9950655476687132,9.94924747862203,1.0,2.53,4570.0,-0.0003364401880738832,0.0015354589041010058
3.1424116591664326,-0.9950826875177139,9.9531619960029,1.0,2.5295384615384613,4571.0,-0.00038621644685310486,0.003914517380868787
3.142025442719579,-0.9950998273667144,9.95707651338377,1.0,2.529076923076923,4572.0,-0.00038621644685354894,0.0039145173808705636
3.141639226272726,-0.9951169672157151,9.960991030764639,1.0,2.5286153846153843,4573.0,-0.00038621644685310486,0.003914517380868787
3.141253009825873,-0.9951341070647157,9.964905548145508,1.0,2.528153846153846,4574.0,-0.00038621644685310486,0.003914517380868787
3.1408667933790193,-0.9951512469137163,9.968820065526378,1.0,2.5276923076923077,4575.0,-0.00038621644685354894,0.0039145173808705636
3.140480576932166,-0.9951683867627169,9.972734582907247,1.0,2.527230769230769,4576.0,-0.00038621644685310486,0.003914517380868787
3.140094360485313,-0.9951855266117176,9.976649100288116,1.0,2.5267692307692307,4577.0,-0.00038621644685310486,0.003914517380868787
3.13970814403846,-0.9952026664607182,9.980563617668984,1.0,2.526307692307692,4578.0,-0.00038621644685310486,0.003914517380868787
3.1393219275916064,-0.9952198063097187,9.984478135049855,1.0,2.5258461538461536,4579.0,-0.00038621644685354894,0.0039145173808705636
3.1389357111447533,-0.9952369461587194,9.988392652430724,1.0,2.5253846153846156,4580.0,-0.00038621644685310486,0.003914517380868787
3.1385494946979002,-0.99525408600772,9.992307169811593,1.0,2.524923076923077,4581.0,-0.00038621644685310486,0.003914517380868787
3.1381632782510467,-0.9952712258567206,9.996221687192463,1.0,2.5244615384615385,4582.0,-0.00038621644685354894,0.0039145173808705636
3.1377770618041936,-0.9952883657057212,10.000136204573332,1.0,2.524,4583.0,-0.00038621644685310486,0.003914517380868787
3.137429748055305,-0.9952719139463863,10.004535836065601,1.0,2.5237142857142856,4584.0,-0.00034731374888874456,0.004399631492269407
3.1370824343064165,-0.9952554621870512,10.00893546755787,1.0,2.5234285714285716,4585.0,-0.00034731374888830047,0.004399631492269407
3.136735120557528,-0.9952390104277162,10.01333509905014,1.0,2.523142857142857,4586.0,-0.00034731374888874456,0.004399631492269407
3.1363878068086395,-0.9952225586683812,10.01773473054241,1.0,2.5228571428571427,4587.0,-0.00034731374888830047,0.004399631492269407
3.1360404930597507,-0.9952061069090462,10.022134362034679,1.0,2.5225714285714287,4588.0,-0.00034731374888874456,0.004399631492269407
3.1356931793108624,-0.9951896551497111,10.026533993526948,1.0,2.5222857142857142,4589.0,-0.00034731374888830047,0.004399631492269407
3.1353458655619737,-0.9951732033903762,10.030933625019218,1.0,2.5220000000000002,4590.0,-0.00034731374888874456,0.004399631492269407
3.134998551813085,-0.9951567516310412,10.035333256511485,1.0,2.521714285714286,4591.0,-0.00034731374888874456,0.0043996314922676305
3.1346512380641967,-0.9951402998717062,10.039732888003755,1.0,2.5214285714285714,4592.0,-0.00034731374888830047,0.004399631492269407
3.134303924315308,-0.9951238481123712,10.044132519496024,1.0,2.5211428571428574,4593.0,-0.00034731374888874456,0.004399631492269407
3.1339566105664196,-0.9951073963530361,10.048532150988294,1.0,2.520857142857143,4594.0,-0.00034731374888830047,0.004399631492269407
3.133609296817531,-0.9950909445937012,10.052931782480563,1.0,2.5205714285714285,4595.0,-0.00034731374888874456,0.004399631492269407
3.1332619830686426,-0.9950744928343661,10.057331413972832,1.0,2.5202857142857145,4596.0,-0.00034731374888830047,0.004399631492269407
3.132914669319754,-0.9950580410750312,10.061731045465102,1.0,2.52,4597.0,-0.00034731374888874456,0.004399631492269407
3.1324934056456155,-0.9950170370355145,10.063676279942241,1.0,2.5195384615384615,4598.0,-0.0004212636741383058,0.001945234477139124
3.1320721419714768,-0.9949760329959979,10.06562151441938,1.0,2.519076923076923,4599.0,-0.0004212636741387499,0.001945234477139124
3.1316508782973385,-0.9949350289564812,10.06756674889652,1.0,2.5186153846153845,4600.0,-0.0004212636741383058,0.001945234477139124
3.1312296146231997,-0.9948940249169645,10.069511983373658,1.0,2.518153846153846,4601.0,-0.0004212636741387499,0.001945234477139124
3.1308083509490614,-0.994853020877448,10.071457217850798,1.0,2.5176923076923075,4602.0,-0.0004212636741383058,0.001945234477139124
3.1303870872749227,-0.9948120168379313,10.073402452327937,1.0,2.517230769230769,4603.0,-0.0004212636741387499,0.001945234477139124
3.1299658236007843,-0.9947710127984146,10.075347686805078,1.0,2.516769230769231,4604.0,-0.0004212636741383058,0.0019452344771409003
3.1295445599266456,-0.9947300087588979,10.077292921282217,1.0,2.5163076923076924,4605.0,-0.0004212636741387499,0.001945234477139124
3.1291232962525073,-0.9946890047193814,10.079238155759356,1.0,2.515846153846154,4606.0,-0.0004212636741383058,0.001945234477139124
3.1287020325783685,-0.9946480006798647,10.081183390236495,1.0,2.5153846153846153,4607.0,-0.0004212636741387499,0.001945234477139124
3.1282807689042302,-0.994606996640348,10.083128624713634,1.0,2.514923076923077,4608.0,-0.0004212636741383058,0.001945234477139124
3.1278595052300915,-0.9945659926008314,10.085073859190773,1.0,2.5144615384615383,4609.0,-0.0004212636741387499,0.001945234477139124
3.127438241555953,-0.9945249885613148,10.087019093667912,1.0,2.514,4610.0,-0.0004212636741383058,0.001945234477139124
3.127071148075861,-0.994613621007151,10.08997816797465,1.0,2.513642857142857,4611.0,-0.0003670934800923398,0.0029590743067373637
3.126704054595768,-0.9947022534529872,10.092937242281387,1.0,2.513285714285714,4612.0,-0.00036709348009278386,0.0029590743067373637
3.1263369611156757,-0.9947908858988235,10.095896316588126,1.0,2.512928571428571,4613.0,-0.0003670934800923398,0.00295907430673914
3.1259698676355834,-0.9948795183446597,10.098855390894864,1.0,2.5125714285714285,4614.0,-0.0003670934800923398,0.0029590743067373637
3.1256027741554906,-0.9949681507904959,10.1018144652016,1.0,2.5122142857142857,4615.0,-0.00036709348009278386,0.0029590743067373637
3.1252356806753983,-0.9950567832363322,10.104773539508338,1.0,2.5118571428571426,4616.0,-0.0003670934800923398,0.0029590743067373637
3.1248685871953055,-0.9951454156821684,10.107732613815077,1.0,2.5115,4617.0,-0.00036709348009278386,0.00295907430673914
3.124501493715213,-0.9952340481280046,10.110691688121815,1.0,2.511142857142857,4618.0,-0.0003670934800923398,0.0029590743067373637
3.124134400235121,-0.9953226805738409,10.113650762428552,1.0,2.510785714285714,4619.0,-0.0003670934800923398,0.0029590743067373637
3.123767306755028,-0.9954113130196771,10.11660983673529,1.0,2.5104285714285712,4620.0,-0.00036709348009278386,0.0029590743067373637
3.1234002132749357,-0.9954999454655133,10.119568911042027,1.0,2.5100714285714285,4621.0,-0.0003670934800923398,0.0029590743067373637
3.1230331197948433,-0.9955885779113496,10.122527985348766,1.0,2.509714285714286,4622.0,-0.0003670934800923398,0.00295907430673914
3.1226660263147505,-0.9956772103571858,10.125487059655503,1.0,2.5093571428571426,4623.0,-0.00036709348009278386,0.0029590743067373637
3.122298932834658,-0.995765842803022,10.12844613396224,1.0,2.509,4624.0,-0.0003670934800923398,0.0029590743067373637
3.121883046396609,-0.9954996245122896,10.129871705790181,1.0,2.5086153846153847,4625.0,-0.0004158864380490179,0.0014255718279407859
3.12146715995856,-0.9952334062215572,10.131297277618122,1.0,2.508230769230769,4626.0,-0.0004158864380490179,0.0014255718279407859
3.1210512735205116,-0.9949671879308247,10.132722849446063,1.0,2.507846153846154,4627.0,-0.00041588643804857384,0.0014255718279407859
3.1206353870824626,-0.9947009696400924,10.134148421274004,1.0,2.507461538461538,4628.0,-0.0004158864380490179,0.0014255718279407859
3.1202195006444136,-0.9944347513493599,10.135573993101945,1.0,2.507076923076923,4629.0,-0.0004158864380490179,0.0014255718279407859
3.1198036142063645,-0.9941685330586274,10.136999564929885,1.0,2.5066923076923078,4630.0,-0.0004158864380490179,0.0014255718279407859
3.119387727768316,-0.993902314767895,10.138425136757824,1.0,2.506307692307692,4631.0,-0.00041588643804857384,0.0014255718279390095
3.118971841330267,-0.9936360964771626,10.139850708585765,1.0,2.505923076923077,4632.0,-0.0004158864380490179,0.0014255718279407859
3.118555954892218,-0.9933698781864301,10.141276280413706,1.0,2.5055384615384617,4633.0,-0.0004158864380490179,0.0014255718279407859
3.118140068454169,-0.9931036598956977,10.142701852241647,1.0,2.505153846153846,4634.0,-0.0004158864380490179,0.0014255718279407859
3.1177241820161203,-0.9928374416049652,10.144127424069588,1.0,2.504769230769231,4635.0,-0.00041588643804857384,0.0014255718279407859
3.1173082955780713,-0.9925712233142329,10.145552995897528,1.0,2.504384615384615,4636.0,-0.0004158864380490179,0.0014255718279407859
3.1168924091400223,-0.9923050050235004,10.14697856772547,1.0,2.504,4637.0,-0.0004158864380490179,0.0014255718279407859
3.116490491180521,-0.992605025374502,10.151744053437707,1.0,2.5035714285714286,4638.0,-0.00040191795950139664,0.0047654857122374494
3.11608857322102,-0.9929050457255038,10.156509539149944,1.0,2.503142857142857,4639.0,-0.00040191795950095255,0.0047654857122374494
3.115686655261519,-0.9932050660765055,10.161275024862181,1.0,2.5027142857142857,4640.0,-0.00040191795950095255,0.0047654857122374494
3.1152847373020176,-0.9935050864275071,10.166040510574419,1.0,2.5022857142857142,4641.0,-0.00040191795950139664,0.0047654857122374494
3.114882819342516,-0.9938051067785088,10.170805996286656,1.0,2.501857142857143,4642.0,-0.00040191795950139664,0.0047654857122374494
3.1144809013830153,-0.9941051271295105,10.175571481998894,1.0,2.5014285714285713,4643.0,-0.00040191795950095255,0.0047654857122374494
3.1140789834235143,-0.9944051474805122,10.180336967711131,1.0,2.501,4644.0,-0.00040191795950095255,0.0047654857122374494
3.113677065464013,-0.9947051678315139,10.18510245342337,1.0,2.500571428571429,4645.0,-0.00040191795950139664,0.004765485712239226
3.1132751475045115,-0.9950051881825155,10.189867939135608,1.0,2.5001428571428574,4646.0,-0.00040191795950139664,0.0047654857122374494
3.1128732295450106,-0.9953052085335172,10.194633424847845,1.0,2.499714285714286,4647.0,-0.00040191795950095255,0.0047654857122374494
3.1124713115855096,-0.995605228884519,10.199398910560083,1.0,2.4992857142857146,4648.0,-0.00040191795950095255,0.0047654857122374494
3.112069393626008,-0.9959052492355206,10.20416439627232,1.0,2.498857142857143,4649.0,-0.00040191795950139664,0.0047654857122374494
3.111667475666507,-0.9962052695865222,10.208929881984558,1.0,2.4984285714285717,4650.0,-0.00040191795950139664,0.0047654857122374494
3.111265557707006,-0.996505289937524,10.213695367696795,1.0,2.498,4651.0,-0.00040191795950095255,0.0047654857122374494
3.11082725487273,-0.9964649383153802,10.217377281032645,1.0,2.4975384615384617,4652.0,-0.0004383028342758166,0.0036819133358498846
3.1103889520384542,-0.9964245866932365,10.221059194368495,1.0,2.497076923076923,4653.0,-0.0004383028342758166,0.0036819133358498846
3.1099506492041784,-0.9963842350710927,10.224741107704345,1.0,2.4966153846153847,4654.0,-0.0004383028342758166,0.0036819133358498846
3.1095123463699026,-0.9963438834489491,10.228423021040197,1.0,2.496153846153846,4655.0,-0.0004383028342758166,0.003681913335851661
3.1090740435356268,-0.9963035318268053,10.232104934376046,1.0,2.4956923076923077,4656.0,-0.0004383028342758166,0.0036819133358498846
3.108635740701351,-0.9962631802046616,10.235786847711896,1.0,2.495230769230769,4657.0,-0.0004383028342758166,0.0036819133358498846
3.1081974378670747,-0.9962228285825179,10.239468761047746,1.0,2.494769230769231,4658.0,-0.0004383028342762607,0.0036819133358498846
3.107759135032799,-0.9961824769603742,10.243150674383596,1.0,2.4943076923076926,4659.0,-0.0004383028342758166,0.0036819133358498846
3.107320832198523,-0.9961421253382304,10.246832587719446,1.0,2.493846153846154,4660.0,-0.0004383028342758166,0.0036819133358498846
3.1068825293642472,-0.9961017737160868,10.250514501055298,1.0,2.4933846153846155,4661.0,-0.0004383028342758166,0.003681913335851661
3.1064442265299714,-0.996061422093943,10.254196414391147,1.0,2.492923076923077,4662.0,-0.0004383028342758166,0.0036819133358498846
3.1060059236956956,-0.9960210704717993,10.257878327726997,1.0,2.4924615384615385,4663.0,-0.0004383028342758166,0.0036819133358498846
3.10556762086142,-0.9959807188496556,10.261560241062847,1.0,2.492,4664.0,-0.0004383028342758166,0.0036819133358498846
3.105151583319607,-0.9958788117190254,10.262924554469397,1.0,2.4916428571428573,4665.0,-0.00041603754181274155,0.0013643134065493001
3.1047355457777943,-0.9957769045883952,10.264288867875946,1.0,2.491285714285714,4666.0,-0.00041603754181274155,0.0013643134065493001
3.1043195082359816,-0.9956749974577649,10.265653181282495,1.0,2.4909285714285714,4667.0,-0.00041603754181274155,0.0013643134065493001
3.103903470694169,-0.9955730903271347,10.267017494689043,1.0,2.4905714285714287,4668.0,-0.00041603754181274155,0.0013643134065475238
3.103487433152356,-0.9954711831965045,10.268381808095592,1.0,2.490214285714286,4669.0,-0.00041603754181274155,0.0013643134065493001
3.1030713956105433,-0.9953692760658743,10.269746121502141,1.0,2.4898571428571428,4670.0,-0.00041603754181274155,0.0013643134065493001
3.1026553580687306,-0.9952673689352441,10.27111043490869,1.0,2.4895,4671.0,-0.00041603754181274155,0.0013643134065493001
3.102239320526918,-0.9951654618046138,10.27247474831524,1.0,2.4891428571428573,4672.0,-0.00041603754181274155,0.0013643134065493001
3.101823282985105,-0.9950635546739837,10.27383906172179,1.0,2.488785714285714,4673.0,-0.00041603754181274155,0.0013643134065493001
3.1014072454432924,-0.9949616475433535,10.275203375128338,1.0,2.4884285714285714,4674.0,-0.00041603754181274155,0.0013643134065493001
3.1009912079014796,-0.9948597404127233,10.276567688534886,1.0,2.4880714285714287,4675.0,-0.00041603754181274155,0.0013643134065475238
3.100575170359667,-0.994757833282093,10.277932001941435,1.0,2.487714285714286,4676.0,-0.00041603754181274155,0.0013643134065493001
3.100159132817854,-0.9946559261514628,10.279296315347985,1.0,2.487357142857143,4677.0,-0.00041603754181274155,0.0013643134065493001
3.0997430952760414,-0.9945540190208326,10.280660628754534,1.0,2.487,4678.0,-0.00041603754181274155,0.0013643134065493001
3.0992709951152633,-0.994729551916921,10.284147413107386,1.0,2.4864615384615387,4679.0,-0.0004721001607781439,0.0034867843528516573
3.0987988949544856,-0.9949050848130094,10.287634197460237,1.0,2.485923076923077,4680.0,-0.0004721001607776998,0.0034867843528516573
3.0983267947937074,-0.9950806177090978,10.291120981813089,1.0,2.4853846153846155,4681.0,-0.0004721001607781439,0.0034867843528516573
3.0978546946329297,-0.9952561506051862,10.29460776616594,1.0,2.4848461538461537,4682.0,-0.0004721001607776998,0.0034867843528516573
3.0973825944721516,-0.9954316835012746,10.298094550518792,1.0,2.4843076923076923,4683.0,-0.0004721001607781439,0.0034867843528516573
3.096910494311374,-0.995607216397363,10.301581334871644,1.0,2.483769230769231,4684.0,-0.0004721001607776998,0.0034867843528516573
3.0964383941505957,-0.9957827492934516,10.305068119224494,1.0,2.483230769230769,4685.0,-0.0004721001607781439,0.003486784352849881
3.095966293989818,-0.99595828218954,10.308554903577345,1.0,2.4826923076923078,4686.0,-0.0004721001607776998,0.0034867843528516573
3.09549419382904,-0.9961338150856284,10.312041687930197,1.0,2.4821538461538464,4687.0,-0.0004721001607781439,0.0034867843528516573
3.095022093668262,-0.9963093479817168,10.315528472283049,1.0,2.4816153846153846,4688.0,-0.0004721001607776998,0.0034867843528516573
3.094549993507484,-0.9964848808778052,10.3190152566359,1.0,2.481076923076923,4689.0,-0.0004721001607781439,0.0034867843528516573
3.0940778933467064,-0.9966604137738936,10.322502040988752,1.0,2.4805384615384614,4690.0,-0.0004721001607776998,0.0034867843528516573
3.093605793185928,-0.996835946669982,10.325988825341604,1.0,2.48,4691.0,-0.0004721001607781439,0.0034867843528516573
3.0931544212028115,-0.9967657946235228,10.32637302885851,1.0,2.4795714285714285,4692.0,-0.0004513719831167329,0.00038420351690682253
3.0927030492196943,-0.9966956425770637,10.326757232375417,1.0,2.479142857142857,4693.0,-0.00045137198311717697,0.00038420351690682253
3.0922516772365776,-0.9966254905306045,10.327141435892324,1.0,2.4787142857142856,4694.0,-0.0004513719831167329,0.00038420351690682253
3.091800305253461,-0.9965553384841453,10.32752563940923,1.0,2.478285714285714,4695.0,-0.0004513719831167329,0.00038420351690504617
3.091348933270344,-0.9964851864376861,10.327909842926136,1.0,2.4778571428571428,4696.0,-0.0004513719831167329,0.00038420351690682253
3.090897561287227,-0.996415034391227,10.328294046443043,1.0,2.4774285714285713,4697.0,-0.00045137198311717697,0.00038420351690682253
3.09044618930411,-0.9963448823447678,10.32867824995995,1.0,2.477,4698.0,-0.0004513719831167329,0.00038420351690682253
3.0899948173209935,-0.9962747302983086,10.329062453476856,1.0,2.476571428571429,4699.0,-0.0004513719831167329,0.00038420351690682253
3.0895434453378763,-0.9962045782518495,10.329446656993763,1.0,2.4761428571428574,4700.0,-0.00045137198311717697,0.00038420351690682253
3.0890920733547595,-0.9961344262053903,10.32983086051067,1.0,2.475714285714286,4701.0,-0.0004513719831167329,0.00038420351690682253
3.088640701371643,-0.9960642741589312,10.330215064027575,1.0,2.4752857142857145,4702.0,-0.0004513719831167329,0.00038420351690504617
3.088189329388526,-0.995994122112472,10.330599267544482,1.0,2.474857142857143,4703.0,-0.0004513719831167329,0.00038420351690682253
3.087737957405409,-0.9959239700660129,10.330983471061389,1.0,2.4744285714285716,4704.0,-0.00045137198311717697,0.00038420351690682253
3.087286585422292,-0.9958538180195536,10.331367674578296,1.0,2.474,4705.0,-0.0004513719831167329,0.00038420351690682253
3.086789851794052,-0.9956972676491299,10.335303032581763,1.0,2.473461538461539,4706.0,-0.000496733628239987,0.003935358003467115
3.086293118165812,-0.9955407172787061,10.33923839058523,1.0,2.472923076923077,4707.0,-0.000496733628239987,0.003935358003467115
3.0857963845375718,-0.9953841669082824,10.343173748588697,1.0,2.4723846153846156,4708.0,-0.0004967336282404311,0.003935358003467115
3.085299650909332,-0.9952276165378585,10.347109106592164,1.0,2.471846153846154,4709.0,-0.000496733628239987,0.003935358003467115
3.084802917281092,-0.9950710661674348,10.351044464595631,1.0,2.4713076923076924,4710.0,-0.000496733628239987,0.003935358003467115
3.084306183652852,-0.994914515797011,10.354979822599098,1.0,2.470769230769231,4711.0,-0.000496733628239987,0.003935358003467115
3.0838094500246114,-0.9947579654265872,10.358915180602567,1.0,2.4702307692307692,4712.0,-0.0004967336282404311,0.003935358003468892
3.0833127163963714,-0.9946014150561634,10.362850538606034,1.0,2.469692307692308,4713.0,-0.000496733628239987,0.003935358003467115
3.0828159827681314,-0.9944448646857397,10.366785896609501,1.0,2.4691538461538465,4714.0,-0.000496733628239987,0.003935358003467115
3.0823192491398914,-0.9942883143153158,10.370721254612969,1.0,2.4686153846153847,4715.0,-0.000496733628239987,0.003935358003467115
3.081822515511651,-0.9941317639448921,10.374656612616436,1.0,2.4680769230769233,4716.0,-0.0004967336282404311,0.003935358003467115
3.081325781883411,-0.9939752135744683,10.378591970619903,1.0,2.4675384615384615,4717.0,-0.000496733628239987,0.003935358003467115
3.080829048255171,-0.9938186632040446,10.38252732862337,1.0,2.467,4718.0,-0.000496733628239987,0.003935358003467115
3.0803521723210907,-0.9938216230785742,10.3848929355161,1.0,2.4665,4719.0,-0.0004768759340803008,0.0023656068927309093
3.0798752963870104,-0.9938245829531039,10.38725854240883,1.0,2.466,4720.0,-0.0004768759340803008,0.002365606892729133
3.07939842045293,-0.9938275428276336,10.38962414930156,1.0,2.4655,4721.0,-0.0004768759340803008,0.0023656068927309093
3.07892154451885,-0.9938305027021633,10.391989756194292,1.0,2.465,4722.0,-0.0004768759340803008,0.0023656068927309093
3.0784446685847695,-0.993833462576693,10.394355363087023,1.0,2.4645,4723.0,-0.0004768759340803008,0.0023656068927309093
3.077967792650689,-0.9938364224512227,10.396720969979752,1.0,2.464,4724.0,-0.0004768759340803008,0.002365606892729133
3.077490916716609,-0.9938393823257525,10.399086576872483,1.0,2.4635000000000002,4725.0,-0.0004768759340803008,0.0023656068927309093
3.077014040782528,-0.9938423422002822,10.401452183765214,1.0,2.463,4726.0,-0.0004768759340807449,0.0023656068927309093
3.076537164848448,-0.9938453020748119,10.403817790657943,1.0,2.4625,4727.0,-0.0004768759340803008,0.002365606892729133
3.0760602889143676,-0.9938482619493416,10.406183397550674,1.0,2.462,4728.0,-0.0004768759340803008,0.0023656068927309093
3.0755834129802873,-0.9938512218238713,10.408549004443405,1.0,2.4615,4729.0,-0.0004768759340803008,0.0023656068927309093
3.075106537046207,-0.993854181698401,10.410914611336135,1.0,2.461,4730.0,-0.0004768759340803008,0.0023656068927309093
3.0746296611121267,-0.9938571415729307,10.413280218228865,1.0,2.4605,4731.0,-0.0004768759340803008,0.002365606892729133
3.0741527851780464,-0.9938601014474604,10.415645825121596,1.0,2.46,4732.0,-0.0004768759340803008,0.0023656068927309093
3.0736408874975485,-0.9937570418785886,10.420799577207399,1.0,2.4594615384615386,4733.0,-0.0005118976804978637,0.005153752085803376
3.073128989817051,-0.9936539823097169,10.425953329293202,1.0,2.4589230769230768,4734.0,-0.0005118976804974196,0.005153752085803376
3.072617092136553,-0.9935509227408451,10.431107081379007,1.0,2.4583846153846154,4735.0,-0.0005118976804978637,0.005153752085805152
3.072105194456056,-0.9934478631719734,10.43626083346481,1.0,2.4578461538461536,4736.0,-0.0005118976804974196,0.005153752085803376
3.071593296775558,-0.9933448036031016,10.441414585550614,1.0,2.457307692307692,4737.0,-0.0005118976804978637,0.005153752085803376
3.07108139909506,-0.9932417440342298,10.446568337636418,1.0,2.456769230769231,4738.0,-0.0005118976804978637,0.005153752085803376
3.0705695014145626,-0.9931386844653581,10.451722089722223,1.0,2.456230769230769,4739.0,-0.0005118976804974196,0.005153752085805152
3.0700576037340648,-0.9930356248964863,10.456875841808026,1.0,2.4556923076923076,4740.0,-0.0005118976804978637,0.005153752085803376
3.069545706053567,-0.9929325653276145,10.46202959389383,1.0,2.4551538461538462,4741.0,-0.0005118976804978637,0.005153752085803376
3.0690338083730695,-0.9928295057587428,10.467183345979633,1.0,2.4546153846153844,4742.0,-0.0005118976804974196,0.005153752085803376
3.0685219106925716,-0.992726446189871,10.472337098065438,1.0,2.454076923076923,4743.0,-0.0005118976804978637,0.005153752085805152
3.068010013012074,-0.9926233866209994,10.477490850151241,1.0,2.4535384615384612,4744.0,-0.0005118976804974196,0.005153752085803376
3.0674981153315763,-0.9925203270521276,10.482644602237045,1.0,2.453,4745.0,-0.0005118976804978637,0.005153752085803376
3.06700184346405,-0.9927627538413384,10.484001735804524,1.0,2.4524999999999997,4746.0,-0.0004962718675263211,0.0013571335674793517
3.0665055715965237,-0.9930051806305492,10.485358869372003,1.0,2.452,4747.0,-0.0004962718675263211,0.0013571335674793517
3.066009299728997,-0.9932476074197599,10.486716002939483,1.0,2.4515,4748.0,-0.0004962718675267652,0.0013571335674793517
3.0655130278614706,-0.9934900342089708,10.488073136506964,1.0,2.451,4749.0,-0.0004962718675263211,0.001357133567481128
3.0650167559939443,-0.9937324609981816,10.489430270074443,1.0,2.4505,4750.0,-0.0004962718675263211,0.0013571335674793517
3.064520484126418,-0.9939748877873924,10.490787403641923,1.0,2.45,4751.0,-0.0004962718675263211,0.0013571335674793517
3.064024212258891,-0.9942173145766031,10.492144537209402,1.0,2.4495,4752.0,-0.0004962718675267652,0.0013571335674793517
3.063527940391365,-0.9944597413658139,10.493501670776881,1.0,2.449,4753.0,-0.0004962718675263211,0.0013571335674793517
3.0630316685238386,-0.9947021681550248,10.49485880434436,1.0,2.4485,4754.0,-0.0004962718675263211,0.0013571335674793517
3.0625353966563122,-0.9949445949442356,10.49621593791184,1.0,2.448,4755.0,-0.0004962718675263211,0.0013571335674793517
3.062039124788786,-0.9951870217334464,10.497573071479321,1.0,2.4475000000000002,4756.0,-0.0004962718675263211,0.001357133567481128
3.061542852921259,-0.9954294485226571,10.4989302050468,1.0,2.447,4757.0,-0.0004962718675267652,0.0013571335674793517
3.061046581053733,-0.995671875311868,10.50028733861428,1.0,2.4465000000000003,4758.0,-0.0004962718675263211,0.0013571335674793517
3.0605503091862065,-0.9959143021010788,10.50164447218176,1.0,2.446,4759.0,-0.0004962718675263211,0.0013571335674793517
3.0599945630076766,-0.995961862694125,10.503852776251257,1.0,2.445461538461539,4760.0,-0.0005557461785299367,0.0022083040694980127
3.0594388168291466,-0.9960094232871712,10.506061080320757,1.0,2.444923076923077,4761.0,-0.0005557461785299367,0.002208304069499789
3.0588830706506167,-0.9960569838802175,10.508269384390255,1.0,2.4443846153846156,4762.0,-0.0005557461785299367,0.0022083040694980127
3.0583273244720868,-0.9961045444732637,10.510477688459755,1.0,2.443846153846154,4763.0,-0.0005557461785299367,0.002208304069499789
3.057771578293557,-0.9961521050663099,10.512685992529253,1.0,2.4433076923076924,4764.0,-0.0005557461785299367,0.0022083040694980127
3.057215832115027,-0.9961996656593561,10.51489429659875,1.0,2.442769230769231,4765.0,-0.0005557461785299367,0.0022083040694980127
3.0566600859364974,-0.9962472262524025,10.51710260066825,1.0,2.442230769230769,4766.0,-0.0005557461785294926,0.002208304069499789
3.0561043397579675,-0.9962947868454487,10.519310904737749,1.0,2.441692307692308,4767.0,-0.0005557461785299367,0.0022083040694980127
3.0555485935794375,-0.9963423474384949,10.521519208807247,1.0,2.4411538461538465,4768.0,-0.0005557461785299367,0.0022083040694980127
3.0549928474009076,-0.9963899080315411,10.523727512876746,1.0,2.4406153846153846,4769.0,-0.0005557461785299367,0.002208304069499789
3.0544371012223777,-0.9964374686245874,10.525935816946244,1.0,2.4400769230769233,4770.0,-0.0005557461785299367,0.0022083040694980127
3.0538813550438477,-0.9964850292176336,10.528144121015744,1.0,2.4395384615384614,4771.0,-0.0005557461785299367,0.002208304069499789
3.053325608865318,-0.9965325898106798,10.530352425085242,1.0,2.439,4772.0,-0.0005557461785299367,0.0022083040694980127
3.052810066283472,-0.9964083520920629,10.532299324560254,1.0,2.4385,4773.0,-0.0005155425818457182,0.0019468994750120316
3.0522945237016263,-0.996284114373446,10.534246224035266,1.0,2.438,4774.0,-0.0005155425818457182,0.0019468994750120316
3.0517789811197806,-0.9961598766548291,10.536193123510278,1.0,2.4375,4775.0,-0.0005155425818457182,0.0019468994750120316
3.051263438537935,-0.9960356389362122,10.53814002298529,1.0,2.437,4776.0,-0.0005155425818457182,0.0019468994750120316
3.050747895956089,-0.9959114012175952,10.540086922460302,1.0,2.4365,4777.0,-0.0005155425818457182,0.0019468994750120316
3.0502323533742435,-0.9957871634989783,10.542033821935314,1.0,2.436,4778.0,-0.0005155425818457182,0.0019468994750120316
3.0497168107923978,-0.9956629257803614,10.543980721410326,1.0,2.4355,4779.0,-0.0005155425818457182,0.0019468994750120316
3.049201268210552,-0.9955386880617445,10.54592762088534,1.0,2.435,4780.0,-0.0005155425818457182,0.001946899475013808
3.0486857256287063,-0.9954144503431276,10.547874520360352,1.0,2.4345,4781.0,-0.0005155425818457182,0.0019468994750120316
3.0481701830468606,-0.9952902126245107,10.549821419835364,1.0,2.434,4782.0,-0.0005155425818457182,0.0019468994750120316
3.047654640465015,-0.9951659749058938,10.551768319310376,1.0,2.4335,4783.0,-0.0005155425818457182,0.0019468994750120316
3.047139097883169,-0.9950417371872768,10.553715218785388,1.0,2.433,4784.0,-0.0005155425818457182,0.0019468994750120316
3.0466235553013234,-0.9949174994686599,10.5556621182604,1.0,2.4325,4785.0,-0.0005155425818457182,0.0019468994750120316
3.0461080127194777,-0.994793261750043,10.557609017735412,1.0,2.432,4786.0,-0.0005155425818457182,0.0019468994750120316
3.0455194466899855,-0.9948094963928009,10.559847111210374,1.0,2.4313846153846153,4787.0,-0.000588566029492199,0.002238093474961289
3.0449308806604933,-0.9948257310355588,10.562085204685335,1.0,2.4307692307692306,4788.0,-0.000588566029492199,0.002238093474961289
3.0443423146310007,-0.9948419656783167,10.564323298160295,1.0,2.430153846153846,4789.0,-0.0005885660294926431,0.0022380934749595127
3.0437537486015085,-0.9948582003210747,10.566561391635256,1.0,2.4295384615384616,4790.0,-0.000588566029492199,0.002238093474961289
3.0431651825720163,-0.9948744349638327,10.568799485110217,1.0,2.428923076923077,4791.0,-0.000588566029492199,0.002238093474961289
3.042576616542524,-0.9948906696065906,10.571037578585178,1.0,2.4283076923076923,4792.0,-0.000588566029492199,0.002238093474961289
3.0419880505130314,-0.9949069042493485,10.573275672060138,1.0,2.4276923076923076,4793.0,-0.0005885660294926431,0.0022380934749595127
3.0413994844835393,-0.9949231388921064,10.5755137655351,1.0,2.427076923076923,4794.0,-0.000588566029492199,0.002238093474961289
3.040810918454047,-0.9949393735348643,10.57775185901006,1.0,2.4264615384615382,4795.0,-0.000588566029492199,0.002238093474961289
3.040222352424555,-0.9949556081776223,10.579989952485022,1.0,2.425846153846154,4796.0,-0.000588566029492199,0.002238093474961289
3.039633786395062,-0.9949718428203802,10.582228045959981,1.0,2.4252307692307693,4797.0,-0.0005885660294926431,0.0022380934749595127
3.03904522036557,-0.9949880774631381,10.584466139434943,1.0,2.4246153846153846,4798.0,-0.000588566029492199,0.002238093474961289
3.038456654336078,-0.995004312105896,10.586704232909904,1.0,2.424,4799.0,-0.000588566029492199,0.002238093474961289
3.0378882693044233,-0.9951017849969566,10.590318888863186,1.0,2.4234285714285715,4800.0,-0.0005683850316544614,0.003614655953281698
3.037319884272769,-0.9951992578880171,10.593933544816467,1.0,2.4228571428571426,4801.0,-0.0005683850316544614,0.003614655953281698
3.0367514992411144,-0.9952967307790777,10.597548200769749,1.0,2.422285714285714,4802.0,-0.0005683850316544614,0.003614655953281698
3.03618311420946,-0.9953942036701382,10.60116285672303,1.0,2.4217142857142857,4803.0,-0.0005683850316544614,0.003614655953281698
3.0356147291778055,-0.9954916765611987,10.604777512676312,1.0,2.4211428571428573,4804.0,-0.0005683850316544614,0.003614655953281698
3.035046344146151,-0.9955891494522593,10.608392168629594,1.0,2.4205714285714284,4805.0,-0.0005683850316544614,0.003614655953281698
3.034477959114496,-0.9956866223433198,10.612006824582876,1.0,2.42,4806.0,-0.0005683850316549055,0.003614655953281698
3.0339095740828417,-0.9957840952343805,10.615621480536158,1.0,2.4194285714285715,4807.0,-0.0005683850316544614,0.003614655953281698
3.033341189051187,-0.995881568125441,10.61923613648944,1.0,2.4188571428571426,4808.0,-0.0005683850316544614,0.003614655953281698
3.0327728040195328,-0.9959790410165016,10.622850792442721,1.0,2.418285714285714,4809.0,-0.0005683850316544614,0.003614655953281698
3.0322044189878783,-0.9960765139075621,10.626465448396003,1.0,2.4177142857142857,4810.0,-0.0005683850316544614,0.003614655953281698
3.031636033956224,-0.9961739867986227,10.630080104349284,1.0,2.4171428571428573,4811.0,-0.0005683850316544614,0.003614655953281698
3.0310676489245694,-0.9962714596896832,10.633694760302566,1.0,2.4165714285714284,4812.0,-0.0005683850316544614,0.003614655953281698
3.030499263892915,-0.9963689325807438,10.637309416255848,1.0,2.416,4813.0,-0.0005683850316544614,0.003614655953281698
3.0298912814482253,-0.9963022714667007,10.64171375838364,1.0,2.4153846153846152,4814.0,-0.0006079824446896254,0.004404342127791949
3.0292832990035357,-0.9962356103526576,10.646118100511432,1.0,2.4147692307692306,4815.0,-0.0006079824446896254,0.004404342127791949
3.028675316558846,-0.9961689492386144,10.650522442639222,1.0,2.414153846153846,4816.0,-0.0006079824446896254,0.004404342127790173
3.028067334114156,-0.9961022881245714,10.654926784767014,1.0,2.4135384615384616,4817.0,-0.0006079824446900695,0.004404342127791949
3.0274593516694663,-0.9960356270105283,10.659331126894806,1.0,2.412923076923077,4818.0,-0.0006079824446896254,0.004404342127791949
3.0268513692247767,-0.9959689658964852,10.663735469022598,1.0,2.4123076923076923,4819.0,-0.0006079824446896254,0.004404342127791949
3.026243386780087,-0.995902304782442,10.668139811150388,1.0,2.4116923076923076,4820.0,-0.0006079824446896254,0.004404342127790173
3.0256354043353975,-0.9958356436683989,10.67254415327818,1.0,2.411076923076923,4821.0,-0.0006079824446896254,0.004404342127791949
3.025027421890708,-0.9957689825543559,10.676948495405972,1.0,2.410461538461538,4822.0,-0.0006079824446896254,0.004404342127791949
3.0244194394460178,-0.9957023214403128,10.681352837533764,1.0,2.409846153846154,4823.0,-0.0006079824446900695,0.004404342127791949
3.023811457001328,-0.9956356603262696,10.685757179661554,1.0,2.4092307692307693,4824.0,-0.0006079824446896254,0.004404342127790173
3.0232034745566385,-0.9955689992122265,10.690161521789346,1.0,2.4086153846153846,4825.0,-0.0006079824446896254,0.004404342127791949
3.022595492111949,-0.9955023380981834,10.694565863917138,1.0,2.408,4826.0,-0.0006079824446896254,0.004404342127791949
3.022002940209701,-0.9954327949085789,10.700328638169875,1.0,2.4074285714285715,4827.0,-0.0005925519022480508,0.005762774252737302
3.0214103883074532,-0.9953632517189743,10.706091412422612,1.0,2.4068571428571426,4828.0,-0.0005925519022476067,0.005762774252737302
3.020817836405205,-0.9952937085293698,10.71185418667535,1.0,2.406285714285714,4829.0,-0.0005925519022480508,0.005762774252737302
3.020225284502957,-0.9952241653397653,10.717616960928087,1.0,2.4057142857142857,4830.0,-0.0005925519022480508,0.005762774252737302
3.019632732600709,-0.9951546221501608,10.723379735180824,1.0,2.4051428571428572,4831.0,-0.0005925519022480508,0.005762774252737302
3.0190401806984615,-0.9950850789605562,10.729142509433562,1.0,2.4045714285714284,4832.0,-0.0005925519022476067,0.005762774252737302
3.0184476287962134,-0.9950155357709517,10.734905283686299,1.0,2.404,4833.0,-0.0005925519022480508,0.005762774252737302
3.0178550768939654,-0.9949459925813472,10.740668057939036,1.0,2.4034285714285715,4834.0,-0.0005925519022480508,0.005762774252737302
3.0172625249917178,-0.9948764493917426,10.746430832191773,1.0,2.4028571428571426,4835.0,-0.0005925519022476067,0.005762774252737302
3.0166699730894697,-0.9948069062021381,10.75219360644451,1.0,2.402285714285714,4836.0,-0.0005925519022480508,0.005762774252737302
3.0160774211872217,-0.9947373630125336,10.757956380697248,1.0,2.4017142857142857,4837.0,-0.0005925519022480508,0.005762774252737302
3.0154848692849736,-0.9946678198229291,10.763719154949985,1.0,2.4011428571428572,4838.0,-0.0005925519022480508,0.005762774252737302
3.014892317382726,-0.9945982766333245,10.769481929202723,1.0,2.4005714285714284,4839.0,-0.0005925519022476067,0.005762774252737302
3.014299765480478,-0.99452873344372,10.77524470345546,1.0,2.4,4840.0,-0.0005925519022480508,0.005762774252737302
3.0136316015058693,-0.9946274530937964,10.776093901677866,1.0,2.3993076923076924,4841.0,-0.0006681639746086709,0.0008491982224061445
3.01296343753126,-0.994726172743873,10.776943099900274,1.0,2.3986153846153844,4842.0,-0.000668163974609115,0.0008491982224079209
3.0122952735566515,-0.9948248923939494,10.77779229812268,1.0,2.397923076923077,4843.0,-0.0006681639746086709,0.0008491982224061445
3.0116271095820424,-0.9949236120440259,10.778641496345088,1.0,2.3972307692307693,4844.0,-0.000668163974609115,0.0008491982224079209
3.0109589456074337,-0.9950223316941025,10.779490694567494,1.0,2.3965384615384613,4845.0,-0.0006681639746086709,0.0008491982224061445
3.010290781632825,-0.9951210513441789,10.780339892789902,1.0,2.3958461538461537,4846.0,-0.0006681639746086709,0.0008491982224079209
3.009622617658216,-0.9952197709942554,10.781189091012308,1.0,2.395153846153846,4847.0,-0.000668163974609115,0.0008491982224061445
3.0089544536836073,-0.9953184906443319,10.782038289234716,1.0,2.3944615384615386,4848.0,-0.0006681639746086709,0.0008491982224079209
3.0082862897089986,-0.9954172102944084,10.782887487457122,1.0,2.3937692307692306,4849.0,-0.0006681639746086709,0.0008491982224061445
3.0076181257343895,-0.9955159299444849,10.78373668567953,1.0,2.393076923076923,4850.0,-0.000668163974609115,0.0008491982224079209
3.006949961759781,-0.9956146495945614,10.784585883901936,1.0,2.3923846153846156,4851.0,-0.0006681639746086709,0.0008491982224061445
3.0062817977851717,-0.9957133692446379,10.785435082124344,1.0,2.3916923076923076,4852.0,-0.000668163974609115,0.0008491982224079209
3.005613633810563,-0.9958120888947144,10.78628428034675,1.0,2.391,4853.0,-0.0006681639746086709,0.0008491982224061445
3.0049920385893327,-0.9958067201459585,10.789688816771603,1.0,2.390357142857143,4854.0,-0.0006215952212302867,0.003404536424852722
3.0043704433681024,-0.9958013513972025,10.793093353196456,1.0,2.3897142857142857,4855.0,-0.0006215952212302867,0.003404536424852722
3.0037488481468717,-0.9957959826484466,10.796497889621309,1.0,2.3890714285714285,4856.0,-0.0006215952212307307,0.003404536424852722
3.0031272529256414,-0.9957906138996907,10.799902426046161,1.0,2.3884285714285713,4857.0,-0.0006215952212302867,0.003404536424852722
3.002505657704411,-0.9957852451509348,10.803306962471014,1.0,2.387785714285714,4858.0,-0.0006215952212302867,0.003404536424852722
3.001884062483181,-0.9957798764021788,10.806711498895867,1.0,2.387142857142857,4859.0,-0.0006215952212302867,0.003404536424852722
3.00126246726195,-0.9957745076534229,10.810116035320721,1.0,2.3865000000000003,4860.0,-0.0006215952212307307,0.0034045364248544985
3.00064087204072,-0.995769138904667,10.813520571745574,1.0,2.385857142857143,4861.0,-0.0006215952212302867,0.003404536424852722
3.0000192768194895,-0.995763770155911,10.816925108170427,1.0,2.385214285714286,4862.0,-0.0006215952212302867,0.003404536424852722
2.9993976815982593,-0.9957584014071551,10.82032964459528,1.0,2.384571428571429,4863.0,-0.0006215952212302867,0.003404536424852722
2.998776086377029,-0.9957530326583992,10.823734181020132,1.0,2.3839285714285716,4864.0,-0.0006215952212302867,0.003404536424852722
2.9981544911557982,-0.9957476639096433,10.827138717444985,1.0,2.3832857142857145,4865.0,-0.0006215952212307307,0.003404536424852722
2.997532895934568,-0.9957422951608873,10.830543253869838,1.0,2.3826428571428573,4866.0,-0.0006215952212302867,0.003404536424852722
2.9969113007133377,-0.9957369264121314,10.83394779029469,1.0,2.382,4867.0,-0.0006215952212302867,0.003404536424852722
2.9962182782053195,-0.9958920844448049,10.840053293900322,1.0,2.3813076923076926,4868.0,-0.0006930225080181707,0.006105503605631668
2.9955252556973013,-0.9960472424774784,10.846158797505954,1.0,2.3806153846153846,4869.0,-0.0006930225080181707,0.006105503605631668
2.9948322331892827,-0.9962024005101519,10.852264301111585,1.0,2.379923076923077,4870.0,-0.0006930225080186148,0.006105503605631668
2.9941392106812645,-0.9963575585428254,10.858369804717217,1.0,2.3792307692307695,4871.0,-0.0006930225080181707,0.006105503605631668
2.9934461881732464,-0.9965127165754989,10.864475308322849,1.0,2.3785384615384615,4872.0,-0.0006930225080181707,0.006105503605631668
2.992753165665228,-0.9966678746081724,10.87058081192848,1.0,2.377846153846154,4873.0,-0.0006930225080181707,0.006105503605631668
2.9920601431572096,-0.9968230326408458,10.876686315534112,1.0,2.3771538461538464,4874.0,-0.0006930225080186148,0.006105503605631668
2.9913671206491914,-0.9969781906735193,10.882791819139744,1.0,2.376461538461539,4875.0,-0.0006930225080181707,0.006105503605631668
2.9906740981411732,-0.9971333487061929,10.888897322745375,1.0,2.375769230769231,4876.0,-0.0006930225080181707,0.006105503605631668
2.989981075633155,-0.9972885067388664,10.895002826351007,1.0,2.3750769230769233,4877.0,-0.0006930225080181707,0.006105503605631668
2.9892880531251365,-0.9974436647715398,10.901108329956639,1.0,2.3743846153846158,4878.0,-0.0006930225080186148,0.006105503605631668
2.9885950306171183,-0.9975988228042133,10.90721383356227,1.0,2.3736923076923078,4879.0,-0.0006930225080181707,0.006105503605631668
2.9879020081091,-0.9977539808368868,10.913319337167902,1.0,2.373,4880.0,-0.0006930225080181707,0.006105503605631668
2.987226691194786,-0.9975370429624767,10.915083619532847,1.0,2.372357142857143,4881.0,-0.0006753169143141058,0.001764282364945302
2.986551374280472,-0.9973201050880667,10.916847901897794,1.0,2.371714285714286,4882.0,-0.0006753169143141058,0.0017642823649470785
2.985876057366158,-0.9971031672136565,10.918612184262741,1.0,2.3710714285714287,4883.0,-0.0006753169143141058,0.0017642823649470785
2.9852007404518432,-0.9968862293392464,10.920376466627687,1.0,2.3704285714285716,4884.0,-0.0006753169143145499,0.001764282364945302
2.984525423537529,-0.9966692914648364,10.922140748992632,1.0,2.3697857142857144,4885.0,-0.0006753169143141058,0.001764282364945302
2.983850106623215,-0.9964523535904263,10.92390503135758,1.0,2.369142857142857,4886.0,-0.0006753169143141058,0.0017642823649470785
2.983174789708901,-0.9962354157160163,10.925669313722526,1.0,2.3685,4887.0,-0.0006753169143141058,0.0017642823649470785
2.982499472794587,-0.9960184778416061,10.927433596087472,1.0,2.367857142857143,4888.0,-0.0006753169143141058,0.001764282364945302
2.9818241558802727,-0.995801539967196,10.929197878452417,1.0,2.3672142857142857,4889.0,-0.0006753169143141058,0.001764282364945302
2.9811488389659586,-0.995584602092786,10.930962160817364,1.0,2.3665714285714285,4890.0,-0.0006753169143141058,0.0017642823649470785
2.980473522051644,-0.9953676642183759,10.932726443182311,1.0,2.3659285714285714,4891.0,-0.0006753169143145499,0.0017642823649470785
2.97979820513733,-0.9951507263439657,10.934490725547256,1.0,2.365285714285714,4892.0,-0.0006753169143141058,0.001764282364945302
2.979122888223016,-0.9949337884695557,10.936255007912202,1.0,2.364642857142857,4893.0,-0.0006753169143141058,0.001764282364945302
2.9784475713087017,-0.9947168505951456,10.938019290277149,1.0,2.364,4894.0,-0.0006753169143141058,0.0017642823649470785
2.9776860640461016,-0.9948918974114228,10.940627137553886,1.0,2.363230769230769,4895.0,-0.0007615072626001584,0.0026078472767370187
2.9769245567835014,-0.9950669442277001,10.943234984830623,1.0,2.362461538461538,4896.0,-0.0007615072626001584,0.0026078472767370187
2.9761630495209017,-0.9952419910439774,10.94584283210736,1.0,2.3616923076923078,4897.0,-0.0007615072625997144,0.0026078472767370187
2.9754015422583016,-0.9954170378602547,10.948450679384097,1.0,2.360923076923077,4898.0,-0.0007615072626001584,0.0026078472767370187
2.9746400349957014,-0.9955920846765319,10.951058526660834,1.0,2.360153846153846,4899.0,-0.0007615072626001584,0.0026078472767370187
2.9738785277331012,-0.9957671314928093,10.95366637393757,1.0,2.359384615384615,4900.0,-0.0007615072626001584,0.0026078472767370187
2.9731170204705015,-0.9959421783090865,10.95627422121431,1.0,2.358615384615385,4901.0,-0.0007615072625997144,0.002607847276738795
2.9723555132079014,-0.9961172251253638,10.958882068491047,1.0,2.357846153846154,4902.0,-0.0007615072626001584,0.0026078472767370187
2.971594005945301,-0.996292271941641,10.961489915767784,1.0,2.357076923076923,4903.0,-0.0007615072626001584,0.0026078472767370187
2.970832498682701,-0.9964673187579184,10.96409776304452,1.0,2.356307692307692,4904.0,-0.0007615072626001584,0.0026078472767370187
2.9700709914201013,-0.9966423655741956,10.966705610321258,1.0,2.355538461538462,4905.0,-0.0007615072625997144,0.0026078472767370187
2.969309484157501,-0.996817412390473,10.969313457597995,1.0,2.354769230769231,4906.0,-0.0007615072626001584,0.0026078472767370187
2.968547976894901,-0.9969924592067502,10.971921304874732,1.0,2.354,4907.0,-0.0007615072626001584,0.0026078472767370187
2.9678360977592204,-0.9968220120374572,10.976168253536247,1.0,2.353214285714286,4908.0,-0.0007118791356806042,0.004246948661515759
2.9671242186235394,-0.9966515648681643,10.980415202197763,1.0,2.3524285714285713,4909.0,-0.0007118791356810483,0.004246948661515759
2.9664123394878588,-0.9964811176988713,10.984662150859279,1.0,2.351642857142857,4910.0,-0.0007118791356806042,0.004246948661515759
2.9657004603521777,-0.9963106705295783,10.988909099520797,1.0,2.350857142857143,4911.0,-0.0007118791356810483,0.004246948661517536
2.964988581216497,-0.9961402233602854,10.993156048182312,1.0,2.350071428571429,4912.0,-0.0007118791356806042,0.004246948661515759
2.964276702080816,-0.9959697761909925,10.997402996843828,1.0,2.349285714285714,4913.0,-0.0007118791356810483,0.004246948661515759
2.9635648229451355,-0.9957993290216994,11.001649945505344,1.0,2.3485,4914.0,-0.0007118791356806042,0.004246948661515759
2.962852943809455,-0.9956288818524065,11.00589689416686,1.0,2.347714285714286,4915.0,-0.0007118791356806042,0.004246948661515759
2.962141064673774,-0.9954584346831136,11.010143842828375,1.0,2.3469285714285713,4916.0,-0.0007118791356810483,0.004246948661515759
2.961429185538093,-0.9952879875138206,11.014390791489891,1.0,2.346142857142857,4917.0,-0.0007118791356806042,0.004246948661515759
2.960717306402412,-0.9951175403445277,11.018637740151409,1.0,2.345357142857143,4918.0,-0.0007118791356810483,0.004246948661517536
2.9600054272667315,-0.9949470931752347,11.022884688812924,1.0,2.3445714285714288,4919.0,-0.0007118791356806042,0.004246948661515759
2.9592935481310505,-0.9947766460059417,11.02713163747444,1.0,2.343785714285714,4920.0,-0.0007118791356810483,0.004246948661515759
2.95858166899537,-0.9946061988366488,11.031378586135956,1.0,2.343,4921.0,-0.0007118791356806042,0.004246948661515759
2.9577611234955756,-0.9950870264731252,11.038848489872548,1.0,2.342230769230769,4922.0,-0.0008205454997942674,0.007469903736591732
2.9569405779957814,-0.9955678541096016,11.04631839360914,1.0,2.3414615384615383,4923.0,-0.0008205454997942674,0.007469903736591732
2.956120032495987,-0.9960486817460779,11.053788297345731,1.0,2.340692307692308,4924.0,-0.0008205454997942674,0.007469903736591732
2.9552994869961933,-0.9965295093825542,11.061258201082323,1.0,2.339923076923077,4925.0,-0.0008205454997938233,0.007469903736591732
2.954478941496399,-0.9970103370190306,11.068728104818915,1.0,2.339153846153846,4926.0,-0.0008205454997942674,0.007469903736591732
2.9536583959966047,-0.997491164655507,11.076198008555506,1.0,2.3383846153846153,4927.0,-0.0008205454997942674,0.007469903736591732
2.9528378504968105,-0.9979719922919833,11.0836679122921,1.0,2.337615384615385,4928.0,-0.0008205454997942674,0.007469903736593508
2.952017304997016,-0.9984528199284597,11.091137816028692,1.0,2.336846153846154,4929.0,-0.0008205454997942674,0.007469903736591732
2.951196759497222,-0.9989336475649361,11.098607719765283,1.0,2.336076923076923,4930.0,-0.0008205454997942674,0.007469903736591732
2.950376213997428,-0.9994144752014125,11.106077623501875,1.0,2.3353076923076923,4931.0,-0.0008205454997938233,0.007469903736591732
2.949555668497634,-0.9998953028378887,11.113547527238467,1.0,2.334538461538462,4932.0,-0.0008205454997942674,0.007469903736591732
2.9487351229978396,-1.0003761304743652,11.121017430975058,1.0,2.333769230769231,4933.0,-0.0008205454997942674,0.007469903736591732
2.9479145774980453,-1.0008569581108415,11.12848733471165,1.0,2.333,4934.0,-0.0008205454997942674,0.007469903736591732
2.9471721948277794,-1.0002440116358733,11.127667555530062,1.0,2.332214285714286,4935.0,-0.0007423826702659397,-0.000819779181588487
2.9464298121575134,-0.9996310651609049,11.126847776348471,1.0,2.3314285714285714,4936.0,-0.0007423826702659397,-0.0008197791815902633
2.9456874294872475,-0.9990181186859366,11.126027997166883,1.0,2.3306428571428572,4937.0,-0.0007423826702659397,-0.000819779181588487
2.9449450468169815,-0.9984051722109683,11.125208217985294,1.0,2.329857142857143,4938.0,-0.0007423826702659397,-0.000819779181588487
2.9442026641467156,-0.997792225736,11.124388438803704,1.0,2.329071428571429,4939.0,-0.0007423826702659397,-0.0008197791815902633
2.9434602814764497,-0.9971792792610317,11.123568659622116,1.0,2.3282857142857143,4940.0,-0.0007423826702659397,-0.000819779181588487
2.9427178988061833,-0.9965663327860634,11.122748880440527,1.0,2.3275,4941.0,-0.0007423826702663838,-0.000819779181588487
2.9419755161359173,-0.9959533863110951,11.121929101258937,1.0,2.326714285714286,4942.0,-0.0007423826702659397,-0.0008197791815902633
2.9412331334656514,-0.9953404398361267,11.121109322077348,1.0,2.3259285714285713,4943.0,-0.0007423826702659397,-0.000819779181588487
2.9404907507953855,-0.9947274933611585,11.120289542895758,1.0,2.325142857142857,4944.0,-0.0007423826702659397,-0.0008197791815902633
2.9397483681251195,-0.9941145468861902,11.11946976371417,1.0,2.324357142857143,4945.0,-0.0007423826702659397,-0.000819779181588487
2.9390059854548536,-0.9935016004112218,11.118649984532581,1.0,2.323571428571429,4946.0,-0.0007423826702659397,-0.000819779181588487
2.9382636027845876,-0.9928886539362536,11.117830205350991,1.0,2.3227857142857142,4947.0,-0.0007423826702659397,-0.0008197791815902633
2.9375212201143217,-0.9922757074612852,11.117010426169402,1.0,2.322,4948.0,-0.0007423826702659397,-0.000819779181588487
2.9366581985717053,-0.9924837526267286,11.122049026979326,1.0,2.3211538461538463,4949.0,-0.0008630215426164156,0.005038600809923466
2.9357951770290884,-0.9926917977921719,11.12708762778925,1.0,2.320307692307692,4950.0,-0.0008630215426168597,0.005038600809923466
2.934932155486472,-0.9928998429576152,11.132126228599173,1.0,2.3194615384615385,4951.0,-0.0008630215426164156,0.005038600809923466
2.9340691339438556,-0.9931078881230585,11.137164829409095,1.0,2.3186153846153847,4952.0,-0.0008630215426164156,0.0050386008099216895
2.9332061124012387,-0.9933159332885019,11.142203430219018,1.0,2.3177692307692306,4953.0,-0.0008630215426168597,0.005038600809923466
2.9323430908586223,-0.9935239784539451,11.147242031028942,1.0,2.316923076923077,4954.0,-0.0008630215426164156,0.005038600809923466
2.931480069316006,-0.9937320236193885,11.152280631838865,1.0,2.316076923076923,4955.0,-0.0008630215426164156,0.005038600809923466
2.9306170477733895,-0.9939400687848318,11.157319232648788,1.0,2.3152307692307694,4956.0,-0.0008630215426164156,0.005038600809923466
2.9297540262307726,-0.9941481139502751,11.162357833458712,1.0,2.3143846153846153,4957.0,-0.0008630215426168597,0.005038600809923466
2.928891004688156,-0.9943561591157184,11.167396434268634,1.0,2.3135384615384615,4958.0,-0.0008630215426164156,0.0050386008099216895
2.92802798314554,-0.9945642042811618,11.172435035078557,1.0,2.312692307692308,4959.0,-0.0008630215426164156,0.005038600809923466
2.927164961602923,-0.994772249446605,11.17747363588848,1.0,2.3118461538461537,4960.0,-0.0008630215426168597,0.005038600809923466
2.9263019400603065,-0.9949802946120484,11.182512236698404,1.0,2.311,4961.0,-0.0008630215426164156,0.005038600809923466
2.925477231260185,-0.995115927101094,11.18484217484851,1.0,2.310142857142857,4962.0,-0.0008247088001214209,0.002329938150106514
2.9246525224600637,-0.9952515595901397,11.187172112998615,1.0,2.309285714285714,4963.0,-0.0008247088001214209,0.002329938150104738
2.9238278136599423,-0.9953871920791852,11.189502051148722,1.0,2.3084285714285713,4964.0,-0.0008247088001214209,0.002329938150106514
2.9230031048598213,-0.9955228245682309,11.191831989298828,1.0,2.3075714285714284,4965.0,-0.0008247088001209768,0.002329938150106514
2.9221783960597,-0.9956584570572765,11.194161927448933,1.0,2.3067142857142855,4966.0,-0.0008247088001214209,0.002329938150104738
2.9213536872595784,-0.9957940895463222,11.19649186559904,1.0,2.3058571428571426,4967.0,-0.0008247088001214209,0.002329938150106514
2.920528978459457,-0.9959297220353678,11.198821803749144,1.0,2.305,4968.0,-0.0008247088001214209,0.002329938150104738
2.9197042696593356,-0.9960653545244134,11.20115174189925,1.0,2.3041428571428573,4969.0,-0.0008247088001214209,0.002329938150106514
2.918879560859214,-0.996200987013459,11.203481680049357,1.0,2.3032857142857144,4970.0,-0.0008247088001214209,0.002329938150106514
2.9180548520590928,-0.9963366195025046,11.205811618199462,1.0,2.3024285714285715,4971.0,-0.0008247088001214209,0.002329938150104738
2.917230143258972,-0.9964722519915503,11.208141556349569,1.0,2.3015714285714286,4972.0,-0.0008247088001209768,0.002329938150106514
2.9164054344588504,-0.9966078844805959,11.210471494499675,1.0,2.3007142857142857,4973.0,-0.0008247088001214209,0.002329938150106514
2.915580725658729,-0.9967435169696416,11.21280143264978,1.0,2.299857142857143,4974.0,-0.0008247088001214209,0.002329938150104738
2.9147560168586075,-0.9968791494586872,11.215131370799886,1.0,2.299,4975.0,-0.0008247088001214209,0.002329938150106514
2.9138404794126687,-0.9968330460551285,11.221603689075762,1.0,2.298153846153846,4976.0,-0.0009155374459388632,0.006472318275875466
2.9129249419667294,-0.9967869426515699,11.228076007351637,1.0,2.297307692307692,4977.0,-0.0009155374459393073,0.006472318275875466
2.9120094045207905,-0.9967408392480112,11.234548325627514,1.0,2.2964615384615383,4978.0,-0.0009155374459388632,0.006472318275877242
2.911093867074851,-0.9966947358444525,11.24102064390339,1.0,2.2956153846153846,4979.0,-0.0009155374459393073,0.006472318275875466
2.9101783296289123,-0.9966486324408939,11.247492962179265,1.0,2.2947692307692305,4980.0,-0.0009155374459388632,0.006472318275875466
2.9092627921829735,-0.9966025290373351,11.25396528045514,1.0,2.2939230769230767,4981.0,-0.0009155374459388632,0.006472318275875466
2.908347254737034,-0.9965564256337764,11.260437598731018,1.0,2.293076923076923,4982.0,-0.0009155374459393073,0.006472318275877242
2.9074317172910953,-0.9965103222302177,11.266909917006894,1.0,2.2922307692307693,4983.0,-0.0009155374459388632,0.006472318275875466
2.9065161798451564,-0.9964642188266591,11.273382235282769,1.0,2.291384615384615,4984.0,-0.0009155374459388632,0.006472318275875466
2.905600642399217,-0.9964181154231004,11.279854553558645,1.0,2.2905384615384614,4985.0,-0.0009155374459393073,0.006472318275875466
2.9046851049532783,-0.9963720120195417,11.286326871834522,1.0,2.2896923076923077,4986.0,-0.0009155374459388632,0.006472318275877242
2.903769567507339,-0.9963259086159831,11.292799190110397,1.0,2.2888461538461535,4987.0,-0.0009155374459393073,0.006472318275875466
2.9028540300614,-0.9962798052124244,11.299271508386273,1.0,2.288,4988.0,-0.0009155374459388632,0.006472318275875466
2.901968148855589,-0.9962701868967497,11.302564898168683,1.0,2.287142857142857,4989.0,-0.0008858812058112342,0.0032933897824101166
2.901082267649778,-0.9962605685810749,11.305858287951091,1.0,2.286285714285714,4990.0,-0.0008858812058107901,0.0032933897824083402
2.900196386443967,-0.9962509502654002,11.3091516777335,1.0,2.285428571428571,4991.0,-0.0008858812058112342,0.0032933897824083402
2.8993105052381556,-0.9962413319497254,11.31244506751591,1.0,2.2845714285714283,4992.0,-0.0008858812058112342,0.0032933897824101166
2.898424624032345,-0.9962317136340507,11.31573845729832,1.0,2.2837142857142854,4993.0,-0.0008858812058107901,0.0032933897824101166
2.8975387428265336,-0.9962220953183759,11.319031847080728,1.0,2.2828571428571425,4994.0,-0.0008858812058112342,0.0032933897824083402
2.8966528616207228,-0.9962124770027012,11.322325236863136,1.0,2.282,4995.0,-0.0008858812058107901,0.0032933897824083402
2.8957669804149115,-0.9962028586870265,11.325618626645547,1.0,2.281142857142857,4996.0,-0.0008858812058112342,0.0032933897824101166
2.8948810992091003,-0.9961932403713517,11.328912016427957,1.0,2.2802857142857142,4997.0,-0.0008858812058112342,0.0032933897824101166
2.8939952180032895,-0.996183622055677,11.332205406210365,1.0,2.2794285714285714,4998.0,-0.0008858812058107901,0.0032933897824083402
2.8931093367974783,-0.9961740037400022,11.335498795992773,1.0,2.2785714285714285,4999.0,-0.0008858812058112342,0.0032933897824083402
2.892223455591667,-0.9961643854243275,11.338792185775183,1.0,2.2777142857142856,5000.0,-0.0008858812058112342,0.0032933897824101166
2.8913375743858563,-0.9961547671086527,11.342085575557594,1.0,2.2768571428571427,5001.0,-0.0008858812058107901,0.0032933897824101166
2.890451693180045,-0.996145148792978,11.345378965340002,1.0,2.276,5002.0,-0.0008858812058112342,0.0032933897824083402
2.8894535785144564,-0.9962103020594218,11.345537286309215,1.0,2.275,5003.0,-0.0009981146655886342,0.0001583209692128662
2.8884554638488678,-0.9962754553258656,11.345695607278426,1.0,2.274,5004.0,-0.0009981146655886342,0.00015832096921108985
2.887457349183279,-0.9963406085923094,11.345853928247639,1.0,2.2729999999999997,5005.0,-0.0009981146655886342,0.0001583209692128662
2.8864592345176905,-0.9964057618587533,11.34601224921685,1.0,2.272,5006.0,-0.0009981146655886342,0.00015832096921108985
2.885461119852102,-0.996470915125197,11.346170570186063,1.0,2.271,5007.0,-0.0009981146655886342,0.0001583209692128662
2.884463005186513,-0.9965360683916409,11.346328891155276,1.0,2.27,5008.0,-0.0009981146655886342,0.0001583209692128662
2.883464890520924,-0.9966012216580847,11.346487212124487,1.0,2.2689999999999997,5009.0,-0.0009981146655890782,0.00015832096921108985
2.8824667758553355,-0.9966663749245286,11.3466455330937,1.0,2.268,5010.0,-0.0009981146655886342,0.0001583209692128662
2.881468661189747,-0.9967315281909723,11.346803854062912,1.0,2.267,5011.0,-0.0009981146655886342,0.0001583209692128662
2.8804705465241582,-0.9967966814574162,11.346962175032123,1.0,2.266,5012.0,-0.0009981146655886342,0.00015832096921108985
2.8794724318585696,-0.99686183472386,11.347120496001336,1.0,2.2649999999999997,5013.0,-0.0009981146655886342,0.0001583209692128662
2.878474317192981,-0.9969269879903038,11.347278816970547,1.0,2.264,5014.0,-0.0009981146655886342,0.00015832096921108985
2.8774762025273923,-0.9969921412567476,11.34743713793976,1.0,2.263,5015.0,-0.0009981146655886342,0.0001583209692128662
2.8764813862267156,-0.9968191134291974,11.332450373166537,1.0,2.262,5016.0,-0.0009948163006767707,-0.014986764773222916
2.8754865699260392,-0.9966460856016471,11.317463608393316,1.0,2.261,5017.0,-0.0009948163006763266,-0.01498676477322114
2.874491753625363,-0.9964730577740969,11.302476843620093,1.0,2.26,5018.0,-0.0009948163006763266,-0.014986764773222916
2.873496937324686,-0.9963000299465465,11.28749007884687,1.0,2.259,5019.0,-0.0009948163006767707,-0.014986764773222916
2.8725021210240094,-0.9961270021189963,11.27250331407365,1.0,2.258,5020.0,-0.0009948163006767707,-0.01498676477322114
2.871507304723333,-0.995953974291446,11.257516549300426,1.0,2.257,5021.0,-0.0009948163006763266,-0.014986764773222916
2.8705124884226567,-0.9957809464638958,11.242529784527205,1.0,2.256,5022.0,-0.0009948163006763266,-0.01498676477322114
2.86951767212198,-0.9956079186363456,11.227543019753982,1.0,2.255,5023.0,-0.0009948163006767707,-0.014986764773222916
2.868522855821303,-0.9954348908087953,11.21255625498076,1.0,2.254,5024.0,-0.0009948163006767707,-0.014986764773222916
2.867528039520627,-0.9952618629812451,11.197569490207538,1.0,2.253,5025.0,-0.0009948163006763266,-0.01498676477322114
2.8665332232199505,-0.9950888351536947,11.182582725434315,1.0,2.2520000000000002,5026.0,-0.0009948163006763266,-0.014986764773222916
2.8655384069192738,-0.9949158073261445,11.167595960661092,1.0,2.251,5027.0,-0.0009948163006767707,-0.014986764773222916
2.864543590618597,-0.9947427794985942,11.152609195887871,1.0,2.25,5028.0,-0.0009948163006767707,-0.01498676477322114
2.8635487743179207,-0.994569751671044,11.137622431114648,1.0,2.249,5029.0,-0.0009948163006763266,-0.014986764773222916
2.8624055839585782,-0.9945256244164027,11.122098091367203,1.0,2.247846153846154,5030.0,-0.0011431903593424053,-0.015524339747445381
2.861262393599236,-0.9944814971617614,11.106573751619756,1.0,2.246692307692308,5031.0,-0.0011431903593424053,-0.015524339747447158
2.8601192032398934,-0.9944373699071201,11.09104941187231,1.0,2.2455384615384615,5032.0,-0.0011431903593424053,-0.015524339747445381
2.8589760128805506,-0.9943932426524789,11.075525072124863,1.0,2.2443846153846154,5033.0,-0.0011431903593428494,-0.015524339747447158
2.857832822521208,-0.9943491153978375,11.060000732377418,1.0,2.2432307692307694,5034.0,-0.0011431903593424053,-0.015524339747445381
2.8566896321618658,-0.9943049881431962,11.04447639262997,1.0,2.2420769230769233,5035.0,-0.0011431903593424053,-0.015524339747447158
2.8555464418025234,-0.9942608608885549,11.028952052882525,1.0,2.240923076923077,5036.0,-0.0011431903593424053,-0.015524339747445381
2.854403251443181,-0.9942167336339136,11.013427713135078,1.0,2.2397692307692307,5037.0,-0.0011431903593424053,-0.015524339747447158
2.8532600610838386,-0.9941726063792723,10.997903373387633,1.0,2.2386153846153847,5038.0,-0.0011431903593424053,-0.015524339747445381
2.8521168707244957,-0.9941284791246311,10.982379033640186,1.0,2.2374615384615386,5039.0,-0.0011431903593428494,-0.015524339747447158
2.8509736803651533,-0.9940843518699898,10.96685469389274,1.0,2.236307692307692,5040.0,-0.0011431903593424053,-0.015524339747445381
2.849830490005811,-0.9940402246153485,10.951330354145293,1.0,2.235153846153846,5041.0,-0.0011431903593424053,-0.015524339747447158
2.8486872996464685,-0.9939960973607072,10.935806014397848,1.0,2.234,5042.0,-0.0011431903593424053,-0.015524339747445381
2.8475242019285782,-0.9942072579882674,10.92974005425765,1.0,2.2327857142857144,5043.0,-0.001163097717890249,-0.006065960140198001
2.8463611042106876,-0.9944184186158275,10.923674094117452,1.0,2.2315714285714288,5044.0,-0.0011630977178906932,-0.006065960140198001
2.8451980064927973,-0.9946295792433877,10.917608133977254,1.0,2.2303571428571427,5045.0,-0.001163097717890249,-0.006065960140198001
2.844034908774907,-0.9948407398709479,10.911542173837057,1.0,2.229142857142857,5046.0,-0.001163097717890249,-0.006065960140196225
2.842871811057017,-0.995051900498508,10.90547621369686,1.0,2.2279285714285715,5047.0,-0.001163097717890249,-0.006065960140198001
2.841708713339126,-0.9952630611260682,10.899410253556661,1.0,2.226714285714286,5048.0,-0.0011630977178906932,-0.006065960140198001
2.840545615621236,-0.9954742217536283,10.893344293416463,1.0,2.2255,5049.0,-0.001163097717890249,-0.006065960140198001
2.8393825179033456,-0.9956853823811885,10.887278333276265,1.0,2.224285714285714,5050.0,-0.001163097717890249,-0.006065960140198001
2.838219420185455,-0.9958965430087487,10.881212373136067,1.0,2.2230714285714286,5051.0,-0.0011630977178906932,-0.006065960140198001
2.8370563224675647,-0.9961077036363088,10.87514641299587,1.0,2.221857142857143,5052.0,-0.001163097717890249,-0.006065960140198001
2.8358932247496744,-0.9963188642638691,10.869080452855673,1.0,2.2206428571428574,5053.0,-0.001163097717890249,-0.006065960140196225
2.834730127031784,-0.9965300248914293,10.863014492715475,1.0,2.2194285714285713,5054.0,-0.001163097717890249,-0.006065960140198001
2.8335670293138935,-0.9967411855189894,10.856948532575277,1.0,2.2182142857142857,5055.0,-0.0011630977178906932,-0.006065960140198001
2.8324039315960032,-0.9969523461465496,10.85088257243508,1.0,2.217,5056.0,-0.001163097717890249,-0.006065960140198001
2.831079202385229,-0.9967973732112536,10.832284438625546,1.0,2.2155384615384617,5057.0,-0.0013247292107743114,-0.018598133809533124
2.8297544731744546,-0.9966424002759576,10.813686304816015,1.0,2.2140769230769233,5058.0,-0.0013247292107743114,-0.018598133809531348
2.8284297439636803,-0.9964874273406616,10.795088171006482,1.0,2.212615384615385,5059.0,-0.0013247292107743114,-0.018598133809533124
2.827105014752906,-0.9963324544053656,10.77649003719695,1.0,2.211153846153846,5060.0,-0.0013247292107743114,-0.018598133809531348
2.8257802855421317,-0.9961774814700696,10.757891903387417,1.0,2.2096923076923076,5061.0,-0.0013247292107743114,-0.018598133809533124
2.8244555563313574,-0.9960225085347736,10.739293769577884,1.0,2.208230769230769,5062.0,-0.0013247292107743114,-0.018598133809533124
2.823130827120583,-0.9958675355994776,10.720695635768353,1.0,2.206769230769231,5063.0,-0.0013247292107743114,-0.018598133809531348
2.8218060979098087,-0.9957125626641816,10.70209750195882,1.0,2.2053076923076924,5064.0,-0.0013247292107743114,-0.018598133809533124
2.8204813686990344,-0.9955575897288856,10.683499368149286,1.0,2.203846153846154,5065.0,-0.0013247292107743114,-0.018598133809533124
2.81915663948826,-0.9954026167935895,10.664901234339755,1.0,2.202384615384615,5066.0,-0.0013247292107743114,-0.018598133809531348
2.817831910277486,-0.9952476438582936,10.646303100530222,1.0,2.2009230769230768,5067.0,-0.0013247292107743114,-0.018598133809533124
2.8165071810667115,-0.9950926709229976,10.62770496672069,1.0,2.1994615384615384,5068.0,-0.0013247292107743114,-0.018598133809531348
2.815182451855937,-0.9949376979877016,10.609106832911158,1.0,2.198,5069.0,-0.0013247292107743114,-0.018598133809533124
2.8138640508736774,-0.9948508506926376,10.601354106387976,1.0,2.196642857142857,5070.0,-0.0013184009822597709,-0.007752726523181153
2.812545649891418,-0.9947640033975736,10.593601379864797,1.0,2.1952857142857143,5071.0,-0.0013184009822593268,-0.007752726523179376
2.8112272489091583,-0.9946771561025096,10.585848653341616,1.0,2.1939285714285712,5072.0,-0.0013184009822597709,-0.007752726523181153
2.8099088479268985,-0.9945903088074456,10.578095926818435,1.0,2.1925714285714286,5073.0,-0.0013184009822597709,-0.007752726523181153
2.8085904469446388,-0.9945034615123816,10.570343200295254,1.0,2.1912142857142856,5074.0,-0.0013184009822597709,-0.007752726523181153
2.8072720459623794,-0.9944166142173176,10.562590473772074,1.0,2.189857142857143,5075.0,-0.0013184009822593268,-0.007752726523179376
2.8059536449801197,-0.9943297669222536,10.554837747248893,1.0,2.1885,5076.0,-0.0013184009822597709,-0.007752726523181153
2.80463524399786,-0.9942429196271896,10.547085020725712,1.0,2.187142857142857,5077.0,-0.0013184009822597709,-0.007752726523181153
2.8033168430156006,-0.9941560723321257,10.539332294202532,1.0,2.185785714285714,5078.0,-0.0013184009822593268,-0.007752726523179376
2.801998442033341,-0.9940692250370616,10.531579567679351,1.0,2.184428571428571,5079.0,-0.0013184009822597709,-0.007752726523181153
2.800680041051081,-0.9939823777419976,10.52382684115617,1.0,2.1830714285714286,5080.0,-0.0013184009822597709,-0.007752726523181153
2.7993616400688213,-0.9938955304469336,10.516074114632989,1.0,2.1817142857142855,5081.0,-0.0013184009822597709,-0.007752726523181153
2.798043239086562,-0.9938086831518697,10.50832138810981,1.0,2.180357142857143,5082.0,-0.0013184009822593268,-0.007752726523179376
2.796724838104302,-0.9937218358568056,10.500568661586628,1.0,2.179,5083.0,-0.0013184009822597709,-0.007752726523181153
2.795224316186908,-0.9937324644106105,10.494494746176343,1.0,2.177461538461538,5084.0,-0.0015005219173942486,-0.0060739154102851245
2.7937237942695137,-0.9937430929644153,10.48842083076606,1.0,2.175923076923077,5085.0,-0.0015005219173942486,-0.006073915410283348
2.792223272352119,-0.9937537215182202,10.482346915355775,1.0,2.174384615384615,5086.0,-0.0015005219173946927,-0.0060739154102851245
2.7907227504347247,-0.993764350072025,10.476272999945492,1.0,2.172846153846154,5087.0,-0.0015005219173942486,-0.006073915410283348
2.7892222285173305,-0.9937749786258299,10.470199084535206,1.0,2.171307692307692,5088.0,-0.0015005219173942486,-0.0060739154102851245
2.7877217065999362,-0.9937856071796347,10.464125169124921,1.0,2.1697692307692305,5089.0,-0.0015005219173942486,-0.0060739154102851245
2.7862211846825415,-0.9937962357334397,10.458051253714638,1.0,2.168230769230769,5090.0,-0.0015005219173946927,-0.006073915410283348
2.7847206627651473,-0.9938068642872445,10.451977338304353,1.0,2.1666923076923075,5091.0,-0.0015005219173942486,-0.0060739154102851245
2.783220140847753,-0.9938174928410494,10.445903422894068,1.0,2.1651538461538458,5092.0,-0.0015005219173942486,-0.0060739154102851245
2.781719618930359,-0.9938281213948542,10.439829507483784,1.0,2.1636153846153845,5093.0,-0.0015005219173942486,-0.006073915410283348
2.780219097012964,-0.9938387499486591,10.4337555920735,1.0,2.162076923076923,5094.0,-0.0015005219173946927,-0.0060739154102851245
2.77871857509557,-0.9938493785024639,10.427681676663216,1.0,2.1605384615384615,5095.0,-0.0015005219173942486,-0.006073915410283348
2.7772180531781756,-0.9938600070562688,10.42160776125293,1.0,2.159,5096.0,-0.0015005219173942486,-0.0060739154102851245
2.775730162260578,-0.9938819832503711,10.410177612715938,1.0,2.1575714285714285,5097.0,-0.0014878909175974897,-0.011430148536993201
2.7742422713429806,-0.9939039594444734,10.398747464178944,1.0,2.156142857142857,5098.0,-0.0014878909175974897,-0.011430148536993201
2.772754380425383,-0.9939259356385758,10.387317315641953,1.0,2.1547142857142854,5099.0,-0.0014878909175974897,-0.011430148536991425
2.7712664895077856,-0.9939479118326782,10.37588716710496,1.0,2.153285714285714,5100.0,-0.0014878909175974897,-0.011430148536993201
2.769778598590188,-0.9939698880267805,10.364457018567967,1.0,2.1518571428571427,5101.0,-0.0014878909175974897,-0.011430148536993201
2.7682907076725907,-0.9939918642208828,10.353026870030973,1.0,2.1504285714285714,5102.0,-0.0014878909175974897,-0.011430148536993201
2.766802816754993,-0.9940138404149852,10.34159672149398,1.0,2.1489999999999996,5103.0,-0.0014878909175974897,-0.011430148536993201
2.7653149258373957,-0.9940358166090876,10.330166572956989,1.0,2.1475714285714282,5104.0,-0.0014878909175974897,-0.011430148536991425
2.763827034919798,-0.9940577928031898,10.318736424419996,1.0,2.146142857142857,5105.0,-0.0014878909175974897,-0.011430148536993201
2.7623391440022007,-0.9940797689972922,10.307306275883002,1.0,2.1447142857142856,5106.0,-0.0014878909175974897,-0.011430148536993201
2.760851253084603,-0.9941017451913946,10.295876127346009,1.0,2.1432857142857142,5107.0,-0.0014878909175974897,-0.011430148536993201
2.7593633621670057,-0.994123721385497,10.284445978809018,1.0,2.1418571428571425,5108.0,-0.0014878909175974897,-0.011430148536991425
2.7578754712494082,-0.9941456975795993,10.273015830272024,1.0,2.140428571428571,5109.0,-0.0014878909175974897,-0.011430148536993201
2.7563875803318107,-0.9941676737737016,10.261585681735031,1.0,2.139,5110.0,-0.0014878909175974897,-0.011430148536993201
2.7546793582549722,-0.9943367060999707,10.254781554615064,1.0,2.137307692307692,5111.0,-0.001708222076838517,-0.006804127119966807
2.7529711361781337,-0.9945057384262398,10.247977427495096,1.0,2.1356153846153845,5112.0,-0.001708222076838517,-0.006804127119968584
2.7512629141012956,-0.994674770752509,10.241173300375129,1.0,2.1339230769230766,5113.0,-0.001708222076838073,-0.006804127119966807
2.749554692024457,-0.9948438030787781,10.234369173255162,1.0,2.132230769230769,5114.0,-0.001708222076838517,-0.006804127119966807
2.7478464699476186,-0.9950128354050471,10.227565046135194,1.0,2.1305384615384613,5115.0,-0.001708222076838517,-0.006804127119968584
2.74613824787078,-0.9951818677313162,10.220760919015227,1.0,2.128846153846154,5116.0,-0.001708222076838517,-0.006804127119966807
2.744430025793942,-0.9953509000575854,10.21395679189526,1.0,2.127153846153846,5117.0,-0.001708222076838073,-0.006804127119966807
2.7427218037171035,-0.9955199323838545,10.207152664775293,1.0,2.1254615384615385,5118.0,-0.001708222076838517,-0.006804127119966807
2.741013581640265,-0.9956889647101236,10.200348537655325,1.0,2.1237692307692306,5119.0,-0.001708222076838517,-0.006804127119968584
2.7393053595634265,-0.9958579970363927,10.193544410535358,1.0,2.122076923076923,5120.0,-0.001708222076838517,-0.006804127119966807
2.7375971374865884,-0.9960270293626619,10.186740283415391,1.0,2.1203846153846153,5121.0,-0.001708222076838073,-0.006804127119966807
2.73588891540975,-0.9961960616889309,10.179936156295422,1.0,2.118692307692308,5122.0,-0.001708222076838517,-0.006804127119968584
2.7341806933329114,-0.9963650940152,10.173132029175456,1.0,2.117,5123.0,-0.001708222076838517,-0.006804127119966807
2.7325275509126232,-0.9961728116648855,10.16608252153125,1.0,2.115285714285714,5124.0,-0.001653142420288134,-0.007049507644206088
2.730874408492335,-0.9959805293145709,10.159033013887045,1.0,2.1135714285714284,5125.0,-0.001653142420288134,-0.007049507644204311
2.7292212660720474,-0.9957882469642564,10.15198350624284,1.0,2.1118571428571427,5126.0,-0.0016531424202876899,-0.007049507644206088
2.7275681236517593,-0.9955959646139418,10.144933998598633,1.0,2.1101428571428573,5127.0,-0.001653142420288134,-0.007049507644206088
2.725914981231471,-0.9954036822636273,10.137884490954429,1.0,2.1084285714285715,5128.0,-0.001653142420288134,-0.007049507644204311
2.724261838811183,-0.9952113999133128,10.130834983310223,1.0,2.1067142857142858,5129.0,-0.001653142420288134,-0.007049507644206088
2.7226086963908953,-0.9950191175629982,10.123785475666017,1.0,2.105,5130.0,-0.0016531424202876899,-0.007049507644206088
2.720955553970607,-0.9948268352126837,10.116735968021812,1.0,2.103285714285714,5131.0,-0.001653142420288134,-0.007049507644204311
2.719302411550319,-0.9946345528623691,10.109686460377606,1.0,2.1015714285714284,5132.0,-0.001653142420288134,-0.007049507644206088
2.717649269130031,-0.9944422705120546,10.102636952733402,1.0,2.0998571428571426,5133.0,-0.001653142420288134,-0.007049507644204311
2.7159961267097428,-0.99424998816174,10.095587445089196,1.0,2.0981428571428573,5134.0,-0.001653142420288134,-0.007049507644206088
2.714342984289455,-0.9940577058114255,10.08853793744499,1.0,2.0964285714285715,5135.0,-0.0016531424202876899,-0.007049507644206088
2.712689841869167,-0.993865423461111,10.081488429800785,1.0,2.0947142857142858,5136.0,-0.001653142420288134,-0.007049507644204311
2.711036699448879,-0.9936731411107964,10.07443892215658,1.0,2.093,5137.0,-0.001653142420288134,-0.007049507644206088
2.709118743789831,-0.9938034688566036,10.063633108946824,1.0,2.0912307692307692,5138.0,-0.001917955659047621,-0.010805813209755044
2.707200788130784,-0.993933796602411,10.05282729573707,1.0,2.0894615384615385,5139.0,-0.001917955659047177,-0.010805813209755044
2.7052828324717364,-0.9940641243482182,10.042021482527314,1.0,2.0876923076923077,5140.0,-0.001917955659047621,-0.010805813209755044
2.7033648768126888,-0.9941944520940256,10.03121566931756,1.0,2.085923076923077,5141.0,-0.001917955659047621,-0.010805813209755044
2.7014469211536416,-0.9943247798398328,10.020409856107804,1.0,2.0841538461538462,5142.0,-0.001917955659047177,-0.010805813209755044
2.699528965494594,-0.99445510758564,10.009604042898049,1.0,2.0823846153846155,5143.0,-0.001917955659047621,-0.010805813209755044
2.6976110098355464,-0.9945854353314474,9.998798229688292,1.0,2.0806153846153843,5144.0,-0.001917955659047621,-0.01080581320975682
2.6956930541764987,-0.9947157630772546,9.987992416478537,1.0,2.0788461538461536,5145.0,-0.001917955659047621,-0.010805813209755044
2.6937750985174516,-0.9948460908230619,9.977186603268782,1.0,2.077076923076923,5146.0,-0.001917955659047177,-0.010805813209755044
2.691857142858404,-0.9949764185688692,9.966380790059027,1.0,2.075307692307692,5147.0,-0.001917955659047621,-0.010805813209755044
2.6899391871993563,-0.9951067463146764,9.955574976849272,1.0,2.0735384615384613,5148.0,-0.001917955659047621,-0.010805813209755044
2.688021231540309,-0.9952370740604838,9.944769163639517,1.0,2.0717692307692306,5149.0,-0.001917955659047177,-0.010805813209755044
2.6861032758812615,-0.995367401806291,9.933963350429762,1.0,2.07,5150.0,-0.001917955659047621,-0.010805813209755044
2.684230258897978,-0.9951702064069977,9.931665543465778,1.0,2.0680714285714283,5151.0,-0.0018730169832834598,-0.0022978069639840726
2.6823572419146946,-0.9949730110077044,9.929367736501792,1.0,2.066142857142857,5152.0,-0.0018730169832834598,-0.002297806963985849
2.680484224931411,-0.994775815608411,9.927069929537808,1.0,2.064214285714286,5153.0,-0.0018730169832834598,-0.0022978069639840726
2.6786112079481277,-0.9945786202091177,9.924772122573822,1.0,2.0622857142857143,5154.0,-0.0018730169832834598,-0.002297806963985849
2.676738190964844,-0.9943814248098244,9.922474315609838,1.0,2.0603571428571428,5155.0,-0.0018730169832834598,-0.0022978069639840726
2.6748651739815608,-0.9941842294105311,9.920176508645852,1.0,2.0584285714285713,5156.0,-0.0018730169832834598,-0.002297806963985849
2.6729921569982773,-0.9939870340112377,9.917878701681868,1.0,2.0565,5157.0,-0.0018730169832834598,-0.0022978069639840726
2.6711191400149943,-0.9937898386119444,9.915580894717884,1.0,2.0545714285714287,5158.0,-0.0018730169832830157,-0.0022978069639840726
2.669246123031711,-0.9935926432126511,9.913283087753898,1.0,2.052642857142857,5159.0,-0.0018730169832834598,-0.002297806963985849
2.6673731060484274,-0.9933954478133578,9.910985280789914,1.0,2.0507142857142857,5160.0,-0.0018730169832834598,-0.0022978069639840726
2.665500089065144,-0.9931982524140645,9.908687473825928,1.0,2.048785714285714,5161.0,-0.0018730169832834598,-0.002297806963985849
2.6636270720818604,-0.993001057014771,9.906389666861944,1.0,2.046857142857143,5162.0,-0.0018730169832834598,-0.0022978069639840726
2.661754055098577,-0.9928038616154777,9.904091859897958,1.0,2.0449285714285717,5163.0,-0.0018730169832834598,-0.002297806963985849
2.6598810381152935,-0.9926066662161844,9.901794052933974,1.0,2.043,5164.0,-0.0018730169832834598,-0.0022978069639840726
2.6577039657335617,-0.9930323536680832,9.899581471167775,1.0,2.040923076923077,5165.0,-0.002177072381731815,-0.0022125817661997615
2.6555268933518303,-0.993458041119982,9.897368889401573,1.0,2.038846153846154,5166.0,-0.002177072381731371,-0.002212581766201538
2.6533498209700985,-0.9938837285718808,9.895156307635373,1.0,2.036769230769231,5167.0,-0.002177072381731815,-0.0022125817661997615
2.6511727485883667,-0.9943094160237796,9.892943725869173,1.0,2.034692307692308,5168.0,-0.002177072381731815,-0.0022125817661997615
2.6489956762066353,-0.9947351034756784,9.890731144102972,1.0,2.0326153846153847,5169.0,-0.002177072381731371,-0.002212581766201538
2.6468186038249035,-0.9951607909275773,9.888518562336772,1.0,2.0305384615384616,5170.0,-0.002177072381731815,-0.0022125817661997615
2.6446415314431717,-0.995586478379476,9.886305980570572,1.0,2.0284615384615385,5171.0,-0.002177072381731815,-0.0022125817661997615
2.64246445906144,-0.9960121658313749,9.884093398804373,1.0,2.0263846153846155,5172.0,-0.002177072381731815,-0.0022125817661997615
2.6402873866797085,-0.9964378532832736,9.881880817038171,1.0,2.0243076923076924,5173.0,-0.002177072381731371,-0.002212581766201538
2.6381103142979767,-0.9968635407351725,9.879668235271971,1.0,2.0222307692307693,5174.0,-0.002177072381731815,-0.0022125817661997615
2.635933241916245,-0.9972892281870712,9.877455653505772,1.0,2.020153846153846,5175.0,-0.002177072381731815,-0.0022125817661997615
2.6337561695345135,-0.9977149156389701,9.87524307173957,1.0,2.018076923076923,5176.0,-0.002177072381731371,-0.002212581766201538
2.6315790971527817,-0.9981406030908688,9.87303048997337,1.0,2.016,5177.0,-0.002177072381731815,-0.0022125817661997615
2.6294402453684436,-0.9978080051544775,9.868298343224623,1.0,2.013857142857143,5178.0,-0.002138851784338147,-0.0047321467487471125
2.627301393584105,-0.9974754072180864,9.863566196475874,1.0,2.0117142857142856,5179.0,-0.0021388517843385912,-0.004732146748748889
2.625162541799767,-0.9971428092816952,9.858834049727125,1.0,2.009571428571429,5180.0,-0.002138851784338147,-0.004732146748748889
2.6230236900154287,-0.9968102113453039,9.854101902978378,1.0,2.0074285714285716,5181.0,-0.002138851784338147,-0.0047321467487471125
2.62088483823109,-0.9964776134089126,9.849369756229631,1.0,2.0052857142857143,5182.0,-0.0021388517843385912,-0.0047321467487471125
2.618745986446752,-0.9961450154725214,9.844637609480882,1.0,2.003142857142857,5183.0,-0.002138851784338147,-0.004732146748748889
2.6166071346624133,-0.9958124175361303,9.839905462732133,1.0,2.001,5184.0,-0.0021388517843385912,-0.004732146748748889
2.614468282878075,-0.995479819599739,9.835173315983386,1.0,1.9988571428571429,5185.0,-0.002138851784338147,-0.0047321467487471125
2.612329431093737,-0.9951472216633477,9.83044116923464,1.0,1.9967142857142857,5186.0,-0.002138851784338147,-0.0047321467487471125
2.6101905793093985,-0.9948146237269565,9.82570902248589,1.0,1.9945714285714287,5187.0,-0.0021388517843385912,-0.004732146748748889
2.6080517275250603,-0.9944820257905653,9.820976875737141,1.0,1.9924285714285714,5188.0,-0.002138851784338147,-0.004732146748748889
2.605912875740722,-0.994149427854174,9.816244728988394,1.0,1.9902857142857142,5189.0,-0.002138851784338147,-0.0047321467487471125
2.6037740239563836,-0.9938168299177828,9.811512582239647,1.0,1.9881428571428572,5190.0,-0.0021388517843385912,-0.0047321467487471125
2.6016351721720454,-0.9934842319813916,9.806780435490898,1.0,1.986,5191.0,-0.002138851784338147,-0.004732146748748889
2.5991469930092626,-0.9936311718092006,9.817235158345438,1.0,1.9835384615384615,5192.0,-0.0024881791627828775,0.010454722854539966
2.59665881384648,-0.9937781116370096,9.827689881199978,1.0,1.981076923076923,5193.0,-0.0024881791627824335,0.010454722854539966
2.5941706346836972,-0.9939250514648186,9.838144604054516,1.0,1.9786153846153847,5194.0,-0.0024881791627828775,0.01045472285453819
2.5916824555209144,-0.9940719912926277,9.848599326909056,1.0,1.9761538461538461,5195.0,-0.0024881791627828775,0.010454722854539966
2.589194276358132,-0.9942189311204367,9.859054049763596,1.0,1.9736923076923076,5196.0,-0.0024881791627824335,0.010454722854539966
2.586706097195349,-0.9943658709482457,9.869508772618136,1.0,1.9712307692307691,5197.0,-0.0024881791627828775,0.010454722854539966
2.584217918032566,-0.9945128107760547,9.879963495472674,1.0,1.9687692307692308,5198.0,-0.0024881791627828775,0.01045472285453819
2.5817297388697833,-0.9946597506038637,9.890418218327214,1.0,1.9663076923076923,5199.0,-0.0024881791627828775,0.010454722854539966
2.579241559707001,-0.9948066904316727,9.900872941181754,1.0,1.9638461538461538,5200.0,-0.0024881791627824335,0.010454722854539966
2.576753380544218,-0.9949536302594818,9.911327664036294,1.0,1.9613846153846153,5201.0,-0.0024881791627828775,0.010454722854539966
2.574265201381435,-0.9951005700872908,9.921782386890833,1.0,1.958923076923077,5202.0,-0.0024881791627828775,0.01045472285453819
2.5717770222186527,-0.9952475099150998,9.932237109745373,1.0,1.9564615384615385,5203.0,-0.0024881791627824335,0.010454722854539966
2.56928884305587,-0.9953944497429088,9.942691832599913,1.0,1.954,5204.0,-0.0024881791627828775,0.010454722854539966
2.566846118769911,-0.9953589653295107,9.961782684451078,1.0,1.9515714285714285,5205.0,-0.0024427242859585974,0.01909085185116588
2.564403394483953,-0.9953234809161128,9.980873536302244,1.0,1.949142857142857,5206.0,-0.0024427242859581533,0.01909085185116588
2.5619606701979944,-0.9952879965027147,9.999964388153412,1.0,1.9467142857142856,5207.0,-0.0024427242859585974,0.019090851851167656
2.559517945912036,-0.9952525120893166,10.019055240004578,1.0,1.9442857142857142,5208.0,-0.0024427242859585974,0.01909085185116588
2.5570752216260777,-0.9952170276759187,10.038146091855744,1.0,1.9418571428571427,5209.0,-0.0024427242859581533,0.01909085185116588
2.554632497340119,-0.9951815432625206,10.05723694370691,1.0,1.9394285714285713,5210.0,-0.0024427242859585974,0.01909085185116588
2.552189773054161,-0.9951460588491226,10.076327795558077,1.0,1.937,5211.0,-0.0024427242859581533,0.019090851851167656
2.5497470487682024,-0.9951105744357246,10.095418647409243,1.0,1.9345714285714286,5212.0,-0.0024427242859585974,0.01909085185116588
2.5473043244822438,-0.9950750900223265,10.114509499260409,1.0,1.9321428571428572,5213.0,-0.0024427242859585974,0.01909085185116588
2.5448616001962856,-0.9950396056089286,10.133600351111575,1.0,1.9297142857142857,5214.0,-0.0024427242859581533,0.01909085185116588
2.542418875910327,-0.9950041211955305,10.15269120296274,1.0,1.9272857142857143,5215.0,-0.0024427242859585974,0.01909085185116588
2.5399761516243684,-0.9949686367821324,10.171782054813908,1.0,1.9248571428571428,5216.0,-0.0024427242859585974,0.019090851851167656
2.5375334273384103,-0.9949331523687345,10.190872906665074,1.0,1.9224285714285714,5217.0,-0.0024427242859581533,0.01909085185116588
2.5350907030524517,-0.9948976679553364,10.20996375851624,1.0,1.92,5218.0,-0.0024427242859585974,0.01909085185116588
2.532463035950445,-0.9949583901584951,10.223522743549031,1.0,1.9173571428571428,5219.0,-0.002627667102006459,0.013558985032791071
2.5298353688484387,-0.9950191123616536,10.237081728581822,1.0,1.9147142857142856,5220.0,-0.002627667102006459,0.013558985032791071
2.527207701746432,-0.9950798345648123,10.250640713614613,1.0,1.9120714285714284,5221.0,-0.002627667102006903,0.013558985032791071
2.5245800346444254,-0.995140556767971,10.264199698647403,1.0,1.9094285714285715,5222.0,-0.002627667102006459,0.013558985032789295
2.521952367542419,-0.9952012789711295,10.277758683680194,1.0,1.9067857142857143,5223.0,-0.002627667102006459,0.013558985032791071
2.5193247004404125,-0.9952620011742882,10.291317668712985,1.0,1.9041428571428571,5224.0,-0.002627667102006459,0.013558985032791071
2.516697033338406,-0.9953227233774469,10.304876653745776,1.0,1.9015,5225.0,-0.002627667102006459,0.013558985032791071
2.514069366236399,-0.9953834455806054,10.318435638778567,1.0,1.8988571428571428,5226.0,-0.002627667102006903,0.013558985032791071
2.5114416991343926,-0.9954441677837641,10.331994623811358,1.0,1.8962142857142856,5227.0,-0.002627667102006459,0.013558985032791071
2.508814032032386,-0.9955048899869227,10.345553608844149,1.0,1.8935714285714285,5228.0,-0.002627667102006459,0.013558985032791071
2.5061863649303797,-0.9955656121900813,10.359112593876938,1.0,1.8909285714285715,5229.0,-0.002627667102006459,0.013558985032789295
2.503558697828373,-0.99562633439324,10.37267157890973,1.0,1.8882857142857143,5230.0,-0.002627667102006903,0.013558985032791071
2.5009310307263664,-0.9956870565963986,10.38623056394252,1.0,1.8856428571428572,5231.0,-0.002627667102006459,0.013558985032791071
2.49830336362436,-0.9957477787995572,10.399789548975312,1.0,1.883,5232.0,-0.002627667102006459,0.013558985032791071
2.5392813819779305,-0.9193598805314701,10.40503674407461,0.9231076923076923,1.7381538461538462,5233.0,0.04097801835357062,0.005247195099299162
2.580259400331501,-0.842971982263383,10.41028393917391,0.8462153846153846,1.5933076923076923,5234.0,0.04097801835357062,0.005247195099299162
2.6212374186850718,-0.7665840839952959,10.415531134273209,0.7693230769230769,1.4484615384615385,5235.0,0.04097801835357062,0.005247195099299162
2.662215437038642,-0.6901961857272088,10.420778329372508,0.6924307692307692,1.3036153846153846,5236.0,0.04097801835357018,0.005247195099299162
2.7031934553922126,-0.6138082874591217,10.426025524471807,0.6155384615384616,1.1587692307692308,5237.0,0.04097801835357062,0.005247195099299162
2.744171473745783,-0.5374203891910346,10.431272719571107,0.5386461538461539,1.013923076923077,5238.0,0.04097801835357062,0.005247195099299162
2.785149492099354,-0.4610324909229475,10.436519914670406,0.4617538461538462,0.8690769230769231,5239.0,0.04097801835357062,0.005247195099299162
2.8261275104529244,-0.3846445926548604,10.441767109769705,0.3848615384615385,0.7242307692307692,5240.0,0.04097801835357062,0.005247195099299162
2.867105528806495,-0.3082566943867733,10.447014304869004,0.3079692307692308,0.5793846153846154,5241.0,0.04097801835357062,0.005247195099299162
2.9080835471600652,-0.2318687961186862,10.452261499968303,0.2310769230769231,0.43453846153846154,5242.0,0.04097801835357018,0.005247195099299162
2.949061565513636,-0.1554808978505991,10.457508695067602,0.15418461538461542,0.2896923076923077,5243.0,0.04097801835357062,0.005247195099299162
2.9900395838672065,-0.07909299958251198,10.462755890166902,0.07729230769230772,0.14484615384615385,5244.0,0.04097801835357062,0.005247195099299162
3.031017602220777,-0.0027051013144248,10.4680030852662,0.0004,0.0,5245.0,0.04097801835357062,0.005247195099299162
3.0383715048908493,-0.00260784907808965,10.467976057198907,0.0004,0.0,5246.0,0.007353902670072188,-2.7028067293599634e-05
3.0457254075609215,-0.0025105968417545002,10.467949029131612,0.0004,0.0,5247.0,0.007353902670072188,-2.702806729537599e-05
3.053079310230994,-0.00241334460541935,10.467922001064318,0.0004,0.0,5248.0,0.007353902670072632,-2.7028067293599634e-05
3.0604332129010663,-0.0023160923690842,10.467894972997025,0.0004,0.0,5249.0,0.007353902670072188,-2.7028067293599634e-05
3.0677871155711385,-0.00221884013274905,10.467867944929731,0.0004,0.0,5250.0,0.007353902670072188,-2.7028067293599634e-05
3.0751410182412107,-0.0021215878964139,10.467840916862436,0.0004,0.0,5251.0,0.007353902670072188,-2.702806729537599e-05
3.0824949209112833,-0.00202433566007875,10.467813888795142,0.0004,0.0,5252.0,0.007353902670072632,-2.7028067293599634e-05
3.0898488235813555,-0.0019270834237436001,10.467786860727848,0.0004,0.0,5253.0,0.007353902670072188,-2.7028067293599634e-05
3.0972027262514277,-0.00182983118740845,10.467759832660553,0.0004,0.0,5254.0,0.007353902670072188,-2.702806729537599e-05
3.1045566289215,-0.0017325789510733,10.46773280459326,0.0004,0.0,5255.0,0.007353902670072188,-2.7028067293599634e-05
3.111910531591572,-0.00163532671473815,10.467705776525966,0.0004,0.0,5256.0,0.007353902670072188,-2.7028067293599634e-05
3.1192644342616447,-0.001538074478403,10.467678748458672,0.0004,0.0,5257.0,0.007353902670072632,-2.7028067293599634e-05
3.126618336931717,-0.00144082224206785,10.467651720391377,0.0004,0.0,5258.0,0.007353902670072188,-2.702806729537599e-05
3.133972239601789,-0.0013435700057327,10.467624692324083,0.0004,0.0,5259.0,0.007353902670072188,-2.7028067293599634e-05
3.1375735716344733,-0.001341758002209757,10.466066067985516,0.0004,0.0,5260.0,0.0036013320326842013,-0.0015586243385676823
3.1411749036671575,-0.0013399459986868144,10.464507443646948,0.0004,0.0,5261.0,0.0036013320326842013,-0.0015586243385676823
3.1447762356998417,-0.0013381339951638715,10.46294881930838,0.0004,0.0,5262.0,0.0036013320326842013,-0.0015586243385676823
3.148377567732526,-0.0013363219916409286,10.461390194969812,0.0004,0.0,5263.0,0.0036013320326842013,-0.0015586243385676823
3.15197889976521,-0.0013345099881179857,10.459831570631245,0.0004,0.0,5264.0,0.0036013320326842013,-0.0015586243385676823
3.1555802317978943,-0.001332697984595043,10.458272946292677,0.0004,0.0,5265.0,0.0036013320326842013,-0.0015586243385676823
3.1591815638305785,-0.0013308859810721,10.45671432195411,0.0004,0.0,5266.0,0.0036013320326842013,-0.0015586243385676823
3.1627828958632627,-0.0013290739775491571,10.455155697615542,0.0004,0.0,5267.0,0.0036013320326842013,-0.0015586243385676823
3.166384227895947,-0.0013272619740262144,10.453597073276974,0.0004,0.0,5268.0,0.0036013320326842013,-0.0015586243385676823
3.169985559928631,-0.0013254499705032715,10.452038448938406,0.0004,0.0,5269.0,0.0036013320326842013,-0.0015586243385676823
3.1735868919613153,-0.0013236379669803286,10.450479824599839,0.0004,0.0,5270.0,0.0036013320326842013,-0.0015586243385676823
3.1771882239939995,-0.0013218259634573857,10.448921200261271,0.0004,0.0,5271.0,0.0036013320326842013,-0.0015586243385676823
3.1807895560266837,-0.001320013959934443,10.447362575922703,0.0004,0.0,5272.0,0.0036013320326842013,-0.0015586243385676823
3.184390888059368,-0.0013182019564115,10.445803951584136,0.0004,0.0,5273.0,0.0036013320326842013,-0.0015586243385676823
3.1870015137956726,-0.0014334838660133144,10.439586083618677,0.0004,0.0,5274.0,0.0026106257363047725,-0.006217867965458979
3.1896121395319774,-0.0015487657756151287,10.433368215653218,0.0004,0.0,5275.0,0.0026106257363047725,-0.006217867965458979
3.1922227652682826,-0.001664047685216943,10.427150347687757,0.0004,0.0,5276.0,0.0026106257363052165,-0.006217867965460755
3.1948333910045874,-0.0017793295948187572,10.420932479722298,0.0004,0.0,5277.0,0.0026106257363047725,-0.006217867965458979
3.197444016740892,-0.0018946115044205715,10.414714611756839,0.0004,0.0,5278.0,0.0026106257363047725,-0.006217867965458979
3.200054642477197,-0.002009893414022386,10.40849674379138,0.0004,0.0,5279.0,0.0026106257363047725,-0.006217867965458979
3.2026652682135017,-0.0021251753236242003,10.40227887582592,0.0004,0.0,5280.0,0.0026106257363047725,-0.006217867965460755
3.205275893949807,-0.0022404572332260144,10.39606100786046,0.0004,0.0,5281.0,0.0026106257363052165,-0.006217867965458979
3.2078865196861117,-0.0023557391428278285,10.389843139895001,0.0004,0.0,5282.0,0.0026106257363047725,-0.006217867965458979
3.2104971454224165,-0.002471021052429643,10.383625271929542,0.0004,0.0,5283.0,0.0026106257363047725,-0.006217867965458979
3.2131077711587213,-0.0025863029620314575,10.377407403964083,0.0004,0.0,5284.0,0.0026106257363047725,-0.006217867965458979
3.2157183968950265,-0.0027015848716332716,10.371189535998623,0.0004,0.0,5285.0,0.0026106257363052165,-0.006217867965460755
3.2183290226313312,-0.0028168667812350856,10.364971668033164,0.0004,0.0,5286.0,0.0026106257363047725,-0.006217867965458979
3.220939648367636,-0.0029321486908369,10.358753800067705,0.0004,0.0,5287.0,0.0026106257363047725,-0.006217867965458979
3.2230094409445016,-0.0028826134232464145,10.352136533309576,0.0004,0.0,5288.0,0.00206979257686557,-0.0066172667581287925
3.225079233521367,-0.002833078155655929,10.345519266551447,0.0004,0.0,5289.0,0.00206979257686557,-0.0066172667581287925
3.2271490260982323,-0.002783542888065443,10.338901999793318,0.0004,0.0,5290.0,0.002069792576865126,-0.0066172667581287925
3.229218818675098,-0.002734007620474957,10.33228473303519,0.0004,0.0,5291.0,0.00206979257686557,-0.0066172667581287925
3.2312886112519634,-0.0026844723528844715,10.32566746627706,0.0004,0.0,5292.0,0.00206979257686557,-0.0066172667581287925
3.233358403828829,-0.002634937085293986,10.319050199518932,0.0004,0.0,5293.0,0.00206979257686557,-0.0066172667581287925
3.2354281964056946,-0.0025854018177035,10.312432932760803,0.0004,0.0,5294.0,0.00206979257686557,-0.0066172667581287925
3.2374979889825597,-0.0025358665501130145,10.305815666002673,0.0004,0.0,5295.0,0.002069792576865126,-0.006617266758130569
3.2395677815594253,-0.002486331282522529,10.299198399244544,0.0004,0.0,5296.0,0.00206979257686557,-0.0066172667581287925
3.241637574136291,-0.002436796014932043,10.292581132486415,0.0004,0.0,5297.0,0.00206979257686557,-0.0066172667581287925
3.2437073667131564,-0.002387260747341557,10.285963865728286,0.0004,0.0,5298.0,0.00206979257686557,-0.0066172667581287925
3.2457771592900215,-0.0023377254797510715,10.279346598970157,0.0004,0.0,5299.0,0.002069792576865126,-0.0066172667581287925
3.247846951866887,-0.002288190212160586,10.272729332212029,0.0004,0.0,5300.0,0.00206979257686557,-0.0066172667581287925
3.2499167444437527,-0.0022386549445701,10.2661120654539,0.0004,0.0,5301.0,0.00206979257686557,-0.0066172667581287925
3.2517436053488096,-0.002229097921417569,10.256278114359793,0.0004,0.0,5302.0,0.001826860905056904,-0.009833951094107007
3.253570466253866,-0.0022195408982650386,10.246444163265684,0.0004,0.0,5303.0,0.00182686090505646,-0.009833951094108784
3.255397327158923,-0.0022099838751125076,10.236610212171577,0.0004,0.0,5304.0,0.001826860905056904,-0.009833951094107007
3.2572241880639794,-0.002200426851959977,10.22677626107747,0.0004,0.0,5305.0,0.00182686090505646,-0.009833951094107007
3.2590510489690363,-0.002190869828807446,10.216942309983361,0.0004,0.0,5306.0,0.001826860905056904,-0.009833951094108784
3.2608779098740928,-0.0021813128056549155,10.207108358889254,0.0004,0.0,5307.0,0.00182686090505646,-0.009833951094107007
3.2627047707791497,-0.0021717557825023845,10.197274407795147,0.0004,0.0,5308.0,0.001826860905056904,-0.009833951094107007
3.264531631684206,-0.002162198759349854,10.18744045670104,0.0004,0.0,5309.0,0.00182686090505646,-0.009833951094107007
3.266358492589263,-0.002152641736197323,10.177606505606931,0.0004,0.0,5310.0,0.001826860905056904,-0.009833951094108784
3.2681853534943195,-0.0021430847130447924,10.167772554512824,0.0004,0.0,5311.0,0.00182686090505646,-0.009833951094107007
3.2700122143993764,-0.0021335276898922615,10.157938603418717,0.0004,0.0,5312.0,0.001826860905056904,-0.009833951094107007
3.271839075304433,-0.002123970666739731,10.148104652324609,0.0004,0.0,5313.0,0.00182686090505646,-0.009833951094108784
3.2736659362094898,-0.0021144136435872,10.138270701230502,0.0004,0.0,5314.0,0.001826860905056904,-0.009833951094107007
3.2751401703588017,-0.002112452993937757,10.130532690358908,0.0004,0.0,5315.0,0.0014742341493119149,-0.007738010871593204
3.276614404508113,-0.0021104923442883143,10.122794679487317,0.0004,0.0,5316.0,0.0014742341493114708,-0.0077380108715914275
3.278088638657425,-0.0021085316946388715,10.115056668615725,0.0004,0.0,5317.0,0.0014742341493119149,-0.0077380108715914275
3.279562872806737,-0.0021065710449894286,10.107318657744132,0.0004,0.0,5318.0,0.0014742341493119149,-0.007738010871593204
3.2810371069560484,-0.002104610395339986,10.099580646872539,0.0004,0.0,5319.0,0.0014742341493114708,-0.007738010871593204
3.2825113411053604,-0.002102649745690543,10.091842636000948,0.0004,0.0,5320.0,0.0014742341493119149,-0.0077380108715914275
3.2839855752546723,-0.0021006890960411,10.084104625129356,0.0004,0.0,5321.0,0.0014742341493119149,-0.0077380108715914275
3.2854598094039837,-0.002098728446391657,10.076366614257763,0.0004,0.0,5322.0,0.0014742341493114708,-0.007738010871593204
3.2869340435532957,-0.002096767796742214,10.06862860338617,0.0004,0.0,5323.0,0.0014742341493119149,-0.007738010871593204
3.288408277702607,-0.0020948071470927713,10.060890592514578,0.0004,0.0,5324.0,0.0014742341493114708,-0.0077380108715914275
3.289882511851919,-0.0020928464974433285,10.053152581642987,0.0004,0.0,5325.0,0.0014742341493119149,-0.0077380108715914275
3.291356746001231,-0.0020908858477938857,10.045414570771394,0.0004,0.0,5326.0,0.0014742341493119149,-0.007738010871593204
3.2928309801505424,-0.002088925198144443,10.0376765598998,0.0004,0.0,5327.0,0.0014742341493114708,-0.007738010871593204
3.2943052142998543,-0.002086964548495,10.02993854902821,0.0004,0.0,5328.0,0.0014742341493119149,-0.0077380108715914275
3.2955926358018295,-0.0020518255901533,10.021303772071816,0.0004,0.0,5329.0,0.001287421501975139,-0.008634776956393253
3.2968800573038046,-0.0020166866318116,10.012668995115423,0.0004,0.0,5330.0,0.001287421501975139,-0.008634776956393253
3.29816747880578,-0.0019815476734699,10.00403421815903,0.0004,0.0,5331.0,0.001287421501975583,-0.008634776956393253
3.2994549003077553,-0.0019464087151282,9.995399441202636,0.0004,0.0,5332.0,0.001287421501975139,-0.008634776956393253
3.3007423218097305,-0.0019112697567865,9.986764664246243,0.0004,0.0,5333.0,0.001287421501975139,-0.008634776956393253
3.3020297433117056,-0.0018761307984448,9.97812988728985,0.0004,0.0,5334.0,0.001287421501975139,-0.008634776956393253
3.303317164813681,-0.0018409918401031,9.969495110333456,0.0004,0.0,5335.0,0.001287421501975583,-0.008634776956393253
3.3046045863156563,-0.0018058528817614,9.960860333377063,0.0004,0.0,5336.0,0.001287421501975139,-0.008634776956393253
3.3058920078176315,-0.0017707139234197,9.95222555642067,0.0004,0.0,5337.0,0.001287421501975139,-0.008634776956393253
3.3071794293196066,-0.001735574965078,9.943590779464277,0.0004,0.0,5338.0,0.001287421501975139,-0.008634776956393253
3.3084668508215818,-0.0017004360067363,9.934956002507883,0.0004,0.0,5339.0,0.001287421501975139,-0.008634776956393253
3.3097542723235573,-0.0016652970483946,9.92632122555149,0.0004,0.0,5340.0,0.001287421501975583,-0.008634776956393253
3.3110416938255325,-0.0016301580900529,9.917686448595097,0.0004,0.0,5341.0,0.001287421501975139,-0.008634776956393253
3.3123291153275076,-0.0015950191317112,9.909051671638704,0.0004,0.0,5342.0,0.001287421501975139,-0.008634776956393253
3.3134470567217917,-0.001674517769727457,9.9018519494707,0.0004,0.0,5343.0,0.0011179413942841165,-0.007199722168003575
3.3145649981160763,-0.0017540164077437142,9.894652227302695,0.0004,0.0,5344.0,0.0011179413942845606,-0.007199722168005351
3.3156829395103604,-0.0018335150457599713,9.887452505134691,0.0004,0.0,5345.0,0.0011179413942841165,-0.007199722168003575
3.3168008809046445,-0.0019130136837762284,9.880252782966688,0.0004,0.0,5346.0,0.0011179413942841165,-0.007199722168003575
3.317918822298929,-0.0019925123217924856,9.873053060798682,0.0004,0.0,5347.0,0.0011179413942845606,-0.007199722168005351
3.319036763693213,-0.002072010959808743,9.865853338630679,0.0004,0.0,5348.0,0.0011179413942841165,-0.007199722168003575
3.3201547050874973,-0.002151509597825,9.858653616462675,0.0004,0.0,5349.0,0.0011179413942841165,-0.007199722168003575
3.321272646481782,-0.002231008235841257,9.85145389429467,0.0004,0.0,5350.0,0.0011179413942845606,-0.007199722168005351
3.322390587876066,-0.002310506873857514,9.844254172126666,0.0004,0.0,5351.0,0.0011179413942841165,-0.007199722168003575
3.3235085292703506,-0.0023900055118737714,9.83705444995866,0.0004,0.0,5352.0,0.0011179413942845606,-0.007199722168005351
3.3246264706646347,-0.0024695041498900283,9.829854727790657,0.0004,0.0,5353.0,0.0011179413942841165,-0.007199722168003575
3.325744412058919,-0.0025490027879062857,9.822655005622654,0.0004,0.0,5354.0,0.0011179413942841165,-0.007199722168003575
3.3268623534532034,-0.0026285014259225426,9.815455283454648,0.0004,0.0,5355.0,0.0011179413942845606,-0.007199722168005351
3.3279802948474875,-0.0027080000639388,9.808255561286645,0.0004,0.0,5356.0,0.0011179413942841165,-0.007199722168003575
3.329085944481798,-0.002645033034512746,9.79972656940104,0.0004,0.0,5357.0,0.0011056496343107014,-0.008528991885604853
3.330191594116109,-0.0025820660050866924,9.791197577515433,0.0004,0.0,5358.0,0.0011056496343107014,-0.00852899188560663
3.33129724375042,-0.002519098975660638,9.782668585629828,0.0004,0.0,5359.0,0.0011056496343111455,-0.008528991885604853
3.3324028933847307,-0.0024561319462345845,9.774139593744222,0.0004,0.0,5360.0,0.0011056496343107014,-0.00852899188560663
3.3335085430190414,-0.0023931649168085307,9.765610601858617,0.0004,0.0,5361.0,0.0011056496343107014,-0.008528991885604853
3.334614192653352,-0.002330197887382477,9.757081609973012,0.0004,0.0,5362.0,0.0011056496343107014,-0.008528991885604853
3.3357198422876633,-0.002267230857956423,9.748552618087405,0.0004,0.0,5363.0,0.0011056496343111455,-0.00852899188560663
3.336825491921974,-0.002204263828530369,9.7400236262018,0.0004,0.0,5364.0,0.0011056496343107014,-0.008528991885604853
3.3379311415562847,-0.0021412967991043153,9.731494634316196,0.0004,0.0,5365.0,0.0011056496343107014,-0.008528991885604853
3.3390367911905954,-0.0020783297696782615,9.722965642430589,0.0004,0.0,5366.0,0.0011056496343107014,-0.00852899188560663
3.3401424408249065,-0.0020153627402522078,9.714436650544984,0.0004,0.0,5367.0,0.0011056496343111455,-0.008528991885604853
3.3412480904592172,-0.001952395710826154,9.705907658659378,0.0004,0.0,5368.0,0.0011056496343107014,-0.00852899188560663
3.342353740093528,-0.0018894286814001,9.697378666773773,0.0004,0.0,5369.0,0.0011056496343107014,-0.008528991885604853
3.343273038425984,-0.002006460515879257,9.689779662977683,0.0004,0.0,5370.0,0.0009192983324561865,-0.007599003796089576
3.3441923367584407,-0.0021234923503584144,9.682180659181592,0.0004,0.0,5371.0,0.0009192983324566306,-0.007599003796091353
3.345111635090897,-0.0022405241848375713,9.674581655385502,0.0004,0.0,5372.0,0.0009192983324561865,-0.007599003796089576
3.346030933423353,-0.0023575560193167286,9.666982651589413,0.0004,0.0,5373.0,0.0009192983324561865,-0.007599003796089576
3.3469502317558093,-0.0024745878537958854,9.659383647793321,0.0004,0.0,5374.0,0.0009192983324561865,-0.007599003796091353
3.347869530088266,-0.0025916196882750427,9.651784643997232,0.0004,0.0,5375.0,0.0009192983324566306,-0.007599003796089576
3.348788828420722,-0.0027086515227542,9.644185640201142,0.0004,0.0,5376.0,0.0009192983324561865,-0.007599003796089576
3.3497081267531783,-0.002825683357233357,9.63658663640505,0.0004,0.0,5377.0,0.0009192983324561865,-0.007599003796091353
3.350627425085635,-0.002942715191712514,9.628987632608961,0.0004,0.0,5378.0,0.0009192983324566306,-0.007599003796089576
3.351546723418091,-0.003059747026191671,9.62138862881287,0.0004,0.0,5379.0,0.0009192983324561865,-0.007599003796091353
3.3524660217505473,-0.0031767788606708283,9.61378962501678,0.0004,0.0,5380.0,0.0009192983324561865,-0.007599003796089576
3.3533853200830035,-0.0032938106951499856,9.60619062122069,0.0004,0.0,5381.0,0.0009192983324561865,-0.007599003796089576
3.35430461841546,-0.0034108425296291425,9.5985916174246,0.0004,0.0,5382.0,0.0009192983324566306,-0.007599003796091353
3.3552239167479163,-0.0035278743641083,9.59099261362851,0.0004,0.0,5383.0,0.0009192983324561865,-0.007599003796089576
3.3560617099632855,-0.0035858071337184425,9.585398399051991,0.0004,0.0,5384.0,0.0008377932153691425,-0.005594214576518652
3.3568995031786546,-0.0036437399033285855,9.57980418447547,0.0004,0.0,5385.0,0.0008377932153691425,-0.005594214576520429
3.3577372963940237,-0.0037016726729387286,9.574209969898952,0.0004,0.0,5386.0,0.0008377932153691425,-0.005594214576518652
3.3585750896093933,-0.0037596054425488713,9.568615755322433,0.0004,0.0,5387.0,0.0008377932153695866,-0.005594214576518652
3.3594128828247625,-0.003817538212159014,9.563021540745915,0.0004,0.0,5388.0,0.0008377932153691425,-0.005594214576518652
3.3602506760401316,-0.003875470981769157,9.557427326169394,0.0004,0.0,5389.0,0.0008377932153691425,-0.005594214576520429
3.3610884692555008,-0.0039334037513793,9.551833111592876,0.0004,0.0,5390.0,0.0008377932153691425,-0.005594214576518652
3.36192626247087,-0.003991336520989442,9.546238897016357,0.0004,0.0,5391.0,0.0008377932153691425,-0.005594214576518652
3.362764055686239,-0.0040492692905995855,9.540644682439837,0.0004,0.0,5392.0,0.0008377932153691425,-0.005594214576520429
3.363601848901608,-0.004107202060209729,9.535050467863318,0.0004,0.0,5393.0,0.0008377932153691425,-0.005594214576518652
3.3644396421169778,-0.004165134829819872,9.5294562532868,0.0004,0.0,5394.0,0.0008377932153695866,-0.005594214576518652
3.365277435332347,-0.004223067599430015,9.52386203871028,0.0004,0.0,5395.0,0.0008377932153691425,-0.005594214576518652
3.366115228547716,-0.004281000369040157,9.51826782413376,0.0004,0.0,5396.0,0.0008377932153691425,-0.005594214576520429
3.366953021763085,-0.0043389331386503,9.512673609557242,0.0004,0.0,5397.0,0.0008377932153691425,-0.005594214576518652
3.3677272839640944,-0.004234474938958864,9.505127298033964,0.0004,0.0,5398.0,0.0007742622010091793,-0.007546311523277893
3.368501546165104,-0.004130016739267429,9.497580986510686,0.0004,0.0,5399.0,0.0007742622010096234,-0.007546311523277893
3.369275808366113,-0.004025558539575993,9.49003467498741,0.0004,0.0,5400.0,0.0007742622010091793,-0.007546311523276117
3.3700500705671224,-0.003921100339884557,9.482488363464132,0.0004,0.0,5401.0,0.0007742622010091793,-0.007546311523277893
3.370824332768132,-0.0038166421401931217,9.474942051940854,0.0004,0.0,5402.0,0.0007742622010096234,-0.007546311523277893
3.371598594969141,-0.003712183940501686,9.467395740417576,0.0004,0.0,5403.0,0.0007742622010091793,-0.007546311523277893
3.372372857170151,-0.0036077257408102504,9.4598494288943,0.0004,0.0,5404.0,0.0007742622010096234,-0.007546311523276117
3.37314711937116,-0.0035032675411188147,9.452303117371022,0.0004,0.0,5405.0,0.0007742622010091793,-0.007546311523277893
3.373921381572169,-0.0033988093414273786,9.444756805847744,0.0004,0.0,5406.0,0.0007742622010091793,-0.007546311523277893
3.3746956437731788,-0.003294351141735943,9.437210494324466,0.0004,0.0,5407.0,0.0007742622010096234,-0.007546311523277893
3.375469905974188,-0.0031898929420445072,9.429664182801188,0.0004,0.0,5408.0,0.0007742622010091793,-0.007546311523277893
3.376244168175197,-0.0030854347423530716,9.422117871277912,0.0004,0.0,5409.0,0.0007742622010091793,-0.007546311523276117
3.3770184303762067,-0.002980976542661636,9.414571559754634,0.0004,0.0,5410.0,0.0007742622010096234,-0.007546311523277893
3.377792692577216,-0.0028765183429702,9.407025248231356,0.0004,0.0,5411.0,0.0007742622010091793,-0.007546311523277893
