Voltage_measured,Current_measured,Temperature_measured,Current_load,Voltage_load,Time_uniform,dV_dt,dT_dt
4.194292935889806,-0.0004484848166033,5.446015893467767,0.0004,0.0,0.0,,
4.194213433455158,-0.0006940888139153666,5.44878870344515,0.0004,0.4676666666666666,1.0,-7.950243464716067e-05,0.0027728099773822734
4.194133931020511,-0.0009396928112274333,5.451561513422532,0.0004,0.9353333333333332,2.0,-7.950243464716067e-05,0.0027728099773822734
4.194054428585864,-0.0011852968085394999,5.454334323399914,0.0004,1.4029999999999998,3.0,-7.950243464716067e-05,0.0027728099773822734
4.193974926151217,-0.0014309008058515666,5.4571071333772965,0.0004,1.8706666666666665,4.0,-7.950243464716067e-05,0.0027728099773822734
4.193895423716569,-0.0016765048031636331,5.459879943354678,0.0004,2.338333333333333,5.0,-7.950243464804885e-05,0.0027728099773813852
4.193815921281922,-0.0019221088004757,5.46265275333206,0.0004,2.8059999999999996,6.0,-7.950243464716067e-05,0.0027728099773822734
4.1937364188472745,-0.0021677127977877664,5.465425563309442,0.0004,3.2736666666666663,7.0,-7.950243464716067e-05,0.0027728099773822734
4.193656916412627,-0.002413316795099833,5.468198373286825,0.0004,3.741333333333333,8.0,-7.950243464716067e-05,0.0027728099773822734
4.19357741397798,-0.0026589207924119,5.470971183264207,0.0004,4.209,9.0,-7.950243464716067e-05,0.0027728099773822734
4.180712981517925,-0.0646033327920855,5.473959244294494,0.062875,4.15975,10.0,-0.012864432460054864,0.002988061030286815
4.16784854905787,-0.1265477447917591,5.476947305324781,0.12535000000000002,4.1105,11.0,-0.012864432460055752,0.002988061030286815
4.154984116597815,-0.18849215679143266,5.479935366355067,0.18782500000000002,4.061249999999999,12.0,-0.012864432460054864,0.002988061030286815
4.142119684137759,-0.25043656879110626,5.482923427385354,0.2503,4.012,13.0,-0.012864432460055752,0.002988061030286815
4.129255251677704,-0.31238098079077986,5.485911488415641,0.312775,3.9627499999999998,14.0,-0.012864432460054864,0.002988061030286815
4.116390819217648,-0.37432539279045346,5.488899549445928,0.37525000000000003,3.9134999999999995,15.0,-0.012864432460055752,0.002988061030286815
4.1035263867575935,-0.43626980479012706,5.491887610476215,0.43772500000000003,3.8642499999999997,16.0,-0.012864432460054864,0.002988061030286815
4.090661954297538,-0.49821421678980066,5.494875671506502,0.5002,3.8149999999999995,17.0,-0.012864432460055752,0.002988061030287703
4.077797521837483,-0.5601586287894742,5.497863732536789,0.562675,3.7657499999999997,18.0,-0.012864432460054864,0.002988061030286815
4.064933089377428,-0.6221030407891478,5.500851793567076,0.62515,3.7165,19.0,-0.012864432460054864,0.002988061030286815
4.052068656917372,-0.6840474527888214,5.503839854597363,0.687625,3.6672499999999997,20.0,-0.012864432460055752,0.002988061030286815
4.039204224457317,-0.745991864788495,5.50682791562765,0.7501,3.618,21.0,-0.012864432460054864,0.002988061030286815
4.026339791997262,-0.8079362767881686,5.509815976657936,0.812575,3.5687499999999996,22.0,-0.012864432460055752,0.002988061030286815
4.013475359537207,-0.8698806887878422,5.512804037688223,0.87505,3.5195,23.0,-0.012864432460054864,0.002988061030286815
4.000610927077151,-0.9318251007875158,5.51579209871851,0.937525,3.4702499999999996,24.0,-0.012864432460055752,0.002988061030286815
3.987746494617096,-0.9937695127871894,5.518780159748797,1.0,3.421,25.0,-0.012864432460054864,0.002988061030286815
3.98571605448389,-0.9938743158400266,5.523420879791896,1.0,3.4197142857142855,26.0,-0.0020304401332063016,0.0046407200430991224
3.9836856143506836,-0.9939791188928638,5.528061599834995,1.0,3.418428571428571,27.0,-0.0020304401332063016,0.0046407200430991224
3.9816551742174773,-0.9940839219457009,5.532702319878094,1.0,3.417142857142857,28.0,-0.0020304401332063016,0.0046407200430991224
3.9796247340842714,-0.9941887249985382,5.537343039921193,1.0,3.415857142857143,29.0,-0.0020304401332058575,0.0046407200430991224
3.977594293951065,-0.9942935280513754,5.5419837599642925,1.0,3.4145714285714286,30.0,-0.0020304401332063016,0.0046407200430991224
3.975563853817859,-0.9943983311042126,5.546624480007392,1.0,3.4132857142857143,31.0,-0.0020304401332063016,0.0046407200430991224
3.9735334136846525,-0.9945031341570498,5.551265200050491,1.0,3.412,32.0,-0.0020304401332063016,0.0046407200430991224
3.971502973551446,-0.9946079372098869,5.555905920093591,1.0,3.4107142857142856,33.0,-0.0020304401332063016,0.004640720043100011
3.96947253341824,-0.9947127402627242,5.56054664013669,1.0,3.4094285714285713,34.0,-0.0020304401332063016,0.0046407200430991224
3.9674420932850336,-0.9948175433155614,5.565187360179789,1.0,3.408142857142857,35.0,-0.0020304401332063016,0.0046407200430991224
3.9654116531518278,-0.9949223463683986,5.569828080222888,1.0,3.406857142857143,36.0,-0.0020304401332058575,0.0046407200430991224
3.9633812130186215,-0.9950271494212357,5.574468800265987,1.0,3.4055714285714287,37.0,-0.0020304401332063016,0.0046407200430991224
3.961350772885415,-0.9951319524740729,5.579109520309086,1.0,3.4042857142857144,38.0,-0.0020304401332063016,0.0046407200430991224
3.959320332752209,-0.9952367555269102,5.5837502403521855,1.0,3.403,39.0,-0.0020304401332063016,0.0046407200430991224
3.9578438767983606,-0.9951397334846618,5.587903725005221,1.0,3.4016,40.0,-0.0014764559538482658,0.004153484653035555
3.9563674208445128,-0.9950427114424133,5.592057209658257,1.0,3.4002,41.0,-0.0014764559538478217,0.004153484653035555
3.9548909648906645,-0.9949456894001649,5.596210694311293,1.0,3.3988,42.0,-0.0014764559538482658,0.004153484653036443
3.9534145089368162,-0.9948486673579164,5.600364178964329,1.0,3.3974,43.0,-0.0014764559538482658,0.004153484653035555
3.9519380529829684,-0.9947516453156681,5.604517663617364,1.0,3.396,44.0,-0.0014764559538478217,0.004153484653035555
3.95046159702912,-0.9946546232734196,5.6086711482704,1.0,3.3946,45.0,-0.0014764559538482658,0.004153484653035555
3.948985141075272,-0.9945576012311712,5.612824632923435,1.0,3.3932,46.0,-0.0014764559538482658,0.004153484653035555
3.947508685121424,-0.9944605791889227,5.616978117576472,1.0,3.3918,47.0,-0.0014764559538478217,0.004153484653036443
3.946032229167576,-0.9943635571466743,5.621131602229507,1.0,3.3904,48.0,-0.0014764559538482658,0.004153484653035555
3.9445557732137275,-0.9942665351044259,5.625285086882543,1.0,3.3890000000000002,49.0,-0.0014764559538482658,0.004153484653035555
3.9430793172598797,-0.9941695130621775,5.629438571535578,1.0,3.3876,50.0,-0.0014764559538478217,0.004153484653035555
3.9416028613060314,-0.994072491019929,5.633592056188614,1.0,3.3862,51.0,-0.0014764559538482658,0.004153484653035555
3.940126405352183,-0.9939754689776806,5.63774554084165,1.0,3.3848000000000003,52.0,-0.0014764559538482658,0.004153484653036443
3.9386499493983353,-0.9938784469354321,5.641899025494686,1.0,3.3834,53.0,-0.0014764559538478217,0.004153484653035555
3.937173493444487,-0.9937814248931838,5.6460525101477215,1.0,3.382,54.0,-0.0014764559538482658,0.004153484653035555
3.9358908755332043,-0.9939622114005421,5.650169679556874,1.0,3.381066666666667,55.0,-0.0012826179112828129,0.00411716940915241
3.9346082576219215,-0.9941429979079003,5.654286848966026,1.0,3.380133333333333,56.0,-0.0012826179112828129,0.00411716940915241
3.933325639710639,-0.9943237844152586,5.658404018375179,1.0,3.3792,57.0,-0.0012826179112823688,0.00411716940915241
3.9320430217993563,-0.9945045709226169,5.662521187784331,1.0,3.3782666666666668,58.0,-0.0012826179112828129,0.00411716940915241
3.9307604038880735,-0.9946853574299752,5.6666383571934835,1.0,3.3773333333333335,59.0,-0.0012826179112828129,0.00411716940915241
3.9294777859767906,-0.9948661439373334,5.670755526602636,1.0,3.3764,60.0,-0.0012826179112828129,0.00411716940915241
3.928195168065508,-0.9950469304446917,5.674872696011788,1.0,3.3754666666666666,61.0,-0.0012826179112828129,0.00411716940915241
3.9269125501542255,-0.99522771695205,5.678989865420942,1.0,3.3745333333333334,62.0,-0.0012826179112823688,0.004117169409153298
3.9256299322429427,-0.9954085034594083,5.683107034830094,1.0,3.3736,63.0,-0.0012826179112828129,0.00411716940915241
3.92434731433166,-0.9955892899667665,5.6872242042392465,1.0,3.3726666666666665,64.0,-0.0012826179112828129,0.00411716940915241
3.923064696420377,-0.9957700764741249,5.691341373648399,1.0,3.3717333333333332,65.0,-0.0012826179112828129,0.00411716940915241
3.921782078509094,-0.9959508629814832,5.695458543057551,1.0,3.3708,66.0,-0.0012826179112828129,0.00411716940915241
3.920499460597812,-0.9961316494888415,5.699575712466704,1.0,3.369866666666667,67.0,-0.0012826179112823688,0.00411716940915241
3.919216842686529,-0.9963124359961997,5.703692881875856,1.0,3.368933333333333,68.0,-0.0012826179112828129,0.00411716940915241
3.917934224775246,-0.996493222503558,5.7078100512850085,1.0,3.368,69.0,-0.0012826179112828129,0.00411716940915241
3.9168216894576533,-0.9963568552378715,5.712841257548878,1.0,3.3672,70.0,-0.001112535317592922,0.00503120626386977
3.91570915414006,-0.9962204879721851,5.717872463812747,1.0,3.3664,71.0,-0.001112535317593366,0.0050312062638688815
3.914596618822467,-0.9960841207064987,5.722903670076617,1.0,3.3655999999999997,72.0,-0.001112535317592922,0.00503120626386977
3.9134840835048736,-0.9959477534408122,5.727934876340486,1.0,3.3648,73.0,-0.001112535317593366,0.0050312062638688815
3.9123715481872807,-0.9958113861751258,5.732966082604356,1.0,3.364,74.0,-0.001112535317592922,0.00503120626386977
3.911259012869688,-0.9956750189094393,5.737997288868225,1.0,3.3632,75.0,-0.001112535317592922,0.00503120626386977
3.9101464775520944,-0.9955386516437529,5.743028495132094,1.0,3.3624,76.0,-0.001112535317593366,0.0050312062638688815
3.9090339422345015,-0.9954022843780663,5.748059701395964,1.0,3.3615999999999997,77.0,-0.001112535317592922,0.00503120626386977
3.907921406916908,-0.9952659171123799,5.753090907659833,1.0,3.3608,78.0,-0.001112535317593366,0.0050312062638688815
3.9068088715993152,-0.9951295498466934,5.758122113923703,1.0,3.36,79.0,-0.001112535317592922,0.00503120626386977
3.9056963362817223,-0.994993182581007,5.763153320187572,1.0,3.3592,80.0,-0.001112535317592922,0.00503120626386977
3.904583800964129,-0.9948568153153206,5.768184526451441,1.0,3.3584,81.0,-0.001112535317593366,0.0050312062638688815
3.903471265646536,-0.9947204480496341,5.773215732715311,1.0,3.3575999999999997,82.0,-0.001112535317592922,0.00503120626386977
3.9023587303289426,-0.9945840807839477,5.77824693897918,1.0,3.3568,83.0,-0.001112535317593366,0.0050312062638688815
3.9012461950113497,-0.9944477135182612,5.78327814524305,1.0,3.356,84.0,-0.001112535317592922,0.00503120626386977
3.9002466269665823,-0.9945289849576179,5.788948354399956,1.0,3.3551333333333333,85.0,-0.0009995680447674182,0.005670209156906303
3.8992470589218153,-0.9946102563969745,5.794618563556863,1.0,3.3542666666666667,86.0,-0.0009995680447669741,0.005670209156907191
3.898247490877048,-0.9946915278363312,5.8002887727137695,1.0,3.3533999999999997,87.0,-0.0009995680447674182,0.005670209156906303
3.897247922832281,-0.9947727992756878,5.805958981870677,1.0,3.352533333333333,88.0,-0.0009995680447669741,0.005670209156907191
3.8962483547875135,-0.9948540707150445,5.811629191027583,1.0,3.3516666666666666,89.0,-0.0009995680447674182,0.005670209156906303
3.895248786742746,-0.9949353421544012,5.817299400184489,1.0,3.3508,90.0,-0.0009995680447674182,0.005670209156906303
3.894249218697979,-0.9950166135937578,5.8229696093413965,1.0,3.3499333333333334,91.0,-0.0009995680447669741,0.005670209156907191
3.8932496506532117,-0.9950978850331146,5.828639818498303,1.0,3.3490666666666664,92.0,-0.0009995680447674182,0.005670209156906303
3.8922500826084447,-0.9951791564724712,5.83431002765521,1.0,3.3482,93.0,-0.0009995680447669741,0.005670209156907191
3.8912505145636773,-0.9952604279118279,5.839980236812116,1.0,3.3473333333333333,94.0,-0.0009995680447674182,0.005670209156906303
3.89025094651891,-0.9953416993511846,5.845650445969023,1.0,3.3464666666666667,95.0,-0.0009995680447674182,0.005670209156906303
3.889251378474143,-0.9954229707905412,5.85132065512593,1.0,3.3456,96.0,-0.0009995680447669741,0.005670209156907191
3.8882518104293755,-0.9955042422298979,5.856990864282836,1.0,3.344733333333333,97.0,-0.0009995680447674182,0.005670209156906303
3.8872522423846085,-0.9955855136692545,5.862661073439743,1.0,3.3438666666666665,98.0,-0.0009995680447669741,0.005670209156907191
3.886252674339841,-0.9956667851086112,5.86833128259665,1.0,3.343,99.0,-0.0009995680447674182,0.005670209156906303
3.885376636607557,-0.9956394209962544,5.874359740805583,1.0,3.3421333333333334,100.0,-0.0008760377322842849,0.006028458208933607
3.8845005988752725,-0.9956120568838974,5.880388199014518,1.0,3.341266666666667,101.0,-0.0008760377322842849,0.006028458208934495
3.8836245611429883,-0.9955846927715406,5.886416657223451,1.0,3.3404,102.0,-0.0008760377322842849,0.006028458208933607
3.8827485234107035,-0.9955573286591838,5.892445115432385,1.0,3.3395333333333332,103.0,-0.000876037732284729,0.006028458208933607
3.8818724856784192,-0.995529964546827,5.8984735736413185,1.0,3.3386666666666667,104.0,-0.0008760377322842849,0.006028458208933607
3.880996447946135,-0.99550260043447,5.904502031850253,1.0,3.3378,105.0,-0.0008760377322842849,0.006028458208934495
3.8801204102138507,-0.9954752363221132,5.910530490059187,1.0,3.3369333333333335,106.0,-0.0008760377322842849,0.006028458208933607
3.8792443724815664,-0.9954478722097564,5.91655894826812,1.0,3.3360666666666665,107.0,-0.0008760377322842849,0.006028458208933607
3.878368334749282,-0.9954205080973996,5.922587406477054,1.0,3.3352,108.0,-0.0008760377322842849,0.006028458208933607
3.877492297016998,-0.9953931439850426,5.928615864685988,1.0,3.3343333333333334,109.0,-0.0008760377322842849,0.006028458208934495
3.8766162592847135,-0.9953657798726858,5.934644322894922,1.0,3.333466666666667,110.0,-0.0008760377322842849,0.006028458208933607
3.875740221552429,-0.995338415760329,5.9406727811038555,1.0,3.3326000000000002,111.0,-0.000876037732284729,0.006028458208933607
3.8748641838201445,-0.9953110516479722,5.946701239312789,1.0,3.331733333333333,112.0,-0.0008760377322842849,0.006028458208933607
3.8739881460878602,-0.9952836875356152,5.952729697521724,1.0,3.3308666666666666,113.0,-0.0008760377322842849,0.006028458208934495
3.873112108355576,-0.9952563234232584,5.958758155730657,1.0,3.33,114.0,-0.0008760377322842849,0.006028458208933607
3.8723181437433833,-0.9952191033207316,5.963462072981833,1.0,3.3297333333333334,115.0,-0.0007939646121926103,0.004703917251175582
3.8715241791311903,-0.9951818832182049,5.9681659902330075,1.0,3.329466666666667,116.0,-0.0007939646121930544,0.004703917251174694
3.8707302145189977,-0.9951446631156781,5.972869907484183,1.0,3.3292,117.0,-0.0007939646121926103,0.004703917251175582
3.869936249906805,-0.9951074430131512,5.977573824735358,1.0,3.3289333333333335,118.0,-0.0007939646121926103,0.004703917251174694
3.8691422852946125,-0.9950702229106245,5.982277741986533,1.0,3.328666666666667,119.0,-0.0007939646121926103,0.004703917251175582
3.8683483206824194,-0.9950330028080977,5.986981659237708,1.0,3.3284000000000002,120.0,-0.0007939646121930544,0.004703917251174694
3.867554356070227,-0.9949957827055709,5.991685576488884,1.0,3.3281333333333336,121.0,-0.0007939646121926103,0.004703917251175582
3.866760391458034,-0.9949585626030442,5.996389493740058,1.0,3.3278666666666665,122.0,-0.0007939646121926103,0.004703917251174694
3.8659664268458416,-0.9949213425005173,6.001093410991234,1.0,3.3276,123.0,-0.0007939646121926103,0.004703917251175582
3.8651724622336485,-0.9948841223979905,6.005797328242409,1.0,3.3273333333333333,124.0,-0.0007939646121930544,0.004703917251174694
3.864378497621456,-0.9948469022954638,6.010501245493584,1.0,3.3270666666666666,125.0,-0.0007939646121926103,0.004703917251175582
3.8635845330092633,-0.994809682192937,6.015205162744759,1.0,3.3268,126.0,-0.0007939646121926103,0.004703917251174694
3.8627905683970707,-0.9947724620904101,6.0199090799959345,1.0,3.3265333333333333,127.0,-0.0007939646121926103,0.004703917251175582
3.8619966037848776,-0.9947352419878834,6.024612997247109,1.0,3.3262666666666667,128.0,-0.0007939646121930544,0.004703917251174694
3.861202639172685,-0.9946980218853566,6.029316914498285,1.0,3.326,129.0,-0.0007939646121926103,0.004703917251175582
3.860459368918055,-0.9946596326199401,6.035731642239532,1.0,3.3255714285714286,130.0,-0.0007432702546301684,0.006414727741247184
3.8597160986634242,-0.9946212433545234,6.042146369980778,1.0,3.325142857142857,131.0,-0.0007432702546306125,0.0064147277412462955
3.858972828408794,-0.9945828540891068,6.048561097722025,1.0,3.3247142857142857,132.0,-0.0007432702546301684,0.006414727741247184
3.8582295581541635,-0.9945444648236902,6.054975825463273,1.0,3.3242857142857143,133.0,-0.0007432702546306125,0.006414727741247184
3.8574862878995333,-0.9945060755582736,6.061390553204519,1.0,3.323857142857143,134.0,-0.0007432702546301684,0.0064147277412462955
3.8567430176449027,-0.994467686292857,6.067805280945766,1.0,3.3234285714285714,135.0,-0.0007432702546306125,0.006414727741247184
3.8559997473902725,-0.9944292970274404,6.074220008687012,1.0,3.323,136.0,-0.0007432702546301684,0.0064147277412462955
3.8552564771356423,-0.9943909077620239,6.08063473642826,1.0,3.3225714285714285,137.0,-0.0007432702546301684,0.006414727741247184
3.8545132068810117,-0.9943525184966072,6.087049464169507,1.0,3.322142857142857,138.0,-0.0007432702546306125,0.006414727741247184
3.8537699366263816,-0.9943141292311907,6.093464191910753,1.0,3.3217142857142856,139.0,-0.0007432702546301684,0.0064147277412462955
3.853026666371751,-0.994275739965774,6.099878919652,1.0,3.321285714285714,140.0,-0.0007432702546306125,0.006414727741247184
3.852283396117121,-0.9942373507003575,6.106293647393247,1.0,3.3208571428571427,141.0,-0.0007432702546301684,0.006414727741247184
3.85154012586249,-0.9941989614349408,6.112708375134494,1.0,3.3204285714285713,142.0,-0.0007432702546306125,0.0064147277412462955
3.85079685560786,-0.9941605721695242,6.119123102875741,1.0,3.32,143.0,-0.0007432702546301684,0.006414727741247184
3.850162169193609,-0.9941313784101634,6.1247372470347194,1.0,3.3194666666666666,144.0,-0.0006346864142510178,0.00561414415897854
3.849527482779358,-0.9941021846508026,6.130351391193697,1.0,3.3189333333333333,145.0,-0.0006346864142510178,0.005614144158977652
3.8488927963651074,-0.9940729908914417,6.135965535352676,1.0,3.3184,146.0,-0.0006346864142505737,0.00561414415897854
3.8482581099508564,-0.9940437971320809,6.141579679511653,1.0,3.3178666666666663,147.0,-0.0006346864142510178,0.005614144158977652
3.8476234235366054,-0.9940146033727201,6.147193823670632,1.0,3.317333333333333,148.0,-0.0006346864142510178,0.00561414415897854
3.8469887371223543,-0.9939854096133592,6.1528079678296095,1.0,3.3167999999999997,149.0,-0.0006346864142510178,0.005614144158977652
3.8463540507081033,-0.9939562158539984,6.158422111988588,1.0,3.3162666666666665,150.0,-0.0006346864142510178,0.00561414415897854
3.8457193642938527,-0.9939270220946375,6.164036256147566,1.0,3.315733333333333,151.0,-0.0006346864142505737,0.005614144158977652
3.8450846778796017,-0.9938978283352766,6.169650400306544,1.0,3.3152,152.0,-0.0006346864142510178,0.00561414415897854
3.8444499914653507,-0.9938686345759158,6.175264544465522,1.0,3.3146666666666667,153.0,-0.0006346864142510178,0.005614144158977652
3.8438153050510997,-0.993839440816555,6.1808786886245,1.0,3.3141333333333334,154.0,-0.0006346864142510178,0.00561414415897854
3.8431806186368487,-0.9938102470571941,6.186492832783478,1.0,3.3135999999999997,155.0,-0.0006346864142510178,0.005614144158977652
3.842545932222598,-0.9937810532978333,6.192106976942457,1.0,3.3130666666666664,156.0,-0.0006346864142505737,0.00561414415897854
3.841911245808347,-0.9937518595384724,6.197721121101434,1.0,3.312533333333333,157.0,-0.0006346864142510178,0.005614144158977652
3.841276559394096,-0.9937226657791116,6.203335265260413,1.0,3.312,158.0,-0.0006346864142510178,0.00561414415897854
3.8407098764582366,-0.9937271480396589,6.210500622699162,1.0,3.3116,159.0,-0.000566682935859486,0.0071653574387493535
3.840143193522377,-0.9937316303002063,6.2176659801379115,1.0,3.3112,160.0,-0.000566682935859486,0.0071653574387493535
3.8395765105865176,-0.9937361125607536,6.224831337576661,1.0,3.3108,161.0,-0.000566682935859486,0.0071653574387493535
3.8390098276506586,-0.993740594821301,6.23199669501541,1.0,3.3104,162.0,-0.000566682935859042,0.0071653574387493535
3.838443144714799,-0.9937450770818482,6.23916205245416,1.0,3.31,163.0,-0.000566682935859486,0.0071653574387493535
3.8378764617789396,-0.9937495593423956,6.246327409892909,1.0,3.3096,164.0,-0.000566682935859486,0.0071653574387493535
3.83730977884308,-0.9937540416029429,6.253492767331658,1.0,3.3092,165.0,-0.000566682935859486,0.0071653574387493535
3.8367430959072206,-0.9937585238634903,6.260658124770408,1.0,3.3087999999999997,166.0,-0.000566682935859486,0.0071653574387493535
3.836176412971361,-0.9937630061240376,6.267823482209157,1.0,3.3084,167.0,-0.000566682935859486,0.0071653574387493535
3.8356097300355017,-0.993767488384585,6.274988839647906,1.0,3.308,168.0,-0.000566682935859486,0.0071653574387493535
3.835043047099642,-0.9937719706451322,6.282154197086656,1.0,3.3076,169.0,-0.000566682935859486,0.0071653574387493535
3.834476364163783,-0.9937764529056796,6.289319554525405,1.0,3.3072,170.0,-0.000566682935859042,0.0071653574387493535
3.8339096812279236,-0.9937809351662269,6.296484911964154,1.0,3.3068,171.0,-0.000566682935859486,0.0071653574387493535
3.833342998292064,-0.9937854174267743,6.303650269402904,1.0,3.3064,172.0,-0.000566682935859486,0.0071653574387493535
3.8327763153562047,-0.9937898996873216,6.310815626841653,1.0,3.306,173.0,-0.000566682935859486,0.0071653574387493535
3.8322579072475693,-0.9938925238607113,6.3151090934721825,1.0,3.3055333333333334,174.0,-0.0005184081086353487,0.00429346663052943
3.831739499138934,-0.993995148034101,6.319402560102712,1.0,3.305066666666667,175.0,-0.0005184081086353487,0.00429346663052943
3.8312210910302986,-0.9940977722074907,6.323696026733242,1.0,3.3046,176.0,-0.0005184081086353487,0.004293466630530318
3.830702682921663,-0.9942003963808805,6.327989493363772,1.0,3.304133333333333,177.0,-0.0005184081086357928,0.00429346663052943
3.8301842748130275,-0.9943030205542702,6.332282959994301,1.0,3.3036666666666665,178.0,-0.0005184081086353487,0.00429346663052943
3.829665866704392,-0.99440564472766,6.336576426624831,1.0,3.3032,179.0,-0.0005184081086353487,0.00429346663052943
3.829147458595757,-0.9945082689010497,6.34086989325536,1.0,3.3027333333333333,180.0,-0.0005184081086353487,0.00429346663052943
3.8286290504871214,-0.9946108930744395,6.34516335988589,1.0,3.3022666666666667,181.0,-0.0005184081086353487,0.004293466630530318
3.828110642378486,-0.9947135172478292,6.34945682651642,1.0,3.3018,182.0,-0.0005184081086353487,0.00429346663052943
3.8275922342698507,-0.994816141421219,6.353750293146949,1.0,3.3013333333333335,183.0,-0.0005184081086353487,0.00429346663052943
3.8270738261612154,-0.9949187655946087,6.358043759777479,1.0,3.300866666666667,184.0,-0.0005184081086353487,0.00429346663052943
3.8265554180525796,-0.9950213897679985,6.362337226408008,1.0,3.3004,185.0,-0.0005184081086357928,0.00429346663052943
3.8260370099439442,-0.9951240139413882,6.366630693038538,1.0,3.299933333333333,186.0,-0.0005184081086353487,0.004293466630530318
3.825518601835309,-0.995226638114778,6.370924159669068,1.0,3.2994666666666665,187.0,-0.0005184081086353487,0.00429346663052943
3.8250001937266735,-0.9953292622881676,6.375217626299597,1.0,3.299,188.0,-0.0005184081086353487,0.00429346663052943
3.8245520316787647,-0.9953256556888885,6.380844419089833,1.0,3.2986666666666666,189.0,-0.00044816204790887326,0.005626792790235591
3.8241038696308562,-0.9953220490896094,6.386471211880068,1.0,3.2983333333333333,190.0,-0.0004481620479084292,0.005626792790235591
3.8236557075829474,-0.9953184424903303,6.392098004670303,1.0,3.298,191.0,-0.00044816204790887326,0.005626792790234703
3.823207545535039,-0.9953148358910512,6.397724797460539,1.0,3.2976666666666667,192.0,-0.0004481620479084292,0.005626792790235591
3.82275938348713,-0.9953112292917721,6.403351590250774,1.0,3.2973333333333334,193.0,-0.00044816204790887326,0.005626792790235591
3.822311221439221,-0.995307622692493,6.40897838304101,1.0,3.297,194.0,-0.00044816204790887326,0.005626792790235591
3.8218630593913128,-0.9953040160932138,6.4146051758312455,1.0,3.296666666666667,195.0,-0.0004481620479084292,0.005626792790235591
3.821414897343404,-0.9953004094939346,6.42023196862148,1.0,3.296333333333333,196.0,-0.00044816204790887326,0.005626792790234703
3.8209667352954955,-0.9952968028946555,6.425858761411716,1.0,3.296,197.0,-0.0004481620479084292,0.005626792790235591
3.8205185732475866,-0.9952931962953764,6.431485554201951,1.0,3.2956666666666665,198.0,-0.00044816204790887326,0.005626792790235591
3.8200704111996777,-0.9952895896960973,6.437112346992187,1.0,3.2953333333333332,199.0,-0.00044816204790887326,0.005626792790235591
3.8196222491517693,-0.9952859830968181,6.4427391397824225,1.0,3.295,200.0,-0.0004481620479084292,0.005626792790235591
3.8191740871038604,-0.995282376497539,6.448365932572657,1.0,3.2946666666666666,201.0,-0.00044816204790887326,0.005626792790234703
3.818725925055952,-0.9952787698982599,6.453992725362893,1.0,3.2943333333333333,202.0,-0.0004481620479084292,0.005626792790235591
3.818277763008043,-0.9952751632989808,6.459619518153128,1.0,3.294,203.0,-0.00044816204790887326,0.005626792790235591
3.817837377972241,-0.9952009673533485,6.464466991958066,1.0,3.2936666666666667,204.0,-0.0004403850358021266,0.00484747380493733
3.817396992936439,-0.9951267714077162,6.469314465763004,1.0,3.2933333333333334,205.0,-0.0004403850358021266,0.004847473804938218
3.8169566079006367,-0.9950525754620839,6.474161939567941,1.0,3.293,206.0,-0.0004403850358021266,0.00484747380493733
3.8165162228648346,-0.9949783795164515,6.479009413372879,1.0,3.292666666666667,207.0,-0.0004403850358021266,0.00484747380493733
3.8160758378290325,-0.9949041835708192,6.483856887177816,1.0,3.2923333333333336,208.0,-0.0004403850358021266,0.00484747380493733
3.8156354527932304,-0.9948299876251869,6.488704360982754,1.0,3.2920000000000003,209.0,-0.0004403850358021266,0.004847473804938218
3.8151950677574282,-0.9947557916795546,6.4935518347876915,1.0,3.291666666666667,210.0,-0.0004403850358021266,0.00484747380493733
3.814754682721626,-0.9946815957339223,6.498399308592629,1.0,3.291333333333333,211.0,-0.0004403850358021266,0.00484747380493733
3.814314297685824,-0.99460739978829,6.503246782397566,1.0,3.291,212.0,-0.0004403850358021266,0.00484747380493733
3.813873912650022,-0.9945332038426578,6.508094256202504,1.0,3.2906666666666666,213.0,-0.0004403850358021266,0.004847473804938218
3.8134335276142197,-0.9944590078970255,6.512941730007442,1.0,3.2903333333333333,214.0,-0.0004403850358021266,0.00484747380493733
3.8129931425784176,-0.994384811951393,6.517789203812379,1.0,3.29,215.0,-0.0004403850358021266,0.00484747380493733
3.8125527575426155,-0.9943106160057608,6.522636677617316,1.0,3.2896666666666667,216.0,-0.0004403850358021266,0.00484747380493733
3.8121123725068133,-0.9942364200601285,6.527484151422255,1.0,3.2893333333333334,217.0,-0.0004403850358021266,0.004847473804938218
3.811671987471011,-0.9941622241144962,6.532331625227192,1.0,3.289,218.0,-0.0004403850358021266,0.00484747380493733
3.8112482469539,-0.994212904582075,6.536777044875431,1.0,3.2885714285714287,219.0,-0.0004237405171112485,0.004445419648239302
3.8108245064367883,-0.9942635850496537,6.54122246452367,1.0,3.2881428571428573,220.0,-0.0004237405171116926,0.004445419648238413
3.810400765919677,-0.9943142655172326,6.545667884171909,1.0,3.287714285714286,221.0,-0.0004237405171112485,0.004445419648239302
3.8099770254025653,-0.9943649459848114,6.550113303820148,1.0,3.2872857142857144,222.0,-0.0004237405171116926,0.004445419648239302
3.809553284885454,-0.9944156264523902,6.554558723468387,1.0,3.286857142857143,223.0,-0.0004237405171112485,0.004445419648238413
3.8091295443683424,-0.994466306919969,6.559004143116626,1.0,3.2864285714285715,224.0,-0.0004237405171116926,0.004445419648239302
3.808705803851231,-0.9945169873875478,6.563449562764864,1.0,3.286,225.0,-0.0004237405171112485,0.004445419648238413
3.80828206333412,-0.9945676678551266,6.567894982413104,1.0,3.2855714285714286,226.0,-0.0004237405171112485,0.004445419648239302
3.807858322817008,-0.9946183483227053,6.572340402061343,1.0,3.285142857142857,227.0,-0.0004237405171116926,0.004445419648239302
3.807434582299897,-0.9946690287902842,6.576785821709581,1.0,3.2847142857142857,228.0,-0.0004237405171112485,0.004445419648238413
3.8070108417827853,-0.994719709257863,6.581231241357821,1.0,3.2842857142857143,229.0,-0.0004237405171116926,0.004445419648239302
3.806587101265674,-0.9947703897254419,6.58567666100606,1.0,3.283857142857143,230.0,-0.0004237405171112485,0.004445419648239302
3.8061633607485623,-0.9948210701930206,6.590122080654298,1.0,3.2834285714285714,231.0,-0.0004237405171116926,0.004445419648238413
3.805739620231451,-0.9948717506605994,6.594567500302538,1.0,3.283,232.0,-0.0004237405171112485,0.004445419648239302
3.8053704727596327,-0.994927914730325,6.6017645893095676,1.0,3.2827333333333333,233.0,-0.00036914747181837626,0.0071970890070298665
3.8050013252878148,-0.9949840788000508,6.6089616783165965,1.0,3.2824666666666666,234.0,-0.00036914747181793217,0.007197089007028978
3.8046321778159964,-0.9950402428697764,6.616158767323626,1.0,3.2822,235.0,-0.00036914747181837626,0.0071970890070298665
3.804263030344178,-0.9950964069395022,6.623355856330655,1.0,3.2819333333333334,236.0,-0.00036914747181837626,0.007197089007028978
3.8038938828723596,-0.9951525710092278,6.630552945337685,1.0,3.2816666666666667,237.0,-0.00036914747181837626,0.0071970890070298665
3.8035247354005417,-0.9952087350789536,6.637750034344715,1.0,3.2814,238.0,-0.00036914747181793217,0.0071970890070298665
3.8031555879287233,-0.9952648991486792,6.644947123351744,1.0,3.2811333333333335,239.0,-0.00036914747181837626,0.007197089007028978
3.802786440456905,-0.995321063218405,6.652144212358774,1.0,3.2808666666666664,240.0,-0.00036914747181837626,0.0071970890070298665
3.8024172929850866,-0.9953772272881306,6.659341301365803,1.0,3.2805999999999997,241.0,-0.00036914747181837626,0.007197089007028978
3.8020481455132686,-0.9954333913578564,6.666538390372833,1.0,3.280333333333333,242.0,-0.00036914747181793217,0.0071970890070298665
3.8016789980414503,-0.995489555427582,6.673735479379863,1.0,3.2800666666666665,243.0,-0.00036914747181837626,0.0071970890070298665
3.801309850569632,-0.9955457194973077,6.680932568386892,1.0,3.2798,244.0,-0.00036914747181837626,0.007197089007028978
3.8009407030978135,-0.9956018835670334,6.6881296573939215,1.0,3.279533333333333,245.0,-0.00036914747181837626,0.0071970890070298665
3.8005715556259956,-0.9956580476367591,6.6953267464009505,1.0,3.2792666666666666,246.0,-0.00036914747181793217,0.007197089007028978
3.800202408154177,-0.9957142117064848,6.70252383540798,1.0,3.279,247.0,-0.00036914747181837626,0.0071970890070298665
3.799873048838807,-0.9956455573248332,6.707303794526163,1.0,3.2786666666666666,248.0,-0.00032935931537014795,0.004779959118182298
3.7995436895234374,-0.9955769029431815,6.712083753644345,1.0,3.2783333333333333,249.0,-0.00032935931536970386,0.004779959118182298
3.799214330208067,-0.9955082485615299,6.716863712762526,1.0,3.278,250.0,-0.00032935931537014795,0.004779959118181409
3.7988849708926975,-0.9954395941798783,6.721643671880709,1.0,3.2776666666666667,251.0,-0.00032935931536970386,0.004779959118182298
3.7985556115773274,-0.9953709397982266,6.726423630998891,1.0,3.2773333333333334,252.0,-0.00032935931537014795,0.004779959118182298
3.7982262522619576,-0.995302285416575,6.731203590117073,1.0,3.277,253.0,-0.00032935931536970386,0.004779959118182298
3.7978968929465875,-0.9952336310349233,6.7359835492352556,1.0,3.276666666666667,254.0,-0.00032935931537014795,0.004779959118182298
3.797567533631218,-0.9951649766532716,6.740763508353437,1.0,3.276333333333333,255.0,-0.00032935931536970386,0.004779959118181409
3.7972381743158476,-0.99509632227162,6.745543467471619,1.0,3.276,256.0,-0.00032935931537014795,0.004779959118182298
3.796908815000478,-0.9950276678899684,6.750323426589802,1.0,3.2756666666666665,257.0,-0.00032935931536970386,0.004779959118182298
3.796579455685108,-0.9949590135083167,6.755103385707984,1.0,3.275333333333333,258.0,-0.00032935931537014795,0.004779959118182298
3.796250096369738,-0.9948903591266651,6.759883344826166,1.0,3.275,259.0,-0.00032935931536970386,0.004779959118182298
3.795920737054368,-0.9948217047450135,6.764663303944348,1.0,3.2746666666666666,260.0,-0.00032935931537014795,0.004779959118181409
3.7955913777389982,-0.9947530503633618,6.76944326306253,1.0,3.2743333333333333,261.0,-0.00032935931536970386,0.004779959118182298
3.795262018423628,-0.9946843959817102,6.774223222180712,1.0,3.274,262.0,-0.00032935931537014795,0.004779959118182298
3.794934067758108,-0.9946787466967721,6.779738247658347,1.0,3.2736666666666667,263.0,-0.00032795066552004926,0.005515025477635049
3.7946061170925875,-0.9946730974118342,6.785253273135982,1.0,3.2733333333333334,264.0,-0.00032795066552049335,0.005515025477635049
3.7942781664270675,-0.9946674481268961,6.790768298613617,1.0,3.273,265.0,-0.00032795066552004926,0.005515025477635049
3.7939502157615475,-0.994661798841958,6.796283324091252,1.0,3.272666666666667,266.0,-0.00032795066552004926,0.005515025477635049
3.793622265096027,-0.99465614955702,6.801798349568887,1.0,3.2723333333333335,267.0,-0.00032795066552049335,0.005515025477635049
3.793294314430507,-0.994650500272082,6.8073133750465225,1.0,3.2720000000000002,268.0,-0.00032795066552004926,0.005515025477635049
3.792966363764987,-0.994644850987144,6.8128284005241575,1.0,3.271666666666667,269.0,-0.00032795066552004926,0.005515025477635049
3.7926384130994664,-0.9946392017022059,6.818343426001792,1.0,3.271333333333333,270.0,-0.00032795066552049335,0.005515025477634161
3.7923104624339463,-0.9946335524172678,6.823858451479427,1.0,3.271,271.0,-0.00032795066552004926,0.005515025477635049
3.7919825117684263,-0.9946279031323298,6.829373476957062,1.0,3.2706666666666666,272.0,-0.00032795066552004926,0.005515025477635049
3.7916545611029058,-0.9946222538473918,6.834888502434697,1.0,3.2703333333333333,273.0,-0.00032795066552049335,0.005515025477635049
3.7913266104373857,-0.9946166045624537,6.840403527912332,1.0,3.27,274.0,-0.00032795066552004926,0.005515025477635049
3.7909986597718657,-0.9946109552775156,6.845918553389967,1.0,3.2696666666666667,275.0,-0.00032795066552004926,0.005515025477635049
3.790670709106345,-0.9946053059925777,6.851433578867602,1.0,3.2693333333333334,276.0,-0.00032795066552049335,0.005515025477635049
3.790342758440825,-0.9945996567076396,6.856948604345237,1.0,3.269,277.0,-0.00032795066552004926,0.005515025477635049
3.7900429522459103,-0.99465409337835,6.862505115132078,1.0,3.2687333333333335,278.0,-0.0002998061949148756,0.005556510786840718
3.7897431460509954,-0.9947085300490603,6.8680616259189184,1.0,3.268466666666667,279.0,-0.0002998061949148756,0.005556510786840718
3.7894433398560805,-0.9947629667197707,6.873618136705759,1.0,3.2682,280.0,-0.0002998061949148756,0.005556510786840718
3.7891435336611656,-0.9948174033904811,6.879174647492601,1.0,3.2679333333333336,281.0,-0.0002998061949148756,0.005556510786841606
3.7888437274662508,-0.9948718400611914,6.8847311582794415,1.0,3.267666666666667,282.0,-0.0002998061949148756,0.005556510786840718
3.788543921271336,-0.9949262767319018,6.890287669066282,1.0,3.2674000000000003,283.0,-0.0002998061949148756,0.005556510786840718
3.788244115076421,-0.9949807134026122,6.895844179853123,1.0,3.2671333333333337,284.0,-0.0002998061949148756,0.005556510786840718
3.787944308881506,-0.9950351500733224,6.901400690639964,1.0,3.2668666666666666,285.0,-0.0002998061949148756,0.005556510786840718
3.7876445026865913,-0.9950895867440328,6.906957201426804,1.0,3.2666,286.0,-0.0002998061949148756,0.005556510786840718
3.7873446964916764,-0.9951440234147432,6.912513712213645,1.0,3.2663333333333333,287.0,-0.0002998061949148756,0.005556510786840718
3.7870448902967615,-0.9951984600854535,6.918070223000486,1.0,3.2660666666666667,288.0,-0.0002998061949148756,0.005556510786840718
3.7867450841018466,-0.9952528967561639,6.923626733787327,1.0,3.2658,289.0,-0.0002998061949148756,0.005556510786841606
3.7864452779069318,-0.9953073334268743,6.929183244574168,1.0,3.2655333333333334,290.0,-0.0002998061949148756,0.005556510786840718
3.786145471712017,-0.9953617700975846,6.934739755361009,1.0,3.2652666666666668,291.0,-0.0002998061949148756,0.005556510786840718
3.785845665517102,-0.995416206768295,6.94029626614785,1.0,3.265,292.0,-0.0002998061949148756,0.005556510786840718
3.7855567476607077,-0.995430968811447,6.945291566903188,1.0,3.2647333333333335,293.0,-0.00028891785639428846,0.00499530075533805
3.785267829804314,-0.995445730854599,6.950286867658526,1.0,3.264466666666667,294.0,-0.0002889178563938444,0.00499530075533805
3.7849789119479196,-0.995460492897751,6.955282168413864,1.0,3.2642,295.0,-0.00028891785639428846,0.00499530075533805
3.7846899940915257,-0.9954752549409029,6.960277469169202,1.0,3.2639333333333336,296.0,-0.0002889178563938444,0.00499530075533805
3.7844010762351314,-0.9954900169840549,6.96527276992454,1.0,3.263666666666667,297.0,-0.00028891785639428846,0.00499530075533805
3.784112158378737,-0.9955047790272069,6.970268070679878,1.0,3.2634000000000003,298.0,-0.00028891785639428846,0.00499530075533805
3.7838232405223433,-0.9955195410703589,6.975263371435216,1.0,3.2631333333333337,299.0,-0.0002889178563938444,0.00499530075533805
3.783534322665949,-0.9955343031135109,6.980258672190554,1.0,3.2628666666666666,300.0,-0.00028891785639428846,0.00499530075533805
3.783245404809555,-0.9955490651566629,6.985253972945892,1.0,3.2626,301.0,-0.0002889178563938444,0.00499530075533805
3.782956486953161,-0.9955638271998148,6.99024927370123,1.0,3.2623333333333333,302.0,-0.00028891785639428846,0.00499530075533805
3.7826675690967666,-0.9955785892429668,6.995244574456568,1.0,3.2620666666666667,303.0,-0.00028891785639428846,0.00499530075533805
3.7823786512403728,-0.9955933512861188,7.000239875211906,1.0,3.2618,304.0,-0.0002889178563938444,0.00499530075533805
3.7820897333839785,-0.9956081133292708,7.005235175967244,1.0,3.2615333333333334,305.0,-0.00028891785639428846,0.00499530075533805
3.7818008155275846,-0.9956228753724228,7.010230476722582,1.0,3.2612666666666668,306.0,-0.0002889178563938444,0.00499530075533805
3.7815118976711903,-0.9956376374155748,7.01522577747792,1.0,3.261,307.0,-0.00028891785639428846,0.00499530075533805
3.7812129122895257,-0.9955329081347289,7.0198044397884765,1.0,3.2607142857142857,308.0,-0.0002989853816646182,0.0045786623105561475
3.780913926907861,-0.9954281788538832,7.024383102099033,1.0,3.2604285714285717,309.0,-0.0002989853816646182,0.0045786623105561475
3.7806149415261965,-0.9953234495730374,7.028961764409588,1.0,3.2601428571428572,310.0,-0.0002989853816646182,0.004578662310555259
3.780315956144532,-0.9952187202921917,7.033540426720144,1.0,3.259857142857143,311.0,-0.0002989853816646182,0.0045786623105561475
3.7800169707628672,-0.9951139910113459,7.0381190890307,1.0,3.259571428571429,312.0,-0.0002989853816646182,0.0045786623105561475
3.7797179853812026,-0.9950092617305002,7.042697751341256,1.0,3.2592857142857143,313.0,-0.0002989853816646182,0.0045786623105561475
3.779418999999538,-0.9949045324496544,7.0472764136518125,1.0,3.2590000000000003,314.0,-0.0002989853816646182,0.0045786623105561475
3.7791200146178734,-0.9947998031688086,7.051855075962368,1.0,3.258714285714286,315.0,-0.0002989853816646182,0.004578662310555259
3.7788210292362088,-0.9946950738879629,7.056433738272924,1.0,3.2584285714285715,316.0,-0.0002989853816646182,0.0045786623105561475
3.778522043854544,-0.994590344607117,7.06101240058348,1.0,3.2581428571428575,317.0,-0.0002989853816646182,0.0045786623105561475
3.7782230584728795,-0.9944856153262713,7.065591062894036,1.0,3.257857142857143,318.0,-0.0002989853816646182,0.0045786623105561475
3.777924073091215,-0.9943808860454255,7.070169725204591,1.0,3.2575714285714286,319.0,-0.0002989853816646182,0.004578662310555259
3.7776250877095503,-0.9942761567645798,7.074748387515148,1.0,3.2572857142857146,320.0,-0.0002989853816646182,0.0045786623105561475
3.7773261023278857,-0.994171427483734,7.079327049825704,1.0,3.257,321.0,-0.0002989853816646182,0.0045786623105561475
3.7770343804980846,-0.9942079460608114,7.083279196633624,1.0,3.256666666666667,322.0,-0.00029172182980108374,0.0039521468079204425
3.7767426586682835,-0.9942444646378887,7.087231343441545,1.0,3.2563333333333335,323.0,-0.00029172182980108374,0.0039521468079204425
3.7764509368384824,-0.9942809832149662,7.091183490249465,1.0,3.2560000000000002,324.0,-0.00029172182980108374,0.0039521468079204425
3.7761592150086813,-0.9943175017920435,7.0951356370573855,1.0,3.2556666666666665,325.0,-0.00029172182980108374,0.0039521468079204425
3.7758674931788803,-0.9943540203691209,7.099087783865306,1.0,3.255333333333333,326.0,-0.00029172182980108374,0.0039521468079204425
3.775575771349079,-0.9943905389461982,7.103039930673226,1.0,3.255,327.0,-0.00029172182980108374,0.0039521468079204425
3.775284049519278,-0.9944270575232756,7.106992077481147,1.0,3.2546666666666666,328.0,-0.00029172182980108374,0.0039521468079204425
3.7749923276894766,-0.994463576100353,7.110944224289068,1.0,3.2543333333333333,329.0,-0.00029172182980152783,0.003952146807921331
3.7747006058596755,-0.9945000946774304,7.114896371096989,1.0,3.254,330.0,-0.00029172182980108374,0.0039521468079204425
3.7744088840298744,-0.9945366132545077,7.118848517904909,1.0,3.2536666666666667,331.0,-0.00029172182980108374,0.0039521468079204425
3.7741171622000733,-0.9945731318315851,7.1228006647128295,1.0,3.2533333333333334,332.0,-0.00029172182980108374,0.0039521468079204425
3.7738254403702722,-0.9946096504086624,7.12675281152075,1.0,3.2529999999999997,333.0,-0.00029172182980108374,0.0039521468079204425
3.773533718540471,-0.9946461689857399,7.13070495832867,1.0,3.2526666666666664,334.0,-0.00029172182980108374,0.0039521468079204425
3.77324199671067,-0.9946826875628172,7.134657105136591,1.0,3.252333333333333,335.0,-0.00029172182980108374,0.0039521468079204425
3.772950274880869,-0.9947192061398946,7.138609251944511,1.0,3.252,336.0,-0.00029172182980108374,0.0039521468079204425
3.7726821032770284,-0.9947458894835961,7.143064399767533,1.0,3.251733333333333,337.0,-0.0002681716038406279,0.004455147823021477
3.7724139316731873,-0.9947725728272976,7.147519547590554,1.0,3.2514666666666665,338.0,-0.00026817160384107197,0.004455147823021477
3.7721457600693467,-0.9947992561709991,7.151974695413576,1.0,3.2512,339.0,-0.0002681716038406279,0.004455147823021477
3.771877588465506,-0.9948259395147006,7.156429843236598,1.0,3.2509333333333332,340.0,-0.0002681716038406279,0.004455147823022365
3.7716094168616654,-0.994852622858402,7.1608849910596195,1.0,3.2506666666666666,341.0,-0.0002681716038406279,0.004455147823021477
3.7713412452578243,-0.9948793062021035,7.165340138882641,1.0,3.2504,342.0,-0.00026817160384107197,0.004455147823021477
3.7710730736539837,-0.994905989545805,7.1697952867056625,1.0,3.2501333333333333,343.0,-0.0002681716038406279,0.004455147823021477
3.770804902050143,-0.9949326728895066,7.174250434528684,1.0,3.2498666666666667,344.0,-0.0002681716038406279,0.004455147823021477
3.7705367304463024,-0.9949593562332081,7.178705582351705,1.0,3.2496,345.0,-0.0002681716038406279,0.004455147823021477
3.7702685588424614,-0.9949860395769096,7.183160730174727,1.0,3.2493333333333334,346.0,-0.00026817160384107197,0.004455147823021477
3.7700003872386207,-0.995012722920611,7.187615877997748,1.0,3.2490666666666668,347.0,-0.0002681716038406279,0.004455147823021477
3.76973221563478,-0.9950394062643125,7.192071025820771,1.0,3.2488,348.0,-0.0002681716038406279,0.004455147823022365
3.7694640440309395,-0.995066089608014,7.196526173643792,1.0,3.2485333333333335,349.0,-0.0002681716038406279,0.004455147823021477
3.7691958724270984,-0.9950927729517155,7.200981321466814,1.0,3.248266666666667,350.0,-0.00026817160384107197,0.004455147823021477
3.768927700823258,-0.995119456295417,7.205436469289835,1.0,3.248,351.0,-0.0002681716038406279,0.004455147823021477
3.7686523742199265,-0.9950901883315545,7.210403285376844,1.0,3.247666666666667,352.0,-0.000275326603331294,0.004966816087009107
3.768377047616595,-0.995060920367692,7.215370101463853,1.0,3.2473333333333336,353.0,-0.000275326603331294,0.004966816087009107
3.7681017210132635,-0.9950316524038296,7.220336917550863,1.0,3.2470000000000003,354.0,-0.0002753266033317381,0.004966816087009995
3.767826394409932,-0.9950023844399671,7.2253037336378725,1.0,3.2466666666666666,355.0,-0.000275326603331294,0.004966816087009107
3.767551067806601,-0.9949731164761046,7.230270549724882,1.0,3.2463333333333333,356.0,-0.000275326603331294,0.004966816087009107
3.7672757412032696,-0.9949438485122422,7.235237365811891,1.0,3.246,357.0,-0.000275326603331294,0.004966816087009107
3.7670004145999383,-0.9949145805483797,7.2402041818989,1.0,3.2456666666666667,358.0,-0.000275326603331294,0.004966816087009107
3.7667250879966065,-0.9948853125845173,7.24517099798591,1.0,3.2453333333333334,359.0,-0.0002753266033317381,0.004966816087009995
3.7664497613932753,-0.9948560446206548,7.250137814072919,1.0,3.245,360.0,-0.000275326603331294,0.004966816087009107
3.766174434789944,-0.9948267766567923,7.255104630159928,1.0,3.244666666666667,361.0,-0.000275326603331294,0.004966816087009107
3.7658991081866127,-0.9947975086929298,7.260071446246937,1.0,3.2443333333333335,362.0,-0.000275326603331294,0.004966816087009107
3.7656237815832814,-0.9947682407290673,7.265038262333946,1.0,3.2439999999999998,363.0,-0.000275326603331294,0.004966816087009107
3.7653484549799496,-0.994738972765205,7.270005078420956,1.0,3.2436666666666665,364.0,-0.0002753266033317381,0.004966816087009995
3.7650731283766183,-0.9947097048013425,7.274971894507965,1.0,3.243333333333333,365.0,-0.000275326603331294,0.004966816087009107
3.764797801773287,-0.99468043683748,7.279938710594974,1.0,3.243,366.0,-0.000275326603331294,0.004966816087009107
3.7645283703879184,-0.9946788837275109,7.283728351572114,1.0,3.2426666666666666,367.0,-0.00026943138536861255,0.003789640977139186
3.7642589390025494,-0.9946773306175419,7.287517992549254,1.0,3.2423333333333333,368.0,-0.00026943138536905664,0.003789640977140074
3.7639895076171808,-0.9946757775075729,7.291307633526393,1.0,3.242,369.0,-0.00026943138536861255,0.003789640977139186
3.763720076231812,-0.9946742243976038,7.295097274503533,1.0,3.2416666666666667,370.0,-0.00026943138536861255,0.003789640977140074
3.7634506448464435,-0.9946726712876348,7.298886915480672,1.0,3.2413333333333334,371.0,-0.00026943138536861255,0.003789640977139186
3.7631812134610745,-0.9946711181776657,7.302676556457812,1.0,3.241,372.0,-0.00026943138536905664,0.003789640977140074
3.762911782075706,-0.9946695650676967,7.306466197434951,1.0,3.240666666666667,373.0,-0.00026943138536861255,0.003789640977139186
3.7626423506903373,-0.9946680119577277,7.3102558384120915,1.0,3.240333333333333,374.0,-0.00026943138536861255,0.003789640977140074
3.7623729193049686,-0.9946664588477586,7.314045479389231,1.0,3.2399999999999998,375.0,-0.00026943138536861255,0.003789640977139186
3.7621034879195996,-0.9946649057377895,7.317835120366371,1.0,3.2396666666666665,376.0,-0.00026943138536905664,0.003789640977140074
3.761834056534231,-0.9946633526278206,7.32162476134351,1.0,3.239333333333333,377.0,-0.00026943138536861255,0.003789640977139186
3.7615646251488624,-0.9946617995178515,7.32541440232065,1.0,3.239,378.0,-0.00026943138536861255,0.003789640977140074
3.7612951937634937,-0.9946602464078824,7.329204043297789,1.0,3.2386666666666666,379.0,-0.00026943138536861255,0.003789640977139186
3.7610257623781247,-0.9946586932979135,7.332993684274929,1.0,3.2383333333333333,380.0,-0.00026943138536905664,0.003789640977140074
3.760756330992756,-0.9946571401879444,7.336783325252068,1.0,3.238,381.0,-0.00026943138536861255,0.003789640977139186
3.7604697694255727,-0.9947372031533137,7.342209758221868,1.0,3.2375,382.0,-0.00028656156718342984,0.0054264329697994995
3.760183207858389,-0.9948172661186832,7.347636191191667,1.0,3.237,383.0,-0.00028656156718342984,0.0054264329697994995
3.759896646291206,-0.9948973290840525,7.353062624161467,1.0,3.2365,384.0,-0.00028656156718342984,0.0054264329697994995
3.759610084724022,-0.9949773920494218,7.3584890571312656,1.0,3.2359999999999998,385.0,-0.00028656156718387393,0.005426432969798611
3.7593235231568385,-0.9950574550147913,7.363915490101065,1.0,3.2355,386.0,-0.00028656156718342984,0.0054264329697994995
3.759036961589655,-0.9951375179801606,7.3693419230708646,1.0,3.235,387.0,-0.00028656156718342984,0.0054264329697994995
3.7587504000224716,-0.99521758094553,7.374768356040664,1.0,3.2345,388.0,-0.00028656156718342984,0.0054264329697994995
3.758463838455288,-0.9952976439108994,7.3801947890104636,1.0,3.234,389.0,-0.00028656156718342984,0.0054264329697994995
3.7581772768881048,-0.9953777068762687,7.385621221980263,1.0,3.2335,390.0,-0.00028656156718342984,0.0054264329697994995
3.7578907153209213,-0.9954577698416381,7.3910476549500626,1.0,3.233,391.0,-0.00028656156718342984,0.0054264329697994995
3.7576041537537375,-0.9955378328070075,7.396474087919861,1.0,3.2325,392.0,-0.00028656156718387393,0.005426432969798611
3.757317592186554,-0.9956178957723768,7.401900520889661,1.0,3.2319999999999998,393.0,-0.00028656156718342984,0.0054264329697994995
3.7570310306193706,-0.9956979587377462,7.40732695385946,1.0,3.2315,394.0,-0.00028656156718342984,0.0054264329697994995
3.756744469052187,-0.9957780217031156,7.41275338682926,1.0,3.231,395.0,-0.00028656156718342984,0.0054264329697994995
3.756473281966039,-0.9957727598430672,7.417354604662684,1.0,3.2305333333333333,396.0,-0.0002711870861480392,0.004601217833424265
3.756202094879891,-0.9957674979830188,7.421955822496108,1.0,3.2300666666666666,397.0,-0.0002711870861480392,0.004601217833424265
3.755930907793743,-0.9957622361229704,7.426557040329533,1.0,3.2296,398.0,-0.0002711870861480392,0.004601217833425153
3.755659720707595,-0.9957569742629221,7.431158258162958,1.0,3.2291333333333334,399.0,-0.0002711870861480392,0.004601217833424265
3.755388533621447,-0.9957517124028737,7.435759475996382,1.0,3.228666666666667,400.0,-0.0002711870861480392,0.004601217833424265
3.755117346535299,-0.9957464505428253,7.440360693829806,1.0,3.2282,401.0,-0.0002711870861480392,0.004601217833424265
3.754846159449151,-0.995741188682777,7.44496191166323,1.0,3.2277333333333336,402.0,-0.0002711870861480392,0.004601217833424265
3.754574972363003,-0.9957359268227286,7.4495631294966556,1.0,3.2272666666666665,403.0,-0.0002711870861480392,0.004601217833425153
3.754303785276855,-0.9957306649626803,7.45416434733008,1.0,3.2268,404.0,-0.0002711870861480392,0.004601217833424265
3.754032598190707,-0.9957254031026318,7.458765565163504,1.0,3.2263333333333333,405.0,-0.0002711870861480392,0.004601217833424265
3.7537614111045587,-0.9957201412425835,7.463366782996928,1.0,3.2258666666666667,406.0,-0.0002711870861480392,0.004601217833424265
3.7534902240184107,-0.9957148793825351,7.467968000830353,1.0,3.2254,407.0,-0.0002711870861480392,0.004601217833424265
3.7532190369322627,-0.9957096175224868,7.472569218663778,1.0,3.2249333333333334,408.0,-0.0002711870861480392,0.004601217833425153
3.7529478498461146,-0.9957043556624383,7.477170436497202,1.0,3.224466666666667,409.0,-0.0002711870861480392,0.004601217833424265
3.7526766627599666,-0.99569909380239,7.481771654330626,1.0,3.224,410.0,-0.0002711870861480392,0.004601217833424265
3.7524035299855387,-0.9956055236451491,7.4867619232116915,1.0,3.2236000000000002,411.0,-0.00027313277442786443,0.004990268881065241
3.7521303972111104,-0.9955119534879083,7.491752192092757,1.0,3.2232000000000003,412.0,-0.0002731327744283085,0.004990268881065241
3.7518572644366825,-0.9954183833306675,7.496742460973822,1.0,3.2228000000000003,413.0,-0.00027313277442786443,0.004990268881065241
3.7515841316622547,-0.9953248131734266,7.501732729854886,1.0,3.2224,414.0,-0.00027313277442786443,0.0049902688810643525
3.751310998887827,-0.9952312430161858,7.506722998735952,1.0,3.222,415.0,-0.00027313277442786443,0.004990268881065241
3.7510378661133985,-0.9951376728589449,7.511713267617017,1.0,3.2216,416.0,-0.0002731327744283085,0.004990268881065241
3.7507647333389706,-0.9950441027017041,7.516703536498082,1.0,3.2212,417.0,-0.00027313277442786443,0.004990268881065241
3.750491600564543,-0.9949505325444633,7.521693805379147,1.0,3.2208,418.0,-0.00027313277442786443,0.004990268881065241
3.750218467790115,-0.9948569623872224,7.526684074260213,1.0,3.2204,419.0,-0.00027313277442786443,0.004990268881065241
3.7499453350156866,-0.9947633922299816,7.531674343141278,1.0,3.22,420.0,-0.0002731327744283085,0.004990268881065241
3.7496722022412587,-0.9946698220727408,7.536664612022343,1.0,3.2196000000000002,421.0,-0.00027313277442786443,0.004990268881065241
3.749399069466831,-0.9945762519154999,7.541654880903407,1.0,3.2192,422.0,-0.00027313277442786443,0.0049902688810643525
3.749125936692403,-0.994482681758259,7.546645149784473,1.0,3.2188,423.0,-0.00027313277442786443,0.004990268881065241
3.7488528039179747,-0.9943891116010183,7.551635418665538,1.0,3.2184,424.0,-0.0002731327744283085,0.004990268881065241
3.748579671143547,-0.9942955414437774,7.556625687546603,1.0,3.218,425.0,-0.00027313277442786443,0.004990268881065241
3.748307667603976,-0.9942820770854377,7.560644709821347,1.0,3.2174,426.0,-0.00027200353957068657,0.004019022274744266
3.7480356640644055,-0.994268612727098,7.564663732096091,1.0,3.2168,427.0,-0.00027200353957068657,0.004019022274743378
3.7477636605248352,-0.9942551483687583,7.568682754370835,1.0,3.2162,428.0,-0.0002720035395702425,0.004019022274744266
3.7474916569852645,-0.9942416840104187,7.572701776645579,1.0,3.2156,429.0,-0.00027200353957068657,0.004019022274744266
3.747219653445694,-0.994228219652079,7.576720798920324,1.0,3.215,430.0,-0.00027200353957068657,0.004019022274744266
3.746947649906123,-0.9942147552937393,7.580739821195067,1.0,3.2144,431.0,-0.00027200353957068657,0.004019022274743378
3.7466756463665525,-0.9942012909353996,7.584758843469811,1.0,3.2138,432.0,-0.00027200353957068657,0.004019022274744266
3.7464036428269822,-0.9941878265770598,7.5887778657445555,1.0,3.2132,433.0,-0.0002720035395702425,0.004019022274744266
3.7461316392874116,-0.9941743622187201,7.5927968880193,1.0,3.2126,434.0,-0.00027200353957068657,0.004019022274744266
3.745859635747841,-0.9941608978603804,7.596815910294043,1.0,3.212,435.0,-0.00027200353957068657,0.004019022274743378
3.74558763220827,-0.9941474335020407,7.600834932568787,1.0,3.2114000000000003,436.0,-0.00027200353957068657,0.004019022274744266
3.7453156286686995,-0.9941339691437011,7.604853954843532,1.0,3.2108,437.0,-0.00027200353957068657,0.004019022274744266
3.7450436251291292,-0.9941205047853614,7.608872977118276,1.0,3.2102,438.0,-0.0002720035395702425,0.004019022274744266
3.7447716215895586,-0.9941070404270217,7.612891999393019,1.0,3.2096,439.0,-0.00027200353957068657,0.004019022274743378
3.744499618049988,-0.994093576068682,7.616911021667764,1.0,3.209,440.0,-0.00027200353957068657,0.004019022274744266
3.744206425554838,-0.9941274294041877,7.621422050261777,1.0,3.2084,441.0,-0.0002931924951496967,0.004511028594013311
3.743913233059689,-0.9941612827396934,7.625933078855789,1.0,3.2078,442.0,-0.0002931924951492526,0.004511028594012423
3.7436200405645392,-0.9941951360751992,7.630444107449803,1.0,3.2072000000000003,443.0,-0.0002931924951496967,0.004511028594013311
3.74332684806939,-0.9942289894107048,7.634955136043816,1.0,3.2066,444.0,-0.0002931924951492526,0.004511028594013311
3.7430336555742403,-0.9942628427462106,7.639466164637828,1.0,3.206,445.0,-0.0002931924951496967,0.004511028594012423
3.742740463079091,-0.9942966960817163,7.643977193231842,1.0,3.2054,446.0,-0.0002931924951492526,0.004511028594013311
3.7424472705839413,-0.994330549417222,7.648488221825855,1.0,3.2048,447.0,-0.0002931924951496967,0.004511028594013311
3.742154078088792,-0.9943644027527277,7.652999250419867,1.0,3.2042,448.0,-0.0002931924951492526,0.004511028594012423
3.7418608855936424,-0.9943982560882334,7.657510279013881,1.0,3.2036000000000002,449.0,-0.0002931924951496967,0.004511028594013311
3.741567693098493,-0.9944321094237392,7.662021307607894,1.0,3.2030000000000003,450.0,-0.0002931924951492526,0.004511028594013311
3.7412745006033434,-0.9944659627592449,7.666532336201906,1.0,3.2024000000000004,451.0,-0.0002931924951496967,0.004511028594012423
3.740981308108194,-0.9944998160947506,7.67104336479592,1.0,3.2018,452.0,-0.0002931924951492526,0.004511028594013311
3.7406881156130445,-0.9945336694302563,7.675554393389933,1.0,3.2012,453.0,-0.0002931924951496967,0.004511028594013311
3.7403949231178952,-0.994567522765762,7.6800654219839455,1.0,3.2006,454.0,-0.0002931924951492526,0.004511028594012423
3.7401017306227455,-0.9946013761012678,7.684576450577959,1.0,3.2,455.0,-0.0002931924951496967,0.004511028594013311
3.739815958234166,-0.9945839425153636,7.6890073582712315,1.0,3.1996,456.0,-0.0002857723885796304,0.004430907693272701
3.7395301858455863,-0.9945665089294596,7.693438265964504,1.0,3.1992000000000003,457.0,-0.0002857723885796304,0.004430907693272701
3.7392444134570066,-0.9945490753435555,7.697869173657777,1.0,3.1988000000000003,458.0,-0.0002857723885796304,0.004430907693272701
3.7389586410684275,-0.9945316417576515,7.70230008135105,1.0,3.1984,459.0,-0.0002857723885791863,0.004430907693272701
3.738672868679848,-0.9945142081717474,7.706730989044322,1.0,3.198,460.0,-0.0002857723885796304,0.004430907693272701
3.738387096291268,-0.9944967745858434,7.711161896737595,1.0,3.1976,461.0,-0.0002857723885796304,0.004430907693272701
3.7381013239026886,-0.9944793409999393,7.715592804430868,1.0,3.1972,462.0,-0.0002857723885796304,0.004430907693272701
3.737815551514109,-0.9944619074140353,7.7200237121241395,1.0,3.1968,463.0,-0.0002857723885796304,0.004430907693271813
3.7375297791255293,-0.9944444738281312,7.724454619817412,1.0,3.1964,464.0,-0.0002857723885796304,0.004430907693272701
3.7372440067369497,-0.9944270402422272,7.728885527510685,1.0,3.196,465.0,-0.0002857723885796304,0.004430907693272701
3.73695823434837,-0.994409606656323,7.733316435203958,1.0,3.1956,466.0,-0.0002857723885796304,0.004430907693272701
3.736672461959791,-0.994392173070419,7.73774734289723,1.0,3.1952,467.0,-0.0002857723885791863,0.004430907693272701
3.7363866895712112,-0.9943747394845149,7.742178250590503,1.0,3.1948,468.0,-0.0002857723885796304,0.004430907693272701
3.7361009171826316,-0.9943573058986109,7.746609158283776,1.0,3.1944,469.0,-0.0002857723885796304,0.004430907693272701
3.735815144794052,-0.9943398723127068,7.751040065977048,1.0,3.194,470.0,-0.0002857723885796304,0.004430907693272701
3.7355231716280146,-0.9943469635723713,7.7541482790915115,1.0,3.193357142857143,471.0,-0.00029197316603735146,0.0031082131144630765
3.7352311984619773,-0.9943540548320356,7.7572564922059755,1.0,3.1927142857142856,472.0,-0.00029197316603735146,0.0031082131144639646
3.73493922529594,-0.9943611460917001,7.7603647053204385,1.0,3.1920714285714284,473.0,-0.00029197316603735146,0.0031082131144630765
3.734647252129902,-0.9943682373513646,7.763472918434902,1.0,3.1914285714285713,474.0,-0.00029197316603779555,0.0031082131144630765
3.7343552789638648,-0.9943753286110291,7.766581131549365,1.0,3.190785714285714,475.0,-0.00029197316603735146,0.0031082131144630765
3.7340633057978274,-0.9943824198706934,7.769689344663829,1.0,3.190142857142857,476.0,-0.00029197316603735146,0.0031082131144639646
3.73377133263179,-0.9943895111303579,7.772797557778292,1.0,3.1895000000000002,477.0,-0.00029197316603735146,0.0031082131144630765
3.7334793594657527,-0.9943966023900224,7.775905770892755,1.0,3.188857142857143,478.0,-0.00029197316603735146,0.0031082131144630765
3.7331873862997154,-0.9944036936496867,7.779013984007219,1.0,3.188214285714286,479.0,-0.00029197316603735146,0.0031082131144639646
3.732895413133678,-0.9944107849093512,7.782122197121682,1.0,3.1875714285714287,480.0,-0.00029197316603735146,0.0031082131144630765
3.73260343996764,-0.9944178761690157,7.785230410236145,1.0,3.1869285714285716,481.0,-0.00029197316603779555,0.0031082131144630765
3.732311466801603,-0.9944249674286801,7.788338623350608,1.0,3.1862857142857144,482.0,-0.00029197316603735146,0.0031082131144630765
3.7320194936355655,-0.9944320586883445,7.791446836465072,1.0,3.185642857142857,483.0,-0.00029197316603735146,0.0031082131144639646
3.731727520469528,-0.994439149948009,7.794555049579535,1.0,3.185,484.0,-0.00029197316603735146,0.0031082131144630765
3.731442520980339,-0.994468421100501,7.798375117085785,1.0,3.1844,485.0,-0.0002849994891893637,0.003820067506249636
3.7311575214911494,-0.9944976922529931,7.802195184592033,1.0,3.1838,486.0,-0.0002849994891893637,0.0038200675062487477
3.73087252200196,-0.9945269634054853,7.806015252098283,1.0,3.1832000000000003,487.0,-0.0002849994891893637,0.003820067506249636
3.7305875225127707,-0.9945562345579774,7.809835319604533,1.0,3.1826,488.0,-0.0002849994891893637,0.003820067506249636
3.7303025230235813,-0.9945855057104694,7.8136553871107814,1.0,3.182,489.0,-0.0002849994891893637,0.0038200675062487477
3.730017523534392,-0.9946147768629615,7.817475454617031,1.0,3.1814,490.0,-0.0002849994891893637,0.003820067506249636
3.7297325240452026,-0.9946440480154536,7.821295522123281,1.0,3.1808,491.0,-0.0002849994891893637,0.003820067506249636
3.7294475245560137,-0.9946733191679458,7.8251155896295295,1.0,3.1802,492.0,-0.0002849994891889196,0.0038200675062487477
3.7291625250668243,-0.9947025903204378,7.828935657135779,1.0,3.1796,493.0,-0.0002849994891893637,0.003820067506249636
3.728877525577635,-0.9947318614729299,7.832755724642029,1.0,3.1790000000000003,494.0,-0.0002849994891893637,0.003820067506249636
3.7285925260884456,-0.994761132625422,7.8365757921482775,1.0,3.1784000000000003,495.0,-0.0002849994891893637,0.0038200675062487477
3.7283075265992562,-0.9947904037779141,7.840395859654527,1.0,3.1778,496.0,-0.0002849994891893637,0.003820067506249636
3.728022527110067,-0.9948196749304062,7.844215927160777,1.0,3.1772,497.0,-0.0002849994891893637,0.003820067506249636
3.7277375276208775,-0.9948489460828983,7.8480359946670255,1.0,3.1766,498.0,-0.0002849994891893637,0.0038200675062487477
3.727452528131688,-0.9948782172353904,7.851856062173275,1.0,3.176,499.0,-0.0002849994891893637,0.003820067506249636
3.7271795596809283,-0.9948264102806502,7.855226596286149,1.0,3.175466666666667,500.0,-0.00027296845075985843,0.003370534112874246
3.726906591230169,-0.9947746033259101,7.858597130399024,1.0,3.1749333333333336,501.0,-0.00027296845075941434,0.003370534112874246
3.726633622779409,-0.9947227963711699,7.861967664511898,1.0,3.1744000000000003,502.0,-0.00027296845075985843,0.003370534112874246
3.7263606543286496,-0.9946709894164298,7.865338198624771,1.0,3.1738666666666666,503.0,-0.00027296845075941434,0.003370534112873358
3.7260876858778897,-0.9946191824616897,7.8687087327376455,1.0,3.1733333333333333,504.0,-0.00027296845075985843,0.003370534112874246
3.72581471742713,-0.9945673755069495,7.87207926685052,1.0,3.1728,505.0,-0.00027296845075985843,0.003370534112874246
3.7255417489763705,-0.9945155685522094,7.875449800963394,1.0,3.172266666666667,506.0,-0.00027296845075941434,0.003370534112874246
3.7252687805256106,-0.9944637615974692,7.878820335076268,1.0,3.1717333333333335,507.0,-0.00027296845075985843,0.003370534112874246
3.724995812074851,-0.994411954642729,7.8821908691891425,1.0,3.1712000000000002,508.0,-0.00027296845075941434,0.003370534112874246
3.7247228436240913,-0.9943601476879889,7.885561403302017,1.0,3.170666666666667,509.0,-0.00027296845075985843,0.003370534112874246
3.7244498751733315,-0.9943083407332487,7.888931937414891,1.0,3.1701333333333337,510.0,-0.00027296845075985843,0.003370534112874246
3.724176906722572,-0.9942565337785086,7.892302471527764,1.0,3.1696,511.0,-0.00027296845075941434,0.003370534112873358
3.723903938271812,-0.9942047268237685,7.895673005640639,1.0,3.1690666666666667,512.0,-0.00027296845075985843,0.003370534112874246
3.723630969821053,-0.9941529198690283,7.899043539753513,1.0,3.1685333333333334,513.0,-0.00027296845075941434,0.003370534112874246
3.723358001370293,-0.9941011129142882,7.902414073866387,1.0,3.168,514.0,-0.00027296845075985843,0.003370534112874246
3.723069034620577,-0.9941673767129418,7.906155723236429,1.0,3.167466666666667,515.0,-0.00028896674971612413,0.003741649370041955
3.7227800678708607,-0.9942336405115955,7.909897372606471,1.0,3.1669333333333336,516.0,-0.00028896674971612413,0.003741649370041955
3.7224911011211446,-0.9942999043102491,7.913639021976513,1.0,3.1664000000000003,517.0,-0.00028896674971612413,0.003741649370041955
3.7222021343714284,-0.9943661681089027,7.917380671346555,1.0,3.1658666666666666,518.0,-0.00028896674971612413,0.003741649370041955
3.7219131676217123,-0.9944324319075563,7.921122320716597,1.0,3.1653333333333333,519.0,-0.00028896674971612413,0.003741649370041955
3.721624200871996,-0.99449869570621,7.924863970086639,1.0,3.1648,520.0,-0.00028896674971612413,0.003741649370041955
3.72133523412228,-0.9945649595048636,7.928605619456681,1.0,3.164266666666667,521.0,-0.00028896674971612413,0.003741649370041955
3.721046267372564,-0.9946312233035172,7.932347268826724,1.0,3.1637333333333335,522.0,-0.00028896674971612413,0.0037416493700428433
3.720757300622848,-0.9946974871021708,7.9360889181967655,1.0,3.1632000000000002,523.0,-0.00028896674971612413,0.003741649370041955
3.7204683338731317,-0.9947637509008245,7.9398305675668075,1.0,3.162666666666667,524.0,-0.00028896674971612413,0.003741649370041955
3.7201793671234156,-0.9948300146994781,7.9435722169368495,1.0,3.1621333333333337,525.0,-0.00028896674971612413,0.003741649370041955
3.7198904003736994,-0.9948962784981317,7.947313866306891,1.0,3.1616,526.0,-0.00028896674971612413,0.003741649370041955
3.7196014336239833,-0.9949625422967853,7.951055515676933,1.0,3.1610666666666667,527.0,-0.00028896674971612413,0.003741649370041955
3.719312466874267,-0.995028806095439,7.954797165046975,1.0,3.1605333333333334,528.0,-0.00028896674971612413,0.003741649370041955
3.719023500124551,-0.9950950698940926,7.958538814417017,1.0,3.16,529.0,-0.00028896674971612413,0.003741649370041955
3.7187366108962325,-0.9950644838667221,7.960490247073495,1.0,3.1594,530.0,-0.00028688922831854313,0.0019514326564777917
3.7184497216679144,-0.9950338978393515,7.962441679729974,1.0,3.1588000000000003,531.0,-0.00028688922831809904,0.00195143265647868
3.718162832439596,-0.995003311811981,7.9643931123864515,1.0,3.1582,532.0,-0.00028688922831854313,0.0019514326564777917
3.717875943211278,-0.9949727257846104,7.96634454504293,1.0,3.1576,533.0,-0.00028688922831809904,0.00195143265647868
3.7175890539829592,-0.9949421397572399,7.968295977699408,1.0,3.157,534.0,-0.00028688922831854313,0.0019514326564777917
3.717302164754641,-0.9949115537298693,7.970247410355887,1.0,3.1564,535.0,-0.00028688922831809904,0.00195143265647868
3.7170152755263226,-0.9948809677024988,7.9721988430123645,1.0,3.1558,536.0,-0.00028688922831854313,0.0019514326564777917
3.7167283862980045,-0.9948503816751282,7.974150275668843,1.0,3.1552,537.0,-0.00028688922831809904,0.00195143265647868
3.716441497069686,-0.9948197956477577,7.976101708325321,1.0,3.1546,538.0,-0.00028688922831854313,0.0019514326564777917
3.716154607841368,-0.9947892096203871,7.9780531409818,1.0,3.154,539.0,-0.00028688922831809904,0.00195143265647868
3.7158677186130493,-0.9947586235930166,7.980004573638277,1.0,3.1534,540.0,-0.00028688922831854313,0.0019514326564777917
3.715580829384731,-0.994728037565646,7.981956006294756,1.0,3.1528,541.0,-0.00028688922831809904,0.00195143265647868
3.7152939401564127,-0.9946974515382755,7.983907438951234,1.0,3.1521999999999997,542.0,-0.00028688922831854313,0.0019514326564777917
3.7150070509280946,-0.9946668655109049,7.985858871607713,1.0,3.1515999999999997,543.0,-0.00028688922831809904,0.00195143265647868
3.714720161699776,-0.9946362794835344,7.98781030426419,1.0,3.151,544.0,-0.00028688922831854313,0.0019514326564777917
3.7144328027397924,-0.9946275253107173,7.99285249919661,1.0,3.1504999999999996,545.0,-0.00028735895998366345,0.005042194932419974
3.714145443779809,-0.9946187711379002,7.997894694129029,1.0,3.15,546.0,-0.00028735895998321936,0.005042194932419086
3.7138580848198255,-0.9946100169650831,8.002936889061449,1.0,3.1494999999999997,547.0,-0.00028735895998366345,0.005042194932419086
3.7135707258598423,-0.994601262792266,8.007979083993868,1.0,3.149,548.0,-0.00028735895998321936,0.005042194932419974
3.7132833668998586,-0.9945925086194489,8.013021278926288,1.0,3.1485,549.0,-0.00028735895998366345,0.005042194932419974
3.7129960079398754,-0.9945837544466318,8.018063473858708,1.0,3.148,550.0,-0.00028735895998321936,0.005042194932419974
3.7127086489798917,-0.9945750002738147,8.023105668791127,1.0,3.1475,551.0,-0.00028735895998366345,0.005042194932418198
3.712421290019908,-0.9945662461009978,8.028147863723547,1.0,3.147,552.0,-0.00028735895998366345,0.005042194932419974
3.712133931059925,-0.9945574919281807,8.033190058655967,1.0,3.1465,553.0,-0.00028735895998321936,0.005042194932419974
3.711846572099941,-0.9945487377553636,8.038232253588387,1.0,3.146,554.0,-0.00028735895998366345,0.005042194932419974
3.711559213139958,-0.9945399835825465,8.043274448520807,1.0,3.1455,555.0,-0.00028735895998321936,0.005042194932419974
3.7112718541799743,-0.9945312294097294,8.048316643453225,1.0,3.145,556.0,-0.00028735895998366345,0.005042194932418198
3.710984495219991,-0.9945224752369123,8.053358838385645,1.0,3.1445000000000003,557.0,-0.00028735895998321936,0.005042194932419974
3.7106971362600074,-0.9945137210640952,8.058401033318065,1.0,3.144,558.0,-0.00028735895998366345,0.005042194932419974
3.7104326417826976,-0.9943904677659667,8.060340977418857,1.0,3.1435333333333335,559.0,-0.0002644944773098068,0.0019399441007923457
3.710168147305388,-0.9942672144678384,8.062280921519648,1.0,3.143066666666667,560.0,-0.0002644944773098068,0.0019399441007905693
3.7099036528280784,-0.9941439611697099,8.06422086562044,1.0,3.1426000000000003,561.0,-0.0002644944773093627,0.0019399441007923457
3.7096391583507686,-0.9940207078715815,8.066160809721232,1.0,3.1421333333333332,562.0,-0.0002644944773098068,0.0019399441007923457
3.709374663873459,-0.993897454573453,8.068100753822023,1.0,3.1416666666666666,563.0,-0.0002644944773098068,0.0019399441007905693
3.709110169396149,-0.9937742012753247,8.070040697922815,1.0,3.1412,564.0,-0.0002644944773098068,0.0019399441007923457
3.708845674918839,-0.9936509479771962,8.071980642023608,1.0,3.1407333333333334,565.0,-0.0002644944773098068,0.0019399441007923457
3.70858118044153,-0.9935276946790678,8.073920586124398,1.0,3.1402666666666668,566.0,-0.0002644944773093627,0.0019399441007905693
3.70831668596422,-0.9934044413809393,8.07586053022519,1.0,3.1398,567.0,-0.0002644944773098068,0.0019399441007923457
3.7080521914869102,-0.993281188082811,8.077800474325983,1.0,3.1393333333333335,568.0,-0.0002644944773098068,0.0019399441007923457
3.7077876970096004,-0.9931579347846825,8.079740418426773,1.0,3.138866666666667,569.0,-0.0002644944773098068,0.0019399441007905693
3.7075232025322906,-0.993034681486554,8.081680362527566,1.0,3.1384,570.0,-0.0002644944773098068,0.0019399441007923457
3.7072587080549813,-0.9929114281884256,8.083620306628358,1.0,3.1379333333333332,571.0,-0.0002644944773093627,0.0019399441007923457
3.7069942135776714,-0.9927881748902972,8.085560250729149,1.0,3.1374666666666666,572.0,-0.0002644944773098068,0.0019399441007905693
3.7067297191003616,-0.9926649215921688,8.087500194829941,1.0,3.137,573.0,-0.0002644944773098068,0.0019399441007923457
3.706465100689063,-0.9928315274678533,8.090827688493974,1.0,3.1365333333333334,574.0,-0.00026461841129865604,0.0033274936640328434
3.7062004822777643,-0.9929981333435378,8.094155182158005,1.0,3.136066666666667,575.0,-0.00026461841129865604,0.003327493664031067
3.7059358638664657,-0.9931647392192224,8.097482675822038,1.0,3.1356,576.0,-0.00026461841129865604,0.0033274936640328434
3.705671245455167,-0.993331345094907,8.10081016948607,1.0,3.135133333333333,577.0,-0.00026461841129865604,0.0033274936640328434
3.7054066270438684,-0.9934979509705915,8.104137663150102,1.0,3.1346666666666665,578.0,-0.00026461841129865604,0.003327493664031067
3.7051420086325697,-0.993664556846276,8.107465156814134,1.0,3.1342,579.0,-0.00026461841129865604,0.0033274936640328434
3.704877390221271,-0.9938311627219605,8.110792650478167,1.0,3.1337333333333333,580.0,-0.00026461841129865604,0.0033274936640328434
3.704612771809973,-0.9939977685976451,8.114120144142198,1.0,3.1332666666666666,581.0,-0.00026461841129821195,0.003327493664031067
3.704348153398674,-0.9941643744733296,8.117447637806231,1.0,3.1328,582.0,-0.00026461841129865604,0.0033274936640328434
3.7040835349873755,-0.9943309803490141,8.120775131470264,1.0,3.1323333333333334,583.0,-0.00026461841129865604,0.0033274936640328434
3.703818916576077,-0.9944975862246986,8.124102625134295,1.0,3.131866666666667,584.0,-0.00026461841129865604,0.003327493664031067
3.703554298164778,-0.9946641921003831,8.127430118798328,1.0,3.1313999999999997,585.0,-0.00026461841129865604,0.0033274936640328434
3.7032896797534796,-0.9948307979760678,8.13075761246236,1.0,3.130933333333333,586.0,-0.00026461841129865604,0.0033274936640328434
3.703025061342181,-0.9949974038517523,8.134085106126392,1.0,3.1304666666666665,587.0,-0.00026461841129865604,0.003327493664031067
3.7027604429308822,-0.9951640097274368,8.137412599790425,1.0,3.13,588.0,-0.00026461841129865604,0.0033274936640328434
3.702482947018965,-0.9951151643224692,8.138591355035917,1.0,3.1296,589.0,-0.0002774959119173914,0.001178755245492269
3.702205451107048,-0.9950663189175015,8.139770110281411,1.0,3.1292,590.0,-0.00027749591191694734,0.0011787552454940453
3.7019279551951305,-0.9950174735125339,8.140948865526903,1.0,3.1288,591.0,-0.0002774959119173914,0.001178755245492269
3.7016504592832136,-0.9949686281075663,8.142127620772396,1.0,3.1284,592.0,-0.00027749591191694734,0.001178755245492269
3.701372963371296,-0.9949197827025986,8.143306376017888,1.0,3.128,593.0,-0.0002774959119173914,0.001178755245492269
3.701095467459379,-0.994870937297631,8.144485131263382,1.0,3.1276,594.0,-0.0002774959119173914,0.0011787552454940453
3.700817971547462,-0.9948220918926634,8.145663886508874,1.0,3.1272,595.0,-0.00027749591191694734,0.001178755245492269
3.7005404756355444,-0.9947732464876958,8.146842641754366,1.0,3.1268,596.0,-0.0002774959119173914,0.001178755245492269
3.7002629797236275,-0.9947244010827282,8.148021396999859,1.0,3.1264,597.0,-0.00027749591191694734,0.001178755245492269
3.69998548381171,-0.9946755556777606,8.149200152245353,1.0,3.126,598.0,-0.0002774959119173914,0.0011787552454940453
3.6997079878997927,-0.9946267102727929,8.150378907490845,1.0,3.1256,599.0,-0.0002774959119173914,0.001178755245492269
3.6994304919878758,-0.9945778648678253,8.151557662736337,1.0,3.1252,600.0,-0.00027749591191694734,0.001178755245492269
3.6991529960759584,-0.9945290194628577,8.15273641798183,1.0,3.1248,601.0,-0.0002774959119173914,0.001178755245492269
3.6988755001640414,-0.99448017405789,8.153915173227324,1.0,3.1244,602.0,-0.00027749591191694734,0.0011787552454940453
3.698598004252124,-0.9944313286529224,8.155093928472816,1.0,3.124,603.0,-0.0002774959119173914,0.001178755245492269
3.698351873833974,-0.9944004198463445,8.156985931003812,1.0,3.123666666666667,604.0,-0.0002461304181502477,0.00189200253099564
3.6981057434158235,-0.9943695110397666,8.158877933534805,1.0,3.1233333333333335,605.0,-0.0002461304181502477,0.0018920025309938637
3.6978596129976733,-0.9943386022331887,8.160769936065801,1.0,3.123,606.0,-0.0002461304181502477,0.00189200253099564
3.6976134825795226,-0.9943076934266109,8.162661938596797,1.0,3.122666666666667,607.0,-0.0002461304181506918,0.00189200253099564
3.6973673521613724,-0.9942767846200329,8.164553941127792,1.0,3.1223333333333336,608.0,-0.0002461304181502477,0.00189200253099564
3.697121221743222,-0.994245875813455,8.166445943658786,1.0,3.1220000000000003,609.0,-0.0002461304181502477,0.0018920025309938637
3.696875091325072,-0.9942149670068772,8.168337946189782,1.0,3.121666666666667,610.0,-0.0002461304181502477,0.00189200253099564
3.6966289609069216,-0.9941840582002992,8.170229948720777,1.0,3.1213333333333333,611.0,-0.0002461304181502477,0.00189200253099564
3.6963828304887714,-0.9941531493937213,8.172121951251773,1.0,3.121,612.0,-0.0002461304181502477,0.00189200253099564
3.696136700070621,-0.9941222405871435,8.174013953782767,1.0,3.1206666666666667,613.0,-0.0002461304181502477,0.0018920025309938637
3.695890569652471,-0.9940913317805655,8.175905956313763,1.0,3.1203333333333334,614.0,-0.0002461304181502477,0.00189200253099564
3.69564443923432,-0.9940604229739877,8.177797958844758,1.0,3.12,615.0,-0.0002461304181506918,0.00189200253099564
3.69539830881617,-0.9940295141674098,8.179689961375754,1.0,3.119666666666667,616.0,-0.0002461304181502477,0.00189200253099564
3.6951521783980197,-0.9939986053608318,8.181581963906748,1.0,3.1193333333333335,617.0,-0.0002461304181502477,0.0018920025309938637
3.6949060479798694,-0.993967696554254,8.183473966437743,1.0,3.119,618.0,-0.0002461304181502477,0.00189200253099564
3.6946402593895535,-0.9939357337190483,8.187891906405548,1.0,3.1186428571428575,619.0,-0.0002657885903158963,0.00441793996780504
3.6943744707992376,-0.9939037708838425,8.192309846373352,1.0,3.1182857142857143,620.0,-0.0002657885903158963,0.004417939967803264
3.6941086822089217,-0.9938718080486368,8.196727786341157,1.0,3.1179285714285716,621.0,-0.0002657885903158963,0.00441793996780504
3.6938428936186054,-0.993839845213431,8.201145726308962,1.0,3.117571428571429,622.0,-0.0002657885903163404,0.00441793996780504
3.6935771050282895,-0.9938078823782254,8.205563666276767,1.0,3.1172142857142857,623.0,-0.0002657885903158963,0.00441793996780504
3.6933113164379736,-0.9937759195430196,8.20998160624457,1.0,3.116857142857143,624.0,-0.0002657885903158963,0.004417939967803264
3.6930455278476577,-0.9937439567078139,8.214399546212375,1.0,3.1165,625.0,-0.0002657885903158963,0.00441793996780504
3.692779739257342,-0.9937119938726082,8.21881748618018,1.0,3.116142857142857,626.0,-0.0002657885903158963,0.00441793996780504
3.692513950667026,-0.9936800310374024,8.223235426147983,1.0,3.1157857142857144,627.0,-0.0002657885903158963,0.004417939967803264
3.69224816207671,-0.9936480682021968,8.227653366115788,1.0,3.115428571428571,628.0,-0.0002657885903158963,0.00441793996780504
3.6919823734863937,-0.993616105366991,8.232071306083593,1.0,3.1150714285714285,629.0,-0.0002657885903163404,0.00441793996780504
3.691716584896078,-0.9935841425317853,8.236489246051399,1.0,3.1147142857142858,630.0,-0.0002657885903158963,0.00441793996780504
3.691450796305762,-0.9935521796965795,8.240907186019202,1.0,3.1143571428571426,631.0,-0.0002657885903158963,0.004417939967803264
3.691185007715446,-0.9935202168613738,8.245325125987007,1.0,3.114,632.0,-0.0002657885903158963,0.00441793996780504
3.6909320115162743,-0.9935940518314681,8.248309159206984,1.0,3.1136,633.0,-0.00025299619917174,0.0029840332199775332
3.6906790153171025,-0.9936678868015624,8.251293192426964,1.0,3.1132,634.0,-0.00025299619917174,0.0029840332199793096
3.690426019117931,-0.9937417217716566,8.254277225646941,1.0,3.1128,635.0,-0.00025299619917174,0.0029840332199775332
3.6901730229187586,-0.9938155567417509,8.257261258866919,1.0,3.1124,636.0,-0.0002529961991721841,0.0029840332199775332
3.689920026719587,-0.9938893917118452,8.260245292086898,1.0,3.112,637.0,-0.00025299619917174,0.0029840332199793096
3.689667030520415,-0.9939632266819395,8.263229325306876,1.0,3.1116,638.0,-0.00025299619917174,0.0029840332199775332
3.6894140343212434,-0.9940370616520338,8.266213358526853,1.0,3.1112,639.0,-0.00025299619917174,0.0029840332199775332
3.6891610381220716,-0.994110896622128,8.269197391746832,1.0,3.1108,640.0,-0.00025299619917174,0.0029840332199793096
3.6889080419229,-0.9941847315922223,8.27218142496681,1.0,3.1104,641.0,-0.00025299619917174,0.0029840332199775332
3.688655045723728,-0.9942585665623166,8.275165458186788,1.0,3.11,642.0,-0.00025299619917174,0.0029840332199775332
3.6884020495245564,-0.9943324015324109,8.278149491406767,1.0,3.1096,643.0,-0.00025299619917174,0.0029840332199793096
3.6881490533253842,-0.9944062365025051,8.281133524626744,1.0,3.1092,644.0,-0.0002529961991721841,0.0029840332199775332
3.6878960571262125,-0.9944800714725994,8.284117557846722,1.0,3.1088,645.0,-0.00025299619917174,0.0029840332199775332
3.6876430609270408,-0.9945539064426937,8.287101591066701,1.0,3.1084,646.0,-0.00025299619917174,0.0029840332199793096
3.687390064727869,-0.994627741412788,8.290085624286679,1.0,3.108,647.0,-0.00025299619917174,0.0029840332199775332
3.6871557456557693,-0.9945299503611792,8.293490578140489,1.0,3.1077333333333335,648.0,-0.00023431907209969793,0.0034049538538099
3.6869214265836696,-0.9944321593095703,8.296895531994299,1.0,3.107466666666667,649.0,-0.00023431907209969793,0.0034049538538099
3.6866871075115695,-0.9943343682579615,8.300300485848108,1.0,3.1072,650.0,-0.00023431907210014202,0.0034049538538099
3.6864527884394698,-0.9942365772063527,8.303705439701918,1.0,3.1069333333333335,651.0,-0.00023431907209969793,0.0034049538538099
3.68621846936737,-0.9941387861547438,8.307110393555728,1.0,3.106666666666667,652.0,-0.00023431907209969793,0.0034049538538099
3.6859841502952704,-0.994040995103135,8.310515347409538,1.0,3.1064000000000003,653.0,-0.00023431907209969793,0.0034049538538099
3.6857498312231707,-0.9939432040515263,8.313920301263348,1.0,3.1061333333333336,654.0,-0.00023431907209969793,0.0034049538538099
3.6855155121510705,-0.9938454129999174,8.317325255117156,1.0,3.1058666666666666,655.0,-0.00023431907210014202,0.0034049538538081237
3.685281193078971,-0.9937476219483086,8.320730208970966,1.0,3.1056,656.0,-0.00023431907209969793,0.0034049538538099
3.685046874006871,-0.9936498308966998,8.324135162824776,1.0,3.1053333333333333,657.0,-0.00023431907209969793,0.0034049538538099
3.6848125549347714,-0.9935520398450909,8.327540116678586,1.0,3.1050666666666666,658.0,-0.00023431907209969793,0.0034049538538099
3.6845782358626717,-0.9934542487934821,8.330945070532396,1.0,3.1048,659.0,-0.00023431907209969793,0.0034049538538099
3.6843439167905716,-0.9933564577418733,8.334350024386206,1.0,3.1045333333333334,660.0,-0.00023431907210014202,0.0034049538538099
3.684109597718472,-0.9932586666902644,8.337754978240016,1.0,3.1042666666666667,661.0,-0.00023431907209969793,0.0034049538538099
3.683875278646372,-0.9931608756386556,8.341159932093825,1.0,3.104,662.0,-0.00023431907209969793,0.0034049538538099
3.6836361284230694,-0.993179220286958,8.3434813781886,1.0,3.1036,663.0,-0.00023915022330278646,0.0023214460947738047
3.6833969781997666,-0.9931975649352603,8.345802824283373,1.0,3.1032,664.0,-0.00023915022330278646,0.0023214460947738047
3.683157827976464,-0.9932159095835628,8.348124270378147,1.0,3.1028000000000002,665.0,-0.00023915022330278646,0.0023214460947738047
3.682918677753161,-0.9932342542318652,8.35044571647292,1.0,3.1024,666.0,-0.00023915022330278646,0.0023214460947738047
3.6826795275298583,-0.9932525988801676,8.352767162567694,1.0,3.102,667.0,-0.00023915022330278646,0.0023214460947738047
3.6824403773065555,-0.9932709435284699,8.355088608662468,1.0,3.1016,668.0,-0.00023915022330278646,0.0023214460947738047
3.6822012270832527,-0.9932892881767723,8.357410054757242,1.0,3.1012,669.0,-0.00023915022330278646,0.0023214460947738047
3.6819620768599504,-0.9933076328250747,8.359731500852014,1.0,3.1008,670.0,-0.00023915022330234237,0.0023214460947720283
3.6817229266366476,-0.9933259774733771,8.362052946946788,1.0,3.1004,671.0,-0.00023915022330278646,0.0023214460947738047
3.681483776413345,-0.9933443221216794,8.364374393041562,1.0,3.1,672.0,-0.00023915022330278646,0.0023214460947738047
3.681244626190042,-0.9933626667699819,8.366695839136336,1.0,3.0996,673.0,-0.00023915022330278646,0.0023214460947738047
3.681005475966739,-0.9933810114182843,8.36901728523111,1.0,3.0991999999999997,674.0,-0.00023915022330278646,0.0023214460947738047
3.6807663257434364,-0.9933993560665867,8.371338731325883,1.0,3.0987999999999998,675.0,-0.00023915022330278646,0.0023214460947738047
3.6805271755201336,-0.993417700714889,8.373660177420657,1.0,3.0984,676.0,-0.00023915022330278646,0.0023214460947738047
3.680288025296831,-0.9934360453631914,8.37598162351543,1.0,3.098,677.0,-0.00023915022330278646,0.0023214460947738047
3.6800720464864116,-0.9934901330813389,8.378697137492352,1.0,3.0976666666666666,678.0,-0.00021597881041923728,0.002715513976921713
3.6798560676759924,-0.9935442207994865,8.381412651469272,1.0,3.0973333333333333,679.0,-0.00021597881041923728,0.0027155139769199366
3.6796400888655727,-0.993598308517634,8.384128165446194,1.0,3.097,680.0,-0.00021597881041968137,0.002715513976921713
3.6794241100551535,-0.9936523962357815,8.386843679423116,1.0,3.0966666666666667,681.0,-0.00021597881041923728,0.002715513976921713
3.6792081312447342,-0.993706483953929,8.389559193400036,1.0,3.0963333333333334,682.0,-0.00021597881041923728,0.0027155139769199366
3.678992152434315,-0.9937605716720765,8.392274707376957,1.0,3.096,683.0,-0.00021597881041923728,0.002715513976921713
3.6787761736238958,-0.9938146593902241,8.39499022135388,1.0,3.095666666666667,684.0,-0.00021597881041923728,0.002715513976921713
3.678560194813476,-0.9938687471083716,8.3977057353308,1.0,3.095333333333333,685.0,-0.00021597881041968137,0.0027155139769199366
3.678344216003057,-0.9939228348265191,8.40042124930772,1.0,3.0949999999999998,686.0,-0.00021597881041923728,0.002715513976921713
3.6781282371926376,-0.9939769225446666,8.403136763284643,1.0,3.0946666666666665,687.0,-0.00021597881041923728,0.002715513976921713
3.6779122583822184,-0.9940310102628142,8.405852277261562,1.0,3.094333333333333,688.0,-0.00021597881041923728,0.0027155139769199366
3.677696279571799,-0.9940850979809617,8.408567791238484,1.0,3.094,689.0,-0.00021597881041923728,0.002715513976921713
3.6774803007613794,-0.9941391856991092,8.411283305215406,1.0,3.0936666666666666,690.0,-0.00021597881041968137,0.002715513976921713
3.67726432195096,-0.9941932734172567,8.413998819192326,1.0,3.0933333333333333,691.0,-0.00021597881041923728,0.0027155139769199366
3.677048343140541,-0.9942473611354042,8.416714333169248,1.0,3.093,692.0,-0.00021597881041923728,0.002715513976921713
3.676823964671412,-0.994304344944195,8.412706906873781,1.0,3.0927333333333333,693.0,-0.0002243784691291495,-0.004007426295466132
3.676599586202282,-0.9943613287529857,8.408699480578315,1.0,3.0924666666666667,694.0,-0.00022437846912959358,-0.004007426295466132
3.676375207733153,-0.9944183125617765,8.404692054282847,1.0,3.0922,695.0,-0.0002243784691291495,-0.0040074262954679085
3.6761508292640235,-0.9944752963705672,8.400684627987381,1.0,3.0919333333333334,696.0,-0.00022437846912959358,-0.004007426295466132
3.6759264507948943,-0.9945322801793579,8.396677201691915,1.0,3.091666666666667,697.0,-0.0002243784691291495,-0.004007426295466132
3.6757020723257647,-0.9945892639881486,8.392669775396449,1.0,3.0914,698.0,-0.00022437846912959358,-0.004007426295466132
3.6754776938566356,-0.9946462477969393,8.388662349100983,1.0,3.0911333333333335,699.0,-0.0002243784691291495,-0.004007426295466132
3.675253315387506,-0.9947032316057302,8.384654922805515,1.0,3.0908666666666664,700.0,-0.00022437846912959358,-0.0040074262954679085
3.675028936918377,-0.9947602154145209,8.380647496510049,1.0,3.0906,701.0,-0.0002243784691291495,-0.004007426295466132
3.6748045584492472,-0.9948171992233116,8.376640070214583,1.0,3.090333333333333,702.0,-0.00022437846912959358,-0.004007426295466132
3.674580179980118,-0.9948741830321023,8.372632643919117,1.0,3.0900666666666665,703.0,-0.0002243784691291495,-0.004007426295466132
3.6743558015109885,-0.994931166840893,8.36862521762365,1.0,3.0898,704.0,-0.00022437846912959358,-0.004007426295466132
3.6741314230418594,-0.9949881506496838,8.364617791328183,1.0,3.0895333333333332,705.0,-0.0002243784691291495,-0.0040074262954679085
3.6739070445727298,-0.9950451344584745,8.360610365032716,1.0,3.0892666666666666,706.0,-0.00022437846912959358,-0.004007426295466132
3.6736826661036006,-0.9951021182672652,8.35660293873725,1.0,3.089,707.0,-0.0002243784691291495,-0.004007426295466132
3.673444367499365,-0.9950147066579408,8.357488066951856,1.0,3.0887142857142855,708.0,-0.00023829860423552063,0.0008851282146054018
3.67320606889513,-0.9949272950486163,8.35837319516646,1.0,3.0884285714285715,709.0,-0.00023829860423507654,0.0008851282146036255
3.672967770290895,-0.9948398834392919,8.359258323381065,1.0,3.088142857142857,710.0,-0.00023829860423507654,0.0008851282146054018
3.6727294716866594,-0.9947524718299675,8.36014345159567,1.0,3.0878571428571426,711.0,-0.00023829860423552063,0.0008851282146054018
3.672491173082424,-0.994665060220643,8.361028579810274,1.0,3.0875714285714286,712.0,-0.00023829860423552063,0.0008851282146036255
3.672252874478189,-0.9945776486113186,8.361913708024879,1.0,3.087285714285714,713.0,-0.00023829860423507654,0.0008851282146054018
3.6720145758739537,-0.9944902370019941,8.362798836239485,1.0,3.087,714.0,-0.00023829860423507654,0.0008851282146054018
3.6717762772697182,-0.9944028253926697,8.363683964454088,1.0,3.0867142857142857,715.0,-0.00023829860423552063,0.0008851282146036255
3.6715379786654827,-0.9943154137833452,8.364569092668694,1.0,3.0864285714285713,716.0,-0.00023829860423552063,0.0008851282146054018
3.6712996800612476,-0.9942280021740207,8.365454220883297,1.0,3.0861428571428573,717.0,-0.00023829860423507654,0.0008851282146036255
3.6710613814570126,-0.9941405905646964,8.366339349097903,1.0,3.085857142857143,718.0,-0.00023829860423507654,0.0008851282146054018
3.670823082852777,-0.9940531789553719,8.367224477312508,1.0,3.0855714285714284,719.0,-0.00023829860423552063,0.0008851282146054018
3.6705847842485415,-0.9939657673460475,8.368109605527112,1.0,3.0852857142857144,720.0,-0.00023829860423552063,0.0008851282146036255
3.6703464856443064,-0.993878355736723,8.368994733741717,1.0,3.085,721.0,-0.00023829860423507654,0.0008851282146054018
3.670147337696421,-0.993817571098859,8.353299212612216,1.0,3.0846666666666667,722.0,-0.0001991479478853364,-0.015695521129501344
3.669948189748536,-0.9937567864609951,8.337603691482713,1.0,3.0843333333333334,723.0,-0.00019914794788489232,-0.01569552112950312
3.669749041800651,-0.993696001823131,8.321908170353211,1.0,3.084,724.0,-0.0001991479478853364,-0.015695521129501344
3.6695498938527655,-0.993635217185267,8.306212649223708,1.0,3.083666666666667,725.0,-0.0001991479478853364,-0.01569552112950312
3.66935074590488,-0.9935744325474031,8.290517128094207,1.0,3.0833333333333335,726.0,-0.0001991479478853364,-0.015695521129501344
3.6691515979569953,-0.9935136479095391,8.274821606964705,1.0,3.083,727.0,-0.00019914794788489232,-0.015695521129501344
3.66895245000911,-0.9934528632716751,8.259126085835202,1.0,3.082666666666667,728.0,-0.0001991479478853364,-0.01569552112950312
3.6687533020612246,-0.9933920786338111,8.243430564705701,1.0,3.082333333333333,729.0,-0.0001991479478853364,-0.015695521129501344
3.6685541541133393,-0.9933312939959471,8.227735043576198,1.0,3.082,730.0,-0.0001991479478853364,-0.01569552112950312
3.6683550061654544,-0.9932705093580831,8.212039522446696,1.0,3.0816666666666666,731.0,-0.00019914794788489232,-0.015695521129501344
3.668155858217569,-0.9932097247202192,8.196344001317195,1.0,3.0813333333333333,732.0,-0.0001991479478853364,-0.015695521129501344
3.6679567102696837,-0.9931489400823552,8.180648480187692,1.0,3.081,733.0,-0.0001991479478853364,-0.01569552112950312
3.6677575623217984,-0.9930881554444911,8.16495295905819,1.0,3.0806666666666667,734.0,-0.0001991479478853364,-0.015695521129501344
3.6675584143739135,-0.9930273708066272,8.149257437928688,1.0,3.0803333333333334,735.0,-0.00019914794788489232,-0.01569552112950312
3.667359266426028,-0.9929665861687632,8.133561916799186,1.0,3.08,736.0,-0.0001991479478853364,-0.015695521129501344
3.667118012167666,-0.993128592178853,8.113188454949485,1.0,3.0797333333333334,737.0,-0.00024125425836230008,-0.020373461849700902
3.666876757909303,-0.9932905981889426,8.092814993099784,1.0,3.079466666666667,738.0,-0.00024125425836274417,-0.020373461849700902
3.666635503650941,-0.9934526041990324,8.072441531250083,1.0,3.0792,739.0,-0.00024125425836230008,-0.020373461849700902
3.666394249392578,-0.993614610209122,8.052068069400384,1.0,3.0789333333333335,740.0,-0.00024125425836274417,-0.020373461849699126
3.6661529951342158,-0.9937766162192118,8.031694607550683,1.0,3.078666666666667,741.0,-0.00024125425836230008,-0.020373461849700902
3.6659117408758535,-0.9939386222293014,8.011321145700983,1.0,3.0784000000000002,742.0,-0.00024125425836230008,-0.020373461849700902
3.6656704866174907,-0.9941006282393912,7.990947683851282,1.0,3.0781333333333336,743.0,-0.00024125425836274417,-0.020373461849700902
3.6654292323591284,-0.9942626342494808,7.970574222001581,1.0,3.0778666666666665,744.0,-0.00024125425836230008,-0.020373461849700902
3.6651879781007657,-0.9944246402595706,7.95020076015188,1.0,3.0776,745.0,-0.00024125425836274417,-0.020373461849700902
3.6649467238424034,-0.9945866462696602,7.92982729830218,1.0,3.0773333333333333,746.0,-0.00024125425836230008,-0.020373461849700014
3.664705469584041,-0.99474865227975,7.909453836452479,1.0,3.0770666666666666,747.0,-0.00024125425836230008,-0.020373461849700902
3.6644642153256783,-0.9949106582898396,7.889080374602778,1.0,3.0768,748.0,-0.00024125425836274417,-0.020373461849700902
3.664222961067316,-0.9950726642999294,7.868706912753077,1.0,3.0765333333333333,749.0,-0.00024125425836230008,-0.020373461849700902
3.6639817068089533,-0.995234670310019,7.848333450903377,1.0,3.0762666666666667,750.0,-0.00024125425836274417,-0.020373461849700014
3.663740452550591,-0.9953966763201088,7.827959989053676,1.0,3.076,751.0,-0.00024125425836230008,-0.020373461849700902
3.6634936447791246,-0.9951536184938417,7.817214476844861,1.0,3.0756666666666668,752.0,-0.0002468077714663508,-0.010745512208814922
3.663246837007658,-0.9949105606675744,7.806468964636046,1.0,3.0753333333333335,753.0,-0.0002468077714667949,-0.010745512208814922
3.6630000292361915,-0.9946675028413073,7.7957234524272305,1.0,3.075,754.0,-0.0002468077714663508,-0.01074551220881581
3.662753221464725,-0.9944244450150401,7.784977940218416,1.0,3.074666666666667,755.0,-0.0002468077714663508,-0.010745512208814922
3.6625064136932584,-0.994181387188773,7.774232428009601,1.0,3.0743333333333336,756.0,-0.0002468077714667949,-0.010745512208814922
3.662259605921792,-0.9939383293625059,7.763486915800786,1.0,3.0740000000000003,757.0,-0.0002468077714663508,-0.010745512208814922
3.6620127981503257,-0.9936952715362387,7.752741403591971,1.0,3.073666666666667,758.0,-0.0002468077714663508,-0.010745512208814922
3.661765990378859,-0.9934522137099716,7.741995891383155,1.0,3.0733333333333333,759.0,-0.0002468077714667949,-0.01074551220881581
3.6615191826073925,-0.9932091558837044,7.73125037917434,1.0,3.073,760.0,-0.0002468077714663508,-0.010745512208814922
3.661272374835926,-0.9929660980574373,7.720504866965525,1.0,3.0726666666666667,761.0,-0.0002468077714663508,-0.010745512208814922
3.6610255670644594,-0.9927230402311702,7.70975935475671,1.0,3.0723333333333334,762.0,-0.0002468077714667949,-0.010745512208814922
3.660778759292993,-0.992479982404903,7.699013842547895,1.0,3.072,763.0,-0.0002468077714663508,-0.010745512208814922
3.6605319515215267,-0.9922369245786359,7.6882683303390795,1.0,3.0716666666666668,764.0,-0.0002468077714663508,-0.01074551220881581
3.66028514375006,-0.9919938667523687,7.677522818130265,1.0,3.0713333333333335,765.0,-0.0002468077714667949,-0.010745512208814922
3.6600383359785935,-0.9917508089261016,7.66677730592145,1.0,3.071,766.0,-0.0002468077714663508,-0.010745512208814922
3.659782329424859,-0.9920545307139457,7.660280154682787,1.0,3.0707333333333335,767.0,-0.00025600655373470005,-0.0064971512386629016
3.6595263228711246,-0.9923582525017898,7.653783003444125,1.0,3.070466666666667,768.0,-0.00025600655373425596,-0.006497151238662013
3.65927031631739,-0.9926619742896338,7.647285852205462,1.0,3.0702000000000003,769.0,-0.00025600655373470005,-0.0064971512386629016
3.6590143097636556,-0.9929656960774779,7.6407887009668,1.0,3.0699333333333336,770.0,-0.00025600655373425596,-0.006497151238662013
3.658758303209921,-0.993269417865322,7.634291549728137,1.0,3.069666666666667,771.0,-0.00025600655373470005,-0.0064971512386629016
3.6585022966561866,-0.9935731396531661,7.627794398489475,1.0,3.0694000000000004,772.0,-0.00025600655373425596,-0.006497151238662013
3.658246290102452,-0.9938768614410102,7.621297247250812,1.0,3.0691333333333337,773.0,-0.00025600655373470005,-0.0064971512386629016
3.6579902835487177,-0.9941805832288542,7.61480009601215,1.0,3.0688666666666666,774.0,-0.00025600655373425596,-0.006497151238662013
3.657734276994983,-0.9944843050166983,7.608302944773487,1.0,3.0686,775.0,-0.00025600655373470005,-0.0064971512386629016
3.6574782704412487,-0.9947880268045424,7.601805793534825,1.0,3.0683333333333334,776.0,-0.00025600655373425596,-0.006497151238662013
3.657222263887514,-0.9950917485923865,7.595308642296162,1.0,3.0680666666666667,777.0,-0.00025600655373470005,-0.0064971512386629016
3.65696625733378,-0.9953954703802306,7.5888114910575,1.0,3.0678,778.0,-0.00025600655373425596,-0.006497151238662013
3.656710250780045,-0.9956991921680746,7.582314339818837,1.0,3.0675333333333334,779.0,-0.00025600655373470005,-0.0064971512386629016
3.656454244226311,-0.9960029139559187,7.575817188580175,1.0,3.067266666666667,780.0,-0.00025600655373425596,-0.006497151238662013
3.656198237672576,-0.9963066357437628,7.569320037341512,1.0,3.067,781.0,-0.00025600655373470005,-0.0064971512386629016
3.655925392539155,-0.9961247782787358,7.562218375485594,1.0,3.0665,782.0,-0.00027284513342129557,-0.0071016618559180955
3.6556525474057335,-0.9959429208137088,7.555116713629677,1.0,3.0660000000000003,783.0,-0.00027284513342129557,-0.007101661855917207
3.6553797022723122,-0.9957610633486819,7.548015051773759,1.0,3.0655,784.0,-0.00027284513342129557,-0.0071016618559180955
3.6551068571388914,-0.995579205883655,7.540913389917842,1.0,3.065,785.0,-0.0002728451334208515,-0.007101661855917207
3.65483401200547,-0.995397348418628,7.533811728061924,1.0,3.0645000000000002,786.0,-0.00027284513342129557,-0.0071016618559180955
3.654561166872049,-0.9952154909536011,7.5267100662060065,1.0,3.064,787.0,-0.00027284513342129557,-0.007101661855917207
3.6542883217386275,-0.9950336334885741,7.519608404350088,1.0,3.0635000000000003,788.0,-0.00027284513342129557,-0.0071016618559180955
3.654015476605206,-0.9948517760235471,7.51250674249417,1.0,3.063,789.0,-0.00027284513342129557,-0.0071016618559180955
3.653742631471785,-0.9946699185585202,7.505405080638253,1.0,3.0625,790.0,-0.00027284513342129557,-0.007101661855917207
3.6534697863383636,-0.9944880610934932,7.498303418782335,1.0,3.0620000000000003,791.0,-0.00027284513342129557,-0.0071016618559180955
3.6531969412049428,-0.9943062036284663,7.491201756926418,1.0,3.0615,792.0,-0.0002728451334208515,-0.007101661855917207
3.6529240960715215,-0.9941243461634394,7.4841000950705,1.0,3.061,793.0,-0.00027284513342129557,-0.0071016618559180955
3.6526512509381,-0.9939424886984124,7.4769984332145825,1.0,3.0605,794.0,-0.00027284513342129557,-0.007101661855917207
3.652378405804679,-0.9937606312333854,7.469896771358664,1.0,3.06,795.0,-0.00027284513342129557,-0.0071016618559180955
3.6521077615767394,-0.9940127940625855,7.458689332805833,1.0,3.0597333333333334,796.0,-0.00027064422793943166,-0.011207438552831128
3.6518371173488005,-0.9942649568917855,7.447481894253002,1.0,3.059466666666667,797.0,-0.00027064422793898757,-0.011207438552831128
3.651566473120861,-0.9945171197209856,7.436274455700171,1.0,3.0592,798.0,-0.00027064422793943166,-0.011207438552831128
3.6512958288929216,-0.9947692825501856,7.425067017147341,1.0,3.0589333333333335,799.0,-0.00027064422793943166,-0.01120743855283024
3.651025184664982,-0.9950214453793856,7.41385957859451,1.0,3.058666666666667,800.0,-0.00027064422793943166,-0.011207438552831128
3.650754540437043,-0.9952736082085857,7.4026521400416785,1.0,3.0584000000000002,801.0,-0.00027064422793898757,-0.011207438552831128
3.6504838962091037,-0.9955257710377857,7.391444701488847,1.0,3.0581333333333336,802.0,-0.00027064422793943166,-0.011207438552831128
3.6502132519811643,-0.9957779338669857,7.380237262936016,1.0,3.0578666666666665,803.0,-0.00027064422793943166,-0.011207438552831128
3.649942607753225,-0.9960300966961857,7.369029824383185,1.0,3.0576,804.0,-0.00027064422793943166,-0.011207438552831128
3.649671963525286,-0.9962822595253857,7.357822385830354,1.0,3.0573333333333332,805.0,-0.00027064422793898757,-0.011207438552831128
3.6494013192973465,-0.9965344223545858,7.346614947277523,1.0,3.0570666666666666,806.0,-0.00027064422793943166,-0.011207438552831128
3.649130675069407,-0.9967865851837858,7.335407508724693,1.0,3.0568,807.0,-0.00027064422793943166,-0.01120743855283024
3.6488600308414676,-0.9970387480129859,7.3242000701718615,1.0,3.0565333333333333,808.0,-0.00027064422793943166,-0.011207438552831128
3.6485893866135286,-0.9972909108421859,7.31299263161903,1.0,3.0562666666666667,809.0,-0.00027064422793898757,-0.011207438552831128
3.648318742385589,-0.997543073671386,7.301785193066199,1.0,3.056,810.0,-0.00027064422793943166,-0.011207438552831128
3.648044169623042,-0.9972187315828384,7.294625761161767,1.0,3.0556666666666668,811.0,-0.00027457276254727603,-0.007159431904431912
3.647769596860495,-0.9968943894942907,7.287466329257335,1.0,3.0553333333333335,812.0,-0.00027457276254683194,-0.007159431904431912
3.647495024097948,-0.9965700474057431,7.2803068973529035,1.0,3.055,813.0,-0.00027457276254727603,-0.007159431904431912
3.647220451335401,-0.9962457053171955,7.273147465448472,1.0,3.054666666666667,814.0,-0.00027457276254683194,-0.007159431904431912
3.6469458785728537,-0.9959213632286479,7.26598803354404,1.0,3.0543333333333336,815.0,-0.00027457276254727603,-0.007159431904431912
3.646671305810307,-0.9955970211401002,7.258828601639608,1.0,3.0540000000000003,816.0,-0.00027457276254683194,-0.007159431904431912
3.6463967330477596,-0.9952726790515526,7.251669169735176,1.0,3.053666666666667,817.0,-0.00027457276254727603,-0.007159431904431912
3.6461221602852127,-0.994948336963005,7.244509737830745,1.0,3.0533333333333332,818.0,-0.00027457276254683194,-0.007159431904431024
3.6458475875226655,-0.9946239948744574,7.237350305926313,1.0,3.053,819.0,-0.00027457276254727603,-0.007159431904431912
3.6455730147601186,-0.9942996527859097,7.230190874021881,1.0,3.0526666666666666,820.0,-0.00027457276254683194,-0.007159431904431912
3.6452984419975714,-0.9939753106973621,7.223031442117449,1.0,3.0523333333333333,821.0,-0.00027457276254727603,-0.007159431904431912
3.6450238692350245,-0.9936509686088145,7.215872010213017,1.0,3.052,822.0,-0.00027457276254683194,-0.007159431904431912
3.6447492964724773,-0.9933266265202669,7.208712578308585,1.0,3.0516666666666667,823.0,-0.00027457276254727603,-0.007159431904431912
3.6444747237099304,-0.9930022844317192,7.201553146404153,1.0,3.0513333333333335,824.0,-0.00027457276254683194,-0.007159431904431912
3.644200150947383,-0.9926779423431716,7.194393714499721,1.0,3.051,825.0,-0.00027457276254727603,-0.007159431904431912
3.643937822155879,-0.9928424448274199,7.18571585594533,1.0,3.050666666666667,826.0,-0.00026232879150400734,-0.008677858554391626
3.6436754933643756,-0.9930069473116683,7.177037997390939,1.0,3.0503333333333336,827.0,-0.00026232879150356325,-0.008677858554390738
3.6434131645728716,-0.9931714497959165,7.168360138836547,1.0,3.0500000000000003,828.0,-0.00026232879150400734,-0.008677858554391626
3.6431508357813676,-0.9933359522801648,7.159682280282156,1.0,3.0496666666666665,829.0,-0.00026232879150400734,-0.008677858554391626
3.6428885069898636,-0.9935004547644131,7.151004421727765,1.0,3.0493333333333332,830.0,-0.00026232879150400734,-0.008677858554390738
3.64262617819836,-0.9936649572486614,7.142326563173373,1.0,3.049,831.0,-0.00026232879150356325,-0.008677858554391626
3.642363849406856,-0.9938294597329097,7.133648704618982,1.0,3.0486666666666666,832.0,-0.00026232879150400734,-0.008677858554391626
3.642101520615352,-0.993993962217158,7.124970846064591,1.0,3.0483333333333333,833.0,-0.00026232879150400734,-0.008677858554390738
3.641839191823848,-0.9941584647014062,7.1162929875101995,1.0,3.048,834.0,-0.00026232879150400734,-0.008677858554391626
3.6415768630323444,-0.9943229671856546,7.107615128955808,1.0,3.0476666666666667,835.0,-0.00026232879150356325,-0.008677858554391626
3.6413145342408404,-0.9944874696699029,7.098937270401417,1.0,3.0473333333333334,836.0,-0.00026232879150400734,-0.008677858554390738
3.6410522054493364,-0.9946519721541511,7.0902594118470255,1.0,3.0469999999999997,837.0,-0.00026232879150400734,-0.008677858554391626
3.6407898766578324,-0.9948164746383994,7.081581553292634,1.0,3.0466666666666664,838.0,-0.00026232879150400734,-0.008677858554391626
3.640527547866329,-0.9949809771226478,7.072903694738243,1.0,3.046333333333333,839.0,-0.00026232879150356325,-0.008677858554390738
3.640265219074825,-0.995145479606896,7.0642258361838515,1.0,3.046,840.0,-0.00026232879150400734,-0.008677858554391626
3.6399917711847616,-0.9951734412976366,7.0590989560850765,1.0,3.0456,841.0,-0.00027344789006322756,-0.005126880098774933
3.639718323294698,-0.9952014029883771,7.0539720759863025,1.0,3.0452,842.0,-0.00027344789006367165,-0.005126880098774045
3.6394448754046347,-0.9952293646791177,7.048845195887528,1.0,3.0448,843.0,-0.00027344789006322756,-0.005126880098774933
3.639171427514571,-0.9952573263698583,7.0437183157887535,1.0,3.0444,844.0,-0.00027344789006367165,-0.005126880098774045
3.638897979624508,-0.9952852880605988,7.038591435689979,1.0,3.044,845.0,-0.00027344789006322756,-0.005126880098774933
3.6386245317344446,-0.9953132497513394,7.0334645555912045,1.0,3.0436,846.0,-0.00027344789006322756,-0.005126880098774045
3.638351083844381,-0.99534121144208,7.02833767549243,1.0,3.0432,847.0,-0.00027344789006367165,-0.005126880098774933
3.6380776359543177,-0.9953691731328205,7.023210795393656,1.0,3.0427999999999997,848.0,-0.00027344789006322756,-0.005126880098774045
3.637804188064254,-0.9953971348235611,7.018083915294881,1.0,3.0423999999999998,849.0,-0.00027344789006367165,-0.005126880098774933
3.6375307401741908,-0.9954250965143017,7.012957035196107,1.0,3.042,850.0,-0.00027344789006322756,-0.005126880098774045
3.6372572922841275,-0.9954530582050422,7.007830155097332,1.0,3.0416,851.0,-0.00027344789006322756,-0.005126880098774933
3.636983844394064,-0.9954810198957827,7.002703274998558,1.0,3.0412,852.0,-0.00027344789006367165,-0.005126880098774045
3.6367103965040006,-0.9955089815865233,6.997576394899783,1.0,3.0408,853.0,-0.00027344789006322756,-0.005126880098774933
3.636436948613937,-0.9955369432772638,6.992449514801009,1.0,3.0404,854.0,-0.00027344789006367165,-0.005126880098774045
3.6361635007238737,-0.9955649049680044,6.987322634702234,1.0,3.04,855.0,-0.00027344789006322756,-0.005126880098774933
3.635877940397751,-0.9954664658448132,6.986468793363891,1.0,3.0396,856.0,-0.00028556032612270243,-0.0008538413383423205
3.6355923800716288,-0.9953680267216221,6.98561495202555,1.0,3.0392,857.0,-0.00028556032612225835,-0.0008538413383414323
3.635306819745506,-0.9952695875984309,6.984761110687208,1.0,3.0388,858.0,-0.00028556032612270243,-0.0008538413383423205
3.635021259419384,-0.9951711484752396,6.983907269348866,1.0,3.0383999999999998,859.0,-0.00028556032612225835,-0.0008538413383414323
3.634735699093261,-0.9950727093520484,6.983053428010524,1.0,3.038,860.0,-0.00028556032612270243,-0.0008538413383423205
3.6344501387671384,-0.9949742702288572,6.9821995866721815,1.0,3.0376,861.0,-0.00028556032612270243,-0.0008538413383423205
3.634164578441016,-0.994875831105666,6.98134574533384,1.0,3.0372,862.0,-0.00028556032612225835,-0.0008538413383414323
3.6338790181148934,-0.9947773919824748,6.980491903995498,1.0,3.0368,863.0,-0.00028556032612270243,-0.0008538413383423205
3.633593457788771,-0.9946789528592836,6.979638062657156,1.0,3.0364,864.0,-0.00028556032612225835,-0.0008538413383414323
3.6333078974626485,-0.9945805137360925,6.978784221318814,1.0,3.036,865.0,-0.00028556032612270243,-0.0008538413383423205
3.633022337136526,-0.9944820746129013,6.977930379980472,1.0,3.0356,866.0,-0.00028556032612270243,-0.0008538413383423205
3.6327367768104035,-0.99438363548971,6.97707653864213,1.0,3.0351999999999997,867.0,-0.00028556032612225835,-0.0008538413383414323
3.632451216484281,-0.9942851963665188,6.976222697303788,1.0,3.0347999999999997,868.0,-0.00028556032612270243,-0.0008538413383423205
3.6321656561581586,-0.9941867572433276,6.9753688559654465,1.0,3.0343999999999998,869.0,-0.00028556032612225835,-0.0008538413383414323
3.631880095832036,-0.9940883181201364,6.974515014627104,1.0,3.034,870.0,-0.00028556032612270243,-0.0008538413383423205
3.6316029316340535,-0.9942168509849788,6.986715350220771,1.0,3.0337142857142854,871.0,-0.00027716419798240466,0.012200335593666622
3.631325767436071,-0.9943453838498213,6.9989156858144375,1.0,3.0334285714285714,872.0,-0.00027716419798240466,0.012200335593666622
3.6310486032380886,-0.9944739167146637,7.011116021408104,1.0,3.033142857142857,873.0,-0.00027716419798240466,0.012200335593666622
3.6307714390401067,-0.9946024495795062,7.023316357001771,1.0,3.0328571428571425,874.0,-0.00027716419798196057,0.012200335593666622
3.6304942748421243,-0.9947309824443485,7.035516692595437,1.0,3.0325714285714285,875.0,-0.00027716419798240466,0.012200335593666622
3.630217110644142,-0.994859515309191,7.047717028189104,1.0,3.032285714285714,876.0,-0.00027716419798240466,0.012200335593666622
3.6299399464461595,-0.9949880481740334,7.059917363782771,1.0,3.032,877.0,-0.00027716419798240466,0.012200335593666622
3.629662782248177,-0.9951165810388758,7.072117699376437,1.0,3.0317142857142856,878.0,-0.00027716419798240466,0.012200335593666622
3.6293856180501947,-0.9952451139037183,7.084318034970104,1.0,3.031428571428571,879.0,-0.00027716419798240466,0.012200335593666622
3.6291084538522123,-0.9953736467685607,7.09651837056377,1.0,3.031142857142857,880.0,-0.00027716419798240466,0.012200335593666622
3.6288312896542303,-0.9955021796334032,7.108718706157437,1.0,3.0308571428571427,881.0,-0.00027716419798196057,0.012200335593666622
3.628554125456248,-0.9956307124982455,7.120919041751104,1.0,3.0305714285714282,882.0,-0.00027716419798240466,0.012200335593666622
3.6282769612582655,-0.995759245363088,7.13311937734477,1.0,3.0302857142857142,883.0,-0.00027716419798240466,0.012200335593666622
3.627999797060283,-0.9958877782279304,7.145319712938437,1.0,3.03,884.0,-0.00027716419798240466,0.012200335593666622
3.62775402400204,-0.9957730442607169,7.153696792683131,1.0,3.0296666666666665,885.0,-0.00024577305824324824,0.008377079744693816
3.6275082509437966,-0.9956583102935033,7.162073872427825,1.0,3.029333333333333,886.0,-0.00024577305824324824,0.008377079744693816
3.6272624778855533,-0.9955435763262898,7.170450952172518,1.0,3.029,887.0,-0.00024577305824324824,0.008377079744693816
3.62701670482731,-0.9954288423590762,7.178828031917212,1.0,3.0286666666666666,888.0,-0.00024577305824324824,0.008377079744693816
3.626770931769067,-0.9953141083918626,7.187205111661906,1.0,3.0283333333333333,889.0,-0.00024577305824324824,0.008377079744693816
3.6265251587108236,-0.9951993744246491,7.1955821914066,1.0,3.028,890.0,-0.00024577305824324824,0.008377079744693816
3.6262793856525803,-0.9950846404574356,7.203959271151294,1.0,3.0276666666666667,891.0,-0.00024577305824324824,0.008377079744693816
3.626033612594337,-0.994969906490222,7.212336350895988,1.0,3.027333333333333,892.0,-0.00024577305824324824,0.008377079744694704
3.625787839536094,-0.9948551725230085,7.220713430640682,1.0,3.0269999999999997,893.0,-0.00024577305824324824,0.008377079744693816
3.6255420664778506,-0.994740438555795,7.229090510385376,1.0,3.0266666666666664,894.0,-0.00024577305824324824,0.008377079744693816
3.6252962934196074,-0.9946257045885813,7.23746759013007,1.0,3.026333333333333,895.0,-0.00024577305824324824,0.008377079744693816
3.625050520361364,-0.9945109706213678,7.245844669874764,1.0,3.026,896.0,-0.00024577305824324824,0.008377079744693816
3.624804747303121,-0.9943962366541543,7.254221749619457,1.0,3.0256666666666665,897.0,-0.00024577305824324824,0.008377079744693816
3.6245589742448776,-0.9942815026869407,7.262598829364151,1.0,3.025333333333333,898.0,-0.00024577305824324824,0.008377079744693816
3.6243132011866344,-0.9941667687197272,7.270975909108845,1.0,3.025,899.0,-0.00024577305824324824,0.008377079744693816
3.624076481678349,-0.9943619346116284,7.2732826253441605,1.0,3.0246,900.0,-0.00023671950828552113,0.0023067162353154202
3.6238397621700633,-0.9945571005035296,7.275589341579475,1.0,3.0242,901.0,-0.00023671950828552113,0.002306716235314532
3.623603042661778,-0.9947522663954308,7.27789605781479,1.0,3.0238,902.0,-0.00023671950828552113,0.0023067162353154202
3.6233663231534923,-0.9949474322873321,7.280202774050105,1.0,3.0234,903.0,-0.00023671950828552113,0.002306716235314532
3.6231296036452068,-0.9951425981792332,7.28250949028542,1.0,3.023,904.0,-0.00023671950828552113,0.0023067162353154202
3.6228928841369212,-0.9953377640711345,7.284816206520736,1.0,3.0226,905.0,-0.00023671950828552113,0.0023067162353154202
3.6226561646286357,-0.9955329299630357,7.28712292275605,1.0,3.0222,906.0,-0.00023671950828552113,0.002306716235314532
3.6224194451203506,-0.9957280958549369,7.289429638991366,1.0,3.0218,907.0,-0.00023671950828507704,0.0023067162353154202
3.622182725612065,-0.9959232617468381,7.29173635522668,1.0,3.0214,908.0,-0.00023671950828552113,0.002306716235314532
3.6219460061037796,-0.9961184276387394,7.294043071461996,1.0,3.021,909.0,-0.00023671950828552113,0.0023067162353154202
3.621709286595494,-0.9963135935306405,7.296349787697311,1.0,3.0206,910.0,-0.00023671950828552113,0.0023067162353154202
3.6214725670872085,-0.9965087594225418,7.298656503932626,1.0,3.0202,911.0,-0.00023671950828552113,0.002306716235314532
3.621235847578923,-0.996703925314443,7.300963220167941,1.0,3.0198,912.0,-0.00023671950828552113,0.0023067162353154202
3.6209991280706375,-0.9968990912063442,7.303269936403256,1.0,3.0194,913.0,-0.00023671950828552113,0.002306716235314532
3.620762408562352,-0.9970942570982454,7.305576652638571,1.0,3.019,914.0,-0.00023671950828552113,0.0023067162353154202
3.62053146993084,-0.9970027045934642,7.310633777818957,1.0,3.018866666666667,915.0,-0.00023093863151180116,0.005057125180385924
3.620300531299329,-0.996911152088683,7.315690902999344,1.0,3.0187333333333335,916.0,-0.00023093863151135707,0.005057125180386812
3.620069592667817,-0.9968195995839018,7.32074802817973,1.0,3.0186,917.0,-0.00023093863151180116,0.005057125180385924
3.6198386540363052,-0.9967280470791204,7.325805153360116,1.0,3.018466666666667,918.0,-0.00023093863151180116,0.005057125180385924
3.6196077154047934,-0.9966364945743392,7.3308622785405015,1.0,3.0183333333333335,919.0,-0.00023093863151180116,0.005057125180385924
3.619376776773282,-0.996544942069558,7.335919403720888,1.0,3.0182,920.0,-0.00023093863151135707,0.005057125180386812
3.6191458381417703,-0.9964533895647768,7.340976528901274,1.0,3.018066666666667,921.0,-0.00023093863151180116,0.005057125180385924
3.6189148995102585,-0.9963618370599956,7.34603365408166,1.0,3.017933333333333,922.0,-0.00023093863151180116,0.005057125180385924
3.6186839608787467,-0.9962702845552144,7.351090779262046,1.0,3.0178,923.0,-0.00023093863151180116,0.005057125180385924
3.6184530222472353,-0.9961787320504332,7.356147904442433,1.0,3.0176666666666665,924.0,-0.00023093863151135707,0.005057125180386812
3.6182220836157235,-0.996087179545652,7.361205029622819,1.0,3.017533333333333,925.0,-0.00023093863151180116,0.005057125180385924
3.6179911449842117,-0.9959956270408706,7.366262154803205,1.0,3.0174,926.0,-0.00023093863151180116,0.005057125180385924
3.6177602063527,-0.9959040745360894,7.371319279983591,1.0,3.0172666666666665,927.0,-0.00023093863151180116,0.005057125180385924
3.6175292677211885,-0.9958125220313082,7.3763764051639775,1.0,3.0171333333333332,928.0,-0.00023093863151135707,0.005057125180386812
3.6172983290896767,-0.995720969526527,7.3814335303443634,1.0,3.017,929.0,-0.00023093863151180116,0.005057125180385924
3.617082462455581,-0.9956527103346886,7.384886105940712,1.0,3.0167333333333333,930.0,-0.0002158666340958959,0.003452575596348595
3.6168665958214845,-0.9955844511428502,7.388338681537061,1.0,3.0164666666666666,931.0,-0.00021586663409634,0.003452575596348595
3.6166507291873886,-0.9955161919510118,7.391791257133408,1.0,3.0162,932.0,-0.0002158666340958959,0.0034525755963477067
3.6164348625532923,-0.9954479327591734,7.395243832729757,1.0,3.0159333333333334,933.0,-0.00021586663409634,0.003452575596348595
3.6162189959191964,-0.995379673567335,7.3986964083261055,1.0,3.0156666666666667,934.0,-0.0002158666340958959,0.003452575596348595
3.6160031292851,-0.9953114143754966,7.402148983922454,1.0,3.0154,935.0,-0.00021586663409634,0.003452575596348595
3.615787262651004,-0.9952431551836582,7.405601559518803,1.0,3.0151333333333334,936.0,-0.0002158666340958959,0.003452575596348595
3.615571396016908,-0.99517489599182,7.40905413511515,1.0,3.0148666666666664,937.0,-0.00021586663409634,0.0034525755963477067
3.615355529382812,-0.9951066367999816,7.412506710711499,1.0,3.0145999999999997,938.0,-0.0002158666340958959,0.003452575596348595
3.6151396627487156,-0.9950383776081432,7.415959286307848,1.0,3.014333333333333,939.0,-0.00021586663409634,0.003452575596348595
3.6149237961146197,-0.9949701184163048,7.419411861904196,1.0,3.0140666666666664,940.0,-0.0002158666340958959,0.003452575596348595
3.6147079294805233,-0.9949018592244664,7.422864437500545,1.0,3.0138,941.0,-0.00021586663409634,0.003452575596348595
3.6144920628464274,-0.994833600032628,7.4263170130968925,1.0,3.013533333333333,942.0,-0.0002158666340958959,0.0034525755963477067
3.614276196212331,-0.9947653408407896,7.429769588693241,1.0,3.0132666666666665,943.0,-0.00021586663409634,0.003452575596348595
3.614060329578235,-0.9946970816489512,7.43322216428959,1.0,3.013,944.0,-0.0002158666340958959,0.003452575596348595
3.613835898392473,-0.9946354907756907,7.4334860032896675,1.0,3.012785714285714,945.0,-0.00022443118576198628,0.00026383900007775907
3.613611467206711,-0.9945738999024302,7.433749842289745,1.0,3.0125714285714285,946.0,-0.00022443118576243037,0.00026383900007775907
3.613387036020949,-0.9945123090291696,7.434013681289824,1.0,3.0123571428571427,947.0,-0.00022443118576198628,0.00026383900007864725
3.613162604835187,-0.9944507181559091,7.434277520289902,1.0,3.012142857142857,948.0,-0.00022443118576198628,0.00026383900007775907
3.612938173649425,-0.9943891272826486,7.434541359289979,1.0,3.0119285714285713,949.0,-0.00022443118576198628,0.00026383900007775907
3.6127137424636624,-0.9943275364093881,7.434805198290057,1.0,3.0117142857142856,950.0,-0.00022443118576243037,0.00026383900007775907
3.6124893112779004,-0.9942659455361276,7.435069037290136,1.0,3.0115,951.0,-0.00022443118576198628,0.00026383900007864725
3.6122648800921384,-0.9942043546628672,7.4353328762902136,1.0,3.011285714285714,952.0,-0.00022443118576198628,0.00026383900007775907
3.612040448906376,-0.9941427637896066,7.435596715290291,1.0,3.0110714285714284,953.0,-0.00022443118576243037,0.00026383900007775907
3.611816017720614,-0.9940811729163461,7.435860554290369,1.0,3.0108571428571427,954.0,-0.00022443118576198628,0.00026383900007775907
3.611591586534852,-0.9940195820430856,7.436124393290447,1.0,3.010642857142857,955.0,-0.00022443118576198628,0.00026383900007775907
3.61136715534909,-0.9939579911698251,7.4363882322905255,1.0,3.0104285714285712,956.0,-0.00022443118576198628,0.00026383900007864725
3.6111427241633276,-0.9938964002965646,7.436652071290603,1.0,3.0102142857142855,957.0,-0.00022443118576243037,0.00026383900007775907
3.6109182929775656,-0.993834809423304,7.436915910290681,1.0,3.01,958.0,-0.00022443118576198628,0.00026383900007775907
3.6107220620988785,-0.9939565564358889,7.440042944786321,1.0,3.009733333333333,959.0,-0.0001962308786871425,0.003127034495640224
3.610525831220191,-0.9940783034484738,7.443169979281962,1.0,3.0094666666666665,960.0,-0.0001962308786875866,0.0031270344956411122
3.6103296003415037,-0.9942000504610586,7.446297013777603,1.0,3.0092,961.0,-0.0001962308786871425,0.003127034495640224
3.610133369462816,-0.9943217974736436,7.449424048273243,1.0,3.0089333333333332,962.0,-0.0001962308786875866,0.003127034495640224
3.609937138584129,-0.9944435444862284,7.452551082768884,1.0,3.0086666666666666,963.0,-0.0001962308786871425,0.0031270344956411122
3.609740907705442,-0.9945652914988133,7.455678117264524,1.0,3.0084,964.0,-0.0001962308786871425,0.003127034495640224
3.6095446768267543,-0.9946870385113982,7.458805151760164,1.0,3.0081333333333333,965.0,-0.0001962308786875866,0.003127034495640224
3.609348445948067,-0.9948087855239831,7.4619321862558055,1.0,3.0078666666666662,966.0,-0.0001962308786871425,0.0031270344956411122
3.6091522150693796,-0.9949305325365679,7.465059220751446,1.0,3.0075999999999996,967.0,-0.0001962308786875866,0.003127034495640224
3.6089559841906924,-0.9950522795491529,7.468186255247086,1.0,3.007333333333333,968.0,-0.0001962308786871425,0.003127034495640224
3.6087597533120053,-0.9951740265617377,7.471313289742727,1.0,3.0070666666666663,969.0,-0.0001962308786871425,0.0031270344956411122
3.6085635224333177,-0.9952957735743226,7.474440324238367,1.0,3.0067999999999997,970.0,-0.0001962308786875866,0.003127034495640224
3.6083672915546305,-0.9954175205869075,7.4775673587340075,1.0,3.006533333333333,971.0,-0.0001962308786871425,0.003127034495640224
3.608171060675943,-0.9955392675994924,7.480694393229649,1.0,3.0062666666666664,972.0,-0.0001962308786875866,0.0031270344956411122
3.607974829797256,-0.9956610146120772,7.483821427725289,1.0,3.006,973.0,-0.0001962308786871425,0.003127034495640224
3.607777069268411,-0.9955956424021445,7.486269050515759,1.0,3.005733333333333,974.0,-0.00019776052884479256,0.00244762279046995
3.607579308739566,-0.9955302701922119,7.488716673306228,1.0,3.0054666666666665,975.0,-0.00019776052884523665,0.0024476227904690617
3.607381548210721,-0.9954648979822791,7.491164296096698,1.0,3.0052,976.0,-0.00019776052884479256,0.00244762279046995
3.607183787681876,-0.9953995257723464,7.493611918887168,1.0,3.0049333333333332,977.0,-0.00019776052884479256,0.00244762279046995
3.606986027153031,-0.9953341535624137,7.496059541677638,1.0,3.0046666666666666,978.0,-0.00019776052884523665,0.00244762279046995
3.606788266624186,-0.995268781352481,7.498507164468107,1.0,3.0044,979.0,-0.00019776052884479256,0.0024476227904690617
3.6065905060953414,-0.9952034091425482,7.500954787258577,1.0,3.0041333333333333,980.0,-0.00019776052884479256,0.00244762279046995
3.606392745566496,-0.9951380369326156,7.503402410049047,1.0,3.0038666666666662,981.0,-0.00019776052884523665,0.00244762279046995
3.6061949850376513,-0.9950726647226829,7.505850032839517,1.0,3.0035999999999996,982.0,-0.00019776052884479256,0.00244762279046995
3.6059972245088066,-0.9950072925127501,7.508297655629986,1.0,3.003333333333333,983.0,-0.00019776052884479256,0.0024476227904690617
3.6057994639799613,-0.9949419203028175,7.510745278420456,1.0,3.0030666666666663,984.0,-0.00019776052884523665,0.00244762279046995
3.6056017034511165,-0.9948765480928847,7.5131929012109255,1.0,3.0027999999999997,985.0,-0.00019776052884479256,0.00244762279046995
3.6054039429222717,-0.994811175882952,7.5156405240013955,1.0,3.002533333333333,986.0,-0.00019776052884479256,0.00244762279046995
3.6052061823934265,-0.9947458036730193,7.5180881467918645,1.0,3.0022666666666664,987.0,-0.00019776052884523665,0.0024476227904690617
3.6050084218645817,-0.9946804314630866,7.5205357695823345,1.0,3.002,988.0,-0.00019776052884479256,0.00244762279046995
3.6048043555911207,-0.9946633790726761,7.520772323971303,1.0,3.0018,989.0,-0.00020406627346103434,0.000236554388968635
3.6046002893176596,-0.9946463266822655,7.521008878360273,1.0,3.0016,990.0,-0.00020406627346103434,0.0002365543889695232
3.6043962230441986,-0.994629274291855,7.521245432749241,1.0,3.0014,991.0,-0.00020406627346103434,0.000236554388968635
3.604192156770738,-0.9946122219014445,7.521481987138211,1.0,3.0012,992.0,-0.00020406627346059025,0.0002365543889695232
3.603988090497277,-0.9945951695110339,7.5217185415271794,1.0,3.001,993.0,-0.00020406627346103434,0.000236554388968635
3.603784024223816,-0.9945781171206234,7.521955095916148,1.0,3.0008,994.0,-0.00020406627346103434,0.000236554388968635
3.603579957950355,-0.9945610647302129,7.522191650305118,1.0,3.0006,995.0,-0.00020406627346103434,0.0002365543889695232
3.603375891676894,-0.9945440123398023,7.522428204694086,1.0,3.0004,996.0,-0.00020406627346103434,0.000236554388968635
3.603171825403433,-0.9945269599493918,7.522664759083056,1.0,3.0002,997.0,-0.00020406627346103434,0.0002365543889695232
3.602967759129972,-0.9945099075589813,7.522901313472024,1.0,3.0,998.0,-0.00020406627346103434,0.000236554388968635
3.6027636928565108,-0.9944928551685707,7.523137867860993,1.0,2.9998,999.0,-0.00020406627346103434,0.000236554388968635
3.60255962658305,-0.9944758027781602,7.523374422249963,1.0,2.9996,1000.0,-0.00020406627346059025,0.0002365543889695232
3.602355560309589,-0.9944587503877497,7.523610976638931,1.0,2.9994,1001.0,-0.00020406627346103434,0.000236554388968635
3.602151494036128,-0.9944416979973391,7.523847531027901,1.0,2.9992,1002.0,-0.00020406627346103434,0.0002365543889695232
3.601947427762667,-0.9944246456069286,7.524084085416869,1.0,2.999,1003.0,-0.00020406627346103434,0.000236554388968635
3.601754316721528,-0.9945032928390635,7.524803994272599,1.0,2.9987333333333335,1004.0,-0.00019311104113928224,0.0007199088557294786
3.6015612056803885,-0.9945819400711984,7.525523903128328,1.0,2.998466666666667,1005.0,-0.00019311104113928224,0.0007199088557294786
3.6013680946392492,-0.9946605873033333,7.526243811984059,1.0,2.9982,1006.0,-0.00019311104113928224,0.0007199088557303668
3.60117498359811,-0.9947392345354681,7.526963720839788,1.0,2.9979333333333336,1007.0,-0.00019311104113928224,0.0007199088557294786
3.6009818725569707,-0.994817881767603,7.527683629695518,1.0,2.997666666666667,1008.0,-0.00019311104113928224,0.0007199088557294786
3.6007887615158314,-0.9948965289997379,7.528403538551247,1.0,2.9974000000000003,1009.0,-0.00019311104113928224,0.0007199088557294786
3.600595650474692,-0.9949751762318728,7.529123447406977,1.0,2.9971333333333336,1010.0,-0.00019311104113928224,0.0007199088557294786
3.6004025394335524,-0.9950538234640077,7.529843356262707,1.0,2.9968666666666666,1011.0,-0.00019311104113972632,0.0007199088557303668
3.600209428392413,-0.9951324706961426,7.530563265118436,1.0,2.9966,1012.0,-0.00019311104113928224,0.0007199088557294786
3.600016317351274,-0.9952111179282775,7.531283173974166,1.0,2.9963333333333333,1013.0,-0.00019311104113928224,0.0007199088557294786
3.5998232063101345,-0.9952897651604125,7.532003082829895,1.0,2.9960666666666667,1014.0,-0.00019311104113928224,0.0007199088557294786
3.5996300952689952,-0.9953684123925473,7.532722991685625,1.0,2.9958,1015.0,-0.00019311104113928224,0.0007199088557294786
3.599436984227856,-0.9954470596246822,7.533442900541355,1.0,2.9955333333333334,1016.0,-0.00019311104113928224,0.0007199088557303668
3.5992438731867167,-0.9955257068568171,7.534162809397085,1.0,2.9952666666666667,1017.0,-0.00019311104113928224,0.0007199088557294786
3.5990507621455774,-0.995604354088952,7.534882718252814,1.0,2.995,1018.0,-0.00019311104113928224,0.0007199088557294786
3.598843968729663,-0.9954360286321238,7.5388786722388765,1.0,2.9947857142857144,1019.0,-0.0002067934159142304,0.003995953986062339
3.598637175313749,-0.9952677031752954,7.542874626224938,1.0,2.9945714285714287,1020.0,-0.0002067934159142304,0.003995953986061451
3.5984303818978347,-0.9950993777184672,7.546870580210999,1.0,2.994357142857143,1021.0,-0.0002067934159142304,0.003995953986061451
3.5982235884819205,-0.994931052261639,7.550866534197062,1.0,2.994142857142857,1022.0,-0.0002067934159142304,0.003995953986062339
3.5980167950660062,-0.9947627268048108,7.554862488183124,1.0,2.9939285714285715,1023.0,-0.0002067934159142304,0.003995953986062339
3.597810001650092,-0.9945944013479825,7.558858442169186,1.0,2.9937142857142858,1024.0,-0.0002067934159142304,0.003995953986061451
3.597603208234178,-0.9944260758911543,7.562854396155247,1.0,2.9935,1025.0,-0.0002067934159142304,0.003995953986061451
3.597396414818264,-0.9942577504343261,7.566850350141309,1.0,2.9932857142857143,1026.0,-0.0002067934159137863,0.003995953986062339
3.5971896214023498,-0.9940894249774977,7.570846304127372,1.0,2.9930714285714286,1027.0,-0.0002067934159142304,0.003995953986062339
3.5969828279864355,-0.9939210995206695,7.574842258113433,1.0,2.992857142857143,1028.0,-0.0002067934159142304,0.003995953986061451
3.5967760345705213,-0.9937527740638413,7.578838212099495,1.0,2.992642857142857,1029.0,-0.0002067934159142304,0.003995953986061451
3.596569241154607,-0.9935844486070131,7.582834166085557,1.0,2.9924285714285714,1030.0,-0.0002067934159142304,0.003995953986062339
3.596362447738693,-0.9934161231501848,7.586830120071619,1.0,2.9922142857142857,1031.0,-0.0002067934159142304,0.003995953986062339
3.5961556543227786,-0.9932477976933566,7.590826074057681,1.0,2.992,1032.0,-0.0002067934159142304,0.003995953986061451
3.595969650066459,-0.9934479257796897,7.591776067067412,1.0,2.9916666666666667,1033.0,-0.00018600425631953854,0.0009499930097316422
3.5957836458101395,-0.9936480538660227,7.592726060077145,1.0,2.9913333333333334,1034.0,-0.00018600425631953854,0.0009499930097325304
3.59559764155382,-0.9938481819523557,7.5936760530868765,1.0,2.991,1035.0,-0.00018600425631953854,0.0009499930097316422
3.5954116372975005,-0.9940483100386888,7.594626046096608,1.0,2.990666666666667,1036.0,-0.00018600425631953854,0.0009499930097316422
3.595225633041181,-0.9942484381250218,7.59557603910634,1.0,2.9903333333333335,1037.0,-0.00018600425631953854,0.0009499930097316422
3.5950396287848614,-0.9944485662113549,7.596526032116072,1.0,2.99,1038.0,-0.00018600425631953854,0.0009499930097325304
3.594853624528542,-0.994648694297688,7.597476025125804,1.0,2.989666666666667,1039.0,-0.00018600425631953854,0.0009499930097316422
3.594667620272222,-0.994848822384021,7.598426018135536,1.0,2.989333333333333,1040.0,-0.00018600425631998263,0.0009499930097316422
3.5944816160159023,-0.995048950470354,7.599376011145267,1.0,2.989,1041.0,-0.00018600425631953854,0.0009499930097316422
3.594295611759583,-0.9952490785566871,7.600326004155,1.0,2.9886666666666666,1042.0,-0.00018600425631953854,0.0009499930097325304
3.5941096075032632,-0.9954492066430202,7.6012759971647315,1.0,2.9883333333333333,1043.0,-0.00018600425631953854,0.0009499930097316422
3.5939236032469437,-0.9956493347293532,7.602225990174463,1.0,2.988,1044.0,-0.00018600425631953854,0.0009499930097316422
3.593737598990624,-0.9958494628156862,7.603175983184195,1.0,2.9876666666666667,1045.0,-0.00018600425631953854,0.0009499930097316422
3.5935515947343046,-0.9960495909020193,7.604125976193927,1.0,2.9873333333333334,1046.0,-0.00018600425631953854,0.0009499930097325304
3.593365590477985,-0.9962497189883524,7.605075969203659,1.0,2.987,1047.0,-0.00018600425631953854,0.0009499930097316422
3.5931922294391883,-0.9962415797588486,7.606328344427606,1.0,2.986866666666667,1048.0,-0.00017336103879683762,0.0012523752239470554
3.593018868400391,-0.9962334405293449,7.607580719651553,1.0,2.9867333333333335,1049.0,-0.0001733610387972817,0.0012523752239470554
3.592845507361594,-0.9962253012998412,7.608833094875501,1.0,2.9866,1050.0,-0.00017336103879683762,0.0012523752239479435
3.5926721463227973,-0.9962171620703374,7.610085470099448,1.0,2.986466666666667,1051.0,-0.00017336103879683762,0.0012523752239470554
3.592498785284,-0.9962090228408337,7.611337845323395,1.0,2.9863333333333335,1052.0,-0.0001733610387972817,0.0012523752239470554
3.592325424245203,-0.99620088361133,7.612590220547342,1.0,2.9862,1053.0,-0.00017336103879683762,0.0012523752239470554
3.5921520632064063,-0.9961927443818263,7.613842595771289,1.0,2.986066666666667,1054.0,-0.00017336103879683762,0.0012523752239470554
3.591978702167609,-0.9961846051523225,7.615094970995237,1.0,2.985933333333333,1055.0,-0.0001733610387972817,0.0012523752239479435
3.5918053411288122,-0.9961764659228188,7.616347346219184,1.0,2.9858,1056.0,-0.00017336103879683762,0.0012523752239470554
3.5916319800900154,-0.9961683266933151,7.617599721443131,1.0,2.9856666666666665,1057.0,-0.00017336103879683762,0.0012523752239470554
3.591458619051218,-0.9961601874638114,7.618852096667078,1.0,2.985533333333333,1058.0,-0.0001733610387972817,0.0012523752239470554
3.5912852580124213,-0.9961520482343076,7.620104471891025,1.0,2.9854,1059.0,-0.00017336103879683762,0.0012523752239470554
3.5911118969736244,-0.9961439090048039,7.621356847114973,1.0,2.9852666666666665,1060.0,-0.00017336103879683762,0.0012523752239479435
3.590938535934827,-0.9961357697753002,7.62260922233892,1.0,2.985133333333333,1061.0,-0.0001733610387972817,0.0012523752239470554
3.5907651748960303,-0.9961276305457964,7.623861597562867,1.0,2.985,1062.0,-0.00017336103879683762,0.0012523752239470554
3.590579688546745,-0.9958761183370324,7.626787023250257,1.0,2.9848666666666666,1063.0,-0.00018548634928539087,0.0029254256873896267
3.590394202197459,-0.9956246061282684,7.629712448937647,1.0,2.9847333333333332,1064.0,-0.00018548634928583496,0.0029254256873896267
3.5902087158481737,-0.9953730939195043,7.632637874625036,1.0,2.9846,1065.0,-0.00018548634928539087,0.0029254256873896267
3.590023229498888,-0.9951215817107404,7.635563300312426,1.0,2.9844666666666666,1066.0,-0.00018548634928583496,0.0029254256873896267
3.5898377431496025,-0.9948700695019763,7.6384887259998155,1.0,2.9843333333333333,1067.0,-0.00018548634928539087,0.0029254256873896267
3.589652256800317,-0.9946185572932122,7.641414151687205,1.0,2.9842,1068.0,-0.00018548634928539087,0.0029254256873896267
3.5894667704510312,-0.9943670450844483,7.644339577374595,1.0,2.9840666666666666,1069.0,-0.00018548634928583496,0.0029254256873896267
3.589281284101746,-0.9941155328756842,7.647265003061984,1.0,2.9839333333333333,1070.0,-0.00018548634928539087,0.0029254256873896267
3.58909579775246,-0.9938640206669203,7.650190428749374,1.0,2.9838,1071.0,-0.00018548634928583496,0.0029254256873896267
3.5889103114031746,-0.9936125084581562,7.653115854436764,1.0,2.9836666666666667,1072.0,-0.00018548634928539087,0.0029254256873896267
3.5887248250538892,-0.9933609962493921,7.656041280124153,1.0,2.9835333333333334,1073.0,-0.00018548634928539087,0.0029254256873896267
3.5885393387046034,-0.9931094840406282,7.658966705811543,1.0,2.9834,1074.0,-0.00018548634928583496,0.0029254256873896267
3.588353852355318,-0.9928579718318641,7.661892131498933,1.0,2.9832666666666667,1075.0,-0.00018548634928539087,0.0029254256873896267
3.588168366006032,-0.9926064596231001,7.664817557186322,1.0,2.9831333333333334,1076.0,-0.00018548634928583496,0.0029254256873896267
3.587982879656747,-0.992354947414336,7.667742982873712,1.0,2.983,1077.0,-0.00018548634928539087,0.0029254256873896267
3.5877900103053864,-0.9925888931239678,7.6688984722136055,1.0,2.9828,1078.0,-0.00019286935136042516,0.0011554893398937338
3.587597140954026,-0.9928228388335997,7.670053961553498,1.0,2.9826,1079.0,-0.00019286935136042516,0.0011554893398928456
3.5874042716026655,-0.9930567845432314,7.671209450893392,1.0,2.9824,1080.0,-0.00019286935136042516,0.0011554893398937338
3.587211402251305,-0.9932907302528633,7.672364940233286,1.0,2.9822,1081.0,-0.00019286935136042516,0.0011554893398937338
3.5870185328999447,-0.993524675962495,7.67352042957318,1.0,2.982,1082.0,-0.00019286935136042516,0.0011554893398937338
3.5868256635485842,-0.9937586216721269,7.674675918913072,1.0,2.9818000000000002,1083.0,-0.00019286935136042516,0.0011554893398928456
3.586632794197224,-0.9939925673817587,7.675831408252966,1.0,2.9816000000000003,1084.0,-0.00019286935136042516,0.0011554893398937338
3.586439924845863,-0.9942265130913905,7.67698689759286,1.0,2.9814,1085.0,-0.00019286935136086925,0.0011554893398937338
3.5862470554945025,-0.9944604588010223,7.678142386932754,1.0,2.9812,1086.0,-0.00019286935136042516,0.0011554893398937338
3.586054186143142,-0.9946944045106542,7.6792978762726465,1.0,2.981,1087.0,-0.00019286935136042516,0.0011554893398928456
3.5858613167917817,-0.9949283502202859,7.68045336561254,1.0,2.9808,1088.0,-0.00019286935136042516,0.0011554893398937338
3.5856684474404212,-0.9951622959299178,7.681608854952434,1.0,2.9806,1089.0,-0.00019286935136042516,0.0011554893398937338
3.585475578089061,-0.9953962416395495,7.682764344292328,1.0,2.9804,1090.0,-0.00019286935136042516,0.0011554893398937338
3.5852827087377004,-0.9956301873491814,7.6839198336322205,1.0,2.9802,1091.0,-0.00019286935136042516,0.0011554893398928456
3.58508983938634,-0.9958641330588132,7.685075322972114,1.0,2.98,1092.0,-0.00019286935136042516,0.0011554893398937338
3.5849272316582237,-0.9957075464431662,7.686325558460847,1.0,2.98,1093.0,-0.00016260772811627078,0.0012502354887331535
3.5847646239301074,-0.9955509598275191,7.687575793949581,1.0,2.98,1094.0,-0.00016260772811627078,0.0012502354887331535
3.584602016201991,-0.9953943732118721,7.688826029438315,1.0,2.98,1095.0,-0.00016260772811627078,0.0012502354887340417
3.584439408473875,-0.995237786596225,7.690076264927048,1.0,2.98,1096.0,-0.00016260772811627078,0.0012502354887331535
3.5842768007457586,-0.995081199980578,7.691326500415781,1.0,2.98,1097.0,-0.00016260772811627078,0.0012502354887331535
3.5841141930176423,-0.994924613364931,7.692576735904514,1.0,2.98,1098.0,-0.00016260772811627078,0.0012502354887331535
3.583951585289526,-0.9947680267492839,7.693826971393247,1.0,2.98,1099.0,-0.00016260772811627078,0.0012502354887331535
3.58378897756141,-0.9946114401336369,7.695077206881981,1.0,2.98,1100.0,-0.00016260772811627078,0.0012502354887340417
3.5836263698332935,-0.9944548535179898,7.696327442370714,1.0,2.98,1101.0,-0.00016260772811627078,0.0012502354887331535
3.5834637621051773,-0.9942982669023428,7.697577677859448,1.0,2.98,1102.0,-0.00016260772811627078,0.0012502354887331535
3.583301154377061,-0.9941416802866958,7.698827913348181,1.0,2.98,1103.0,-0.00016260772811627078,0.0012502354887331535
3.5831385466489447,-0.9939850936710487,7.700078148836914,1.0,2.98,1104.0,-0.00016260772811627078,0.0012502354887331535
3.5829759389208284,-0.9938285070554017,7.701328384325648,1.0,2.98,1105.0,-0.00016260772811627078,0.0012502354887340417
3.582813331192712,-0.9936719204397546,7.702578619814381,1.0,2.98,1106.0,-0.00016260772811627078,0.0012502354887331535
3.582650723464596,-0.9935153338241076,7.703828855303114,1.0,2.98,1107.0,-0.00016260772811627078,0.0012502354887331535
3.5824607054111617,-0.9936365872100947,7.706965251648936,1.0,2.9797142857142855,1108.0,-0.00019001805343421552,0.003136396345821524
3.582270687357727,-0.9937578405960819,7.710101647994756,1.0,2.9794285714285715,1109.0,-0.0001900180534346596,0.0031363963458206356
3.5820806693042924,-0.993879093982069,7.713238044340578,1.0,2.979142857142857,1110.0,-0.0001900180534346596,0.003136396345821524
3.581890651250858,-0.9940003473680561,7.7163744406863986,1.0,2.9788571428571426,1111.0,-0.00019001805343421552,0.0031363963458206356
3.581700633197424,-0.9941216007540432,7.71951083703222,1.0,2.9785714285714286,1112.0,-0.00019001805343421552,0.003136396345821524
3.5815106151439893,-0.9942428541400303,7.722647233378041,1.0,2.978285714285714,1113.0,-0.0001900180534346596,0.0031363963458206356
3.5813205970905546,-0.9943641075260174,7.725783629723862,1.0,2.978,1114.0,-0.0001900180534346596,0.003136396345821524
3.5811305790371204,-0.9944853609120047,7.728920026069684,1.0,2.9777142857142858,1115.0,-0.00019001805343421552,0.003136396345821524
3.580940560983686,-0.9946066142979918,7.732056422415504,1.0,2.9774285714285713,1116.0,-0.00019001805343421552,0.0031363963458206356
3.5807505429302515,-0.9947278676839789,7.735192818761326,1.0,2.9771428571428573,1117.0,-0.0001900180534346596,0.003136396345821524
3.580560524876817,-0.994849121069966,7.7383292151071466,1.0,2.976857142857143,1118.0,-0.0001900180534346596,0.0031363963458206356
3.5803705068233826,-0.9949703744559532,7.741465611452968,1.0,2.9765714285714284,1119.0,-0.00019001805343421552,0.003136396345821524
3.5801804887699484,-0.9950916278419403,7.744602007798789,1.0,2.9762857142857144,1120.0,-0.00019001805343421552,0.0031363963458206356
3.5799904707165138,-0.9952128812279274,7.74773840414461,1.0,2.976,1121.0,-0.0001900180534346596,0.003136396345821524
3.579811033396587,-0.9951465225350249,7.748898084757234,0.9999866666666667,2.9757333333333333,1122.0,-0.00017943731992664524,0.0011596806126235037
3.5796315960766605,-0.9950801638421224,7.750057765369858,0.9999733333333334,2.9754666666666667,1123.0,-0.00017943731992664524,0.001159680612624392
3.579452158756734,-0.9950138051492199,7.751217445982482,0.99996,2.9752,1124.0,-0.00017943731992664524,0.0011596806126235037
3.5792727214368067,-0.9949474464563173,7.752377126595106,0.9999466666666667,2.9749333333333334,1125.0,-0.00017943731992708933,0.001159680612624392
3.57909328411688,-0.9948810877634148,7.7535368072077295,0.9999333333333333,2.974666666666667,1126.0,-0.00017943731992664524,0.0011596806126235037
3.5789138467969535,-0.9948147290705123,7.754696487820353,0.99992,2.9744,1127.0,-0.00017943731992664524,0.0011596806126235037
3.578734409477027,-0.9947483703776098,7.755856168432977,0.9999066666666667,2.9741333333333335,1128.0,-0.00017943731992664524,0.001159680612624392
3.5785549721571,-0.9946820116847073,7.757015849045601,0.9998933333333333,2.9738666666666664,1129.0,-0.00017943731992664524,0.0011596806126235037
3.5783755348371735,-0.9946156529918048,7.758175529658225,0.99988,2.9736,1130.0,-0.00017943731992664524,0.001159680612624392
3.578196097517247,-0.9945492942989023,7.759335210270849,0.9998666666666667,2.973333333333333,1131.0,-0.00017943731992664524,0.0011596806126235037
3.5780166601973202,-0.9944829356059998,7.760494890883472,0.9998533333333334,2.9730666666666665,1132.0,-0.00017943731992664524,0.0011596806126235037
3.577837222877393,-0.9944165769130971,7.761654571496097,0.9998400000000001,2.9728,1133.0,-0.00017943731992708933,0.001159680612624392
3.5776577855574665,-0.9943502182201946,7.76281425210872,0.9998266666666666,2.9725333333333332,1134.0,-0.00017943731992664524,0.0011596806126235037
3.57747834823754,-0.9942838595272921,7.763973932721345,0.9998133333333333,2.9722666666666666,1135.0,-0.00017943731992664524,0.001159680612624392
3.577298910917613,-0.9942175008343896,7.765133613333968,0.9998,2.972,1136.0,-0.00017943731992664524,0.0011596806126235037
3.5771374096121007,-0.9943067958404997,7.766208872576478,0.9998133333333333,2.9718666666666667,1137.0,-0.00016150130551251252,0.0010752592425102847
3.576975908306588,-0.99439609084661,7.76728413181899,0.9998266666666666,2.9717333333333333,1138.0,-0.00016150130551251252,0.0010752592425111729
3.5768144070010757,-0.9944853858527201,7.7683593910615,0.9998400000000001,2.9716,1139.0,-0.00016150130551251252,0.0010752592425102847
3.576652905695563,-0.9945746808588303,7.769434650304011,0.9998533333333334,2.9714666666666667,1140.0,-0.00016150130551251252,0.0010752592425111729
3.5764914043900506,-0.9946639758649404,7.770509909546521,0.9998666666666667,2.9713333333333334,1141.0,-0.00016150130551251252,0.0010752592425102847
3.576329903084538,-0.9947532708710506,7.7715851687890325,0.99988,2.9712,1142.0,-0.00016150130551251252,0.0010752592425111729
3.5761684017790256,-0.9948425658771607,7.772660428031543,0.9998933333333333,2.9710666666666667,1143.0,-0.00016150130551251252,0.0010752592425102847
3.576006900473513,-0.9949318608832709,7.773735687274054,0.9999066666666667,2.9709333333333334,1144.0,-0.00016150130551251252,0.0010752592425111729
3.5758453991680006,-0.995021155889381,7.774810946516564,0.99992,2.9708,1145.0,-0.00016150130551251252,0.0010752592425102847
3.575683897862488,-0.9951104508954912,7.775886205759075,0.9999333333333333,2.970666666666667,1146.0,-0.00016150130551251252,0.0010752592425111729
3.5755223965569756,-0.9951997459016013,7.776961465001586,0.9999466666666667,2.9705333333333335,1147.0,-0.00016150130551251252,0.0010752592425102847
3.575360895251463,-0.9952890409077115,7.778036724244097,0.99996,2.9704,1148.0,-0.00016150130551251252,0.0010752592425111729
3.5751993939459505,-0.9953783359138216,7.779111983486607,0.9999733333333334,2.970266666666667,1149.0,-0.00016150130551251252,0.0010752592425102847
3.575037892640438,-0.9954676309199318,7.780187242729118,0.9999866666666667,2.9701333333333335,1150.0,-0.00016150130551251252,0.0010752592425111729
3.5748763913349255,-0.995556925926042,7.781262501971629,1.0,2.97,1151.0,-0.00016150130551251252,0.0010752592425102847
3.574705711294241,-0.9955135464970973,7.7853703076935235,1.0,2.969666666666667,1152.0,-0.00017068004068443443,0.004107805721894842
3.574535031253556,-0.9954701670681527,7.789478113415417,1.0,2.9693333333333336,1153.0,-0.00017068004068487852,0.004107805721893953
3.5743643512128718,-0.9954267876392081,7.793585919137312,1.0,2.9690000000000003,1154.0,-0.00017068004068443443,0.004107805721894842
3.5741936711721873,-0.9953834082102635,7.797693724859206,1.0,2.9686666666666666,1155.0,-0.00017068004068443443,0.004107805721893953
3.574022991131503,-0.9953400287813189,7.801801530581101,1.0,2.9683333333333333,1156.0,-0.00017068004068443443,0.004107805721894842
3.573852311090818,-0.9952966493523743,7.805909336302996,1.0,2.968,1157.0,-0.00017068004068487852,0.004107805721894842
3.5736816310501336,-0.9952532699234297,7.81001714202489,1.0,2.9676666666666667,1158.0,-0.00017068004068443443,0.004107805721893953
3.573510951009449,-0.995209890494485,7.814124947746785,1.0,2.9673333333333334,1159.0,-0.00017068004068443443,0.004107805721894842
3.5733402709687647,-0.9951665110655404,7.818232753468679,1.0,2.967,1160.0,-0.00017068004068443443,0.004107805721893953
3.57316959092808,-0.9951231316365958,7.8223405591905735,1.0,2.966666666666667,1161.0,-0.00017068004068487852,0.004107805721894842
3.5729989108873954,-0.9950797522076512,7.826448364912468,1.0,2.9663333333333335,1162.0,-0.00017068004068443443,0.004107805721894842
3.572828230846711,-0.9950363727787066,7.830556170634362,1.0,2.9659999999999997,1163.0,-0.00017068004068443443,0.004107805721893953
3.5726575508060265,-0.994992993349762,7.834663976356257,1.0,2.9656666666666665,1164.0,-0.00017068004068443443,0.004107805721894842
3.5724868707653417,-0.9949496139208174,7.838771782078151,1.0,2.965333333333333,1165.0,-0.00017068004068487852,0.004107805721893953
3.5723161907246572,-0.9949062344918728,7.842879587800046,1.0,2.965,1166.0,-0.00017068004068443443,0.004107805721894842
3.572150799677847,-0.9948733293585178,7.845131611460173,1.0,2.964733333333333,1167.0,-0.00016539104681001504,0.0022520236601266674
3.5719854086310376,-0.994840424225163,7.847383635120299,1.0,2.9644666666666666,1168.0,-0.00016539104680957095,0.0022520236601266674
3.5718200175842276,-0.994807519091808,7.849635658780426,1.0,2.9642,1169.0,-0.00016539104681001504,0.0022520236601266674
3.571654626537418,-0.994774613958453,7.851887682440553,1.0,2.9639333333333333,1170.0,-0.00016539104680957095,0.0022520236601266674
3.571489235490608,-0.9947417088250982,7.854139706100679,1.0,2.9636666666666667,1171.0,-0.00016539104681001504,0.0022520236601266674
3.5713238444437985,-0.9947088036917432,7.856391729760806,1.0,2.9634,1172.0,-0.00016539104680957095,0.0022520236601266674
3.5711584533969885,-0.9946758985583882,7.858643753420933,1.0,2.9631333333333334,1173.0,-0.00016539104681001504,0.0022520236601266674
3.570993062350179,-0.9946429934250334,7.860895777081058,1.0,2.9628666666666663,1174.0,-0.00016539104680957095,0.0022520236601257793
3.570827671303369,-0.9946100882916784,7.863147800741185,1.0,2.9625999999999997,1175.0,-0.00016539104681001504,0.0022520236601266674
3.5706622802565593,-0.9945771831583234,7.865399824401312,1.0,2.962333333333333,1176.0,-0.00016539104680957095,0.0022520236601266674
3.5704968892097493,-0.9945442780249686,7.867651848061438,1.0,2.9620666666666664,1177.0,-0.00016539104681001504,0.0022520236601266674
3.5703314981629397,-0.9945113728916136,7.869903871721565,1.0,2.9617999999999998,1178.0,-0.00016539104680957095,0.0022520236601266674
3.5701661071161297,-0.9944784677582587,7.872155895381692,1.0,2.961533333333333,1179.0,-0.00016539104681001504,0.0022520236601266674
3.57000071606932,-0.9944455626249038,7.874407919041818,1.0,2.9612666666666665,1180.0,-0.00016539104680957095,0.0022520236601266674
3.56983532502251,-0.9944126574915488,7.876659942701945,1.0,2.961,1181.0,-0.00016539104681001504,0.0022520236601266674
3.56966195994287,-0.9944740779305932,7.879341584811994,1.0,2.961,1182.0,-0.0001733650796400532,0.002681642110048621
3.56948859486323,-0.9945354983696374,7.882023226922042,1.0,2.961,1183.0,-0.0001733650796400532,0.002681642110048621
3.5693152297835904,-0.9945969188086816,7.884704869032091,1.0,2.961,1184.0,-0.00017336507963960912,0.002681642110048621
3.5691418647039503,-0.994658339247726,7.8873865111421395,1.0,2.961,1185.0,-0.0001733650796400532,0.002681642110048621
3.5689684996243103,-0.9947197596867703,7.890068153252188,1.0,2.961,1186.0,-0.0001733650796400532,0.002681642110048621
3.5687951345446702,-0.9947811801258145,7.892749795362237,1.0,2.961,1187.0,-0.0001733650796400532,0.002681642110048621
3.5686217694650306,-0.9948426005648587,7.895431437472285,1.0,2.961,1188.0,-0.00017336507963960912,0.002681642110048621
3.5684484043853906,-0.9949040210039031,7.898113079582333,1.0,2.961,1189.0,-0.0001733650796400532,0.002681642110047733
3.5682750393057505,-0.9949654414429474,7.900794721692382,1.0,2.961,1190.0,-0.0001733650796400532,0.002681642110048621
3.5681016742261105,-0.9950268618819916,7.90347636380243,1.0,2.961,1191.0,-0.0001733650796400532,0.002681642110048621
3.5679283091464704,-0.9950882823210359,7.906158005912479,1.0,2.961,1192.0,-0.0001733650796400532,0.002681642110048621
3.567754944066831,-0.9951497027600802,7.908839648022528,1.0,2.961,1193.0,-0.00017336507963960912,0.002681642110048621
3.5675815789871907,-0.9952111231991245,7.911521290132576,1.0,2.961,1194.0,-0.0001733650796400532,0.002681642110048621
3.5674082139075507,-0.9952725436381687,7.914202932242625,1.0,2.961,1195.0,-0.0001733650796400532,0.002681642110048621
3.5672319919435598,-0.9952663085182475,7.916108784274256,1.0,2.960733333333333,1196.0,-0.00017622196399091905,0.0019058520316308503
3.5670557699795693,-0.9952600733983262,7.918014636305886,1.0,2.9604666666666666,1197.0,-0.00017622196399047496,0.001905852031629962
3.5668795480155784,-0.995253838278405,7.9199204883375165,1.0,2.9602,1198.0,-0.00017622196399091905,0.0019058520316308503
3.5667033260515875,-0.9952476031584837,7.921826340369147,1.0,2.9599333333333333,1199.0,-0.00017622196399091905,0.0019058520316308503
3.5665271040875965,-0.9952413680385624,7.923732192400777,1.0,2.9596666666666667,1200.0,-0.00017622196399091905,0.001905852031629962
3.566350882123606,-0.9952351329186412,7.925638044432408,1.0,2.9594,1201.0,-0.00017622196399047496,0.0019058520316308503
3.566174660159615,-0.9952288977987199,7.927543896464039,1.0,2.9591333333333334,1202.0,-0.00017622196399091905,0.0019058520316308503
3.5659984381956242,-0.9952226626787988,7.929449748495669,1.0,2.9588666666666663,1203.0,-0.00017622196399091905,0.001905852031629962
3.5658222162316333,-0.9952164275588775,7.9313556005273,1.0,2.9585999999999997,1204.0,-0.00017622196399091905,0.0019058520316308503
3.565645994267643,-0.9952101924389563,7.933261452558931,1.0,2.958333333333333,1205.0,-0.00017622196399047496,0.0019058520316308503
3.565469772303652,-0.995203957319035,7.935167304590561,1.0,2.9580666666666664,1206.0,-0.00017622196399091905,0.001905852031629962
3.565293550339661,-0.9951977221991137,7.9370731566221915,1.0,2.9577999999999998,1207.0,-0.00017622196399091905,0.0019058520316308503
3.56511732837567,-0.9951914870791925,7.938979008653822,1.0,2.957533333333333,1208.0,-0.00017622196399091905,0.0019058520316308503
3.5649411064116796,-0.9951852519592712,7.940884860685452,1.0,2.9572666666666665,1209.0,-0.00017622196399047496,0.001905852031629962
3.5647648844476887,-0.99517901683935,7.942790712717083,1.0,2.957,1210.0,-0.00017622196399091905,0.0019058520316308503
3.564592595507027,-0.9951817478392733,7.943370294949568,1.0,2.956733333333333,1211.0,-0.0001722889406616801,0.0005795822324845545
3.5644203065663653,-0.9951844788391966,7.943949877182051,1.0,2.9564666666666666,1212.0,-0.0001722889406616801,0.0005795822324836664
3.5642480176257036,-0.9951872098391199,7.944529459414536,1.0,2.9562,1213.0,-0.0001722889406616801,0.0005795822324845545
3.564075728685042,-0.9951899408390432,7.94510904164702,1.0,2.9559333333333333,1214.0,-0.0001722889406616801,0.0005795822324836664
3.5639034397443803,-0.9951926718389665,7.945688623879504,1.0,2.9556666666666667,1215.0,-0.0001722889406616801,0.0005795822324845545
3.5637311508037186,-0.9951954028388899,7.946268206111988,1.0,2.9554,1216.0,-0.0001722889406616801,0.0005795822324836664
3.563558861863057,-0.9951981338388132,7.946847788344472,1.0,2.9551333333333334,1217.0,-0.0001722889406616801,0.0005795822324845545
3.563386572922395,-0.9952008648387364,7.947427370576956,1.0,2.9548666666666663,1218.0,-0.0001722889406621242,0.0005795822324836664
3.563214283981733,-0.9952035958386597,7.948006952809441,1.0,2.9545999999999997,1219.0,-0.0001722889406616801,0.0005795822324845545
3.5630419950410714,-0.995206326838583,7.948586535041924,1.0,2.954333333333333,1220.0,-0.0001722889406616801,0.0005795822324836664
3.5628697061004098,-0.9952090578385063,7.949166117274409,1.0,2.9540666666666664,1221.0,-0.0001722889406616801,0.0005795822324845545
3.562697417159748,-0.9952117888384296,7.9497456995068925,1.0,2.9537999999999998,1222.0,-0.0001722889406616801,0.0005795822324836664
3.5625251282190864,-0.995214519838353,7.950325281739377,1.0,2.953533333333333,1223.0,-0.0001722889406616801,0.0005795822324845545
3.5623528392784247,-0.9952172508382763,7.950904863971861,1.0,2.9532666666666665,1224.0,-0.0001722889406616801,0.0005795822324836664
3.562180550337763,-0.9952199818381996,7.951484446204345,1.0,2.953,1225.0,-0.0001722889406616801,0.0005795822324845545
3.5620223491021554,-0.9951592371541814,7.95358746739347,1.0,2.9526666666666666,1226.0,-0.00015820123560761346,0.002103021189125087
3.5618641478665483,-0.9950984924701632,7.9556904885825945,1.0,2.9523333333333333,1227.0,-0.00015820123560716937,0.002103021189124199
3.5617059466309406,-0.9950377477861451,7.95779350977172,1.0,2.952,1228.0,-0.00015820123560761346,0.002103021189125087
3.5615477453953335,-0.9949770031021269,7.959896530960844,1.0,2.9516666666666667,1229.0,-0.00015820123560716937,0.002103021189124199
3.561389544159726,-0.9949162584181087,7.961999552149969,1.0,2.9513333333333334,1230.0,-0.00015820123560761346,0.002103021189125087
3.5612313429241182,-0.9948555137340905,7.964102573339093,1.0,2.951,1231.0,-0.00015820123560761346,0.002103021189124199
3.561073141688511,-0.9947947690500724,7.966205594528218,1.0,2.9506666666666668,1232.0,-0.00015820123560716937,0.002103021189125087
3.5609149404529035,-0.9947340243660543,7.968308615717342,1.0,2.950333333333333,1233.0,-0.00015820123560761346,0.002103021189124199
3.5607567392172963,-0.9946732796820361,7.9704116369064675,1.0,2.9499999999999997,1234.0,-0.00015820123560716937,0.002103021189125087
3.5605985379816887,-0.9946125349980179,7.972514658095592,1.0,2.9496666666666664,1235.0,-0.00015820123560761346,0.002103021189124199
3.560440336746081,-0.9945517903139998,7.974617679284717,1.0,2.949333333333333,1236.0,-0.00015820123560761346,0.002103021189125087
3.560282135510474,-0.9944910456299816,7.976720700473841,1.0,2.949,1237.0,-0.00015820123560716937,0.002103021189124199
3.5601239342748663,-0.9944303009459634,7.978823721662966,1.0,2.9486666666666665,1238.0,-0.00015820123560761346,0.002103021189125087
3.559965733039259,-0.9943695562619452,7.98092674285209,1.0,2.9483333333333333,1239.0,-0.00015820123560716937,0.002103021189124199
3.5598075318036515,-0.994308811577927,7.983029764041215,1.0,2.948,1240.0,-0.00015820123560761346,0.002103021189125087
3.559651536793048,-0.9941647285367213,7.984215407389605,1.0,2.9478666666666666,1241.0,-0.00015599501060359344,0.0011856433483892204
3.5594955417824448,-0.9940206454955155,7.985401050737994,1.0,2.9477333333333333,1242.0,-0.00015599501060314935,0.0011856433483892204
3.559339546771841,-0.9938765624543098,7.986586694086383,1.0,2.9476,1243.0,-0.00015599501060359344,0.0011856433483892204
3.559183551761238,-0.993732479413104,7.987772337434772,1.0,2.9474666666666667,1244.0,-0.00015599501060314935,0.0011856433483892204
3.5590275567506344,-0.9935883963718983,7.988957980783161,1.0,2.9473333333333334,1245.0,-0.00015599501060359344,0.0011856433483892204
3.5588715617400313,-0.9934443133306925,7.990143624131551,1.0,2.9472,1246.0,-0.00015599501060314935,0.0011856433483892204
3.5587155667294277,-0.9933002302894868,7.99132926747994,1.0,2.9470666666666667,1247.0,-0.00015599501060359344,0.0011856433483892204
3.5585595717188245,-0.993156147248281,7.992514910828328,1.0,2.9469333333333334,1248.0,-0.00015599501060314935,0.0011856433483883322
3.558403576708221,-0.9930120642070753,7.993700554176717,1.0,2.9468,1249.0,-0.00015599501060359344,0.0011856433483892204
3.558247581697618,-0.9928679811658695,7.994886197525107,1.0,2.9466666666666668,1250.0,-0.00015599501060314935,0.0011856433483892204
3.558091586687014,-0.9927238981246638,7.996071840873496,1.0,2.9465333333333334,1251.0,-0.00015599501060359344,0.0011856433483892204
3.557935591676411,-0.992579815083458,7.997257484221885,1.0,2.9464,1252.0,-0.00015599501060314935,0.0011856433483892204
3.5577795966658075,-0.9924357320422523,7.998443127570274,1.0,2.946266666666667,1253.0,-0.00015599501060359344,0.0011856433483892204
3.5576236016552043,-0.9922916490010465,7.9996287709186635,1.0,2.9461333333333335,1254.0,-0.00015599501060314935,0.0011856433483892204
3.5574676066446007,-0.9921475659598408,8.000814414267053,1.0,2.946,1255.0,-0.00015599501060359344,0.0011856433483892204
3.557281063565872,-0.9924341926504656,8.00411594964832,1.0,2.9457857142857145,1256.0,-0.00018654307872889575,0.0033015353812668735
3.557094520487143,-0.9927208193410906,8.007417485029588,1.0,2.9455714285714287,1257.0,-0.00018654307872889575,0.00330153538126865
3.556907977408414,-0.9930074460317154,8.010719020410855,1.0,2.945357142857143,1258.0,-0.00018654307872889575,0.0033015353812668735
3.556721434329685,-0.9932940727223403,8.014020555792122,1.0,2.9451428571428573,1259.0,-0.00018654307872889575,0.0033015353812668735
3.5565348912509562,-0.9935806994129652,8.01732209117339,1.0,2.9449285714285716,1260.0,-0.00018654307872889575,0.00330153538126865
3.5563483481722273,-0.9938673261035901,8.020623626554658,1.0,2.944714285714286,1261.0,-0.00018654307872889575,0.0033015353812668735
3.5561618050934984,-0.9941539527942149,8.023925161935926,1.0,2.9445,1262.0,-0.00018654307872889575,0.00330153538126865
3.5559752620147695,-0.9944405794848399,8.027226697317193,1.0,2.9442857142857144,1263.0,-0.00018654307872889575,0.0033015353812668735
3.5557887189360406,-0.9947272061754647,8.03052823269846,1.0,2.9440714285714287,1264.0,-0.00018654307872889575,0.0033015353812668735
3.5556021758573118,-0.9950138328660897,8.033829768079729,1.0,2.943857142857143,1265.0,-0.00018654307872889575,0.00330153538126865
3.555415632778583,-0.9953004595567145,8.037131303460995,1.0,2.9436428571428572,1266.0,-0.00018654307872889575,0.0033015353812668735
3.555229089699854,-0.9955870862473394,8.040432838842262,1.0,2.9434285714285715,1267.0,-0.00018654307872889575,0.0033015353812668735
3.555042546621125,-0.9958737129379643,8.043734374223531,1.0,2.943214285714286,1268.0,-0.00018654307872889575,0.00330153538126865
3.554856003542396,-0.9961603396285892,8.047035909604798,1.0,2.943,1269.0,-0.00018654307872889575,0.0033015353812668735
3.5547105408230917,-0.9959751459635492,8.04784295216563,1.0,2.9428666666666667,1270.0,-0.00014546271930448995,0.0008070425608313059
3.554565078103787,-0.9957899522985091,8.048649994726462,1.0,2.9427333333333334,1271.0,-0.00014546271930448995,0.0008070425608330822
3.5544196153844827,-0.9956047586334691,8.049457037287294,1.0,2.9426,1272.0,-0.00014546271930448995,0.0008070425608313059
3.5542741526651778,-0.9954195649684291,8.050264079848127,1.0,2.942466666666667,1273.0,-0.00014546271930493404,0.0008070425608330822
3.5541286899458733,-0.9952343713033891,8.051071122408958,1.0,2.9423333333333335,1274.0,-0.00014546271930448995,0.0008070425608313059
3.553983227226569,-0.995049177638349,8.051878164969791,1.0,2.9422,1275.0,-0.00014546271930448995,0.0008070425608330822
3.5538377645072643,-0.994863983973309,8.052685207530622,1.0,2.942066666666667,1276.0,-0.00014546271930448995,0.0008070425608313059
3.55369230178796,-0.994678790308269,8.053492250091455,1.0,2.941933333333333,1277.0,-0.00014546271930448995,0.0008070425608330822
3.5535468390686553,-0.994493596643229,8.054299292652287,1.0,2.9417999999999997,1278.0,-0.00014546271930448995,0.0008070425608313059
3.553401376349351,-0.9943084029781889,8.05510633521312,1.0,2.9416666666666664,1279.0,-0.00014546271930448995,0.0008070425608330822
3.5532559136300463,-0.9941232093131489,8.055913377773951,1.0,2.941533333333333,1280.0,-0.00014546271930448995,0.0008070425608313059
3.5531104509107414,-0.9939380156481089,8.056720420334784,1.0,2.9414,1281.0,-0.00014546271930493404,0.0008070425608330822
3.552964988191437,-0.9937528219830689,8.057527462895615,1.0,2.9412666666666665,1282.0,-0.00014546271930448995,0.0008070425608313059
3.5528195254721324,-0.9935676283180288,8.058334505456449,1.0,2.941133333333333,1283.0,-0.00014546271930448995,0.0008070425608330822
3.552674062752828,-0.9933824346529888,8.05914154801728,1.0,2.941,1284.0,-0.00014546271930448995,0.0008070425608313059
3.552506268669313,-0.9934246115949147,8.06099841415916,1.0,2.940733333333333,1285.0,-0.00016779408351474956,0.0018568661418800758
3.552338474585798,-0.9934667885368405,8.062855280301038,1.0,2.9404666666666666,1286.0,-0.00016779408351519365,0.0018568661418782995
3.5521706805022832,-0.9935089654787663,8.064712146442918,1.0,2.9402,1287.0,-0.00016779408351474956,0.0018568661418800758
3.5520028864187685,-0.9935511424206921,8.066569012584797,1.0,2.9399333333333333,1288.0,-0.00016779408351474956,0.0018568661418782995
3.5518350923352537,-0.993593319362618,8.068425878726677,1.0,2.9396666666666667,1289.0,-0.00016779408351474956,0.0018568661418800758
3.5516672982517385,-0.9936354963045437,8.070282744868555,1.0,2.9394,1290.0,-0.00016779408351519365,0.0018568661418782995
3.551499504168224,-0.9936776732464696,8.072139611010435,1.0,2.9391333333333334,1291.0,-0.00016779408351474956,0.0018568661418800758
3.551331710084709,-0.9937198501883954,8.073996477152313,1.0,2.9388666666666663,1292.0,-0.00016779408351474956,0.0018568661418782995
3.5511639160011943,-0.9937620271303212,8.075853343294193,1.0,2.9385999999999997,1293.0,-0.00016779408351474956,0.0018568661418800758
3.550996121917679,-0.993804204072247,8.077710209436072,1.0,2.938333333333333,1294.0,-0.00016779408351519365,0.0018568661418782995
3.5508283278341644,-0.9938463810141729,8.079567075577952,1.0,2.9380666666666664,1295.0,-0.00016779408351474956,0.0018568661418800758
3.5506605337506496,-0.9938885579560987,8.08142394171983,1.0,2.9377999999999997,1296.0,-0.00016779408351474956,0.0018568661418782995
3.550492739667135,-0.9939307348980245,8.08328080786171,1.0,2.937533333333333,1297.0,-0.00016779408351474956,0.0018568661418800758
3.5503249455836197,-0.9939729118399503,8.085137674003589,1.0,2.9372666666666665,1298.0,-0.00016779408351519365,0.0018568661418782995
3.550157151500105,-0.9940150887818762,8.086994540145469,1.0,2.937,1299.0,-0.00016779408351474956,0.0018568661418800758
3.550001301131333,-0.9940323653949326,8.088457759529376,1.0,2.9368666666666665,1300.0,-0.0001558503687717483,0.001463219383907699
3.549845450762561,-0.9940496420079888,8.089920978913282,1.0,2.936733333333333,1301.0,-0.00015585036877219238,0.0014632193839059227
3.5496896003937892,-0.9940669186210452,8.09138419829719,1.0,2.9366,1302.0,-0.0001558503687717483,0.001463219383907699
3.549533750025017,-0.9940841952341016,8.092847417681096,1.0,2.9364666666666666,1303.0,-0.00015585036877219238,0.0014632193839059227
3.5493778996562453,-0.994101471847158,8.094310637065004,1.0,2.9363333333333332,1304.0,-0.0001558503687717483,0.001463219383907699
3.549222049287473,-0.9941187484602143,8.095773856448911,1.0,2.9362,1305.0,-0.00015585036877219238,0.001463219383907699
3.5490661989187013,-0.9941360250732707,8.097237075832817,1.0,2.9360666666666666,1306.0,-0.0001558503687717483,0.0014632193839059227
3.548910348549929,-0.9941533016863271,8.098700295216725,1.0,2.9359333333333333,1307.0,-0.00015585036877219238,0.001463219383907699
3.5487544981811574,-0.9941705782993835,8.10016351460063,1.0,2.9358,1308.0,-0.0001558503687717483,0.0014632193839059227
3.548598647812385,-0.9941878549124398,8.101626733984538,1.0,2.9356666666666666,1309.0,-0.00015585036877219238,0.001463219383907699
3.5484427974436135,-0.9942051315254962,8.103089953368446,1.0,2.9355333333333333,1310.0,-0.0001558503687717483,0.001463219383907699
3.5482869470748413,-0.9942224081385526,8.104553172752352,1.0,2.9354,1311.0,-0.00015585036877219238,0.0014632193839059227
3.5481310967060695,-0.994239684751609,8.10601639213626,1.0,2.9352666666666667,1312.0,-0.0001558503687717483,0.001463219383907699
3.5479752463372973,-0.9942569613646652,8.107479611520166,1.0,2.9351333333333334,1313.0,-0.00015585036877219238,0.0014632193839059227
3.5478193959685256,-0.9942742379777216,8.108942830904073,1.0,2.935,1314.0,-0.0001558503687717483,0.001463219383907699
3.547671915625261,-0.9942958192395402,8.110679924819243,1.0,2.935,1315.0,-0.00014748034326439452,0.0017370939151692966
3.547524435281997,-0.9943174005013588,8.112417018734414,1.0,2.935,1316.0,-0.00014748034326439452,0.001737093915171073
3.547376954938733,-0.9943389817631774,8.114154112649583,1.0,2.935,1317.0,-0.00014748034326395043,0.0017370939151692966
3.5472294745954684,-0.994360563024996,8.115891206564754,1.0,2.935,1318.0,-0.00014748034326439452,0.001737093915171073
3.547081994252204,-0.9943821442868146,8.117628300479923,1.0,2.935,1319.0,-0.00014748034326439452,0.0017370939151692966
3.5469345139089397,-0.9944037255486331,8.119365394395093,1.0,2.935,1320.0,-0.00014748034326439452,0.0017370939151692966
3.5467870335656753,-0.9944253068104517,8.121102488310264,1.0,2.935,1321.0,-0.00014748034326439452,0.001737093915171073
3.5466395532224113,-0.9944468880722703,8.122839582225433,1.0,2.935,1322.0,-0.00014748034326395043,0.0017370939151692966
3.546492072879147,-0.994468469334089,8.124576676140604,1.0,2.935,1323.0,-0.00014748034326439452,0.001737093915171073
3.5463445925358825,-0.9944900505959074,8.126313770055773,1.0,2.935,1324.0,-0.00014748034326439452,0.0017370939151692966
3.546197112192618,-0.9945116318577261,8.128050863970943,1.0,2.935,1325.0,-0.00014748034326439452,0.0017370939151692966
3.5460496318493537,-0.9945332131195447,8.129787957886114,1.0,2.935,1326.0,-0.00014748034326439452,0.001737093915171073
3.54590215150609,-0.9945547943813633,8.131525051801283,1.0,2.935,1327.0,-0.00014748034326395043,0.0017370939151692966
3.5457546711628254,-0.9945763756431818,8.133262145716454,1.0,2.935,1328.0,-0.00014748034326439452,0.001737093915171073
3.545607190819561,-0.9945979569050004,8.134999239631624,1.0,2.935,1329.0,-0.00014748034326439452,0.0017370939151692966
3.5454288003773513,-0.994711992699556,8.135873691610271,1.0,2.9347142857142856,1330.0,-0.00017839044220968603,0.0008744519786478833
3.545250409935142,-0.9948260284941116,8.136748143588921,1.0,2.9344285714285716,1331.0,-0.00017839044220924194,0.0008744519786496596
3.5450720194929324,-0.9949400642886672,8.137622595567569,1.0,2.934142857142857,1332.0,-0.00017839044220968603,0.0008744519786478833
3.5448936290507227,-0.9950541000832228,8.138497047546219,1.0,2.9338571428571427,1333.0,-0.00017839044220968603,0.0008744519786496596
3.544715238608513,-0.9951681358777784,8.139371499524866,1.0,2.9335714285714287,1334.0,-0.00017839044220968603,0.0008744519786478833
3.5445368481663038,-0.995282171672334,8.140245951503516,1.0,2.9332857142857143,1335.0,-0.00017839044220924194,0.0008744519786496596
3.544358457724094,-0.9953962074668896,8.141120403482164,1.0,2.9330000000000003,1336.0,-0.00017839044220968603,0.0008744519786478833
3.5441800672818844,-0.9955102432614452,8.141994855460812,1.0,2.932714285714286,1337.0,-0.00017839044220968603,0.0008744519786478833
3.544001676839675,-0.9956242790560008,8.142869307439462,1.0,2.9324285714285714,1338.0,-0.00017839044220924194,0.0008744519786496596
3.5438232863974655,-0.9957383148505564,8.14374375941811,1.0,2.9321428571428574,1339.0,-0.00017839044220968603,0.0008744519786478833
3.543644895955256,-0.995852350645112,8.14461821139676,1.0,2.931857142857143,1340.0,-0.00017839044220968603,0.0008744519786496596
3.543466505513046,-0.9959663864396676,8.145492663375407,1.0,2.9315714285714285,1341.0,-0.00017839044220968603,0.0008744519786478833
3.543288115070837,-0.9960804222342232,8.146367115354057,1.0,2.9312857142857145,1342.0,-0.00017839044220924194,0.0008744519786496596
3.543109724628627,-0.9961944580287788,8.147241567332705,1.0,2.931,1343.0,-0.00017839044220968603,0.0008744519786478833
3.5429489367845544,-0.9961234985347812,8.149589371677688,1.0,2.9308,1344.0,-0.00016078784407280722,0.002347804344983828
3.5427881489404816,-0.9960525390407835,8.151937176022672,1.0,2.9306,1345.0,-0.00016078784407280722,0.002347804344983828
3.5426273610964087,-0.9959815795467859,8.154284980367656,1.0,2.9304,1346.0,-0.00016078784407280722,0.002347804344983828
3.542466573252336,-0.9959106200527882,8.15663278471264,1.0,2.9302,1347.0,-0.00016078784407280722,0.002347804344983828
3.542305785408263,-0.9958396605587906,8.158980589057624,1.0,2.93,1348.0,-0.00016078784407280722,0.002347804344983828
3.5421449975641903,-0.9957687010647929,8.161328393402608,1.0,2.9298,1349.0,-0.00016078784407280722,0.002347804344983828
3.5419842097201175,-0.9956977415707953,8.163676197747591,1.0,2.9296,1350.0,-0.00016078784407280722,0.002347804344983828
3.5418234218760443,-0.9956267820767976,8.166024002092577,1.0,2.9294,1351.0,-0.0001607878440732513,0.0023478043449856045
3.5416626340319715,-0.9955558225828,8.16837180643756,1.0,2.9292,1352.0,-0.00016078784407280722,0.002347804344983828
3.5415018461878986,-0.9954848630888022,8.170719610782545,1.0,2.929,1353.0,-0.00016078784407280722,0.002347804344983828
3.541341058343826,-0.9954139035948046,8.173067415127528,1.0,2.9288,1354.0,-0.00016078784407280722,0.002347804344983828
3.541180270499753,-0.9953429441008069,8.175415219472512,1.0,2.9286,1355.0,-0.00016078784407280722,0.002347804344983828
3.5410194826556802,-0.9952719846068093,8.177763023817496,1.0,2.9284,1356.0,-0.00016078784407280722,0.002347804344983828
3.5408586948116074,-0.9952010251128116,8.18011082816248,1.0,2.9282,1357.0,-0.00016078784407280722,0.002347804344983828
3.5406979069675346,-0.995130065618814,8.182458632507464,1.0,2.928,1358.0,-0.00016078784407280722,0.002347804344983828
3.54054505161812,-0.995050931464487,8.183681992424834,1.0,2.9276,1359.0,-0.00015285534941478218,0.0012233599173701037
3.5403921962687046,-0.99497179731016,8.184905352342202,1.0,2.9272,1360.0,-0.00015285534941522627,0.0012233599173683274
3.54023934091929,-0.994892663155833,8.186128712259572,1.0,2.9268,1361.0,-0.00015285534941478218,0.0012233599173701037
3.5400864855698746,-0.9948135290015061,8.18735207217694,1.0,2.9264,1362.0,-0.00015285534941522627,0.0012233599173683274
3.53993363022046,-0.9947343948471791,8.18857543209431,1.0,2.926,1363.0,-0.00015285534941478218,0.0012233599173701037
3.539780774871045,-0.994655260692852,8.189798792011679,1.0,2.9256,1364.0,-0.00015285534941478218,0.0012233599173683274
3.53962791952163,-0.9945761265385251,8.19102215192905,1.0,2.9252000000000002,1365.0,-0.00015285534941522627,0.0012233599173701037
3.539475064172215,-0.9944969923841981,8.192245511846417,1.0,2.9248,1366.0,-0.00015285534941478218,0.0012233599173683274
3.5393222088228,-0.9944178582298712,8.193468871763788,1.0,2.9244,1367.0,-0.00015285534941522627,0.0012233599173701037
3.539169353473385,-0.9943387240755441,8.194692231681156,1.0,2.924,1368.0,-0.00015285534941478218,0.0012233599173683274
3.5390164981239702,-0.9942595899212171,8.195915591598526,1.0,2.9236,1369.0,-0.00015285534941478218,0.0012233599173701037
3.538863642774555,-0.9941804557668902,8.197138951515894,1.0,2.9232,1370.0,-0.00015285534941522627,0.0012233599173683274
3.5387107874251402,-0.9941013216125631,8.198362311433264,1.0,2.9228,1371.0,-0.00015285534941478218,0.0012233599173701037
3.538557932075725,-0.9940221874582362,8.199585671350633,1.0,2.9224,1372.0,-0.00015285534941522627,0.0012233599173683274
3.53840507672631,-0.9939430533039092,8.200809031268003,1.0,2.922,1373.0,-0.00015285534941478218,0.0012233599173701037
3.5382395606295947,-0.9939361033841652,8.203520915472566,1.0,2.9217333333333335,1374.0,-0.00016551609671555667,0.002711884204563475
3.538074044532879,-0.993929153464421,8.206232799677128,1.0,2.921466666666667,1375.0,-0.00016551609671555667,0.0027118842045616987
3.5379085284361635,-0.993922203544677,8.208944683881692,1.0,2.9212000000000002,1376.0,-0.00016551609671555667,0.002711884204563475
3.5377430123394484,-0.9939152536249329,8.211656568086253,1.0,2.9209333333333336,1377.0,-0.00016551609671511258,0.0027118842045616987
3.537577496242733,-0.9939083037051889,8.214368452290817,1.0,2.920666666666667,1378.0,-0.00016551609671555667,0.002711884204563475
3.5374119801460173,-0.9939013537854448,8.217080336495378,1.0,2.9204000000000003,1379.0,-0.00016551609671555667,0.0027118842045616987
3.5372464640493018,-0.9938944038657007,8.219792220699942,1.0,2.9201333333333337,1380.0,-0.00016551609671555667,0.002711884204563475
3.537080947952586,-0.9938874539459567,8.222504104904504,1.0,2.9198666666666666,1381.0,-0.00016551609671555667,0.0027118842045616987
3.5369154318558707,-0.9938805040262126,8.225215989109067,1.0,2.9196,1382.0,-0.00016551609671555667,0.002711884204563475
3.536749915759155,-0.9938735541064685,8.227927873313629,1.0,2.9193333333333333,1383.0,-0.00016551609671555667,0.0027118842045616987
3.5365843996624395,-0.9938666041867245,8.230639757518192,1.0,2.9190666666666667,1384.0,-0.00016551609671555667,0.002711884204563475
3.5364188835657244,-0.9938596542669804,8.233351641722754,1.0,2.9188,1385.0,-0.00016551609671511258,0.0027118842045616987
3.536253367469009,-0.9938527043472364,8.236063525927317,1.0,2.9185333333333334,1386.0,-0.00016551609671555667,0.002711884204563475
3.5360878513722933,-0.9938457544274922,8.238775410131879,1.0,2.918266666666667,1387.0,-0.00016551609671555667,0.0027118842045616987
3.5359223352755778,-0.9938388045077482,8.241487294336443,1.0,2.918,1388.0,-0.00016551609671555667,0.002711884204563475
3.535768517331006,-0.9938136378553774,8.243007575095374,1.0,2.9177333333333335,1389.0,-0.00015381794457169917,0.0015202807589318468
3.5356146993864344,-0.9937884712030065,8.244527855854306,1.0,2.917466666666667,1390.0,-0.00015381794457169917,0.0015202807589318468
3.5354608814418627,-0.9937633045506356,8.246048136613236,1.0,2.9172000000000002,1391.0,-0.00015381794457169917,0.0015202807589300704
3.535307063497291,-0.9937381378982647,8.247568417372168,1.0,2.9169333333333336,1392.0,-0.00015381794457169917,0.0015202807589318468
3.5351532455527193,-0.9937129712458939,8.2490886981311,1.0,2.916666666666667,1393.0,-0.00015381794457169917,0.0015202807589318468
3.5349994276081476,-0.993687804593523,8.250608978890032,1.0,2.9164000000000003,1394.0,-0.00015381794457169917,0.0015202807589318468
3.534845609663576,-0.9936626379411522,8.252129259648964,1.0,2.9161333333333337,1395.0,-0.00015381794457169917,0.0015202807589318468
3.5346917917190037,-0.9936374712887812,8.253649540407894,1.0,2.9158666666666666,1396.0,-0.00015381794457214326,0.0015202807589300704
3.534537973774432,-0.9936123046364104,8.255169821166826,1.0,2.9156,1397.0,-0.00015381794457169917,0.0015202807589318468
3.5343841558298603,-0.9935871379840395,8.256690101925757,1.0,2.9153333333333333,1398.0,-0.00015381794457169917,0.0015202807589318468
3.5342303378852886,-0.9935619713316687,8.25821038268469,1.0,2.9150666666666667,1399.0,-0.00015381794457169917,0.0015202807589318468
3.534076519940717,-0.9935368046792978,8.259730663443621,1.0,2.9148,1400.0,-0.00015381794457169917,0.0015202807589318468
3.533922701996145,-0.9935116380269269,8.261250944202551,1.0,2.9145333333333334,1401.0,-0.00015381794457169917,0.0015202807589300704
3.5337688840515735,-0.993486471374556,8.262771224961483,1.0,2.914266666666667,1402.0,-0.00015381794457169917,0.0015202807589318468
3.533615066107002,-0.9934613047221852,8.264291505720415,1.0,2.914,1403.0,-0.00015381794457169917,0.0015202807589318468
3.533456062371637,-0.9935115856863764,8.265607128087062,1.0,2.913666666666667,1404.0,-0.0001590037353649265,0.0013156223666470623
3.5332970586362715,-0.9935618666505677,8.266922750453707,1.0,2.9133333333333336,1405.0,-0.0001590037353653706,0.001315622366645286
3.5331380549009066,-0.9936121476147589,8.268238372820354,1.0,2.9130000000000003,1406.0,-0.0001590037353649265,0.0013156223666470623
3.5329790511655417,-0.9936624285789503,8.269553995187,1.0,2.9126666666666665,1407.0,-0.0001590037353649265,0.001315622366645286
3.5328200474301767,-0.9937127095431415,8.270869617553647,1.0,2.912333333333333,1408.0,-0.0001590037353649265,0.0013156223666470623
3.5326610436948114,-0.9937629905073327,8.272185239920294,1.0,2.912,1409.0,-0.0001590037353653706,0.0013156223666470623
3.5325020399594464,-0.993813271471524,8.273500862286939,1.0,2.9116666666666666,1410.0,-0.0001590037353649265,0.001315622366645286
3.5323430362240815,-0.9938635524357152,8.274816484653586,1.0,2.9113333333333333,1411.0,-0.0001590037353649265,0.0013156223666470623
3.5321840324887166,-0.9939138333999065,8.276132107020231,1.0,2.911,1412.0,-0.0001590037353649265,0.001315622366645286
3.5320250287533512,-0.9939641143640977,8.277447729386878,1.0,2.9106666666666667,1413.0,-0.0001590037353653706,0.0013156223666470623
3.5318660250179863,-0.994014395328289,8.278763351753526,1.0,2.9103333333333334,1414.0,-0.0001590037353649265,0.0013156223666470623
3.5317070212826214,-0.9940646762924803,8.28007897412017,1.0,2.9099999999999997,1415.0,-0.0001590037353649265,0.001315622366645286
3.5315480175472564,-0.9941149572566715,8.281394596486818,1.0,2.9096666666666664,1416.0,-0.0001590037353649265,0.0013156223666470623
3.531389013811891,-0.9941652382208628,8.282710218853463,1.0,2.909333333333333,1417.0,-0.0001590037353653706,0.001315622366645286
3.531230010076526,-0.994215519185054,8.28402584122011,1.0,2.909,1418.0,-0.0001590037353649265,0.0013156223666470623
3.5310882502652627,-0.9942824087184847,8.287500946371544,0.9999857142857143,2.908785714285714,1419.0,-0.00014175981126340886,0.0034751051514341214
3.5309464904539993,-0.9943492982519154,8.290976051522977,0.9999714285714286,2.9085714285714284,1420.0,-0.00014175981126340886,0.003475105151432345
3.530804730642736,-0.9944161877853461,8.29445115667441,0.9999571428571429,2.9083571428571426,1421.0,-0.00014175981126340886,0.0034751051514341214
3.530662970831472,-0.9944830773187767,8.297926261825845,0.9999428571428571,2.908142857142857,1422.0,-0.00014175981126385295,0.0034751051514341214
3.5305212110202087,-0.9945499668522074,8.301401366977279,0.9999285714285714,2.907928571428571,1423.0,-0.00014175981126340886,0.0034751051514341214
3.5303794512089453,-0.9946168563856381,8.304876472128711,0.9999142857142858,2.9077142857142855,1424.0,-0.00014175981126340886,0.003475105151432345
3.530237691397682,-0.9946837459190688,8.308351577280146,0.9999,2.9074999999999998,1425.0,-0.00014175981126340886,0.0034751051514341214
3.5300959315864184,-0.9947506354524995,8.31182668243158,0.9998857142857143,2.9072857142857145,1426.0,-0.00014175981126340886,0.0034751051514341214
3.529954171775155,-0.9948175249859302,8.315301787583012,0.9998714285714286,2.9070714285714288,1427.0,-0.00014175981126340886,0.003475105151432345
3.5298124119638916,-0.9948844145193609,8.318776892734446,0.9998571428571429,2.906857142857143,1428.0,-0.00014175981126340886,0.0034751051514341214
3.5296706521526278,-0.9949513040527915,8.32225199788588,0.9998428571428571,2.9066428571428573,1429.0,-0.00014175981126385295,0.0034751051514341214
3.5295288923413644,-0.9950181935862222,8.325727103037314,0.9998285714285714,2.9064285714285716,1430.0,-0.00014175981126340886,0.0034751051514341214
3.529387132530101,-0.9950850831196529,8.329202208188747,0.9998142857142858,2.906214285714286,1431.0,-0.00014175981126340886,0.003475105151432345
3.5292453727188375,-0.9951519726530836,8.33267731334018,0.9998,2.906,1432.0,-0.00014175981126340886,0.0034751051514341214
3.529080584521549,-0.9951599187981989,8.334146350808089,0.9998133333333333,2.9056,1433.0,-0.00016478819728860117,0.001469037467908052
3.528915796324261,-0.9951678649433142,8.335615388275999,0.9998266666666666,2.9052000000000002,1434.0,-0.00016478819728815708,0.0014690374679098284
3.528751008126972,-0.9951758110884295,8.337084425743907,0.9998400000000001,2.9048000000000003,1435.0,-0.00016478819728860117,0.001469037467908052
3.528586219929684,-0.9951837572335448,8.338553463211815,0.9998533333333334,2.9044,1436.0,-0.00016478819728815708,0.001469037467908052
3.5284214317323954,-0.99519170337866,8.340022500679725,0.9998666666666667,2.904,1437.0,-0.00016478819728860117,0.0014690374679098284
3.528256643535107,-0.9951996495237753,8.341491538147633,0.99988,2.9036,1438.0,-0.00016478819728860117,0.001469037467908052
3.5280918553378187,-0.9952075956688906,8.34296057561554,0.9998933333333333,2.9032,1439.0,-0.00016478819728815708,0.001469037467908052
3.52792706714053,-0.9952155418140058,8.34442961308345,0.9999066666666667,2.9028,1440.0,-0.00016478819728860117,0.0014690374679098284
3.527762278943242,-0.9952234879591212,8.345898650551359,0.99992,2.9024,1441.0,-0.00016478819728815708,0.001469037467908052
3.5275974907459533,-0.9952314341042364,8.347367688019267,0.9999333333333333,2.902,1442.0,-0.00016478819728860117,0.001469037467908052
3.5274327025486647,-0.9952393802493517,8.348836725487176,0.9999466666666667,2.9016,1443.0,-0.00016478819728860117,0.0014690374679098284
3.5272679143513765,-0.995247326394467,8.350305762955085,0.99996,2.9012,1444.0,-0.00016478819728815708,0.001469037467908052
3.527103126154088,-0.9952552725395822,8.351774800422993,0.9999733333333334,2.9008,1445.0,-0.00016478819728860117,0.001469037467908052
3.5269383379568,-0.9952632186846976,8.353243837890902,0.9999866666666667,2.9004,1446.0,-0.00016478819728815708,0.0014690374679098284
3.526773549759511,-0.9952711648298128,8.35471287535881,1.0,2.9,1447.0,-0.00016478819728860117,0.001469037467908052
3.5266287111607575,-0.9952237314291845,8.357036875179334,1.0,2.8998,1448.0,-0.00014483859875369376,0.002323999820523781
3.5264838725620034,-0.9951762980285563,8.359360874999858,1.0,2.8996,1449.0,-0.00014483859875413785,0.002323999820523781
3.5263390339632497,-0.995128864627928,8.36168487482038,1.0,2.8994,1450.0,-0.00014483859875369376,0.0023239998205220047
3.5261941953644955,-0.9950814312272998,8.364008874640904,1.0,2.8992,1451.0,-0.00014483859875413785,0.002323999820523781
3.526049356765742,-0.9950339978266716,8.366332874461428,1.0,2.899,1452.0,-0.00014483859875369376,0.002323999820523781
3.525904518166988,-0.9949865644260433,8.368656874281951,1.0,2.8988,1453.0,-0.00014483859875369376,0.002323999820523781
3.525759679568234,-0.994939131025415,8.370980874102475,1.0,2.8986,1454.0,-0.00014483859875413785,0.002323999820523781
3.5256148409694803,-0.9948916976247868,8.373304873922997,1.0,2.8983999999999996,1455.0,-0.00014483859875369376,0.0023239998205220047
3.525470002370726,-0.9948442642241585,8.375628873743521,1.0,2.8981999999999997,1456.0,-0.00014483859875413785,0.002323999820523781
3.5253251637719725,-0.9947968308235302,8.377952873564045,1.0,2.8979999999999997,1457.0,-0.00014483859875369376,0.002323999820523781
3.5251803251732188,-0.994749397422902,8.380276873384569,1.0,2.8977999999999997,1458.0,-0.00014483859875369376,0.002323999820523781
3.5250354865744646,-0.9947019640222737,8.382600873205092,1.0,2.8975999999999997,1459.0,-0.00014483859875413785,0.002323999820523781
3.524890647975711,-0.9946545306216454,8.384924873025614,1.0,2.8973999999999998,1460.0,-0.00014483859875369376,0.0023239998205220047
3.524745809376957,-0.9946070972210173,8.387248872846138,1.0,2.8971999999999998,1461.0,-0.00014483859875413785,0.002323999820523781
3.524600970778203,-0.994559663820389,8.389572872666662,1.0,2.897,1462.0,-0.00014483859875369376,0.002323999820523781
3.5244436539306676,-0.9945688651017819,8.392361858198768,1.0,2.8968,1463.0,-0.00015731684753550468,0.0027889855321063806
3.5242863370831317,-0.9945780663831747,8.395150843730875,1.0,2.8966,1464.0,-0.00015731684753594877,0.0027889855321063806
3.524129020235596,-0.9945872676645676,8.397939829262981,1.0,2.8964,1465.0,-0.00015731684753550468,0.0027889855321063806
3.5239717033880607,-0.9945964689459605,8.40072881479509,1.0,2.8962,1466.0,-0.00015731684753550468,0.002788985532108157
3.5238143865405247,-0.9946056702273535,8.403517800327196,1.0,2.896,1467.0,-0.00015731684753594877,0.0027889855321063806
3.523657069692989,-0.9946148715087463,8.406306785859302,1.0,2.8958,1468.0,-0.00015731684753550468,0.0027889855321063806
3.5234997528454537,-0.9946240727901392,8.409095771391408,1.0,2.8956,1469.0,-0.00015731684753550468,0.0027889855321063806
3.5233424359979177,-0.9946332740715321,8.411884756923515,1.0,2.8954,1470.0,-0.00015731684753594877,0.0027889855321063806
3.5231851191503822,-0.994642475352925,8.414673742455621,1.0,2.8952,1471.0,-0.00015731684753550468,0.0027889855321063806
3.5230278023028467,-0.9946516766343179,8.417462727987727,1.0,2.895,1472.0,-0.00015731684753550468,0.0027889855321063806
3.522870485455311,-0.9946608779157108,8.420251713519834,1.0,2.8948,1473.0,-0.00015731684753594877,0.0027889855321063806
3.5227131686077753,-0.9946700791971037,8.423040699051942,1.0,2.8946,1474.0,-0.00015731684753550468,0.002788985532108157
3.5225558517602398,-0.9946792804784966,8.425829684584048,1.0,2.8944,1475.0,-0.00015731684753550468,0.0027889855321063806
3.522398534912704,-0.9946884817598894,8.428618670116155,1.0,2.8942,1476.0,-0.00015731684753594877,0.0027889855321063806
3.5222412180651683,-0.9946976830412824,8.431407655648261,1.0,2.894,1477.0,-0.00015731684753550468,0.0027889855321063806
3.5220907251645963,-0.994800493370327,8.432701415137904,1.0,2.8942,1478.0,-0.00015049290057200793,0.0012937594896431648
3.5219402322640248,-0.9949033036993716,8.433995174627547,1.0,2.8944,1479.0,-0.00015049290057156384,0.0012937594896431648
3.5217897393634527,-0.9950061140284163,8.43528893411719,1.0,2.8946,1480.0,-0.00015049290057200793,0.0012937594896431648
3.5216392464628807,-0.9951089243574609,8.436582693606834,1.0,2.8948,1481.0,-0.00015049290057200793,0.0012937594896431648
3.5214887535623087,-0.9952117346865056,8.437876453096477,1.0,2.895,1482.0,-0.00015049290057200793,0.0012937594896431648
3.521338260661737,-0.9953145450155503,8.43917021258612,1.0,2.8952,1483.0,-0.00015049290057156384,0.0012937594896431648
3.521187767761165,-0.9954173553445949,8.440463972075763,1.0,2.8954,1484.0,-0.00015049290057200793,0.0012937594896431648
3.521037274860593,-0.9955201656736395,8.441757731565406,1.0,2.8956,1485.0,-0.00015049290057200793,0.0012937594896431648
3.520886781960021,-0.9956229760026841,8.44305149105505,1.0,2.8958,1486.0,-0.00015049290057200793,0.0012937594896431648
3.5207362890594496,-0.9957257863317288,8.444345250544693,1.0,2.896,1487.0,-0.00015049290057156384,0.0012937594896431648
3.5205857961588776,-0.9958285966607735,8.445639010034336,1.0,2.8962,1488.0,-0.00015049290057200793,0.0012937594896431648
3.5204353032583056,-0.9959314069898181,8.446932769523979,1.0,2.8964,1489.0,-0.00015049290057200793,0.0012937594896431648
3.5202848103577336,-0.9960342173188628,8.448226529013622,1.0,2.8966,1490.0,-0.00015049290057200793,0.0012937594896431648
3.520134317457162,-0.9961370276479073,8.449520288503265,1.0,2.8968,1491.0,-0.00015049290057156384,0.0012937594896431648
3.51998382455659,-0.996239837976952,8.450814047992909,1.0,2.897,1492.0,-0.00015049290057200793,0.0012937594896431648
3.519821962056266,-0.9961197314183093,8.45053183567072,1.0,2.8965714285714284,1493.0,-0.00016186250032390603,-0.00028221232218861303
3.5196600995559417,-0.9959996248596665,8.450249623348531,1.0,2.896142857142857,1494.0,-0.00016186250032435012,-0.00028221232218861303
3.519498237055618,-0.9958795183010238,8.449967411026343,1.0,2.8957142857142855,1495.0,-0.00016186250032390603,-0.00028221232218861303
3.519336374555294,-0.995759411742381,8.449685198704154,1.0,2.895285714285714,1496.0,-0.00016186250032390603,-0.00028221232218861303
3.5191745120549696,-0.9956393051837383,8.449402986381966,1.0,2.8948571428571426,1497.0,-0.00016186250032435012,-0.00028221232218861303
3.5190126495546457,-0.9955191986250955,8.449120774059777,1.0,2.894428571428571,1498.0,-0.00016186250032390603,-0.00028221232218861303
3.5188507870543217,-0.9953990920664528,8.448838561737588,1.0,2.8939999999999997,1499.0,-0.00016186250032390603,-0.00028221232218861303
3.5186889245539974,-0.9952789855078101,8.4485563494154,1.0,2.8935714285714287,1500.0,-0.00016186250032435012,-0.00028221232218861303
3.5185270620536735,-0.9951588789491673,8.448274137093211,1.0,2.8931428571428572,1501.0,-0.00016186250032390603,-0.00028221232218861303
3.518365199553349,-0.9950387723905246,8.447991924771022,1.0,2.892714285714286,1502.0,-0.00016186250032435012,-0.00028221232218861303
3.5182033370530252,-0.9949186658318818,8.447709712448834,1.0,2.8922857142857143,1503.0,-0.00016186250032390603,-0.00028221232218861303
3.5180414745527013,-0.9947985592732391,8.447427500126645,1.0,2.891857142857143,1504.0,-0.00016186250032390603,-0.00028221232218861303
3.517879612052377,-0.9946784527145963,8.447145287804457,1.0,2.8914285714285715,1505.0,-0.00016186250032435012,-0.00028221232218861303
3.517717749552053,-0.9945583461559536,8.446863075482268,1.0,2.891,1506.0,-0.00016186250032390603,-0.00028221232218861303
3.5175699330214507,-0.9945054700215304,8.450116026709805,1.0,2.8904666666666667,1507.0,-0.00014781653060236266,0.0032529512275374373
3.517422116490848,-0.9944525938871072,8.453368977937343,1.0,2.8899333333333335,1508.0,-0.00014781653060280675,0.0032529512275374373
3.5172742999602455,-0.994399717752684,8.45662192916488,1.0,2.8894,1509.0,-0.00014781653060236266,0.0032529512275374373
3.5171264834296427,-0.9943468416182607,8.45987488039242,1.0,2.8888666666666665,1510.0,-0.00014781653060280675,0.0032529512275392136
3.5169786668990404,-0.9942939654838375,8.463127831619957,1.0,2.888333333333333,1511.0,-0.00014781653060236266,0.0032529512275374373
3.516830850368438,-0.9942410893494142,8.466380782847494,1.0,2.8878,1512.0,-0.00014781653060236266,0.0032529512275374373
3.516683033837835,-0.9941882132149911,8.469633734075032,1.0,2.8872666666666666,1513.0,-0.00014781653060280675,0.0032529512275374373
3.516535217307233,-0.9941353370805678,8.47288668530257,1.0,2.8867333333333334,1514.0,-0.00014781653060236266,0.0032529512275374373
3.51638740077663,-0.9940824609461446,8.476139636530107,1.0,2.8862,1515.0,-0.00014781653060280675,0.0032529512275374373
3.5162395842460277,-0.9940295848117213,8.479392587757644,1.0,2.885666666666667,1516.0,-0.00014781653060236266,0.0032529512275374373
3.5160917677154253,-0.9939767086772981,8.482645538985182,1.0,2.8851333333333335,1517.0,-0.00014781653060236266,0.0032529512275374373
3.5159439511848225,-0.9939238325428749,8.48589849021272,1.0,2.8846,1518.0,-0.00014781653060280675,0.0032529512275392136
3.51579613465422,-0.9938709564084517,8.489151441440258,1.0,2.8840666666666666,1519.0,-0.00014781653060236266,0.0032529512275374373
3.5156483181236173,-0.9938180802740284,8.492404392667796,1.0,2.8835333333333333,1520.0,-0.00014781653060280675,0.0032529512275374373
3.515500501593015,-0.9937652041396052,8.495657343895333,1.0,2.883,1521.0,-0.00014781653060236266,0.0032529512275374373
3.5153600071573807,-0.9937841262032827,8.497801789744823,1.0,2.8828666666666667,1522.0,-0.0001404944356342419,0.0021444458494901397
3.515219512721747,-0.9938030482669603,8.499946235594313,1.0,2.8827333333333334,1523.0,-0.00014049443563379782,0.0021444458494901397
3.5150790182861127,-0.9938219703306378,8.502090681443804,1.0,2.8826,1524.0,-0.0001404944356342419,0.0021444458494901397
3.514938523850479,-0.9938408923943153,8.504235127293294,1.0,2.8824666666666667,1525.0,-0.00014049443563379782,0.0021444458494901397
3.5147980294148446,-0.9938598144579929,8.506379573142784,1.0,2.8823333333333334,1526.0,-0.0001404944356342419,0.0021444458494901397
3.514657534979211,-0.9938787365216704,8.508524018992274,1.0,2.8822,1527.0,-0.00014049443563379782,0.0021444458494901397
3.5145170405435766,-0.9938976585853478,8.510668464841764,1.0,2.8820666666666668,1528.0,-0.0001404944356342419,0.0021444458494901397
3.514376546107943,-0.9939165806490254,8.512812910691256,1.0,2.881933333333333,1529.0,-0.00014049443563379782,0.002144445849491916
3.5142360516723086,-0.9939355027127029,8.514957356540746,1.0,2.8817999999999997,1530.0,-0.0001404944356342419,0.0021444458494901397
3.5140955572366748,-0.9939544247763804,8.517101802390236,1.0,2.8816666666666664,1531.0,-0.00014049443563379782,0.0021444458494901397
3.5139550628010405,-0.993973346840058,8.519246248239726,1.0,2.881533333333333,1532.0,-0.0001404944356342419,0.0021444458494901397
3.5138145683654067,-0.9939922689037355,8.521390694089217,1.0,2.8813999999999997,1533.0,-0.00014049443563379782,0.0021444458494901397
3.5136740739297725,-0.994011190967413,8.523535139938707,1.0,2.8812666666666664,1534.0,-0.0001404944356342419,0.0021444458494901397
3.5135335794941387,-0.9940301130310906,8.525679585788197,1.0,2.881133333333333,1535.0,-0.00014049443563379782,0.0021444458494901397
3.5133930850585045,-0.994049035094768,8.527824031637687,1.0,2.881,1536.0,-0.0001404944356342419,0.0021444458494901397
3.513236530410652,-0.9940728233627936,8.53009985846028,1.0,2.880533333333333,1537.0,-0.00015655464785258033,0.0022758268225935296
3.5130799757627993,-0.994096611630819,8.532375685282874,1.0,2.8800666666666666,1538.0,-0.00015655464785258033,0.0022758268225935296
3.512923421114947,-0.9941203998988445,8.534651512105468,1.0,2.8796,1539.0,-0.00015655464785213624,0.0022758268225935296
3.5127668664670946,-0.99414418816687,8.536927338928061,1.0,2.8791333333333333,1540.0,-0.00015655464785258033,0.0022758268225935296
3.512610311819242,-0.9941679764348954,8.539203165750655,1.0,2.8786666666666667,1541.0,-0.00015655464785258033,0.0022758268225935296
3.5124537571713894,-0.9941917647029209,8.541478992573248,1.0,2.8782,1542.0,-0.00015655464785258033,0.0022758268225935296
3.512297202523537,-0.9942155529709464,8.543754819395842,1.0,2.8777333333333335,1543.0,-0.00015655464785258033,0.0022758268225935296
3.5121406478756847,-0.9942393412389718,8.546030646218435,1.0,2.8772666666666664,1544.0,-0.00015655464785213624,0.0022758268225935296
3.511984093227832,-0.9942631295069974,8.548306473041029,1.0,2.8768,1545.0,-0.00015655464785258033,0.0022758268225935296
3.5118275385799795,-0.9942869177750229,8.550582299863622,1.0,2.876333333333333,1546.0,-0.00015655464785258033,0.0022758268225935296
3.511670983932127,-0.9943107060430483,8.552858126686216,1.0,2.8758666666666666,1547.0,-0.00015655464785258033,0.0022758268225935296
3.5115144292842744,-0.9943344943110738,8.55513395350881,1.0,2.8754,1548.0,-0.00015655464785258033,0.0022758268225935296
3.5113578746364222,-0.9943582825790993,8.557409780331403,1.0,2.8749333333333333,1549.0,-0.00015655464785213624,0.0022758268225935296
3.5112013199885697,-0.9943820708471247,8.559685607153996,1.0,2.8744666666666667,1550.0,-0.00015655464785258033,0.0022758268225935296
3.511044765340717,-0.9944058591151502,8.56196143397659,1.0,2.874,1551.0,-0.00015655464785258033,0.0022758268225935296
3.5109026981069325,-0.9943836135013709,8.563020296703945,1.0,2.873866666666667,1552.0,-0.00014206723378462627,0.0010588627273548923
3.510760630873148,-0.9943613678875917,8.5640791594313,1.0,2.8737333333333335,1553.0,-0.00014206723378462627,0.0010588627273548923
3.510618563639363,-0.9943391222738124,8.565138022158655,1.0,2.8736,1554.0,-0.00014206723378462627,0.0010588627273548923
3.5104764964055786,-0.994316876660033,8.56619688488601,1.0,2.873466666666667,1555.0,-0.00014206723378462627,0.0010588627273548923
3.510334429171794,-0.9942946310462537,8.567255747613364,1.0,2.8733333333333335,1556.0,-0.00014206723378462627,0.0010588627273548923
3.5101923619380093,-0.9942723854324744,8.56831461034072,1.0,2.8732,1557.0,-0.00014206723378462627,0.0010588627273548923
3.5100502947042247,-0.9942501398186951,8.569373473068074,1.0,2.873066666666667,1558.0,-0.00014206723378462627,0.0010588627273548923
3.5099082274704396,-0.9942278942049159,8.570432335795429,1.0,2.872933333333333,1559.0,-0.00014206723378507036,0.0010588627273548923
3.509766160236655,-0.9942056485911366,8.571491198522784,1.0,2.8728,1560.0,-0.00014206723378462627,0.0010588627273548923
3.5096240930028704,-0.9941834029773573,8.572550061250139,1.0,2.8726666666666665,1561.0,-0.00014206723378462627,0.0010588627273548923
3.5094820257690857,-0.994161157363578,8.573608923977494,1.0,2.872533333333333,1562.0,-0.00014206723378462627,0.0010588627273548923
3.509339958535301,-0.9941389117497986,8.574667786704849,1.0,2.8724,1563.0,-0.00014206723378462627,0.0010588627273548923
3.5091978913015165,-0.9941166661360193,8.575726649432204,1.0,2.8722666666666665,1564.0,-0.00014206723378462627,0.0010588627273548923
3.509055824067732,-0.9940944205222401,8.576785512159558,1.0,2.872133333333333,1565.0,-0.00014206723378462627,0.0010588627273548923
3.5089137568339472,-0.9940721749084608,8.577844374886913,1.0,2.872,1566.0,-0.00014206723378462627,0.0010588627273548923
3.5087649846487965,-0.9940880727825583,8.579999907371636,1.0,2.8718,1567.0,-0.0001487721851507473,0.0021555324847231105
3.508616212463646,-0.9941039706566557,8.582155439856361,1.0,2.8716,1568.0,-0.00014877218515030322,0.002155532484724887
3.5084674402784954,-0.9941198685307532,8.584310972341084,1.0,2.8714,1569.0,-0.0001487721851507473,0.0021555324847231105
3.508318668093345,-0.9941357664048507,8.58646650482581,1.0,2.8712,1570.0,-0.00014877218515030322,0.002155532484724887
3.5081698959081944,-0.9941516642789481,8.588622037310532,1.0,2.871,1571.0,-0.0001487721851507473,0.0021555324847231105
3.508021123723044,-0.9941675621530456,8.590777569795256,1.0,2.8708,1572.0,-0.00014877218515030322,0.0021555324847231105
3.5078723515378933,-0.9941834600271431,8.59293310227998,1.0,2.8706,1573.0,-0.0001487721851507473,0.002155532484724887
3.507723579352743,-0.9941993579012405,8.595088634764704,1.0,2.8704,1574.0,-0.00014877218515030322,0.0021555324847231105
3.5075748071675923,-0.994215255775338,8.597244167249428,1.0,2.8702,1575.0,-0.0001487721851507473,0.002155532484724887
3.507426034982442,-0.9942311536494355,8.599399699734152,1.0,2.87,1576.0,-0.00014877218515030322,0.0021555324847231105
3.5072772627972912,-0.9942470515235329,8.601555232218875,1.0,2.8698,1577.0,-0.0001487721851507473,0.0021555324847231105
3.507128490612141,-0.9942629493976304,8.6037107647036,1.0,2.8696,1578.0,-0.00014877218515030322,0.002155532484724887
3.50697971842699,-0.9942788472717279,8.605866297188323,1.0,2.8694,1579.0,-0.0001487721851507473,0.0021555324847231105
3.50683094624184,-0.9942947451458253,8.608021829673048,1.0,2.8692,1580.0,-0.00014877218515030322,0.002155532484724887
3.506682174056689,-0.9943106430199228,8.61017736215777,1.0,2.869,1581.0,-0.0001487721851507473,0.0021555324847231105
3.5065379671274517,-0.9943118534856455,8.612595791179226,1.0,2.8687857142857145,1582.0,-0.00014420692923744483,0.0024184290214552817
3.506393760198214,-0.9943130639513682,8.61501422020068,1.0,2.8685714285714288,1583.0,-0.00014420692923788891,0.0024184290214535054
3.5062495532689764,-0.994314274417091,8.617432649222135,1.0,2.868357142857143,1584.0,-0.00014420692923744483,0.0024184290214552817
3.506105346339739,-0.9943154848828137,8.61985107824359,1.0,2.8681428571428573,1585.0,-0.00014420692923744483,0.0024184290214552817
3.5059611394105015,-0.9943166953485364,8.622269507265043,1.0,2.8679285714285716,1586.0,-0.00014420692923744483,0.0024184290214535054
3.5058169324812636,-0.9943179058142592,8.624687936286499,1.0,2.867714285714286,1587.0,-0.00014420692923788891,0.0024184290214552817
3.505672725552026,-0.9943191162799818,8.627106365307952,1.0,2.8675,1588.0,-0.00014420692923744483,0.0024184290214535054
3.5055285186227887,-0.9943203267457046,8.629524794329408,1.0,2.8672857142857144,1589.0,-0.00014420692923744483,0.0024184290214552817
3.505384311693551,-0.9943215372114274,8.631943223350863,1.0,2.8670714285714287,1590.0,-0.00014420692923788891,0.0024184290214552817
3.5052401047643134,-0.99432274767715,8.634361652372316,1.0,2.866857142857143,1591.0,-0.00014420692923744483,0.0024184290214535054
3.505095897835076,-0.9943239581428728,8.636780081393772,1.0,2.8666428571428573,1592.0,-0.00014420692923744483,0.0024184290214552817
3.5049516909058385,-0.9943251686085955,8.639198510415227,1.0,2.8664285714285715,1593.0,-0.00014420692923744483,0.0024184290214552817
3.5048074839766006,-0.9943263790743182,8.64161693943668,1.0,2.866214285714286,1594.0,-0.00014420692923788891,0.0024184290214535054
3.504663277047363,-0.994327589540041,8.644035368458136,1.0,2.866,1595.0,-0.00014420692923744483,0.0024184290214552817
3.5045243291501853,-0.9943443261921646,8.647003910827092,1.0,2.8658,1596.0,-0.0001389478971778324,0.002968542368956051
3.5043853812530075,-0.9943610628442882,8.649972453196046,1.0,2.8656,1597.0,-0.0001389478971778324,0.0029685423689542745
3.5042464333558296,-0.9943777994964118,8.652940995565002,1.0,2.8654,1598.0,-0.0001389478971778324,0.002968542368956051
3.504107485458652,-0.9943945361485353,8.655909537933958,1.0,2.8652,1599.0,-0.0001389478971778324,0.002968542368956051
3.503968537561474,-0.994411272800659,8.658878080302914,1.0,2.865,1600.0,-0.0001389478971778324,0.002968542368956051
3.503829589664296,-0.9944280094527826,8.661846622671868,1.0,2.8648000000000002,1601.0,-0.0001389478971778324,0.0029685423689542745
3.5036906417671183,-0.9944447461049062,8.664815165040824,1.0,2.8646000000000003,1602.0,-0.0001389478971778324,0.002968542368956051
3.503551693869941,-0.9944614827570298,8.66778370740978,1.0,2.8644,1603.0,-0.0001389478971773883,0.002968542368956051
3.503412745972763,-0.9944782194091534,8.670752249778737,1.0,2.8642,1604.0,-0.0001389478971778324,0.002968542368956051
3.5032737980755853,-0.994494956061277,8.67372079214769,1.0,2.864,1605.0,-0.0001389478971778324,0.0029685423689542745
3.5031348501784074,-0.9945116927134007,8.676689334516647,1.0,2.8638,1606.0,-0.0001389478971778324,0.002968542368956051
3.5029959022812296,-0.9945284293655242,8.679657876885603,1.0,2.8636,1607.0,-0.0001389478971778324,0.002968542368956051
3.5028569543840518,-0.9945451660176479,8.682626419254559,1.0,2.8634,1608.0,-0.0001389478971778324,0.002968542368956051
3.502718006486874,-0.9945619026697714,8.685594961623513,1.0,2.8632,1609.0,-0.0001389478971778324,0.0029685423689542745
3.502579058589696,-0.994578639321895,8.68856350399247,1.0,2.863,1610.0,-0.0001389478971778324,0.002968542368956051
3.5024354097387147,-0.9944693301409688,8.690909067108917,1.0,2.8632666666666666,1611.0,-0.00014364885098139268,0.0023455631164477353
3.5022917608877333,-0.9943600209600425,8.693254630225363,1.0,2.8635333333333333,1612.0,-0.00014364885098139268,0.002345563116445959
3.502148112036752,-0.9942507117791163,8.69560019334181,1.0,2.8638,1613.0,-0.00014364885098139268,0.0023455631164477353
3.50200446318577,-0.9941414025981901,8.697945756458259,1.0,2.8640666666666665,1614.0,-0.00014364885098183677,0.0023455631164477353
3.5018608143347887,-0.9940320934172637,8.700291319574706,1.0,2.864333333333333,1615.0,-0.00014364885098139268,0.0023455631164477353
3.5017171654838073,-0.9939227842363375,8.702636882691152,1.0,2.8646,1616.0,-0.00014364885098139268,0.002345563116445959
3.501573516632826,-0.9938134750554113,8.7049824458076,1.0,2.8648666666666665,1617.0,-0.00014364885098139268,0.0023455631164477353
3.5014298677818445,-0.993704165874485,8.707328008924048,1.0,2.8651333333333335,1618.0,-0.00014364885098139268,0.0023455631164477353
3.501286218930863,-0.9935948566935587,8.709673572040495,1.0,2.8654,1619.0,-0.00014364885098139268,0.0023455631164477353
3.5011425700798817,-0.9934855475126325,8.712019135156941,1.0,2.865666666666667,1620.0,-0.00014364885098139268,0.002345563116445959
3.5009989212289003,-0.9933762383317062,8.714364698273389,1.0,2.8659333333333334,1621.0,-0.00014364885098139268,0.0023455631164477353
3.5008552723779185,-0.99326692915078,8.716710261389837,1.0,2.8662,1622.0,-0.00014364885098183677,0.0023455631164477353
3.500711623526937,-0.9931576199698537,8.719055824506285,1.0,2.8664666666666667,1623.0,-0.00014364885098139268,0.0023455631164477353
3.5005679746759557,-0.9930483107889274,8.72140138762273,1.0,2.8667333333333334,1624.0,-0.00014364885098139268,0.002345563116445959
3.5004243258249743,-0.9929390016080012,8.723746950739178,1.0,2.867,1625.0,-0.00014364885098139268,0.0023455631164477353
3.500281637218356,-0.9930530711774769,8.726947117260977,1.0,2.8667333333333334,1626.0,-0.00014268860661825755,0.003200166521798664
3.5001389486117374,-0.9931671407469526,8.730147283782776,1.0,2.8664666666666667,1627.0,-0.00014268860661870164,0.003200166521798664
3.499996260005119,-0.9932812103164284,8.733347450304574,1.0,2.8662,1628.0,-0.00014268860661825755,0.003200166521798664
3.4998535713985004,-0.993395279885904,8.736547616826371,1.0,2.8659333333333334,1629.0,-0.00014268860661870164,0.0032001665217968878
3.499710882791882,-0.9935093494553797,8.73974778334817,1.0,2.865666666666667,1630.0,-0.00014268860661825755,0.003200166521798664
3.4995681941852634,-0.9936234190248554,8.742947949869968,1.0,2.8654,1631.0,-0.00014268860661870164,0.003200166521798664
3.499425505578645,-0.9937374885943311,8.746148116391767,1.0,2.8651333333333335,1632.0,-0.00014268860661825755,0.003200166521798664
3.4992828169720265,-0.9938515581638069,8.749348282913566,1.0,2.8648666666666665,1633.0,-0.00014268860661870164,0.003200166521798664
3.499140128365408,-0.9939656277332826,8.752548449435364,1.0,2.8646,1634.0,-0.00014268860661825755,0.003200166521798664
3.4989974397587895,-0.9940796973027582,8.755748615957163,1.0,2.864333333333333,1635.0,-0.00014268860661870164,0.003200166521798664
3.4988547511521713,-0.9941937668722339,8.758948782478962,1.0,2.8640666666666665,1636.0,-0.00014268860661825755,0.003200166521798664
3.4987120625455526,-0.9943078364417096,8.762148949000759,1.0,2.8638,1637.0,-0.00014268860661870164,0.0032001665217968878
3.4985693739389343,-0.9944219060111854,8.765349115522557,1.0,2.8635333333333333,1638.0,-0.00014268860661825755,0.003200166521798664
3.4984266853323156,-0.9945359755806611,8.768549282044356,1.0,2.8632666666666666,1639.0,-0.00014268860661870164,0.003200166521798664
3.4982839967256973,-0.9946500451501368,8.771749448566155,1.0,2.863,1640.0,-0.00014268860661825755,0.003200166521798664
3.4981438086825936,-0.9946454061860809,8.772333470399815,1.0,2.8628,1641.0,-0.00014018804310378385,0.000584021833660131
3.49800362063949,-0.994640767222025,8.772917492233477,1.0,2.8626,1642.0,-0.00014018804310333977,0.0005840218336619074
3.4978634325963864,-0.9946361282579691,8.773501514067137,1.0,2.8624,1643.0,-0.00014018804310378385,0.000584021833660131
3.497723244553283,-0.9946314892939131,8.774085535900797,1.0,2.8622,1644.0,-0.00014018804310333977,0.000584021833660131
3.4975830565101793,-0.9946268503298572,8.774669557734457,1.0,2.862,1645.0,-0.00014018804310378385,0.000584021833660131
3.4974428684670755,-0.9946222113658013,8.775253579568119,1.0,2.8618,1646.0,-0.00014018804310378385,0.0005840218336619074
3.497302680423972,-0.9946175724017454,8.77583760140178,1.0,2.8616,1647.0,-0.00014018804310333977,0.000584021833660131
3.4971624923808684,-0.9946129334376895,8.77642162323544,1.0,2.8613999999999997,1648.0,-0.00014018804310378385,0.000584021833660131
3.497022304337765,-0.9946082944736336,8.7770056450691,1.0,2.8611999999999997,1649.0,-0.00014018804310333977,0.000584021833660131
3.4968821162946613,-0.9946036555095777,8.777589666902761,1.0,2.8609999999999998,1650.0,-0.00014018804310378385,0.0005840218336619074
3.4967419282515575,-0.9945990165455219,8.778173688736421,1.0,2.8608,1651.0,-0.00014018804310378385,0.000584021833660131
3.496601740208454,-0.9945943775814658,8.778757710570082,1.0,2.8606,1652.0,-0.00014018804310333977,0.000584021833660131
3.4964615521653504,-0.99458973861741,8.779341732403742,1.0,2.8604,1653.0,-0.00014018804310378385,0.000584021833660131
3.496321364122247,-0.9945850996533541,8.779925754237404,1.0,2.8602,1654.0,-0.00014018804310333977,0.0005840218336619074
3.4961811760791432,-0.9945804606892982,8.780509776071064,1.0,2.86,1655.0,-0.00014018804310378385,0.000584021833660131
3.4960412662859763,-0.994519173794681,8.782720782506216,1.0,2.8600714285714286,1656.0,-0.00013990979316691465,0.00221100643515193
3.495901356492809,-0.994457886900064,8.78493178894137,1.0,2.860142857142857,1657.0,-0.00013990979316735874,0.002211006435153706
3.495761446699642,-0.9943966000054468,8.787142795376521,1.0,2.8602142857142856,1658.0,-0.00013990979316691465,0.00221100643515193
3.4956215369064747,-0.9943353131108297,8.789353801811673,1.0,2.8602857142857143,1659.0,-0.00013990979316735874,0.00221100643515193
3.495481627113308,-0.9942740262162126,8.791564808246827,1.0,2.860357142857143,1660.0,-0.00013990979316691465,0.002211006435153706
3.4953417173201404,-0.9942127393215955,8.793775814681979,1.0,2.8604285714285713,1661.0,-0.00013990979316735874,0.00221100643515193
3.4952018075269735,-0.9941514524269784,8.795986821117133,1.0,2.8605,1662.0,-0.00013990979316691465,0.002211006435153706
3.4950618977338066,-0.9940901655323613,8.798197827552285,1.0,2.8605714285714288,1663.0,-0.00013990979316691465,0.00221100643515193
3.4949219879406392,-0.9940288786377441,8.800408833987436,1.0,2.860642857142857,1664.0,-0.00013990979316735874,0.00221100643515193
3.4947820781474723,-0.9939675917431271,8.80261984042259,1.0,2.8607142857142858,1665.0,-0.00013990979316691465,0.002211006435153706
3.494642168354305,-0.99390630484851,8.804830846857742,1.0,2.8607857142857145,1666.0,-0.00013990979316735874,0.00221100643515193
3.494502258561138,-0.9938450179538928,8.807041853292894,1.0,2.860857142857143,1667.0,-0.00013990979316691465,0.00221100643515193
3.4943623487679707,-0.9937837310592758,8.809252859728048,1.0,2.8609285714285715,1668.0,-0.00013990979316735874,0.002211006435153706
3.494222438974804,-0.9937224441646586,8.8114638661632,1.0,2.861,1669.0,-0.00013990979316691465,0.00221100643515193
3.4940858509324446,-0.9937267264728503,8.812794722586258,1.0,2.8609333333333336,1670.0,-0.00013658804235916477,0.00133085642305808
3.4939492628900854,-0.9937310087810421,8.814125579009314,1.0,2.860866666666667,1671.0,-0.00013658804235916477,0.0013308564230563036
3.4938126748477263,-0.9937352910892339,8.815456435432372,1.0,2.8608000000000002,1672.0,-0.00013658804235916477,0.00133085642305808
3.493676086805367,-0.9937395733974257,8.81678729185543,1.0,2.8607333333333336,1673.0,-0.00013658804235916477,0.00133085642305808
3.493539498763008,-0.9937438557056174,8.818118148278488,1.0,2.860666666666667,1674.0,-0.00013658804235916477,0.00133085642305808
3.493402910720649,-0.9937481380138091,8.819449004701545,1.0,2.8606000000000003,1675.0,-0.00013658804235916477,0.0013308564230563036
3.4932663226782896,-0.993752420322001,8.820779861124603,1.0,2.8605333333333336,1676.0,-0.00013658804235916477,0.00133085642305808
3.4931297346359305,-0.9937567026301927,8.82211071754766,1.0,2.8604666666666665,1677.0,-0.00013658804235916477,0.00133085642305808
3.4929931465935713,-0.9937609849383845,8.823441573970719,1.0,2.8604,1678.0,-0.00013658804235916477,0.00133085642305808
3.492856558551212,-0.9937652672465762,8.824772430393775,1.0,2.860333333333333,1679.0,-0.00013658804235916477,0.0013308564230563036
3.492719970508853,-0.9937695495547679,8.826103286816833,1.0,2.8602666666666665,1680.0,-0.00013658804235916477,0.00133085642305808
3.492583382466494,-0.9937738318629598,8.827434143239891,1.0,2.8602,1681.0,-0.00013658804235916477,0.00133085642305808
3.4924467944241346,-0.9937781141711515,8.82876499966295,1.0,2.860133333333333,1682.0,-0.00013658804235916477,0.00133085642305808
3.4923102063817755,-0.9937823964793433,8.830095856086006,1.0,2.8600666666666665,1683.0,-0.00013658804235916477,0.0013308564230563036
3.4921736183394163,-0.993786678787535,8.831426712509064,1.0,2.86,1684.0,-0.00013658804235916477,0.00133085642305808
3.492027228294932,-0.9938292324861062,8.834513891081496,1.0,2.859933333333333,1685.0,-0.00014639004448424586,0.0030871785724322365
3.4918808382504474,-0.9938717861846774,8.83760106965393,1.0,2.8598666666666666,1686.0,-0.00014639004448468995,0.003087178572434013
3.491734448205963,-0.9939143398832486,8.840688248226362,1.0,2.8598,1687.0,-0.00014639004448424586,0.0030871785724322365
3.4915880581614784,-0.9939568935818198,8.843775426798794,1.0,2.8597333333333332,1688.0,-0.00014639004448468995,0.0030871785724322365
3.491441668116994,-0.993999447280391,8.846862605371227,1.0,2.8596666666666666,1689.0,-0.00014639004448424586,0.0030871785724322365
3.49129527807251,-0.9940420009789622,8.84994978394366,1.0,2.8596,1690.0,-0.00014639004448424586,0.003087178572434013
3.4911488880280253,-0.9940845546775334,8.853036962516093,1.0,2.8595333333333333,1691.0,-0.00014639004448468995,0.0030871785724322365
3.491002497983541,-0.9941271083761046,8.856124141088525,1.0,2.8594666666666666,1692.0,-0.00014639004448424586,0.0030871785724322365
3.4908561079390563,-0.9941696620746758,8.859211319660957,1.0,2.8594,1693.0,-0.00014639004448468995,0.0030871785724322365
3.490709717894572,-0.994212215773247,8.862298498233391,1.0,2.8593333333333333,1694.0,-0.00014639004448424586,0.003087178572434013
3.490563327850088,-0.9942547694718182,8.865385676805824,1.0,2.8592666666666666,1695.0,-0.00014639004448424586,0.0030871785724322365
3.490416937805603,-0.9942973231703894,8.868472855378256,1.0,2.8592,1696.0,-0.00014639004448468995,0.0030871785724322365
3.490270547761119,-0.9943398768689606,8.871560033950688,1.0,2.8591333333333333,1697.0,-0.00014639004448424586,0.0030871785724322365
3.490124157716634,-0.9943824305675318,8.874647212523122,1.0,2.8590666666666666,1698.0,-0.00014639004448468995,0.003087178572434013
3.48997776767215,-0.994424984266103,8.877734391095554,1.0,2.859,1699.0,-0.00014639004448424586,0.0030871785724322365
3.4898437736216055,-0.9944556304559389,8.879049605076005,1.0,2.8587333333333333,1700.0,-0.00013399405054448366,0.001315213980451091
3.489709779571061,-0.9944862766457747,8.880364819056455,1.0,2.8584666666666667,1701.0,-0.00013399405054448366,0.0013152139804493146
3.4895757855205165,-0.9945169228356106,8.881680033036906,1.0,2.8582,1702.0,-0.00013399405054448366,0.001315213980451091
3.489441791469972,-0.9945475690254463,8.882995247017357,1.0,2.8579333333333334,1703.0,-0.00013399405054448366,0.001315213980451091
3.4893077974194275,-0.9945782152152821,8.884310460997808,1.0,2.857666666666667,1704.0,-0.00013399405054448366,0.001315213980451091
3.489173803368883,-0.994608861405118,8.885625674978257,1.0,2.8574,1705.0,-0.00013399405054448366,0.0013152139804493146
3.4890398093183386,-0.9946395075949538,8.886940888958708,1.0,2.8571333333333335,1706.0,-0.00013399405054448366,0.001315213980451091
3.488905815267794,-0.9946701537847896,8.88825610293916,1.0,2.8568666666666664,1707.0,-0.00013399405054448366,0.001315213980451091
3.4887718212172496,-0.9947007999746255,8.88957131691961,1.0,2.8566,1708.0,-0.00013399405054448366,0.001315213980451091
3.488637827166705,-0.9947314461644613,8.89088653090006,1.0,2.856333333333333,1709.0,-0.00013399405054448366,0.0013152139804493146
3.4885038331161606,-0.9947620923542971,8.892201744880511,1.0,2.8560666666666665,1710.0,-0.00013399405054448366,0.001315213980451091
3.488369839065616,-0.9947927385441329,8.893516958860962,1.0,2.8558,1711.0,-0.00013399405054448366,0.001315213980451091
3.4882358450150717,-0.9948233847339687,8.894832172841413,1.0,2.8555333333333333,1712.0,-0.00013399405054448366,0.001315213980451091
3.488101850964527,-0.9948540309238045,8.896147386821863,1.0,2.8552666666666666,1713.0,-0.00013399405054448366,0.0013152139804493146
3.4879678569139827,-0.9948846771136404,8.897462600802314,1.0,2.855,1714.0,-0.00013399405054448366,0.001315213980451091
3.487847073609601,-0.994753111259923,8.89771244943666,1.0,2.8549333333333333,1715.0,-0.00012078330438169971,0.0002498486343469608
3.4877262903052193,-0.9946215454062056,8.897962298071006,1.0,2.8548666666666667,1716.0,-0.00012078330438169971,0.00024984863434518445
3.4876055070008376,-0.9944899795524883,8.898212146705353,1.0,2.8548,1717.0,-0.00012078330438169971,0.0002498486343469608
3.487484723696456,-0.9943584136987709,8.8984619953397,1.0,2.8547333333333333,1718.0,-0.00012078330438169971,0.0002498486343469608
3.487363940392074,-0.9942268478450536,8.898711843974047,1.0,2.8546666666666667,1719.0,-0.00012078330438169971,0.0002498486343469608
3.4872431570876925,-0.9940952819913361,8.898961692608392,1.0,2.8546,1720.0,-0.00012078330438169971,0.00024984863434518445
3.487122373783311,-0.9939637161376188,8.899211541242739,1.0,2.8545333333333334,1721.0,-0.00012078330438169971,0.0002498486343469608
3.4870015904789287,-0.9938321502839014,8.899461389877086,1.0,2.8544666666666667,1722.0,-0.0001207833043821438,0.0002498486343469608
3.486880807174547,-0.993700584430184,8.899711238511433,1.0,2.8544,1723.0,-0.00012078330438169971,0.0002498486343469608
3.4867600238701653,-0.9935690185764666,8.899961087145778,1.0,2.8543333333333334,1724.0,-0.00012078330438169971,0.00024984863434518445
3.4866392405657836,-0.9934374527227493,8.900210935780125,1.0,2.8542666666666667,1725.0,-0.00012078330438169971,0.0002498486343469608
3.486518457261402,-0.9933058868690319,8.900460784414472,1.0,2.8542,1726.0,-0.00012078330438169971,0.0002498486343469608
3.48639767395702,-0.9931743210153146,8.900710633048819,1.0,2.8541333333333334,1727.0,-0.00012078330438169971,0.0002498486343469608
3.4862768906526385,-0.9930427551615971,8.900960481683164,1.0,2.8540666666666668,1728.0,-0.00012078330438169971,0.00024984863434518445
3.4861561073482568,-0.9929111893078798,8.901210330317511,1.0,2.854,1729.0,-0.00012078330438169971,0.0002498486343469608
3.486001152194564,-0.9930572645266547,8.89932831100424,1.0,2.8537857142857144,1730.0,-0.0001549551536927929,-0.0018820193132711438
3.4858461970408707,-0.9932033397454295,8.897446291690967,1.0,2.8535714285714286,1731.0,-0.00015495515369323698,-0.0018820193132729202
3.485691241887178,-0.9933494149642044,8.895564272377696,1.0,2.853357142857143,1732.0,-0.0001549551536927929,-0.0018820193132711438
3.4855362867334847,-0.9934954901829793,8.893682253064423,1.0,2.853142857142857,1733.0,-0.00015495515369323698,-0.0018820193132729202
3.485381331579792,-0.9936415654017542,8.891800233751152,1.0,2.8529285714285715,1734.0,-0.0001549551536927929,-0.0018820193132711438
3.4852263764260987,-0.993787640620529,8.889918214437879,1.0,2.8527142857142858,1735.0,-0.00015495515369323698,-0.0018820193132729202
3.485071421272406,-0.9939337158393039,8.888036195124608,1.0,2.8525,1736.0,-0.0001549551536927929,-0.0018820193132711438
3.484916466118713,-0.9940797910580788,8.886154175811336,1.0,2.8522857142857143,1737.0,-0.0001549551536927929,-0.0018820193132711438
3.48476151096502,-0.9942258662768536,8.884272156498064,1.0,2.8520714285714286,1738.0,-0.00015495515369323698,-0.0018820193132729202
3.484606555811327,-0.9943719414956285,8.882390137184792,1.0,2.851857142857143,1739.0,-0.0001549551536927929,-0.0018820193132711438
3.484451600657634,-0.9945180167144034,8.88050811787152,1.0,2.851642857142857,1740.0,-0.00015495515369323698,-0.0018820193132729202
3.484296645503941,-0.9946640919331783,8.878626098558248,1.0,2.8514285714285714,1741.0,-0.0001549551536927929,-0.0018820193132711438
3.484141690350248,-0.9948101671519531,8.876744079244975,1.0,2.8512142857142857,1742.0,-0.00015495515369323698,-0.0018820193132729202
3.483986735196555,-0.994956242370728,8.874862059931704,1.0,2.851,1743.0,-0.0001549551536927929,-0.0018820193132711438
3.4838504274740743,-0.9949010588365994,8.87765905696407,1.0,2.8511333333333333,1744.0,-0.00013630772248074408,0.002796997032366022
3.483714119751594,-0.9948458753024707,8.880456053996435,1.0,2.8512666666666666,1745.0,-0.0001363077224803,0.0027969970323642457
3.483577812029113,-0.9947906917683421,8.8832530510288,1.0,2.8514,1746.0,-0.00013630772248074408,0.002796997032366022
3.4834415043066325,-0.9947355082342134,8.886050048061167,1.0,2.8515333333333333,1747.0,-0.00013630772248074408,0.002796997032366022
3.483305196584152,-0.9946803247000848,8.88884704509353,1.0,2.8516666666666666,1748.0,-0.0001363077224803,0.0027969970323642457
3.4831688888616714,-0.9946251411659561,8.891644042125897,1.0,2.8518,1749.0,-0.00013630772248074408,0.002796997032366022
3.4830325811391907,-0.9945699576318275,8.894441039158263,1.0,2.851933333333333,1750.0,-0.00013630772248074408,0.002796997032366022
3.4828962734167104,-0.9945147740976988,8.897238036190627,1.0,2.852066666666667,1751.0,-0.0001363077224803,0.0027969970323642457
3.4827599656942296,-0.9944595905635703,8.900035033222993,1.0,2.8522000000000003,1752.0,-0.00013630772248074408,0.002796997032366022
3.482623657971749,-0.9944044070294416,8.90283203025536,1.0,2.8523333333333336,1753.0,-0.00013630772248074408,0.002796997032366022
3.4824873502492686,-0.994349223495313,8.905629027287723,1.0,2.852466666666667,1754.0,-0.0001363077224803,0.0027969970323642457
3.482351042526788,-0.9942940399611843,8.90842602432009,1.0,2.8526000000000002,1755.0,-0.00013630772248074408,0.002796997032366022
3.482214734804307,-0.9942388564270557,8.911223021352455,1.0,2.8527333333333336,1756.0,-0.00013630772248074408,0.002796997032366022
3.482078427081827,-0.994183672892927,8.91402001838482,1.0,2.852866666666667,1757.0,-0.0001363077224803,0.0027969970323642457
3.481942119359346,-0.9941284893587984,8.916817015417186,1.0,2.853,1758.0,-0.00013630772248074408,0.002796997032366022
3.4818041109834237,-0.9942217093823849,8.905874951841817,1.0,2.8528000000000002,1759.0,-0.00013800837592237158,-0.010942063575368977
3.481666102607501,-0.9943149294059713,8.89493288826645,1.0,2.8526000000000002,1760.0,-0.00013800837592281567,-0.0109420635753672
3.4815280942315785,-0.9944081494295578,8.88399082469108,1.0,2.8524000000000003,1761.0,-0.00013800837592237158,-0.010942063575368977
3.4813900858556557,-0.9945013694531443,8.873048761115713,1.0,2.8522000000000003,1762.0,-0.00013800837592281567,-0.0109420635753672
3.4812520774797333,-0.9945945894767307,8.862106697540344,1.0,2.8520000000000003,1763.0,-0.00013800837592237158,-0.010942063575368977
3.4811140691038105,-0.9946878095003172,8.851164633964977,1.0,2.8518000000000003,1764.0,-0.00013800837592281567,-0.0109420635753672
3.480976060727888,-0.9947810295239037,8.840222570389608,1.0,2.8516000000000004,1765.0,-0.00013800837592237158,-0.010942063575368977
3.4808380523519653,-0.9948742495474903,8.829280506814241,1.0,2.8514,1766.0,-0.00013800837592281567,-0.0109420635753672
3.480700043976043,-0.9949674695710767,8.818338443238872,1.0,2.8512,1767.0,-0.00013800837592237158,-0.010942063575368977
3.48056203560012,-0.9950606895946632,8.807396379663505,1.0,2.851,1768.0,-0.00013800837592281567,-0.0109420635753672
3.4804240272241977,-0.9951539096182497,8.796454316088136,1.0,2.8508,1769.0,-0.00013800837592237158,-0.010942063575368977
3.480286018848275,-0.9952471296418361,8.785512252512769,1.0,2.8506,1770.0,-0.00013800837592281567,-0.0109420635753672
3.4801480104723526,-0.9953403496654226,8.7745701889374,1.0,2.8504,1771.0,-0.00013800837592237158,-0.010942063575368977
3.4800100020964297,-0.9954335696890091,8.763628125362033,1.0,2.8502,1772.0,-0.00013800837592281567,-0.0109420635753672
3.4798719937205074,-0.9955267897125956,8.752686061786664,1.0,2.85,1773.0,-0.00013800837592237158,-0.010942063575368977
3.479715419363426,-0.9954126143420299,8.730895723839266,1.0,2.8498,1774.0,-0.00015657435708149592,-0.021790337947397376
3.479558845006344,-0.9952984389714641,8.709105385891867,1.0,2.8496,1775.0,-0.00015657435708194,-0.021790337947399152
3.4794022706492624,-0.9951842636008984,8.68731504794447,1.0,2.8494,1776.0,-0.00015657435708149592,-0.021790337947397376
3.4792456962921805,-0.9950700882303326,8.66552470999707,1.0,2.8492,1777.0,-0.00015657435708194,-0.021790337947399152
3.479089121935099,-0.9949559128597669,8.643734372049673,1.0,2.849,1778.0,-0.00015657435708149592,-0.021790337947397376
3.478932547578017,-0.9948417374892012,8.621944034102276,1.0,2.8488,1779.0,-0.00015657435708194,-0.021790337947397376
3.4787759732209356,-0.9947275621186354,8.600153696154877,1.0,2.8486000000000002,1780.0,-0.00015657435708149592,-0.021790337947399152
3.4786193988638536,-0.9946133867480698,8.57836335820748,1.0,2.8484,1781.0,-0.00015657435708194,-0.021790337947397376
3.478462824506772,-0.994499211377504,8.55657302026008,1.0,2.8482,1782.0,-0.00015657435708149592,-0.021790337947399152
3.47830625014969,-0.9943850360069383,8.534782682312683,1.0,2.848,1783.0,-0.00015657435708194,-0.021790337947397376
3.4781496757926087,-0.9942708606363726,8.512992344365285,1.0,2.8478,1784.0,-0.00015657435708149592,-0.021790337947397376
3.4779931014355268,-0.9941566852658068,8.491202006417886,1.0,2.8476,1785.0,-0.00015657435708194,-0.021790337947399152
3.4778365270784453,-0.9940425098952411,8.469411668470489,1.0,2.8474,1786.0,-0.00015657435708149592,-0.021790337947397376
3.4776799527213633,-0.9939283345246753,8.44762133052309,1.0,2.8472,1787.0,-0.00015657435708194,-0.021790337947399152
3.477523378364282,-0.9938141591541096,8.425830992575692,1.0,2.847,1788.0,-0.00015657435708149592,-0.021790337947397376
3.477343818964054,-0.9937897023989797,8.415034262043404,1.0,2.846857142857143,1789.0,-0.00017955940022762462,-0.010796730532288024
3.4771642595638266,-0.9937652456438497,8.404237531511116,1.0,2.8467142857142855,1790.0,-0.00017955940022762462,-0.010796730532288024
3.476984700163599,-0.9937407888887198,8.393440800978828,1.0,2.8465714285714285,1791.0,-0.00017955940022762462,-0.010796730532288024
3.4768051407633713,-0.9937163321335898,8.38264407044654,1.0,2.8464285714285715,1792.0,-0.00017955940022762462,-0.010796730532288024
3.4766255813631437,-0.9936918753784598,8.371847339914252,1.0,2.8462857142857145,1793.0,-0.00017955940022762462,-0.010796730532288024
3.476446021962916,-0.9936674186233299,8.361050609381964,1.0,2.846142857142857,1794.0,-0.00017955940022762462,-0.010796730532288024
3.4762664625626885,-0.9936429618681998,8.350253878849676,1.0,2.846,1795.0,-0.00017955940022762462,-0.010796730532288024
3.4760869031624613,-0.9936185051130698,8.339457148317386,1.0,2.845857142857143,1796.0,-0.00017955940022718053,-0.0107967305322898
3.4759073437622336,-0.9935940483579399,8.328660417785098,1.0,2.8457142857142856,1797.0,-0.00017955940022762462,-0.010796730532288024
3.475727784362006,-0.9935695916028099,8.31786368725281,1.0,2.8455714285714286,1798.0,-0.00017955940022762462,-0.010796730532288024
3.4755482249617784,-0.9935451348476799,8.307066956720522,1.0,2.8454285714285716,1799.0,-0.00017955940022762462,-0.010796730532288024
3.4753686655615508,-0.99352067809255,8.296270226188234,1.0,2.8452857142857146,1800.0,-0.00017955940022762462,-0.010796730532288024
3.475189106161323,-0.99349622133742,8.285473495655946,1.0,2.845142857142857,1801.0,-0.00017955940022762462,-0.010796730532288024
3.4750095467610955,-0.99347176458229,8.274676765123658,1.0,2.845,1802.0,-0.00017955940022762462,-0.010796730532288024
3.4748153887724524,-0.9934279831557863,8.261183280179969,1.0,2.8447333333333336,1803.0,-0.00019415798864308442,-0.013493484943689182
3.4746212307838094,-0.9933842017292827,8.247689795236278,1.0,2.844466666666667,1804.0,-0.00019415798864308442,-0.013493484943690959
3.4744270727951663,-0.9933404203027789,8.234196310292589,1.0,2.8442000000000003,1805.0,-0.00019415798864308442,-0.013493484943689182
3.474232914806523,-0.9932966388762752,8.220702825348898,1.0,2.8439333333333336,1806.0,-0.00019415798864308442,-0.013493484943690959
3.47403875681788,-0.9932528574497714,8.207209340405209,1.0,2.843666666666667,1807.0,-0.00019415798864308442,-0.013493484943689182
3.473844598829237,-0.9932090760232678,8.193715855461518,1.0,2.8434000000000004,1808.0,-0.00019415798864308442,-0.013493484943690959
3.473650440840594,-0.9931652945967641,8.180222370517829,1.0,2.8431333333333337,1809.0,-0.00019415798864308442,-0.013493484943689182
3.4734562828519504,-0.9931215131702603,8.166728885574138,1.0,2.8428666666666667,1810.0,-0.0001941579886435285,-0.013493484943690959
3.4732621248633073,-0.9930777317437566,8.153235400630448,1.0,2.8426,1811.0,-0.00019415798864308442,-0.013493484943689182
3.4730679668746642,-0.993033950317253,8.139741915686757,1.0,2.8423333333333334,1812.0,-0.00019415798864308442,-0.013493484943690959
3.472873808886021,-0.9929901688907492,8.126248430743068,1.0,2.8420666666666667,1813.0,-0.00019415798864308442,-0.013493484943689182
3.472679650897378,-0.9929463874642455,8.112754945799377,1.0,2.8418,1814.0,-0.00019415798864308442,-0.013493484943690959
3.472485492908735,-0.9929026060377417,8.099261460855688,1.0,2.8415333333333335,1815.0,-0.00019415798864308442,-0.013493484943689182
3.472291334920092,-0.9928588246112381,8.085767975911997,1.0,2.841266666666667,1816.0,-0.00019415798864308442,-0.013493484943690959
3.472097176931449,-0.9928150431847343,8.072274490968308,1.0,2.841,1817.0,-0.00019415798864308442,-0.013493484943689182
3.471884034909937,-0.9928802130840938,8.067473365017012,1.0,2.8408,1818.0,-0.00021314202151190287,-0.004801125951296115
3.4716708928884255,-0.9929453829834534,8.062672239065718,1.0,2.8406000000000002,1819.0,-0.00021314202151145878,-0.004801125951294338
3.4714577508669135,-0.9930105528828128,8.057871113114421,1.0,2.8404000000000003,1820.0,-0.00021314202151190287,-0.004801125951296115
3.4712446088454016,-0.9930757227821724,8.053069987163127,1.0,2.8402000000000003,1821.0,-0.00021314202151190287,-0.004801125951294338
3.47103146682389,-0.9931408926815318,8.048268861211831,1.0,2.8400000000000003,1822.0,-0.00021314202151145878,-0.004801125951296115
3.4708183248023783,-0.9932060625808913,8.043467735260537,1.0,2.8398000000000003,1823.0,-0.00021314202151190287,-0.004801125951294338
3.4706051827808664,-0.9932712324802508,8.03866660930924,1.0,2.8396000000000003,1824.0,-0.00021314202151190287,-0.004801125951296115
3.470392040759355,-0.9933364023796103,8.033865483357946,1.0,2.8394,1825.0,-0.00021314202151145878,-0.004801125951294338
3.470178898737843,-0.9934015722789699,8.02906435740665,1.0,2.8392,1826.0,-0.00021314202151190287,-0.004801125951296115
3.469965756716331,-0.9934667421783293,8.024263231455356,1.0,2.839,1827.0,-0.00021314202151190287,-0.004801125951294338
3.4697526146948197,-0.9935319120776888,8.01946210550406,1.0,2.8388,1828.0,-0.00021314202151145878,-0.004801125951296115
3.4695394726733078,-0.9935970819770483,8.014660979552765,1.0,2.8386,1829.0,-0.00021314202151190287,-0.004801125951294338
3.469326330651796,-0.9936622518764078,8.00985985360147,1.0,2.8384,1830.0,-0.00021314202151190287,-0.004801125951296115
3.4691131886302844,-0.9937274217757673,8.005058727650175,1.0,2.8382,1831.0,-0.00021314202151145878,-0.004801125951294338
3.4689000466087725,-0.9937925916751268,8.000257601698879,1.0,2.838,1832.0,-0.00021314202151190287,-0.004801125951296115
3.468697937331129,-0.9938260300619363,7.993919857177133,1.0,2.837666666666667,1833.0,-0.00020210927764363618,-0.006337744521745847
3.4684958280534857,-0.9938594684487456,7.987582112655387,1.0,2.8373333333333335,1834.0,-0.0002021092776431921,-0.006337744521745847
3.468293718775842,-0.9938929068355551,7.981244368133641,1.0,2.837,1835.0,-0.00020210927764363618,-0.006337744521745847
3.4680916094981984,-0.9939263452223646,7.974906623611894,1.0,2.836666666666667,1836.0,-0.00020210927764363618,-0.006337744521746735
3.4678895002205548,-0.993959783609174,7.9685688790901485,1.0,2.8363333333333336,1837.0,-0.00020210927764363618,-0.006337744521745847
3.4676873909429116,-0.9939932219959834,7.962231134568403,1.0,2.8360000000000003,1838.0,-0.0002021092776431921,-0.006337744521745847
3.467485281665268,-0.9940266603827929,7.955893390046657,1.0,2.835666666666667,1839.0,-0.00020210927764363618,-0.006337744521745847
3.4672831723876243,-0.9940600987696023,7.949555645524911,1.0,2.8353333333333333,1840.0,-0.00020210927764363618,-0.006337744521745847
3.4670810631099807,-0.9940935371564118,7.943217901003165,1.0,2.835,1841.0,-0.00020210927764363618,-0.006337744521745847
3.4668789538323375,-0.9941269755432212,7.936880156481419,1.0,2.8346666666666667,1842.0,-0.0002021092776431921,-0.006337744521745847
3.466676844554694,-0.9941604139300306,7.9305424119596735,1.0,2.8343333333333334,1843.0,-0.00020210927764363618,-0.006337744521745847
3.46647473527705,-0.9941938523168401,7.924204667437927,1.0,2.834,1844.0,-0.00020210927764363618,-0.006337744521746735
3.4662726259994066,-0.9942272907036496,7.917866922916181,1.0,2.833666666666667,1845.0,-0.00020210927764363618,-0.006337744521745847
3.4660705167217634,-0.9942607290904589,7.911529178394435,1.0,2.8333333333333335,1846.0,-0.0002021092776431921,-0.006337744521745847
3.4658684074441197,-0.9942941674772684,7.905191433872689,1.0,2.833,1847.0,-0.00020210927764363618,-0.006337744521745847
3.4656452711313936,-0.9943643133337349,7.896941924215355,1.0,2.832866666666667,1848.0,-0.00022313631272607992,-0.008249509657334286
3.4654221348186676,-0.9944344591902012,7.88869241455802,1.0,2.8327333333333335,1849.0,-0.00022313631272607992,-0.008249509657335174
3.4651989985059415,-0.9945046050466677,7.880442904900685,1.0,2.8326000000000002,1850.0,-0.00022313631272607992,-0.008249509657334286
3.4649758621932154,-0.9945747509031342,7.872193395243351,1.0,2.832466666666667,1851.0,-0.00022313631272607992,-0.008249509657334286
3.4647527258804893,-0.9946448967596005,7.863943885586016,1.0,2.8323333333333336,1852.0,-0.00022313631272607992,-0.008249509657335174
3.4645295895677632,-0.994715042616067,7.855694375928682,1.0,2.8322000000000003,1853.0,-0.00022313631272607992,-0.008249509657334286
3.464306453255037,-0.9947851884725335,7.847444866271347,1.0,2.832066666666667,1854.0,-0.00022313631272607992,-0.008249509657334286
3.4640833169423106,-0.9948553343289999,7.839195356614012,1.0,2.831933333333333,1855.0,-0.000223136312726524,-0.008249509657335174
3.4638601806295846,-0.9949254801854663,7.830945846956678,1.0,2.8318,1856.0,-0.00022313631272607992,-0.008249509657334286
3.4636370443168585,-0.9949956260419328,7.822696337299344,1.0,2.8316666666666666,1857.0,-0.00022313631272607992,-0.008249509657334286
3.4634139080041324,-0.9950657718983992,7.8144468276420085,1.0,2.8315333333333332,1858.0,-0.00022313631272607992,-0.008249509657335174
3.4631907716914063,-0.9951359177548657,7.806197317984674,1.0,2.8314,1859.0,-0.00022313631272607992,-0.008249509657334286
3.4629676353786802,-0.9952060636113321,7.79794780832734,1.0,2.8312666666666666,1860.0,-0.00022313631272607992,-0.008249509657334286
3.462744499065954,-0.9952762094677985,7.789698298670005,1.0,2.8311333333333333,1861.0,-0.00022313631272607992,-0.008249509657335174
3.462521362753228,-0.995346355324265,7.7814487890126705,1.0,2.831,1862.0,-0.00022313631272607992,-0.008249509657334286
3.462282605453276,-0.9953404897354092,7.776723902061569,1.0,2.830857142857143,1863.0,-0.00023875729995204154,-0.0047248869511014036
3.4620438481533236,-0.9953346241465536,7.7719990151104685,1.0,2.8307142857142855,1864.0,-0.00023875729995248562,-0.004724886951100515
3.4618050908533715,-0.995328758557698,7.767274128159367,1.0,2.8305714285714285,1865.0,-0.00023875729995204154,-0.0047248869511014036
3.4615663335534195,-0.9953228929688422,7.762549241208266,1.0,2.8304285714285715,1866.0,-0.00023875729995204154,-0.0047248869511014036
3.461327576253467,-0.9953170273799865,7.757824354257164,1.0,2.8302857142857145,1867.0,-0.00023875729995248562,-0.0047248869511014036
3.461088818953515,-0.9953111617911309,7.753099467306064,1.0,2.830142857142857,1868.0,-0.00023875729995204154,-0.004724886951100515
3.460850061653563,-0.9953052962022753,7.748374580354962,1.0,2.83,1869.0,-0.00023875729995204154,-0.0047248869511014036
3.4606113043536104,-0.9952994306134195,7.743649693403861,1.0,2.829857142857143,1870.0,-0.00023875729995248562,-0.0047248869511014036
3.4603725470536584,-0.9952935650245638,7.7389248064527605,1.0,2.8297142857142856,1871.0,-0.00023875729995204154,-0.004724886951100515
3.460133789753706,-0.9952876994357082,7.734199919501659,1.0,2.8295714285714286,1872.0,-0.00023875729995248562,-0.0047248869511014036
3.459895032453754,-0.9952818338468525,7.729475032550558,1.0,2.8294285714285716,1873.0,-0.00023875729995204154,-0.0047248869511014036
3.459656275153802,-0.9952759682579968,7.724750145599456,1.0,2.8292857142857146,1874.0,-0.00023875729995204154,-0.0047248869511014036
3.4594175178538493,-0.9952701026691411,7.720025258648356,1.0,2.829142857142857,1875.0,-0.00023875729995248562,-0.004724886951100515
3.4591787605538973,-0.9952642370802854,7.715300371697254,1.0,2.829,1876.0,-0.00023875729995204154,-0.0047248869511014036
3.458952088011588,-0.9951134127611001,7.710144275491556,1.0,2.8287333333333335,1877.0,-0.00022667254230945844,-0.005156096205698013
3.458725415469278,-0.9949625884419148,7.704988179285859,1.0,2.828466666666667,1878.0,-0.00022667254230990252,-0.005156096205697125
3.4584987429269685,-0.9948117641227293,7.699832083080161,1.0,2.8282000000000003,1879.0,-0.00022667254230945844,-0.005156096205698013
3.458272070384659,-0.994660939803544,7.694675986874463,1.0,2.8279333333333336,1880.0,-0.00022667254230945844,-0.005156096205698013
3.458045397842349,-0.9945101154843586,7.689519890668765,1.0,2.827666666666667,1881.0,-0.00022667254230990252,-0.005156096205698013
3.4578187253000396,-0.9943592911651733,7.684363794463068,1.0,2.8274000000000004,1882.0,-0.00022667254230945844,-0.005156096205697125
3.45759205275773,-0.994208466845988,7.67920769825737,1.0,2.8271333333333337,1883.0,-0.00022667254230945844,-0.005156096205698013
3.4573653802154203,-0.9940576425268025,7.674051602051672,1.0,2.8268666666666666,1884.0,-0.00022667254230990252,-0.005156096205698013
3.457138707673111,-0.9939068182076172,7.668895505845974,1.0,2.8266,1885.0,-0.00022667254230945844,-0.005156096205698013
3.4569120351308014,-0.9937559938884318,7.663739409640277,1.0,2.8263333333333334,1886.0,-0.00022667254230945844,-0.005156096205697125
3.4566853625884915,-0.9936051695692465,7.658583313434579,1.0,2.8260666666666667,1887.0,-0.00022667254230990252,-0.005156096205698013
3.456458690046182,-0.9934543452500612,7.653427217228881,1.0,2.8258,1888.0,-0.00022667254230945844,-0.005156096205698013
3.4562320175038725,-0.9933035209308757,7.648271121023183,1.0,2.8255333333333335,1889.0,-0.00022667254230945844,-0.005156096205698013
3.4560053449615626,-0.9931526966116904,7.643115024817486,1.0,2.825266666666667,1890.0,-0.00022667254230990252,-0.005156096205697125
3.455778672419253,-0.993001872292505,7.637958928611788,1.0,2.825,1891.0,-0.00022667254230945844,-0.005156096205698013
3.4555331436505634,-0.9931302289274188,7.641319369411982,1.0,2.8247333333333335,1892.0,-0.00024552876868977336,0.0033604408001943753
3.455287614881873,-0.9932585855623325,7.644679810212176,1.0,2.824466666666667,1893.0,-0.00024552876869021745,0.003360440800193487
3.4550420861131834,-0.9933869421972462,7.64804025101237,1.0,2.8242000000000003,1894.0,-0.00024552876868977336,0.0033604408001943753
3.4547965573444936,-0.9935152988321599,7.651400691812564,1.0,2.8239333333333336,1895.0,-0.00024552876868977336,0.0033604408001943753
3.454551028575804,-0.9936436554670737,7.654761132612759,1.0,2.823666666666667,1896.0,-0.00024552876868977336,0.0033604408001943753
3.4543054998071137,-0.9937720121019874,7.658121573412952,1.0,2.8234000000000004,1897.0,-0.00024552876869021745,0.003360440800193487
3.454059971038424,-0.9939003687369011,7.661482014213147,1.0,2.8231333333333337,1898.0,-0.00024552876868977336,0.0033604408001943753
3.453814442269734,-0.9940287253718147,7.664842455013341,1.0,2.8228666666666666,1899.0,-0.00024552876868977336,0.0033604408001943753
3.4535689135010443,-0.9941570820067285,7.668202895813535,1.0,2.8226,1900.0,-0.00024552876868977336,0.0033604408001943753
3.453323384732354,-0.9942854386416422,7.671563336613729,1.0,2.8223333333333334,1901.0,-0.00024552876869021745,0.003360440800193487
3.4530778559636643,-0.9944137952765559,7.674923777413923,1.0,2.8220666666666667,1902.0,-0.00024552876868977336,0.0033604408001943753
3.4528323271949746,-0.9945421519114697,7.6782842182141176,1.0,2.8218,1903.0,-0.00024552876868977336,0.0033604408001943753
3.452586798426285,-0.9946705085463834,7.681644659014312,1.0,2.8215333333333334,1904.0,-0.00024552876868977336,0.0033604408001943753
3.4523412696575946,-0.9947988651812971,7.685005099814505,1.0,2.821266666666667,1905.0,-0.00024552876869021745,0.003360440800193487
3.452095740888905,-0.9949272218162108,7.6883655406147,1.0,2.821,1906.0,-0.00024552876868977336,0.0033604408001943753
3.4518786211612045,-0.9949048370680738,7.696596939575072,1.0,2.820866666666667,1907.0,-0.00021711972770033228,0.008231398960372616
3.4516615014335037,-0.9948824523199367,7.704828338535446,1.0,2.8207333333333335,1908.0,-0.00021711972770077637,0.008231398960373504
3.4514443817058034,-0.9948600675717997,7.7130597374958185,1.0,2.8206,1909.0,-0.00021711972770033228,0.008231398960372616
3.451227261978103,-0.9948376828236626,7.721291136456191,1.0,2.820466666666667,1910.0,-0.00021711972770033228,0.008231398960372616
3.4510101422504027,-0.9948152980755255,7.729522535416564,1.0,2.8203333333333336,1911.0,-0.00021711972770033228,0.008231398960372616
3.450793022522702,-0.9947929133273884,7.737753934376937,1.0,2.8202000000000003,1912.0,-0.00021711972770077637,0.008231398960373504
3.4505759027950016,-0.9947705285792513,7.74598533333731,1.0,2.820066666666667,1913.0,-0.00021711972770033228,0.008231398960372616
3.4503587830673013,-0.9947481438311143,7.7542167322976825,1.0,2.819933333333333,1914.0,-0.00021711972770033228,0.008231398960372616
3.450141663339601,-0.9947257590829772,7.762448131258055,1.0,2.8198,1915.0,-0.00021711972770033228,0.008231398960372616
3.4499245436119,-0.9947033743348401,7.770679530218429,1.0,2.8196666666666665,1916.0,-0.00021711972770077637,0.008231398960373504
3.4497074238842,-0.994680989586703,7.778910929178801,1.0,2.8195333333333332,1917.0,-0.00021711972770033228,0.008231398960372616
3.4494903041564995,-0.9946586048385659,7.787142328139174,1.0,2.8194,1918.0,-0.00021711972770033228,0.008231398960372616
3.449273184428799,-0.994636220090429,7.7953737270995465,1.0,2.8192666666666666,1919.0,-0.00021711972770033228,0.008231398960372616
3.4490560647010984,-0.9946138353422919,7.80360512605992,1.0,2.8191333333333333,1920.0,-0.00021711972770077637,0.008231398960373504
3.448838944973398,-0.9945914505941548,7.811836525020293,1.0,2.819,1921.0,-0.00021711972770033228,0.008231398960372616
3.4486361416902516,-0.9944701010903221,7.818510775563835,1.0,2.819,1922.0,-0.00020280328314647988,0.006674250543542648
3.4484333384071046,-0.9943487515864895,7.825185026107379,1.0,2.819,1923.0,-0.00020280328314692397,0.006674250543543536
3.448230535123958,-0.9942274020826568,7.831859276650921,1.0,2.819,1924.0,-0.00020280328314647988,0.006674250543542648
3.4480277318408112,-0.9941060525788241,7.838533527194464,1.0,2.819,1925.0,-0.00020280328314692397,0.006674250543542648
3.4478249285576648,-0.9939847030749914,7.845207777738007,1.0,2.819,1926.0,-0.00020280328314647988,0.006674250543542648
3.447622125274518,-0.9938633535711588,7.85188202828155,1.0,2.819,1927.0,-0.00020280328314692397,0.006674250543543536
3.4474193219913714,-0.9937420040673262,7.858556278825093,1.0,2.819,1928.0,-0.00020280328314647988,0.006674250543542648
3.4472165187082244,-0.9936206545634935,7.8652305293686355,1.0,2.819,1929.0,-0.00020280328314692397,0.006674250543542648
3.447013715425078,-0.9934993050596608,7.871904779912178,1.0,2.819,1930.0,-0.00020280328314647988,0.006674250543542648
3.446810912141931,-0.9933779555558282,7.878579030455722,1.0,2.819,1931.0,-0.00020280328314692397,0.006674250543543536
3.4466081088587845,-0.9932566060519955,7.885253280999264,1.0,2.819,1932.0,-0.00020280328314647988,0.006674250543542648
3.4464053055756376,-0.9931352565481628,7.891927531542807,1.0,2.819,1933.0,-0.00020280328314692397,0.006674250543542648
3.446202502292491,-0.9930139070443301,7.89860178208635,1.0,2.819,1934.0,-0.00020280328314647988,0.006674250543542648
3.445999699009344,-0.9928925575404975,7.905276032629893,1.0,2.819,1935.0,-0.00020280328314692397,0.006674250543543536
3.4457968957261977,-0.9927712080366649,7.911950283173436,1.0,2.819,1936.0,-0.00020280328314647988,0.006674250543542648
3.445594795450235,-0.9929047141216146,7.917027696788696,1.0,2.8189333333333333,1937.0,-0.00020210027596290203,0.005077413615260262
3.4453926951742724,-0.9930382202065644,7.922105110403956,1.0,2.8188666666666666,1938.0,-0.00020210027596245794,0.005077413615260262
3.4451905948983095,-0.9931717262915142,7.927182524019217,1.0,2.8188,1939.0,-0.00020210027596290203,0.005077413615260262
3.444988494622347,-0.993305232376464,7.932259937634478,1.0,2.8187333333333333,1940.0,-0.00020210027596245794,0.00507741361526115
3.444786394346384,-0.9934387384614137,7.937337351249738,1.0,2.8186666666666667,1941.0,-0.00020210027596290203,0.005077413615260262
3.4445842940704217,-0.9935722445463635,7.942414764864998,1.0,2.8186,1942.0,-0.00020210027596245794,0.005077413615260262
3.4443821937944588,-0.9937057506313133,7.947492178480259,1.0,2.8185333333333333,1943.0,-0.00020210027596290203,0.005077413615260262
3.4441800935184963,-0.9938392567162632,7.952569592095519,1.0,2.8184666666666667,1944.0,-0.00020210027596245794,0.005077413615260262
3.4439779932425334,-0.9939727628012129,7.957647005710779,1.0,2.8184,1945.0,-0.00020210027596290203,0.005077413615260262
3.443775892966571,-0.9941062688861627,7.962724419326039,1.0,2.8183333333333334,1946.0,-0.00020210027596245794,0.005077413615260262
3.443573792690608,-0.9942397749711125,7.9678018329413,1.0,2.8182666666666667,1947.0,-0.00020210027596290203,0.005077413615260262
3.4433716924146456,-0.9943732810560623,7.972879246556561,1.0,2.8182,1948.0,-0.00020210027596245794,0.00507741361526115
3.4431695921386827,-0.994506787141012,7.977956660171821,1.0,2.8181333333333334,1949.0,-0.00020210027596290203,0.005077413615260262
3.44296749186272,-0.9946402932259618,7.983034073787081,1.0,2.8180666666666667,1950.0,-0.00020210027596245794,0.005077413615260262
3.4427653915867573,-0.9947737993109116,7.988111487402342,1.0,2.818,1951.0,-0.00020210027596290203,0.005077413615260262
3.442551306560882,-0.9947404833577322,7.99344767273167,1.0,2.817857142857143,1952.0,-0.0002140850258753879,0.005336185329328558
3.4423372215350065,-0.994707167404553,7.998783858061,1.0,2.8177142857142856,1953.0,-0.0002140850258753879,0.005336185329329446
3.442123136509131,-0.9946738514513737,8.004120043390328,1.0,2.8175714285714286,1954.0,-0.0002140850258753879,0.005336185329328558
3.441909051483256,-0.9946405354981943,8.009456228719657,1.0,2.8174285714285716,1955.0,-0.00021408502587494382,0.005336185329328558
3.441694966457381,-0.994607219545015,8.014792414048985,1.0,2.817285714285714,1956.0,-0.0002140850258753879,0.005336185329328558
3.4414808814315054,-0.9945739035918357,8.020128599378316,1.0,2.817142857142857,1957.0,-0.0002140850258753879,0.005336185329330334
3.44126679640563,-0.9945405876386564,8.025464784707644,1.0,2.817,1958.0,-0.0002140850258753879,0.005336185329328558
3.4410527113797547,-0.994507271685477,8.030800970036973,1.0,2.8168571428571427,1959.0,-0.0002140850258753879,0.005336185329328558
3.4408386263538793,-0.9944739557322978,8.036137155366301,1.0,2.8167142857142857,1960.0,-0.0002140850258753879,0.005336185329328558
3.440624541328004,-0.9944406397791185,8.04147334069563,1.0,2.8165714285714283,1961.0,-0.0002140850258753879,0.005336185329328558
3.440410456302129,-0.9944073238259391,8.046809526024958,1.0,2.8164285714285713,1962.0,-0.00021408502587494382,0.005336185329328558
3.4401963712762536,-0.9943740078727598,8.052145711354289,1.0,2.8162857142857143,1963.0,-0.0002140850258753879,0.005336185329330334
3.439982286250378,-0.9943406919195805,8.057481896683617,1.0,2.816142857142857,1964.0,-0.0002140850258753879,0.005336185329328558
3.4397682012245028,-0.9943073759664012,8.062818082012946,1.0,2.816,1965.0,-0.0002140850258753879,0.005336185329328558
3.439596000809073,-0.9943476991406272,8.063602503948445,1.0,2.8156666666666665,1966.0,-0.00017220041542964637,0.0007844219354993243
3.439423800393644,-0.994388022314853,8.064386925883944,1.0,2.8153333333333332,1967.0,-0.00017220041542920228,0.0007844219354993243
3.4392515999782143,-0.994428345489079,8.065171347819444,1.0,2.815,1968.0,-0.00017220041542964637,0.0007844219354993243
3.439079399562785,-0.9944686686633049,8.065955769754943,1.0,2.8146666666666667,1969.0,-0.00017220041542920228,0.0007844219354993243
3.4389071991473554,-0.9945089918375308,8.066740191690442,1.0,2.8143333333333334,1970.0,-0.00017220041542964637,0.0007844219354993243
3.438734998731926,-0.9945493150117567,8.067524613625942,1.0,2.814,1971.0,-0.00017220041542964637,0.0007844219354993243
3.4385627983164966,-0.9945896381859827,8.068309035561441,1.0,2.8136666666666668,1972.0,-0.00017220041542920228,0.0007844219354993243
3.438390597901067,-0.9946299613602085,8.069093457496942,1.0,2.813333333333333,1973.0,-0.00017220041542964637,0.0007844219355011006
3.4382183974856377,-0.9946702845344345,8.069877879432442,1.0,2.8129999999999997,1974.0,-0.00017220041542920228,0.0007844219354993243
3.438046197070208,-0.9947106077086604,8.07066230136794,1.0,2.8126666666666664,1975.0,-0.00017220041542964637,0.0007844219354993243
3.4378739966547784,-0.9947509308828864,8.07144672330344,1.0,2.812333333333333,1976.0,-0.00017220041542964637,0.0007844219354993243
3.4377017962393492,-0.9947912540571122,8.07223114523894,1.0,2.812,1977.0,-0.00017220041542920228,0.0007844219354993243
3.4375295958239196,-0.9948315772313382,8.073015567174439,1.0,2.8116666666666665,1978.0,-0.00017220041542964637,0.0007844219354993243
3.4373573954084904,-0.9948719004055641,8.073799989109938,1.0,2.8113333333333332,1979.0,-0.00017220041542920228,0.0007844219354993243
3.4371851949930607,-0.99491222357979,8.074584411045437,1.0,2.811,1980.0,-0.00017220041542964637,0.0007844219354993243
3.4370097741668366,-0.9948271858823661,8.079016955049374,1.0,2.8108,1981.0,-0.00017542082622412636,0.004432544003936556
3.436834353340613,-0.994742148184942,8.08344949905331,1.0,2.8106,1982.0,-0.00017542082622368227,0.004432544003936556
3.436658932514389,-0.994657110487518,8.087882043057249,1.0,2.8104,1983.0,-0.00017542082622412636,0.004432544003938332
3.4364835116881647,-0.9945720727900941,8.092314587061185,1.0,2.8102,1984.0,-0.00017542082622412636,0.004432544003936556
3.436308090861941,-0.9944870350926701,8.096747131065122,1.0,2.81,1985.0,-0.00017542082622368227,0.004432544003936556
3.436132670035717,-0.994401997395246,8.101179675069059,1.0,2.8098,1986.0,-0.00017542082622412636,0.004432544003936556
3.4359572492094927,-0.9943169596978221,8.105612219072995,1.0,2.8096,1987.0,-0.00017542082622412636,0.004432544003936556
3.435781828383269,-0.9942319220003981,8.110044763076933,1.0,2.8093999999999997,1988.0,-0.00017542082622368227,0.004432544003938332
3.435606407557045,-0.9941468843029742,8.11447730708087,1.0,2.8091999999999997,1989.0,-0.00017542082622412636,0.004432544003936556
3.435430986730821,-0.9940618466055501,8.118909851084807,1.0,2.8089999999999997,1990.0,-0.00017542082622412636,0.004432544003936556
3.435255565904597,-0.9939768089081261,8.123342395088743,1.0,2.8087999999999997,1991.0,-0.00017542082622368227,0.004432544003936556
3.435080145078373,-0.9938917712107022,8.12777493909268,1.0,2.8085999999999998,1992.0,-0.00017542082622412636,0.004432544003936556
3.434904724252149,-0.9938067335132782,8.132207483096618,1.0,2.8084,1993.0,-0.00017542082622412636,0.004432544003938332
3.434729303425925,-0.9937216958158541,8.136640027100555,1.0,2.8082,1994.0,-0.00017542082622368227,0.004432544003936556
3.434553882599701,-0.9936366581184302,8.141072571104491,1.0,2.808,1995.0,-0.00017542082622412636,0.004432544003936556
3.434386172238219,-0.9938193230086347,8.145035138257413,1.0,2.8076,1996.0,-0.00016771036148188756,0.003962567152921537
3.434218461876737,-0.9940019878988392,8.148997705410336,1.0,2.8072,1997.0,-0.00016771036148233165,0.003962567152923313
3.434050751515255,-0.9941846527890438,8.152960272563258,1.0,2.8068,1998.0,-0.00016771036148188756,0.003962567152921537
3.433883041153773,-0.9943673176792482,8.156922839716179,1.0,2.8064,1999.0,-0.00016771036148188756,0.003962567152921537
3.433715330792291,-0.9945499825694528,8.160885406869102,1.0,2.806,2000.0,-0.00016771036148188756,0.003962567152923313
3.433547620430809,-0.9947326474596573,8.164847974022024,1.0,2.8056,2001.0,-0.00016771036148233165,0.003962567152921537
3.433379910069327,-0.9949153123498619,8.168810541174945,1.0,2.8052,2002.0,-0.00016771036148188756,0.003962567152921537
3.433212199707845,-0.9950979772400663,8.172773108327869,1.0,2.8047999999999997,2003.0,-0.00016771036148188756,0.003962567152923313
3.433044489346363,-0.9952806421302709,8.17673567548079,1.0,2.8044,2004.0,-0.00016771036148188756,0.003962567152921537
3.432876778984881,-0.9954633070204754,8.180698242633712,1.0,2.804,2005.0,-0.00016771036148233165,0.003962567152921537
3.432709068623399,-0.9956459719106799,8.184660809786635,1.0,2.8036,2006.0,-0.00016771036148188756,0.003962567152923313
3.432541358261917,-0.9958286368008844,8.188623376939557,1.0,2.8032,2007.0,-0.00016771036148188756,0.003962567152921537
3.432373647900435,-0.996011301691089,8.192585944092478,1.0,2.8028,2008.0,-0.00016771036148188756,0.003962567152921537
3.432205937538953,-0.9961939665812934,8.196548511245402,1.0,2.8024,2009.0,-0.00016771036148233165,0.003962567152923313
3.432038227177471,-0.996376631471498,8.200511078398323,1.0,2.802,2010.0,-0.00016771036148188756,0.003962567152921537
3.4318844667686976,-0.9962885326420013,8.203308515538547,1.0,2.802,2011.0,-0.0001537604087733513,0.0027974371402237352
3.4317307063599243,-0.9962004338125047,8.20610595267877,1.0,2.802,2012.0,-0.0001537604087733513,0.0027974371402237352
3.4315769459511514,-0.9961123349830079,8.208903389818996,1.0,2.802,2013.0,-0.0001537604087729072,0.0027974371402255116
3.431423185542378,-0.9960242361535112,8.21170082695922,1.0,2.802,2014.0,-0.0001537604087733513,0.0027974371402237352
3.4312694251336047,-0.9959361373240145,8.214498264099444,1.0,2.802,2015.0,-0.0001537604087733513,0.0027974371402237352
3.4311156647248313,-0.9958480384945179,8.217295701239667,1.0,2.802,2016.0,-0.0001537604087733513,0.0027974371402237352
3.430961904316058,-0.9957599396650212,8.220093138379891,1.0,2.802,2017.0,-0.0001537604087733513,0.0027974371402237352
3.430808143907285,-0.9956718408355244,8.222890575520116,1.0,2.802,2018.0,-0.0001537604087729072,0.0027974371402255116
3.4306543834985117,-0.9955837420060277,8.22568801266034,1.0,2.802,2019.0,-0.0001537604087733513,0.0027974371402237352
3.4305006230897384,-0.995495643176531,8.228485449800564,1.0,2.802,2020.0,-0.0001537604087733513,0.0027974371402237352
3.430346862680965,-0.9954075443470344,8.231282886940788,1.0,2.802,2021.0,-0.0001537604087733513,0.0027974371402237352
3.4301931022721917,-0.9953194455175377,8.234080324081011,1.0,2.802,2022.0,-0.0001537604087733513,0.0027974371402237352
3.4300393418634187,-0.9952313466880409,8.236877761221237,1.0,2.802,2023.0,-0.0001537604087729072,0.0027974371402255116
3.4298855814546454,-0.9951432478585442,8.23967519836146,1.0,2.802,2024.0,-0.0001537604087733513,0.0027974371402237352
3.429731821045872,-0.9950551490290476,8.242472635501684,1.0,2.802,2025.0,-0.0001537604087733513,0.0027974371402237352
3.4295727269297887,-0.9948874209788157,8.243872213428114,1.0,2.8017857142857143,2026.0,-0.0001590941160833914,0.0013995779264295294
3.429413632813705,-0.9947196929285836,8.245271791354543,1.0,2.8015714285714286,2027.0,-0.0001590941160838355,0.0013995779264295294
3.429254538697621,-0.9945519648783517,8.246671369280973,1.0,2.801357142857143,2028.0,-0.0001590941160838355,0.0013995779264295294
3.4290954445815376,-0.9943842368281198,8.248070947207403,1.0,2.801142857142857,2029.0,-0.0001590941160833914,0.0013995779264295294
3.428936350465454,-0.9942165087778879,8.249470525133832,1.0,2.8009285714285714,2030.0,-0.0001590941160833914,0.0013995779264295294
3.4287772563493704,-0.9940487807276559,8.250870103060262,1.0,2.8007142857142857,2031.0,-0.0001590941160838355,0.0013995779264295294
3.4286181622332865,-0.993881052677424,8.252269680986691,1.0,2.8005,2032.0,-0.0001590941160838355,0.0013995779264295294
3.428459068117203,-0.9937133246271921,8.253669258913122,1.0,2.8002857142857143,2033.0,-0.0001590941160833914,0.0013995779264313057
3.4282999740011197,-0.9935455965769601,8.255068836839552,1.0,2.8000714285714285,2034.0,-0.0001590941160833914,0.0013995779264295294
3.428140879885036,-0.9933778685267282,8.256468414765981,1.0,2.799857142857143,2035.0,-0.0001590941160838355,0.0013995779264295294
3.427981785768952,-0.9932101404764963,8.257867992692411,1.0,2.799642857142857,2036.0,-0.0001590941160838355,0.0013995779264295294
3.4278226916528687,-0.9930424124262643,8.25926757061884,1.0,2.7994285714285714,2037.0,-0.0001590941160833914,0.0013995779264295294
3.4276635975367853,-0.9928746843760323,8.26066714854527,1.0,2.7992142857142857,2038.0,-0.0001590941160833914,0.0013995779264295294
3.4275045034207015,-0.9927069563258004,8.2620667264717,1.0,2.799,2039.0,-0.0001590941160838355,0.0013995779264295294
3.427331410222445,-0.9929201877282641,8.263284657808848,1.0,2.7988666666666666,2040.0,-0.00017309319825642433,0.0012179313371483147
3.427158317024188,-0.9931334191307277,8.264502589145994,1.0,2.7987333333333333,2041.0,-0.00017309319825686842,0.0012179313371465383
3.4269852238259317,-0.9933466505331914,8.265720520483143,1.0,2.7986,2042.0,-0.00017309319825642433,0.0012179313371483147
3.426812130627675,-0.993559881935655,8.266938451820291,1.0,2.7984666666666667,2043.0,-0.00017309319825686842,0.0012179313371483147
3.4266390374294184,-0.9937731133381187,8.26815638315744,1.0,2.7983333333333333,2044.0,-0.00017309319825642433,0.0012179313371483147
3.4264659442311616,-0.9939863447405823,8.269374314494586,1.0,2.7982,2045.0,-0.00017309319825686842,0.0012179313371465383
3.426292851032905,-0.994199576143046,8.270592245831734,1.0,2.7980666666666667,2046.0,-0.00017309319825642433,0.0012179313371483147
3.4261197578346483,-0.9944128075455096,8.271810177168883,1.0,2.7979333333333334,2047.0,-0.00017309319825686842,0.0012179313371483147
3.425946664636392,-0.9946260389479733,8.27302810850603,1.0,2.7978,2048.0,-0.00017309319825642433,0.0012179313371483147
3.425773571438135,-0.994839270350437,8.274246039843177,1.0,2.7976666666666667,2049.0,-0.00017309319825686842,0.0012179313371465383
3.4256004782398786,-0.9950525017529006,8.275463971180326,1.0,2.7975333333333334,2050.0,-0.00017309319825642433,0.0012179313371483147
3.4254273850416217,-0.9952657331553643,8.276681902517474,1.0,2.7974,2051.0,-0.00017309319825686842,0.0012179313371483147
3.4252542918433653,-0.9954789645578279,8.277899833854622,1.0,2.797266666666667,2052.0,-0.00017309319825642433,0.0012179313371483147
3.4250811986451084,-0.9956921959602916,8.279117765191769,1.0,2.7971333333333335,2053.0,-0.00017309319825686842,0.0012179313371465383
3.424908105446852,-0.9959054273627552,8.280335696528917,1.0,2.797,2054.0,-0.00017309319825642433,0.0012179313371483147
3.4247754138659907,-0.995849816425329,8.281400162516944,1.0,2.797,2055.0,-0.0001326915808612661,0.0010644659880263418
3.424642722285129,-0.9957942054879028,8.28246462850497,1.0,2.797,2056.0,-0.00013269158086171018,0.0010644659880263418
3.4245100307042677,-0.9957385945504764,8.283529094492994,1.0,2.797,2057.0,-0.0001326915808612661,0.0010644659880245655
3.424377339123406,-0.9956829836130502,8.28459356048102,1.0,2.797,2058.0,-0.00013269158086171018,0.0010644659880263418
3.4242446475425448,-0.995627372675624,8.285658026469047,1.0,2.797,2059.0,-0.0001326915808612661,0.0010644659880263418
3.424111955961683,-0.9955717617381977,8.286722492457073,1.0,2.797,2060.0,-0.00013269158086171018,0.0010644659880263418
3.423979264380822,-0.9955161508007715,8.2877869584451,1.0,2.797,2061.0,-0.0001326915808612661,0.0010644659880263418
3.42384657279996,-0.9954605398633452,8.288851424433124,1.0,2.797,2062.0,-0.00013269158086171018,0.0010644659880245655
3.423713881219099,-0.9954049289259189,8.28991589042115,1.0,2.797,2063.0,-0.0001326915808612661,0.0010644659880263418
3.423581189638237,-0.9953493179884927,8.290980356409177,1.0,2.797,2064.0,-0.00013269158086171018,0.0010644659880263418
3.423448498057376,-0.9952937070510665,8.292044822397203,1.0,2.797,2065.0,-0.0001326915808612661,0.0010644659880263418
3.423315806476514,-0.9952380961136402,8.29310928838523,1.0,2.797,2066.0,-0.00013269158086171018,0.0010644659880263418
3.423183114895653,-0.9951824851762139,8.294173754373254,1.0,2.797,2067.0,-0.0001326915808612661,0.0010644659880245655
3.423050423314791,-0.9951268742387877,8.29523822036128,1.0,2.797,2068.0,-0.00013269158086171018,0.0010644659880263418
3.42291773173393,-0.9950712633013614,8.296302686349307,1.0,2.797,2069.0,-0.0001326915808612661,0.0010644659880263418
3.422758830977511,-0.9950373293771538,8.29978206110044,1.0,2.7967333333333335,2070.0,-0.0001589007564186673,0.0034793747511336903
3.422599930221093,-0.9950033954529462,8.303261435851574,1.0,2.796466666666667,2071.0,-0.0001589007564182232,0.0034793747511336903
3.4224410294646743,-0.9949694615287388,8.306740810602708,1.0,2.7962000000000002,2072.0,-0.0001589007564186673,0.0034793747511336903
3.4222821287082557,-0.9949355276045312,8.310220185353842,1.0,2.7959333333333336,2073.0,-0.0001589007564186673,0.0034793747511336903
3.422123227951837,-0.9949015936803236,8.313699560104975,1.0,2.795666666666667,2074.0,-0.0001589007564186673,0.0034793747511336903
3.4219643271954188,-0.994867659756116,8.31717893485611,1.0,2.7954000000000003,2075.0,-0.0001589007564182232,0.0034793747511336903
3.421805426439,-0.9948337258319084,8.320658309607243,1.0,2.7951333333333337,2076.0,-0.0001589007564186673,0.0034793747511336903
3.4216465256825814,-0.994799791907701,8.324137684358375,1.0,2.7948666666666666,2077.0,-0.0001589007564186673,0.003479374751131914
3.4214876249261628,-0.9947658579834934,8.327617059109508,1.0,2.7946,2078.0,-0.0001589007564186673,0.0034793747511336903
3.4213287241697445,-0.9947319240592858,8.331096433860642,1.0,2.7943333333333333,2079.0,-0.0001589007564182232,0.0034793747511336903
3.421169823413326,-0.9946979901350782,8.334575808611776,1.0,2.7940666666666667,2080.0,-0.0001589007564186673,0.0034793747511336903
3.421010922656907,-0.9946640562108706,8.33805518336291,1.0,2.7938,2081.0,-0.0001589007564186673,0.0034793747511336903
3.4208520219004885,-0.9946301222866631,8.341534558114043,1.0,2.7935333333333334,2082.0,-0.0001589007564186673,0.0034793747511336903
3.4206931211440703,-0.9945961883624556,8.345013932865177,1.0,2.793266666666667,2083.0,-0.0001589007564182232,0.0034793747511336903
3.4205342203876516,-0.994562254438248,8.34849330761631,1.0,2.793,2084.0,-0.0001589007564186673,0.0034793747511336903
3.420391119961001,-0.9945224570562973,8.351503726647486,1.0,2.7932857142857146,2085.0,-0.00014310042665055533,0.003010419031175715
3.4202480195343505,-0.9944826596743466,8.354514145678664,1.0,2.7935714285714286,2086.0,-0.00014310042665055533,0.0030104190311774914
3.4201049191077,-0.9944428622923959,8.35752456470984,1.0,2.793857142857143,2087.0,-0.00014310042665055533,0.003010419031175715
3.4199618186810494,-0.9944030649104452,8.360534983741017,1.0,2.7941428571428575,2088.0,-0.00014310042665055533,0.0030104190311774914
3.419818718254399,-0.9943632675284945,8.363545402772193,1.0,2.7944285714285715,2089.0,-0.00014310042665055533,0.003010419031175715
3.4196756178277483,-0.9943234701465438,8.36655582180337,1.0,2.794714285714286,2090.0,-0.00014310042665055533,0.0030104190311774914
3.4195325174010978,-0.9942836727645931,8.369566240834546,1.0,2.795,2091.0,-0.00014310042665055533,0.003010419031175715
3.419389416974447,-0.9942438753826423,8.372576659865722,1.0,2.7952857142857144,2092.0,-0.00014310042665055533,0.003010419031175715
3.4192463165477966,-0.9942040780006915,8.3755870788969,1.0,2.795571428571429,2093.0,-0.00014310042665055533,0.0030104190311774914
3.419103216121146,-0.9941642806187408,8.378597497928075,1.0,2.795857142857143,2094.0,-0.00014310042665055533,0.003010419031175715
3.4189601156944955,-0.9941244832367901,8.381607916959252,1.0,2.7961428571428573,2095.0,-0.00014310042665055533,0.0030104190311774914
3.418817015267845,-0.9940846858548394,8.384618335990428,1.0,2.7964285714285717,2096.0,-0.00014310042665055533,0.003010419031175715
3.4186739148411944,-0.9940448884728887,8.387628755021606,1.0,2.7967142857142857,2097.0,-0.00014310042665055533,0.0030104190311774914
3.418530814414544,-0.994005091090938,8.390639174052781,1.0,2.797,2098.0,-0.00014310042665055533,0.003010419031175715
3.4183943556665763,-0.9938797329341519,8.392230892710488,1.0,2.7967333333333335,2099.0,-0.00013645874796752722,0.0015917186577070197
3.418257896918609,-0.9937543747773657,8.393822611368195,1.0,2.796466666666667,2100.0,-0.00013645874796752722,0.0015917186577070197
3.4181214381706413,-0.9936290166205797,8.395414330025902,1.0,2.7962000000000002,2101.0,-0.00013645874796752722,0.0015917186577070197
3.4179849794226738,-0.9935036584637935,8.39700604868361,1.0,2.7959333333333336,2102.0,-0.00013645874796752722,0.0015917186577070197
3.4178485206747062,-0.9933783003070074,8.398597767341316,1.0,2.795666666666667,2103.0,-0.00013645874796752722,0.0015917186577070197
3.4177120619267387,-0.9932529421502212,8.400189485999023,1.0,2.7954000000000003,2104.0,-0.00013645874796752722,0.0015917186577070197
3.417575603178771,-0.993127583993435,8.40178120465673,1.0,2.7951333333333337,2105.0,-0.00013645874796752722,0.0015917186577070197
3.417439144430803,-0.993002225836649,8.40337292331444,1.0,2.7948666666666666,2106.0,-0.0001364587479679713,0.001591718657708796
3.4173026856828357,-0.9928768676798628,8.404964641972146,1.0,2.7946,2107.0,-0.00013645874796752722,0.0015917186577070197
3.417166226934868,-0.9927515095230767,8.406556360629853,1.0,2.7943333333333333,2108.0,-0.00013645874796752722,0.0015917186577070197
3.4170297681869006,-0.9926261513662905,8.40814807928756,1.0,2.7940666666666667,2109.0,-0.00013645874796752722,0.0015917186577070197
3.416893309438933,-0.9925007932095044,8.409739797945267,1.0,2.7938,2110.0,-0.00013645874796752722,0.0015917186577070197
3.4167568506909656,-0.9923754350527183,8.411331516602974,1.0,2.7935333333333334,2111.0,-0.00013645874796752722,0.0015917186577070197
3.416620391942998,-0.9922500768959321,8.412923235260681,1.0,2.793266666666667,2112.0,-0.00013645874796752722,0.0015917186577070197
3.4164839331950305,-0.992124718739146,8.414514953918388,1.0,2.793,2113.0,-0.00013645874796752722,0.0015917186577070197
3.4163347517057274,-0.9922830647575099,8.418409076514019,1.0,2.792866666666667,2114.0,-0.00014918148930309627,0.003894122595630378
3.4161855702164243,-0.9924414107758739,8.42230319910965,1.0,2.7927333333333335,2115.0,-0.00014918148930309627,0.0038941225956321546
3.4160363887271212,-0.9925997567942378,8.426197321705281,1.0,2.7926,2116.0,-0.00014918148930309627,0.003894122595630378
3.4158872072378177,-0.9927581028126017,8.430091444300913,1.0,2.792466666666667,2117.0,-0.00014918148930354036,0.0038941225956321546
3.4157380257485146,-0.9929164488309656,8.433985566896544,1.0,2.7923333333333336,2118.0,-0.00014918148930309627,0.003894122595630378
3.4155888442592115,-0.9930747948493296,8.437879689492174,1.0,2.7922000000000002,2119.0,-0.00014918148930309627,0.003894122595630378
3.4154396627699084,-0.9932331408676935,8.441773812087806,1.0,2.792066666666667,2120.0,-0.00014918148930309627,0.0038941225956321546
3.4152904812806053,-0.9933914868860575,8.445667934683437,1.0,2.791933333333333,2121.0,-0.00014918148930309627,0.003894122595630378
3.415141299791302,-0.9935498329044214,8.449562057279069,1.0,2.7918,2122.0,-0.00014918148930309627,0.0038941225956321546
3.414992118301999,-0.9937081789227854,8.4534561798747,1.0,2.7916666666666665,2123.0,-0.00014918148930309627,0.003894122595630378
3.414842936812696,-0.9938665249411494,8.45735030247033,1.0,2.791533333333333,2124.0,-0.00014918148930309627,0.003894122595630378
3.4146937553233925,-0.9940248709595132,8.461244425065962,1.0,2.7914,2125.0,-0.00014918148930354036,0.0038941225956321546
3.4145445738340894,-0.9941832169778771,8.465138547661592,1.0,2.7912666666666666,2126.0,-0.00014918148930309627,0.003894122595630378
3.4143953923447863,-0.9943415629962411,8.469032670257224,1.0,2.7911333333333332,2127.0,-0.00014918148930309627,0.0038941225956321546
3.414246210855483,-0.994499909014605,8.472926792852855,1.0,2.791,2128.0,-0.00014918148930309627,0.003894122595630378
3.4141098079305987,-0.9943975947070121,8.475633176008214,1.0,2.7908,2129.0,-0.00013640292488448225,0.0027063831553597595
3.4139734050057147,-0.9942952803994191,8.478339559163572,1.0,2.7906,2130.0,-0.00013640292488403816,0.002706383155357983
3.41383700208083,-0.9941929660918261,8.481045942318932,1.0,2.7904,2131.0,-0.00013640292488448225,0.0027063831553597595
3.413700599155946,-0.9940906517842331,8.48375232547429,1.0,2.7902,2132.0,-0.00013640292488403816,0.002706383155357983
3.4135641962310617,-0.9939883374766401,8.48645870862965,1.0,2.79,2133.0,-0.00013640292488448225,0.0027063831553597595
3.413427793306177,-0.9938860231690471,8.489165091785008,1.0,2.7898,2134.0,-0.00013640292488448225,0.002706383155357983
3.413291390381293,-0.9937837088614541,8.491871474940368,1.0,2.7896,2135.0,-0.00013640292488403816,0.0027063831553597595
3.4131549874564087,-0.993681394553861,8.494577858095726,1.0,2.7893999999999997,2136.0,-0.00013640292488448225,0.002706383155357983
3.4130185845315246,-0.993579080246268,8.497284241251085,1.0,2.7891999999999997,2137.0,-0.00013640292488403816,0.0027063831553597595
3.41288218160664,-0.993476765938675,8.499990624406443,1.0,2.7889999999999997,2138.0,-0.00013640292488448225,0.002706383155357983
3.4127457786817557,-0.993374451631082,8.502697007561803,1.0,2.7887999999999997,2139.0,-0.00013640292488448225,0.0027063831553597595
3.4126093757568716,-0.993272137323489,8.505403390717161,1.0,2.7885999999999997,2140.0,-0.00013640292488403816,0.002706383155357983
3.412472972831987,-0.993169823015896,8.50810977387252,1.0,2.7883999999999998,2141.0,-0.00013640292488448225,0.0027063831553597595
3.412336569907103,-0.993067508708303,8.510816157027879,1.0,2.7882,2142.0,-0.00013640292488403816,0.002706383155357983
3.4122001669822186,-0.99296519440071,8.513522540183239,1.0,2.788,2143.0,-0.00013640292488448225,0.0027063831553597595
3.412062789194827,-0.9931303262839166,8.516194230941064,1.0,2.787933333333333,2144.0,-0.00013737778739164597,0.0026716907578254734
3.411925411407435,-0.9932954581671233,8.518865921698891,1.0,2.7878666666666665,2145.0,-0.00013737778739209006,0.0026716907578272497
3.4117880336200432,-0.9934605900503299,8.521537612456717,1.0,2.7878,2146.0,-0.00013737778739164597,0.0026716907578254734
3.4116506558326516,-0.9936257219335365,8.524209303214544,1.0,2.787733333333333,2147.0,-0.00013737778739164597,0.0026716907578272497
3.41151327804526,-0.9937908538167431,8.52688099397237,1.0,2.7876666666666665,2148.0,-0.00013737778739164597,0.0026716907578254734
3.411375900257868,-0.9939559856999498,8.529552684730195,1.0,2.7876,2149.0,-0.00013737778739209006,0.0026716907578254734
3.411238522470476,-0.9941211175831565,8.532224375488022,1.0,2.787533333333333,2150.0,-0.00013737778739164597,0.0026716907578272497
3.4111011446830846,-0.9942862494663631,8.534896066245848,1.0,2.7874666666666665,2151.0,-0.00013737778739164597,0.0026716907578254734
3.410963766895693,-0.9944513813495698,8.537567757003675,1.0,2.7874,2152.0,-0.00013737778739164597,0.0026716907578272497
3.410826389108301,-0.9946165132327764,8.5402394477615,1.0,2.787333333333333,2153.0,-0.00013737778739209006,0.0026716907578254734
3.410689011320909,-0.9947816451159831,8.542911138519326,1.0,2.7872666666666666,2154.0,-0.00013737778739164597,0.0026716907578254734
3.4105516335335175,-0.9949467769991897,8.545582829277153,1.0,2.7872,2155.0,-0.00013737778739164597,0.0026716907578272497
3.410414255746126,-0.9951119088823963,8.548254520034979,1.0,2.7871333333333332,2156.0,-0.00013737778739164597,0.0026716907578254734
3.410276877958734,-0.995277040765603,8.550926210792806,1.0,2.7870666666666666,2157.0,-0.00013737778739209006,0.0026716907578272497
3.410139500171342,-0.9954421726488096,8.553597901550631,1.0,2.787,2158.0,-0.00013737778739164597,0.0026716907578254734
3.4099965687322373,-0.995424166743972,8.554599475895207,1.0,2.786785714285714,2159.0,-0.00014293143910482087,0.0010015743445759284
3.409853637293132,-0.9954061608391345,8.555601050239781,1.0,2.7865714285714285,2160.0,-0.00014293143910526496,0.001001574344574152
3.4097107058540272,-0.9953881549342969,8.556602624584357,1.0,2.7863571428571428,2161.0,-0.00014293143910482087,0.0010015743445759284
3.4095677744149224,-0.9953701490294593,8.557604198928932,1.0,2.786142857142857,2162.0,-0.00014293143910482087,0.001001574344574152
3.409424842975817,-0.9953521431246217,8.558605773273507,1.0,2.7859285714285713,2163.0,-0.00014293143910526496,0.0010015743445759284
3.4092819115367123,-0.9953341372197841,8.559607347618082,1.0,2.7857142857142856,2164.0,-0.00014293143910482087,0.001001574344574152
3.4091389800976075,-0.9953161313149467,8.560608921962658,1.0,2.7855,2165.0,-0.00014293143910482087,0.0010015743445759284
3.4089960486585023,-0.9952981254101091,8.561610496307233,1.0,2.785285714285714,2166.0,-0.00014293143910526496,0.0010015743445759284
3.4088531172193974,-0.9952801195052715,8.562612070651808,1.0,2.7850714285714284,2167.0,-0.00014293143910482087,0.001001574344574152
3.408710185780292,-0.9952621136004339,8.563613644996384,1.0,2.7848571428571427,2168.0,-0.00014293143910526496,0.0010015743445759284
3.4085672543411873,-0.9952441076955963,8.564615219340958,1.0,2.784642857142857,2169.0,-0.00014293143910482087,0.001001574344574152
3.4084243229020825,-0.9952261017907588,8.565616793685534,1.0,2.7844285714285713,2170.0,-0.00014293143910482087,0.0010015743445759284
3.4082813914629773,-0.9952080958859212,8.566618368030108,1.0,2.7842142857142855,2171.0,-0.00014293143910526496,0.001001574344574152
3.4081384600238724,-0.9951900899810836,8.567619942374684,1.0,2.784,2172.0,-0.00014293143910482087,0.0010015743445759284
3.4080054633874597,-0.995223732702423,8.570502578502513,1.0,2.783933333333333,2173.0,-0.00013299663641275217,0.00288263612782913
3.4078724667510474,-0.9952573754237625,8.573385214630344,1.0,2.7838666666666665,2174.0,-0.00013299663641230808,0.0028826361278309065
3.4077394701146346,-0.9952910181451019,8.576267850758173,1.0,2.7838,2175.0,-0.00013299663641275217,0.00288263612782913
3.4076064734782223,-0.9953246608664413,8.579150486886004,1.0,2.783733333333333,2176.0,-0.00013299663641230808,0.0028826361278309065
3.4074734768418096,-0.9953583035877808,8.582033123013833,1.0,2.7836666666666665,2177.0,-0.00013299663641275217,0.00288263612782913
3.407340480205397,-0.9953919463091202,8.584915759141664,1.0,2.7836,2178.0,-0.00013299663641275217,0.0028826361278309065
3.4072074835689845,-0.9954255890304596,8.587798395269493,1.0,2.783533333333333,2179.0,-0.00013299663641230808,0.00288263612782913
3.4070744869325718,-0.9954592317517992,8.590681031397324,1.0,2.7834666666666665,2180.0,-0.00013299663641275217,0.0028826361278309065
3.4069414902961594,-0.9954928744731386,8.593563667525153,1.0,2.7834,2181.0,-0.00013299663641230808,0.00288263612782913
3.4068084936597467,-0.995526517194478,8.596446303652984,1.0,2.783333333333333,2182.0,-0.00013299663641275217,0.0028826361278309065
3.406675497023334,-0.9955601599158175,8.599328939780813,1.0,2.7832666666666666,2183.0,-0.00013299663641275217,0.00288263612782913
3.4065425003869216,-0.9955938026371569,8.602211575908644,1.0,2.7832,2184.0,-0.00013299663641230808,0.0028826361278309065
3.406409503750509,-0.9956274453584963,8.605094212036473,1.0,2.7831333333333332,2185.0,-0.00013299663641275217,0.00288263612782913
3.4062765071140966,-0.9956610880798358,8.607976848164304,1.0,2.7830666666666666,2186.0,-0.00013299663641230808,0.0028826361278309065
3.406143510477684,-0.9956947308011752,8.610859484292133,1.0,2.783,2187.0,-0.00013299663641275217,0.00288263612782913
3.406017282269781,-0.9955516448061144,8.613626562594947,1.0,2.7827333333333333,2188.0,-0.00012622820790264555,0.0027670783028135304
3.405891054061879,-0.9954085588110536,8.61639364089776,1.0,2.7824666666666666,2189.0,-0.00012622820790220146,0.0027670783028135304
3.4057648258539763,-0.9952654728159928,8.619160719200574,1.0,2.7822,2190.0,-0.00012622820790264555,0.0027670783028135304
3.405638597646074,-0.995122386820932,8.621927797503389,1.0,2.7819333333333334,2191.0,-0.00012622820790220146,0.0027670783028153068
3.4055123694381715,-0.9949793008258712,8.624694875806203,1.0,2.7816666666666667,2192.0,-0.00012622820790264555,0.0027670783028135304
3.405386141230269,-0.9948362148308104,8.627461954109016,1.0,2.7814,2193.0,-0.00012622820790264555,0.0027670783028135304
3.4052599130223666,-0.9946931288357496,8.63022903241183,1.0,2.7811333333333335,2194.0,-0.00012622820790220146,0.0027670783028135304
3.405133684814464,-0.9945500428406888,8.632996110714643,1.0,2.7808666666666664,2195.0,-0.00012622820790264555,0.0027670783028135304
3.405007456606562,-0.994406956845628,8.635763189017457,1.0,2.7805999999999997,2196.0,-0.00012622820790220146,0.0027670783028135304
3.404881228398659,-0.9942638708505672,8.63853026732027,1.0,2.780333333333333,2197.0,-0.00012622820790264555,0.0027670783028135304
3.4047550001907565,-0.9941207848555064,8.641297345623084,1.0,2.7800666666666665,2198.0,-0.00012622820790264555,0.0027670783028135304
3.4046287719828543,-0.9939776988604456,8.644064423925899,1.0,2.7798,2199.0,-0.00012622820790220146,0.0027670783028153068
3.4045025437749517,-0.9938346128653848,8.646831502228713,1.0,2.779533333333333,2200.0,-0.00012622820790264555,0.0027670783028135304
3.4043763155670494,-0.993691526870324,8.649598580531526,1.0,2.7792666666666666,2201.0,-0.00012622820790220146,0.0027670783028135304
3.404250087359147,-0.9935484408752632,8.65236565883434,1.0,2.779,2202.0,-0.00012622820790264555,0.0027670783028135304
3.404107332049723,-0.993512498118624,8.654172936308761,1.0,2.7787333333333333,2203.0,-0.0001427553094237588,0.0018072774744215536
3.4039645767402993,-0.9934765553619848,8.655980213783184,1.0,2.7784666666666666,2204.0,-0.0001427553094237588,0.00180727747442333
3.4038218214308755,-0.9934406126053456,8.657787491257606,1.0,2.7782,2205.0,-0.0001427553094237588,0.0018072774744215536
3.4036790661214513,-0.9934046698487062,8.65959476873203,1.0,2.7779333333333334,2206.0,-0.0001427553094242029,0.00180727747442333
3.4035363108120276,-0.993368727092067,8.661402046206451,1.0,2.7776666666666667,2207.0,-0.0001427553094237588,0.0018072774744215536
3.403393555502604,-0.9933327843354278,8.663209323680874,1.0,2.7774,2208.0,-0.0001427553094237588,0.00180727747442333
3.40325080019318,-0.9932968415787886,8.665016601155296,1.0,2.7771333333333335,2209.0,-0.0001427553094237588,0.0018072774744215536
3.4031080448837563,-0.9932608988221494,8.66682387862972,1.0,2.7768666666666664,2210.0,-0.0001427553094237588,0.00180727747442333
3.4029652895743325,-0.9932249560655102,8.66863115610414,1.0,2.7765999999999997,2211.0,-0.0001427553094237588,0.0018072774744215536
3.4028225342649088,-0.993189013308871,8.670438433578564,1.0,2.776333333333333,2212.0,-0.0001427553094237588,0.00180727747442333
3.402679778955485,-0.9931530705522318,8.672245711052986,1.0,2.7760666666666665,2213.0,-0.0001427553094237588,0.0018072774744215536
3.402537023646061,-0.9931171277955925,8.674052988527409,1.0,2.7758,2214.0,-0.0001427553094242029,0.00180727747442333
3.402394268336637,-0.9930811850389533,8.67586026600183,1.0,2.775533333333333,2215.0,-0.0001427553094237588,0.0018072774744215536
3.4022515130272133,-0.9930452422823141,8.677667543476254,1.0,2.7752666666666665,2216.0,-0.0001427553094237588,0.00180727747442333
3.4021087577177895,-0.9930092995256748,8.679474820950675,1.0,2.775,2217.0,-0.0001427553094237588,0.0018072774744215536
3.4019874599472963,-0.9930586231107138,8.681534002961667,1.0,2.7749333333333333,2218.0,-0.00012129777049318946,0.002059182010992089
3.401866162176803,-0.9931079466957526,8.683593184972661,1.0,2.7748666666666666,2219.0,-0.00012129777049318946,0.0020591820109938652
3.4017448644063095,-0.9931572702807916,8.685652366983653,1.0,2.7748,2220.0,-0.00012129777049363355,0.002059182010992089
3.4016235666358163,-0.9932065938658305,8.687711548994645,1.0,2.7747333333333333,2221.0,-0.00012129777049318946,0.002059182010992089
3.401502268865323,-0.9932559174508694,8.68977073100564,1.0,2.7746666666666666,2222.0,-0.00012129777049318946,0.0020591820109938652
3.40138097109483,-0.9933052410359083,8.691829913016631,1.0,2.7746,2223.0,-0.00012129777049318946,0.002059182010992089
3.4012596733243368,-0.9933545646209473,8.693889095027624,1.0,2.7745333333333333,2224.0,-0.00012129777049318946,0.002059182010992089
3.401138375553843,-0.9934038882059861,8.695948277038617,1.0,2.7744666666666666,2225.0,-0.00012129777049363355,0.0020591820109938652
3.40101707778335,-0.9934532117910251,8.69800745904961,1.0,2.7744,2226.0,-0.00012129777049318946,0.002059182010992089
3.4008957800128568,-0.993502535376064,8.700066641060602,1.0,2.7743333333333333,2227.0,-0.00012129777049318946,0.002059182010992089
3.4007744822423636,-0.9935518589611029,8.702125823071595,1.0,2.7742666666666667,2228.0,-0.00012129777049318946,0.0020591820109938652
3.4006531844718704,-0.9936011825461418,8.704185005082588,1.0,2.7742,2229.0,-0.00012129777049318946,0.002059182010992089
3.4005318867013767,-0.9936505061311808,8.70624418709358,1.0,2.7741333333333333,2230.0,-0.00012129777049363355,0.002059182010992089
3.4004105889308835,-0.9936998297162196,8.708303369104573,1.0,2.7740666666666667,2231.0,-0.00012129777049318946,0.0020591820109938652
3.4002892911603904,-0.9937491533012586,8.710362551115566,1.0,2.774,2232.0,-0.00012129777049318946,0.002059182010992089
3.4001550332363766,-0.9937506196719437,8.711798043568619,1.0,2.7737857142857143,2233.0,-0.0001342579240137809,0.0014354924530532998
3.4000207753123632,-0.9937520860426287,8.713233536021672,1.0,2.7735714285714286,2234.0,-0.0001342579240133368,0.0014354924530532998
3.3998865173883495,-0.9937535524133136,8.714669028474725,1.0,2.773357142857143,2235.0,-0.0001342579240137809,0.0014354924530532998
3.399752259464336,-0.9937550187839987,8.716104520927779,1.0,2.773142857142857,2236.0,-0.0001342579240133368,0.0014354924530532998
3.3996180015403223,-0.9937564851546838,8.717540013380832,1.0,2.7729285714285714,2237.0,-0.0001342579240137809,0.0014354924530532998
3.399483743616309,-0.9937579515253688,8.718975505833885,1.0,2.7727142857142857,2238.0,-0.0001342579240133368,0.0014354924530532998
3.3993494856922952,-0.9937594178960538,8.720410998286939,1.0,2.7725,2239.0,-0.0001342579240137809,0.0014354924530532998
3.3992152277682814,-0.9937608842667389,8.72184649073999,1.0,2.7722857142857142,2240.0,-0.0001342579240137809,0.0014354924530515234
3.399080969844268,-0.993762350637424,8.723281983193043,1.0,2.7720714285714285,2241.0,-0.0001342579240133368,0.0014354924530532998
3.3989467119202543,-0.993763817008109,8.724717475646097,1.0,2.771857142857143,2242.0,-0.0001342579240137809,0.0014354924530532998
3.398812453996241,-0.993765283378794,8.72615296809915,1.0,2.771642857142857,2243.0,-0.0001342579240133368,0.0014354924530532998
3.398678196072227,-0.9937667497494791,8.727588460552203,1.0,2.7714285714285714,2244.0,-0.0001342579240137809,0.0014354924530532998
3.398543938148214,-0.9937682161201642,8.729023953005257,1.0,2.7712142857142856,2245.0,-0.0001342579240133368,0.0014354924530532998
3.3984096802242,-0.9937696824908492,8.73045944545831,1.0,2.771,2246.0,-0.0001342579240137809,0.0014354924530532998
3.3982769042663947,-0.9938779915883218,8.732602784327312,1.0,2.7708666666666666,2247.0,-0.00013277595780536444,0.00214333886900242
3.3981441283085894,-0.9939863006857943,8.734746123196315,1.0,2.7707333333333333,2248.0,-0.00013277595780536444,0.00214333886900242
3.398011352350784,-0.9940946097832669,8.736889462065319,1.0,2.7706,2249.0,-0.00013277595780536444,0.0021433388690041966
3.397878576392978,-0.9942029188807394,8.739032800934321,1.0,2.7704666666666666,2250.0,-0.00013277595780580853,0.00214333886900242
3.397745800435173,-0.994311227978212,8.741176139803324,1.0,2.7703333333333333,2251.0,-0.00013277595780536444,0.00214333886900242
3.3976130244773675,-0.9944195370756845,8.743319478672326,1.0,2.7702,2252.0,-0.00013277595780536444,0.00214333886900242
3.397480248519562,-0.9945278461731571,8.745462817541329,1.0,2.7700666666666667,2253.0,-0.00013277595780536444,0.00214333886900242
3.3973474725617567,-0.9946361552706297,8.747606156410333,1.0,2.7699333333333334,2254.0,-0.00013277595780536444,0.0021433388690041966
3.3972146966039514,-0.9947444643681023,8.749749495279335,1.0,2.7698,2255.0,-0.00013277595780536444,0.00214333886900242
3.397081920646146,-0.9948527734655748,8.751892834148338,1.0,2.7696666666666667,2256.0,-0.00013277595780536444,0.00214333886900242
3.3969491446883406,-0.9949610825630474,8.75403617301734,1.0,2.7695333333333334,2257.0,-0.00013277595780536444,0.00214333886900242
3.396816368730535,-0.9950693916605199,8.756179511886343,1.0,2.7694,2258.0,-0.00013277595780580853,0.00214333886900242
3.3966835927727295,-0.9951777007579925,8.758322850755347,1.0,2.7692666666666668,2259.0,-0.00013277595780536444,0.0021433388690041966
3.396550816814924,-0.995286009855465,8.76046618962435,1.0,2.7691333333333334,2260.0,-0.00013277595780536444,0.00214333886900242
3.3964180408571187,-0.9953943189529376,8.762609528493352,1.0,2.769,2261.0,-0.00013277595780536444,0.00214333886900242
3.396288956766088,-0.9953027875173691,8.766616920321338,1.0,2.7691333333333334,2262.0,-0.00012908409103085106,0.004007391827986595
3.3961598726750575,-0.9952112560818007,8.770624312149323,1.0,2.7692666666666668,2263.0,-0.00012908409103040697,0.004007391827984819
3.3960307885840266,-0.9951197246462322,8.77463170397731,1.0,2.7694,2264.0,-0.00012908409103085106,0.004007391827986595
3.3959017044929958,-0.9950281932106638,8.778639095805296,1.0,2.7695333333333334,2265.0,-0.00012908409103085106,0.004007391827986595
3.395772620401965,-0.9949366617750953,8.782646487633283,1.0,2.7696666666666667,2266.0,-0.00012908409103085106,0.004007391827986595
3.3956435363109345,-0.9948451303395269,8.786653879461268,1.0,2.7698,2267.0,-0.00012908409103040697,0.004007391827984819
3.3955144522199037,-0.9947535989039584,8.790661271289254,1.0,2.7699333333333334,2268.0,-0.00012908409103085106,0.004007391827986595
3.395385368128873,-0.99466206746839,8.79466866311724,1.0,2.7700666666666667,2269.0,-0.00012908409103085106,0.004007391827986595
3.395256284037842,-0.9945705360328215,8.798676054945227,1.0,2.7702,2270.0,-0.00012908409103085106,0.004007391827986595
3.3951271999468116,-0.9944790045972531,8.802683446773212,1.0,2.7703333333333333,2271.0,-0.00012908409103040697,0.004007391827984819
3.3949981158557807,-0.9943874731616846,8.806690838601199,1.0,2.7704666666666666,2272.0,-0.00012908409103085106,0.004007391827986595
3.39486903176475,-0.9942959417261162,8.810698230429185,1.0,2.7706,2273.0,-0.00012908409103085106,0.004007391827986595
3.394739947673719,-0.9942044102905477,8.814705622257172,1.0,2.7707333333333333,2274.0,-0.00012908409103085106,0.004007391827986595
3.3946108635826886,-0.9941128788549793,8.818713014085157,1.0,2.7708666666666666,2275.0,-0.00012908409103040697,0.004007391827984819
3.3944817794916577,-0.9940213474194108,8.822720405913143,1.0,2.771,2276.0,-0.00012908409103085106,0.004007391827986595
3.3943515139312406,-0.994021093183208,8.82466110831475,1.0,2.7708666666666666,2277.0,-0.0001302655604171754,0.0019407024016064867
3.394221248370823,-0.9940208389470051,8.826601810716358,1.0,2.7707333333333333,2278.0,-0.0001302655604176195,0.001940702401608263
3.3940909828104058,-0.9940205847108022,8.828542513117965,1.0,2.7706,2279.0,-0.0001302655604171754,0.0019407024016064867
3.3939607172499886,-0.9940203304745993,8.830483215519571,1.0,2.7704666666666666,2280.0,-0.0001302655604171754,0.0019407024016064867
3.393830451689571,-0.9940200762383964,8.832423917921178,1.0,2.7703333333333333,2281.0,-0.0001302655604176195,0.0019407024016064867
3.393700186129154,-0.9940198220021935,8.834364620322786,1.0,2.7702,2282.0,-0.0001302655604171754,0.001940702401608263
3.3935699205687366,-0.9940195677659907,8.836305322724392,1.0,2.7700666666666667,2283.0,-0.0001302655604171754,0.0019407024016064867
3.393439655008319,-0.9940193135297878,8.838246025125999,1.0,2.7699333333333334,2284.0,-0.0001302655604176195,0.0019407024016064867
3.393309389447902,-0.9940190592935849,8.840186727527605,1.0,2.7698,2285.0,-0.0001302655604171754,0.0019407024016064867
3.3931791238874847,-0.994018805057382,8.842127429929214,1.0,2.7696666666666667,2286.0,-0.0001302655604171754,0.001940702401608263
3.393048858327067,-0.9940185508211792,8.84406813233082,1.0,2.7695333333333334,2287.0,-0.0001302655604176195,0.0019407024016064867
3.39291859276665,-0.9940182965849762,8.846008834732427,1.0,2.7694,2288.0,-0.0001302655604171754,0.0019407024016064867
3.3927883272062327,-0.9940180423487733,8.847949537134033,1.0,2.7692666666666668,2289.0,-0.0001302655604171754,0.0019407024016064867
3.392658061645815,-0.9940177881125705,8.849890239535641,1.0,2.7691333333333334,2290.0,-0.0001302655604176195,0.001940702401608263
3.392527796085398,-0.9940175338763676,8.851830941937248,1.0,2.769,2291.0,-0.0001302655604171754,0.0019407024016064867
3.3923980875417015,-0.9939805882302811,8.85530443075335,1.0,2.768866666666667,2292.0,-0.00012970854369642737,0.0034734888161018773
3.392268378998005,-0.9939436425841948,8.858777919569452,1.0,2.7687333333333335,2293.0,-0.00012970854369642737,0.0034734888161018773
3.3921386704543086,-0.9939066969381083,8.862251408385553,1.0,2.7686,2294.0,-0.00012970854369642737,0.0034734888161018773
3.3920089619106117,-0.9938697512920219,8.865724897201655,1.0,2.768466666666667,2295.0,-0.00012970854369687146,0.0034734888161018773
3.3918792533669153,-0.9938328056459355,8.869198386017757,1.0,2.7683333333333335,2296.0,-0.00012970854369642737,0.0034734888161018773
3.391749544823219,-0.993795859999849,8.872671874833859,1.0,2.7682,2297.0,-0.00012970854369642737,0.0034734888161018773
3.3916198362795225,-0.9937589143537626,8.876145363649961,1.0,2.768066666666667,2298.0,-0.00012970854369642737,0.0034734888161018773
3.391490127735826,-0.9937219687076762,8.879618852466061,1.0,2.767933333333333,2299.0,-0.00012970854369642737,0.003473488816100101
3.3913604191921296,-0.9936850230615898,8.883092341282163,1.0,2.7678,2300.0,-0.00012970854369642737,0.0034734888161018773
3.391230710648433,-0.9936480774155033,8.886565830098265,1.0,2.7676666666666665,2301.0,-0.00012970854369642737,0.0034734888161018773
3.3911010021047368,-0.9936111317694168,8.890039318914367,1.0,2.767533333333333,2302.0,-0.00012970854369642737,0.0034734888161018773
3.39097129356104,-0.9935741861233305,8.893512807730469,1.0,2.7674,2303.0,-0.00012970854369687146,0.0034734888161018773
3.3908415850173435,-0.993537240477244,8.89698629654657,1.0,2.7672666666666665,2304.0,-0.00012970854369642737,0.0034734888161018773
3.390711876473647,-0.9935002948311576,8.900459785362672,1.0,2.7671333333333332,2305.0,-0.00012970854369642737,0.0034734888161018773
3.3905821679299506,-0.9934633491850712,8.903933274178774,1.0,2.767,2306.0,-0.00012970854369642737,0.0034734888161018773
3.390446368581439,-0.9934819124142742,8.90530530050339,1.0,2.766857142857143,2307.0,-0.00013579934851160047,0.0013720263246153053
3.3903105692329274,-0.9935004756434771,8.906677326828007,1.0,2.7667142857142855,2308.0,-0.00013579934851160047,0.0013720263246170816
3.390174769884416,-0.9935190388726801,8.908049353152624,1.0,2.7665714285714285,2309.0,-0.00013579934851160047,0.0013720263246170816
3.390038970535904,-0.993537602101883,8.909421379477239,1.0,2.7664285714285715,2310.0,-0.00013579934851160047,0.0013720263246153053
3.3899031711873926,-0.993556165331086,8.910793405801854,1.0,2.7662857142857145,2311.0,-0.00013579934851160047,0.0013720263246153053
3.389767371838881,-0.9935747285602889,8.912165432126471,1.0,2.766142857142857,2312.0,-0.00013579934851160047,0.0013720263246170816
3.3896315724903694,-0.993593291789492,8.913537458451088,1.0,2.766,2313.0,-0.00013579934851160047,0.0013720263246170816
3.3894957731418573,-0.993611855018695,8.914909484775704,1.0,2.765857142857143,2314.0,-0.00013579934851204456,0.0013720263246153053
3.3893599737933457,-0.9936304182478979,8.916281511100319,1.0,2.7657142857142856,2315.0,-0.00013579934851160047,0.0013720263246153053
3.389224174444834,-0.9936489814771009,8.917653537424936,1.0,2.7655714285714286,2316.0,-0.00013579934851160047,0.0013720263246170816
3.3890883750963225,-0.9936675447063038,8.919025563749553,1.0,2.7654285714285716,2317.0,-0.00013579934851160047,0.0013720263246170816
3.388952575747811,-0.9936861079355068,8.920397590074169,1.0,2.7652857142857146,2318.0,-0.00013579934851160047,0.0013720263246153053
3.3888167763992993,-0.9937046711647097,8.921769616398784,1.0,2.765142857142857,2319.0,-0.00013579934851160047,0.0013720263246153053
3.3886809770507877,-0.9937232343939127,8.923141642723401,1.0,2.765,2320.0,-0.00013579934851160047,0.0013720263246170816
3.388550583147703,-0.9936690323555033,8.926519491372408,1.0,2.764866666666667,2321.0,-0.00013039390308478005,0.0033778486490074755
3.3884201892446186,-0.9936148303170939,8.929897340021418,1.0,2.7647333333333335,2322.0,-0.00013039390308433596,0.003377848649009252
3.388289795341534,-0.9935606282786845,8.933275188670425,1.0,2.7646,2323.0,-0.00013039390308478005,0.0033778486490074755
3.388159401438449,-0.9935064262402751,8.936653037319433,1.0,2.764466666666667,2324.0,-0.00013039390308478005,0.0033778486490074755
3.3880290075353643,-0.9934522242018656,8.94003088596844,1.0,2.7643333333333335,2325.0,-0.00013039390308478005,0.0033778486490074755
3.38789861363228,-0.9933980221634562,8.94340873461745,1.0,2.7642,2326.0,-0.00013039390308433596,0.003377848649009252
3.387768219729195,-0.9933438201250467,8.946786583266457,1.0,2.764066666666667,2327.0,-0.00013039390308478005,0.0033778486490074755
3.3876378258261104,-0.9932896180866374,8.950164431915464,1.0,2.763933333333333,2328.0,-0.00013039390308478005,0.0033778486490074755
3.3875074319230256,-0.993235416048228,8.953542280564472,1.0,2.7638,2329.0,-0.00013039390308478005,0.0033778486490074755
3.3873770380199413,-0.9931812140098185,8.956920129213481,1.0,2.7636666666666665,2330.0,-0.00013039390308433596,0.003377848649009252
3.3872466441168565,-0.9931270119714091,8.960297977862488,1.0,2.763533333333333,2331.0,-0.00013039390308478005,0.0033778486490074755
3.3871162502137717,-0.9930728099329996,8.963675826511496,1.0,2.7634,2332.0,-0.00013039390308478005,0.0033778486490074755
3.386985856310687,-0.9930186078945903,8.967053675160503,1.0,2.7632666666666665,2333.0,-0.00013039390308478005,0.0033778486490074755
3.3868554624076026,-0.9929644058561808,8.970431523809513,1.0,2.763133333333333,2334.0,-0.00013039390308433596,0.003377848649009252
3.386725068504518,-0.9929102038177714,8.97380937245852,1.0,2.763,2335.0,-0.00013039390308478005,0.0033778486490074755
3.386593109443859,-0.9931603991659704,8.976623991344429,1.0,2.7628666666666666,2336.0,-0.00013195906065899266,0.002814618885908615
3.3864611503832,-0.9934105945141695,8.979438610230337,1.0,2.7627333333333333,2337.0,-0.00013195906065899266,0.002814618885908615
3.386329191322541,-0.9936607898623684,8.982253229116246,1.0,2.7626,2338.0,-0.00013195906065899266,0.002814618885908615
3.3861972322618823,-0.9939109852105674,8.985067848002153,1.0,2.7624666666666666,2339.0,-0.00013195906065854857,0.002814618885906839
3.3860652732012233,-0.9941611805587665,8.987882466888061,1.0,2.7623333333333333,2340.0,-0.00013195906065899266,0.002814618885908615
3.3859333141405643,-0.9944113759069655,8.99069708577397,1.0,2.7622,2341.0,-0.00013195906065899266,0.002814618885908615
3.3858013550799053,-0.9946615712551645,8.993511704659879,1.0,2.7620666666666667,2342.0,-0.00013195906065899266,0.002814618885908615
3.3856693960192463,-0.9949117666033634,8.996326323545787,1.0,2.7619333333333334,2343.0,-0.00013195906065899266,0.002814618885908615
3.3855374369585873,-0.9951619619515625,8.999140942431696,1.0,2.7618,2344.0,-0.00013195906065899266,0.002814618885908615
3.3854054778979283,-0.9954121572997615,9.001955561317605,1.0,2.7616666666666667,2345.0,-0.00013195906065899266,0.002814618885908615
3.3852735188372693,-0.9956623526479605,9.004770180203513,1.0,2.7615333333333334,2346.0,-0.00013195906065899266,0.002814618885908615
3.385141559776611,-0.9959125479961596,9.00758479908942,1.0,2.7614,2347.0,-0.00013195906065854857,0.002814618885906839
3.385009600715952,-0.9961627433443585,9.010399417975329,1.0,2.7612666666666668,2348.0,-0.00013195906065899266,0.002814618885908615
3.384877641655293,-0.9964129386925575,9.013214036861237,1.0,2.7611333333333334,2349.0,-0.00013195906065899266,0.002814618885908615
3.384745682594634,-0.9966631340407566,9.016028655747146,1.0,2.761,2350.0,-0.00013195906065899266,0.002814618885908615
3.3846255098615177,-0.996469847080545,9.017696184660696,1.0,2.7611333333333334,2351.0,-0.00012017273311615284,0.0016675289135505977
3.3845053371284015,-0.9962765601203334,9.019363713574247,1.0,2.7612666666666668,2352.0,-0.00012017273311615284,0.0016675289135505977
3.3843851643952854,-0.9960832731601219,9.021031242487798,1.0,2.7614,2353.0,-0.00012017273311615284,0.0016675289135505977
3.384264991662169,-0.9958899861999103,9.02269877140135,1.0,2.7615333333333334,2354.0,-0.00012017273311615284,0.001667528913552374
3.384144818929053,-0.9956966992396987,9.0243663003149,1.0,2.7616666666666667,2355.0,-0.00012017273311615284,0.0016675289135505977
3.384024646195937,-0.9955034122794871,9.026033829228451,1.0,2.7618,2356.0,-0.00012017273311615284,0.0016675289135505977
3.3839044734628208,-0.9953101253192755,9.027701358142002,1.0,2.7619333333333334,2357.0,-0.00012017273311615284,0.0016675289135505977
3.383784300729705,-0.9951168383590641,9.029368887055552,1.0,2.7620666666666667,2358.0,-0.00012017273311570875,0.0016675289135505977
3.383664127996589,-0.9949235513988525,9.031036415969103,1.0,2.7622,2359.0,-0.00012017273311615284,0.0016675289135505977
3.3835439552634727,-0.9947302644386409,9.032703944882654,1.0,2.7623333333333333,2360.0,-0.00012017273311615284,0.0016675289135505977
3.3834237825303566,-0.9945369774784293,9.034371473796204,1.0,2.7624666666666666,2361.0,-0.00012017273311615284,0.0016675289135505977
3.3833036097972404,-0.9943436905182177,9.036039002709757,1.0,2.7626,2362.0,-0.00012017273311615284,0.001667528913552374
3.3831834370641243,-0.9941504035580062,9.037706531623307,1.0,2.7627333333333333,2363.0,-0.00012017273311615284,0.0016675289135505977
3.383063264331008,-0.9939571165977946,9.039374060536858,1.0,2.7628666666666666,2364.0,-0.00012017273311615284,0.0016675289135505977
3.382943091597892,-0.993763829637583,9.041041589450408,1.0,2.763,2365.0,-0.00012017273311615284,0.0016675289135505977
3.3828117911575872,-0.9937469762316895,9.043359101911065,1.0,2.7628666666666666,2366.0,-0.00013130044030473798,0.002317512460656701
3.382680490717283,-0.993730122825796,9.045676614371722,1.0,2.7627333333333333,2367.0,-0.00013130044030429389,0.002317512460656701
3.382549190276978,-0.9937132694199025,9.047994126832378,1.0,2.7626,2368.0,-0.00013130044030473798,0.002317512460656701
3.382417889836674,-0.993696416014009,9.050311639293035,1.0,2.7624666666666666,2369.0,-0.00013130044030429389,0.002317512460656701
3.382286589396369,-0.9936795626081155,9.052629151753692,1.0,2.7623333333333333,2370.0,-0.00013130044030473798,0.002317512460656701
3.382155288956065,-0.993662709202222,9.054946664214349,1.0,2.7622,2371.0,-0.00013130044030429389,0.002317512460656701
3.38202398851576,-0.9936458557963285,9.057264176675005,1.0,2.7620666666666667,2372.0,-0.00013130044030473798,0.002317512460656701
3.381892688075456,-0.993629002390435,9.059581689135664,1.0,2.7619333333333334,2373.0,-0.00013130044030429389,0.0023175124606584774
3.381761387635151,-0.9936121489845414,9.06189920159632,1.0,2.7618,2374.0,-0.00013130044030473798,0.002317512460656701
3.381630087194847,-0.9935952955786479,9.064216714056977,1.0,2.7616666666666667,2375.0,-0.00013130044030429389,0.002317512460656701
3.381498786754542,-0.9935784421727544,9.066534226517634,1.0,2.7615333333333334,2376.0,-0.00013130044030473798,0.002317512460656701
3.381367486314238,-0.993561588766861,9.06885173897829,1.0,2.7614,2377.0,-0.00013130044030429389,0.002317512460656701
3.381236185873933,-0.9935447353609674,9.071169251438947,1.0,2.7612666666666668,2378.0,-0.00013130044030473798,0.002317512460656701
3.3811048854336287,-0.9935278819550739,9.073486763899604,1.0,2.7611333333333334,2379.0,-0.00013130044030429389,0.002317512460656701
3.380973584993324,-0.9935110285491804,9.07580427636026,1.0,2.761,2380.0,-0.00013130044030473798,0.002317512460656701
3.380844236042856,-0.9934881983177891,9.077000871580267,1.0,2.7609285714285714,2381.0,-0.00012934895046790018,0.001196595220006813
3.380714887092388,-0.9934653680863977,9.078197466800276,1.0,2.760857142857143,2382.0,-0.00012934895046790018,0.0011965952200085894
3.3805855381419203,-0.9934425378550065,9.079394062020283,1.0,2.7607857142857144,2383.0,-0.00012934895046790018,0.001196595220006813
3.380456189191453,-0.9934197076236152,9.08059065724029,1.0,2.7607142857142857,2384.0,-0.0001293489504674561,0.001196595220006813
3.380326840240985,-0.9933968773922239,9.081787252460297,1.0,2.760642857142857,2385.0,-0.00012934895046790018,0.001196595220006813
3.380197491290517,-0.9933740471608326,9.082983847680305,1.0,2.7605714285714287,2386.0,-0.00012934895046790018,0.0011965952200085894
3.380068142340049,-0.9933512169294413,9.084180442900312,1.0,2.7605,2387.0,-0.00012934895046790018,0.001196595220006813
3.3799387933895813,-0.99332838669805,9.085377038120319,1.0,2.7604285714285712,2388.0,-0.00012934895046790018,0.001196595220006813
3.3798094444391134,-0.9933055564666586,9.086573633340327,1.0,2.760357142857143,2389.0,-0.00012934895046790018,0.0011965952200085894
3.3796800954886455,-0.9932827262352674,9.087770228560334,1.0,2.7602857142857142,2390.0,-0.00012934895046790018,0.001196595220006813
3.379550746538178,-0.9932598960038761,9.088966823780341,1.0,2.7602142857142855,2391.0,-0.0001293489504674561,0.001196595220006813
3.37942139758771,-0.9932370657724848,9.090163419000348,1.0,2.760142857142857,2392.0,-0.00012934895046790018,0.001196595220006813
3.379292048637242,-0.9932142355410934,9.091360014220356,1.0,2.7600714285714285,2393.0,-0.00012934895046790018,0.0011965952200085894
3.3791626996867743,-0.9931914053097022,9.092556609440363,1.0,2.76,2394.0,-0.00012934895046790018,0.001196595220006813
3.3790381658112913,-0.9931892323035814,9.093545004310945,1.0,2.7598,2395.0,-0.00012453387548294614,0.000988394870581999
3.3789136319358084,-0.9931870592974605,9.094533399181529,1.0,2.7596,2396.0,-0.00012453387548294614,0.0009883948705837753
3.378789098060325,-0.9931848862913397,9.095521794052111,1.0,2.7594,2397.0,-0.00012453387548339023,0.000988394870581999
3.378664564184842,-0.9931827132852188,9.096510188922693,1.0,2.7592,2398.0,-0.00012453387548294614,0.000988394870581999
3.378540030309359,-0.993180540279098,9.097498583793275,1.0,2.759,2399.0,-0.00012453387548294614,0.000988394870581999
3.378415496433876,-0.9931783672729771,9.098486978663859,1.0,2.7588,2400.0,-0.00012453387548294614,0.0009883948705837753
3.3782909625583932,-0.9931761942668563,9.09947537353444,1.0,2.7586,2401.0,-0.00012453387548294614,0.000988394870581999
3.37816642868291,-0.9931740212607355,9.100463768405023,1.0,2.7584,2402.0,-0.00012453387548339023,0.000988394870581999
3.378041894807427,-0.9931718482546147,9.101452163275605,1.0,2.7582,2403.0,-0.00012453387548294614,0.000988394870581999
3.377917360931944,-0.9931696752484939,9.102440558146188,1.0,2.758,2404.0,-0.00012453387548294614,0.0009883948705837753
3.377792827056461,-0.993167502242373,9.10342895301677,1.0,2.7578,2405.0,-0.00012453387548294614,0.000988394870581999
3.377668293180978,-0.9931653292362521,9.104417347887352,1.0,2.7576,2406.0,-0.00012453387548294614,0.000988394870581999
3.3775437593054947,-0.9931631562301313,9.105405742757934,1.0,2.7574,2407.0,-0.00012453387548339023,0.000988394870581999
3.3774192254300117,-0.9931609832240105,9.106394137628518,1.0,2.7572,2408.0,-0.00012453387548294614,0.0009883948705837753
3.3772946915545288,-0.9931588102178897,9.1073825324991,1.0,2.757,2409.0,-0.00012453387548294614,0.000988394870581999
3.377165324120837,-0.9932262063243054,9.110206945110118,1.0,2.7569333333333335,2410.0,-0.00012936743369174053,0.0028244126110177348
3.377035956687145,-0.993293602430721,9.113031357721136,1.0,2.756866666666667,2411.0,-0.00012936743369218462,0.0028244126110177348
3.376906589253453,-0.9933609985371367,9.115855770332153,1.0,2.7568,2412.0,-0.00012936743369174053,0.0028244126110177348
3.376777221819761,-0.9934283946435524,9.118680182943173,1.0,2.7567333333333335,2413.0,-0.00012936743369218462,0.002824412611019511
3.376647854386069,-0.9934957907499681,9.12150459555419,1.0,2.756666666666667,2414.0,-0.00012936743369174053,0.0028244126110177348
3.376518486952377,-0.9935631868563837,9.124329008165208,1.0,2.7566,2415.0,-0.00012936743369218462,0.0028244126110177348
3.3763891195186853,-0.9936305829627994,9.127153420776226,1.0,2.7565333333333335,2416.0,-0.00012936743369174053,0.0028244126110177348
3.376259752084993,-0.9936979790692151,9.129977833387244,1.0,2.7564666666666664,2417.0,-0.00012936743369218462,0.0028244126110177348
3.3761303846513013,-0.9937653751756308,9.132802245998262,1.0,2.7563999999999997,2418.0,-0.00012936743369174053,0.0028244126110177348
3.376001017217609,-0.9938327712820464,9.13562665860928,1.0,2.756333333333333,2419.0,-0.00012936743369218462,0.0028244126110177348
3.3758716497839174,-0.9939001673884621,9.138451071220297,1.0,2.7562666666666664,2420.0,-0.00012936743369174053,0.0028244126110177348
3.375742282350225,-0.9939675634948778,9.141275483831317,1.0,2.7561999999999998,2421.0,-0.00012936743369218462,0.002824412611019511
3.3756129149165335,-0.9940349596012935,9.144099896442334,1.0,2.756133333333333,2422.0,-0.00012936743369174053,0.0028244126110177348
3.3754835474828413,-0.9941023557077091,9.146924309053352,1.0,2.7560666666666664,2423.0,-0.00012936743369218462,0.0028244126110177348
3.3753541800491496,-0.9941697518141248,9.14974872166437,1.0,2.756,2424.0,-0.00012936743369174053,0.0028244126110177348
3.3752154347295864,-0.9940941680989346,9.150330125407974,1.0,2.755933333333333,2425.0,-0.0001387453195631494,0.0005814037436042696
3.3750766894100233,-0.9940185843837445,9.150911529151578,1.0,2.7558666666666665,2426.0,-0.0001387453195631494,0.0005814037436042696
3.37493794409046,-0.9939430006685542,9.151492932895184,1.0,2.7558,2427.0,-0.0001387453195631494,0.000581403743606046
3.3747991987708965,-0.993867416953364,9.152074336638789,1.0,2.755733333333333,2428.0,-0.00013874531956359348,0.0005814037436042696
3.3746604534513334,-0.9937918332381738,9.152655740382393,1.0,2.7556666666666665,2429.0,-0.0001387453195631494,0.0005814037436042696
3.37452170813177,-0.9937162495229837,9.153237144125997,1.0,2.7556,2430.0,-0.0001387453195631494,0.0005814037436042696
3.374382962812207,-0.9936406658077934,9.153818547869601,1.0,2.755533333333333,2431.0,-0.0001387453195631494,0.0005814037436042696
3.374244217492644,-0.9935650820926032,9.154399951613208,1.0,2.7554666666666665,2432.0,-0.0001387453195631494,0.000581403743606046
3.3741054721730808,-0.993489498377413,9.154981355356812,1.0,2.7554,2433.0,-0.0001387453195631494,0.0005814037436042696
3.3739667268535176,-0.9934139146622228,9.155562759100416,1.0,2.755333333333333,2434.0,-0.0001387453195631494,0.0005814037436042696
3.3738279815339545,-0.9933383309470326,9.15614416284402,1.0,2.7552666666666665,2435.0,-0.0001387453195631494,0.0005814037436042696
3.373689236214391,-0.9932627472318424,9.156725566587625,1.0,2.7552,2436.0,-0.00013874531956359348,0.0005814037436042696
3.3735504908948277,-0.9931871635166521,9.15730697033123,1.0,2.755133333333333,2437.0,-0.0001387453195631494,0.000581403743606046
3.3734117455752646,-0.993111579801462,9.157888374074835,1.0,2.7550666666666666,2438.0,-0.0001387453195631494,0.0005814037436042696
3.3732730002557014,-0.9930359960862718,9.15846977781844,1.0,2.755,2439.0,-0.0001387453195631494,0.0005814037436042696
3.3731364227952803,-0.9931674528750128,9.162710410643715,1.0,2.7547142857142854,2440.0,-0.00013657746042117225,0.004240632825275981
3.372999845334859,-0.9932989096637538,9.166951043468991,1.0,2.7544285714285714,2441.0,-0.00013657746042117225,0.004240632825275981
3.372863267874438,-0.9934303664524948,9.171191676294267,1.0,2.754142857142857,2442.0,-0.00013657746042117225,0.004240632825275981
3.3727266904140167,-0.9935618232412359,9.175432309119541,1.0,2.7538571428571426,2443.0,-0.00013657746042117225,0.004240632825274204
3.3725901129535956,-0.9936932800299769,9.179672941944817,1.0,2.7535714285714286,2444.0,-0.00013657746042117225,0.004240632825275981
3.3724535354931744,-0.9938247368187179,9.183913574770093,1.0,2.753285714285714,2445.0,-0.00013657746042117225,0.004240632825275981
3.372316958032753,-0.9939561936074589,9.18815420759537,1.0,2.753,2446.0,-0.00013657746042117225,0.004240632825275981
3.3721803805723325,-0.9940876503962,9.192394840420645,1.0,2.7527142857142857,2447.0,-0.00013657746042072816,0.004240632825275981
3.3720438031119113,-0.9942191071849409,9.196635473245921,1.0,2.7524285714285712,2448.0,-0.00013657746042117225,0.004240632825275981
3.37190722565149,-0.9943505639736819,9.200876106071197,1.0,2.7521428571428572,2449.0,-0.00013657746042117225,0.004240632825275981
3.371770648191069,-0.994482020762423,9.205116738896471,1.0,2.751857142857143,2450.0,-0.00013657746042117225,0.004240632825274204
3.371634070730648,-0.994613477551164,9.209357371721747,1.0,2.7515714285714283,2451.0,-0.00013657746042117225,0.004240632825275981
3.3714974932702266,-0.994744934339905,9.213598004547023,1.0,2.7512857142857143,2452.0,-0.00013657746042117225,0.004240632825275981
3.3713609158098055,-0.994876391128646,9.2178386373723,1.0,2.751,2453.0,-0.00013657746042117225,0.004240632825275981
3.3712316654349017,-0.9949329994167389,9.219824410373041,1.0,2.7508666666666666,2454.0,-0.00012925037490374436,0.001985773000741986
3.371102415059998,-0.9949896077048316,9.221810183373783,1.0,2.7507333333333333,2455.0,-0.00012925037490374436,0.001985773000741986
3.3709731646850942,-0.9950462159929244,9.223795956374524,1.0,2.7506,2456.0,-0.00012925037490374436,0.0019857730007402097
3.3708439143101905,-0.9951028242810172,9.225781729375266,1.0,2.7504666666666666,2457.0,-0.00012925037490374436,0.001985773000741986
3.3707146639352867,-0.99515943256911,9.227767502376008,1.0,2.7503333333333333,2458.0,-0.00012925037490374436,0.001985773000741986
3.370585413560383,-0.9952160408572027,9.22975327537675,1.0,2.7502,2459.0,-0.00012925037490374436,0.001985773000741986
3.3704561631854792,-0.9952726491452956,9.231739048377491,1.0,2.7500666666666667,2460.0,-0.00012925037490374436,0.001985773000741986
3.370326912810575,-0.9953292574333883,9.233724821378232,1.0,2.7499333333333333,2461.0,-0.00012925037490418845,0.0019857730007402097
3.3701976624356713,-0.9953858657214811,9.235710594378974,1.0,2.7498,2462.0,-0.00012925037490374436,0.001985773000741986
3.3700684120607676,-0.9954424740095739,9.237696367379716,1.0,2.7496666666666667,2463.0,-0.00012925037490374436,0.001985773000741986
3.369939161685864,-0.9954990822976667,9.239682140380458,1.0,2.7495333333333334,2464.0,-0.00012925037490374436,0.001985773000741986
3.36980991131096,-0.9955556905857594,9.2416679133812,1.0,2.7494,2465.0,-0.00012925037490374436,0.001985773000741986
3.3696806609360563,-0.9956122988738523,9.24365368638194,1.0,2.7492666666666667,2466.0,-0.00012925037490374436,0.0019857730007402097
3.3695514105611526,-0.995668907161945,9.245639459382682,1.0,2.7491333333333334,2467.0,-0.00012925037490374436,0.001985773000741986
3.369422160186249,-0.9957255154500378,9.247625232383424,1.0,2.749,2468.0,-0.00012925037490374436,0.001985773000741986
3.3693015758773983,-0.9956483659373503,9.249687481224512,1.0,2.7488,2469.0,-0.0001205843088505354,0.002062248841088632
3.369180991568548,-0.9955712164246627,9.2517497300656,1.0,2.7486,2470.0,-0.0001205843088505354,0.0020622488410868556
3.3690604072596972,-0.9954940669119753,9.253811978906688,1.0,2.7484,2471.0,-0.0001205843088505354,0.002062248841088632
3.3689398229508467,-0.9954169173992877,9.255874227747775,1.0,2.7482,2472.0,-0.0001205843088505354,0.0020622488410868556
3.368819238641996,-0.9953397678866002,9.257936476588863,1.0,2.748,2473.0,-0.0001205843088505354,0.002062248841088632
3.3686986543331456,-0.9952626183739126,9.25999872542995,1.0,2.7478000000000002,2474.0,-0.0001205843088505354,0.0020622488410868556
3.368578070024295,-0.995185468861225,9.262060974271039,1.0,2.7476000000000003,2475.0,-0.0001205843088505354,0.002062248841088632
3.3684574857154446,-0.9951083193485376,9.264123223112126,1.0,2.7474,2476.0,-0.0001205843088505354,0.0020622488410868556
3.368336901406594,-0.99503116983585,9.266185471953214,1.0,2.7472,2477.0,-0.0001205843088505354,0.002062248841088632
3.3682163170977435,-0.9949540203231625,9.268247720794301,1.0,2.747,2478.0,-0.0001205843088505354,0.0020622488410868556
3.368095732788893,-0.9948768708104749,9.27030996963539,1.0,2.7468,2479.0,-0.0001205843088505354,0.002062248841088632
3.3679751484800424,-0.9947997212977874,9.272372218476477,1.0,2.7466,2480.0,-0.0001205843088505354,0.0020622488410868556
3.367854564171192,-0.9947225717850999,9.274434467317565,1.0,2.7464,2481.0,-0.0001205843088505354,0.002062248841088632
3.3677339798623414,-0.9946454222724124,9.276496716158652,1.0,2.7462,2482.0,-0.0001205843088505354,0.0020622488410868556
3.367613395553491,-0.9945682727597248,9.27855896499974,1.0,2.746,2483.0,-0.0001205843088505354,0.002062248841088632
3.3674827081851766,-0.994429701794621,9.282326060734105,1.0,2.7457333333333334,2484.0,-0.00013068736831423067,0.0037670957343642897
3.3673520208168624,-0.9942911308295171,9.28609315646847,1.0,2.7454666666666667,2485.0,-0.00013068736831423067,0.0037670957343642897
3.367221333448548,-0.9941525598644134,9.289860252202834,1.0,2.7452,2486.0,-0.00013068736831423067,0.0037670957343642897
3.367090646080234,-0.9940139888993096,9.293627347937198,1.0,2.7449333333333334,2487.0,-0.00013068736831423067,0.0037670957343642897
3.3669599587119197,-0.9938754179342058,9.297394443671562,1.0,2.744666666666667,2488.0,-0.00013068736831423067,0.0037670957343642897
3.3668292713436054,-0.9937368469691019,9.301161539405927,1.0,2.7444,2489.0,-0.00013068736831423067,0.0037670957343642897
3.366698583975291,-0.9935982760039981,9.304928635140291,1.0,2.7441333333333335,2490.0,-0.00013068736831423067,0.0037670957343642897
3.3665678966069774,-0.9934597050388944,9.308695730874653,1.0,2.7438666666666665,2491.0,-0.00013068736831378658,0.0037670957343625133
3.366437209238663,-0.9933211340737905,9.312462826609018,1.0,2.7436,2492.0,-0.00013068736831423067,0.0037670957343642897
3.366306521870349,-0.9931825631086867,9.316229922343382,1.0,2.743333333333333,2493.0,-0.00013068736831423067,0.0037670957343642897
3.3661758345020347,-0.9930439921435829,9.319997018077746,1.0,2.7430666666666665,2494.0,-0.00013068736831423067,0.0037670957343642897
3.3660451471337205,-0.992905421178479,9.32376411381211,1.0,2.7428,2495.0,-0.00013068736831423067,0.0037670957343642897
3.3659144597654063,-0.9927668502133753,9.327531209546475,1.0,2.7425333333333333,2496.0,-0.00013068736831423067,0.0037670957343642897
3.365783772397092,-0.9926282792482715,9.33129830528084,1.0,2.7422666666666666,2497.0,-0.00013068736831423067,0.0037670957343642897
3.365653085028778,-0.9924897082831676,9.335065401015203,1.0,2.742,2498.0,-0.00013068736831423067,0.0037670957343642897
3.3655223984246887,-0.9924473199681537,9.336417865161247,1.0,2.7418666666666667,2499.0,-0.00013068660408910304,0.0013524641460431752
3.3653917118206,-0.9924049316531398,9.33777032930729,1.0,2.7417333333333334,2500.0,-0.00013068660408865895,0.0013524641460431752
3.365261025216511,-0.9923625433381259,9.339122793453331,1.0,2.7416,2501.0,-0.00013068660408910304,0.0013524641460413989
3.3651303386124223,-0.992320155023112,9.340475257599374,1.0,2.7414666666666667,2502.0,-0.00013068660408865895,0.0013524641460431752
3.364999652008333,-0.9922777667080981,9.341827721745418,1.0,2.7413333333333334,2503.0,-0.00013068660408910304,0.0013524641460431752
3.364868965404244,-0.9922353783930842,9.34318018589146,1.0,2.7412,2504.0,-0.00013068660408910304,0.0013524641460431752
3.3647382788001554,-0.9921929900780703,9.344532650037504,1.0,2.7410666666666668,2505.0,-0.00013068660408865895,0.0013524641460431752
3.3646075921960663,-0.9921506017630564,9.345885114183545,1.0,2.7409333333333334,2506.0,-0.00013068660408910304,0.0013524641460413989
3.3644769055919777,-0.9921082134480425,9.347237578329588,1.0,2.7408,2507.0,-0.00013068660408865895,0.0013524641460431752
3.3643462189878885,-0.9920658251330285,9.348590042475632,1.0,2.740666666666667,2508.0,-0.00013068660408910304,0.0013524641460431752
3.3642155323837994,-0.9920234368180146,9.349942506621675,1.0,2.7405333333333335,2509.0,-0.00013068660408910304,0.0013524641460431752
3.364084845779711,-0.9919810485030007,9.351294970767718,1.0,2.7404,2510.0,-0.00013068660408865895,0.0013524641460431752
3.3639541591756217,-0.9919386601879868,9.35264743491376,1.0,2.740266666666667,2511.0,-0.00013068660408910304,0.0013524641460413989
3.363823472571533,-0.9918962718729729,9.353999899059803,1.0,2.7401333333333335,2512.0,-0.00013068660408865895,0.0013524641460431752
3.363692785967444,-0.991853883557959,9.355352363205846,1.0,2.74,2513.0,-0.00013068660408910304,0.0013524641460431752
3.363546255951329,-0.9918757373497967,9.356147938393278,1.0,2.7397857142857145,2514.0,-0.0001465300161149763,0.0007955751874320072
3.363399725935214,-0.9918975911416343,9.35694351358071,1.0,2.7395714285714288,2515.0,-0.0001465300161149763,0.0007955751874320072
3.3632531959190994,-0.9919194449334721,9.357739088768142,1.0,2.739357142857143,2516.0,-0.0001465300161145322,0.0007955751874320072
3.3631066659029845,-0.9919412987253097,9.358534663955574,1.0,2.7391428571428573,2517.0,-0.0001465300161149763,0.0007955751874320072
3.3629601358868695,-0.9919631525171474,9.359330239143006,1.0,2.7389285714285716,2518.0,-0.0001465300161149763,0.0007955751874320072
3.3628136058707545,-0.991985006308985,9.360125814330438,1.0,2.738714285714286,2519.0,-0.0001465300161149763,0.0007955751874320072
3.36266707585464,-0.9920068601008227,9.36092138951787,1.0,2.7385,2520.0,-0.0001465300161145322,0.0007955751874320072
3.362520545838525,-0.9920287138926605,9.361716964705304,1.0,2.7382857142857144,2521.0,-0.0001465300161149763,0.0007955751874337835
3.36237401582241,-0.9920505676844981,9.362512539892736,1.0,2.7380714285714287,2522.0,-0.0001465300161149763,0.0007955751874320072
3.362227485806295,-0.9920724214763358,9.363308115080168,1.0,2.737857142857143,2523.0,-0.0001465300161149763,0.0007955751874320072
3.36208095579018,-0.9920942752681734,9.3641036902676,1.0,2.7376428571428573,2524.0,-0.0001465300161149763,0.0007955751874320072
3.3619344257740655,-0.9921161290600111,9.364899265455032,1.0,2.7374285714285715,2525.0,-0.0001465300161145322,0.0007955751874320072
3.3617878957579506,-0.9921379828518487,9.365694840642464,1.0,2.737214285714286,2526.0,-0.0001465300161149763,0.0007955751874320072
3.3616413657418356,-0.9921598366436865,9.366490415829896,1.0,2.737,2527.0,-0.0001465300161149763,0.0007955751874320072
3.3614958903974674,-0.9922843955792535,9.370653631150782,1.0,2.737,2528.0,-0.00014547534436815113,0.004163215320886593
3.3613504150530997,-0.9924089545148207,9.374816846471667,1.0,2.737,2529.0,-0.00014547534436770704,0.004163215320884817
3.3612049397087316,-0.9925335134503878,9.378980061792554,1.0,2.737,2530.0,-0.00014547534436815113,0.004163215320886593
3.361059464364364,-0.9926580723859549,9.38314327711344,1.0,2.737,2531.0,-0.00014547534436770704,0.004163215320886593
3.3609139890199957,-0.992782631321522,9.387306492434325,1.0,2.737,2532.0,-0.00014547534436815113,0.004163215320884817
3.360768513675628,-0.9929071902570892,9.391469707755212,1.0,2.737,2533.0,-0.00014547534436770704,0.004163215320886593
3.36062303833126,-0.9930317491926562,9.395632923076098,1.0,2.737,2534.0,-0.00014547534436815113,0.004163215320886593
3.360477562986892,-0.9931563081282234,9.399796138396983,1.0,2.737,2535.0,-0.00014547534436770704,0.004163215320884817
3.360332087642524,-0.9932808670637905,9.40395935371787,1.0,2.737,2536.0,-0.00014547534436815113,0.004163215320886593
3.3601866122981563,-0.9934054259993577,9.408122569038756,1.0,2.737,2537.0,-0.00014547534436770704,0.004163215320886593
3.360041136953788,-0.9935299849349247,9.412285784359641,1.0,2.737,2538.0,-0.00014547534436815113,0.004163215320884817
3.3598956616094204,-0.9936545438704919,9.416448999680528,1.0,2.737,2539.0,-0.00014547534436770704,0.004163215320886593
3.3597501862650523,-0.993779102806059,9.420612215001414,1.0,2.737,2540.0,-0.00014547534436815113,0.004163215320886593
3.3596047109206846,-0.9939036617416261,9.424775430322299,1.0,2.737,2541.0,-0.00014547534436770704,0.004163215320884817
3.3594592355763164,-0.9940282206771932,9.428938645643186,1.0,2.737,2542.0,-0.00014547534436815113,0.004163215320886593
3.359331881910739,-0.9939638075701649,9.431042917167986,1.0,2.737,2543.0,-0.0001273536655772567,0.002104271524800083
3.3592045282451615,-0.9938993944631367,9.433147188692784,1.0,2.737,2544.0,-0.00012735366557770078,0.002104271524798307
3.359077174579584,-0.9938349813561084,9.435251460217584,1.0,2.737,2545.0,-0.0001273536655772567,0.002104271524800083
3.358949820914007,-0.9937705682490802,9.437355731742384,1.0,2.737,2546.0,-0.0001273536655772567,0.002104271524800083
3.3588224672484297,-0.9937061551420519,9.439460003267182,1.0,2.737,2547.0,-0.0001273536655772567,0.002104271524798307
3.358695113582852,-0.9936417420350236,9.441564274791983,1.0,2.737,2548.0,-0.00012735366557770078,0.002104271524800083
3.3585677599172747,-0.9935773289279953,9.443668546316783,1.0,2.737,2549.0,-0.0001273536655772567,0.002104271524800083
3.3584404062516975,-0.9935129158209671,9.445772817841581,1.0,2.737,2550.0,-0.0001273536655772567,0.002104271524798307
3.3583130525861202,-0.9934485027139388,9.447877089366381,1.0,2.737,2551.0,-0.0001273536655772567,0.002104271524800083
3.3581856989205425,-0.9933840896069106,9.449981360891181,1.0,2.737,2552.0,-0.00012735366557770078,0.002104271524800083
3.3580583452549653,-0.9933196764998823,9.45208563241598,1.0,2.737,2553.0,-0.0001273536655772567,0.002104271524798307
3.357930991589388,-0.9932552633928541,9.45418990394078,1.0,2.737,2554.0,-0.0001273536655772567,0.002104271524800083
3.3578036379238108,-0.9931908502858258,9.45629417546558,1.0,2.737,2555.0,-0.0001273536655772567,0.002104271524800083
3.357676284258233,-0.9931264371787976,9.458398446990378,1.0,2.737,2556.0,-0.00012735366557770078,0.002104271524798307
3.357548930592656,-0.9930620240717692,9.460502718515178,1.0,2.737,2557.0,-0.0001273536655772567,0.002104271524800083
3.357413845690546,-0.9931638257294059,9.462799654494583,1.0,2.7369333333333334,2558.0,-0.00013508490211000534,0.00229693597940539
3.3572787607884353,-0.9932656273870425,9.46509659047399,1.0,2.736866666666667,2559.0,-0.00013508490211044943,0.0022969359794071664
3.3571436758863253,-0.9933674290446791,9.467393526453396,1.0,2.7368,2560.0,-0.00013508490211000534,0.00229693597940539
3.357008590984215,-0.9934692307023156,9.469690462432801,1.0,2.7367333333333335,2561.0,-0.00013508490211044943,0.00229693597940539
3.356873506082105,-0.9935710323599523,9.471987398412208,1.0,2.736666666666667,2562.0,-0.00013508490211000534,0.0022969359794071664
3.3567384211799944,-0.9936728340175889,9.474284334391614,1.0,2.7366,2563.0,-0.00013508490211044943,0.00229693597940539
3.3566033362778844,-0.9937746356752255,9.47658127037102,1.0,2.7365333333333335,2564.0,-0.00013508490211000534,0.00229693597940539
3.356468251375774,-0.9938764373328621,9.478878206350426,1.0,2.736466666666667,2565.0,-0.00013508490211044943,0.0022969359794071664
3.356333166473664,-0.9939782389904988,9.481175142329832,1.0,2.7364,2566.0,-0.00013508490211000534,0.00229693597940539
3.3561980815715535,-0.9940800406481354,9.483472078309237,1.0,2.7363333333333335,2567.0,-0.00013508490211044943,0.00229693597940539
3.3560629966694435,-0.994181842305772,9.485769014288644,1.0,2.736266666666667,2568.0,-0.00013508490211000534,0.0022969359794071664
3.355927911767333,-0.9942836439634085,9.48806595026805,1.0,2.7362,2569.0,-0.00013508490211044943,0.00229693597940539
3.355792826865223,-0.9943854456210451,9.490362886247455,1.0,2.7361333333333335,2570.0,-0.00013508490211000534,0.00229693597940539
3.3556577419631126,-0.9944872472786818,9.492659822226862,1.0,2.736066666666667,2571.0,-0.00013508490211044943,0.0022969359794071664
3.3555226570610026,-0.9945890489363184,9.494956758206268,1.0,2.736,2572.0,-0.00013508490211000534,0.00229693597940539
3.355387548730421,-0.9946067281948318,9.496705222088027,1.0,2.735866666666667,2573.0,-0.00013510833058161253,0.001748463881758866
3.355252440399839,-0.9946244074533451,9.498453685969787,1.0,2.7357333333333336,2574.0,-0.00013510833058205662,0.0017484638817606424
3.3551173320692573,-0.9946420867118585,9.500202149851546,1.0,2.7356000000000003,2575.0,-0.00013510833058161253,0.001748463881758866
3.3549822237386757,-0.9946597659703719,9.501950613733307,1.0,2.735466666666667,2576.0,-0.00013510833058161253,0.0017484638817606424
3.3548471154080937,-0.9946774452288852,9.503699077615066,1.0,2.7353333333333336,2577.0,-0.00013510833058205662,0.001748463881758866
3.354712007077512,-0.9946951244873986,9.505447541496826,1.0,2.7352000000000003,2578.0,-0.00013510833058161253,0.0017484638817606424
3.3545768987469304,-0.994712803745912,9.507196005378585,1.0,2.735066666666667,2579.0,-0.00013510833058161253,0.001748463881758866
3.3544417904163484,-0.9947304830044252,9.508944469260346,1.0,2.734933333333333,2580.0,-0.00013510833058205662,0.0017484638817606424
3.3543066820857668,-0.9947481622629386,9.510692933142105,1.0,2.7348,2581.0,-0.00013510833058161253,0.001748463881758866
3.354171573755185,-0.994765841521452,9.512441397023865,1.0,2.7346666666666666,2582.0,-0.00013510833058161253,0.0017484638817606424
3.354036465424603,-0.9947835207799653,9.514189860905624,1.0,2.7345333333333333,2583.0,-0.00013510833058205662,0.001748463881758866
3.3539013570940215,-0.9948012000384787,9.515938324787385,1.0,2.7344,2584.0,-0.00013510833058161253,0.0017484638817606424
3.35376624876344,-0.9948188792969921,9.517686788669144,1.0,2.7342666666666666,2585.0,-0.00013510833058161253,0.001748463881758866
3.353631140432858,-0.9948365585555055,9.519435252550904,1.0,2.7341333333333333,2586.0,-0.00013510833058205662,0.0017484638817606424
3.353496032102276,-0.9948542378140188,9.521183716432663,1.0,2.734,2587.0,-0.00013510833058161253,0.001748463881758866
3.3533523150688587,-0.9947592620440946,9.52375006725613,1.0,2.733857142857143,2588.0,-0.00014371703341753417,0.0025663508234661236
3.353208598035441,-0.9946642862741704,9.526316418079595,1.0,2.7337142857142855,2589.0,-0.00014371703341753417,0.0025663508234661236
3.353064881002023,-0.9945693105042461,9.52888276890306,1.0,2.7335714285714285,2590.0,-0.00014371703341797826,0.0025663508234643473
3.3529211639686056,-0.994474334734322,9.531449119726526,1.0,2.7334285714285715,2591.0,-0.00014371703341753417,0.0025663508234661236
3.352777446935188,-0.9943793589643978,9.534015470549992,1.0,2.7332857142857145,2592.0,-0.00014371703341753417,0.0025663508234661236
3.3526337299017706,-0.9942843831944735,9.536581821373458,1.0,2.733142857142857,2593.0,-0.00014371703341753417,0.0025663508234661236
3.3524900128683526,-0.9941894074245493,9.539148172196922,1.0,2.733,2594.0,-0.00014371703341797826,0.0025663508234643473
3.352346295834935,-0.9940944316546251,9.541714523020389,1.0,2.732857142857143,2595.0,-0.00014371703341753417,0.0025663508234661236
3.3522025788015175,-0.9939994558847008,9.544280873843855,1.0,2.7327142857142857,2596.0,-0.00014371703341753417,0.0025663508234661236
3.3520588617681,-0.9939044801147766,9.54684722466732,1.0,2.7325714285714287,2597.0,-0.00014371703341753417,0.0025663508234661236
3.3519151447346824,-0.9938095043448525,9.549413575490787,1.0,2.7324285714285717,2598.0,-0.00014371703341753417,0.0025663508234661236
3.3517714277012645,-0.9937145285749283,9.551979926314251,1.0,2.7322857142857147,2599.0,-0.00014371703341797826,0.0025663508234643473
3.351627710667847,-0.993619552805004,9.554546277137717,1.0,2.732142857142857,2600.0,-0.00014371703341753417,0.0025663508234661236
3.3514839936344294,-0.9935245770350798,9.557112627961184,1.0,2.732,2601.0,-0.00014371703341753417,0.0025663508234661236
3.3513417129720837,-0.9935134278379532,9.55862588729294,1.0,2.7319333333333335,2602.0,-0.00014228066234567294,0.0015132593317570553
3.351199432309738,-0.9935022786408264,9.560139146624698,1.0,2.731866666666667,2603.0,-0.00014228066234567294,0.0015132593317570553
3.3510571516473924,-0.9934911294436998,9.561652405956455,1.0,2.7318000000000002,2604.0,-0.00014228066234567294,0.0015132593317570553
3.3509148709850467,-0.993479980246573,9.56316566528821,1.0,2.7317333333333336,2605.0,-0.00014228066234567294,0.001513259331755279
3.350772590322701,-0.9934688310494464,9.564678924619967,1.0,2.731666666666667,2606.0,-0.00014228066234567294,0.0015132593317570553
3.3506303096603554,-0.9934576818523198,9.566192183951724,1.0,2.7316000000000003,2607.0,-0.00014228066234567294,0.0015132593317570553
3.3504880289980097,-0.993446532655193,9.567705443283481,1.0,2.7315333333333336,2608.0,-0.00014228066234567294,0.0015132593317570553
3.3503457483356645,-0.9934353834580664,9.569218702615238,1.0,2.7314666666666665,2609.0,-0.00014228066234522885,0.0015132593317570553
3.350203467673319,-0.9934242342609396,9.570731961946995,1.0,2.7314,2610.0,-0.00014228066234567294,0.0015132593317570553
3.350061187010973,-0.993413085063813,9.572245221278752,1.0,2.731333333333333,2611.0,-0.00014228066234567294,0.0015132593317570553
3.3499189063486274,-0.9934019358666863,9.57375848061051,1.0,2.7312666666666665,2612.0,-0.00014228066234567294,0.0015132593317570553
3.3497766256862818,-0.9933907866695596,9.575271739942265,1.0,2.7312,2613.0,-0.00014228066234567294,0.001513259331755279
3.349634345023936,-0.993379637472433,9.576784999274022,1.0,2.731133333333333,2614.0,-0.00014228066234567294,0.0015132593317570553
3.3494920643615904,-0.9933684882753062,9.578298258605779,1.0,2.7310666666666665,2615.0,-0.00014228066234567294,0.0015132593317570553
3.3493497836992447,-0.9933573390781796,9.579811517937536,1.0,2.731,2616.0,-0.00014228066234567294,0.0015132593317570553
3.349210164315317,-0.9934064416500292,9.582879009828844,1.0,2.7308,2617.0,-0.00013961938392759166,0.0030674918913078386
3.349070544931389,-0.9934555442218789,9.585946501720153,1.0,2.7306,2618.0,-0.00013961938392803575,0.003067491891309615
3.3489309255474615,-0.9935046467937285,9.589013993611461,1.0,2.7304,2619.0,-0.00013961938392759166,0.0030674918913078386
3.348791306163534,-0.9935537493655782,9.59208148550277,1.0,2.7302,2620.0,-0.00013961938392759166,0.003067491891309615
3.348651686779606,-0.9936028519374278,9.595148977394079,1.0,2.73,2621.0,-0.00013961938392803575,0.0030674918913078386
3.3485120673956783,-0.9936519545092775,9.598216469285386,1.0,2.7298,2622.0,-0.00013961938392759166,0.0030674918913078386
3.3483724480117507,-0.9937010570811271,9.601283961176696,1.0,2.7296,2623.0,-0.00013961938392759166,0.003067491891309615
3.3482328286278227,-0.9937501596529769,9.604351453068004,1.0,2.7294,2624.0,-0.00013961938392803575,0.0030674918913078386
3.348093209243895,-0.9937992622248265,9.607418944959313,1.0,2.7292,2625.0,-0.00013961938392759166,0.003067491891309615
3.3479535898599675,-0.9938483647966762,9.610486436850621,1.0,2.729,2626.0,-0.00013961938392759166,0.0030674918913078386
3.3478139704760395,-0.9938974673685258,9.61355392874193,1.0,2.7288,2627.0,-0.00013961938392803575,0.0030674918913078386
3.347674351092112,-0.9939465699403754,9.616621420633239,1.0,2.7286,2628.0,-0.00013961938392759166,0.003067491891309615
3.3475347317081843,-0.9939956725122251,9.619688912524547,1.0,2.7284,2629.0,-0.00013961938392759166,0.0030674918913078386
3.3473951123242562,-0.9940447750840747,9.622756404415856,1.0,2.7282,2630.0,-0.00013961938392803575,0.003067491891309615
3.3472554929403286,-0.9940938776559244,9.625823896307164,1.0,2.728,2631.0,-0.00013961938392759166,0.0030674918913078386
3.3471043883428857,-0.9941238857012659,9.627012351846872,1.0,2.7279333333333335,2632.0,-0.00015110459744294147,0.0011884555397081442
3.3469532837454423,-0.9941538937466075,9.628200807386579,1.0,2.727866666666667,2633.0,-0.00015110459744338556,0.0011884555397063679
3.3468021791479994,-0.9941839017919489,9.629389262926287,1.0,2.7278000000000002,2634.0,-0.00015110459744294147,0.0011884555397081442
3.3466510745505564,-0.9942139098372905,9.630577718465995,1.0,2.7277333333333336,2635.0,-0.00015110459744294147,0.0011884555397081442
3.346499969953113,-0.994243917882632,9.631766174005703,1.0,2.727666666666667,2636.0,-0.00015110459744338556,0.0011884555397081442
3.34634886535567,-0.9942739259279735,9.63295462954541,1.0,2.7276000000000002,2637.0,-0.00015110459744294147,0.0011884555397063679
3.346197760758227,-0.9943039339733151,9.634143085085118,1.0,2.7275333333333336,2638.0,-0.00015110459744294147,0.0011884555397081442
3.346046656160784,-0.9943339420186565,9.635331540624826,1.0,2.7274666666666665,2639.0,-0.00015110459744338556,0.0011884555397081442
3.345895551563341,-0.9943639500639981,9.636519996164534,1.0,2.7274,2640.0,-0.00015110459744294147,0.0011884555397081442
3.345744446965898,-0.9943939581093396,9.63770845170424,1.0,2.727333333333333,2641.0,-0.00015110459744294147,0.0011884555397063679
3.3455933423684545,-0.9944239661546811,9.638896907243948,1.0,2.7272666666666665,2642.0,-0.00015110459744338556,0.0011884555397081442
3.3454422377710116,-0.9944539742000227,9.640085362783656,1.0,2.7272,2643.0,-0.00015110459744294147,0.0011884555397081442
3.3452911331735686,-0.9944839822453642,9.641273818323365,1.0,2.727133333333333,2644.0,-0.00015110459744294147,0.0011884555397081442
3.3451400285761252,-0.9945139902907058,9.642462273863071,1.0,2.7270666666666665,2645.0,-0.00015110459744338556,0.0011884555397063679
3.3449889239786823,-0.9945439983360472,9.64365072940278,1.0,2.727,2646.0,-0.00015110459744294147,0.0011884555397081442
3.344866141522199,-0.9944179322342352,9.646867505918394,1.0,2.727,2647.0,-0.00012278245648333908,0.0032167765156145833
3.3447433590657156,-0.9942918661324232,9.650084282434007,1.0,2.727,2648.0,-0.00012278245648333908,0.003216776515612807
3.3446205766092323,-0.9941658000306112,9.653301058949621,1.0,2.727,2649.0,-0.00012278245648333908,0.0032167765156145833
3.344497794152749,-0.9940397339287991,9.656517835465236,1.0,2.727,2650.0,-0.00012278245648333908,0.0032167765156145833
3.3443750116962656,-0.9939136678269871,9.65973461198085,1.0,2.727,2651.0,-0.00012278245648333908,0.0032167765156145833
3.3442522292397823,-0.9937876017251751,9.662951388496463,1.0,2.727,2652.0,-0.00012278245648333908,0.003216776515612807
3.344129446783299,-0.993661535623363,9.666168165012078,1.0,2.727,2653.0,-0.00012278245648333908,0.0032167765156145833
3.3440066643268156,-0.993535469521551,9.669384941527692,1.0,2.727,2654.0,-0.00012278245648333908,0.0032167765156145833
3.3438838818703323,-0.9934094034197389,9.672601718043307,1.0,2.727,2655.0,-0.00012278245648333908,0.0032167765156145833
3.343761099413849,-0.993283337317927,9.67581849455892,1.0,2.727,2656.0,-0.00012278245648333908,0.003216776515612807
3.3436383169573656,-0.993157271216115,9.679035271074534,1.0,2.727,2657.0,-0.00012278245648333908,0.0032167765156145833
3.3435155345008822,-0.9930312051143029,9.682252047590149,1.0,2.727,2658.0,-0.00012278245648333908,0.0032167765156145833
3.343392752044399,-0.9929051390124909,9.685468824105763,1.0,2.727,2659.0,-0.00012278245648333908,0.0032167765156145833
3.3432699695879156,-0.9927790729106788,9.688685600621376,1.0,2.727,2660.0,-0.00012278245648333908,0.003216776515612807
3.343147187131432,-0.9926530068088668,9.69190237713699,1.0,2.727,2661.0,-0.00012278245648333908,0.0032167765156145833
3.3429900622522397,-0.9928811518508274,9.694020685885521,1.0,2.726928571428571,2662.0,-0.00015712487919250506,0.00211830874853014
3.3428329373730477,-0.9931092968927878,9.696138994634051,1.0,2.726857142857143,2663.0,-0.00015712487919206097,0.00211830874853014
3.342675812493855,-0.9933374419347484,9.69825730338258,1.0,2.726785714285714,2664.0,-0.00015712487919250506,0.0021183087485283636
3.3425186876146626,-0.9935655869767088,9.70037561213111,1.0,2.7267142857142854,2665.0,-0.00015712487919250506,0.00211830874853014
3.34236156273547,-0.9937937320186694,9.70249392087964,1.0,2.726642857142857,2666.0,-0.00015712487919250506,0.00211830874853014
3.342204437856278,-0.9940218770606298,9.70461222962817,1.0,2.7265714285714284,2667.0,-0.00015712487919206097,0.00211830874853014
3.3420473129770856,-0.9942500221025904,9.706730538376698,1.0,2.7265,2668.0,-0.00015712487919250506,0.0021183087485283636
3.341890188097893,-0.994478167144551,9.708848847125228,1.0,2.7264285714285714,2669.0,-0.00015712487919250506,0.00211830874853014
3.341733063218701,-0.9947063121865114,9.710967155873758,1.0,2.7263571428571427,2670.0,-0.00015712487919206097,0.00211830874853014
3.3415759383395085,-0.994934457228472,9.713085464622289,1.0,2.7262857142857144,2671.0,-0.00015712487919250506,0.00211830874853014
3.341418813460316,-0.9951626022704324,9.715203773370819,1.0,2.7262142857142857,2672.0,-0.00015712487919250506,0.00211830874853014
3.3412616885811235,-0.995390747312393,9.717322082119347,1.0,2.726142857142857,2673.0,-0.00015712487919250506,0.0021183087485283636
3.3411045637019314,-0.9956188923543534,9.719440390867877,1.0,2.7260714285714287,2674.0,-0.00015712487919206097,0.00211830874853014
3.340947438822739,-0.995847037396314,9.721558699616407,1.0,2.726,2675.0,-0.00015712487919250506,0.00211830874853014
3.340812433645959,-0.9956360178242136,9.722961369934826,1.0,2.7255333333333334,2676.0,-0.00013500517678011192,0.001402670318418231
3.3406774284691787,-0.9954249982521133,9.724364040253242,1.0,2.7250666666666667,2677.0,-0.00013500517678011192,0.0014026703184164546
3.3405424232923986,-0.9952139786800129,9.72576671057166,1.0,2.7246,2678.0,-0.00013500517678011192,0.001402670318418231
3.3404074181156185,-0.9950029591079126,9.727169380890079,1.0,2.724133333333333,2679.0,-0.00013500517678011192,0.001402670318418231
3.3402724129388384,-0.9947919395358122,9.728572051208495,1.0,2.7236666666666665,2680.0,-0.00013500517678011192,0.0014026703184164546
3.3401374077620583,-0.9945809199637119,9.729974721526913,1.0,2.7232,2681.0,-0.00013500517678011192,0.001402670318418231
3.340002402585278,-0.9943699003916115,9.731377391845331,1.0,2.7227333333333332,2682.0,-0.00013500517678011192,0.001402670318418231
3.339867397408498,-0.9941588808195112,9.732780062163748,1.0,2.7222666666666666,2683.0,-0.00013500517678011192,0.0014026703184164546
3.339732392231718,-0.9939478612474109,9.734182732482166,1.0,2.7218,2684.0,-0.00013500517678011192,0.001402670318418231
3.339597387054938,-0.9937368416753105,9.735585402800584,1.0,2.7213333333333334,2685.0,-0.00013500517678011192,0.001402670318418231
3.3394623818781577,-0.9935258221032102,9.736988073119,1.0,2.7208666666666668,2686.0,-0.00013500517678011192,0.0014026703184164546
3.3393273767013776,-0.9933148025311098,9.738390743437419,1.0,2.7203999999999997,2687.0,-0.00013500517678011192,0.001402670318418231
3.3391923715245975,-0.9931037829590095,9.739793413755837,1.0,2.719933333333333,2688.0,-0.00013500517678011192,0.001402670318418231
3.3390573663478174,-0.9928927633869091,9.741196084074254,1.0,2.7194666666666665,2689.0,-0.00013500517678011192,0.0014026703184164546
3.3389223611710372,-0.9926817438148088,9.742598754392672,1.0,2.719,2690.0,-0.00013500517678011192,0.001402670318418231
3.338770722293387,-0.992704710008566,9.744438923667516,1.0,2.7186,2691.0,-0.00015163887765012873,0.0018401692748444276
3.338619083415737,-0.9927276762023232,9.746279092942359,1.0,2.7182,2692.0,-0.00015163887765012873,0.0018401692748426512
3.338467444538087,-0.9927506423960804,9.748119262217203,1.0,2.7178,2693.0,-0.00015163887765012873,0.0018401692748444276
3.338315805660437,-0.9927736085898374,9.749959431492046,1.0,2.7174,2694.0,-0.00015163887764968464,0.0018401692748426512
3.338164166782787,-0.9927965747835946,9.75179960076689,1.0,2.717,2695.0,-0.00015163887765012873,0.0018401692748444276
3.338012527905137,-0.9928195409773518,9.753639770041735,1.0,2.7166,2696.0,-0.00015163887765012873,0.0018401692748444276
3.337860889027487,-0.992842507171109,9.755479939316578,1.0,2.7162,2697.0,-0.00015163887765012873,0.0018401692748426512
3.3377092501498367,-0.9928654733648662,9.757320108591422,1.0,2.7157999999999998,2698.0,-0.00015163887765012873,0.0018401692748444276
3.3375576112721865,-0.9928884395586234,9.759160277866265,1.0,2.7154,2699.0,-0.00015163887765012873,0.0018401692748426512
3.3374059723945364,-0.9929114057523806,9.76100044714111,1.0,2.715,2700.0,-0.00015163887765012873,0.0018401692748444276
3.3372543335168863,-0.9929343719461378,9.762840616415954,1.0,2.7146,2701.0,-0.00015163887765012873,0.0018401692748444276
3.3371026946392366,-0.9929573381398948,9.764680785690796,1.0,2.7142,2702.0,-0.00015163887764968464,0.0018401692748426512
3.3369510557615865,-0.992980304333652,9.76652095496564,1.0,2.7138,2703.0,-0.00015163887765012873,0.0018401692748444276
3.3367994168839363,-0.9930032705274092,9.768361124240483,1.0,2.7134,2704.0,-0.00015163887765012873,0.0018401692748426512
3.336647778006286,-0.9930262367211664,9.770201293515328,1.0,2.713,2705.0,-0.00015163887765012873,0.0018401692748444276
3.336502518069844,-0.9931019601592039,9.774240927996868,1.0,2.713,2706.0,-0.0001452599364419882,0.004039634481539878
3.3363572581334027,-0.9931776835972415,9.778280562478406,1.0,2.713,2707.0,-0.0001452599364415441,0.004039634481538101
3.3362119981969607,-0.993253407035279,9.782320196959946,1.0,2.713,2708.0,-0.0001452599364419882,0.004039634481539878
3.336066738260519,-0.9933291304733165,9.786359831441484,1.0,2.713,2709.0,-0.0001452599364415441,0.004039634481538101
3.335921478324077,-0.993404853911354,9.790399465923024,1.0,2.713,2710.0,-0.0001452599364419882,0.004039634481539878
3.3357762183876356,-0.9934805773493915,9.794439100404563,1.0,2.713,2711.0,-0.0001452599364415441,0.004039634481539878
3.3356309584511936,-0.9935563007874291,9.798478734886102,1.0,2.713,2712.0,-0.0001452599364419882,0.004039634481538101
3.335485698514752,-0.9936320242254666,9.802518369367641,1.0,2.713,2713.0,-0.0001452599364415441,0.004039634481539878
3.33534043857831,-0.9937077476635041,9.80655800384918,1.0,2.713,2714.0,-0.0001452599364419882,0.004039634481538101
3.3351951786418685,-0.9937834711015416,9.81059763833072,1.0,2.713,2715.0,-0.0001452599364415441,0.004039634481539878
3.3350499187054266,-0.9938591945395792,9.81463727281226,1.0,2.713,2716.0,-0.0001452599364419882,0.004039634481539878
3.334904658768985,-0.9939349179776167,9.818676907293797,1.0,2.713,2717.0,-0.0001452599364415441,0.004039634481538101
3.334759398832543,-0.9940106414156542,9.822716541775337,1.0,2.713,2718.0,-0.0001452599364419882,0.004039634481539878
3.3346141388961015,-0.9940863648536917,9.826756176256875,1.0,2.713,2719.0,-0.0001452599364415441,0.004039634481538101
3.3344688789596595,-0.9941620882917293,9.830795810738415,1.0,2.713,2720.0,-0.0001452599364419882,0.004039634481539878
3.33433502680591,-0.9940640759832593,9.831624036823397,1.0,2.7128,2721.0,-0.00013385215374928094,0.0008282260849821199
3.3342011746521605,-0.9939660636747893,9.832452262908378,1.0,2.7126,2722.0,-0.00013385215374972503,0.0008282260849803436
3.334067322498411,-0.9938680513663194,9.83328048899336,1.0,2.7124,2723.0,-0.00013385215374928094,0.0008282260849821199
3.333933470344662,-0.9937700390578496,9.83410871507834,1.0,2.7122,2724.0,-0.00013385215374928094,0.0008282260849803436
3.333799618190912,-0.9936720267493796,9.834936941163322,1.0,2.712,2725.0,-0.00013385215374972503,0.0008282260849821199
3.333665766037163,-0.9935740144409096,9.835765167248304,1.0,2.7118,2726.0,-0.00013385215374928094,0.0008282260849821199
3.3335319138834136,-0.9934760021324397,9.836593393333285,1.0,2.7116000000000002,2727.0,-0.00013385215374928094,0.0008282260849803436
3.333398061729664,-0.9933779898239697,9.837421619418267,1.0,2.7114,2728.0,-0.00013385215374972503,0.0008282260849821199
3.3332642095759146,-0.9932799775154998,9.838249845503247,1.0,2.7112,2729.0,-0.00013385215374928094,0.0008282260849803436
3.3331303574221653,-0.9931819652070298,9.83907807158823,1.0,2.711,2730.0,-0.00013385215374928094,0.0008282260849821199
3.3329965052684156,-0.9930839528985599,9.839906297673211,1.0,2.7108,2731.0,-0.00013385215374972503,0.0008282260849821199
3.3328626531146663,-0.99298594059009,9.840734523758192,1.0,2.7106,2732.0,-0.00013385215374928094,0.0008282260849803436
3.332728800960917,-0.9928879282816201,9.841562749843174,1.0,2.7104,2733.0,-0.00013385215374928094,0.0008282260849821199
3.3325949488071673,-0.9927899159731501,9.842390975928154,1.0,2.7102,2734.0,-0.00013385215374972503,0.0008282260849803436
3.332461096653418,-0.9926919036646802,9.843219202013136,1.0,2.71,2735.0,-0.00013385215374928094,0.0008282260849821199
3.3322920854136435,-0.9928002814883867,9.844579361594358,1.0,2.7099285714285712,2736.0,-0.00016901123977453025,0.0013601595812211542
3.3321230741738685,-0.9929086593120933,9.845939521175579,1.0,2.709857142857143,2737.0,-0.00016901123977497434,0.0013601595812211542
3.331954062934094,-0.9930170371357998,9.847299680756798,1.0,2.7097857142857142,2738.0,-0.00016901123977453025,0.0013601595812193779
3.331785051694319,-0.9931254149595063,9.84865984033802,1.0,2.7097142857142855,2739.0,-0.00016901123977497434,0.0013601595812211542
3.3316160404545445,-0.9932337927832129,9.85001999991924,1.0,2.7096428571428572,2740.0,-0.00016901123977453025,0.0013601595812211542
3.3314470292147695,-0.9933421706069194,9.851380159500462,1.0,2.7095714285714285,2741.0,-0.00016901123977497434,0.0013601595812211542
3.331278017974995,-0.993450548430626,9.852740319081683,1.0,2.7095000000000002,2742.0,-0.00016901123977453025,0.0013601595812211542
3.3311090067352205,-0.9935589262543324,9.854100478662902,1.0,2.7094285714285715,2743.0,-0.00016901123977453025,0.0013601595812193779
3.3309399954954455,-0.9936673040780389,9.855460638244123,1.0,2.709357142857143,2744.0,-0.00016901123977497434,0.0013601595812211542
3.330770984255671,-0.9937756819017455,9.856820797825344,1.0,2.7092857142857145,2745.0,-0.00016901123977453025,0.0013601595812211542
3.330601973015896,-0.993884059725452,9.858180957406566,1.0,2.709214285714286,2746.0,-0.00016901123977497434,0.0013601595812211542
3.3304329617761215,-0.9939924375491586,9.859541116987785,1.0,2.709142857142857,2747.0,-0.00016901123977453025,0.0013601595812193779
3.3302639505363465,-0.9941008153728651,9.860901276569006,1.0,2.709071428571429,2748.0,-0.00016901123977497434,0.0013601595812211542
3.330094939296572,-0.9942091931965716,9.862261436150227,1.0,2.709,2749.0,-0.00016901123977453025,0.0013601595812211542
3.329961255335685,-0.9941621432289731,9.860560146257695,1.0,2.7088666666666668,2750.0,-0.00013368396088697665,-0.001701289892531932
3.3298275713747985,-0.9941150932613746,9.858858856365162,1.0,2.7087333333333334,2751.0,-0.00013368396088653256,-0.0017012898925337083
3.3296938874139115,-0.9940680432937761,9.85715756647263,1.0,2.7086,2752.0,-0.00013368396088697665,-0.001701289892531932
3.3295602034530245,-0.9940209933261777,9.855456276580098,1.0,2.708466666666667,2753.0,-0.00013368396088697665,-0.001701289892531932
3.3294265194921375,-0.9939739433585791,9.853754986687564,1.0,2.7083333333333335,2754.0,-0.00013368396088697665,-0.0017012898925337083
3.329292835531251,-0.9939268933909806,9.852053696795032,1.0,2.7082,2755.0,-0.00013368396088653256,-0.001701289892531932
3.329159151570364,-0.9938798434233821,9.8503524069025,1.0,2.708066666666667,2756.0,-0.00013368396088697665,-0.001701289892531932
3.329025467609477,-0.9938327934557836,9.848651117009966,1.0,2.707933333333333,2757.0,-0.00013368396088697665,-0.0017012898925337083
3.32889178364859,-0.993785743488185,9.846949827117434,1.0,2.7077999999999998,2758.0,-0.00013368396088697665,-0.001701289892531932
3.3287580996877035,-0.9937386935205865,9.845248537224903,1.0,2.7076666666666664,2759.0,-0.00013368396088653256,-0.001701289892531932
3.3286244157268166,-0.993691643552988,9.843547247332369,1.0,2.707533333333333,2760.0,-0.00013368396088697665,-0.0017012898925337083
3.3284907317659296,-0.9936445935853896,9.841845957439837,1.0,2.7074,2761.0,-0.00013368396088697665,-0.001701289892531932
3.3283570478050426,-0.9935975436177911,9.840144667547305,1.0,2.7072666666666665,2762.0,-0.00013368396088697665,-0.001701289892531932
3.328223363844156,-0.9935504936501925,9.838443377654771,1.0,2.707133333333333,2763.0,-0.00013368396088653256,-0.0017012898925337083
3.328089679883269,-0.993503443682594,9.83674208776224,1.0,2.707,2764.0,-0.00013368396088697665,-0.001701289892531932
3.327929057371208,-0.9935036650561186,9.821699585185863,1.0,2.707,2765.0,-0.0001606225120611704,-0.015042502576376293
3.3277684348591468,-0.9935038864296434,9.806657082609489,1.0,2.707,2766.0,-0.0001606225120611704,-0.015042502576374517
3.3276078123470856,-0.993504107803168,9.791614580033112,1.0,2.707,2767.0,-0.0001606225120611704,-0.015042502576376293
3.3274471898350244,-0.9935043291766927,9.776572077456738,1.0,2.707,2768.0,-0.0001606225120611704,-0.015042502576374517
3.3272865673229632,-0.9935045505502174,9.761529574880361,1.0,2.707,2769.0,-0.0001606225120611704,-0.015042502576376293
3.327125944810902,-0.993504771923742,9.746487072303985,1.0,2.707,2770.0,-0.0001606225120611704,-0.015042502576376293
3.326965322298841,-0.9935049932972667,9.73144456972761,1.0,2.707,2771.0,-0.0001606225120611704,-0.015042502576374517
3.3268046997867793,-0.9935052146707913,9.716402067151234,1.0,2.707,2772.0,-0.00016062251206161449,-0.015042502576376293
3.326644077274718,-0.9935054360443161,9.70135956457486,1.0,2.707,2773.0,-0.0001606225120611704,-0.015042502576374517
3.326483454762657,-0.9935056574178407,9.686317061998484,1.0,2.707,2774.0,-0.0001606225120611704,-0.015042502576376293
3.3263228322505958,-0.9935058787913653,9.671274559422107,1.0,2.707,2775.0,-0.0001606225120611704,-0.015042502576376293
3.3261622097385346,-0.99350610016489,9.656232056845733,1.0,2.707,2776.0,-0.0001606225120611704,-0.015042502576374517
3.3260015872264734,-0.9935063215384147,9.641189554269356,1.0,2.707,2777.0,-0.0001606225120611704,-0.015042502576376293
3.3258409647144123,-0.9935065429119394,9.626147051692982,1.0,2.707,2778.0,-0.0001606225120611704,-0.015042502576374517
3.325680342202351,-0.993506764285464,9.611104549116606,1.0,2.707,2779.0,-0.0001606225120611704,-0.015042502576376293
3.3254884878846087,-0.9935307289905316,9.596189327689547,1.0,2.7068666666666665,2780.0,-0.00019185431774237927,-0.014915221427058256
3.325296633566866,-0.9935546936955993,9.581274106262487,1.0,2.706733333333333,2781.0,-0.00019185431774282335,-0.014915221427060033
3.3251047792491235,-0.993578658400667,9.566358884835429,1.0,2.7066,2782.0,-0.00019185431774237927,-0.014915221427058256
3.324912924931381,-0.9936026231057347,9.55144366340837,1.0,2.7064666666666666,2783.0,-0.00019185431774237927,-0.014915221427058256
3.3247210706136383,-0.9936265878108023,9.536528441981313,1.0,2.7063333333333333,2784.0,-0.00019185431774282335,-0.014915221427058256
3.324529216295896,-0.99365055251587,9.521613220554253,1.0,2.7062,2785.0,-0.00019185431774237927,-0.014915221427060033
3.3243373619781535,-0.9936745172209376,9.506697999127194,1.0,2.7060666666666666,2786.0,-0.00019185431774237927,-0.014915221427058256
3.3241455076604107,-0.9936984819260053,9.491782777700136,1.0,2.7059333333333333,2787.0,-0.00019185431774282335,-0.014915221427058256
3.3239536533426683,-0.9937224466310729,9.476867556273078,1.0,2.7058,2788.0,-0.00019185431774237927,-0.014915221427058256
3.323761799024926,-0.9937464113361406,9.461952334846018,1.0,2.7056666666666667,2789.0,-0.00019185431774237927,-0.014915221427060033
3.323569944707183,-0.9937703760412082,9.44703711341896,1.0,2.7055333333333333,2790.0,-0.00019185431774282335,-0.014915221427058256
3.3233780903894408,-0.9937943407462759,9.432121891991901,1.0,2.7054,2791.0,-0.00019185431774237927,-0.014915221427058256
3.3231862360716984,-0.9938183054513435,9.417206670564843,1.0,2.7052666666666667,2792.0,-0.00019185431774237927,-0.014915221427058256
3.3229943817539556,-0.9938422701564112,9.402291449137783,1.0,2.7051333333333334,2793.0,-0.00019185431774282335,-0.014915221427060033
3.322802527436213,-0.9938662348614788,9.387376227710725,1.0,2.705,2794.0,-0.00019185431774237927,-0.014915221427058256
3.322583091438219,-0.9938744629316676,9.374290990212774,1.0,2.7047333333333334,2795.0,-0.00021943599799412183,-0.01308523749795043
3.3223636554402245,-0.9938826910018563,9.361205752714824,1.0,2.704466666666667,2796.0,-0.00021943599799456592,-0.01308523749795043
3.3221442194422304,-0.9938909190720451,9.348120515216873,1.0,2.7042,2797.0,-0.00021943599799412183,-0.01308523749795043
3.321924783444236,-0.9938991471422339,9.335035277718925,1.0,2.7039333333333335,2798.0,-0.00021943599799456592,-0.013085237497948654
3.3217053474462417,-0.9939073752124227,9.321950040220974,1.0,2.703666666666667,2799.0,-0.00021943599799412183,-0.01308523749795043
3.3214859114482476,-0.9939156032826114,9.308864802723024,1.0,2.7034000000000002,2800.0,-0.00021943599799412183,-0.01308523749795043
3.321266475450253,-0.9939238313528002,9.295779565225073,1.0,2.7031333333333336,2801.0,-0.00021943599799456592,-0.01308523749795043
3.321047039452259,-0.9939320594229889,9.282694327727123,1.0,2.7028666666666665,2802.0,-0.00021943599799412183,-0.01308523749795043
3.3208276034542643,-0.9939402874931776,9.269609090229173,1.0,2.7026,2803.0,-0.00021943599799456592,-0.01308523749795043
3.32060816745627,-0.9939485155633664,9.256523852731222,1.0,2.7023333333333333,2804.0,-0.00021943599799412183,-0.01308523749795043
3.320388731458276,-0.9939567436335551,9.243438615233272,1.0,2.7020666666666666,2805.0,-0.00021943599799412183,-0.01308523749795043
3.3201692954602815,-0.993964971703744,9.230353377735323,1.0,2.7018,2806.0,-0.00021943599799456592,-0.013085237497948654
3.3199498594622874,-0.9939731997739327,9.217268140237373,1.0,2.7015333333333333,2807.0,-0.00021943599799412183,-0.01308523749795043
3.319730423464293,-0.9939814278441215,9.204182902739422,1.0,2.7012666666666667,2808.0,-0.00021943599799456592,-0.01308523749795043
3.3195109874662987,-0.9939896559143102,9.191097665241472,1.0,2.701,2809.0,-0.00021943599799412183,-0.01308523749795043
3.319278194948865,-0.9939313735256737,9.182383813094482,1.0,2.7008666666666667,2810.0,-0.00023279251743391072,-0.008713852146989609
3.3190454024314313,-0.9938730911370373,9.173669960947493,1.0,2.7007333333333334,2811.0,-0.00023279251743346663,-0.008713852146989609
3.3188126099139974,-0.9938148087484008,9.164956108800503,1.0,2.7006,2812.0,-0.00023279251743391072,-0.008713852146989609
3.3185798173965635,-0.9937565263597643,9.156242256653512,1.0,2.700466666666667,2813.0,-0.00023279251743391072,-0.008713852146991385
3.31834702487913,-0.9936982439711278,9.147528404506522,1.0,2.7003333333333335,2814.0,-0.00023279251743346663,-0.008713852146989609
3.318114232361696,-0.9936399615824913,9.138814552359532,1.0,2.7002,2815.0,-0.00023279251743391072,-0.008713852146989609
3.317881439844262,-0.9935816791938549,9.130100700212543,1.0,2.700066666666667,2816.0,-0.00023279251743391072,-0.008713852146989609
3.3176486473268287,-0.9935233968052183,9.121386848065553,1.0,2.699933333333333,2817.0,-0.00023279251743346663,-0.008713852146989609
3.317415854809395,-0.9934651144165818,9.112672995918564,1.0,2.6997999999999998,2818.0,-0.00023279251743391072,-0.008713852146989609
3.317183062291961,-0.9934068320279453,9.103959143771574,1.0,2.6996666666666664,2819.0,-0.00023279251743391072,-0.008713852146989609
3.3169502697745274,-0.9933485496393089,9.095245291624584,1.0,2.699533333333333,2820.0,-0.00023279251743346663,-0.008713852146989609
3.3167174772570935,-0.9932902672506724,9.086531439477593,1.0,2.6994,2821.0,-0.00023279251743391072,-0.008713852146991385
3.3164846847396596,-0.9932319848620359,9.077817587330603,1.0,2.6992666666666665,2822.0,-0.00023279251743391072,-0.008713852146989609
3.316251892222226,-0.9931737024733994,9.069103735183614,1.0,2.699133333333333,2823.0,-0.00023279251743346663,-0.008713852146989609
3.3160190997047923,-0.993115420084763,9.060389883036624,1.0,2.699,2824.0,-0.00023279251743391072,-0.008713852146989609
3.3157690186398043,-0.9931690318149287,9.05377926760714,1.0,2.698733333333333,2825.0,-0.00025008106498791705,-0.006610615429483602
3.315518937574816,-0.9932226435450944,9.047168652177655,1.0,2.6984666666666666,2826.0,-0.00025008106498836113,-0.006610615429485378
3.315268856509828,-0.9932762552752601,9.040558036748171,1.0,2.6982,2827.0,-0.00025008106498791705,-0.006610615429483602
3.31501877544484,-0.9933298670054257,9.033947421318688,1.0,2.6979333333333333,2828.0,-0.00025008106498791705,-0.006610615429483602
3.3147686943798518,-0.9933834787355914,9.027336805889203,1.0,2.6976666666666667,2829.0,-0.00025008106498836113,-0.006610615429485378
3.314518613314864,-0.9934370904657571,9.020726190459719,1.0,2.6974,2830.0,-0.00025008106498791705,-0.006610615429483602
3.314268532249876,-0.9934907021959228,9.014115575030235,1.0,2.6971333333333334,2831.0,-0.00025008106498791705,-0.006610615429483602
3.3140184511848876,-0.9935443139260886,9.00750495960075,1.0,2.6968666666666663,2832.0,-0.00025008106498836113,-0.006610615429485378
3.3137683701198997,-0.9935979256562543,9.000894344171266,1.0,2.6965999999999997,2833.0,-0.00025008106498791705,-0.006610615429483602
3.3135182890549117,-0.99365153738642,8.994283728741783,1.0,2.696333333333333,2834.0,-0.00025008106498791705,-0.006610615429483602
3.3132682079899234,-0.9937051491165857,8.987673113312297,1.0,2.6960666666666664,2835.0,-0.00025008106498836113,-0.006610615429485378
3.3130181269249355,-0.9937587608467513,8.981062497882814,1.0,2.6957999999999998,2836.0,-0.00025008106498791705,-0.006610615429483602
3.3127680458599476,-0.993812372576917,8.97445188245333,1.0,2.695533333333333,2837.0,-0.00025008106498791705,-0.006610615429483602
3.312517964794959,-0.9938659843070827,8.967841267023845,1.0,2.6952666666666665,2838.0,-0.00025008106498836113,-0.006610615429485378
3.3122678837299713,-0.9939195960372484,8.961230651594361,1.0,2.695,2839.0,-0.00025008106498791705,-0.006610615429483602
3.3119968719861146,-0.9938796992510719,8.952336910173573,1.0,2.6946666666666665,2840.0,-0.00027101174385668614,-0.00889374142078836
3.3117258602422583,-0.9938398024648952,8.943443168752786,1.0,2.6943333333333332,2841.0,-0.00027101174385624205,-0.008893741420786583
3.3114548484984017,-0.9937999056787187,8.934549427331998,1.0,2.694,2842.0,-0.00027101174385668614,-0.00889374142078836
3.311183836754545,-0.9937600088925421,8.92565568591121,1.0,2.6936666666666667,2843.0,-0.00027101174385668614,-0.00889374142078836
3.3109128250106887,-0.9937201121063655,8.916761944490423,1.0,2.6933333333333334,2844.0,-0.00027101174385624205,-0.008893741420786583
3.310641813266832,-0.9936802153201889,8.907868203069635,1.0,2.693,2845.0,-0.00027101174385668614,-0.00889374142078836
3.3103708015229754,-0.9936403185340124,8.898974461648846,1.0,2.6926666666666668,2846.0,-0.00027101174385668614,-0.00889374142078836
3.310099789779119,-0.9936004217478357,8.89008072022806,1.0,2.692333333333333,2847.0,-0.00027101174385624205,-0.008893741420786583
3.3098287780352624,-0.9935605249616591,8.881186978807271,1.0,2.6919999999999997,2848.0,-0.00027101174385668614,-0.00889374142078836
3.3095577662914057,-0.9935206281754826,8.872293237386483,1.0,2.6916666666666664,2849.0,-0.00027101174385668614,-0.00889374142078836
3.3092867545475495,-0.9934807313893059,8.863399495965696,1.0,2.691333333333333,2850.0,-0.00027101174385624205,-0.008893741420786583
3.309015742803693,-0.9934408346031294,8.854505754544908,1.0,2.691,2851.0,-0.00027101174385668614,-0.00889374142078836
3.308744731059836,-0.9934009378169528,8.84561201312412,1.0,2.6906666666666665,2852.0,-0.00027101174385668614,-0.00889374142078836
3.30847371931598,-0.9933610410307762,8.836718271703333,1.0,2.6903333333333332,2853.0,-0.00027101174385624205,-0.008893741420786583
3.308202707572123,-0.9933211442445996,8.827824530282545,1.0,2.69,2854.0,-0.00027101174385668614,-0.00889374142078836
3.307914198698771,-0.9932463837453562,8.822359255171424,1.0,2.6896666666666667,2855.0,-0.000288508873352189,-0.005465275111120604
3.3076256898254184,-0.9931716232461129,8.816893980060303,1.0,2.6893333333333334,2856.0,-0.0002885088733526331,-0.005465275111120604
3.307337180952066,-0.9930968627468695,8.811428704949183,1.0,2.689,2857.0,-0.000288508873352189,-0.005465275111120604
3.3070486720787136,-0.9930221022476262,8.805963429838064,1.0,2.6886666666666668,2858.0,-0.0002885088733526331,-0.005465275111118828
3.3067601632053614,-0.9929473417483828,8.800498154726943,1.0,2.6883333333333335,2859.0,-0.000288508873352189,-0.005465275111120604
3.306471654332009,-0.9928725812491395,8.795032879615823,1.0,2.688,2860.0,-0.000288508873352189,-0.005465275111120604
3.3061831454586565,-0.9927978207498961,8.789567604504702,1.0,2.687666666666667,2861.0,-0.0002885088733526331,-0.005465275111120604
3.3058946365853044,-0.9927230602506527,8.784102329393582,1.0,2.687333333333333,2862.0,-0.000288508873352189,-0.005465275111120604
3.3056061277119517,-0.9926482997514093,8.778637054282461,1.0,2.687,2863.0,-0.0002885088733526331,-0.005465275111120604
3.3053176188385995,-0.992573539252166,8.77317177917134,1.0,2.6866666666666665,2864.0,-0.000288508873352189,-0.005465275111120604
3.3050291099652473,-0.9924987787529226,8.76770650406022,1.0,2.6863333333333332,2865.0,-0.000288508873352189,-0.005465275111120604
3.3047406010918947,-0.9924240182536793,8.762241228949101,1.0,2.686,2866.0,-0.0002885088733526331,-0.005465275111118828
3.3044520922185425,-0.9923492577544359,8.75677595383798,1.0,2.6856666666666666,2867.0,-0.000288508873352189,-0.005465275111120604
3.30416358334519,-0.9922744972551926,8.75131067872686,1.0,2.6853333333333333,2868.0,-0.0002885088733526331,-0.005465275111120604
3.3038750744718377,-0.9921997367559492,8.74584540361574,1.0,2.685,2869.0,-0.000288508873352189,-0.005465275111120604
3.3035835178699386,-0.9923453880935422,8.741590061470578,1.0,2.6846,2870.0,-0.00029155660189905674,-0.004255342145160768
3.303291961268039,-0.9924910394311354,8.737334719325418,1.0,2.6842,2871.0,-0.00029155660189950083,-0.004255342145160768
3.30300040466614,-0.9926366907687284,8.733079377180257,1.0,2.6838,2872.0,-0.00029155660189905674,-0.004255342145160768
3.3027088480642406,-0.9927823421063215,8.728824035035096,1.0,2.6834,2873.0,-0.00029155660189950083,-0.004255342145160768
3.3024172914623415,-0.9929279934439146,8.724568692889935,1.0,2.683,2874.0,-0.00029155660189905674,-0.004255342145160768
3.302125734860442,-0.9930736447815076,8.720313350744775,1.0,2.6826,2875.0,-0.00029155660189950083,-0.004255342145160768
3.301834178258543,-0.9932192961191008,8.716058008599614,1.0,2.6822,2876.0,-0.00029155660189905674,-0.004255342145160768
3.3015426216566435,-0.9933649474566938,8.711802666454451,1.0,2.6818,2877.0,-0.00029155660189950083,-0.004255342145162544
3.3012510650547444,-0.9935105987942869,8.70754732430929,1.0,2.6814,2878.0,-0.00029155660189905674,-0.004255342145160768
3.300959508452845,-0.99365625013188,8.70329198216413,1.0,2.681,2879.0,-0.00029155660189950083,-0.004255342145160768
3.300667951850946,-0.993801901469473,8.699036640018969,1.0,2.6806,2880.0,-0.00029155660189905674,-0.004255342145160768
3.3003763952490464,-0.9939475528070661,8.694781297873808,1.0,2.6801999999999997,2881.0,-0.00029155660189950083,-0.004255342145160768
3.3000848386471473,-0.9940932041446592,8.690525955728647,1.0,2.6797999999999997,2882.0,-0.00029155660189905674,-0.004255342145160768
3.299793282045248,-0.9942388554822523,8.686270613583487,1.0,2.6794,2883.0,-0.00029155660189950083,-0.004255342145160768
3.2995017254433487,-0.9943845068198454,8.682015271438326,1.0,2.679,2884.0,-0.00029155660189905674,-0.004255342145160768
3.2992158430707432,-0.9943863755165526,8.678915097345609,1.0,2.6788,2885.0,-0.0002858823726055171,-0.003100174092717012
3.298929960698138,-0.9943882442132599,8.675814923252892,1.0,2.6786,2886.0,-0.000285882372605073,-0.003100174092717012
3.2986440783255326,-0.9943901129099671,8.672714749160175,1.0,2.6784,2887.0,-0.0002858823726055171,-0.003100174092717012
3.2983581959529276,-0.9943919816066744,8.669614575067458,1.0,2.6782,2888.0,-0.000285882372605073,-0.003100174092717012
3.298072313580322,-0.9943938503033817,8.66651440097474,1.0,2.678,2889.0,-0.0002858823726055171,-0.003100174092717012
3.2977864312077165,-0.9943957190000889,8.663414226882024,1.0,2.6778,2890.0,-0.0002858823726055171,-0.003100174092717012
3.2975005488351115,-0.9943975876967962,8.660314052789307,1.0,2.6776,2891.0,-0.000285882372605073,-0.003100174092717012
3.297214666462506,-0.9943994563935036,8.657213878696592,1.0,2.6774,2892.0,-0.0002858823726055171,-0.0031001740927152355
3.296928784089901,-0.9944013250902108,8.654113704603875,1.0,2.6772,2893.0,-0.000285882372605073,-0.003100174092717012
3.2966429017172953,-0.9944031937869181,8.651013530511158,1.0,2.677,2894.0,-0.0002858823726055171,-0.003100174092717012
3.29635701934469,-0.9944050624836254,8.64791335641844,1.0,2.6768,2895.0,-0.0002858823726055171,-0.003100174092717012
3.2960711369720848,-0.9944069311803326,8.644813182325723,1.0,2.6766,2896.0,-0.000285882372605073,-0.003100174092717012
3.2957852545994792,-0.9944087998770399,8.641713008233006,1.0,2.6764,2897.0,-0.0002858823726055171,-0.003100174092717012
3.295499372226874,-0.9944106685737472,8.63861283414029,1.0,2.6762,2898.0,-0.000285882372605073,-0.003100174092717012
3.2952134898542687,-0.9944125372704544,8.635512660047572,1.0,2.676,2899.0,-0.0002858823726055171,-0.003100174092717012
3.2949049227754426,-0.9943692642907835,8.628650518473622,1.0,2.675666666666667,2900.0,-0.00030856707882609413,-0.0068621415739507086
3.2945963556966165,-0.9943259913111127,8.621788376899671,1.0,2.6753333333333336,2901.0,-0.00030856707882609413,-0.0068621415739507086
3.2942877886177904,-0.9942827183314418,8.61492623532572,1.0,2.6750000000000003,2902.0,-0.00030856707882609413,-0.0068621415739507086
3.2939792215389647,-0.9942394453517709,8.60806409375177,1.0,2.6746666666666665,2903.0,-0.00030856707882565004,-0.0068621415739507086
3.2936706544601386,-0.9941961723721,8.601201952177819,1.0,2.6743333333333332,2904.0,-0.00030856707882609413,-0.0068621415739507086
3.2933620873813125,-0.9941528993924291,8.594339810603868,1.0,2.674,2905.0,-0.00030856707882609413,-0.0068621415739507086
3.2930535203024864,-0.9941096264127582,8.587477669029917,1.0,2.6736666666666666,2906.0,-0.00030856707882609413,-0.0068621415739507086
3.2927449532236603,-0.9940663534330874,8.580615527455967,1.0,2.6733333333333333,2907.0,-0.00030856707882609413,-0.0068621415739507086
3.2924363861448342,-0.9940230804534165,8.573753385882016,1.0,2.673,2908.0,-0.00030856707882609413,-0.0068621415739507086
3.292127819066008,-0.9939798074737456,8.566891244308065,1.0,2.6726666666666667,2909.0,-0.00030856707882609413,-0.0068621415739507086
3.291819251987182,-0.9939365344940747,8.560029102734115,1.0,2.6723333333333334,2910.0,-0.00030856707882609413,-0.0068621415739507086
3.2915106849083564,-0.9938932615144038,8.553166961160164,1.0,2.6719999999999997,2911.0,-0.00030856707882565004,-0.0068621415739507086
3.2912021178295303,-0.9938499885347329,8.546304819586213,1.0,2.6716666666666664,2912.0,-0.00030856707882609413,-0.0068621415739507086
3.290893550750704,-0.9938067155550621,8.539442678012263,1.0,2.671333333333333,2913.0,-0.00030856707882609413,-0.0068621415739507086
3.290584983671878,-0.9937634425753912,8.532580536438312,1.0,2.671,2914.0,-0.00030856707882609413,-0.0068621415739507086
3.2902793871627423,-0.9936984509713721,8.545234153289874,1.0,2.670733333333333,2915.0,-0.00030559650913586367,0.012653616851562077
3.289973790653606,-0.993633459367353,8.557887770141436,1.0,2.6704666666666665,2916.0,-0.00030559650913630776,0.012653616851562077
3.28966819414447,-0.9935684677633339,8.570541386992998,1.0,2.6702,2917.0,-0.00030559650913586367,0.012653616851562077
3.289362597635334,-0.9935034761593148,8.58319500384456,1.0,2.6699333333333333,2918.0,-0.00030559650913630776,0.012653616851562077
3.289057001126198,-0.9934384845552957,8.595848620696122,1.0,2.6696666666666666,2919.0,-0.00030559650913586367,0.012653616851562077
3.2887514046170616,-0.9933734929512766,8.608502237547684,1.0,2.6694,2920.0,-0.00030559650913630776,0.012653616851562077
3.2884458081079257,-0.9933085013472576,8.621155854399246,1.0,2.6691333333333334,2921.0,-0.00030559650913586367,0.012653616851562077
3.2881402115987894,-0.9932435097432384,8.63380947125081,1.0,2.6688666666666663,2922.0,-0.00030559650913630776,0.012653616851563854
3.2878346150896536,-0.9931785181392193,8.646463088102372,1.0,2.6685999999999996,2923.0,-0.00030559650913586367,0.012653616851562077
3.2875290185805173,-0.9931135265352002,8.659116704953934,1.0,2.668333333333333,2924.0,-0.00030559650913630776,0.012653616851562077
3.2872234220713814,-0.9930485349311812,8.671770321805496,1.0,2.6680666666666664,2925.0,-0.00030559650913586367,0.012653616851562077
3.286917825562245,-0.9929835433271621,8.684423938657059,1.0,2.6677999999999997,2926.0,-0.00030559650913630776,0.012653616851562077
3.2866122290531092,-0.9929185517231429,8.69707755550862,1.0,2.667533333333333,2927.0,-0.00030559650913586367,0.012653616851562077
3.286306632543973,-0.9928535601191238,8.709731172360183,1.0,2.6672666666666665,2928.0,-0.00030559650913630776,0.012653616851562077
3.286001036034837,-0.9927885685151048,8.722384789211745,1.0,2.667,2929.0,-0.00030559650913586367,0.012653616851562077
3.285718639162373,-0.992910035928125,8.7310767964697,1.0,2.6666666666666665,2930.0,-0.00028239687246411904,0.008692007257955936
3.2854362422899093,-0.9930315033411452,8.739768803727655,1.0,2.666333333333333,2931.0,-0.00028239687246367495,0.00869200725795416
3.285153845417445,-0.9931529707541654,8.74846081098561,1.0,2.666,2932.0,-0.00028239687246411904,0.008692007257955936
3.2848714485449815,-0.9932744381671856,8.757152818243565,1.0,2.6656666666666666,2933.0,-0.00028239687246367495,0.00869200725795416
3.2845890516725174,-0.9933959055802059,8.76584482550152,1.0,2.6653333333333333,2934.0,-0.00028239687246411904,0.008692007257955936
3.2843066548000532,-0.9935173729932261,8.774536832759475,1.0,2.665,2935.0,-0.00028239687246411904,0.00869200725795416
3.2840242579275896,-0.9936388404062463,8.783228840017431,1.0,2.6646666666666667,2936.0,-0.00028239687246367495,0.008692007257955936
3.2837418610551254,-0.9937603078192665,8.791920847275385,1.0,2.664333333333333,2937.0,-0.00028239687246411904,0.00869200725795416
3.2834594641826618,-0.9938817752322867,8.800612854533341,1.0,2.6639999999999997,2938.0,-0.00028239687246367495,0.008692007257955936
3.2831770673101976,-0.9940032426453069,8.809304861791295,1.0,2.6636666666666664,2939.0,-0.00028239687246411904,0.00869200725795416
3.2828946704377335,-0.9941247100583271,8.817996869049251,1.0,2.663333333333333,2940.0,-0.00028239687246411904,0.008692007257955936
3.28261227356527,-0.9942461774713474,8.826688876307205,1.0,2.663,2941.0,-0.00028239687246367495,0.00869200725795416
3.2823298766928057,-0.9943676448843676,8.835380883565161,1.0,2.6626666666666665,2942.0,-0.00028239687246411904,0.008692007257955936
3.282047479820342,-0.9944891122973878,8.844072890823115,1.0,2.662333333333333,2943.0,-0.00028239687246367495,0.00869200725795416
3.281765082947878,-0.994610579710408,8.852764898081071,1.0,2.662,2944.0,-0.00028239687246411904,0.008692007257955936
3.281451245297522,-0.9945815647842542,8.85833052600995,1.0,2.6617142857142855,2945.0,-0.0003138376503559748,0.00556562792887938
3.281137407647166,-0.9945525498581004,8.86389615393883,1.0,2.6614285714285715,2946.0,-0.0003138376503559748,0.00556562792887938
3.28082356999681,-0.9945235349319466,8.869461781867711,1.0,2.661142857142857,2947.0,-0.0003138376503559748,0.005565627928881156
3.280509732346454,-0.9944945200057926,8.87502740979659,1.0,2.6608571428571426,2948.0,-0.0003138376503559748,0.00556562792887938
3.280195894696098,-0.9944655050796388,8.88059303772547,1.0,2.6605714285714286,2949.0,-0.0003138376503559748,0.00556562792887938
3.279882057045742,-0.994436490153485,8.88615866565435,1.0,2.660285714285714,2950.0,-0.0003138376503559748,0.00556562792887938
3.279568219395386,-0.9944074752273312,8.89172429358323,1.0,2.66,2951.0,-0.0003138376503559748,0.005565627928881156
3.27925438174503,-0.9943784603011774,8.89728992151211,1.0,2.6597142857142857,2952.0,-0.0003138376503559748,0.00556562792887938
3.278940544094674,-0.9943494453750236,8.90285554944099,1.0,2.6594285714285713,2953.0,-0.0003138376503559748,0.00556562792887938
3.278626706444318,-0.9943204304488698,8.908421177369869,1.0,2.6591428571428573,2954.0,-0.0003138376503559748,0.00556562792887938
3.278312868793962,-0.9942914155227158,8.913986805298748,1.0,2.658857142857143,2955.0,-0.0003138376503559748,0.00556562792887938
3.2779990311436062,-0.994262400596562,8.91955243322763,1.0,2.6585714285714284,2956.0,-0.0003138376503559748,0.005565627928881156
3.2776851934932503,-0.9942333856704082,8.925118061156509,1.0,2.6582857142857144,2957.0,-0.0003138376503559748,0.00556562792887938
3.2773713558428943,-0.9942043707442544,8.930683689085388,1.0,2.658,2958.0,-0.0003138376503559748,0.00556562792887938
3.2770948046039754,-0.9942753897853457,8.934521021132461,1.0,2.6577333333333333,2959.0,-0.00027655123891889843,0.003837332047073261
3.276818253365056,-0.9943464088264369,8.938358353179535,1.0,2.6574666666666666,2960.0,-0.0002765512389193425,0.003837332047073261
3.276541702126137,-0.9944174278675282,8.942195685226608,1.0,2.6572,2961.0,-0.00027655123891889843,0.003837332047073261
3.276265150887218,-0.9944884469086195,8.946033017273681,1.0,2.6569333333333334,2962.0,-0.0002765512389193425,0.003837332047073261
3.275988599648299,-0.9945594659497107,8.949870349320754,1.0,2.6566666666666667,2963.0,-0.00027655123891889843,0.003837332047073261
3.27571204840938,-0.994630484990802,8.953707681367828,1.0,2.6564,2964.0,-0.00027655123891889843,0.003837332047073261
3.2754354971704607,-0.9947015040318933,8.9575450134149,1.0,2.6561333333333335,2965.0,-0.0002765512389193425,0.003837332047073261
3.2751589459315418,-0.9947725230729845,8.961382345461976,1.0,2.6558666666666664,2966.0,-0.00027655123891889843,0.003837332047075037
3.2748823946926224,-0.9948435421140758,8.96521967750905,1.0,2.6555999999999997,2967.0,-0.0002765512389193425,0.003837332047073261
3.2746058434537035,-0.9949145611551671,8.969057009556122,1.0,2.655333333333333,2968.0,-0.00027655123891889843,0.003837332047073261
3.2743292922147846,-0.9949855801962583,8.972894341603196,1.0,2.6550666666666665,2969.0,-0.00027655123891889843,0.003837332047073261
3.2740527409758653,-0.9950565992373496,8.976731673650269,1.0,2.6548,2970.0,-0.0002765512389193425,0.003837332047073261
3.2737761897369464,-0.9951276182784409,8.980569005697342,1.0,2.654533333333333,2971.0,-0.00027655123891889843,0.003837332047073261
3.273499638498027,-0.9951986373195321,8.984406337744415,1.0,2.6542666666666666,2972.0,-0.0002765512389193425,0.003837332047073261
3.273223087259108,-0.9952696563606234,8.988243669791489,1.0,2.654,2973.0,-0.00027655123891889843,0.003837332047073261
3.2729639838059486,-0.9952777680555883,8.99420418252999,1.0,2.6536666666666666,2974.0,-0.0002591034531596037,0.005960512738500512
3.272704880352789,-0.9952858797505532,9.00016469526849,1.0,2.6533333333333333,2975.0,-0.0002591034531596037,0.005960512738500512
3.2724457768996293,-0.9952939914455181,9.006125208006992,1.0,2.653,2976.0,-0.0002591034531596037,0.005960512738502288
3.27218667344647,-0.9953021031404831,9.012085720745493,1.0,2.6526666666666667,2977.0,-0.0002591034531591596,0.005960512738500512
3.2719275699933106,-0.995310214835448,9.018046233483993,1.0,2.6523333333333334,2978.0,-0.0002591034531596037,0.005960512738500512
3.271668466540151,-0.9953183265304129,9.024006746222494,1.0,2.652,2979.0,-0.0002591034531596037,0.005960512738500512
3.2714093630869914,-0.9953264382253778,9.029967258960994,1.0,2.651666666666667,2980.0,-0.0002591034531596037,0.005960512738500512
3.2711502596338318,-0.9953345499203428,9.035927771699496,1.0,2.651333333333333,2981.0,-0.0002591034531596037,0.005960512738502288
3.270891156180672,-0.9953426616153077,9.041888284437997,1.0,2.651,2982.0,-0.0002591034531596037,0.005960512738500512
3.2706320527275126,-0.9953507733102726,9.047848797176497,1.0,2.6506666666666665,2983.0,-0.0002591034531596037,0.005960512738500512
3.270372949274353,-0.9953588850052375,9.053809309914998,1.0,2.650333333333333,2984.0,-0.0002591034531596037,0.005960512738500512
3.270113845821194,-0.9953669967002025,9.059769822653498,1.0,2.65,2985.0,-0.0002591034531591596,0.005960512738500512
3.269854742368034,-0.9953751083951674,9.065730335392,1.0,2.6496666666666666,2986.0,-0.0002591034531596037,0.005960512738502288
3.2695956389148746,-0.9953832200901322,9.071690848130501,1.0,2.6493333333333333,2987.0,-0.0002591034531596037,0.005960512738500512
3.269336535461715,-0.9953913317850972,9.077651360869002,1.0,2.649,2988.0,-0.0002591034531596037,0.005960512738500512
3.2690901789377316,-0.9953250269628083,9.080829631877595,1.0,2.6488,2989.0,-0.00024635652398341534,0.0031782710085934696
3.268843822413748,-0.9952587221405195,9.08400790288619,1.0,2.6486,2990.0,-0.00024635652398341534,0.003178271008595246
3.268597465889765,-0.9951924173182306,9.087186173894784,1.0,2.6484,2991.0,-0.00024635652398297125,0.0031782710085934696
3.2683511093657818,-0.9951261124959417,9.09036444490338,1.0,2.6482,2992.0,-0.00024635652398341534,0.003178271008595246
3.2681047528417984,-0.9950598076736529,9.093542715911973,1.0,2.648,2993.0,-0.00024635652398341534,0.0031782710085934696
3.267858396317815,-0.994993502851364,9.096720986920566,1.0,2.6478,2994.0,-0.00024635652398341534,0.0031782710085934696
3.2676120397938315,-0.9949271980290751,9.099899257929161,1.0,2.6476,2995.0,-0.00024635652398341534,0.003178271008595246
3.2673656832698486,-0.9948608932067863,9.103077528937755,1.0,2.6473999999999998,2996.0,-0.00024635652398297125,0.0031782710085934696
3.267119326745865,-0.9947945883844974,9.10625579994635,1.0,2.6471999999999998,2997.0,-0.00024635652398341534,0.003178271008595246
3.2668729702218817,-0.9947282835622085,9.109434070954944,1.0,2.647,2998.0,-0.00024635652398341534,0.0031782710085934696
3.2666266136978983,-0.9946619787399197,9.112612341963537,1.0,2.6468,2999.0,-0.00024635652398341534,0.0031782710085934696
3.266380257173915,-0.9945956739176308,9.115790612972132,1.0,2.6466,3000.0,-0.00024635652398341534,0.003178271008595246
3.266133900649932,-0.994529369095342,9.118968883980726,1.0,2.6464,3001.0,-0.00024635652398297125,0.0031782710085934696
3.2658875441259485,-0.9944630642730531,9.122147154989321,1.0,2.6462,3002.0,-0.00024635652398341534,0.003178271008595246
3.265641187601965,-0.9943967594507642,9.125325425997914,1.0,2.646,3003.0,-0.00024635652398341534,0.0031782710085934696
3.2653964829777564,-0.994359833370377,9.127604988325537,1.0,2.6457333333333333,3004.0,-0.00024470462420866923,0.0022795623276223864
3.2651517783535478,-0.99432290728999,9.12988455065316,1.0,2.6454666666666666,3005.0,-0.00024470462420866923,0.0022795623276223864
3.264907073729339,-0.9942859812096028,9.132164112980783,1.0,2.6452,3006.0,-0.00024470462420866923,0.0022795623276241628
3.26466236910513,-0.9942490551292156,9.134443675308406,1.0,2.6449333333333334,3007.0,-0.0002447046242091133,0.0022795623276223864
3.2644176644809213,-0.9942121290488284,9.136723237636028,1.0,2.6446666666666667,3008.0,-0.00024470462420866923,0.0022795623276223864
3.2641729598567126,-0.9941752029684413,9.13900279996365,1.0,2.6444,3009.0,-0.00024470462420866923,0.0022795623276223864
3.263928255232504,-0.9941382768880541,9.141282362291273,1.0,2.6441333333333334,3010.0,-0.00024470462420866923,0.0022795623276223864
3.2636835506082953,-0.9941013508076669,9.143561924618897,1.0,2.6438666666666664,3011.0,-0.00024470462420866923,0.0022795623276241628
3.2634388459840866,-0.9940644247272797,9.14584148694652,1.0,2.6435999999999997,3012.0,-0.00024470462420866923,0.0022795623276223864
3.263194141359878,-0.9940274986468927,9.148121049274142,1.0,2.643333333333333,3013.0,-0.00024470462420866923,0.0022795623276223864
3.2629494367356693,-0.9939905725665055,9.150400611601764,1.0,2.6430666666666665,3014.0,-0.00024470462420866923,0.0022795623276223864
3.26270473211146,-0.9939536464861183,9.152680173929387,1.0,2.6428,3015.0,-0.0002447046242091133,0.0022795623276223864
3.2624600274872515,-0.9939167204057311,9.15495973625701,1.0,2.642533333333333,3016.0,-0.00024470462420866923,0.0022795623276241628
3.262215322863043,-0.993879794325344,9.157239298584633,1.0,2.6422666666666665,3017.0,-0.00024470462420866923,0.0022795623276223864
3.261970618238834,-0.9938428682449568,9.159518860912256,1.0,2.642,3018.0,-0.00024470462420866923,0.0022795623276223864
3.2617203963207846,-0.9940211225935838,9.159718440378228,1.0,2.6417333333333333,3019.0,-0.0002502219180495757,0.00019957946597237708
3.2614701744027355,-0.9941993769422108,9.1599180198442,1.0,2.6414666666666666,3020.0,-0.00025022191804913163,0.00019957946597237708
3.261219952484686,-0.9943776312908378,9.160117599310173,1.0,2.6412,3021.0,-0.0002502219180495757,0.00019957946597237708
3.2609697305666367,-0.9945558856394647,9.160317178776145,1.0,2.6409333333333334,3022.0,-0.00025022191804913163,0.00019957946597237708
3.260719508648587,-0.9947341399880918,9.160516758242117,1.0,2.6406666666666667,3023.0,-0.0002502219180495757,0.00019957946597237708
3.2604692867305376,-0.9949123943367187,9.16071633770809,1.0,2.6404,3024.0,-0.0002502219180495757,0.00019957946597237708
3.2602190648124885,-0.9950906486853457,9.160915917174062,1.0,2.6401333333333334,3025.0,-0.00025022191804913163,0.00019957946597237708
3.259968842894439,-0.9952689030339728,9.161115496640033,1.0,2.6398666666666664,3026.0,-0.0002502219180495757,0.00019957946597060072
3.2597186209763898,-0.9954471573825997,9.161315076106005,1.0,2.6395999999999997,3027.0,-0.00025022191804913163,0.00019957946597237708
3.25946839905834,-0.9956254117312267,9.161514655571978,1.0,2.639333333333333,3028.0,-0.0002502219180495757,0.00019957946597237708
3.2592181771402906,-0.9958036660798537,9.16171423503795,1.0,2.6390666666666664,3029.0,-0.0002502219180495757,0.00019957946597237708
3.2589679552222415,-0.9959819204284807,9.161913814503922,1.0,2.6388,3030.0,-0.00025022191804913163,0.00019957946597237708
3.258717733304192,-0.9961601747771076,9.162113393969895,1.0,2.638533333333333,3031.0,-0.0002502219180495757,0.00019957946597237708
3.2584675113861428,-0.9963384291257347,9.162312973435867,1.0,2.6382666666666665,3032.0,-0.00025022191804913163,0.00019957946597237708
3.258217289468093,-0.9965166834743616,9.16251255290184,1.0,2.638,3033.0,-0.0002502219180495757,0.00019957946597237708
3.257990773752232,-0.9962855273743118,9.166153620898948,1.0,2.6378,3034.0,-0.00022651571586118635,0.0036410679971083937
3.2577642580363704,-0.9960543712742618,9.169794688896056,1.0,2.6376,3035.0,-0.00022651571586163044,0.0036410679971083937
3.257537742320509,-0.9958232151742119,9.173435756893165,1.0,2.6374,3036.0,-0.00022651571586118635,0.0036410679971083937
3.257311226604648,-0.995592059074162,9.177076824890275,1.0,2.6372,3037.0,-0.00022651571586118635,0.00364106799711017
3.2570847108887864,-0.9953609029741122,9.180717892887383,1.0,2.637,3038.0,-0.00022651571586163044,0.0036410679971083937
3.256858195172925,-0.9951297468740622,9.184358960884492,1.0,2.6368,3039.0,-0.00022651571586118635,0.0036410679971083937
3.256631679457064,-0.9948985907740123,9.1880000288816,1.0,2.6366,3040.0,-0.00022651571586118635,0.0036410679971083937
3.2564051637412024,-0.9946674346739625,9.191641096878708,1.0,2.6363999999999996,3041.0,-0.00022651571586163044,0.0036410679971083937
3.256178648025341,-0.9944362785739126,9.195282164875817,1.0,2.6361999999999997,3042.0,-0.00022651571586118635,0.0036410679971083937
3.25595213230948,-0.9942051224738626,9.198923232872925,1.0,2.6359999999999997,3043.0,-0.00022651571586118635,0.0036410679971083937
3.2557256165936184,-0.9939739663738127,9.202564300870034,1.0,2.6357999999999997,3044.0,-0.00022651571586163044,0.0036410679971083937
3.255499100877757,-0.9937428102737629,9.206205368867144,1.0,2.6355999999999997,3045.0,-0.00022651571586118635,0.00364106799711017
3.255272585161896,-0.993511654173713,9.209846436864252,1.0,2.6353999999999997,3046.0,-0.00022651571586118635,0.0036410679971083937
3.2550460694460344,-0.993280498073663,9.21348750486136,1.0,2.6351999999999998,3047.0,-0.00022651571586163044,0.0036410679971083937
3.254819553730173,-0.9930493419736132,9.217128572858469,1.0,2.635,3048.0,-0.00022651571586118635,0.0036410679971083937
3.254575171347889,-0.9930413432445439,9.220069936865526,1.0,2.6348,3049.0,-0.0002443823822839697,0.0029413640070572455
3.254330788965605,-0.9930333445154745,9.223011300872585,1.0,2.6346,3050.0,-0.0002443823822844138,0.002941364007059022
3.254086406583321,-0.9930253457864052,9.225952664879642,1.0,2.6344,3051.0,-0.0002443823822839697,0.0029413640070572455
3.253842024201037,-0.9930173470573359,9.228894028886701,1.0,2.6342,3052.0,-0.0002443823822839697,0.002941364007059022
3.2535976418187524,-0.9930093483282666,9.231835392893759,1.0,2.634,3053.0,-0.0002443823822844138,0.0029413640070572455
3.2533532594364685,-0.9930013495991973,9.234776756900818,1.0,2.6338,3054.0,-0.0002443823822839697,0.002941364007059022
3.2531088770541845,-0.992993350870128,9.237718120907875,1.0,2.6336,3055.0,-0.0002443823822839697,0.0029413640070572455
3.2528644946719,-0.9929853521410588,9.240659484914934,1.0,2.6334,3056.0,-0.0002443823822844138,0.002941364007059022
3.252620112289616,-0.9929773534119894,9.243600848921991,1.0,2.6332,3057.0,-0.0002443823822839697,0.0029413640070572455
3.252375729907332,-0.9929693546829201,9.24654221292905,1.0,2.633,3058.0,-0.0002443823822839697,0.002941364007059022
3.2521313475250477,-0.9929613559538508,9.249483576936107,1.0,2.6328,3059.0,-0.0002443823822844138,0.0029413640070572455
3.2518869651427638,-0.9929533572247815,9.252424940943166,1.0,2.6326,3060.0,-0.0002443823822839697,0.002941364007059022
3.25164258276048,-0.9929453584957122,9.255366304950224,1.0,2.6324,3061.0,-0.0002443823822839697,0.0029413640070572455
3.2513982003781954,-0.9929373597666429,9.258307668957283,1.0,2.6322,3062.0,-0.0002443823822844138,0.002941364007059022
3.2511538179959114,-0.9929293610375736,9.26124903296434,1.0,2.632,3063.0,-0.0002443823822839697,0.0029413640070572455
3.2509214787148855,-0.9930271660817774,9.26559915137314,1.0,2.6319333333333335,3064.0,-0.00023233928102595058,0.00435011840879973
3.2506891394338595,-0.9931249711259814,9.26994926978194,1.0,2.631866666666667,3065.0,-0.00023233928102595058,0.00435011840879973
3.2504568001528336,-0.9932227761701853,9.27429938819074,1.0,2.6318,3066.0,-0.00023233928102595058,0.00435011840879973
3.250224460871807,-0.9933205812143893,9.27864950659954,1.0,2.6317333333333335,3067.0,-0.00023233928102639467,0.004350118408801507
3.249992121590781,-0.9934183862585931,9.28299962500834,1.0,2.631666666666667,3068.0,-0.00023233928102595058,0.00435011840879973
3.2497597823097553,-0.9935161913027971,9.28734974341714,1.0,2.6316,3069.0,-0.00023233928102595058,0.00435011840879973
3.2495274430287293,-0.993613996347001,9.29169986182594,1.0,2.6315333333333335,3070.0,-0.00023233928102595058,0.00435011840879973
3.2492951037477034,-0.993711801391205,9.29604998023474,1.0,2.6314666666666664,3071.0,-0.00023233928102595058,0.00435011840879973
3.2490627644666774,-0.9938096064354088,9.30040009864354,1.0,2.6313999999999997,3072.0,-0.00023233928102595058,0.00435011840879973
3.2488304251856515,-0.9939074114796128,9.304750217052339,1.0,2.631333333333333,3073.0,-0.00023233928102595058,0.00435011840879973
3.2485980859046255,-0.9940052165238167,9.309100335461139,1.0,2.6312666666666664,3074.0,-0.00023233928102595058,0.00435011840879973
3.248365746623599,-0.9941030215680207,9.31345045386994,1.0,2.6311999999999998,3075.0,-0.00023233928102639467,0.004350118408801507
3.248133407342573,-0.9942008266122245,9.31780057227874,1.0,2.631133333333333,3076.0,-0.00023233928102595058,0.00435011840879973
3.247901068061547,-0.9942986316564285,9.32215069068754,1.0,2.6310666666666664,3077.0,-0.00023233928102595058,0.00435011840879973
3.2476687287805213,-0.9943964367006324,9.32650080909634,1.0,2.631,3078.0,-0.00023233928102595058,0.00435011840879973
3.2474314626725764,-0.9944091190600575,9.327922305155697,1.0,2.6306666666666665,3079.0,-0.0002372661079448335,0.0014214960593577075
3.247194196564631,-0.9944218014194827,9.329343801215055,1.0,2.630333333333333,3080.0,-0.00023726610794527758,0.0014214960593577075
3.2469569304566863,-0.9944344837789078,9.330765297274413,1.0,2.63,3081.0,-0.0002372661079448335,0.0014214960593577075
3.246719664348741,-0.9944471661383328,9.33218679333377,1.0,2.6296666666666666,3082.0,-0.00023726610794527758,0.0014214960593577075
3.246482398240796,-0.994459848497758,9.333608289393128,1.0,2.6293333333333333,3083.0,-0.0002372661079448335,0.0014214960593577075
3.246245132132851,-0.9944725308571831,9.335029785452486,1.0,2.629,3084.0,-0.00023726610794527758,0.0014214960593577075
3.246007866024906,-0.9944852132166082,9.336451281511843,1.0,2.6286666666666667,3085.0,-0.0002372661079448335,0.0014214960593577075
3.245770599916961,-0.9944978955760334,9.3378727775712,1.0,2.628333333333333,3086.0,-0.00023726610794527758,0.0014214960593559312
3.245533333809016,-0.9945105779354585,9.339294273630557,1.0,2.6279999999999997,3087.0,-0.0002372661079448335,0.0014214960593577075
3.2452960677010707,-0.9945232602948836,9.340715769689915,1.0,2.6276666666666664,3088.0,-0.00023726610794527758,0.0014214960593577075
3.245058801593126,-0.9945359426543088,9.342137265749273,1.0,2.627333333333333,3089.0,-0.0002372661079448335,0.0014214960593577075
3.2448215354851806,-0.9945486250137339,9.34355876180863,1.0,2.627,3090.0,-0.00023726610794527758,0.0014214960593577075
3.2445842693772358,-0.994561307373159,9.344980257867988,1.0,2.6266666666666665,3091.0,-0.0002372661079448335,0.0014214960593577075
3.2443470032692905,-0.9945739897325842,9.346401753927346,1.0,2.626333333333333,3092.0,-0.00023726610794527758,0.0014214960593577075
3.2441097371613457,-0.9945866720920092,9.347823249986703,1.0,2.626,3093.0,-0.0002372661079448335,0.0014214960593577075
3.243885079714573,-0.994702930356913,9.350358774875414,1.0,2.6257333333333333,3094.0,-0.00022465744677280242,0.0025355248887102277
3.2436604222678005,-0.9948191886218167,9.352894299764126,1.0,2.6254666666666666,3095.0,-0.00022465744677235833,0.002535524888712004
3.2434357648210277,-0.9949354468867205,9.355429824652836,1.0,2.6252,3096.0,-0.00022465744677280242,0.0025355248887102277
3.243211107374255,-0.9950517051516242,9.357965349541546,1.0,2.6249333333333333,3097.0,-0.00022465744677280242,0.0025355248887102277
3.242986449927482,-0.995167963416528,9.360500874430258,1.0,2.6246666666666667,3098.0,-0.00022465744677280242,0.002535524888712004
3.2427617924807097,-0.9952842216814318,9.363036399318968,1.0,2.6244,3099.0,-0.00022465744677235833,0.0025355248887102277
3.242537135033937,-0.9954004799463355,9.365571924207678,1.0,2.6241333333333334,3100.0,-0.00022465744677280242,0.0025355248887102277
3.242312477587164,-0.9955167382112393,9.36810744909639,1.0,2.6238666666666663,3101.0,-0.00022465744677280242,0.002535524888712004
3.2420878201403913,-0.995632996476143,9.3706429739851,1.0,2.6235999999999997,3102.0,-0.00022465744677280242,0.0025355248887102277
3.241863162693619,-0.9957492547410468,9.373178498873811,1.0,2.623333333333333,3103.0,-0.00022465744677235833,0.0025355248887102277
3.241638505246846,-0.9958655130059506,9.375714023762523,1.0,2.6230666666666664,3104.0,-0.00022465744677280242,0.002535524888712004
3.2414138478000734,-0.9959817712708543,9.378249548651233,1.0,2.6228,3105.0,-0.00022465744677280242,0.0025355248887102277
3.2411891903533006,-0.9960980295357581,9.380785073539943,1.0,2.622533333333333,3106.0,-0.00022465744677280242,0.0025355248887102277
3.240964532906528,-0.9962142878006618,9.383320598428655,1.0,2.6222666666666665,3107.0,-0.00022465744677235833,0.002535524888712004
3.2407398754597554,-0.9963305460655656,9.385856123317366,1.0,2.622,3108.0,-0.00022465744677280242,0.0025355248887102277
3.240506424001212,-0.9962046214405963,9.388509765111717,1.0,2.622,3109.0,-0.00023345145854358762,0.002653641794351458
3.2402729725426678,-0.996078696815627,9.391163406906069,1.0,2.622,3110.0,-0.0002334514585440317,0.002653641794351458
3.240039521084124,-0.9959527721906578,9.39381704870042,1.0,2.622,3111.0,-0.00023345145854358762,0.002653641794351458
3.23980606962558,-0.9958268475656885,9.39647069049477,1.0,2.622,3112.0,-0.0002334514585440317,0.0026536417943496815
3.2395726181670366,-0.9957009229407192,9.399124332289121,1.0,2.622,3113.0,-0.00023345145854358762,0.002653641794351458
3.239339166708493,-0.9955749983157499,9.401777974083473,1.0,2.622,3114.0,-0.00023345145854358762,0.002653641794351458
3.239105715249949,-0.9954490736907806,9.404431615877824,1.0,2.622,3115.0,-0.0002334514585440317,0.002653641794351458
3.2388722637914054,-0.9953231490658114,9.407085257672176,1.0,2.622,3116.0,-0.00023345145854358762,0.002653641794351458
3.2386388123328613,-0.9951972244408421,9.409738899466527,1.0,2.622,3117.0,-0.0002334514585440317,0.002653641794351458
3.2384053608743177,-0.9950712998158728,9.412392541260878,1.0,2.622,3118.0,-0.00023345145854358762,0.002653641794351458
3.238171909415774,-0.9949453751909035,9.41504618305523,1.0,2.622,3119.0,-0.00023345145854358762,0.002653641794351458
3.23793845795723,-0.9948194505659342,9.41769982484958,1.0,2.622,3120.0,-0.0002334514585440317,0.0026536417943496815
3.2377050064986865,-0.994693525940965,9.420353466643931,1.0,2.622,3121.0,-0.00023345145854358762,0.002653641794351458
3.2374715550401425,-0.9945676013159958,9.423007108438282,1.0,2.622,3122.0,-0.0002334514585440317,0.002653641794351458
3.237238103581599,-0.9944416766910265,9.425660750232634,1.0,2.622,3123.0,-0.00023345145854358762,0.002653641794351458
3.2370168415580816,-0.9943832708495189,9.429982441520677,1.0,2.6216,3124.0,-0.00022126202351735458,0.004321691288042828
3.2367955795345638,-0.9943248650080113,9.434304132808718,1.0,2.6212,3125.0,-0.00022126202351779867,0.004321691288041052
3.2365743175110464,-0.9942664591665038,9.43862582409676,1.0,2.6208,3126.0,-0.00022126202351735458,0.004321691288042828
3.236353055487529,-0.9942080533249963,9.442947515384803,1.0,2.6204,3127.0,-0.00022126202351735458,0.004321691288042828
3.2361317934640117,-0.9941496474834887,9.447269206672846,1.0,2.62,3128.0,-0.00022126202351735458,0.004321691288042828
3.235910531440494,-0.9940912416419811,9.451590897960887,1.0,2.6196,3129.0,-0.00022126202351779867,0.004321691288041052
3.2356892694169765,-0.9940328358004736,9.45591258924893,1.0,2.6192,3130.0,-0.00022126202351735458,0.004321691288042828
3.235468007393459,-0.993974429958966,9.460234280536973,1.0,2.6188,3131.0,-0.00022126202351735458,0.004321691288042828
3.235246745369942,-0.9939160241174585,9.464555971825016,1.0,2.6184,3132.0,-0.00022126202351735458,0.004321691288042828
3.235025483346424,-0.993857618275951,9.468877663113057,1.0,2.618,3133.0,-0.00022126202351779867,0.004321691288041052
3.2348042213229067,-0.9937992124344434,9.4731993544011,1.0,2.6176,3134.0,-0.00022126202351735458,0.004321691288042828
3.2345829592993893,-0.9937408065929358,9.477521045689143,1.0,2.6172,3135.0,-0.00022126202351735458,0.004321691288042828
3.234361697275872,-0.9936824007514283,9.481842736977185,1.0,2.6168,3136.0,-0.00022126202351735458,0.004321691288042828
3.234140435252354,-0.9936239949099207,9.486164428265226,1.0,2.6164,3137.0,-0.00022126202351779867,0.004321691288041052
3.233919173228837,-0.9935655890684132,9.49048611955327,1.0,2.616,3138.0,-0.00022126202351735458,0.004321691288042828
3.233676787137891,-0.9937294616260239,9.494151310525403,1.0,2.6157333333333335,3139.0,-0.0002423860909459563,0.0036651909721339138
3.233434401046945,-0.9938933341836348,9.497816501497539,1.0,2.615466666666667,3140.0,-0.0002423860909459563,0.00366519097213569
3.233192014955999,-0.9940572067412455,9.501481692469673,1.0,2.6152,3141.0,-0.0002423860909459563,0.0036651909721339138
3.232949628865053,-0.9942210792988563,9.505146883441808,1.0,2.6149333333333336,3142.0,-0.0002423860909459563,0.00366519097213569
3.232707242774107,-0.994384951856467,9.508812074413942,1.0,2.614666666666667,3143.0,-0.0002423860909459563,0.0036651909721339138
3.232464856683161,-0.9945488244140779,9.512477265386076,1.0,2.6144000000000003,3144.0,-0.0002423860909459563,0.0036651909721339138
3.232222470592215,-0.9947126969716886,9.516142456358212,1.0,2.6141333333333336,3145.0,-0.0002423860909459563,0.00366519097213569
3.2319800845012696,-0.9948765695292994,9.519807647330346,1.0,2.6138666666666666,3146.0,-0.00024238609094551222,0.0036651909721339138
3.2317376984103237,-0.9950404420869101,9.523472838302482,1.0,2.6136,3147.0,-0.0002423860909459563,0.00366519097213569
3.2314953123193777,-0.995204314644521,9.527138029274616,1.0,2.6133333333333333,3148.0,-0.0002423860909459563,0.0036651909721339138
3.2312529262284317,-0.9953681872021317,9.53080322024675,1.0,2.6130666666666666,3149.0,-0.0002423860909459563,0.0036651909721339138
3.231010540137486,-0.9955320597597425,9.534468411218885,1.0,2.6128,3150.0,-0.0002423860909459563,0.00366519097213569
3.23076815404654,-0.9956959323173532,9.538133602191019,1.0,2.6125333333333334,3151.0,-0.0002423860909459563,0.0036651909721339138
3.230525767955594,-0.9958598048749641,9.541798793163155,1.0,2.6122666666666667,3152.0,-0.0002423860909459563,0.00366519097213569
3.230283381864648,-0.9960236774325748,9.545463984135289,1.0,2.612,3153.0,-0.0002423860909459563,0.0036651909721339138
3.230056774633791,-0.9959640977691326,9.54749783020643,1.0,2.6118,3154.0,-0.00022660723085676793,0.002033846071141099
3.2298301674029344,-0.9959045181056905,9.549531676277569,1.0,2.6116,3155.0,-0.00022660723085676793,0.0020338460711393225
3.229603560172078,-0.9958449384422482,9.55156552234871,1.0,2.6114,3156.0,-0.00022660723085632384,0.002033846071141099
3.2293769529412213,-0.995785358778806,9.55359936841985,1.0,2.6112,3157.0,-0.00022660723085676793,0.0020338460711393225
3.2291503457103645,-0.9957257791153639,9.55563321449099,1.0,2.611,3158.0,-0.00022660723085676793,0.002033846071141099
3.2289237384795078,-0.9956661994519217,9.55766706056213,1.0,2.6108000000000002,3159.0,-0.00022660723085676793,0.0020338460711393225
3.228697131248651,-0.9956066197884795,9.559700906633271,1.0,2.6106000000000003,3160.0,-0.00022660723085676793,0.002033846071141099
3.2284705240177947,-0.9955470401250373,9.56173475270441,1.0,2.6104,3161.0,-0.00022660723085632384,0.0020338460711393225
3.228243916786938,-0.9954874604615951,9.563768598775551,1.0,2.6102,3162.0,-0.00022660723085676793,0.002033846071141099
3.228017309556081,-0.9954278807981529,9.56580244484669,1.0,2.61,3163.0,-0.00022660723085676793,0.0020338460711393225
3.2277907023252244,-0.9953683011347108,9.567836290917832,1.0,2.6098,3164.0,-0.00022660723085676793,0.002033846071141099
3.2275640950943676,-0.9953087214712686,9.569870136988971,1.0,2.6096,3165.0,-0.00022660723085676793,0.0020338460711393225
3.2273374878635113,-0.9952491418078263,9.571903983060112,1.0,2.6094,3166.0,-0.00022660723085632384,0.002033846071141099
3.2271108806326545,-0.9951895621443841,9.573937829131252,1.0,2.6092,3167.0,-0.00022660723085676793,0.0020338460711393225
3.2268842734017977,-0.995129982480942,9.575971675202393,1.0,2.609,3168.0,-0.00022660723085676793,0.002033846071141099
3.2266626040856186,-0.9951083126199189,9.578236860205985,1.0,2.6086666666666667,3169.0,-0.00022166931617917385,0.002265185003592407
3.22644093476944,-0.995086642758896,9.580502045209576,1.0,2.6083333333333334,3170.0,-0.00022166931617872976,0.0022651850035906307
3.2262192654532607,-0.995064972897873,9.582767230213168,1.0,2.608,3171.0,-0.00022166931617917385,0.002265185003592407
3.225997596137082,-0.9950433030368501,9.585032415216759,1.0,2.607666666666667,3172.0,-0.00022166931617872976,0.0022651850035906307
3.2257759268209028,-0.995021633175827,9.587297600220351,1.0,2.6073333333333335,3173.0,-0.00022166931617917385,0.002265185003592407
3.225554257504724,-0.994999963314804,9.589562785223944,1.0,2.607,3174.0,-0.00022166931617872976,0.002265185003592407
3.225332588188545,-0.9949782934537811,9.591827970227534,1.0,2.606666666666667,3175.0,-0.00022166931617917385,0.0022651850035906307
3.225110918872366,-0.994956623592758,9.594093155231127,1.0,2.606333333333333,3176.0,-0.00022166931617872976,0.002265185003592407
3.224889249556187,-0.9949349537317351,9.596358340234717,1.0,2.606,3177.0,-0.00022166931617917385,0.0022651850035906307
3.224667580240008,-0.9949132838707121,9.59862352523831,1.0,2.6056666666666666,3178.0,-0.00022166931617872976,0.002265185003592407
3.224445910923829,-0.9948916140096891,9.600888710241902,1.0,2.6053333333333333,3179.0,-0.00022166931617917385,0.002265185003592407
3.2242242416076503,-0.9948699441486661,9.603153895245493,1.0,2.605,3180.0,-0.00022166931617872976,0.0022651850035906307
3.224002572291471,-0.9948482742876431,9.605419080249085,1.0,2.6046666666666667,3181.0,-0.00022166931617917385,0.002265185003592407
3.2237809029752924,-0.9948266044266202,9.607684265252676,1.0,2.6043333333333334,3182.0,-0.00022166931617872976,0.0022651850035906307
3.2235592336591132,-0.9948049345655972,9.609949450256268,1.0,2.604,3183.0,-0.00022166931617917385,0.002265185003592407
3.2233319445080837,-0.9947597593419681,9.611738880718542,1.0,2.6037333333333335,3184.0,-0.00022728915102954161,0.0017894304622743107
3.2231046553570546,-0.9947145841183391,9.613528311180817,1.0,2.603466666666667,3185.0,-0.00022728915102909752,0.0017894304622743107
3.222877366206025,-0.9946694088947101,9.615317741643091,1.0,2.6032,3186.0,-0.00022728915102954161,0.0017894304622743107
3.2226500770549955,-0.9946242336710811,9.617107172105367,1.0,2.6029333333333335,3187.0,-0.00022728915102954161,0.001789430462276087
3.2224227879039664,-0.9945790584474521,9.618896602567641,1.0,2.602666666666667,3188.0,-0.00022728915102909752,0.0017894304622743107
3.222195498752937,-0.9945338832238231,9.620686033029916,1.0,2.6024000000000003,3189.0,-0.00022728915102954161,0.0017894304622743107
3.2219682096019073,-0.9944887080001941,9.62247546349219,1.0,2.6021333333333336,3190.0,-0.00022728915102954161,0.0017894304622743107
3.2217409204508782,-0.994443532776565,9.624264893954464,1.0,2.6018666666666665,3191.0,-0.00022728915102909752,0.0017894304622743107
3.2215136312998487,-0.994398357552936,9.626054324416739,1.0,2.6016,3192.0,-0.00022728915102954161,0.0017894304622743107
3.221286342148819,-0.994353182329307,9.627843754879013,1.0,2.6013333333333333,3193.0,-0.00022728915102954161,0.0017894304622743107
3.22105905299779,-0.994308007105678,9.629633185341287,1.0,2.6010666666666666,3194.0,-0.00022728915102909752,0.0017894304622743107
3.2208317638467605,-0.994262831882049,9.631422615803563,1.0,2.6008,3195.0,-0.00022728915102954161,0.001789430462276087
3.220604474695731,-0.99421765665842,9.633212046265838,1.0,2.6005333333333334,3196.0,-0.00022728915102954161,0.0017894304622743107
3.220377185544702,-0.994172481434791,9.635001476728112,1.0,2.6002666666666667,3197.0,-0.00022728915102909752,0.0017894304622743107
3.2201498963936723,-0.994127306211162,9.636790907190386,1.0,2.6,3198.0,-0.00022728915102954161,0.0017894304622743107
3.2199252323422836,-0.9940996604950655,9.640898173423473,1.0,2.599666666666667,3199.0,-0.00022466405138876766,0.004107266233086548
3.219700568290895,-0.994072014778969,9.645005439656558,1.0,2.5993333333333335,3200.0,-0.00022466405138876766,0.004107266233084772
3.2194759042395065,-0.9940443690628725,9.649112705889644,1.0,2.599,3201.0,-0.00022466405138832357,0.004107266233086548
3.2192512401881177,-0.9940167233467762,9.653219972122729,1.0,2.598666666666667,3202.0,-0.00022466405138876766,0.004107266233084772
3.219026576136729,-0.9939890776306797,9.657327238355816,1.0,2.5983333333333336,3203.0,-0.00022466405138876766,0.004107266233086548
3.21880191208534,-0.9939614319145832,9.6614345045889,1.0,2.5980000000000003,3204.0,-0.00022466405138876766,0.004107266233084772
3.2185772480339514,-0.9939337861984867,9.665541770821987,1.0,2.597666666666667,3205.0,-0.00022466405138876766,0.004107266233086548
3.218352583982563,-0.9939061404823902,9.669649037055072,1.0,2.5973333333333333,3206.0,-0.00022466405138832357,0.004107266233084772
3.2181279199311743,-0.9938784947662938,9.673756303288158,1.0,2.597,3207.0,-0.00022466405138876766,0.004107266233086548
3.2179032558797855,-0.9938508490501973,9.677863569521243,1.0,2.5966666666666667,3208.0,-0.00022466405138876766,0.004107266233084772
3.2176785918283968,-0.9938232033341008,9.68197083575433,1.0,2.5963333333333334,3209.0,-0.00022466405138876766,0.004107266233086548
3.217453927777008,-0.9937955576180044,9.686078101987414,1.0,2.596,3210.0,-0.00022466405138876766,0.004107266233084772
3.2172292637256197,-0.9937679119019079,9.6901853682205,1.0,2.595666666666667,3211.0,-0.00022466405138832357,0.004107266233086548
3.217004599674231,-0.9937402661858115,9.694292634453586,1.0,2.5953333333333335,3212.0,-0.00022466405138876766,0.004107266233084772
3.216779935622842,-0.993712620469715,9.698399900686672,1.0,2.595,3213.0,-0.00022466405138876766,0.004107266233086548
3.21652740077216,-0.9938412613883894,9.699162700591721,1.0,2.5949333333333335,3214.0,-0.0002525348506821068,0.0007627999050487944
3.2162748659214784,-0.9939699023070638,9.69992550049677,1.0,2.594866666666667,3215.0,-0.0002525348506816627,0.0007627999050487944
3.2160223310707963,-0.9940985432257382,9.700688300401819,1.0,2.5948,3216.0,-0.0002525348506821068,0.0007627999050487944
3.215769796220114,-0.9942271841444126,9.701451100306869,1.0,2.5947333333333336,3217.0,-0.0002525348506821068,0.0007627999050505707
3.215517261369432,-0.994355825063087,9.702213900211918,1.0,2.594666666666667,3218.0,-0.0002525348506821068,0.0007627999050487944
3.2152647265187504,-0.9944844659817614,9.702976700116967,1.0,2.5946000000000002,3219.0,-0.0002525348506816627,0.0007627999050487944
3.2150121916680683,-0.9946131069004358,9.703739500022015,1.0,2.5945333333333336,3220.0,-0.0002525348506821068,0.0007627999050487944
3.214759656817386,-0.9947417478191102,9.704502299927064,1.0,2.5944666666666665,3221.0,-0.0002525348506821068,0.0007627999050487944
3.214507121966704,-0.9948703887377846,9.705265099832113,1.0,2.5944,3222.0,-0.0002525348506821068,0.0007627999050487944
3.2142545871160224,-0.994999029656459,9.706027899737162,1.0,2.594333333333333,3223.0,-0.0002525348506816627,0.0007627999050487944
3.2140020522653403,-0.9951276705751334,9.70679069964221,1.0,2.5942666666666665,3224.0,-0.0002525348506821068,0.0007627999050487944
3.213749517414658,-0.9952563114938078,9.707553499547261,1.0,2.5942,3225.0,-0.0002525348506821068,0.0007627999050505707
3.213496982563976,-0.9953849524124821,9.70831629945231,1.0,2.594133333333333,3226.0,-0.0002525348506821068,0.0007627999050487944
3.2132444477132944,-0.9955135933311566,9.709079099357359,1.0,2.5940666666666665,3227.0,-0.0002525348506816627,0.0007627999050487944
3.2129919128626123,-0.995642234249831,9.709841899262408,1.0,2.594,3228.0,-0.0002525348506821068,0.0007627999050487944
3.212762549391209,-0.9956464369513657,9.713821356139515,1.0,2.5936,3229.0,-0.0002293634714032322,0.003979456877107879
3.2125331859198063,-0.9956506396529003,9.717800813016625,1.0,2.5932,3230.0,-0.00022936347140278812,0.003979456877109655
3.212303822448403,-0.9956548423544349,9.721780269893733,1.0,2.5928,3231.0,-0.0002293634714032322,0.003979456877107879
3.212074458977,-0.9956590450559696,9.72575972677084,1.0,2.5924,3232.0,-0.0002293634714032322,0.003979456877107879
3.2118450955055966,-0.9956632477575043,9.729739183647949,1.0,2.592,3233.0,-0.0002293634714032322,0.003979456877107879
3.211615732034194,-0.9956674504590389,9.733718640525058,1.0,2.5916,3234.0,-0.00022936347140278812,0.003979456877109655
3.2113863685627906,-0.9956716531605736,9.737698097402166,1.0,2.5912,3235.0,-0.0002293634714032322,0.003979456877107879
3.2111570050913874,-0.9956758558621082,9.741677554279274,1.0,2.5907999999999998,3236.0,-0.0002293634714032322,0.003979456877107879
3.210927641619984,-0.9956800585636428,9.745657011156382,1.0,2.5904,3237.0,-0.0002293634714032322,0.003979456877107879
3.2106982781485813,-0.9956842612651775,9.749636468033492,1.0,2.59,3238.0,-0.00022936347140278812,0.003979456877109655
3.210468914677178,-0.9956884639667122,9.7536159249106,1.0,2.5896,3239.0,-0.0002293634714032322,0.003979456877107879
3.210239551205775,-0.9956926666682469,9.757595381787707,1.0,2.5892,3240.0,-0.0002293634714032322,0.003979456877107879
3.2100101877343716,-0.9956968693697814,9.761574838664815,1.0,2.5888,3241.0,-0.0002293634714032322,0.003979456877107879
3.209780824262969,-0.9957010720713161,9.765554295541925,1.0,2.5884,3242.0,-0.00022936347140278812,0.003979456877109655
3.2095514607915656,-0.9957052747728508,9.769533752419033,1.0,2.588,3243.0,-0.0002293634714032322,0.003979456877107879
3.2093118781173677,-0.9957652537817775,9.774081104271684,1.0,2.5878,3244.0,-0.00023958267419788015,0.0045473518526506496
3.20907229544317,-0.9958252327907041,9.778628456124334,1.0,2.5876,3245.0,-0.00023958267419788015,0.0045473518526506496
3.208832712768972,-0.9958852117996309,9.783175807976983,1.0,2.5874,3246.0,-0.00023958267419788015,0.004547351852648873
3.208593130094774,-0.9959451908085576,9.787723159829634,1.0,2.5872,3247.0,-0.00023958267419788015,0.0045473518526506496
3.208353547420576,-0.9960051698174843,9.792270511682284,1.0,2.587,3248.0,-0.00023958267419788015,0.0045473518526506496
3.2081139647463783,-0.996065148826411,9.796817863534935,1.0,2.5868,3249.0,-0.00023958267419788015,0.0045473518526506496
3.2078743820721805,-0.9961251278353377,9.801365215387586,1.0,2.5866000000000002,3250.0,-0.00023958267419788015,0.0045473518526506496
3.2076347993979826,-0.9961851068442644,9.805912567240235,1.0,2.5864,3251.0,-0.00023958267419788015,0.004547351852648873
3.2073952167237847,-0.9962450858531912,9.810459919092885,1.0,2.5862,3252.0,-0.00023958267419788015,0.0045473518526506496
3.207155634049587,-0.9963050648621178,9.815007270945536,1.0,2.586,3253.0,-0.00023958267419788015,0.0045473518526506496
3.206916051375389,-0.9963650438710445,9.819554622798186,1.0,2.5858,3254.0,-0.00023958267419788015,0.0045473518526506496
3.206676468701191,-0.9964250228799713,9.824101974650837,1.0,2.5856,3255.0,-0.00023958267419788015,0.0045473518526506496
3.206436886026993,-0.996485001888898,9.828649326503486,1.0,2.5854,3256.0,-0.00023958267419788015,0.004547351852648873
3.2061973033527953,-0.9965449808978246,9.833196678356137,1.0,2.5852,3257.0,-0.00023958267419788015,0.0045473518526506496
3.2059577206785974,-0.9966049599067514,9.837744030208787,1.0,2.585,3258.0,-0.00023958267419788015,0.0045473518526506496
3.2057180003992785,-0.9963715226421691,9.838953283646667,1.0,2.5848,3259.0,-0.00023972027931895568,0.0012092534378798092
3.20547828011996,-0.9961380853775869,9.840162537084547,1.0,2.5846,3260.0,-0.0002397202793185116,0.0012092534378798092
3.205238559840641,-0.9959046481130046,9.841371790522428,1.0,2.5844,3261.0,-0.00023972027931895568,0.0012092534378815856
3.204998839561322,-0.9956712108484223,9.842581043960308,1.0,2.5842,3262.0,-0.00023972027931895568,0.0012092534378798092
3.2047591192820035,-0.99543777358384,9.843790297398188,1.0,2.584,3263.0,-0.0002397202793185116,0.0012092534378798092
3.2045193990026846,-0.9952043363192578,9.844999550836068,1.0,2.5838,3264.0,-0.00023972027931895568,0.0012092534378798092
3.2042796787233656,-0.9949708990546755,9.846208804273948,1.0,2.5836,3265.0,-0.00023972027931895568,0.0012092534378798092
3.204039958444047,-0.9947374617900933,9.84741805771183,1.0,2.5833999999999997,3266.0,-0.0002397202793185116,0.0012092534378815856
3.203800238164728,-0.994504024525511,9.84862731114971,1.0,2.5831999999999997,3267.0,-0.00023972027931895568,0.0012092534378798092
3.203560517885409,-0.9942705872609288,9.849836564587589,1.0,2.5829999999999997,3268.0,-0.00023972027931895568,0.0012092534378798092
3.2033207976060907,-0.9940371499963465,9.851045818025469,1.0,2.5827999999999998,3269.0,-0.0002397202793185116,0.0012092534378798092
3.2030810773267717,-0.9938037127317642,9.852255071463349,1.0,2.5826,3270.0,-0.00023972027931895568,0.0012092534378798092
3.2028413570474528,-0.9935702754671819,9.85346432490123,1.0,2.5824,3271.0,-0.00023972027931895568,0.0012092534378815856
3.2026016367681343,-0.9933368382025997,9.85467357833911,1.0,2.5822,3272.0,-0.0002397202793185116,0.0012092534378798092
3.2023619164888153,-0.9931034009380174,9.85588283177699,1.0,2.582,3273.0,-0.00023972027931895568,0.0012092534378798092
3.202112971888926,-0.9932646597354088,9.857649062374533,1.0,2.581733333333333,3274.0,-0.0002489445998894446,0.0017662305975427728
3.201864027289036,-0.9934259185328,9.859415292972075,1.0,2.5814666666666666,3275.0,-0.0002489445998898887,0.0017662305975427728
3.2016150826891465,-0.9935871773301914,9.861181523569618,1.0,2.5812,3276.0,-0.0002489445998894446,0.0017662305975427728
3.2013661380892566,-0.9937484361275827,9.862947754167159,1.0,2.5809333333333333,3277.0,-0.0002489445998898887,0.0017662305975409964
3.201117193489367,-0.993909694924974,9.864713984764702,1.0,2.5806666666666667,3278.0,-0.0002489445998894446,0.0017662305975427728
3.2008682488894777,-0.9940709537223653,9.866480215362245,1.0,2.5804,3279.0,-0.0002489445998894446,0.0017662305975427728
3.200619304289588,-0.9942322125197567,9.868246445959787,1.0,2.5801333333333334,3280.0,-0.0002489445998898887,0.0017662305975427728
3.2003703596896984,-0.994393471317148,9.87001267655733,1.0,2.5798666666666663,3281.0,-0.0002489445998894446,0.0017662305975427728
3.2001214150898085,-0.9945547301145393,9.871778907154873,1.0,2.5795999999999997,3282.0,-0.0002489445998898887,0.0017662305975427728
3.199872470489919,-0.9947159889119306,9.873545137752416,1.0,2.579333333333333,3283.0,-0.0002489445998894446,0.0017662305975427728
3.1996235258900296,-0.994877247709322,9.875311368349958,1.0,2.5790666666666664,3284.0,-0.0002489445998894446,0.0017662305975427728
3.1993745812901397,-0.9950385065067132,9.8770775989475,1.0,2.5787999999999998,3285.0,-0.0002489445998898887,0.0017662305975409964
3.1991256366902503,-0.9951997653041046,9.878843829545042,1.0,2.578533333333333,3286.0,-0.0002489445998894446,0.0017662305975427728
3.1988766920903604,-0.9953610241014959,9.880610060142585,1.0,2.5782666666666665,3287.0,-0.0002489445998898887,0.0017662305975427728
3.198627747490471,-0.9955222828988872,9.882376290740128,1.0,2.578,3288.0,-0.0002489445998894446,0.0017662305975427728
3.1983697067177292,-0.9954832595245966,9.89121067676127,0.9999866666666667,2.577733333333333,3289.0,-0.0002580407727417189,0.008834386021142393
3.1981116659449875,-0.995444236150306,9.900045062782413,0.9999733333333334,2.5774666666666666,3290.0,-0.0002580407727417189,0.008834386021142393
3.197853625172246,-0.9954052127760153,9.908879448803555,0.99996,2.5772,3291.0,-0.0002580407727417189,0.008834386021142393
3.1975955843995036,-0.9953661894017247,9.917713834824697,0.9999466666666667,2.5769333333333333,3292.0,-0.00025804077274216297,0.008834386021142393
3.197337543626762,-0.9953271660274341,9.92654822084584,0.9999333333333333,2.5766666666666667,3293.0,-0.0002580407727417189,0.008834386021142393
3.19707950285402,-0.9952881426531435,9.935382606866982,0.99992,2.5764,3294.0,-0.0002580407727417189,0.008834386021142393
3.1968214620812785,-0.9952491192788528,9.944216992888125,0.9999066666666667,2.5761333333333334,3295.0,-0.0002580407727417189,0.008834386021142393
3.1965634213085368,-0.9952100959045622,9.953051378909267,0.9998933333333333,2.5758666666666663,3296.0,-0.0002580407727417189,0.008834386021142393
3.196305380535795,-0.9951710725302716,9.96188576493041,0.99988,2.5755999999999997,3297.0,-0.0002580407727417189,0.008834386021142393
3.1960473397630533,-0.995132049155981,9.970720150951552,0.9998666666666667,2.575333333333333,3298.0,-0.0002580407727417189,0.008834386021142393
3.1957892989903116,-0.9950930257816903,9.979554536972694,0.9998533333333334,2.5750666666666664,3299.0,-0.0002580407727417189,0.008834386021142393
3.1955312582175694,-0.9950540024073997,9.988388922993837,0.9998400000000001,2.5747999999999998,3300.0,-0.00025804077274216297,0.008834386021142393
3.1952732174448277,-0.9950149790331091,9.997223309014979,0.9998266666666666,2.574533333333333,3301.0,-0.0002580407727417189,0.008834386021142393
3.195015176672086,-0.9949759556588185,10.006057695036121,0.9998133333333333,2.5742666666666665,3302.0,-0.0002580407727417189,0.008834386021142393
3.1947571358993443,-0.9949369322845278,10.014892081057264,0.9998,2.574,3303.0,-0.0002580407727417189,0.008834386021142393
3.194518073200425,-0.9947527666654449,10.017726915157958,0.9998133333333333,2.573733333333333,3304.0,-0.00023906269891948995,0.0028348341006942945
3.194279010501505,-0.9945686010463619,10.020561749258652,0.9998266666666666,2.5734666666666666,3305.0,-0.00023906269891993404,0.0028348341006942945
3.1940399478025854,-0.9943844354272788,10.023396583359347,0.9998400000000001,2.5732,3306.0,-0.00023906269891948995,0.0028348341006942945
3.1938008851036654,-0.9942002698081959,10.02623141746004,0.9998533333333334,2.5729333333333333,3307.0,-0.00023906269891993404,0.0028348341006942945
3.193561822404746,-0.9940161041891129,10.029066251560735,0.9998666666666667,2.5726666666666667,3308.0,-0.00023906269891948995,0.0028348341006942945
3.193322759705826,-0.9938319385700299,10.03190108566143,0.99988,2.5724,3309.0,-0.00023906269891993404,0.0028348341006942945
3.1930836970069065,-0.993647772950947,10.034735919762124,0.9998933333333333,2.5721333333333334,3310.0,-0.00023906269891948995,0.0028348341006942945
3.1928446343079866,-0.9934636073318639,10.037570753862816,0.9999066666666667,2.5718666666666663,3311.0,-0.00023906269891993404,0.002834834100692518
3.192605571609067,-0.9932794417127809,10.04040558796351,0.99992,2.5715999999999997,3312.0,-0.00023906269891948995,0.0028348341006942945
3.192366508910147,-0.993095276093698,10.043240422064205,0.9999333333333333,2.571333333333333,3313.0,-0.00023906269891993404,0.0028348341006942945
3.1921274462112277,-0.992911110474615,10.0460752561649,0.9999466666666667,2.5710666666666664,3314.0,-0.00023906269891948995,0.0028348341006942945
3.1918883835123077,-0.992726944855532,10.048910090265593,0.99996,2.5707999999999998,3315.0,-0.00023906269891993404,0.0028348341006942945
3.1916493208133883,-0.992542779236449,10.051744924366288,0.9999733333333334,2.570533333333333,3316.0,-0.00023906269891948995,0.0028348341006942945
3.1914102581144683,-0.992358613617366,10.054579758466982,0.9999866666666667,2.5702666666666665,3317.0,-0.00023906269891993404,0.0028348341006942945
3.191171195415549,-0.992174447998283,10.057414592567676,1.0,2.57,3318.0,-0.00023906269891948995,0.0028348341006942945
3.1909122504175658,-0.9923381740620326,10.05872822347472,1.0,2.5696666666666665,3319.0,-0.00025894499798306825,0.001313630907043617
3.1906533054195823,-0.9925019001257822,10.060041854381762,1.0,2.5693333333333332,3320.0,-0.00025894499798351234,0.0013136309070418406
3.190394360421599,-0.9926656261895318,10.061355485288805,1.0,2.569,3321.0,-0.00025894499798306825,0.001313630907043617
3.190135415423616,-0.9928293522532814,10.062669116195849,1.0,2.5686666666666667,3322.0,-0.00025894499798306825,0.001313630907043617
3.189876470425633,-0.992993078317031,10.06398274710289,1.0,2.5683333333333334,3323.0,-0.00025894499798306825,0.0013136309070418406
3.1896175254276495,-0.9931568043807806,10.065296378009934,1.0,2.568,3324.0,-0.00025894499798351234,0.001313630907043617
3.1893585804296665,-0.9933205304445302,10.066610008916978,1.0,2.5676666666666668,3325.0,-0.00025894499798306825,0.001313630907043617
3.1890996354316834,-0.9934842565082797,10.06792363982402,1.0,2.567333333333333,3326.0,-0.00025894499798306825,0.0013136309070418406
3.1888406904337003,-0.9936479825720292,10.069237270731064,1.0,2.5669999999999997,3327.0,-0.00025894499798306825,0.001313630907043617
3.188581745435717,-0.9938117086357788,10.070550901638107,1.0,2.5666666666666664,3328.0,-0.00025894499798351234,0.001313630907043617
3.1883228004377338,-0.9939754346995284,10.071864532545149,1.0,2.566333333333333,3329.0,-0.00025894499798306825,0.0013136309070418406
3.1880638554397507,-0.994139160763278,10.073178163452193,1.0,2.566,3330.0,-0.00025894499798306825,0.001313630907043617
3.1878049104417676,-0.9943028868270276,10.074491794359236,1.0,2.5656666666666665,3331.0,-0.00025894499798306825,0.001313630907043617
3.187545965443784,-0.9944666128907772,10.075805425266278,1.0,2.5653333333333332,3332.0,-0.00025894499798351234,0.0013136309070418406
3.187287020445801,-0.9946303389545268,10.077119056173322,1.0,2.565,3333.0,-0.00025894499798306825,0.001313630907043617
3.1870357525329727,-0.9945528568555634,10.08265634472602,1.0,2.5649333333333333,3334.0,-0.0002512679128283679,0.005537288552698527
3.186784484620144,-0.9944753747565999,10.08819363327872,1.0,2.5648666666666666,3335.0,-0.000251267912828812,0.0055372885527003035
3.1865332167073155,-0.9943978926576365,10.093730921831419,1.0,2.5648,3336.0,-0.0002512679128283679,0.005537288552698527
3.186281948794487,-0.994320410558673,10.099268210384118,1.0,2.5647333333333333,3337.0,-0.0002512679128283679,0.005537288552698527
3.1860306808816583,-0.9942429284597096,10.104805498936818,1.0,2.5646666666666667,3338.0,-0.000251267912828812,0.0055372885527003035
3.18577941296883,-0.9941654463607461,10.110342787489516,1.0,2.5646,3339.0,-0.0002512679128283679,0.005537288552698527
3.1855281450560016,-0.9940879642617827,10.115880076042215,1.0,2.5645333333333333,3340.0,-0.0002512679128283679,0.005537288552698527
3.1852768771431728,-0.9940104821628193,10.121417364594915,1.0,2.5644666666666667,3341.0,-0.000251267912828812,0.0055372885527003035
3.1850256092303444,-0.9939330000638559,10.126954653147614,1.0,2.5644,3342.0,-0.0002512679128283679,0.005537288552698527
3.184774341317516,-0.9938555179648924,10.132491941700312,1.0,2.5643333333333334,3343.0,-0.0002512679128283679,0.005537288552698527
3.184523073404687,-0.9937780358659289,10.138029230253013,1.0,2.5642666666666667,3344.0,-0.000251267912828812,0.0055372885527003035
3.184271805491859,-0.9937005537669655,10.143566518805711,1.0,2.5642,3345.0,-0.0002512679128283679,0.005537288552698527
3.1840205375790305,-0.9936230716680021,10.14910380735841,1.0,2.5641333333333334,3346.0,-0.0002512679128283679,0.005537288552698527
3.1837692696662017,-0.9935455895690386,10.15464109591111,1.0,2.5640666666666667,3347.0,-0.000251267912828812,0.0055372885527003035
3.1835180017533733,-0.9934681074700752,10.160178384463808,1.0,2.564,3348.0,-0.0002512679128283679,0.005537288552698527
3.1832708716047082,-0.9934310732657322,10.162382855047744,1.0,2.5637333333333334,3349.0,-0.00024713014866506455,0.0022044705839352474
3.183023741456043,-0.9933940390613893,10.164587325631677,1.0,2.563466666666667,3350.0,-0.00024713014866506455,0.002204470583933471
3.182776611307378,-0.9933570048570464,10.166791796215612,1.0,2.5632,3351.0,-0.00024713014866506455,0.0022044705839352474
3.182529481158713,-0.9933199706527034,10.168996266799548,1.0,2.5629333333333335,3352.0,-0.00024713014866506455,0.0022044705839352474
3.182282351010048,-0.9932829364483604,10.171200737383481,1.0,2.562666666666667,3353.0,-0.00024713014866506455,0.002204470583933471
3.182035220861383,-0.9932459022440175,10.173405207967416,1.0,2.5624000000000002,3354.0,-0.00024713014866506455,0.0022044705839352474
3.181788090712718,-0.9932088680396746,10.175609678551352,1.0,2.5621333333333336,3355.0,-0.00024713014866506455,0.0022044705839352474
3.181540960564053,-0.9931718338353316,10.177814149135285,1.0,2.5618666666666665,3356.0,-0.00024713014866462046,0.002204470583933471
3.181293830415388,-0.9931347996309886,10.18001861971922,1.0,2.5616,3357.0,-0.00024713014866506455,0.0022044705839352474
3.181046700266723,-0.9930977654266457,10.182223090303156,1.0,2.5613333333333332,3358.0,-0.00024713014866506455,0.0022044705839352474
3.180799570118058,-0.9930607312223028,10.18442756088709,1.0,2.5610666666666666,3359.0,-0.00024713014866506455,0.002204470583933471
3.180552439969393,-0.9930236970179598,10.186632031471024,1.0,2.5608,3360.0,-0.00024713014866506455,0.0022044705839352474
3.180305309820728,-0.9929866628136168,10.18883650205496,1.0,2.5605333333333333,3361.0,-0.00024713014866506455,0.0022044705839352474
3.180058179672063,-0.9929496286092739,10.191040972638893,1.0,2.5602666666666667,3362.0,-0.00024713014866506455,0.002204470583933471
3.1798110495233978,-0.992912594404931,10.193245443222828,1.0,2.56,3363.0,-0.00024713014866506455,0.0022044705839352474
3.179551525167338,-0.9929422191227611,10.195810844489708,1.0,2.5597333333333334,3364.0,-0.0002595243560596927,0.0025654012668798742
3.179292000811279,-0.9929718438405913,10.198376245756586,1.0,2.559466666666667,3365.0,-0.0002595243560592486,0.002565401266878098
3.179032476455219,-0.9930014685584215,10.200941647023466,1.0,2.5592,3366.0,-0.0002595243560596927,0.0025654012668798742
3.17877295209916,-0.9930310932762518,10.203507048290346,1.0,2.5589333333333335,3367.0,-0.0002595243560592486,0.0025654012668798742
3.1785134277431,-0.993060717994082,10.206072449557224,1.0,2.558666666666667,3368.0,-0.0002595243560596927,0.002565401266878098
3.1782539033870405,-0.9930903427119122,10.208637850824104,1.0,2.5584000000000002,3369.0,-0.0002595243560596927,0.0025654012668798742
3.1779943790309813,-0.9931199674297424,10.211203252090984,1.0,2.5581333333333336,3370.0,-0.0002595243560592486,0.0025654012668798742
3.1777348546749216,-0.9931495921475726,10.213768653357862,1.0,2.5578666666666665,3371.0,-0.0002595243560596927,0.002565401266878098
3.1774753303188623,-0.9931792168654028,10.216334054624742,1.0,2.5576,3372.0,-0.0002595243560592486,0.0025654012668798742
3.1772158059628026,-0.993208841583233,10.218899455891622,1.0,2.5573333333333332,3373.0,-0.0002595243560596927,0.0025654012668798742
3.176956281606743,-0.9932384663010632,10.2214648571585,1.0,2.5570666666666666,3374.0,-0.0002595243560596927,0.002565401266878098
3.1766967572506837,-0.9932680910188935,10.22403025842538,1.0,2.5568,3375.0,-0.0002595243560592486,0.0025654012668798742
3.176437232894624,-0.9932977157367237,10.22659565969226,1.0,2.5565333333333333,3376.0,-0.0002595243560596927,0.0025654012668798742
3.1761777085385647,-0.9933273404545538,10.229161060959138,1.0,2.5562666666666667,3377.0,-0.0002595243560592486,0.002565401266878098
3.175918184182505,-0.993356965172384,10.231726462226018,1.0,2.556,3378.0,-0.0002595243560596927,0.0025654012668798742
3.175655055982779,-0.9934634908988225,10.234139384094119,1.0,2.5558666666666667,3379.0,-0.00026312819972584833,0.002412921868101492
3.175391927783053,-0.9935700166252609,10.236552305962222,1.0,2.5557333333333334,3380.0,-0.0002631281997262924,0.0024129218681032683
3.175128799583327,-0.9936765423516993,10.238965227830324,1.0,2.5556,3381.0,-0.00026312819972584833,0.002412921868101492
3.1748656713836008,-0.9937830680781378,10.241378149698425,1.0,2.5554666666666668,3382.0,-0.0002631281997262924,0.002412921868101492
3.174602543183875,-0.9938895938045762,10.243791071566529,1.0,2.5553333333333335,3383.0,-0.00026312819972584833,0.0024129218681032683
3.1743394149841486,-0.9939961195310146,10.24620399343463,1.0,2.5552,3384.0,-0.0002631281997262924,0.002412921868101492
3.1740762867844228,-0.9941026452574531,10.248616915302732,1.0,2.555066666666667,3385.0,-0.00026312819972584833,0.002412921868101492
3.1738131585846965,-0.9942091709838914,10.251029837170835,1.0,2.554933333333333,3386.0,-0.0002631281997262924,0.0024129218681032683
3.1735500303849706,-0.9943156967103298,10.253442759038936,1.0,2.5547999999999997,3387.0,-0.00026312819972584833,0.002412921868101492
3.1732869021852443,-0.9944222224367683,10.255855680907038,1.0,2.5546666666666664,3388.0,-0.0002631281997262924,0.002412921868101492
3.1730237739855185,-0.9945287481632067,10.258268602775141,1.0,2.554533333333333,3389.0,-0.00026312819972584833,0.0024129218681032683
3.172760645785792,-0.9946352738896451,10.260681524643243,1.0,2.5544,3390.0,-0.0002631281997262924,0.002412921868101492
3.1724975175860664,-0.9947417996160836,10.263094446511344,1.0,2.5542666666666665,3391.0,-0.00026312819972584833,0.002412921868101492
3.17223438938634,-0.994848325342522,10.265507368379447,1.0,2.554133333333333,3392.0,-0.0002631281997262924,0.0024129218681032683
3.171971261186614,-0.9949548510689604,10.267920290247549,1.0,2.554,3393.0,-0.00026312819972584833,0.002412921868101492
3.171704643963268,-0.9947863422508556,10.269675236923298,1.0,2.5536,3394.0,-0.0002666172233460884,0.0017549466757493803
3.1714380267399225,-0.9946178334327507,10.271430183599048,1.0,2.5532,3395.0,-0.0002666172233456443,0.0017549466757493803
3.1711714095165764,-0.9944493246146459,10.273185130274795,1.0,2.5528,3396.0,-0.0002666172233460884,0.001754946675747604
3.1709047922932303,-0.9942808157965409,10.274940076950545,1.0,2.5524,3397.0,-0.0002666172233460884,0.0017549466757493803
3.1706381750698847,-0.9941123069784361,10.276695023626294,1.0,2.552,3398.0,-0.0002666172233456443,0.0017549466757493803
3.1703715578465386,-0.9939437981603312,10.278449970302043,1.0,2.5516,3399.0,-0.0002666172233460884,0.0017549466757493803
3.1701049406231925,-0.9937752893422264,10.280204916977793,1.0,2.5512,3400.0,-0.0002666172233460884,0.0017549466757493803
3.169838323399847,-0.9936067805241214,10.28195986365354,1.0,2.5507999999999997,3401.0,-0.0002666172233456443,0.001754946675747604
3.1695717061765007,-0.9934382717060166,10.28371481032929,1.0,2.5504,3402.0,-0.0002666172233460884,0.0017549466757493803
3.1693050889531547,-0.9932697628879117,10.285469757005039,1.0,2.55,3403.0,-0.0002666172233460884,0.0017549466757493803
3.169038471729809,-0.9931012540698069,10.287224703680788,1.0,2.5496,3404.0,-0.0002666172233456443,0.0017549466757493803
3.168771854506463,-0.9929327452517019,10.288979650356538,1.0,2.5492,3405.0,-0.0002666172233460884,0.0017549466757493803
3.168505237283117,-0.9927642364335971,10.290734597032285,1.0,2.5488,3406.0,-0.0002666172233460884,0.001754946675747604
3.168238620059771,-0.9925957276154922,10.292489543708035,1.0,2.5484,3407.0,-0.0002666172233456443,0.0017549466757493803
3.167972002836425,-0.9924272187973874,10.294244490383784,1.0,2.548,3408.0,-0.0002666172233460884,0.0017549466757493803
3.1677020648937684,-0.9926620471630666,10.296647675148137,1.0,2.5477333333333334,3409.0,-0.0002699379426567283,0.0024031847643524173
3.167432126951112,-0.9928968755287458,10.299050859912487,1.0,2.5474666666666668,3410.0,-0.00026993794265628424,0.002403184764350641
3.1671621890084554,-0.9931317038944251,10.30145404467684,1.0,2.5472,3411.0,-0.0002699379426567283,0.0024031847643524173
3.166892251065799,-0.9933665322601042,10.30385722944119,1.0,2.5469333333333335,3412.0,-0.00026993794265628424,0.002403184764350641
3.1666223131231424,-0.9936013606257834,10.306260414205543,1.0,2.546666666666667,3413.0,-0.0002699379426567283,0.0024031847643524173
3.166352375180486,-0.9938361889914626,10.308663598969895,1.0,2.5464,3414.0,-0.00026993794265628424,0.0024031847643524173
3.1660824372378293,-0.9940710173571419,10.311066783734246,1.0,2.5461333333333336,3415.0,-0.0002699379426567283,0.002403184764350641
3.165812499295173,-0.9943058457228211,10.313469968498598,1.0,2.5458666666666665,3416.0,-0.00026993794265628424,0.0024031847643524173
3.1655425613525163,-0.9945406740885003,10.315873153262949,1.0,2.5456,3417.0,-0.0002699379426567283,0.002403184764350641
3.16527262340986,-0.9947755024541796,10.318276338027301,1.0,2.5453333333333332,3418.0,-0.00026993794265628424,0.0024031847643524173
3.1650026854672033,-0.9950103308198588,10.320679522791654,1.0,2.5450666666666666,3419.0,-0.0002699379426567283,0.0024031847643524173
3.164732747524547,-0.9952451591855379,10.323082707556004,1.0,2.5448,3420.0,-0.00026993794265628424,0.002403184764350641
3.1644628095818903,-0.9954799875512171,10.325485892320357,1.0,2.5445333333333333,3421.0,-0.0002699379426567283,0.0024031847643524173
3.164192871639234,-0.9957148159168964,10.327889077084707,1.0,2.5442666666666667,3422.0,-0.00026993794265628424,0.002403184764350641
3.1639229336965773,-0.9959496442825756,10.33029226184906,1.0,2.544,3423.0,-0.0002699379426567283,0.0024031847643524173
3.1636320276876835,-0.9959377082619283,10.331671497753016,1.0,2.5437333333333334,3424.0,-0.0002909060088938098,0.0013792359039559443
3.1633411216787897,-0.995925772241281,10.333050733656972,1.0,2.5434666666666668,3425.0,-0.0002909060088938098,0.0013792359039559443
3.163050215669896,-0.9959138362206336,10.33442996956093,1.0,2.5432,3426.0,-0.0002909060088938098,0.0013792359039577207
3.162759309661002,-0.9959019001999863,10.335809205464885,1.0,2.5429333333333335,3427.0,-0.0002909060088938098,0.0013792359039559443
3.1624684036521082,-0.995889964179339,10.337188441368841,1.0,2.542666666666667,3428.0,-0.0002909060088938098,0.0013792359039559443
3.1621774976432144,-0.9958780281586916,10.338567677272797,1.0,2.5424,3429.0,-0.0002909060088938098,0.0013792359039559443
3.1618865916343206,-0.9958660921380443,10.339946913176753,1.0,2.5421333333333336,3430.0,-0.0002909060088938098,0.0013792359039559443
3.1615956856254264,-0.9958541561173969,10.341326149080711,1.0,2.5418666666666665,3431.0,-0.0002909060088942539,0.0013792359039577207
3.1613047796165326,-0.9958422200967496,10.342705384984667,1.0,2.5416,3432.0,-0.0002909060088938098,0.0013792359039559443
3.1610138736076387,-0.9958302840761023,10.344084620888623,1.0,2.541333333333333,3433.0,-0.0002909060088938098,0.0013792359039559443
3.160722967598745,-0.995818348055455,10.345463856792579,1.0,2.5410666666666666,3434.0,-0.0002909060088938098,0.0013792359039559443
3.160432061589851,-0.9958064120348077,10.346843092696535,1.0,2.5408,3435.0,-0.0002909060088938098,0.0013792359039559443
3.1601411555809573,-0.9957944760141603,10.348222328600492,1.0,2.5405333333333333,3436.0,-0.0002909060088938098,0.0013792359039577207
3.1598502495720635,-0.995782539993513,10.349601564504448,1.0,2.5402666666666667,3437.0,-0.0002909060088938098,0.0013792359039559443
3.1595593435631697,-0.9957706039728657,10.350980800408404,1.0,2.54,3438.0,-0.0002909060088938098,0.0013792359039559443
3.1592803420796596,-0.9956310036877954,10.356524153767758,1.0,2.5397333333333334,3439.0,-0.00027900148351012177,0.005543353359353631
3.15900134059615,-0.9954914034027253,10.36206750712711,1.0,2.5394666666666668,3440.0,-0.0002790014835096777,0.005543353359351855
3.1587223391126398,-0.9953518031176551,10.367610860486463,1.0,2.5392,3441.0,-0.00027900148351012177,0.005543353359353631
3.1584433376291297,-0.995212202832585,10.373154213845817,1.0,2.5389333333333335,3442.0,-0.00027900148351012177,0.005543353359353631
3.1581643361456195,-0.9950726025475148,10.378697567205169,1.0,2.538666666666667,3443.0,-0.00027900148351012177,0.005543353359351855
3.15788533466211,-0.9949330022624446,10.384240920564523,1.0,2.5384,3444.0,-0.0002790014835096777,0.005543353359353631
3.1576063331785997,-0.9947934019773745,10.389784273923876,1.0,2.5381333333333336,3445.0,-0.00027900148351012177,0.005543353359353631
3.1573273316950896,-0.9946538016923043,10.395327627283228,1.0,2.5378666666666665,3446.0,-0.00027900148351012177,0.005543353359351855
3.1570483302115795,-0.9945142014072342,10.400870980642582,1.0,2.5376,3447.0,-0.00027900148351012177,0.005543353359353631
3.15676932872807,-0.994374601122164,10.406414334001935,1.0,2.537333333333333,3448.0,-0.0002790014835096777,0.005543353359353631
3.1564903272445597,-0.9942350008370938,10.411957687361287,1.0,2.5370666666666666,3449.0,-0.00027900148351012177,0.005543353359351855
3.1562113257610496,-0.9940954005520237,10.41750104072064,1.0,2.5368,3450.0,-0.00027900148351012177,0.005543353359353631
3.1559323242775394,-0.9939558002669535,10.423044394079994,1.0,2.5365333333333333,3451.0,-0.00027900148351012177,0.005543353359353631
3.1556533227940298,-0.9938161999818834,10.428587747439346,1.0,2.5362666666666667,3452.0,-0.0002790014835096777,0.005543353359351855
3.1553743213105196,-0.9936765996968132,10.4341311007987,1.0,2.536,3453.0,-0.00027900148351012177,0.005543353359353631
3.1550801374690347,-0.9937197046329241,10.434703573395204,1.0,2.5357333333333334,3454.0,-0.0002941838414849407,0.0005724725965041699
3.1547859536275498,-0.9937628095690351,10.43527604599171,1.0,2.5354666666666668,3455.0,-0.0002941838414849407,0.0005724725965059463
3.154491769786065,-0.993805914505146,10.435848518588214,1.0,2.5352,3456.0,-0.0002941838414849407,0.0005724725965041699
3.1541975859445794,-0.9938490194412569,10.436420991184718,1.0,2.5349333333333335,3457.0,-0.0002941838414853848,0.0005724725965041699
3.1539034021030945,-0.9938921243773678,10.436993463781224,1.0,2.534666666666667,3458.0,-0.0002941838414849407,0.0005724725965059463
3.1536092182616096,-0.9939352293134788,10.437565936377728,1.0,2.5344,3459.0,-0.0002941838414849407,0.0005724725965041699
3.1533150344201246,-0.9939783342495897,10.438138408974233,1.0,2.5341333333333336,3460.0,-0.0002941838414849407,0.0005724725965041699
3.1530208505786397,-0.9940214391857005,10.438710881570739,1.0,2.5338666666666665,3461.0,-0.0002941838414849407,0.0005724725965059463
3.1527266667371547,-0.9940645441218114,10.439283354167243,1.0,2.5336,3462.0,-0.0002941838414849407,0.0005724725965041699
3.15243248289567,-0.9941076490579224,10.439855826763747,1.0,2.533333333333333,3463.0,-0.0002941838414849407,0.0005724725965041699
3.152138299054185,-0.9941507539940333,10.440428299360253,1.0,2.5330666666666666,3464.0,-0.0002941838414849407,0.0005724725965059463
3.1518441152126995,-0.9941938589301442,10.441000771956757,1.0,2.5328,3465.0,-0.0002941838414853848,0.0005724725965041699
3.1515499313712145,-0.9942369638662552,10.441573244553261,1.0,2.5325333333333333,3466.0,-0.0002941838414849407,0.0005724725965041699
3.1512557475297296,-0.9942800688023661,10.442145717149767,1.0,2.5322666666666667,3467.0,-0.0002941838414849407,0.0005724725965059463
3.1509615636882446,-0.994323173738477,10.442718189746271,1.0,2.532,3468.0,-0.0002941838414849407,0.0005724725965041699
3.150676459164834,-0.9944148942661805,10.445286054861251,1.0,2.5318666666666667,3469.0,-0.00028510452341068415,0.0025678651149796394
3.1503913546414237,-0.9945066147938839,10.44785391997623,1.0,2.5317333333333334,3470.0,-0.00028510452341024006,0.0025678651149796394
3.150106250118013,-0.9945983353215875,10.45042178509121,1.0,2.5316,3471.0,-0.00028510452341068415,0.0025678651149796394
3.1498211455946024,-0.9946900558492909,10.45298965020619,1.0,2.5314666666666668,3472.0,-0.00028510452341068415,0.0025678651149796394
3.149536041071192,-0.9947817763769944,10.45555751532117,1.0,2.5313333333333334,3473.0,-0.00028510452341024006,0.0025678651149796394
3.1492509365477814,-0.9948734969046978,10.45812538043615,1.0,2.5312,3474.0,-0.00028510452341068415,0.0025678651149796394
3.1489658320243707,-0.9949652174324013,10.460693245551129,1.0,2.531066666666667,3475.0,-0.00028510452341068415,0.0025678651149796394
3.1486807275009605,-0.9950569379601049,10.46326111066611,1.0,2.530933333333333,3476.0,-0.00028510452341024006,0.002567865114981416
3.14839562297755,-0.9951486584878083,10.46582897578109,1.0,2.5307999999999997,3477.0,-0.00028510452341068415,0.0025678651149796394
3.148110518454139,-0.9952403790155118,10.46839684089607,1.0,2.5306666666666664,3478.0,-0.00028510452341068415,0.0025678651149796394
3.147825413930729,-0.9953320995432152,10.47096470601105,1.0,2.530533333333333,3479.0,-0.00028510452341024006,0.0025678651149796394
3.147540309407318,-0.9954238200709187,10.473532571126029,1.0,2.5303999999999998,3480.0,-0.00028510452341068415,0.0025678651149796394
3.1472552048839075,-0.9955155405986222,10.476100436241008,1.0,2.5302666666666664,3481.0,-0.00028510452341068415,0.0025678651149796394
3.1469701003604973,-0.9956072611263257,10.478668301355988,1.0,2.530133333333333,3482.0,-0.00028510452341024006,0.0025678651149796394
3.1466849958370866,-0.9956989816540291,10.481236166470968,1.0,2.53,3483.0,-0.00028510452341068415,0.0025678651149796394
3.1463899406026394,-0.9955950248707747,10.485777959385576,1.0,2.5296666666666665,3484.0,-0.0002950552344471724,0.0045417929146083225
3.1460948853681923,-0.9954910680875203,10.490319752300184,1.0,2.529333333333333,3485.0,-0.0002950552344471724,0.0045417929146083225
3.145799830133745,-0.9953871113042658,10.494861545214793,1.0,2.529,3486.0,-0.0002950552344471724,0.0045417929146083225
3.145504774899298,-0.9952831545210113,10.499403338129401,1.0,2.5286666666666666,3487.0,-0.0002950552344471724,0.0045417929146083225
3.1452097196648507,-0.9951791977377569,10.50394513104401,1.0,2.5283333333333333,3488.0,-0.0002950552344471724,0.0045417929146083225
3.1449146644304036,-0.9950752409545025,10.508486923958618,1.0,2.528,3489.0,-0.0002950552344471724,0.0045417929146083225
3.1446196091959564,-0.994971284171248,10.513028716873226,1.0,2.5276666666666667,3490.0,-0.0002950552344471724,0.0045417929146083225
3.1443245539615097,-0.9948673273879935,10.517570509787836,1.0,2.527333333333333,3491.0,-0.0002950552344467283,0.004541792914610099
3.1440294987270625,-0.9947633706047391,10.522112302702444,1.0,2.5269999999999997,3492.0,-0.0002950552344471724,0.0045417929146083225
3.1437344434926153,-0.9946594138214847,10.526654095617053,1.0,2.5266666666666664,3493.0,-0.0002950552344471724,0.0045417929146083225
3.143439388258168,-0.9945554570382302,10.531195888531661,1.0,2.526333333333333,3494.0,-0.0002950552344471724,0.0045417929146083225
3.143144333023721,-0.9944515002549758,10.53573768144627,1.0,2.526,3495.0,-0.0002950552344471724,0.0045417929146083225
3.142849277789274,-0.9943475434717213,10.540279474360878,1.0,2.5256666666666665,3496.0,-0.0002950552344471724,0.0045417929146083225
3.1425542225548266,-0.9942435866884669,10.544821267275486,1.0,2.525333333333333,3497.0,-0.0002950552344471724,0.0045417929146083225
3.1422591673203795,-0.9941396299052124,10.549363060190094,1.0,2.525,3498.0,-0.0002950552344471724,0.0045417929146083225
3.1419561252391657,-0.9941727742748283,10.551267723220688,1.0,2.5246666666666666,3499.0,-0.00030304208121378906,0.0019046630305936674
3.1416530831579523,-0.9942059186444441,10.553172386251282,1.0,2.5243333333333333,3500.0,-0.00030304208121334497,0.0019046630305936674
3.1413500410767385,-0.99423906301406,10.555077049281875,1.0,2.524,3501.0,-0.00030304208121378906,0.0019046630305936674
3.141046998995525,-0.9942722073836758,10.556981712312469,1.0,2.5236666666666667,3502.0,-0.00030304208121334497,0.0019046630305936674
3.1407439569143114,-0.9943053517532916,10.558886375343063,1.0,2.5233333333333334,3503.0,-0.00030304208121378906,0.0019046630305936674
3.1404409148330976,-0.9943384961229075,10.560791038373656,1.0,2.523,3504.0,-0.00030304208121378906,0.0019046630305936674
3.1401378727518843,-0.9943716404925234,10.56269570140425,1.0,2.522666666666667,3505.0,-0.00030304208121334497,0.0019046630305936674
3.1398348306706705,-0.9944047848621391,10.564600364434842,1.0,2.522333333333333,3506.0,-0.00030304208121378906,0.001904663030591891
3.139531788589457,-0.994437929231755,10.566505027465436,1.0,2.522,3507.0,-0.00030304208121334497,0.0019046630305936674
3.1392287465082434,-0.9944710736013709,10.56840969049603,1.0,2.5216666666666665,3508.0,-0.00030304208121378906,0.0019046630305936674
3.1389257044270296,-0.9945042179709866,10.570314353526623,1.0,2.521333333333333,3509.0,-0.00030304208121378906,0.0019046630305936674
3.138622662345816,-0.9945373623406025,10.572219016557217,1.0,2.521,3510.0,-0.00030304208121334497,0.0019046630305936674
3.1383196202646024,-0.9945705067102184,10.57412367958781,1.0,2.5206666666666666,3511.0,-0.00030304208121378906,0.0019046630305936674
3.138016578183389,-0.9946036510798342,10.576028342618404,1.0,2.5203333333333333,3512.0,-0.00030304208121334497,0.0019046630305936674
3.1377135361021753,-0.99463679544945,10.577933005648998,1.0,2.52,3513.0,-0.00030304208121378906,0.0019046630305936674
3.137397433052857,-0.9945964213190462,10.58510915682687,1.0,2.5196,3514.0,-0.0003161030493181727,0.00717615117787318
3.1370813300035385,-0.9945560471886424,10.592285308004742,1.0,2.5192,3515.0,-0.00031610304931861677,0.007176151177871404
3.1367652269542203,-0.9945156730582386,10.599461459182615,1.0,2.5188,3516.0,-0.0003161030493181727,0.00717615117787318
3.1364491239049017,-0.9944752989278348,10.606637610360487,1.0,2.5183999999999997,3517.0,-0.00031610304931861677,0.007176151177871404
3.1361330208555835,-0.994434924797431,10.61381376153836,1.0,2.518,3518.0,-0.0003161030493181727,0.00717615117787318
3.1358169178062654,-0.9943945506670272,10.620989912716233,1.0,2.5176,3519.0,-0.0003161030493181727,0.00717615117787318
3.1355008147569468,-0.9943541765366234,10.628166063894104,1.0,2.5172,3520.0,-0.00031610304931861677,0.007176151177871404
3.1351847117076286,-0.9943138024062195,10.635342215071978,1.0,2.5168,3521.0,-0.0003161030493181727,0.00717615117787318
3.13486860865831,-0.9942734282758157,10.642518366249849,1.0,2.5164,3522.0,-0.00031610304931861677,0.007176151177871404
3.134552505608992,-0.9942330541454119,10.649694517427722,1.0,2.516,3523.0,-0.0003161030493181727,0.00717615117787318
3.1342364025596736,-0.994192680015008,10.656870668605595,1.0,2.5156,3524.0,-0.0003161030493181727,0.00717615117787318
3.133920299510355,-0.9941523058846042,10.664046819783467,1.0,2.5151999999999997,3525.0,-0.00031610304931861677,0.007176151177871404
3.133604196461037,-0.9941119317542004,10.67122297096134,1.0,2.5147999999999997,3526.0,-0.0003161030493181727,0.00717615117787318
3.133288093411718,-0.9940715576237966,10.678399122139211,1.0,2.5143999999999997,3527.0,-0.00031610304931861677,0.007176151177871404
3.1329719903624,-0.9940311834933928,10.685575273317085,1.0,2.514,3528.0,-0.0003161030493181727,0.00717615117787318
3.132659439606193,-0.9941764822559541,10.687228437563862,1.0,2.513733333333333,3529.0,-0.00031255075620695294,0.0016531642467771945
3.1323468888499866,-0.9943217810185155,10.688881601810637,1.0,2.5134666666666665,3530.0,-0.00031255075620650885,0.0016531642467754182
3.1320343380937796,-0.9944670797810768,10.690534766057414,1.0,2.5132,3531.0,-0.00031255075620695294,0.0016531642467771945
3.131721787337573,-0.9946123785436382,10.692187930304192,1.0,2.5129333333333332,3532.0,-0.00031255075620650885,0.0016531642467771945
3.131409236581366,-0.9947576773061996,10.693841094550969,1.0,2.5126666666666666,3533.0,-0.00031255075620695294,0.0016531642467771945
3.1310966858251597,-0.9949029760687609,10.695494258797744,1.0,2.5124,3534.0,-0.00031255075620650885,0.0016531642467754182
3.1307841350689527,-0.9950482748313222,10.697147423044521,1.0,2.5121333333333333,3535.0,-0.00031255075620695294,0.0016531642467771945
3.130471584312746,-0.9951935735938836,10.698800587291299,1.0,2.5118666666666662,3536.0,-0.00031255075620650885,0.0016531642467771945
3.1301590335565392,-0.9953388723564449,10.700453751538076,1.0,2.5115999999999996,3537.0,-0.00031255075620695294,0.0016531642467771945
3.1298464828003327,-0.9954841711190062,10.702106915784851,1.0,2.511333333333333,3538.0,-0.00031255075620650885,0.0016531642467754182
3.1295339320441258,-0.9956294698815676,10.703760080031628,1.0,2.5110666666666663,3539.0,-0.00031255075620695294,0.0016531642467771945
3.1292213812879193,-0.995774768644129,10.705413244278406,1.0,2.5107999999999997,3540.0,-0.00031255075620650885,0.0016531642467771945
3.1289088305317123,-0.9959200674066903,10.707066408525183,1.0,2.510533333333333,3541.0,-0.00031255075620695294,0.0016531642467771945
3.128596279775506,-0.9960653661692517,10.708719572771958,1.0,2.5102666666666664,3542.0,-0.00031255075620650885,0.0016531642467754182
3.128283729019299,-0.996210664931813,10.710372737018735,1.0,2.51,3543.0,-0.00031255075620695294,0.0016531642467771945
3.127963735004619,-0.9961105626418132,10.715711710329664,1.0,2.5098,3544.0,-0.0003199940146796365,0.005338973310928807
3.12764374098994,-0.9960104603518135,10.721050683640593,1.0,2.5096,3545.0,-0.0003199940146791924,0.005338973310928807
3.1273237469752604,-0.9959103580618137,10.726389656951524,1.0,2.5094,3546.0,-0.0003199940146796365,0.005338973310930584
3.127003752960581,-0.995810255771814,10.731728630262452,1.0,2.5092,3547.0,-0.0003199940146791924,0.005338973310928807
3.1266837589459016,-0.9957101534818142,10.737067603573381,1.0,2.509,3548.0,-0.0003199940146796365,0.005338973310928807
3.126363764931222,-0.9956100511918144,10.74240657688431,1.0,2.5088,3549.0,-0.0003199940146796365,0.005338973310928807
3.1260437709165427,-0.9955099489018148,10.747745550195239,1.0,2.5086,3550.0,-0.0003199940146791924,0.005338973310928807
3.125723776901863,-0.995409846611815,10.75308452350617,1.0,2.5084,3551.0,-0.0003199940146796365,0.005338973310930584
3.125403782887184,-0.9953097443218153,10.758423496817098,1.0,2.5082,3552.0,-0.0003199940146791924,0.005338973310928807
3.1250837888725043,-0.9952096420318155,10.763762470128027,1.0,2.508,3553.0,-0.0003199940146796365,0.005338973310928807
3.1247637948578246,-0.9951095397418157,10.769101443438956,1.0,2.5078,3554.0,-0.0003199940146796365,0.005338973310928807
3.1244438008431454,-0.995009437451816,10.774440416749885,1.0,2.5076,3555.0,-0.0003199940146791924,0.005338973310928807
3.124123806828466,-0.9949093351618162,10.779779390060815,1.0,2.5074,3556.0,-0.0003199940146796365,0.005338973310930584
3.1238038128137866,-0.9948092328718166,10.785118363371744,1.0,2.5072,3557.0,-0.0003199940146791924,0.005338973310928807
3.123483818799107,-0.9947091305818168,10.790457336682673,1.0,2.507,3558.0,-0.0003199940146796365,0.005338973310928807
3.1231615375492385,-0.9946285375185029,10.789468617709472,1.0,2.506666666666667,3559.0,-0.0003222812498684391,-0.0009887189732005197
3.12283925629937,-0.994547944455189,10.788479898736272,1.0,2.5063333333333335,3560.0,-0.0003222812498684391,-0.0009887189732005197
3.122516975049502,-0.9944673513918753,10.787491179763071,1.0,2.5060000000000002,3561.0,-0.000322281249867995,-0.0009887189732005197
3.1221946937996337,-0.9943867583285614,10.78650246078987,1.0,2.5056666666666665,3562.0,-0.0003222812498684391,-0.0009887189732005197
3.121872412549765,-0.9943061652652475,10.78551374181667,1.0,2.505333333333333,3563.0,-0.0003222812498684391,-0.0009887189732005197
3.121550131299897,-0.9942255722019336,10.78452502284347,1.0,2.505,3564.0,-0.0003222812498684391,-0.0009887189732005197
3.1212278500500283,-0.9941449791386198,10.78353630387027,1.0,2.5046666666666666,3565.0,-0.0003222812498684391,-0.0009887189732005197
3.1209055688001603,-0.994064386075306,10.782547584897067,1.0,2.5043333333333333,3566.0,-0.000322281249867995,-0.000988718973202296
3.120583287550292,-0.9939837930119921,10.781558865923866,1.0,2.504,3567.0,-0.0003222812498684391,-0.0009887189732005197
3.1202610063004235,-0.9939031999486783,10.780570146950666,1.0,2.5036666666666667,3568.0,-0.0003222812498684391,-0.0009887189732005197
3.119938725050555,-0.9938226068853644,10.779581427977465,1.0,2.5033333333333334,3569.0,-0.0003222812498684391,-0.0009887189732005197
3.1196164438006866,-0.9937420138220505,10.778592709004265,1.0,2.5029999999999997,3570.0,-0.0003222812498684391,-0.0009887189732005197
3.1192941625508186,-0.9936614207587368,10.777603990031064,1.0,2.5026666666666664,3571.0,-0.000322281249867995,-0.0009887189732005197
3.11897188130095,-0.9935808276954229,10.776615271057864,1.0,2.502333333333333,3572.0,-0.0003222812498684391,-0.0009887189732005197
3.1186496000510817,-0.993500234632109,10.775626552084663,1.0,2.502,3573.0,-0.0003222812498684391,-0.0009887189732005197
3.1183136866114607,-0.9935501110870616,10.780528360546656,1.0,2.5016666666666665,3574.0,-0.00033591343962102727,0.004901808461992729
3.11797777317184,-0.9935999875420142,10.785430169008649,1.0,2.501333333333333,3575.0,-0.0003359134396205832,0.004901808461992729
3.117641859732219,-0.9936498639969669,10.790331977470641,1.0,2.501,3576.0,-0.00033591343962102727,0.004901808461992729
3.117305946292598,-0.9936997404519194,10.795233785932634,1.0,2.5006666666666666,3577.0,-0.00033591343962102727,0.004901808461992729
3.116970032852977,-0.993749616906872,10.800135594394627,1.0,2.5003333333333333,3578.0,-0.00033591343962102727,0.004901808461992729
3.1166341194133564,-0.9937994933618246,10.80503740285662,1.0,2.5,3579.0,-0.0003359134396205832,0.004901808461992729
3.1162982059737354,-0.9938493698167772,10.809939211318612,1.0,2.4996666666666667,3580.0,-0.00033591343962102727,0.004901808461992729
3.1159622925341144,-0.9938992462717299,10.814841019780603,1.0,2.499333333333333,3581.0,-0.00033591343962102727,0.004901808461990953
3.1156263790944934,-0.9939491227266825,10.819742828242596,1.0,2.4989999999999997,3582.0,-0.00033591343962102727,0.004901808461992729
3.1152904656548728,-0.993998999181635,10.824644636704589,1.0,2.4986666666666664,3583.0,-0.0003359134396205832,0.004901808461992729
3.1149545522152517,-0.9940488756365876,10.829546445166581,1.0,2.498333333333333,3584.0,-0.00033591343962102727,0.004901808461992729
3.1146186387756307,-0.9940987520915402,10.834448253628574,1.0,2.4979999999999998,3585.0,-0.00033591343962102727,0.004901808461992729
3.1142827253360097,-0.9941486285464929,10.839350062090567,1.0,2.4976666666666665,3586.0,-0.00033591343962102727,0.004901808461992729
3.113946811896389,-0.9941985050014455,10.84425187055256,1.0,2.497333333333333,3587.0,-0.0003359134396205832,0.004901808461992729
3.113610898456768,-0.994248381456398,10.849153679014552,1.0,2.497,3588.0,-0.00033591343962102727,0.004901808461992729
3.1132740659732585,-0.9942643689094539,10.851611548075905,1.0,2.4966666666666666,3589.0,-0.00033683248350957484,0.002457869061352369
3.112937233489749,-0.9942803563625099,10.854069417137257,1.0,2.4963333333333333,3590.0,-0.00033683248350957484,0.002457869061352369
3.1126004010062394,-0.9942963438155658,10.85652728619861,1.0,2.496,3591.0,-0.00033683248350957484,0.002457869061352369
3.1122635685227302,-0.9943123312686217,10.858985155259962,1.0,2.4956666666666667,3592.0,-0.00033683248350913075,0.002457869061352369
3.1119267360392207,-0.9943283187216776,10.861443024321314,1.0,2.4953333333333334,3593.0,-0.00033683248350957484,0.002457869061352369
3.111589903555711,-0.9943443061747336,10.863900893382667,1.0,2.495,3594.0,-0.00033683248350957484,0.002457869061352369
3.1112530710722015,-0.9943602936277894,10.866358762444019,1.0,2.494666666666667,3595.0,-0.00033683248350957484,0.002457869061352369
3.110916238588692,-0.9943762810808454,10.86881663150537,1.0,2.494333333333333,3596.0,-0.00033683248350957484,0.0024578690613505927
3.1105794061051824,-0.9943922685339013,10.871274500566722,1.0,2.4939999999999998,3597.0,-0.00033683248350957484,0.002457869061352369
3.110242573621673,-0.9944082559869573,10.873732369628074,1.0,2.4936666666666665,3598.0,-0.00033683248350957484,0.002457869061352369
3.109905741138163,-0.9944242434400131,10.876190238689427,1.0,2.493333333333333,3599.0,-0.00033683248350957484,0.002457869061352369
3.109568908654654,-0.9944402308930691,10.878648107750779,1.0,2.493,3600.0,-0.00033683248350913075,0.002457869061352369
3.1092320761711445,-0.994456218346125,10.881105976812131,1.0,2.4926666666666666,3601.0,-0.00033683248350957484,0.002457869061352369
3.108895243687635,-0.9944722057991809,10.883563845873484,1.0,2.4923333333333333,3602.0,-0.00033683248350957484,0.002457869061352369
3.1085584112041253,-0.9944881932522368,10.886021714934836,1.0,2.492,3603.0,-0.00033683248350957484,0.002457869061352369
3.1081899606115964,-0.9944996637218071,10.888381024812364,1.0,2.4919285714285713,3604.0,-0.0003684505925289905,0.002359309877528304
3.1078215100190674,-0.9945111341913774,10.890740334689891,1.0,2.491857142857143,3605.0,-0.0003684505925289905,0.0023593098775265275
3.1074530594265384,-0.9945226046609477,10.89309964456742,1.0,2.4917857142857143,3606.0,-0.0003684505925289905,0.002359309877528304
3.1070846088340094,-0.994534075130518,10.895458954444948,1.0,2.4917142857142855,3607.0,-0.0003684505925289905,0.002359309877528304
3.1067161582414804,-0.9945455456000882,10.897818264322474,1.0,2.4916428571428573,3608.0,-0.0003684505925289905,0.0023593098775265275
3.1063477076489514,-0.9945570160696585,10.900177574200002,1.0,2.4915714285714285,3609.0,-0.0003684505925289905,0.002359309877528304
3.1059792570564224,-0.9945684865392288,10.902536884077529,1.0,2.4915000000000003,3610.0,-0.0003684505925289905,0.0023593098775265275
3.1056108064638934,-0.9945799570087991,10.904896193955057,1.0,2.4914285714285715,3611.0,-0.0003684505925289905,0.002359309877528304
3.1052423558713644,-0.9945914274783694,10.907255503832586,1.0,2.491357142857143,3612.0,-0.0003684505925289905,0.002359309877528304
3.1048739052788354,-0.9946028979479397,10.909614813710112,1.0,2.4912857142857145,3613.0,-0.0003684505925289905,0.0023593098775265275
3.1045054546863065,-0.9946143684175099,10.91197412358764,1.0,2.491214285714286,3614.0,-0.0003684505925289905,0.002359309877528304
3.1041370040937775,-0.9946258388870802,10.914333433465169,1.0,2.491142857142857,3615.0,-0.0003684505925289905,0.002359309877528304
3.1037685535012485,-0.9946373093566505,10.916692743342695,1.0,2.491071428571429,3616.0,-0.0003684505925289905,0.0023593098775265275
3.1034001029087195,-0.9946487798262208,10.919052053220224,1.0,2.491,3617.0,-0.0003684505925289905,0.002359309877528304
3.1030438967562137,-0.9946477921826907,10.924123168227773,1.0,2.4905333333333335,3618.0,-0.0003562061525057558,0.0050711150075493094
3.1026876906037084,-0.9946468045391608,10.92919428323532,1.0,2.490066666666667,3619.0,-0.00035620615250531174,0.005071115007547533
3.1023314844512027,-0.9946458168956307,10.93426539824287,1.0,2.4896000000000003,3620.0,-0.0003562061525057558,0.0050711150075493094
3.1019752782986973,-0.9946448292521006,10.939336513250419,1.0,2.489133333333333,3621.0,-0.00035620615250531174,0.0050711150075493094
3.1016190721461916,-0.9946438416085706,10.944407628257967,1.0,2.4886666666666666,3622.0,-0.0003562061525057558,0.005071115007547533
3.101262865993686,-0.9946428539650406,10.949478743265516,1.0,2.4882,3623.0,-0.0003562061525057558,0.0050711150075493094
3.1009066598411805,-0.9946418663215105,10.954549858273065,1.0,2.4877333333333334,3624.0,-0.00035620615250531174,0.0050711150075493094
3.1005504536886748,-0.9946408786779805,10.959620973280613,1.0,2.4872666666666667,3625.0,-0.0003562061525057558,0.005071115007547533
3.1001942475361695,-0.9946398910344504,10.964692088288162,1.0,2.4868,3626.0,-0.00035620615250531174,0.0050711150075493094
3.0998380413836637,-0.9946389033909204,10.969763203295711,1.0,2.4863333333333335,3627.0,-0.0003562061525057558,0.0050711150075493094
3.099481835231158,-0.9946379157473904,10.974834318303259,1.0,2.485866666666667,3628.0,-0.0003562061525057558,0.005071115007547533
3.0991256290786526,-0.9946369281038603,10.979905433310808,1.0,2.4854,3629.0,-0.00035620615250531174,0.0050711150075493094
3.098769422926147,-0.9946359404603302,10.984976548318357,1.0,2.484933333333333,3630.0,-0.0003562061525057558,0.0050711150075493094
3.0984132167736416,-0.9946349528168003,10.990047663325905,1.0,2.4844666666666666,3631.0,-0.00035620615250531174,0.005071115007547533
3.098057010621136,-0.9946339651732702,10.995118778333454,1.0,2.484,3632.0,-0.0003562061525057558,0.0050711150075493094
3.0976890015792073,-0.9945353964407871,10.999393631100514,1.0,2.4836,3633.0,-0.0003680090419284632,0.004274852767059301
3.097320992537279,-0.994436827708304,11.003668483867575,1.0,2.4832,3634.0,-0.0003680090419284632,0.004274852767061077
3.0969529834953504,-0.994338258975821,11.007943336634634,1.0,2.4828,3635.0,-0.0003680090419284632,0.004274852767059301
3.0965849744534215,-0.9942396902433378,11.012218189401695,1.0,2.4824,3636.0,-0.00036800904192890727,0.004274852767061077
3.096216965411493,-0.9941411215108548,11.016493042168754,1.0,2.482,3637.0,-0.0003680090419284632,0.004274852767059301
3.0958489563695646,-0.9940425527783716,11.020767894935814,1.0,2.4816000000000003,3638.0,-0.0003680090419284632,0.004274852767059301
3.095480947327636,-0.9939439840458886,11.025042747702875,1.0,2.4812000000000003,3639.0,-0.0003680090419284632,0.004274852767061077
3.0951129382857077,-0.9938454153134054,11.029317600469934,1.0,2.4808,3640.0,-0.0003680090419284632,0.004274852767059301
3.094744929243779,-0.9937468465809224,11.033592453236995,1.0,2.4804,3641.0,-0.0003680090419284632,0.004274852767061077
3.0943769202018507,-0.9936482778484392,11.037867306004054,1.0,2.48,3642.0,-0.0003680090419284632,0.004274852767059301
3.0940089111599223,-0.9935497091159562,11.042142158771114,1.0,2.4796,3643.0,-0.0003680090419284632,0.004274852767059301
3.0936409021179934,-0.993451140383473,11.046417011538175,1.0,2.4792,3644.0,-0.00036800904192890727,0.004274852767061077
3.093272893076065,-0.99335257165099,11.050691864305234,1.0,2.4788,3645.0,-0.0003680090419284632,0.004274852767059301
3.0929048840341364,-0.9932540029185069,11.054966717072295,1.0,2.4784,3646.0,-0.0003680090419284632,0.004274852767061077
3.092536874992208,-0.9931554341860238,11.059241569839354,1.0,2.478,3647.0,-0.0003680090419284632,0.004274852767059301
3.092168782468922,-0.9932937335806349,11.062566183140465,1.0,2.4778000000000002,3648.0,-0.00036809252328584563,0.003324613301110446
3.0918006899456367,-0.9934320329752461,11.065890796441574,1.0,2.4776000000000002,3649.0,-0.00036809252328540154,0.00332461330110867
3.091432597422351,-0.9935703323698571,11.069215409742684,1.0,2.4774000000000003,3650.0,-0.00036809252328584563,0.003324613301110446
3.091064504899065,-0.9937086317644682,11.072540023043794,1.0,2.4772000000000003,3651.0,-0.00036809252328584563,0.003324613301110446
3.090696412375779,-0.9938469311590793,11.075864636344905,1.0,2.4770000000000003,3652.0,-0.00036809252328584563,0.003324613301110446
3.090328319852494,-0.9939852305536905,11.079189249646014,1.0,2.4768000000000003,3653.0,-0.00036809252328540154,0.00332461330110867
3.089960227329208,-0.9941235299483016,11.082513862947124,1.0,2.4766000000000004,3654.0,-0.00036809252328584563,0.003324613301110446
3.089592134805922,-0.9942618293429126,11.085838476248234,1.0,2.4764,3655.0,-0.00036809252328584563,0.003324613301110446
3.0892240422826363,-0.9944001287375237,11.089163089549345,1.0,2.4762,3656.0,-0.00036809252328584563,0.003324613301110446
3.088855949759351,-0.9945384281321349,11.092487702850454,1.0,2.476,3657.0,-0.00036809252328540154,0.00332461330110867
3.088487857236065,-0.994676727526746,11.095812316151564,1.0,2.4758,3658.0,-0.00036809252328584563,0.003324613301110446
3.088119764712779,-0.994815026921357,11.099136929452674,1.0,2.4756,3659.0,-0.00036809252328584563,0.003324613301110446
3.0877516721894933,-0.9949533263159681,11.102461542753785,1.0,2.4754,3660.0,-0.00036809252328584563,0.003324613301110446
3.087383579666208,-0.9950916257105793,11.105786156054894,1.0,2.4752,3661.0,-0.00036809252328540154,0.00332461330110867
3.087015487142922,-0.9952299251051904,11.109110769356004,1.0,2.475,3662.0,-0.00036809252328584563,0.003324613301110446
3.086639571452527,-0.995182033570581,11.10963606913745,1.0,2.4745333333333335,3663.0,-0.0003759156903950789,0.000525299781445554
3.0862636557621324,-0.9951341420359716,11.110161368918895,1.0,2.474066666666667,3664.0,-0.0003759156903946348,0.000525299781445554
3.0858877400717373,-0.9950862505013622,11.11068666870034,1.0,2.4736000000000002,3665.0,-0.0003759156903950789,0.000525299781445554
3.085511824381342,-0.9950383589667529,11.111211968481786,1.0,2.473133333333333,3666.0,-0.0003759156903950789,0.000525299781445554
3.085135908690947,-0.9949904674321435,11.111737268263232,1.0,2.4726666666666666,3667.0,-0.0003759156903950789,0.000525299781445554
3.0847599930005525,-0.9949425758975341,11.112262568044677,1.0,2.4722,3668.0,-0.0003759156903946348,0.000525299781445554
3.0843840773101574,-0.9948946843629247,11.112787867826123,1.0,2.4717333333333333,3669.0,-0.0003759156903950789,0.000525299781445554
3.0840081616197623,-0.9948467928283155,11.113313167607567,1.0,2.4712666666666667,3670.0,-0.0003759156903950789,0.0005252997814437776
3.0836322459293672,-0.9947989012937061,11.113838467389012,1.0,2.4708,3671.0,-0.0003759156903950789,0.000525299781445554
3.0832563302389726,-0.9947510097590967,11.114363767170458,1.0,2.4703333333333335,3672.0,-0.0003759156903946348,0.000525299781445554
3.0828804145485775,-0.9947031182244873,11.114889066951903,1.0,2.469866666666667,3673.0,-0.0003759156903950789,0.000525299781445554
3.0825044988581825,-0.9946552266898779,11.115414366733349,1.0,2.4694,3674.0,-0.0003759156903950789,0.000525299781445554
3.0821285831677874,-0.9946073351552686,11.115939666514794,1.0,2.468933333333333,3675.0,-0.0003759156903950789,0.000525299781445554
3.0817526674773927,-0.9945594436206592,11.11646496629624,1.0,2.4684666666666666,3676.0,-0.0003759156903946348,0.000525299781445554
3.0813767517869977,-0.9945115520860498,11.116990266077686,1.0,2.468,3677.0,-0.0003759156903950789,0.000525299781445554
3.080988021382811,-0.9944856699735626,11.121529544569805,1.0,2.4676,3678.0,-0.0003887304041865214,0.004539278492119436
3.080599290978624,-0.9944597878610755,11.126068823061923,1.0,2.4672,3679.0,-0.00038873040418696547,0.00453927849211766
3.0802105605744377,-0.9944339057485883,11.130608101554042,1.0,2.4668,3680.0,-0.0003887304041865214,0.004539278492119436
3.079821830170251,-0.994408023636101,11.135147380046162,1.0,2.4664,3681.0,-0.0003887304041865214,0.004539278492119436
3.079433099766064,-0.9943821415236138,11.13968665853828,1.0,2.466,3682.0,-0.00038873040418696547,0.00453927849211766
3.0790443693618776,-0.9943562594111267,11.144225937030399,1.0,2.4656000000000002,3683.0,-0.0003887304041865214,0.004539278492119436
3.078655638957691,-0.9943303772986395,11.148765215522518,1.0,2.4652000000000003,3684.0,-0.0003887304041865214,0.004539278492119436
3.078266908553504,-0.9943044951861523,11.153304494014636,1.0,2.4648,3685.0,-0.00038873040418696547,0.00453927849211766
3.0778781781493176,-0.994278613073665,11.157843772506755,1.0,2.4644,3686.0,-0.0003887304041865214,0.004539278492119436
3.077489447745131,-0.9942527309611779,11.162383050998875,1.0,2.464,3687.0,-0.0003887304041865214,0.004539278492119436
3.077100717340944,-0.9942268488486907,11.166922329490992,1.0,2.4636,3688.0,-0.00038873040418696547,0.00453927849211766
3.0767119869367576,-0.9942009667362035,11.171461607983112,1.0,2.4632,3689.0,-0.0003887304041865214,0.004539278492119436
3.076323256532571,-0.9941750846237163,11.176000886475231,1.0,2.4628,3690.0,-0.0003887304041865214,0.004539278492119436
3.075934526128384,-0.9941492025112292,11.180540164967349,1.0,2.4624,3691.0,-0.00038873040418696547,0.00453927849211766
3.0755457957241976,-0.994123320398742,11.185079443459468,1.0,2.462,3692.0,-0.0003887304041865214,0.004539278492119436
3.0751577224654056,-0.9942155257077139,11.188221595026578,1.0,2.461666666666667,3693.0,-0.00038807325879197663,0.003142151567109508
3.0747696492066137,-0.9943077310166857,11.191363746593685,1.0,2.4613333333333336,3694.0,-0.00038807325879197663,0.0031421515671077316
3.0743815759478217,-0.9943999363256576,11.194505898160795,1.0,2.4610000000000003,3695.0,-0.00038807325879197663,0.003142151567109508
3.0739935026890293,-0.9944921416346294,11.197648049727905,1.0,2.4606666666666666,3696.0,-0.0003880732587924207,0.003142151567109508
3.0736054294302373,-0.9945843469436013,11.200790201295012,1.0,2.4603333333333333,3697.0,-0.00038807325879197663,0.0031421515671077316
3.0732173561714453,-0.9946765522525732,11.203932352862122,1.0,2.46,3698.0,-0.00038807325879197663,0.003142151567109508
3.0728292829126533,-0.994768757561545,11.207074504429231,1.0,2.4596666666666667,3699.0,-0.00038807325879197663,0.003142151567109508
3.0724412096538614,-0.994860962870517,11.210216655996339,1.0,2.4593333333333334,3700.0,-0.00038807325879197663,0.0031421515671077316
3.0720531363950694,-0.9949531681794888,11.213358807563448,1.0,2.459,3701.0,-0.00038807325879197663,0.003142151567109508
3.0716650631362774,-0.9950453734884607,11.216500959130558,1.0,2.458666666666667,3702.0,-0.00038807325879197663,0.003142151567109508
3.0712769898774854,-0.9951375787974326,11.219643110697666,1.0,2.4583333333333335,3703.0,-0.00038807325879197663,0.0031421515671077316
3.070888916618693,-0.9952297841064044,11.222785262264775,1.0,2.4579999999999997,3704.0,-0.0003880732587924207,0.003142151567109508
3.070500843359901,-0.9953219894153763,11.225927413831885,1.0,2.4576666666666664,3705.0,-0.00038807325879197663,0.003142151567109508
3.070112770101109,-0.9954141947243481,11.229069565398992,1.0,2.457333333333333,3706.0,-0.00038807325879197663,0.0031421515671077316
3.069724696842317,-0.99550640003332,11.232211716966102,1.0,2.457,3707.0,-0.00038807325879197663,0.003142151567109508
3.0693255465018785,-0.9954170102240957,11.237184656232175,1.0,2.4566,3708.0,-0.000399150340438581,0.00497293926607334
3.0689263961614404,-0.9953276204148712,11.242157595498247,1.0,2.4562,3709.0,-0.0003991503404381369,0.004972939266071563
3.068527245821002,-0.9952382306056469,11.24713053476432,1.0,2.4558,3710.0,-0.000399150340438581,0.00497293926607334
3.0681280954805636,-0.9951488407964224,11.252103474030392,1.0,2.4554,3711.0,-0.0003991503404381369,0.004972939266071563
3.067728945140125,-0.9950594509871981,11.257076413296465,1.0,2.455,3712.0,-0.000399150340438581,0.00497293926607334
3.0673297947996865,-0.9949700611779736,11.262049352562537,1.0,2.4546,3713.0,-0.000399150340438581,0.004972939266071563
3.0669306444592483,-0.9948806713687492,11.26702229182861,1.0,2.4542,3714.0,-0.0003991503404381369,0.00497293926607334
3.0665314941188098,-0.9947912815595248,11.271995231094682,1.0,2.4537999999999998,3715.0,-0.000399150340438581,0.004972939266071563
3.0661323437783716,-0.9947018917503004,11.276968170360755,1.0,2.4534,3716.0,-0.0003991503404381369,0.00497293926607334
3.065733193437933,-0.994612501941076,11.281941109626827,1.0,2.453,3717.0,-0.000399150340438581,0.004972939266071563
3.0653340430974945,-0.9945231121318516,11.2869140488929,1.0,2.4526,3718.0,-0.000399150340438581,0.00497293926607334
3.0649348927570563,-0.9944337223226272,11.291886988158971,1.0,2.4522,3719.0,-0.0003991503404381369,0.004972939266071563
3.0645357424166177,-0.9943443325134028,11.296859927425045,1.0,2.4518,3720.0,-0.000399150340438581,0.00497293926607334
3.0641365920761796,-0.9942549427041784,11.301832866691116,1.0,2.4514,3721.0,-0.0003991503404381369,0.004972939266071563
3.063737441735741,-0.994165552894954,11.30680580595719,1.0,2.451,3722.0,-0.000399150340438581,0.00497293926607334
3.0633125751139794,-0.994183307663948,11.307453692891018,1.0,2.4506666666666668,3723.0,-0.0004248666217616659,0.0006478869338284454
3.0628877084922177,-0.994201062432942,11.308101579824845,1.0,2.4503333333333335,3724.0,-0.0004248666217616659,0.0006478869338266691
3.062462841870456,-0.9942188172019362,11.308749466758673,1.0,2.45,3725.0,-0.0004248666217616659,0.0006478869338284454
3.0620379752486944,-0.9942365719709302,11.309397353692502,1.0,2.449666666666667,3726.0,-0.0004248666217616659,0.0006478869338284454
3.0616131086269327,-0.9942543267399242,11.31004524062633,1.0,2.4493333333333336,3727.0,-0.0004248666217616659,0.0006478869338284454
3.061188242005171,-0.9942720815089182,11.310693127560157,1.0,2.4490000000000003,3728.0,-0.0004248666217616659,0.0006478869338266691
3.0607633753834094,-0.9942898362779122,11.311341014493985,1.0,2.448666666666667,3729.0,-0.0004248666217616659,0.0006478869338284454
3.060338508761648,-0.9943075910469064,11.311988901427814,1.0,2.4483333333333333,3730.0,-0.0004248666217612218,0.0006478869338284454
3.0599136421398865,-0.9943253458159004,11.312636788361642,1.0,2.448,3731.0,-0.0004248666217616659,0.0006478869338284454
3.059488775518125,-0.9943431005848944,11.313284675295469,1.0,2.4476666666666667,3732.0,-0.0004248666217616659,0.0006478869338266691
3.059063908896363,-0.9943608553538884,11.313932562229297,1.0,2.4473333333333334,3733.0,-0.0004248666217616659,0.0006478869338284454
3.0586390422746015,-0.9943786101228824,11.314580449163126,1.0,2.447,3734.0,-0.0004248666217616659,0.0006478869338284454
3.05821417565284,-0.9943963648918765,11.315228336096954,1.0,2.4466666666666668,3735.0,-0.0004248666217616659,0.0006478869338284454
3.057789309031078,-0.9944141196608706,11.31587622303078,1.0,2.4463333333333335,3736.0,-0.0004248666217616659,0.0006478869338266691
3.0573644424093165,-0.9944318744298646,11.31652410996461,1.0,2.446,3737.0,-0.0004248666217616659,0.0006478869338284454
3.056939012980974,-0.9944992152763866,11.319652540511031,1.0,2.445466666666667,3738.0,-0.0004254294283425608,0.0031284305464218676
3.056513583552631,-0.9945665561229088,11.322780971057455,1.0,2.4449333333333336,3739.0,-0.0004254294283430049,0.003128430546423644
3.0560881541242884,-0.9946338969694308,11.325909401603877,1.0,2.4444000000000004,3740.0,-0.0004254294283425608,0.0031284305464218676
3.0556627246959454,-0.994701237815953,11.329037832150298,1.0,2.4438666666666666,3741.0,-0.0004254294283430049,0.0031284305464218676
3.055237295267603,-0.994768578662475,11.33216626269672,1.0,2.4433333333333334,3742.0,-0.0004254294283425608,0.0031284305464218676
3.0548118658392602,-0.9948359195089972,11.335294693243144,1.0,2.4428,3743.0,-0.0004254294283425608,0.003128430546423644
3.0543864364109172,-0.9949032603555192,11.338423123789566,1.0,2.442266666666667,3744.0,-0.0004254294283430049,0.0031284305464218676
3.0539610069825747,-0.9949706012020414,11.341551554335988,1.0,2.4417333333333335,3745.0,-0.0004254294283425608,0.0031284305464218676
3.0535355775542317,-0.9950379420485634,11.34467998488241,1.0,2.4412000000000003,3746.0,-0.0004254294283430049,0.0031284305464218676
3.053110148125889,-0.9951052828950856,11.347808415428833,1.0,2.440666666666667,3747.0,-0.0004254294283425608,0.003128430546423644
3.0526847186975465,-0.9951726237416076,11.350936845975255,1.0,2.4401333333333337,3748.0,-0.0004254294283425608,0.0031284305464218676
3.0522592892692035,-0.9952399645881298,11.354065276521677,1.0,2.4396,3749.0,-0.0004254294283430049,0.0031284305464218676
3.051833859840861,-0.9953073054346518,11.357193707068099,1.0,2.4390666666666667,3750.0,-0.0004254294283425608,0.0031284305464218676
3.051408430412518,-0.995374646281174,11.360322137614522,1.0,2.4385333333333334,3751.0,-0.0004254294283430049,0.003128430546423644
3.0509830009841754,-0.995441987127696,11.363450568160944,1.0,2.438,3752.0,-0.0004254294283425608,0.0031284305464218676
3.0505483541650484,-0.9954280910653784,11.367492488092342,1.0,2.4375333333333336,3753.0,-0.00043464681912697145,0.004041919931397686
3.0501137073459215,-0.9954141950030608,11.37153440802374,1.0,2.437066666666667,3754.0,-0.00043464681912697145,0.004041919931397686
3.0496790605267945,-0.9954002989407432,11.375576327955137,1.0,2.4366000000000003,3755.0,-0.00043464681912697145,0.004041919931397686
3.049244413707667,-0.9953864028784256,11.379618247886533,1.0,2.4361333333333333,3756.0,-0.00043464681912741554,0.00404191993139591
3.04880976688854,-0.995372506816108,11.383660167817931,1.0,2.4356666666666666,3757.0,-0.00043464681912697145,0.004041919931397686
3.048375120069413,-0.9953586107537904,11.387702087749329,1.0,2.4352,3758.0,-0.00043464681912697145,0.004041919931397686
3.047940473250286,-0.9953447146914728,11.391744007680726,1.0,2.4347333333333334,3759.0,-0.00043464681912697145,0.004041919931397686
3.047505826431159,-0.9953308186291553,11.395785927612124,1.0,2.434266666666667,3760.0,-0.00043464681912697145,0.004041919931397686
3.047071179612032,-0.9953169225668377,11.399827847543522,1.0,2.4338,3761.0,-0.00043464681912697145,0.004041919931397686
3.0466365327929052,-0.9953030265045201,11.40386976747492,1.0,2.4333333333333336,3762.0,-0.00043464681912697145,0.004041919931397686
3.0462018859737783,-0.9952891304422025,11.407911687406317,1.0,2.432866666666667,3763.0,-0.00043464681912697145,0.004041919931397686
3.045767239154651,-0.9952752343798849,11.411953607337713,1.0,2.4324,3764.0,-0.00043464681912741554,0.00404191993139591
3.045332592335524,-0.9952613383175672,11.41599552726911,1.0,2.4319333333333333,3765.0,-0.00043464681912697145,0.004041919931397686
3.044897945516397,-0.9952474422552496,11.420037447200508,1.0,2.4314666666666667,3766.0,-0.00043464681912697145,0.004041919931397686
3.04446329869727,-0.995233546192932,11.424079367131906,1.0,2.431,3767.0,-0.00043464681912697145,0.004041919931397686
3.0440100088047517,-0.9951819328016291,11.426642394812339,1.0,2.4305333333333334,3768.0,-0.00045328989251824936,0.0025630276804324836
3.0435567189122334,-0.9951303194103263,11.429205422492773,1.0,2.430066666666667,3769.0,-0.00045328989251824936,0.00256302768043426
3.0431034290197156,-0.9950787060190233,11.431768450173205,1.0,2.4296,3770.0,-0.00045328989251780527,0.0025630276804324836
3.0426501391271974,-0.9950270926277204,11.43433147785364,1.0,2.429133333333333,3771.0,-0.00045328989251824936,0.00256302768043426
3.042196849234679,-0.9949754792364175,11.436894505534072,1.0,2.4286666666666665,3772.0,-0.00045328989251824936,0.0025630276804324836
3.041743559342161,-0.9949238658451146,11.439457533214506,1.0,2.4282,3773.0,-0.00045328989251824936,0.00256302768043426
3.0412902694496426,-0.9948722524538117,11.442020560894939,1.0,2.4277333333333333,3774.0,-0.00045328989251824936,0.0025630276804324836
3.040836979557125,-0.9948206390625087,11.444583588575373,1.0,2.4272666666666667,3775.0,-0.00045328989251780527,0.00256302768043426
3.0403836896646066,-0.9947690256712058,11.447146616255806,1.0,2.4268,3776.0,-0.00045328989251824936,0.0025630276804324836
3.0399303997720883,-0.994717412279903,11.44970964393624,1.0,2.4263333333333335,3777.0,-0.00045328989251824936,0.00256302768043426
3.03947710987957,-0.9946657988886001,11.452272671616672,1.0,2.425866666666667,3778.0,-0.00045328989251824936,0.0025630276804324836
3.039023819987052,-0.9946141854972972,11.454835699297107,1.0,2.4254,3779.0,-0.00045328989251824936,0.00256302768043426
3.038570530094534,-0.9945625721059942,11.457398726977539,1.0,2.424933333333333,3780.0,-0.00045328989251780527,0.0025630276804324836
3.038117240202016,-0.9945109587146913,11.459961754657973,1.0,2.4244666666666665,3781.0,-0.00045328989251824936,0.00256302768043426
3.0376639503094975,-0.9944593453233884,11.462524782338406,1.0,2.424,3782.0,-0.00045328989251824936,0.0025630276804324836
3.037193241858348,-0.9944451922166636,11.465678135026229,1.0,2.4236,3783.0,-0.00047070845114971505,0.00315335268782313
3.036722533407198,-0.9944310391099387,11.468831487714054,1.0,2.4232,3784.0,-0.00047070845114971505,0.0031533526878249063
3.0362518249560484,-0.9944168860032139,11.471984840401877,1.0,2.4228,3785.0,-0.00047070845114971505,0.00315335268782313
3.0357811165048987,-0.994402732896489,11.475138193089702,1.0,2.4224,3786.0,-0.00047070845114971505,0.0031533526878249063
3.035310408053749,-0.9943885797897641,11.478291545777525,1.0,2.422,3787.0,-0.00047070845114971505,0.00315335268782313
3.0348396996025993,-0.9943744266830393,11.481444898465348,1.0,2.4216,3788.0,-0.00047070845114971505,0.00315335268782313
3.0343689911514495,-0.9943602735763144,11.484598251153173,1.0,2.4212000000000002,3789.0,-0.00047070845114971505,0.0031533526878249063
3.0338982827003003,-0.9943461204695896,11.487751603840996,1.0,2.4208,3790.0,-0.00047070845114927096,0.00315335268782313
3.0334275742491505,-0.9943319673628647,11.490904956528821,1.0,2.4204,3791.0,-0.00047070845114971505,0.0031533526878249063
3.032956865798001,-0.9943178142561399,11.494058309216644,1.0,2.42,3792.0,-0.00047070845114971505,0.00315335268782313
3.032486157346851,-0.994303661149415,11.497211661904467,1.0,2.4196,3793.0,-0.00047070845114971505,0.00315335268782313
3.0320154488957014,-0.9942895080426901,11.500365014592292,1.0,2.4192,3794.0,-0.00047070845114971505,0.0031533526878249063
3.0315447404445517,-0.9942753549359653,11.503518367280115,1.0,2.4188,3795.0,-0.00047070845114971505,0.00315335268782313
3.031074031993402,-0.9942612018292404,11.50667171996794,1.0,2.4184,3796.0,-0.00047070845114971505,0.0031533526878249063
3.0306033235422523,-0.9942470487225156,11.509825072655763,1.0,2.418,3797.0,-0.00047070845114971505,0.00315335268782313
3.0301256555212177,-0.9943328155393435,11.511471120504618,1.0,2.417466666666667,3798.0,-0.00047766802103454964,0.0016460478488546926
3.0296479875001836,-0.9944185823561715,11.513117168353473,1.0,2.4169333333333336,3799.0,-0.00047766802103410555,0.0016460478488546926
3.029170319479149,-0.9945043491729995,11.514763216202326,1.0,2.4164000000000003,3800.0,-0.00047766802103454964,0.0016460478488529162
3.0286926514581145,-0.9945901159898274,11.51640926405118,1.0,2.4158666666666666,3801.0,-0.00047766802103454964,0.0016460478488546926
3.02821498343708,-0.9946758828066554,11.518055311900035,1.0,2.4153333333333333,3802.0,-0.00047766802103454964,0.0016460478488546926
3.027737315416046,-0.9947616496234833,11.51970135974889,1.0,2.4148,3803.0,-0.00047766802103410555,0.0016460478488546926
3.0272596473950113,-0.9948474164403113,11.521347407597744,1.0,2.414266666666667,3804.0,-0.00047766802103454964,0.0016460478488546926
3.0267819793739767,-0.9949331832571393,11.522993455446597,1.0,2.4137333333333335,3805.0,-0.00047766802103454964,0.0016460478488529162
3.026304311352942,-0.9950189500739672,11.524639503295452,1.0,2.4132000000000002,3806.0,-0.00047766802103454964,0.0016460478488546926
3.025826643331908,-0.9951047168907952,11.526285551144307,1.0,2.412666666666667,3807.0,-0.00047766802103410555,0.0016460478488546926
3.0253489753108735,-0.9951904837076232,11.527931598993161,1.0,2.4121333333333337,3808.0,-0.00047766802103454964,0.0016460478488546926
3.024871307289839,-0.9952762505244511,11.529577646842016,1.0,2.4116,3809.0,-0.00047766802103454964,0.0016460478488546926
3.0243936392688044,-0.995362017341279,11.531223694690869,1.0,2.4110666666666667,3810.0,-0.00047766802103454964,0.0016460478488529162
3.0239159712477703,-0.9954477841581071,11.532869742539724,1.0,2.4105333333333334,3811.0,-0.00047766802103410555,0.0016460478488546926
3.023438303226736,-0.995533550974935,11.534515790388578,1.0,2.41,3812.0,-0.00047766802103454964,0.0016460478488546926
3.022935940024628,-0.9954635017443314,11.521156066191786,1.0,2.4095333333333335,3813.0,-0.0005023632021079472,-0.013359724196792655
3.02243357682252,-0.9953934525137278,11.507796341994993,1.0,2.409066666666667,3814.0,-0.0005023632021079472,-0.013359724196792655
3.021931213620412,-0.9953234032831242,11.4944366177982,1.0,2.4086000000000003,3815.0,-0.0005023632021079472,-0.013359724196792655
3.021428850418304,-0.9952533540525206,11.48107689360141,1.0,2.4081333333333332,3816.0,-0.0005023632021079472,-0.013359724196790879
3.020926487216196,-0.995183304821917,11.467717169404617,1.0,2.4076666666666666,3817.0,-0.0005023632021079472,-0.013359724196792655
3.020424124014088,-0.9951132555913134,11.454357445207824,1.0,2.4072,3818.0,-0.0005023632021079472,-0.013359724196792655
3.01992176081198,-0.9950432063607098,11.440997721011032,1.0,2.4067333333333334,3819.0,-0.0005023632021079472,-0.013359724196792655
3.019419397609872,-0.994973157130106,11.427637996814239,1.0,2.4062666666666668,3820.0,-0.0005023632021079472,-0.013359724196792655
3.0189170344077643,-0.9949031078995024,11.414278272617446,1.0,2.4058,3821.0,-0.0005023632021079472,-0.013359724196792655
3.0184146712056563,-0.9948330586688988,11.400918548420654,1.0,2.4053333333333335,3822.0,-0.0005023632021079472,-0.013359724196792655
3.0179123080035484,-0.9947630094382952,11.387558824223861,1.0,2.404866666666667,3823.0,-0.0005023632021079472,-0.013359724196792655
3.0174099448014404,-0.9946929602076916,11.37419910002707,1.0,2.4044,3824.0,-0.0005023632021079472,-0.013359724196790879
3.0169075815993325,-0.994622910977088,11.360839375830277,1.0,2.4039333333333333,3825.0,-0.0005023632021079472,-0.013359724196792655
3.0164052183972245,-0.9945528617464844,11.347479651633485,1.0,2.4034666666666666,3826.0,-0.0005023632021079472,-0.013359724196792655
3.0159028551951166,-0.9944828125158808,11.334119927436692,1.0,2.403,3827.0,-0.0005023632021079472,-0.013359724196792655
3.0153409029428517,-0.9945603411892269,11.31287233700656,1.0,2.4024,3828.0,-0.0005619522522648523,-0.021247590430132135
3.014778950690587,-0.9946378698625729,11.291624746576428,1.0,2.4018,3829.0,-0.0005619522522648523,-0.021247590430132135
3.014216998438322,-0.994715398535919,11.270377156146296,1.0,2.4012000000000002,3830.0,-0.0005619522522648523,-0.021247590430132135
3.0136550461860567,-0.994792927209265,11.249129565716164,1.0,2.4006,3831.0,-0.0005619522522652964,-0.021247590430132135
3.013093093933792,-0.994870455882611,11.227881975286031,1.0,2.4,3832.0,-0.0005619522522648523,-0.021247590430132135
3.012531141681527,-0.9949479845559571,11.2066343848559,1.0,2.3994,3833.0,-0.0005619522522648523,-0.021247590430132135
3.011969189429262,-0.9950255132293032,11.185386794425767,1.0,2.3988,3834.0,-0.0005619522522648523,-0.021247590430132135
3.0114072371769973,-0.9951030419026492,11.164139203995633,1.0,2.3982,3835.0,-0.0005619522522648523,-0.02124759043013391
3.0108452849247325,-0.9951805705759953,11.142891613565501,1.0,2.3976,3836.0,-0.0005619522522648523,-0.021247590430132135
3.0102833326724676,-0.9952580992493414,11.121644023135369,1.0,2.3970000000000002,3837.0,-0.0005619522522648523,-0.021247590430132135
3.0097213804202028,-0.9953356279226874,11.100396432705237,1.0,2.3964000000000003,3838.0,-0.0005619522522648523,-0.021247590430132135
3.0091594281679375,-0.9954131565960335,11.079148842275105,1.0,2.3958,3839.0,-0.0005619522522652964,-0.021247590430132135
3.0085974759156726,-0.9954906852693796,11.057901251844973,1.0,2.3952,3840.0,-0.0005619522522648523,-0.021247590430132135
3.0080355236634078,-0.9955682139427255,11.03665366141484,1.0,2.3946,3841.0,-0.0005619522522648523,-0.021247590430132135
3.007473571411143,-0.9956457426160716,11.015406070984708,1.0,2.394,3842.0,-0.0005619522522648523,-0.021247590430132135
3.006867597597317,-0.9955081419681908,11.010396162198836,1.0,2.3934,3843.0,-0.0006059738138257664,-0.005009908785872597
3.006261623783492,-0.99537054132031,11.005386253412963,1.0,2.3928000000000003,3844.0,-0.0006059738138253223,-0.005009908785872597
3.005655649969666,-0.9952329406724292,11.00037634462709,1.0,2.3922,3845.0,-0.0006059738138257664,-0.005009908785872597
3.0050496761558403,-0.9950953400245484,10.995366435841218,1.0,2.3916,3846.0,-0.0006059738138257664,-0.005009908785872597
3.0044437023420145,-0.9949577393766675,10.990356527055345,1.0,2.391,3847.0,-0.0006059738138257664,-0.005009908785872597
3.003837728528189,-0.9948201387287867,10.985346618269473,1.0,2.3904,3848.0,-0.0006059738138253223,-0.005009908785872597
3.0032317547143634,-0.9946825380809059,10.9803367094836,1.0,2.3898,3849.0,-0.0006059738138257664,-0.005009908785872597
3.0026257809005377,-0.994544937433025,10.975326800697728,1.0,2.3891999999999998,3850.0,-0.0006059738138257664,-0.005009908785872597
3.002019807086712,-0.9944073367851441,10.970316891911855,1.0,2.3886,3851.0,-0.0006059738138257664,-0.005009908785872597
3.0014138332728866,-0.9942697361372633,10.965306983125982,1.0,2.388,3852.0,-0.0006059738138253223,-0.005009908785872597
3.000807859459061,-0.9941321354893825,10.96029707434011,1.0,2.3874,3853.0,-0.0006059738138257664,-0.005009908785872597
3.000201885645235,-0.9939945348415017,10.955287165554237,1.0,2.3868,3854.0,-0.0006059738138257664,-0.005009908785872597
2.9995959118314093,-0.9938569341936209,10.950277256768365,1.0,2.3861999999999997,3855.0,-0.0006059738138257664,-0.005009908785872597
2.998989938017584,-0.99371933354574,10.945267347982492,1.0,2.3855999999999997,3856.0,-0.0006059738138253223,-0.005009908785872597
2.998383964203758,-0.9935817328978592,10.94025743919662,1.0,2.385,3857.0,-0.0006059738138257664,-0.005009908785872597
2.997730685506946,-0.9938060491992278,10.934615582637132,1.0,2.384333333333333,3858.0,-0.0006532786968120874,-0.005641856559487124
2.9970774068101345,-0.9940303655005964,10.928973726077647,1.0,2.3836666666666666,3859.0,-0.0006532786968116433,-0.005641856559485348
2.9964241281133224,-0.994254681801965,10.92333186951816,1.0,2.383,3860.0,-0.0006532786968120874,-0.005641856559487124
2.9957708494165103,-0.9944789981033335,10.917690012958674,1.0,2.382333333333333,3861.0,-0.0006532786968120874,-0.005641856559485348
2.995117570719698,-0.994703314404702,10.912048156399187,1.0,2.3816666666666664,3862.0,-0.0006532786968120874,-0.005641856559487124
2.9944642920228866,-0.9949276307060707,10.9064062998397,1.0,2.381,3863.0,-0.0006532786968116433,-0.005641856559487124
2.9938110133260745,-0.9951519470074393,10.900764443280215,1.0,2.380333333333333,3864.0,-0.0006532786968120874,-0.005641856559485348
2.9931577346292624,-0.9953762633088078,10.895122586720728,1.0,2.3796666666666666,3865.0,-0.0006532786968120874,-0.005641856559487124
2.9925044559324503,-0.9956005796101763,10.889480730161242,1.0,2.379,3866.0,-0.0006532786968120874,-0.005641856559485348
2.9918511772356386,-0.995824895911545,10.883838873601755,1.0,2.3783333333333334,3867.0,-0.0006532786968116433,-0.005641856559487124
2.9911978985388266,-0.9960492122129135,10.878197017042268,1.0,2.377666666666667,3868.0,-0.0006532786968120874,-0.005641856559487124
2.9905446198420145,-0.9962735285142821,10.872555160482783,1.0,2.377,3869.0,-0.0006532786968120874,-0.005641856559485348
2.9898913411452024,-0.9964978448156506,10.866913303923296,1.0,2.376333333333333,3870.0,-0.0006532786968120874,-0.005641856559487124
2.9892380624483907,-0.9967221611170193,10.86127144736381,1.0,2.3756666666666666,3871.0,-0.0006532786968116433,-0.005641856559485348
2.9885847837515787,-0.9969464774183878,10.855629590804323,1.0,2.375,3872.0,-0.0006532786968120874,-0.005641856559487124
2.987891898876622,-0.9967240018671041,10.847614982260616,1.0,2.3742666666666667,3873.0,-0.0006928848749567784,-0.008014608543707169
2.9871990140016655,-0.9965015263158203,10.83960037371691,1.0,2.3735333333333335,3874.0,-0.0006928848749563343,-0.008014608543705393
2.9865061291267088,-0.9962790507645366,10.831585765173203,1.0,2.3728,3875.0,-0.0006928848749567784,-0.008014608543707169
2.985813244251752,-0.9960565752132529,10.823571156629496,1.0,2.3720666666666665,3876.0,-0.0006928848749567784,-0.008014608543707169
2.985120359376795,-0.9958340996619691,10.815556548085791,1.0,2.3713333333333333,3877.0,-0.0006928848749567784,-0.008014608543705393
2.984427474501839,-0.9956116241106854,10.807541939542084,1.0,2.3706,3878.0,-0.0006928848749563343,-0.008014608543707169
2.983734589626882,-0.9953891485594016,10.799527330998377,1.0,2.369866666666667,3879.0,-0.0006928848749567784,-0.008014608543707169
2.9830417047519253,-0.9951666730081178,10.791512722454671,1.0,2.369133333333333,3880.0,-0.0006928848749567784,-0.008014608543705393
2.9823488198769685,-0.994944197456834,10.783498113910964,1.0,2.3684,3881.0,-0.0006928848749567784,-0.008014608543707169
2.981655935002012,-0.9947217219055503,10.775483505367257,1.0,2.3676666666666666,3882.0,-0.0006928848749563343,-0.008014608543707169
2.9809630501270554,-0.9944992463542666,10.767468896823551,1.0,2.3669333333333333,3883.0,-0.0006928848749567784,-0.008014608543705393
2.9802701652520986,-0.9942767708029828,10.759454288279844,1.0,2.3662,3884.0,-0.0006928848749567784,-0.008014608543707169
2.979577280377142,-0.9940542952516991,10.751439679736137,1.0,2.3654666666666664,3885.0,-0.0006928848749567784,-0.008014608543707169
2.9788843955021855,-0.9938318197004153,10.743425071192432,1.0,2.364733333333333,3886.0,-0.0006928848749563343,-0.008014608543705393
2.9781915106272288,-0.9936093441491316,10.735410462648725,1.0,2.364,3887.0,-0.0006928848749567784,-0.008014608543707169
2.977442256380074,-0.9937171335897252,10.726027263427198,1.0,2.3632,3888.0,-0.0007492542471547736,-0.009383199221526084
2.9766930021329197,-0.9938249230303189,10.71664406420567,1.0,2.3624,3889.0,-0.0007492542471543295,-0.00938319922152786
2.975943747885765,-0.9939327124709125,10.707260864984145,1.0,2.3615999999999997,3890.0,-0.0007492542471547736,-0.009383199221526084
2.97519449363861,-0.9940405019115061,10.697877665762617,1.0,2.3608,3891.0,-0.0007492542471547736,-0.00938319922152786
2.9744452393914553,-0.9941482913520997,10.68849446654109,1.0,2.36,3892.0,-0.0007492542471547736,-0.009383199221526084
2.973695985144301,-0.9942560807926933,10.679111267319563,1.0,2.3592,3893.0,-0.0007492542471543295,-0.00938319922152786
2.9729467308971462,-0.994363870233287,10.669728068098037,1.0,2.3584,3894.0,-0.0007492542471547736,-0.009383199221526084
2.9721974766499915,-0.9944716596738806,10.660344868876509,1.0,2.3575999999999997,3895.0,-0.0007492542471547736,-0.00938319922152786
2.9714482224028367,-0.9945794491144743,10.650961669654983,1.0,2.3568,3896.0,-0.0007492542471547736,-0.009383199221526084
2.9706989681556824,-0.9946872385550679,10.641578470433455,1.0,2.356,3897.0,-0.0007492542471543295,-0.00938319922152786
2.9699497139085276,-0.9947950279956616,10.632195271211929,1.0,2.3552,3898.0,-0.0007492542471547736,-0.009383199221526084
2.969200459661373,-0.9949028174362551,10.622812071990401,1.0,2.3544,3899.0,-0.0007492542471547736,-0.00938319922152786
2.968451205414218,-0.9950106068768487,10.613428872768875,1.0,2.3535999999999997,3900.0,-0.0007492542471547736,-0.009383199221526084
2.9677019511670637,-0.9951183963174424,10.604045673547347,1.0,2.3528,3901.0,-0.0007492542471543295,-0.00938319922152786
2.966952696919909,-0.995226185758036,10.59466247432582,1.0,2.352,3902.0,-0.0007492542471547736,-0.009383199221526084
2.966169043515209,-0.9951745498321117,10.594185328906484,1.0,2.3514,3903.0,-0.00078365340469988,-0.0004771454193370772
2.965385390110509,-0.9951229139061873,10.593708183487148,1.0,2.3508,3904.0,-0.00078365340469988,-0.00047714541933530086
2.9646017367058093,-0.9950712779802631,10.593231038067811,1.0,2.3502,3905.0,-0.00078365340469988,-0.0004771454193370772
2.9638180833011094,-0.9950196420543388,10.592753892648476,1.0,2.3495999999999997,3906.0,-0.00078365340469988,-0.00047714541933530086
2.9630344298964095,-0.9949680061284145,10.592276747229139,1.0,2.3489999999999998,3907.0,-0.00078365340469988,-0.0004771454193370772
2.9622507764917096,-0.9949163702024901,10.591799601809802,1.0,2.3484,3908.0,-0.00078365340469988,-0.0004771454193370772
2.9614671230870098,-0.9948647342765659,10.591322456390467,1.0,2.3478,3909.0,-0.00078365340469988,-0.00047714541933530086
2.96068346968231,-0.9948130983506416,10.59084531097113,1.0,2.3472,3910.0,-0.00078365340469988,-0.0004771454193370772
2.95989981627761,-0.9947614624247173,10.590368165551794,1.0,2.3466,3911.0,-0.00078365340469988,-0.00047714541933530086
2.95911616287291,-0.9947098264987929,10.589891020132457,1.0,2.346,3912.0,-0.00078365340469988,-0.0004771454193370772
2.9583325094682102,-0.9946581905728686,10.58941387471312,1.0,2.3454,3913.0,-0.00078365340469988,-0.0004771454193370772
2.9575488560635104,-0.9946065546469444,10.588936729293785,1.0,2.3447999999999998,3914.0,-0.00078365340469988,-0.00047714541933530086
2.9567652026588105,-0.9945549187210201,10.588459583874448,1.0,2.3442,3915.0,-0.00078365340469988,-0.0004771454193370772
2.9559815492541106,-0.9945032827950957,10.587982438455112,1.0,2.3436,3916.0,-0.00078365340469988,-0.00047714541933530086
2.9551978958494107,-0.9944516468691714,10.587505293035775,1.0,2.343,3917.0,-0.00078365340469988,-0.0004771454193370772
2.9543836369002845,-0.9944187852518985,10.578772476928199,1.0,2.3422,3918.0,-0.0008142589491262342,-0.008732816107576369
2.953569377951158,-0.9943859236346257,10.570039660820623,1.0,2.3414,3919.0,-0.0008142589491266783,-0.008732816107576369
2.9527551190020316,-0.9943530620173529,10.561306844713044,1.0,2.3406,3920.0,-0.0008142589491262342,-0.008732816107578145
2.9519408600529053,-0.9943202004000801,10.552574028605468,1.0,2.3398,3921.0,-0.0008142589491262342,-0.008732816107576369
2.9511266011037787,-0.9942873387828072,10.543841212497892,1.0,2.339,3922.0,-0.0008142589491266783,-0.008732816107576369
2.9503123421546524,-0.9942544771655344,10.535108396390315,1.0,2.3382,3923.0,-0.0008142589491262342,-0.008732816107576369
2.949498083205526,-0.9942216155482615,10.526375580282739,1.0,2.3374,3924.0,-0.0008142589491262342,-0.008732816107576369
2.9486838242563995,-0.9941887539309887,10.51764276417516,1.0,2.3366,3925.0,-0.0008142589491266783,-0.008732816107578145
2.9478695653072733,-0.9941558923137158,10.508909948067584,1.0,2.3358,3926.0,-0.0008142589491262342,-0.008732816107576369
2.947055306358147,-0.994123030696443,10.500177131960008,1.0,2.335,3927.0,-0.0008142589491262342,-0.008732816107576369
2.9462410474090204,-0.9940901690791701,10.491444315852432,1.0,2.3342,3928.0,-0.0008142589491266783,-0.008732816107576369
2.945426788459894,-0.9940573074618974,10.482711499744855,1.0,2.3334,3929.0,-0.0008142589491262342,-0.008732816107576369
2.944612529510768,-0.9940244458446245,10.473978683637277,1.0,2.3326,3930.0,-0.0008142589491262342,-0.008732816107578145
2.9437982705616412,-0.9939915842273517,10.4652458675297,1.0,2.3318,3931.0,-0.0008142589491266783,-0.008732816107576369
2.942984011612515,-0.9939587226100788,10.456513051422125,1.0,2.331,3932.0,-0.0008142589491262342,-0.008732816107576369
2.9421315057243356,-0.9939541236508845,10.456006715897797,1.0,2.3301333333333334,3933.0,-0.0008525058881794223,-0.0005063355243279943
2.9412789998361557,-0.9939495246916902,10.455500380373469,1.0,2.329266666666667,3934.0,-0.0008525058881798664,-0.0005063355243279943
2.9404264939479763,-0.9939449257324959,10.45499404484914,1.0,2.3284,3935.0,-0.0008525058881794223,-0.0005063355243279943
2.939573988059797,-0.9939403267733016,10.454487709324814,1.0,2.3275333333333332,3936.0,-0.0008525058881794223,-0.000506335524326218
2.938721482171617,-0.9939357278141073,10.453981373800486,1.0,2.3266666666666667,3937.0,-0.0008525058881798664,-0.0005063355243279943
2.9378689762834376,-0.9939311288549131,10.453475038276158,1.0,2.3258,3938.0,-0.0008525058881794223,-0.0005063355243279943
2.937016470395258,-0.9939265298957187,10.45296870275183,1.0,2.3249333333333335,3939.0,-0.0008525058881794223,-0.0005063355243279943
2.9361639645070783,-0.9939219309365245,10.452462367227502,1.0,2.3240666666666665,3940.0,-0.0008525058881798664,-0.0005063355243279943
2.935311458618899,-0.9939173319773301,10.451956031703174,1.0,2.3232,3941.0,-0.0008525058881794223,-0.0005063355243279943
2.9344589527307194,-0.9939127330181359,10.451449696178846,1.0,2.3223333333333334,3942.0,-0.0008525058881794223,-0.0005063355243279943
2.9336064468425396,-0.9939081340589416,10.450943360654518,1.0,2.321466666666667,3943.0,-0.0008525058881798664,-0.0005063355243279943
2.93275394095436,-0.9939035350997473,10.450437025130192,1.0,2.3206,3944.0,-0.0008525058881794223,-0.000506335524326218
2.9319014350661807,-0.993898936140553,10.449930689605864,1.0,2.319733333333333,3945.0,-0.0008525058881794223,-0.0005063355243279943
2.931048929178001,-0.9938943371813587,10.449424354081536,1.0,2.3188666666666666,3946.0,-0.0008525058881798664,-0.0005063355243279943
2.9301964232898214,-0.9938897382221644,10.448918018557208,1.0,2.318,3947.0,-0.0008525058881794223,-0.0005063355243279943
2.9293279063593536,-0.9938979119891094,10.440772956906205,1.0,2.3171333333333335,3948.0,-0.0008685169304678553,-0.00814506165100326
2.928459389428886,-0.9939060857560542,10.432627895255203,1.0,2.316266666666667,3949.0,-0.0008685169304674112,-0.008145061651001484
2.9275908724984183,-0.9939142595229992,10.4244828336042,1.0,2.3154,3950.0,-0.0008685169304678553,-0.00814506165100326
2.9267223555679505,-0.993922433289944,10.416337771953197,1.0,2.3145333333333333,3951.0,-0.0008685169304678553,-0.00814506165100326
2.9258538386374826,-0.993930607056889,10.408192710302194,1.0,2.3136666666666668,3952.0,-0.0008685169304678553,-0.00814506165100326
2.924985321707015,-0.9939387808238339,10.400047648651192,1.0,2.3128,3953.0,-0.0008685169304674112,-0.008145061651001484
2.9241168047765473,-0.9939469545907788,10.391902587000189,1.0,2.3119333333333336,3954.0,-0.0008685169304678553,-0.00814506165100326
2.9232482878460795,-0.9939551283577237,10.383757525349186,1.0,2.3110666666666666,3955.0,-0.0008685169304678553,-0.00814506165100326
2.9223797709156116,-0.9939633021246685,10.375612463698182,1.0,2.3102,3956.0,-0.0008685169304678553,-0.00814506165100326
2.921511253985144,-0.9939714758916135,10.36746740204718,1.0,2.3093333333333335,3957.0,-0.0008685169304674112,-0.008145061651001484
2.9206427370546764,-0.9939796496585585,10.359322340396178,1.0,2.308466666666667,3958.0,-0.0008685169304678553,-0.00814506165100326
2.9197742201242085,-0.9939878234255033,10.351177278745174,1.0,2.3076000000000003,3959.0,-0.0008685169304678553,-0.00814506165100326
2.9189057031937407,-0.9939959971924482,10.343032217094171,1.0,2.3067333333333333,3960.0,-0.0008685169304678553,-0.00814506165100326
2.9180371862632732,-0.9940041709593931,10.33488715544317,1.0,2.3058666666666667,3961.0,-0.0008685169304674112,-0.008145061651001484
2.9171686693328054,-0.994012344726338,10.326742093792166,1.0,2.305,3962.0,-0.0008685169304678553,-0.00814506165100326
2.916255302924638,-0.9939948461406567,10.33815587430398,1.0,2.304066666666667,3963.0,-0.0009133664081675263,0.011413780511814409
2.9153419365164703,-0.9939773475549754,10.349569654815797,1.0,2.3031333333333333,3964.0,-0.0009133664081675263,0.011413780511816185
2.9144285701083033,-0.993959848969294,10.360983435327611,1.0,2.3022,3965.0,-0.0009133664081670823,0.011413780511814409
2.9135152037001357,-0.9939423503836127,10.372397215839426,1.0,2.301266666666667,3966.0,-0.0009133664081675263,0.011413780511814409
2.912601837291968,-0.9939248517979313,10.383810996351242,1.0,2.3003333333333336,3967.0,-0.0009133664081675263,0.011413780511816185
2.9116884708838007,-0.99390735321225,10.395224776863056,1.0,2.2994,3968.0,-0.0009133664081675263,0.011413780511814409
2.910775104475633,-0.9938898546265686,10.40663855737487,1.0,2.2984666666666667,3969.0,-0.0009133664081675263,0.011413780511814409
2.909861738067466,-0.9938723560408872,10.418052337886687,1.0,2.2975333333333334,3970.0,-0.0009133664081670823,0.011413780511816185
2.9089483716592985,-0.9938548574552059,10.429466118398501,1.0,2.2966,3971.0,-0.0009133664081675263,0.011413780511814409
2.908035005251131,-0.9938373588695245,10.440879898910316,1.0,2.2956666666666665,3972.0,-0.0009133664081675263,0.011413780511814409
2.9071216388429635,-0.9938198602838432,10.452293679422132,1.0,2.2947333333333333,3973.0,-0.0009133664081675263,0.011413780511816185
2.906208272434796,-0.9938023616981618,10.463707459933946,1.0,2.2938,3974.0,-0.0009133664081675263,0.011413780511814409
2.905294906026629,-0.9937848631124805,10.47512124044576,1.0,2.292866666666667,3975.0,-0.0009133664081670823,0.011413780511814409
2.9043815396184613,-0.9937673645267991,10.486535020957577,1.0,2.291933333333333,3976.0,-0.0009133664081675263,0.011413780511816185
2.903468173210294,-0.9937498659411178,10.497948801469391,1.0,2.291,3977.0,-0.0009133664081675263,0.011413780511814409
2.9025023992265693,-0.9937151197305457,10.51612939822101,1.0,2.2900714285714283,3978.0,-0.0009657739837245494,0.018180596751617983
2.9015366252428443,-0.9936803735199736,10.534309994972627,1.0,2.289142857142857,3979.0,-0.0009657739837249935,0.018180596751617983
2.9005708512591197,-0.9936456273094015,10.552490591724247,1.0,2.2882142857142855,3980.0,-0.0009657739837245494,0.01818059675161976
2.8996050772753947,-0.9936108810988294,10.570671188475865,1.0,2.2872857142857144,3981.0,-0.0009657739837249935,0.018180596751617983
2.89863930329167,-0.9935761348882574,10.588851785227483,1.0,2.2863571428571428,3982.0,-0.0009657739837245494,0.018180596751617983
2.897673529307945,-0.9935413886776853,10.607032381979101,1.0,2.2854285714285716,3983.0,-0.0009657739837249935,0.018180596751617983
2.8967077553242206,-0.9935066424671132,10.62521297873072,1.0,2.2845,3984.0,-0.0009657739837245494,0.01818059675161976
2.895741981340496,-0.993471896256541,10.643393575482339,1.0,2.2835714285714284,3985.0,-0.0009657739837245494,0.018180596751617983
2.894776207356771,-0.9934371500459689,10.661574172233957,1.0,2.282642857142857,3986.0,-0.0009657739837249935,0.018180596751617983
2.8938104333730466,-0.9934024038353968,10.679754768985575,1.0,2.2817142857142856,3987.0,-0.0009657739837245494,0.018180596751617983
2.8928446593893216,-0.9933676576248247,10.697935365737193,1.0,2.2807857142857144,3988.0,-0.0009657739837249935,0.018180596751617983
2.891878885405597,-0.9933329114142526,10.716115962488812,1.0,2.279857142857143,3989.0,-0.0009657739837245494,0.01818059675161976
2.890913111421872,-0.9932981652036805,10.73429655924043,1.0,2.2789285714285716,3990.0,-0.0009657739837249935,0.018180596751617983
2.8899473374381475,-0.9932634189931084,10.752477155992048,1.0,2.278,3991.0,-0.0009657739837245494,0.018180596751617983
2.8890523708183875,-0.9932891908009859,10.755842131191462,1.0,2.2772,3992.0,-0.0008949666197599626,0.003364975199414033
2.888157404198628,-0.9933149626088634,10.759207106390875,1.0,2.2764,3993.0,-0.0008949666197595185,0.0033649751994122568
2.887262437578868,-0.9933407344167409,10.762572081590289,1.0,2.2756,3994.0,-0.0008949666197599626,0.003364975199414033
2.886367470959108,-0.9933665062246183,10.765937056789701,1.0,2.2748,3995.0,-0.0008949666197599626,0.0033649751994122568
2.8854725043393485,-0.9933922780324959,10.769302031989115,1.0,2.274,3996.0,-0.0008949666197595185,0.003364975199414033
2.8845775377195886,-0.9934180498403733,10.772667007188529,1.0,2.2732,3997.0,-0.0008949666197599626,0.003364975199414033
2.8836825710998286,-0.9934438216482507,10.776031982387941,1.0,2.2724,3998.0,-0.0008949666197599626,0.0033649751994122568
2.882787604480069,-0.9934695934561283,10.779396957587355,1.0,2.2716,3999.0,-0.0008949666197595185,0.003364975199414033
2.881892637860309,-0.9934953652640057,10.782761932786768,1.0,2.2708,4000.0,-0.0008949666197599626,0.0033649751994122568
2.880997671240549,-0.9935211370718832,10.786126907986182,1.0,2.27,4001.0,-0.0008949666197599626,0.003364975199414033
2.8801027046207897,-0.9935469088797607,10.789491883185596,1.0,2.2692,4002.0,-0.0008949666197595185,0.003364975199414033
2.8792077380010297,-0.9935726806876382,10.792856858385008,1.0,2.2684,4003.0,-0.0008949666197599626,0.0033649751994122568
2.8783127713812697,-0.9935984524955156,10.796221833584422,1.0,2.2676,4004.0,-0.0008949666197599626,0.003364975199414033
2.87741780476151,-0.9936242243033931,10.799586808783834,1.0,2.2668,4005.0,-0.0008949666197595185,0.0033649751994122568
2.8765228381417502,-0.9936499961112706,10.802951783983248,1.0,2.266,4006.0,-0.0008949666197599626,0.003364975199414033
2.8756111860996696,-0.9937474538195781,10.806802024437806,1.0,2.265,4007.0,-0.0009116520420806573,0.0038502404545575075
2.8746995340575894,-0.9938449115278856,10.810652264892365,1.0,2.264,4008.0,-0.0009116520420802132,0.003850240454559284
2.8737878820155087,-0.9939423692361931,10.814502505346923,1.0,2.263,4009.0,-0.0009116520420806573,0.0038502404545575075
2.872876229973428,-0.9940398269445007,10.818352745801482,1.0,2.262,4010.0,-0.0009116520420806573,0.003850240454559284
2.8719645779313474,-0.9941372846528082,10.82220298625604,1.0,2.261,4011.0,-0.0009116520420806573,0.0038502404545575075
2.871052925889267,-0.9942347423611156,10.826053226710599,1.0,2.26,4012.0,-0.0009116520420802132,0.003850240454559284
2.8701412738471865,-0.9943322000694231,10.829903467165156,1.0,2.259,4013.0,-0.0009116520420806573,0.0038502404545575075
2.869229621805106,-0.9944296577777306,10.833753707619715,1.0,2.258,4014.0,-0.0009116520420806573,0.003850240454559284
2.868317969763025,-0.9945271154860381,10.837603948074273,1.0,2.257,4015.0,-0.0009116520420806573,0.0038502404545575075
2.867406317720945,-0.9946245731943456,10.841454188528832,1.0,2.256,4016.0,-0.0009116520420802132,0.003850240454559284
2.8664946656788644,-0.9947220309026531,10.84530442898339,1.0,2.255,4017.0,-0.0009116520420806573,0.0038502404545575075
2.8655830136367837,-0.9948194886109607,10.849154669437949,1.0,2.254,4018.0,-0.0009116520420806573,0.003850240454559284
2.864671361594703,-0.9949169463192682,10.853004909892507,1.0,2.253,4019.0,-0.0009116520420806573,0.0038502404545575075
2.863759709552623,-0.9950144040275757,10.856855150347066,1.0,2.252,4020.0,-0.0009116520420802132,0.003850240454559284
2.862848057510542,-0.9951118617358832,10.860705390801623,1.0,2.251,4021.0,-0.0009116520420806573,0.0038502404545575075
2.8619259824700025,-0.9950428204147769,10.86655779581029,1.0,2.2500666666666667,4022.0,-0.0009220750405396494,0.005852405008667461
2.8610039074294624,-0.9949737790936706,10.872410200818958,1.0,2.2491333333333334,4023.0,-0.0009220750405400935,0.005852405008667461
2.8600818323889228,-0.9949047377725643,10.878262605827627,1.0,2.2481999999999998,4024.0,-0.0009220750405396494,0.005852405008669237
2.859159757348383,-0.9948356964514579,10.884115010836295,1.0,2.2472666666666665,4025.0,-0.0009220750405396494,0.005852405008667461
2.858237682307843,-0.9947666551303516,10.889967415844962,1.0,2.2463333333333333,4026.0,-0.0009220750405400935,0.005852405008667461
2.8573156072673034,-0.9946976138092453,10.89581982085363,1.0,2.2454,4027.0,-0.0009220750405396494,0.005852405008667461
2.8563935322267637,-0.994628572488139,10.901672225862297,1.0,2.244466666666667,4028.0,-0.0009220750405396494,0.005852405008667461
2.8554714571862236,-0.9945595311670327,10.907524630870967,1.0,2.243533333333333,4029.0,-0.0009220750405400935,0.005852405008669237
2.854549382145684,-0.9944904898459264,10.913377035879634,1.0,2.2426,4030.0,-0.0009220750405396494,0.005852405008667461
2.8536273071051443,-0.9944214485248201,10.919229440888301,1.0,2.2416666666666667,4031.0,-0.0009220750405396494,0.005852405008667461
2.8527052320646042,-0.9943524072037138,10.925081845896969,1.0,2.2407333333333335,4032.0,-0.0009220750405400935,0.005852405008667461
2.8517831570240646,-0.9942833658826074,10.930934250905636,1.0,2.2398000000000002,4033.0,-0.0009220750405396494,0.005852405008667461
2.850861081983525,-0.994214324561501,10.936786655914306,1.0,2.2388666666666666,4034.0,-0.0009220750405396494,0.005852405008669237
2.849939006942985,-0.9941452832403948,10.942639060922973,1.0,2.2379333333333333,4035.0,-0.0009220750405400935,0.005852405008667461
2.849016931902445,-0.9940762419192885,10.94849146593164,1.0,2.237,4036.0,-0.0009220750405396494,0.005852405008667461
2.8481137984935727,-0.9940297755001782,10.958624411213822,1.0,2.236066666666667,4037.0,-0.0009031334088724918,0.010132945282181893
2.8472106650847,-0.9939833090810681,10.968757356496003,1.0,2.235133333333333,4038.0,-0.0009031334088724918,0.010132945282180117
2.8463075316758277,-0.9939368426619579,10.978890301778184,1.0,2.2342,4039.0,-0.0009031334088724918,0.010132945282181893
2.8454043982669552,-0.9938903762428478,10.989023247060366,1.0,2.2332666666666667,4040.0,-0.0009031334088724918,0.010132945282181893
2.8445012648580827,-0.9938439098237376,10.999156192342546,1.0,2.2323333333333335,4041.0,-0.0009031334088724918,0.010132945282180117
2.8435981314492103,-0.9937974434046275,11.009289137624728,1.0,2.2314,4042.0,-0.0009031334088724918,0.010132945282181893
2.8426949980403378,-0.9937509769855173,11.01942208290691,1.0,2.2304666666666666,4043.0,-0.0009031334088724918,0.010132945282181893
2.8417918646314653,-0.9937045105664072,11.02955502818909,1.0,2.2295333333333334,4044.0,-0.0009031334088724918,0.010132945282180117
2.8408887312225928,-0.993658044147297,11.039687973471272,1.0,2.2286,4045.0,-0.0009031334088724918,0.010132945282181893
2.8399855978137203,-0.9936115777281869,11.049820918753454,1.0,2.2276666666666665,4046.0,-0.0009031334088724918,0.010132945282181893
2.839082464404848,-0.9935651113090767,11.059953864035634,1.0,2.2267333333333332,4047.0,-0.0009031334088724918,0.010132945282180117
2.8381793309959753,-0.9935186448899666,11.070086809317816,1.0,2.2258,4048.0,-0.0009031334088724918,0.010132945282181893
2.837276197587103,-0.9934721784708563,11.080219754599998,1.0,2.2248666666666668,4049.0,-0.0009031334088724918,0.010132945282181893
2.8363730641782303,-0.9934257120517462,11.090352699882178,1.0,2.223933333333333,4050.0,-0.0009031334088724918,0.010132945282180117
2.835469930769358,-0.993379245632636,11.10048564516436,1.0,2.223,4051.0,-0.0009031334088724918,0.010132945282181893
2.8345344634773157,-0.9933308637021331,11.100148544258571,1.0,2.2222,4052.0,-0.0009354672920420803,-0.0003371009057886454
2.8335989961852737,-0.9932824817716301,11.099811443352783,1.0,2.2214,4053.0,-0.0009354672920420803,-0.0003371009057886454
2.8326635288932316,-0.9932340998411272,11.099474342446994,1.0,2.2205999999999997,4054.0,-0.0009354672920420803,-0.0003371009057886454
2.831728061601189,-0.9931857179106243,11.099137241541206,1.0,2.2197999999999998,4055.0,-0.0009354672920425244,-0.0003371009057886454
2.830792594309147,-0.9931373359801213,11.098800140635417,1.0,2.219,4056.0,-0.0009354672920420803,-0.0003371009057886454
2.829857127017105,-0.9930889540496184,11.098463039729628,1.0,2.2182,4057.0,-0.0009354672920420803,-0.0003371009057886454
2.828921659725063,-0.9930405721191155,11.09812593882384,1.0,2.2174,4058.0,-0.0009354672920420803,-0.0003371009057886454
2.8279861924330207,-0.9929921901886126,11.097788837918053,1.0,2.2165999999999997,4059.0,-0.0009354672920420803,-0.000337100905786869
2.8270507251409787,-0.9929438082581097,11.097451737012264,1.0,2.2157999999999998,4060.0,-0.0009354672920420803,-0.0003371009057886454
2.8261152578489366,-0.9928954263276067,11.097114636106475,1.0,2.215,4061.0,-0.0009354672920420803,-0.0003371009057886454
2.8251797905568945,-0.9928470443971038,11.096777535200687,1.0,2.2142,4062.0,-0.0009354672920420803,-0.0003371009057886454
2.824244323264852,-0.9927986624666009,11.096440434294898,1.0,2.2134,4063.0,-0.0009354672920425244,-0.0003371009057886454
2.82330885597281,-0.9927502805360979,11.09610333338911,1.0,2.2125999999999997,4064.0,-0.0009354672920420803,-0.0003371009057886454
2.822373388680768,-0.992701898605595,11.09576623248332,1.0,2.2117999999999998,4065.0,-0.0009354672920420803,-0.0003371009057886454
2.8214379213887257,-0.992653516675092,11.095429131577532,1.0,2.211,4066.0,-0.0009354672920420803,-0.0003371009057886454
2.8204944867572808,-0.9926485866094299,11.101733518191526,1.0,2.2099333333333333,4067.0,-0.0009434346314449726,0.0063043866139942395
2.8195510521258362,-0.9926436565437677,11.10803790480552,1.0,2.2088666666666663,4068.0,-0.0009434346314445285,0.0063043866139942395
2.8186076174943913,-0.9926387264781056,11.114342291419513,1.0,2.2077999999999998,4069.0,-0.0009434346314449726,0.006304386613992463
2.8176641828629467,-0.9926337964124434,11.120646678033507,1.0,2.206733333333333,4070.0,-0.0009434346314445285,0.0063043866139942395
2.8167207482315018,-0.9926288663467813,11.126951064647502,1.0,2.2056666666666667,4071.0,-0.0009434346314449726,0.0063043866139942395
2.815777313600057,-0.9926239362811191,11.133255451261496,1.0,2.2045999999999997,4072.0,-0.0009434346314449726,0.0063043866139942395
2.8148338789686123,-0.992619006215457,11.13955983787549,1.0,2.203533333333333,4073.0,-0.0009434346314445285,0.0063043866139942395
2.8138904443371673,-0.9926140761497947,11.145864224489483,1.0,2.2024666666666666,4074.0,-0.0009434346314449726,0.006304386613992463
2.8129470097057228,-0.9926091460841325,11.152168611103477,1.0,2.2014,4075.0,-0.0009434346314445285,0.0063043866139942395
2.812003575074278,-0.9926042160184704,11.158472997717471,1.0,2.200333333333333,4076.0,-0.0009434346314449726,0.0063043866139942395
2.811060140442833,-0.9925992859528082,11.164777384331465,1.0,2.1992666666666665,4077.0,-0.0009434346314449726,0.0063043866139942395
2.8101167058113883,-0.9925943558871461,11.17108177094546,1.0,2.1982,4078.0,-0.0009434346314445285,0.0063043866139942395
2.8091732711799433,-0.9925894258214839,11.177386157559452,1.0,2.1971333333333334,4079.0,-0.0009434346314449726,0.006304386613992463
2.808229836548499,-0.9925844957558217,11.183690544173446,1.0,2.1960666666666664,4080.0,-0.0009434346314445285,0.0063043866139942395
2.807286401917054,-0.9925795656901596,11.18999493078744,1.0,2.195,4081.0,-0.0009434346314449726,0.0063043866139942395
2.8063268928075553,-0.9925215863619167,11.19467395904059,1.0,2.1942666666666666,4082.0,-0.0009595091094984909,0.0046790282531503635
2.8053673836980573,-0.9924636070336738,11.19935298729374,1.0,2.1935333333333333,4083.0,-0.0009595091094980468,0.004679028253148587
2.804407874588559,-0.9924056277054308,11.20403201554689,1.0,2.1928,4084.0,-0.0009595091094984909,0.0046790282531503635
2.8034483654790603,-0.992347648377188,11.20871104380004,1.0,2.1920666666666664,4085.0,-0.0009595091094984909,0.0046790282531503635
2.802488856369562,-0.9922896690489451,11.21339007205319,1.0,2.191333333333333,4086.0,-0.0009595091094984909,0.0046790282531503635
2.8015293472600638,-0.9922316897207022,11.218069100306339,1.0,2.1906,4087.0,-0.0009595091094980468,0.004679028253148587
2.8005698381505653,-0.9921737103924593,11.22274812855949,1.0,2.1898666666666666,4088.0,-0.0009595091094984909,0.0046790282531503635
2.7996103290410668,-0.9921157310642164,11.22742715681264,1.0,2.1891333333333334,4089.0,-0.0009595091094984909,0.0046790282531503635
2.7986508199315683,-0.9920577517359734,11.23210618506579,1.0,2.1884,4090.0,-0.0009595091094984909,0.0046790282531503635
2.7976913108220702,-0.9919997724077305,11.236785213318939,1.0,2.187666666666667,4091.0,-0.0009595091094980468,0.004679028253148587
2.7967318017125717,-0.9919417930794876,11.24146424157209,1.0,2.1869333333333336,4092.0,-0.0009595091094984909,0.0046790282531503635
2.7957722926030733,-0.9918838137512448,11.24614326982524,1.0,2.1862,4093.0,-0.0009595091094984909,0.0046790282531503635
2.7948127834935748,-0.9918258344230019,11.25082229807839,1.0,2.1854666666666667,4094.0,-0.0009595091094984909,0.0046790282531503635
2.7938532743840767,-0.991767855094759,11.255501326331538,1.0,2.1847333333333334,4095.0,-0.0009595091094980468,0.004679028253148587
2.792893765274578,-0.991709875766516,11.260180354584689,1.0,2.184,4096.0,-0.0009595091094984909,0.0046790282531503635
2.791920141763644,-0.9919063231905192,11.26266563692705,1.0,2.1831333333333336,4097.0,-0.0009736235109341074,0.002485282342361117
2.79094651825271,-0.9921027706145222,11.26515091926941,1.0,2.1822666666666666,4098.0,-0.0009736235109341074,0.0024852823423593406
2.789972894741776,-0.9922992180385254,11.26763620161177,1.0,2.1814,4099.0,-0.0009736235109341074,0.002485282342361117
2.7889992712308413,-0.9924956654625285,11.270121483954131,1.0,2.1805333333333334,4100.0,-0.0009736235109345515,0.002485282342361117
2.7880256477199072,-0.9926921128865316,11.27260676629649,1.0,2.179666666666667,4101.0,-0.0009736235109341074,0.0024852823423593406
2.787052024208973,-0.9928885603105347,11.275092048638852,1.0,2.1788,4102.0,-0.0009736235109341074,0.002485282342361117
2.786078400698039,-0.9930850077345379,11.277577330981213,1.0,2.1779333333333333,4103.0,-0.0009736235109341074,0.002485282342361117
2.785104777187105,-0.9932814551585409,11.280062613323572,1.0,2.1770666666666667,4104.0,-0.0009736235109341074,0.0024852823423593406
2.784131153676171,-0.9934779025825441,11.282547895665934,1.0,2.1762,4105.0,-0.0009736235109341074,0.002485282342361117
2.7831575301652367,-0.9936743500065472,11.285033178008295,1.0,2.175333333333333,4106.0,-0.0009736235109341074,0.002485282342361117
2.7821839066543026,-0.9938707974305503,11.287518460350654,1.0,2.1744666666666665,4107.0,-0.0009736235109341074,0.0024852823423593406
2.781210283143368,-0.9940672448545534,11.290003742693015,1.0,2.1736,4108.0,-0.0009736235109345515,0.002485282342361117
2.780236659632434,-0.9942636922785566,11.292489025035376,1.0,2.1727333333333334,4109.0,-0.0009736235109341074,0.002485282342361117
2.7792630361215,-0.9944601397025596,11.294974307377736,1.0,2.1718666666666664,4110.0,-0.0009736235109341074,0.0024852823423593406
2.7782894126105657,-0.9946565871265628,11.297459589720097,1.0,2.171,4111.0,-0.0009736235109341074,0.002485282342361117
2.7772900930156244,-0.994721693218693,11.306473971249046,1.0,2.1696,4112.0,-0.0009993195949413725,0.0090143815289494
2.7762907734206825,-0.9947867993108233,11.315488352777994,1.0,2.1681999999999997,4113.0,-0.0009993195949418165,0.009014381528947624
2.775291453825741,-0.9948519054029534,11.324502734306943,1.0,2.1668,4114.0,-0.0009993195949413725,0.0090143815289494
2.7742921342308,-0.9949170114950836,11.333517115835892,1.0,2.1654,4115.0,-0.0009993195949413725,0.0090143815289494
2.773292814635858,-0.9949821175872139,11.342531497364842,1.0,2.1639999999999997,4116.0,-0.0009993195949418165,0.0090143815289494
2.7722934950409166,-0.9950472236793441,11.35154587889379,1.0,2.1626,4117.0,-0.0009993195949413725,0.009014381528947624
2.7712941754459752,-0.9951123297714742,11.360560260422739,1.0,2.1612,4118.0,-0.0009993195949413725,0.0090143815289494
2.7702948558510334,-0.9951774358636045,11.369574641951688,1.0,2.1597999999999997,4119.0,-0.0009993195949418165,0.0090143815289494
2.769295536256092,-0.9952425419557347,11.378589023480638,1.0,2.1584,4120.0,-0.0009993195949413725,0.0090143815289494
2.7682962166611507,-0.9953076480478649,11.387603405009585,1.0,2.157,4121.0,-0.0009993195949413725,0.009014381528947624
2.767296897066209,-0.9953727541399952,11.396617786538535,1.0,2.1555999999999997,4122.0,-0.0009993195949418165,0.0090143815289494
2.7662975774712675,-0.9954378602321253,11.405632168067484,1.0,2.1542,4123.0,-0.0009993195949413725,0.0090143815289494
2.765298257876326,-0.9955029663242555,11.414646549596434,1.0,2.1528,4124.0,-0.0009993195949413725,0.0090143815289494
2.7642989382813843,-0.9955680724163858,11.423660931125381,1.0,2.1513999999999998,4125.0,-0.0009993195949418165,0.009014381528947624
2.763299618686443,-0.995633178508516,11.43267531265433,1.0,2.15,4126.0,-0.0009993195949413725,0.0090143815289494
2.76228983440431,-0.9955818261158607,11.438409329143616,1.0,2.149,4127.0,-0.0010097842821328307,0.005734016489284954
2.761280050122177,-0.9955304737232054,11.444143345632902,1.0,2.1479999999999997,4128.0,-0.0010097842821332748,0.005734016489286731
2.760270265840044,-0.99547912133055,11.449877362122187,1.0,2.147,4129.0,-0.0010097842821328307,0.005734016489284954
2.7592604815579107,-0.9954277689378948,11.455611378611474,1.0,2.146,4130.0,-0.0010097842821332748,0.005734016489286731
2.758250697275778,-0.9953764165452395,11.461345395100759,1.0,2.145,4131.0,-0.0010097842821328307,0.005734016489284954
2.757240912993645,-0.9953250641525841,11.467079411590044,1.0,2.1439999999999997,4132.0,-0.0010097842821328307,0.005734016489284954
2.7562311287115118,-0.9952737117599288,11.47281342807933,1.0,2.143,4133.0,-0.0010097842821332748,0.005734016489286731
2.755221344429379,-0.9952223593672735,11.478547444568616,1.0,2.142,4134.0,-0.0010097842821328307,0.005734016489284954
2.7542115601472457,-0.9951710069746182,11.484281461057902,1.0,2.141,4135.0,-0.0010097842821332748,0.005734016489286731
2.753201775865113,-0.9951196545819629,11.490015477547187,1.0,2.1399999999999997,4136.0,-0.0010097842821328307,0.005734016489284954
2.75219199158298,-0.9950683021893076,11.495749494036472,1.0,2.139,4137.0,-0.0010097842821328307,0.005734016489284954
2.7511822073008467,-0.9950169497966523,11.501483510525759,1.0,2.138,4138.0,-0.0010097842821332748,0.005734016489286731
2.750172423018714,-0.994965597403997,11.507217527015044,1.0,2.137,4139.0,-0.0010097842821328307,0.005734016489284954
2.7491626387365806,-0.9949142450113417,11.51295154350433,1.0,2.1359999999999997,4140.0,-0.0010097842821332748,0.005734016489286731
2.748152854454448,-0.9948628926186864,11.518685559993616,1.0,2.135,4141.0,-0.0010097842821328307,0.005734016489284954
2.747098272452124,-0.9947448737337466,11.521711848307744,1.0,2.1339333333333332,4142.0,-0.0010545820023240005,0.0030262883141283226
2.7460436904498002,-0.9946268548488069,11.52473813662187,1.0,2.1328666666666667,4143.0,-0.0010545820023235564,0.003026288314126546
2.7449891084474762,-0.9945088359638671,11.527764424935999,1.0,2.1317999999999997,4144.0,-0.0010545820023240005,0.0030262883141283226
2.7439345264451522,-0.9943908170789272,11.530790713250125,1.0,2.130733333333333,4145.0,-0.0010545820023240005,0.003026288314126546
2.7428799444428282,-0.9942727981939874,11.533817001564254,1.0,2.1296666666666666,4146.0,-0.0010545820023240005,0.0030262883141283226
2.7418253624405047,-0.9941547793090476,11.536843289878382,1.0,2.1286,4147.0,-0.0010545820023235564,0.0030262883141283226
2.7407707804381807,-0.9940367604241078,11.539869578192508,1.0,2.1275333333333335,4148.0,-0.0010545820023240005,0.003026288314126546
2.7397161984358567,-0.993918741539168,11.542895866506637,1.0,2.1264666666666665,4149.0,-0.0010545820023240005,0.0030262883141283226
2.7386616164335327,-0.9938007226542283,11.545922154820763,1.0,2.1254,4150.0,-0.0010545820023240005,0.003026288314126546
2.737607034431209,-0.9936827037692885,11.548948443134892,1.0,2.1243333333333334,4151.0,-0.0010545820023235564,0.0030262883141283226
2.736552452428885,-0.9935646848843487,11.55197473144902,1.0,2.123266666666667,4152.0,-0.0010545820023240005,0.0030262883141283226
2.735497870426561,-0.9934466659994088,11.555001019763147,1.0,2.1222000000000003,4153.0,-0.0010545820023240005,0.003026288314126546
2.734443288424237,-0.993328647114469,11.558027308077275,1.0,2.1211333333333333,4154.0,-0.0010545820023240005,0.0030262883141283226
2.7333887064219136,-0.9932106282295292,11.561053596391401,1.0,2.1200666666666668,4155.0,-0.0010545820023235564,0.003026288314126546
2.7323341244195896,-0.9930926093445894,11.56407988470553,1.0,2.119,4156.0,-0.0010545820023240005,0.0030262883141283226
2.731240748015634,-0.9933162220610401,11.570290353371865,1.0,2.1179333333333337,4157.0,-0.0010933764039555705,0.006210468666335345
2.730147371611679,-0.9935398347774907,11.576500822038202,1.0,2.1168666666666667,4158.0,-0.0010933764039551264,0.006210468666337121
2.7290539952077233,-0.9937634474939414,11.582711290704538,1.0,2.1158,4159.0,-0.0010933764039555705,0.006210468666335345
2.7279606188037677,-0.9939870602103921,11.588921759370873,1.0,2.1147333333333336,4160.0,-0.0010933764039555705,0.006210468666335345
2.726867242399812,-0.9942106729268427,11.59513222803721,1.0,2.113666666666667,4161.0,-0.0010933764039555705,0.006210468666337121
2.725773865995857,-0.9944342856432934,11.601342696703545,1.0,2.1126,4162.0,-0.0010933764039551264,0.006210468666335345
2.7246804895919015,-0.994657898359744,11.60755316536988,1.0,2.1115333333333335,4163.0,-0.0010933764039555705,0.006210468666335345
2.723587113187946,-0.9948815110761946,11.613763634036218,1.0,2.110466666666667,4164.0,-0.0010933764039555705,0.006210468666337121
2.7224937367839903,-0.9951051237926453,11.619974102702553,1.0,2.1094000000000004,4165.0,-0.0010933764039555705,0.006210468666335345
2.721400360380035,-0.9953287365090959,11.626184571368888,1.0,2.1083333333333334,4166.0,-0.0010933764039551264,0.006210468666335345
2.7203069839760796,-0.9955523492255466,11.632395040035226,1.0,2.107266666666667,4167.0,-0.0010933764039555705,0.006210468666337121
2.719213607572124,-0.9957759619419972,11.638605508701561,1.0,2.1062000000000003,4168.0,-0.0010933764039555705,0.006210468666335345
2.7181202311681685,-0.9959995746584479,11.644815977367896,1.0,2.1051333333333337,4169.0,-0.0010933764039555705,0.006210468666335345
2.7170268547642134,-0.9962231873748986,11.651026446034233,1.0,2.1040666666666668,4170.0,-0.0010933764039551264,0.006210468666337121
2.715933478360258,-0.9964468000913492,11.657236914700569,1.0,2.103,4171.0,-0.0010933764039555705,0.006210468666335345
2.7147919181477245,-0.9963506812941988,11.662880162193304,1.0,2.101866666666667,4172.0,-0.0011415602125333102,0.005643247492734815
2.7136503579351916,-0.9962545624970484,11.668523409686038,1.0,2.1007333333333333,4173.0,-0.001141560212532866,0.005643247492734815
2.7125087977226583,-0.9961584436998979,11.674166657178773,1.0,2.0996,4174.0,-0.0011415602125333102,0.005643247492734815
2.711367237510125,-0.9960623249027475,11.679809904671508,1.0,2.098466666666667,4175.0,-0.0011415602125333102,0.005643247492734815
2.7102256772975917,-0.995966206105597,11.685453152164243,1.0,2.0973333333333333,4176.0,-0.0011415602125333102,0.005643247492734815
2.709084117085059,-0.9958700873084466,11.691096399656978,1.0,2.0962,4177.0,-0.001141560212532866,0.005643247492734815
2.7079425568725255,-0.9957739685112962,11.696739647149712,1.0,2.095066666666667,4178.0,-0.0011415602125333102,0.005643247492734815
2.706800996659992,-0.9956778497141456,11.702382894642449,1.0,2.093933333333333,4179.0,-0.0011415602125333102,0.005643247492736592
2.705659436447459,-0.9955817309169952,11.708026142135184,1.0,2.0928,4180.0,-0.0011415602125333102,0.005643247492734815
2.704517876234926,-0.9954856121198448,11.713669389627919,1.0,2.091666666666667,4181.0,-0.001141560212532866,0.005643247492734815
2.7033763160223927,-0.9953894933226943,11.719312637120654,1.0,2.090533333333333,4182.0,-0.0011415602125333102,0.005643247492734815
2.7022347558098594,-0.9952933745255439,11.724955884613388,1.0,2.0894,4183.0,-0.0011415602125333102,0.005643247492734815
2.701093195597326,-0.9951972557283935,11.730599132106123,1.0,2.0882666666666667,4184.0,-0.0011415602125333102,0.005643247492734815
2.699951635384793,-0.995101136931243,11.736242379598858,1.0,2.087133333333333,4185.0,-0.001141560212532866,0.005643247492734815
2.69881007517226,-0.9950050181340926,11.741885627091593,1.0,2.086,4186.0,-0.0011415602125333102,0.005643247492734815
2.6975998250671793,-0.9949693729281733,11.744494593849673,1.0,2.0848666666666666,4187.0,-0.0012102501050805792,0.0026089667580802
2.696389574962099,-0.9949337277222542,11.747103560607755,1.0,2.083733333333333,4188.0,-0.001210250105080135,0.0026089667580819764
2.6951793248570186,-0.9948980825163349,11.749712527365835,1.0,2.0826,4189.0,-0.0012102501050805792,0.0026089667580802
2.6939690747519385,-0.9948624373104158,11.752321494123917,1.0,2.0814666666666666,4190.0,-0.001210250105080135,0.0026089667580819764
2.692758824646858,-0.9948267921044965,11.754930460881997,1.0,2.0803333333333334,4191.0,-0.0012102501050805792,0.0026089667580802
2.6915485745417773,-0.9947911468985773,11.757539427640078,1.0,2.0791999999999997,4192.0,-0.0012102501050805792,0.0026089667580802
2.690338324436697,-0.9947555016926581,11.76014839439816,1.0,2.0780666666666665,4193.0,-0.001210250105080135,0.0026089667580819764
2.6891280743316166,-0.9947198564867389,11.76275736115624,1.0,2.0769333333333333,4194.0,-0.0012102501050805792,0.0026089667580802
2.6879178242265365,-0.9946842112808197,11.765366327914322,1.0,2.0758,4195.0,-0.001210250105080135,0.0026089667580819764
2.686707574121456,-0.9946485660749005,11.767975294672402,1.0,2.0746666666666664,4196.0,-0.0012102501050805792,0.0026089667580802
2.6854973240163753,-0.9946129208689812,11.770584261430482,1.0,2.0735333333333332,4197.0,-0.0012102501050805792,0.0026089667580802
2.684287073911295,-0.9945772756630621,11.773193228188564,1.0,2.0724,4198.0,-0.001210250105080135,0.0026089667580819764
2.6830768238062146,-0.9945416304571428,11.775802194946644,1.0,2.071266666666667,4199.0,-0.0012102501050805792,0.0026089667580802
2.6818665737011345,-0.9945059852512237,11.778411161704726,1.0,2.070133333333333,4200.0,-0.001210250105080135,0.0026089667580819764
2.680656323596054,-0.9944703400453044,11.781020128462806,1.0,2.069,4201.0,-0.0012102501050805792,0.0026089667580802
2.6794211843147986,-0.9944467225394787,11.790115917832992,1.0,2.0679333333333334,4202.0,-0.001235139281255293,0.009095789370185514
2.6781860450335433,-0.994423105033653,11.799211707203177,1.0,2.0668666666666664,4203.0,-0.001235139281255293,0.009095789370185514
2.6769509057522884,-0.9943994875278273,11.808307496573361,1.0,2.0658,4204.0,-0.001235139281254849,0.009095789370183738
2.675715766471033,-0.9943758700220016,11.817403285943547,1.0,2.0647333333333333,4205.0,-0.001235139281255293,0.009095789370185514
2.674480627189778,-0.9943522525161759,11.826499075313732,1.0,2.0636666666666668,4206.0,-0.001235139281255293,0.009095789370185514
2.6732454879085226,-0.9943286350103502,11.835594864683918,1.0,2.0625999999999998,4207.0,-0.001235139281255293,0.009095789370185514
2.6720103486272673,-0.9943050175045245,11.844690654054103,1.0,2.061533333333333,4208.0,-0.001235139281255293,0.009095789370185514
2.6707752093460124,-0.9942813999986987,11.853786443424287,1.0,2.0604666666666667,4209.0,-0.001235139281254849,0.009095789370183738
2.669540070064757,-0.994257782492873,11.862882232794473,1.0,2.0594,4210.0,-0.001235139281255293,0.009095789370185514
2.668304930783502,-0.9942341649870473,11.871978022164658,1.0,2.058333333333333,4211.0,-0.001235139281255293,0.009095789370185514
2.6670697915022465,-0.9942105474812216,11.881073811534844,1.0,2.0572666666666666,4212.0,-0.001235139281255293,0.009095789370185514
2.6658346522209913,-0.9941869299753959,11.890169600905029,1.0,2.0562,4213.0,-0.001235139281255293,0.009095789370185514
2.6645995129397364,-0.9941633124695701,11.899265390275213,1.0,2.0551333333333335,4214.0,-0.001235139281254849,0.009095789370183738
2.663364373658481,-0.9941396949637444,11.908361179645398,1.0,2.0540666666666665,4215.0,-0.001235139281255293,0.009095789370185514
2.662129234377226,-0.9941160774579187,11.917456969015584,1.0,2.053,4216.0,-0.001235139281255293,0.009095789370185514
2.6607972060833327,-0.9941419494654009,11.925096942383544,1.0,2.0516666666666667,4217.0,-0.0013320282938931172,0.00763997336795974
2.6594651777894396,-0.9941678214728831,11.932736915751503,1.0,2.050333333333333,4218.0,-0.0013320282938931172,0.00763997336795974
2.658133149495546,-0.9941936934803652,11.940376889119463,1.0,2.049,4219.0,-0.0013320282938935613,0.00763997336795974
2.656801121201653,-0.9942195654878474,11.948016862487423,1.0,2.0476666666666667,4220.0,-0.0013320282938931172,0.00763997336795974
2.65546909290776,-0.9942454374953296,11.955656835855383,1.0,2.046333333333333,4221.0,-0.0013320282938931172,0.00763997336795974
2.6541370646138667,-0.9942713095028117,11.963296809223342,1.0,2.045,4222.0,-0.0013320282938931172,0.00763997336795974
2.6528050363199736,-0.9942971815102939,11.970936782591302,1.0,2.0436666666666667,4223.0,-0.0013320282938931172,0.00763997336795974
2.65147300802608,-0.9943230535177761,11.97857675595926,1.0,2.042333333333333,4224.0,-0.0013320282938935613,0.007639973367957964
2.650140979732187,-0.9943489255252582,11.98621672932722,1.0,2.041,4225.0,-0.0013320282938931172,0.00763997336795974
2.6488089514382938,-0.9943747975327404,11.99385670269518,1.0,2.0396666666666667,4226.0,-0.0013320282938931172,0.00763997336795974
2.6474769231444006,-0.9944006695402225,12.00149667606314,1.0,2.038333333333333,4227.0,-0.0013320282938931172,0.00763997336795974
2.6461448948505075,-0.9944265415477047,12.009136649431099,1.0,2.037,4228.0,-0.0013320282938931172,0.00763997336795974
2.644812866556614,-0.9944524135551869,12.016776622799059,1.0,2.0356666666666667,4229.0,-0.0013320282938935613,0.00763997336795974
2.643480838262721,-0.994478285562669,12.024416596167018,1.0,2.034333333333333,4230.0,-0.0013320282938931172,0.00763997336795974
2.6421488099688277,-0.9945041575701512,12.032056569534978,1.0,2.033,4231.0,-0.0013320282938931172,0.00763997336795974
2.640746482596353,-0.9944992441979573,12.03755691256029,1.0,2.0316666666666667,4232.0,-0.0014023273724745877,0.0055003430253126595
2.639344155223879,-0.9944943308257633,12.043057255585605,1.0,2.030333333333333,4233.0,-0.0014023273724741436,0.005500343025314436
2.6379418278514044,-0.9944894174535694,12.048557598610918,1.0,2.029,4234.0,-0.0014023273724745877,0.0055003430253126595
2.63653950047893,-0.9944845040813756,12.054057941636232,1.0,2.0276666666666667,4235.0,-0.0014023273724745877,0.005500343025314436
2.6351371731064557,-0.9944795907091816,12.059558284661545,1.0,2.026333333333333,4236.0,-0.0014023273724741436,0.0055003430253126595
2.633734845733981,-0.9944746773369877,12.06505862768686,1.0,2.025,4237.0,-0.0014023273724745877,0.005500343025314436
2.6323325183615065,-0.9944697639647938,12.070558970712172,1.0,2.0236666666666667,4238.0,-0.0014023273724745877,0.0055003430253126595
2.6309301909890324,-0.9944648505925998,12.076059313737487,1.0,2.022333333333333,4239.0,-0.0014023273724741436,0.005500343025314436
2.6295278636165578,-0.9944599372204059,12.0815596567628,1.0,2.021,4240.0,-0.0014023273724745877,0.0055003430253126595
2.628125536244083,-0.994455023848212,12.087059999788114,1.0,2.0196666666666667,4241.0,-0.0014023273724745877,0.005500343025314436
2.626723208871609,-0.9944501104760181,12.092560342813426,1.0,2.018333333333333,4242.0,-0.0014023273724741436,0.0055003430253126595
2.6253208814991345,-0.9944451971038242,12.09806068583874,1.0,2.017,4243.0,-0.0014023273724745877,0.005500343025314436
2.62391855412666,-0.9944402837316303,12.103561028864053,1.0,2.0156666666666667,4244.0,-0.0014023273724745877,0.0055003430253126595
2.6225162267541857,-0.9944353703594363,12.109061371889368,1.0,2.014333333333333,4245.0,-0.0014023273724741436,0.005500343025314436
2.621113899381711,-0.9944304569872424,12.11456171491468,1.0,2.013,4246.0,-0.0014023273724745877,0.0055003430253126595
2.6196293116867637,-0.9944454328816067,12.117710194391591,1.0,2.0114666666666667,4247.0,-0.0014845876949474146,0.0031484794769109925
2.6181447239918167,-0.994460408775971,12.120858673868502,1.0,2.009933333333333,4248.0,-0.0014845876949469705,0.0031484794769109925
2.6166601362968693,-0.9944753846703352,12.124007153345413,1.0,2.0084,4249.0,-0.0014845876949474146,0.0031484794769109925
2.615175548601922,-0.9944903605646996,12.127155632822324,1.0,2.006866666666667,4250.0,-0.0014845876949474146,0.0031484794769109925
2.6136909609069745,-0.9945053364590639,12.130304112299235,1.0,2.005333333333333,4251.0,-0.0014845876949474146,0.0031484794769109925
2.6122063732120275,-0.9945203123534282,12.133452591776146,1.0,2.0038,4252.0,-0.0014845876949469705,0.0031484794769109925
2.61072178551708,-0.9945352882477925,12.136601071253057,1.0,2.0022666666666664,4253.0,-0.0014845876949474146,0.0031484794769109925
2.6092371978221327,-0.9945502641421567,12.139749550729967,1.0,2.0007333333333333,4254.0,-0.0014845876949474146,0.003148479476909216
2.6077526101271853,-0.994565240036521,12.142898030206878,1.0,1.9991999999999999,4255.0,-0.0014845876949474146,0.0031484794769109925
2.6062680224322383,-0.9945802159308853,12.146046509683789,1.0,1.9976666666666667,4256.0,-0.0014845876949469705,0.0031484794769109925
2.604783434737291,-0.9945951918252496,12.1491949891607,1.0,1.9961333333333333,4257.0,-0.0014845876949474146,0.0031484794769109925
2.6032988470423435,-0.994610167719614,12.15234346863761,1.0,1.9946,4258.0,-0.0014845876949474146,0.0031484794769109925
2.601814259347396,-0.9946251436139782,12.155491948114522,1.0,1.9930666666666665,4259.0,-0.0014845876949474146,0.0031484794769109925
2.600329671652449,-0.9946401195083425,12.158640427591433,1.0,1.9915333333333334,4260.0,-0.0014845876949469705,0.0031484794769109925
2.5988450839575017,-0.9946550954027068,12.161788907068344,1.0,1.99,4261.0,-0.0014845876949474146,0.0031484794769109925
2.59724556826768,-0.9946753191087352,12.16695459260857,1.0,1.9884,4262.0,-0.00159951568982164,0.005165685540227116
2.5956460525778584,-0.9946955428147637,12.172120278148798,1.0,1.9868,4263.0,-0.00159951568982164,0.005165685540227116
2.594046536888037,-0.9947157665207921,12.177285963689027,1.0,1.9852,4264.0,-0.001599515689821196,0.005165685540228893
2.5924470211982156,-0.9947359902268205,12.182451649229254,1.0,1.9836,4265.0,-0.00159951568982164,0.005165685540227116
2.590847505508394,-0.994756213932849,12.187617334769481,1.0,1.982,4266.0,-0.00159951568982164,0.005165685540227116
2.5892479898185723,-0.9947764376388774,12.192783020309708,1.0,1.9804,4267.0,-0.00159951568982164,0.005165685540227116
2.5876484741287507,-0.9947966613449057,12.197948705849935,1.0,1.9788,4268.0,-0.00159951568982164,0.005165685540227116
2.5860489584389295,-0.9948168850509342,12.203114391390164,1.0,1.9772,4269.0,-0.001599515689821196,0.005165685540228893
2.584449442749108,-0.9948371087569626,12.208280076930391,1.0,1.9756,4270.0,-0.00159951568982164,0.005165685540227116
2.582849927059286,-0.994857332462991,12.213445762470618,1.0,1.974,4271.0,-0.00159951568982164,0.005165685540227116
2.5812504113694645,-0.9948775561690195,12.218611448010845,1.0,1.9724,4272.0,-0.00159951568982164,0.005165685540227116
2.579650895679643,-0.9948977798750479,12.223777133551073,1.0,1.9707999999999999,4273.0,-0.00159951568982164,0.005165685540227116
2.5780513799898217,-0.9949180035810763,12.228942819091301,1.0,1.9692,4274.0,-0.001599515689821196,0.005165685540228893
2.5764518643,-0.9949382272871048,12.234108504631529,1.0,1.9676,4275.0,-0.00159951568982164,0.005165685540227116
2.5748523486101784,-0.9949584509931332,12.239274190171756,1.0,1.966,4276.0,-0.00159951568982164,0.005165685540227116
2.5731395799083794,-0.9947956530070897,12.242299240035447,1.0,1.9642666666666666,4277.0,-0.001712768701799039,0.0030250498636910095
2.5714268112065803,-0.9946328550210464,12.24532428989914,1.0,1.9625333333333332,4278.0,-0.001712768701799039,0.003025049863692786
2.5697140425047817,-0.9944700570350029,12.24834933976283,1.0,1.9607999999999999,4279.0,-0.0017127687017985949,0.0030250498636910095
2.5680012738029827,-0.9943072590489596,12.251374389626521,1.0,1.9590666666666667,4280.0,-0.001712768701799039,0.0030250498636910095
2.5662885051011837,-0.9941444610629161,12.254399439490214,1.0,1.9573333333333334,4281.0,-0.001712768701799039,0.003025049863692786
2.5645757363993846,-0.9939816630768727,12.257424489353905,1.0,1.9556,4282.0,-0.001712768701799039,0.0030250498636910095
2.5628629676975856,-0.9938188650908293,12.260449539217596,1.0,1.9538666666666666,4283.0,-0.001712768701799039,0.0030250498636910095
2.561150198995787,-0.9936560671047859,12.263474589081289,1.0,1.9521333333333333,4284.0,-0.0017127687017985949,0.003025049863692786
2.559437430293988,-0.9934932691187425,12.26649963894498,1.0,1.9504,4285.0,-0.001712768701799039,0.0030250498636910095
2.557724661592189,-0.9933304711326991,12.269524688808671,1.0,1.9486666666666665,4286.0,-0.001712768701799039,0.0030250498636910095
2.55601189289039,-0.9931676731466557,12.272549738672364,1.0,1.9469333333333332,4287.0,-0.001712768701799039,0.003025049863692786
2.554299124188591,-0.9930048751606123,12.275574788536055,1.0,1.9452,4288.0,-0.001712768701799039,0.0030250498636910095
2.5525863554867922,-0.9928420771745688,12.278599838399746,1.0,1.9434666666666667,4289.0,-0.0017127687017985949,0.0030250498636910095
2.550873586784993,-0.9926792791885255,12.281624888263439,1.0,1.9417333333333333,4290.0,-0.001712768701799039,0.003025049863692786
2.549160818083194,-0.992516481202482,12.28464993812713,1.0,1.94,4291.0,-0.001712768701799039,0.0030250498636910095
2.5472029578027944,-0.9927484485715445,12.295500712390433,1.0,1.938,4292.0,-0.0019578602803997924,0.01085077426330372
2.5452450975223946,-0.992980415940607,12.306351486653739,1.0,1.936,4293.0,-0.0019578602803997924,0.010850774263305496
2.543287237241995,-0.9932123833096695,12.317202260917043,1.0,1.934,4294.0,-0.0019578602803997924,0.01085077426330372
2.541329376961595,-0.993444350678732,12.328053035180346,1.0,1.932,4295.0,-0.0019578602803997924,0.01085077426330372
2.539371516681195,-0.9936763180477945,12.33890380944365,1.0,1.93,4296.0,-0.0019578602803997924,0.01085077426330372
2.5374136564007954,-0.993908285416857,12.349754583706956,1.0,1.928,4297.0,-0.0019578602803997924,0.010850774263305496
2.5354557961203956,-0.9941402527859194,12.36060535797026,1.0,1.926,4298.0,-0.0019578602803997924,0.01085077426330372
2.5334979358399954,-0.994372220154982,12.371456132233563,1.0,1.924,4299.0,-0.0019578602804002365,0.01085077426330372
2.5315400755595956,-0.9946041875240444,12.382306906496868,1.0,1.922,4300.0,-0.0019578602803997924,0.010850774263305496
2.529582215279196,-0.994836154893107,12.393157680760172,1.0,1.92,4301.0,-0.0019578602803997924,0.01085077426330372
2.527624354998796,-0.9950681222621695,12.404008455023476,1.0,1.918,4302.0,-0.0019578602803997924,0.01085077426330372
2.525666494718396,-0.995300089631232,12.41485922928678,1.0,1.916,4303.0,-0.0019578602803997924,0.01085077426330372
2.5237086344379964,-0.9955320570002945,12.425710003550085,1.0,1.914,4304.0,-0.0019578602803997924,0.010850774263305496
2.5217507741575966,-0.995764024369357,12.436560777813389,1.0,1.912,4305.0,-0.0019578602803997924,0.01085077426330372
2.519770008825547,-0.9958319300323226,12.437830116369495,1.0,1.91,4306.0,-0.0019807653320498275,0.0012693385561064474
2.517789243493497,-0.9958998356952884,12.439099454925604,1.0,1.908,4307.0,-0.0019807653320498275,0.0012693385561082238
2.515808478161447,-0.995967741358254,12.44036879348171,1.0,1.906,4308.0,-0.0019807653320498275,0.0012693385561064474
2.5138277128293973,-0.9960356470212197,12.441638132037816,1.0,1.904,4309.0,-0.0019807653320498275,0.0012693385561064474
2.5118469474973475,-0.9961035526841855,12.442907470593923,1.0,1.902,4310.0,-0.0019807653320498275,0.0012693385561064474
2.5098661821652977,-0.9961714583471512,12.444176809150031,1.0,1.9,4311.0,-0.0019807653320498275,0.0012693385561082238
2.507885416833248,-0.9962393640101168,12.445446147706138,1.0,1.898,4312.0,-0.0019807653320498275,0.0012693385561064474
2.5059046515011985,-0.9963072696730826,12.446715486262244,1.0,1.896,4313.0,-0.0019807653320493834,0.0012693385561064474
2.5039238861691486,-0.9963751753360482,12.44798482481835,1.0,1.894,4314.0,-0.0019807653320498275,0.0012693385561064474
2.501943120837099,-0.9964430809990139,12.449254163374459,1.0,1.892,4315.0,-0.0019807653320498275,0.0012693385561082238
2.499962355505049,-0.9965109866619797,12.450523501930565,1.0,1.89,4316.0,-0.0019807653320498275,0.0012693385561064474
2.497981590172999,-0.9965788923249453,12.451792840486672,1.0,1.888,4317.0,-0.0019807653320498275,0.0012693385561064474
2.4960008248409493,-0.996646797987911,12.453062179042778,1.0,1.886,4318.0,-0.0019807653320498275,0.0012693385561064474
2.4940200595088995,-0.9967147036508768,12.454331517598886,1.0,1.884,4319.0,-0.0019807653320498275,0.0012693385561082238
2.4920392941768497,-0.9967826093138424,12.455600856154993,1.0,1.882,4320.0,-0.0019807653320498275,0.0012693385561064474
2.528817840425657,-0.9304992781515317,12.469101332603179,0.93336,1.7566,4321.0,0.0367785462488075,0.013500476448186305
2.5655963866744647,-0.8642159469892209,12.482601809051364,0.8667199999999999,1.6311999999999998,4322.0,0.0367785462488075,0.013500476448184529
2.6023749329232717,-0.7979326158269101,12.49610228549955,0.80008,1.5057999999999998,4323.0,0.036778546248807054,0.013500476448186305
2.639153479172079,-0.7316492846645993,12.509602761947734,0.73344,1.3803999999999998,4324.0,0.0367785462488075,0.013500476448184529
2.6759320254208867,-0.6653659535022886,12.52310323839592,0.6668,1.255,4325.0,0.0367785462488075,0.013500476448186305
2.712710571669694,-0.5990826223399778,12.536603714844107,0.60016,1.1296,4326.0,0.0367785462488075,0.013500476448186305
2.7494891179185017,-0.532799291177667,12.550104191292291,0.53352,1.0041999999999998,4327.0,0.0367785462488075,0.013500476448184529
2.7862676641673088,-0.4665159600153562,12.563604667740478,0.46687999999999996,0.8787999999999998,4328.0,0.036778546248807054,0.013500476448186305
2.8230462104161163,-0.40023262885304545,12.577105144188662,0.40023999999999993,0.7533999999999998,4329.0,0.0367785462488075,0.013500476448184529
2.8598247566649238,-0.33394929769073467,12.590605620636849,0.33359999999999995,0.6279999999999998,4330.0,0.0367785462488075,0.013500476448186305
2.8966033029137312,-0.2676659665284239,12.604106097085035,0.26696,0.5025999999999997,4331.0,0.0367785462488075,0.013500476448186305
2.9333818491625387,-0.20138263536611312,12.61760657353322,0.20031999999999994,0.37719999999999976,4332.0,0.0367785462488075,0.013500476448184529
2.970160395411346,-0.13509930420380234,12.631107049981406,0.13367999999999994,0.25179999999999975,4333.0,0.036778546248807054,0.013500476448186305
3.0069389416601533,-0.06881597304149156,12.64460752642959,0.06703999999999993,0.12639999999999973,4334.0,0.0367785462488075,0.013500476448184529
3.043717487908961,-0.0025326418791808,12.658108002877777,0.0004,0.001,4335.0,0.0367785462488075,0.013500476448186305
3.0512335217915743,-0.0024880753401327438,12.653020337368337,0.0004125,0.001,4336.0,0.00751603388261346,-0.0050876655094391765
3.058749555674188,-0.002443508801084688,12.6479326718589,0.00042500000000000003,0.001,4337.0,0.007516033882613904,-0.0050876655094374
3.0662655895568016,-0.0023989422620366314,12.64284500634946,0.0004375,0.001,4338.0,0.00751603388261346,-0.0050876655094391765
3.073781623439415,-0.002354375722988575,12.637757340840022,0.00045,0.001,4339.0,0.00751603388261346,-0.0050876655094391765
3.081297657322029,-0.002309809183940519,12.632669675330584,0.0004625,0.001,4340.0,0.007516033882613904,-0.0050876655094374
3.0888136912046424,-0.0022652426448924626,12.627582009821145,0.000475,0.001,4341.0,0.00751603388261346,-0.0050876655094391765
3.096329725087256,-0.002220676105844406,12.622494344311708,0.0004875,0.001,4342.0,0.00751603388261346,-0.0050876655094374
3.10384575896987,-0.00217610956679635,12.617406678802269,0.0005,0.001,4343.0,0.007516033882613904,-0.0050876655094391765
3.1113617928524833,-0.0021315430277482937,12.61231901329283,0.0005124999999999999,0.001,4344.0,0.00751603388261346,-0.0050876655094391765
3.1188778267350967,-0.0020869764887002373,12.607231347783392,0.000525,0.001,4345.0,0.00751603388261346,-0.0050876655094374
3.12639386061771,-0.0020424099496521813,12.602143682273953,0.0005375,0.001,4346.0,0.00751603388261346,-0.0050876655094391765
3.133909894500324,-0.001997843410604125,12.597056016764515,0.0005499999999999999,0.001,4347.0,0.007516033882613904,-0.0050876655094374
3.1414259283829375,-0.0019532768715560685,12.591968351255076,0.0005625,0.001,4348.0,0.00751603388261346,-0.0050876655094391765
3.148941962265551,-0.0019087103325080125,12.586880685745637,0.000575,0.001,4349.0,0.00751603388261346,-0.0050876655094391765
3.156457996148165,-0.0018641437934599561,12.5817930202362,0.0005874999999999999,0.001,4350.0,0.007516033882613904,-0.0050876655094374
3.1639740300307784,-0.0018195772544119,12.57670535472676,0.0006,0.001,4351.0,0.00751603388261346,-0.0050876655094391765
3.1682152125908716,-0.0018327033390581665,12.57227698071177,0.0006,0.001,4352.0,0.004241182560093204,-0.0044283740149904105
3.1724563951509643,-0.0018458294237044333,12.56784860669678,0.0006,0.001,4353.0,0.00424118256009276,-0.0044283740149904105
3.1766975777110575,-0.0018589555083506999,12.56342023268179,0.0006,0.001,4354.0,0.004241182560093204,-0.0044283740149904105
3.1809387602711503,-0.0018720815929969667,12.558991858666799,0.0006,0.001,4355.0,0.00424118256009276,-0.0044283740149904105
3.1851799428312435,-0.0018852076776432333,12.554563484651808,0.0006,0.001,4356.0,0.004241182560093204,-0.0044283740149904105
3.1894211253913367,-0.0018983337622895,12.550135110636818,0.0006,0.001,4357.0,0.004241182560093204,-0.0044283740149904105
3.1936623079514295,-0.0019114598469357666,12.545706736621828,0.0006,0.001,4358.0,0.00424118256009276,-0.0044283740149904105
3.1979034905115227,-0.0019245859315820334,12.541278362606835,0.0006,0.001,4359.0,0.004241182560093204,-0.004428374014992187
3.2021446730716154,-0.0019377120162283,12.536849988591845,0.0006,0.001,4360.0,0.00424118256009276,-0.0044283740149904105
3.2063858556317086,-0.0019508381008745668,12.532421614576855,0.0006,0.001,4361.0,0.004241182560093204,-0.0044283740149904105
3.210627038191802,-0.0019639641855208334,12.527993240561864,0.0006,0.001,4362.0,0.004241182560093204,-0.0044283740149904105
3.2148682207518946,-0.0019770902701671,12.523564866546874,0.0006,0.001,4363.0,0.00424118256009276,-0.0044283740149904105
3.219109403311988,-0.001990216354813367,12.519136492531883,0.0006,0.001,4364.0,0.004241182560093204,-0.0044283740149904105
3.2233505858720806,-0.0020033424394596336,12.514708118516893,0.0006,0.001,4365.0,0.00424118256009276,-0.0044283740149904105
3.2275917684321738,-0.0020164685241059,12.510279744501902,0.0006,0.001,4366.0,0.004241182560093204,-0.0044283740149904105
3.2307039414444687,-0.002095165489815447,12.50075963744168,0.0005866666666666667,0.0009333333333333333,4367.0,0.0031121730122949387,-0.009520107060222216
3.2338161144567636,-0.0021738624555249935,12.49123953038146,0.0005733333333333332,0.0008666666666666666,4368.0,0.0031121730122949387,-0.00952010706022044
3.2369282874690586,-0.00225255942123454,12.481719423321238,0.00056,0.0008,4369.0,0.0031121730122949387,-0.009520107060222216
3.240040460481354,-0.002331256386944087,12.472199316261015,0.0005466666666666667,0.0007333333333333333,4370.0,0.003112173012295383,-0.009520107060222216
3.243152633493649,-0.0024099533526536336,12.462679209200793,0.0005333333333333334,0.0006666666666666666,4371.0,0.0031121730122949387,-0.009520107060222216
3.246264806505944,-0.0024886503183631802,12.453159102140573,0.00052,0.0006000000000000001,4372.0,0.0031121730122949387,-0.00952010706022044
3.249376979518239,-0.002567347284072727,12.44363899508035,0.0005066666666666667,0.0005333333333333334,4373.0,0.0031121730122949387,-0.009520107060222216
3.2524891525305337,-0.002646044249782273,12.434118888020128,0.0004933333333333334,0.00046666666666666666,4374.0,0.0031121730122949387,-0.009520107060222216
3.2556013255428287,-0.00272474121549182,12.424598780959906,0.00048,0.00039999999999999996,4375.0,0.0031121730122949387,-0.009520107060222216
3.2587134985551236,-0.0028034381812013665,12.415078673899686,0.00046666666666666666,0.0003333333333333333,4376.0,0.0031121730122949387,-0.00952010706022044
3.2618256715674185,-0.002882135146910913,12.405558566839463,0.0004533333333333333,0.0002666666666666667,4377.0,0.0031121730122949387,-0.009520107060222216
3.264937844579714,-0.00296083211262046,12.396038459779241,0.00044,0.00019999999999999998,4378.0,0.003112173012295383,-0.009520107060222216
3.268050017592009,-0.0030395290783300066,12.386518352719019,0.00042666666666666667,0.0001333333333333333,4379.0,0.0031121730122949387,-0.009520107060222216
3.271162190604304,-0.0031182260440395532,12.376998245658799,0.00041333333333333337,6.666666666666664e-05,4380.0,0.0031121730122949387,-0.00952010706022044
3.2742743636165987,-0.0031969230097491,12.367478138598576,0.0004,0.0,4381.0,0.0031121730122949387,-0.009520107060222216
3.2767578941371514,-0.0031424756388297734,12.359977766187129,0.00041333333333333337,6.666666666666667e-05,4382.0,0.0024835305205526126,-0.007500372411447742
3.279241424657704,-0.0030880282679104465,12.352477393775679,0.00042666666666666667,0.00013333333333333334,4383.0,0.0024835305205526126,-0.0075003724114495185
3.281724955178257,-0.00303358089699112,12.344977021364231,0.00044,0.0002,4384.0,0.0024835305205530567,-0.007500372411447742
3.2842084856988096,-0.0029791335260717935,12.337476648952782,0.0004533333333333333,0.0002666666666666667,4385.0,0.0024835305205526126,-0.0075003724114495185
3.2866920162193622,-0.0029246861551524665,12.329976276541334,0.00046666666666666666,0.0003333333333333334,4386.0,0.0024835305205526126,-0.007500372411447742
3.289175546739915,-0.00287023878423314,12.322475904129886,0.00048,0.0004,4387.0,0.0024835305205526126,-0.007500372411447742
3.2916590772604675,-0.0028157914133138135,12.314975531718437,0.0004933333333333334,0.00046666666666666666,4388.0,0.0024835305205526126,-0.0075003724114495185
3.2941426077810205,-0.0027613440423944866,12.307475159306989,0.0005066666666666667,0.0005333333333333334,4389.0,0.0024835305205530567,-0.007500372411447742
3.296626138301573,-0.00270689667147516,12.29997478689554,0.00052,0.0006000000000000001,4390.0,0.0024835305205526126,-0.0075003724114495185
3.2991096688221258,-0.0026524493005558336,12.292474414484092,0.0005333333333333333,0.0006666666666666668,4391.0,0.0024835305205526126,-0.007500372411447742
3.3015931993426784,-0.0025980019296365066,12.284974042072644,0.0005466666666666667,0.0007333333333333333,4392.0,0.0024835305205526126,-0.007500372411447742
3.304076729863231,-0.00254355455871718,12.277473669661195,0.00056,0.0008,4393.0,0.0024835305205526126,-0.0075003724114495185
3.306560260383784,-0.0024891071877978536,12.269973297249747,0.0005733333333333332,0.0008666666666666667,4394.0,0.0024835305205530567,-0.007500372411447742
3.3090437909043366,-0.0024346598168785267,12.262472924838297,0.0005866666666666667,0.0009333333333333333,4395.0,0.0024835305205526126,-0.0075003724114495185
3.3115273214248893,-0.0023802124459592,12.25497255242685,0.0006,0.001,4396.0,0.0024835305205526126,-0.007500372411447742
3.313571455515588,-0.0023728636570254733,12.251250705059926,0.0005866666666666667,0.0009333333333333333,4397.0,0.0020441340906987016,-0.003721847366923825
3.315615589606287,-0.002365514868091747,12.247528857693004,0.0005733333333333332,0.0008666666666666666,4398.0,0.0020441340906991456,-0.0037218473669220486
3.317659723696986,-0.00235816607915802,12.24380701032608,0.00056,0.0008,4399.0,0.0020441340906987016,-0.003721847366923825
3.3197038577876845,-0.0023508172902242937,12.240085162959156,0.0005466666666666667,0.0007333333333333333,4400.0,0.0020441340906987016,-0.003721847366923825
3.3217479918783837,-0.002343468501290567,12.236363315592232,0.0005333333333333334,0.0006666666666666666,4401.0,0.0020441340906991456,-0.003721847366923825
3.3237921259690824,-0.00233611971235684,12.23264146822531,0.00052,0.0006000000000000001,4402.0,0.0020441340906987016,-0.0037218473669220486
3.325836260059781,-0.0023287709234231136,12.228919620858386,0.0005066666666666667,0.0005333333333333334,4403.0,0.0020441340906987016,-0.003721847366923825
3.32788039415048,-0.0023214221344893867,12.225197773491463,0.0004933333333333334,0.00046666666666666666,4404.0,0.0020441340906991456,-0.003721847366923825
3.329924528241179,-0.0023140733455556603,12.221475926124539,0.00048,0.00039999999999999996,4405.0,0.0020441340906987016,-0.003721847366923825
3.3319686623318776,-0.0023067245566219335,12.217754078757617,0.00046666666666666666,0.0003333333333333333,4406.0,0.0020441340906987016,-0.0037218473669220486
3.3340127964225768,-0.0022993757676882066,12.214032231390693,0.0004533333333333333,0.0002666666666666667,4407.0,0.0020441340906991456,-0.003721847366923825
3.3360569305132755,-0.00229202697875448,12.210310384023769,0.00044,0.00019999999999999998,4408.0,0.0020441340906987016,-0.003721847366923825
3.338101064603974,-0.0022846781898207534,12.206588536656845,0.00042666666666666667,0.0001333333333333333,4409.0,0.0020441340906987016,-0.003721847366923825
3.3401451986946733,-0.002277329400887027,12.202866689289923,0.00041333333333333337,6.666666666666664e-05,4410.0,0.0020441340906991456,-0.0037218473669220486
3.342189332785372,-0.0022699806119533,12.199144841923,0.0004,0.0,4411.0,0.0020441340906987016,-0.003721847366923825
3.343932657316568,-0.0022271073923431,12.18717826037331,0.0004,6.666666666666667e-05,4412.0,0.0017433245311959666,-0.011966581549689437
3.3456759818477644,-0.0021842341727329,12.175211678823622,0.0004,0.00013333333333333334,4413.0,0.0017433245311964107,-0.01196658154968766
3.3474193063789603,-0.0021413609531227003,12.163245097273933,0.0004,0.0002,4414.0,0.0017433245311959666,-0.011966581549689437
3.3491626309101568,-0.0020984877335125,12.151278515724245,0.0004,0.0002666666666666667,4415.0,0.0017433245311964107,-0.01196658154968766
3.3509059554413527,-0.0020556145139023,12.139311934174556,0.0004,0.0003333333333333334,4416.0,0.0017433245311959666,-0.011966581549689437
3.352649279972549,-0.0020127412942921,12.127345352624866,0.0004,0.0004,4417.0,0.0017433245311964107,-0.011966581549689437
3.354392604503745,-0.0019698680746819,12.115378771075179,0.0004,0.00046666666666666666,4418.0,0.0017433245311959666,-0.01196658154968766
3.3561359290349415,-0.0019269948550717,12.10341218952549,0.0004,0.0005333333333333334,4419.0,0.0017433245311964107,-0.011966581549689437
3.3578792535661375,-0.0018841216354615,12.091445607975801,0.0004,0.0006000000000000001,4420.0,0.0017433245311959666,-0.01196658154968766
3.359622578097334,-0.0018412484158513,12.079479026426112,0.0004,0.0006666666666666668,4421.0,0.0017433245311964107,-0.011966581549689437
3.36136590262853,-0.0017983751962411,12.067512444876423,0.0004,0.0007333333333333333,4422.0,0.0017433245311959666,-0.011966581549689437
3.3631092271597263,-0.0017555019766309,12.055545863326735,0.0004,0.0008,4423.0,0.0017433245311964107,-0.01196658154968766
3.3648525516909222,-0.0017126287570207,12.043579281777046,0.0004,0.0008666666666666667,4424.0,0.0017433245311959666,-0.011966581549689437
3.3665958762221186,-0.0016697555374105,12.031612700227358,0.0004,0.0009333333333333333,4425.0,0.0017433245311964107,-0.01196658154968766
3.3683392007533146,-0.0016268823178003,12.019646118677668,0.0004,0.001,4426.0,0.0017433245311959666,-0.011966581549689437
3.369867041722249,-0.0016605319857362735,12.009396687516276,0.0004,0.0009333333333333333,4427.0,0.0015278409689343242,-0.010249431161392764
3.3713948826911837,-0.0016941816536722467,11.999147256354881,0.0004,0.0008666666666666666,4428.0,0.0015278409689347683,-0.01024943116139454
3.372922723660118,-0.00172783132160822,11.988897825193488,0.0004,0.0008,4429.0,0.0015278409689343242,-0.010249431161392764
3.3744505646290524,-0.0017614809895441933,11.978648394032094,0.0004,0.0007333333333333333,4430.0,0.0015278409689343242,-0.01024943116139454
3.3759784055979867,-0.0017951306574801667,11.968398962870701,0.0004,0.0006666666666666666,4431.0,0.0015278409689343242,-0.010249431161392764
3.3775062465669214,-0.00182878032541614,11.958149531709307,0.0004,0.0006000000000000001,4432.0,0.0015278409689347683,-0.01024943116139454
3.3790340875358558,-0.0018624299933521133,11.947900100547914,0.0004,0.0005333333333333334,4433.0,0.0015278409689343242,-0.010249431161392764
3.38056192850479,-0.0018960796612880865,11.93765066938652,0.0004,0.00046666666666666666,4434.0,0.0015278409689343242,-0.01024943116139454
3.3820897694737244,-0.00192972932922406,11.927401238225126,0.0004,0.00039999999999999996,4435.0,0.0015278409689343242,-0.010249431161392764
3.383617610442659,-0.0019633789971600334,11.917151807063732,0.0004,0.0003333333333333333,4436.0,0.0015278409689347683,-0.01024943116139454
3.3851454514115935,-0.0019970286650960066,11.90690237590234,0.0004,0.0002666666666666667,4437.0,0.0015278409689343242,-0.010249431161392764
3.386673292380528,-0.0020306783330319798,11.896652944740945,0.0004,0.00019999999999999998,4438.0,0.0015278409689343242,-0.01024943116139454
3.388201133349462,-0.002064328000967953,11.886403513579552,0.0004,0.0001333333333333333,4439.0,0.0015278409689343242,-0.010249431161392764
3.389728974318397,-0.0020979776689039266,11.876154082418157,0.0004,6.666666666666664e-05,4440.0,0.0015278409689347683,-0.01024943116139454
3.3912568152873312,-0.0021316273368399,11.865904651256765,0.0004,0.0,4441.0,0.0015278409689343242,-0.010249431161392764
3.392568151641207,-0.0020757294335160864,11.859167826159824,0.0004,0.0,4442.0,0.0013113363538757028,-0.00673682509694018
3.3938794879950827,-0.002019831530192273,11.852431001062884,0.0004,0.0,4443.0,0.0013113363538757028,-0.00673682509694018
3.395190824348959,-0.0019639336268684597,11.845694175965944,0.0004,0.0,4444.0,0.0013113363538761469,-0.00673682509694018
3.3965021607028345,-0.0019080357235446465,11.838957350869004,0.0004,0.0,4445.0,0.0013113363538757028,-0.00673682509694018
3.39781349705671,-0.001852137820220833,11.832220525772064,0.0004,0.0,4446.0,0.0013113363538757028,-0.00673682509694018
3.399124833410586,-0.00179623991689702,11.825483700675123,0.0004,0.0,4447.0,0.0013113363538757028,-0.00673682509694018
3.4004361697644616,-0.0017403420135732066,11.818746875578183,0.0004,0.0,4448.0,0.0013113363538757028,-0.00673682509694018
3.4017475061183378,-0.0016844441102493932,11.812010050481241,0.0004,0.0,4449.0,0.0013113363538761469,-0.006736825096941956
3.4030588424722135,-0.00162854620692558,11.805273225384301,0.0004,0.0,4450.0,0.0013113363538757028,-0.00673682509694018
3.404370178826089,-0.0015726483036017666,11.798536400287361,0.0004,0.0,4451.0,0.0013113363538757028,-0.00673682509694018
3.405681515179965,-0.0015167504002779532,11.79179957519042,0.0004,0.0,4452.0,0.0013113363538757028,-0.00673682509694018
3.4069928515338406,-0.0014608524969541398,11.78506275009348,0.0004,0.0,4453.0,0.0013113363538757028,-0.00673682509694018
3.4083041878877167,-0.0014049545936303267,11.77832592499654,0.0004,0.0,4454.0,0.0013113363538761469,-0.00673682509694018
3.4096155242415924,-0.0013490566903065133,11.7715890998996,0.0004,0.0,4455.0,0.0013113363538757028,-0.00673682509694018
3.410926860595468,-0.0012931587869827,11.76485227480266,0.0004,0.0,4456.0,0.0013113363538757028,-0.00673682509694018
3.4120353585354892,-0.0012580802644820875,11.75423353902583,0.0004,0.0,4457.0,0.0011084979400211026,-0.01061873577683059
3.41314385647551,-0.001223001741981475,11.743614803248997,0.0004,0.0,4458.0,0.0011084979400206585,-0.010618735776832366
3.414252354415531,-0.0011879232194808623,11.732996067472165,0.0004,0.0,4459.0,0.0011084979400211026,-0.010618735776832366
3.4153608523555516,-0.0011528446969802499,11.722377331695334,0.0004,0.0,4460.0,0.0011084979400206585,-0.01061873577683059
3.4164693502955727,-0.0011177661744796374,11.711758595918504,0.0004,0.0,4461.0,0.0011084979400211026,-0.01061873577683059
3.4175778482355934,-0.001082687651979025,11.701139860141671,0.0004,0.0,4462.0,0.0011084979400206585,-0.010618735776832366
3.4186863461756145,-0.0010476091294784125,11.690521124364839,0.0004,0.0,4463.0,0.0011084979400211026,-0.010618735776832366
3.4197948441156356,-0.0010125306069777998,11.679902388588008,0.0004,0.0,4464.0,0.0011084979400211026,-0.01061873577683059
3.4209033420556563,-0.0009774520844771874,11.669283652811178,0.0004,0.0,4465.0,0.0011084979400206585,-0.01061873577683059
3.4220118399956774,-0.0009423735619765749,11.658664917034345,0.0004,0.0,4466.0,0.0011084979400211026,-0.010618735776832366
3.423120337935698,-0.0009072950394759624,11.648046181257513,0.0004,0.0,4467.0,0.0011084979400206585,-0.010618735776832366
3.424228835875719,-0.00087221651697535,11.637427445480682,0.0004,0.0,4468.0,0.0011084979400211026,-0.01061873577683059
3.42533733381574,-0.0008371379944747374,11.626808709703852,0.0004,0.0,4469.0,0.0011084979400206585,-0.01061873577683059
3.426445831755761,-0.000802059471974125,11.61618997392702,0.0004,0.0,4470.0,0.0011084979400211026,-0.010618735776832366
3.4275543296957816,-0.0007669809494735124,11.605571238150187,0.0004,0.0,4471.0,0.0011084979400206585,-0.010618735776832366
3.4286628276358027,-0.0007319024269729,11.594952502373356,0.0004,0.0,4472.0,0.0011084979400211026,-0.01061873577683059
3.429710742819091,-0.00078688182059312,11.587696418175952,0.0004,0.0,4473.0,0.0010479151832885059,-0.007256084197404533
3.4307586580023792,-0.00084186121421334,11.580440333978547,0.0004,0.0,4474.0,0.0010479151832880618,-0.007256084197404533
3.4318065731856677,-0.0008968406078335599,11.573184249781143,0.0004,0.0,4475.0,0.0010479151832885059,-0.007256084197404533
3.432854488368956,-0.0009518200014537799,11.565928165583738,0.0004,0.0,4476.0,0.0010479151832880618,-0.007256084197404533
3.4339024035522443,-0.001006799395074,11.558672081386334,0.0004,0.0,4477.0,0.0010479151832885059,-0.007256084197404533
3.434950318735533,-0.00106177878869422,11.55141599718893,0.0004,0.0,4478.0,0.0010479151832885059,-0.007256084197404533
3.435998233918821,-0.00111675818231444,11.544159912991525,0.0004,0.0,4479.0,0.0010479151832880618,-0.007256084197404533
3.4370461491021094,-0.00117173757593466,11.53690382879412,0.0004,0.0,4480.0,0.0010479151832885059,-0.007256084197404533
3.4380940642853974,-0.00122671696955488,11.529647744596716,0.0004,0.0,4481.0,0.0010479151832880618,-0.007256084197404533
3.439141979468686,-0.0012816963631751,11.522391660399311,0.0004,0.0,4482.0,0.0010479151832885059,-0.007256084197404533
3.4401898946519744,-0.00133667575679532,11.515135576201907,0.0004,0.0,4483.0,0.0010479151832885059,-0.007256084197404533
3.4412378098352625,-0.00139165515041554,11.507879492004502,0.0004,0.0,4484.0,0.0010479151832880618,-0.007256084197404533
3.442285725018551,-0.00144663454403576,11.500623407807097,0.0004,0.0,4485.0,0.0010479151832885059,-0.007256084197404533
3.443333640201839,-0.00150161393765598,11.493367323609693,0.0004,0.0,4486.0,0.0010479151832880618,-0.007256084197404533
3.4443815553851276,-0.0015565933312762,11.486111239412288,0.0004,0.0,4487.0,0.0010479151832885059,-0.007256084197404533
