Voltage_measured,Current_measured,Temperature_measured,Current_load,Voltage_load,Time_uniform,dV_dt,dT_dt
4.1890449974281685,-0.0006942076917391,6.100783748755052,0.0004,0.0,0.0,,
4.18899065233056,-0.0007684319235165889,6.103800982673132,0.0004,0.4671111111111111,1.0,-5.434509760871009e-05,0.0030172339180802865
4.18893630723295,-0.0008426561552940777,6.106818216591213,0.0004,0.9342222222222222,2.0,-5.434509760959827e-05,0.0030172339180811747
4.1888819621353415,-0.0009168803870715667,6.109835450509293,0.0004,1.4013333333333333,3.0,-5.434509760871009e-05,0.0030172339180802865
4.188827617037733,-0.0009911046188490556,6.112852684427374,0.0004,1.8684444444444444,4.0,-5.434509760871009e-05,0.0030172339180802865
4.188773271940123,-0.0010653288506265444,6.115869918345455,0.0004,2.3355555555555556,5.0,-5.434509760959827e-05,0.0030172339180811747
4.1887189268425145,-0.0011395530824040334,6.118887152263535,0.0004,2.8026666666666666,6.0,-5.434509760871009e-05,0.0030172339180802865
4.188664581744906,-0.0012137773141815222,6.121904386181615,0.0004,3.2697777777777777,7.0,-5.434509760871009e-05,0.0030172339180802865
4.188610236647296,-0.001288001545959011,6.1249216200996965,0.0004,3.7368888888888887,8.0,-5.434509760959827e-05,0.0030172339180811747
4.188555891549687,-0.0013622257777365,6.127938854017777,0.0004,4.204,9.0,-5.434509760871009e-05,0.0030172339180802865
4.173085162640128,-0.06822940387555561,6.130469271104883,0.06690666666666667,4.155133333333333,10.0,-0.015470728909559028,0.002530417087106329
4.157614433730569,-0.13509658197337474,6.1329996881919895,0.13341333333333336,4.1062666666666665,11.0,-0.015470728909559028,0.002530417087106329
4.142143704821011,-0.20196376007119385,6.135530105279095,0.19992000000000001,4.0573999999999995,12.0,-0.01547072890955814,0.002530417087105441
4.126672975911452,-0.26883093816901293,6.138060522366201,0.2664266666666667,4.008533333333333,13.0,-0.015470728909559028,0.002530417087106329
4.111202247001893,-0.33569811626683205,6.140590939453308,0.33293333333333336,3.9596666666666667,14.0,-0.015470728909559028,0.002530417087106329
4.095731518092334,-0.40256529436465116,6.143121356540414,0.39944,3.9108,15.0,-0.015470728909559028,0.002530417087106329
4.080260789182775,-0.4694324724624703,6.14565177362752,0.46594666666666673,3.8619333333333334,16.0,-0.015470728909559028,0.002530417087106329
4.064790060273217,-0.5362996505602894,6.148182190714626,0.5324533333333333,3.813066666666667,17.0,-0.01547072890955814,0.002530417087105441
4.049319331363658,-0.6031668286581086,6.150712607801732,0.59896,3.7641999999999998,18.0,-0.015470728909559028,0.002530417087106329
4.033848602454099,-0.6700340067559276,6.153243024888838,0.6654666666666668,3.715333333333333,19.0,-0.015470728909559028,0.002530417087106329
4.01837787354454,-0.7369011848537468,6.155773441975945,0.7319733333333334,3.6664666666666665,20.0,-0.015470728909559028,0.002530417087106329
4.002907144634981,-0.8037683629515658,6.158303859063051,0.7984800000000001,3.6176,21.0,-0.015470728909559028,0.002530417087106329
3.9874364157254223,-0.870635541049385,6.160834276150156,0.8649866666666668,3.5687333333333333,22.0,-0.015470728909558584,0.002530417087105441
3.9719656868158637,-0.9375027191472041,6.163364693237263,0.9314933333333334,3.5198666666666667,23.0,-0.015470728909558584,0.002530417087106329
3.9564949579063047,-1.0043698972450232,6.165895110324369,0.998,3.471,24.0,-0.015470728909559028,0.002530417087106329
3.954279812483583,-1.0044549981469564,6.17152455088916,0.998,3.468571428571429,25.0,-0.0022151454227214984,0.005629440564790755
3.9520646670608617,-1.0045400990488895,6.17715399145395,0.998,3.466142857142857,26.0,-0.0022151454227214984,0.005629440564789867
3.94984952163814,-1.0046251999508224,6.1827834320187405,0.998,3.4637142857142855,27.0,-0.0022151454227214984,0.005629440564790755
3.9476343762154187,-1.0047103008527556,6.188412872583531,0.998,3.4612857142857143,28.0,-0.0022151454227214984,0.005629440564790755
3.945419230792697,-1.0047954017546887,6.194042313148322,0.998,3.458857142857143,29.0,-0.0022151454227214984,0.005629440564790755
3.9432040853699757,-1.0048805026566219,6.199671753713112,0.998,3.4564285714285714,30.0,-0.0022151454227214984,0.005629440564789867
3.940988939947254,-1.0049656035585548,6.205301194277903,0.998,3.4539999999999997,31.0,-0.0022151454227214984,0.005629440564790755
3.938773794524533,-1.005050704460488,6.210930634842693,0.998,3.4515714285714285,32.0,-0.0022151454227210543,0.005629440564790755
3.9365586491018116,-1.005135805362421,6.216560075407483,0.998,3.4491428571428573,33.0,-0.0022151454227214984,0.005629440564789867
3.93434350367909,-1.0052209062643542,6.222189515972274,0.998,3.4467142857142856,34.0,-0.0022151454227214984,0.005629440564790755
3.9321283582563686,-1.0053060071662874,6.227818956537065,0.998,3.444285714285714,35.0,-0.0022151454227214984,0.005629440564790755
3.929913212833647,-1.0053911080682203,6.2334483971018555,0.998,3.4418571428571427,36.0,-0.0022151454227214984,0.005629440564790755
3.9276980674109256,-1.0054762089701534,6.239077837666645,0.998,3.4394285714285715,37.0,-0.0022151454227214984,0.005629440564789867
3.925482921988204,-1.0055613098720866,6.244707278231436,0.998,3.437,38.0,-0.0022151454227214984,0.005629440564790755
3.923659313989683,-1.005636527193947,6.250291025026664,0.998,3.435,39.0,-0.001823607998521215,0.005583746795227995
3.9218357059911617,-1.0057117445158072,6.255874771821892,0.998,3.433,40.0,-0.001823607998521215,0.005583746795227995
3.92001209799264,-1.0057869618376676,6.26145851861712,0.998,3.431,41.0,-0.0018236079985216591,0.005583746795227995
3.918188489994119,-1.0058621791595277,6.267042265412348,0.998,3.429,42.0,-0.001823607998521215,0.005583746795227995
3.9163648819955976,-1.005937396481388,6.272626012207576,0.998,3.427,43.0,-0.001823607998521215,0.005583746795227995
3.9145412739970764,-1.0060126138032484,6.278209759002804,0.998,3.425,44.0,-0.001823607998521215,0.005583746795227995
3.9127176659985548,-1.0060878311251087,6.283793505798032,0.998,3.423,45.0,-0.0018236079985216591,0.005583746795227995
3.9108940580000335,-1.006163048446969,6.28937725259326,0.998,3.421,46.0,-0.001823607998521215,0.005583746795227995
3.9090704500015123,-1.0062382657688294,6.294960999388488,0.998,3.419,47.0,-0.001823607998521215,0.005583746795227995
3.907246842002991,-1.0063134830906895,6.300544746183716,0.998,3.417,48.0,-0.001823607998521215,0.005583746795227995
3.9054232340044694,-1.0063887004125498,6.306128492978944,0.998,3.415,49.0,-0.0018236079985216591,0.005583746795227995
3.9035996260059482,-1.0064639177344101,6.311712239774172,0.998,3.413,50.0,-0.001823607998521215,0.005583746795227995
3.901776018007427,-1.0065391350562705,6.3172959865694,0.998,3.411,51.0,-0.001823607998521215,0.005583746795227995
3.9003705991956727,-1.0063816831010488,6.323906947237156,0.9979857142857143,3.4092857142857143,52.0,-0.0014054188117542665,0.006610960667756238
3.898965180383919,-1.0062242311458274,6.3305179079049125,0.9979714285714286,3.4075714285714285,53.0,-0.0014054188117538224,0.006610960667756238
3.8975597615721647,-1.0060667791906057,6.337128868572669,0.9979571428571429,3.4058571428571427,54.0,-0.0014054188117542665,0.006610960667756238
3.896154342760411,-1.005909327235384,6.343739829240425,0.9979428571428571,3.4041428571428574,55.0,-0.0014054188117538224,0.006610960667756238
3.8947489239486566,-1.0057518752801626,6.350350789908181,0.9979285714285714,3.4024285714285716,56.0,-0.0014054188117542665,0.006610960667756238
3.8933435051369027,-1.005594423324941,6.3569617505759375,0.9979142857142858,3.400714285714286,57.0,-0.0014054188117538224,0.006610960667756238
3.8919380863251485,-1.0054369713697195,6.363572711243694,0.9979,3.399,58.0,-0.0014054188117542665,0.006610960667756238
3.890532667513394,-1.005279519414498,6.37018367191145,0.9978857142857143,3.3972857142857142,59.0,-0.0014054188117542665,0.006610960667756238
3.8891272487016404,-1.0051220674592762,6.376794632579206,0.9978714285714286,3.3955714285714285,60.0,-0.0014054188117538224,0.006610960667756238
3.887721829889886,-1.0049646155040548,6.383405593246962,0.9978571428571429,3.3938571428571427,61.0,-0.0014054188117542665,0.006610960667756238
3.8863164110781323,-1.0048071635488331,6.390016553914719,0.9978428571428571,3.3921428571428573,62.0,-0.0014054188117538224,0.006610960667756238
3.884910992266378,-1.0046497115936115,6.396627514582475,0.9978285714285714,3.3904285714285716,63.0,-0.0014054188117542665,0.006610960667756238
3.883505573454624,-1.00449225963839,6.403238475250231,0.9978142857142858,3.388714285714286,64.0,-0.0014054188117538224,0.006610960667756238
3.88210015464287,-1.0043348076831684,6.409849435917987,0.9978,3.387,65.0,-0.0014054188117542665,0.006610960667756238
3.8808576802663453,-1.0044869298557006,6.4156382350446375,0.9978142857142858,3.3857857142857144,66.0,-0.0012424743765246937,0.0057887991266500904
3.87961520588982,-1.0046390520282327,6.421427034171288,0.9978285714285714,3.384571428571429,67.0,-0.0012424743765251378,0.0057887991266500904
3.878372731513295,-1.004791174200765,6.427215833297937,0.9978428571428571,3.3833571428571427,68.0,-0.0012424743765251378,0.005788799126649202
3.8771302571367703,-1.004943296373297,6.433004632424587,0.9978571428571429,3.382142857142857,69.0,-0.0012424743765246937,0.0057887991266500904
3.8758877827602456,-1.0050954185458292,6.438793431551237,0.9978714285714286,3.3809285714285715,70.0,-0.0012424743765246937,0.0057887991266500904
3.8746453083837205,-1.0052475407183612,6.444582230677887,0.9978857142857143,3.379714285714286,71.0,-0.0012424743765251378,0.0057887991266500904
3.8734028340071953,-1.0053996628908934,6.450371029804537,0.9979,3.3785,72.0,-0.0012424743765251378,0.0057887991266500904
3.8721603596306706,-1.0055517850634257,6.456159828931186,0.9979142857142858,3.3772857142857142,73.0,-0.0012424743765246937,0.005788799126649202
3.870917885254146,-1.0057039072359577,6.461948628057836,0.9979285714285714,3.3760714285714286,74.0,-0.0012424743765246937,0.0057887991266500904
3.869675410877621,-1.00585602940849,6.4677374271844865,0.9979428571428571,3.374857142857143,75.0,-0.0012424743765251378,0.0057887991266500904
3.8684329365010957,-1.006008151581022,6.473526226311137,0.9979571428571429,3.3736428571428574,76.0,-0.0012424743765251378,0.0057887991266500904
3.867190462124571,-1.0061602737535542,6.479315025437786,0.9979714285714286,3.3724285714285713,77.0,-0.0012424743765246937,0.005788799126649202
3.8659479877480463,-1.0063123959260862,6.485103824564436,0.9979857142857143,3.3712142857142857,78.0,-0.0012424743765246937,0.0057887991266500904
3.864705513371521,-1.0064645180986185,6.490892623691086,0.998,3.37,79.0,-0.0012424743765251378,0.0057887991266500904
3.8635764398218218,-1.0065723644599793,6.4963839205475375,0.998,3.3689285714285715,80.0,-0.0011290735496993776,0.005491296856451555
3.8624473662721224,-1.0066802108213402,6.501875217403989,0.998,3.367857142857143,81.0,-0.0011290735496993776,0.005491296856451555
3.861318292722423,-1.006788057182701,6.50736651426044,0.998,3.3667857142857143,82.0,-0.0011290735496993776,0.005491296856450667
3.8601892191727236,-1.0068959035440617,6.512857811116891,0.998,3.3657142857142857,83.0,-0.0011290735496993776,0.005491296856451555
3.8590601456230242,-1.0070037499054225,6.518349107973343,0.998,3.364642857142857,84.0,-0.0011290735496993776,0.005491296856451555
3.857931072073325,-1.0071115962667834,6.523840404829794,0.998,3.3635714285714284,85.0,-0.0011290735496993776,0.005491296856451555
3.8568019985236255,-1.0072194426281442,6.529331701686246,0.998,3.3625,86.0,-0.0011290735496993776,0.005491296856451555
3.8556729249739266,-1.007327288989505,6.534822998542697,0.998,3.3614285714285717,87.0,-0.0011290735496989335,0.005491296856450667
3.854543851424227,-1.007435135350866,6.540314295399148,0.998,3.360357142857143,88.0,-0.0011290735496993776,0.005491296856451555
3.853414777874528,-1.0075429817122268,6.5458055922556,0.998,3.3592857142857144,89.0,-0.0011290735496993776,0.005491296856451555
3.8522857043248284,-1.0076508280735874,6.551296889112051,0.998,3.358214285714286,90.0,-0.0011290735496993776,0.005491296856451555
3.851156630775129,-1.0077586744349483,6.556788185968502,0.998,3.357142857142857,91.0,-0.0011290735496993776,0.005491296856450667
3.8500275572254297,-1.0078665207963091,6.5622794828249535,0.998,3.3560714285714286,92.0,-0.0011290735496993776,0.005491296856451555
3.8488984836757303,-1.00797436715767,6.567770779681405,0.998,3.355,93.0,-0.0011290735496993776,0.005491296856451555
3.8478544444896965,-1.0078066063466373,6.575009957028677,0.998,3.354,94.0,-0.001044039186033796,0.0072391773472721965
3.8468104053036627,-1.0076388455356047,6.58224913437595,0.998,3.353,95.0,-0.001044039186033796,0.007239177347273085
3.845766366117629,-1.007471084724572,6.589488311723223,0.998,3.352,96.0,-0.001044039186033796,0.0072391773472721965
3.844722326931595,-1.0073033239135394,6.596727489070496,0.998,3.351,97.0,-0.001044039186033796,0.007239177347273085
3.8436782877455613,-1.0071355631025067,6.603966666417768,0.998,3.35,98.0,-0.001044039186033796,0.0072391773472721965
3.8426342485595275,-1.006967802291474,6.611205843765041,0.998,3.349,99.0,-0.001044039186033796,0.007239177347273085
3.8415902093734937,-1.0068000414804414,6.618445021112313,0.998,3.348,100.0,-0.001044039186033796,0.0072391773472721965
3.8405461701874604,-1.0066322806694086,6.625684198459585,0.998,3.347,101.0,-0.001044039186033352,0.0072391773472721965
3.8395021310014266,-1.006464519858376,6.632923375806858,0.998,3.346,102.0,-0.001044039186033796,0.007239177347273085
3.8384580918153928,-1.0062967590473433,6.640162553154131,0.998,3.345,103.0,-0.001044039186033796,0.0072391773472721965
3.837414052629359,-1.0061289982363106,6.647401730501404,0.998,3.3440000000000003,104.0,-0.001044039186033796,0.007239177347273085
3.836370013443325,-1.005961237425278,6.654640907848676,0.998,3.343,105.0,-0.001044039186033796,0.0072391773472721965
3.8353259742572914,-1.0057934766142453,6.661880085195949,0.998,3.342,106.0,-0.001044039186033796,0.007239177347273085
3.8342819350712576,-1.0056257158032127,6.669119262543221,0.998,3.341,107.0,-0.001044039186033796,0.0072391773472721965
3.833306757403135,-1.0056643561297154,6.675521349541119,0.998,3.340214285714286,108.0,-0.0009751776681223845,0.0064020869978982375
3.832331579735013,-1.0057029964562179,6.681923436539018,0.998,3.3394285714285714,109.0,-0.0009751776681223845,0.0064020869978982375
3.8313564020668904,-1.0057416367827205,6.688325523536917,0.998,3.3386428571428572,110.0,-0.0009751776681223845,0.006402086997899126
3.830381224398768,-1.005780277109223,6.694727610534815,0.998,3.337857142857143,111.0,-0.0009751776681223845,0.0064020869978982375
3.8294060467306457,-1.0058189174357257,6.701129697532713,0.998,3.337071428571429,112.0,-0.0009751776681223845,0.0064020869978982375
3.8284308690625233,-1.0058575577622282,6.7075317845306115,0.998,3.3362857142857143,113.0,-0.0009751776681223845,0.0064020869978982375
3.827455691394401,-1.0058961980887309,6.71393387152851,0.998,3.3355,114.0,-0.0009751776681223845,0.0064020869978982375
3.8264805137262785,-1.0059348384152336,6.720335958526409,0.998,3.334714285714286,115.0,-0.0009751776681223845,0.006402086997899126
3.825505336058156,-1.005973478741736,6.726738045524307,0.998,3.3339285714285714,116.0,-0.0009751776681223845,0.0064020869978982375
3.8245301583900337,-1.0060121190682387,6.733140132522205,0.998,3.333142857142857,117.0,-0.0009751776681223845,0.0064020869978982375
3.8235549807219114,-1.0060507593947412,6.739542219520104,0.998,3.332357142857143,118.0,-0.0009751776681223845,0.0064020869978982375
3.822579803053789,-1.006089399721244,6.745944306518003,0.998,3.331571428571429,119.0,-0.0009751776681223845,0.006402086997899126
3.8216046253856666,-1.0061280400477464,6.752346393515901,0.998,3.3307857142857142,120.0,-0.0009751776681223845,0.0064020869978982375
3.820629447717544,-1.006166680374249,6.758748480513799,0.998,3.33,121.0,-0.0009751776681223845,0.0064020869978982375
3.819689784299155,-1.006272158948958,6.764764693369746,0.998,3.329,122.0,-0.0009396634183893582,0.00601621285594689
3.818750120880766,-1.006377637523667,6.770780906225692,0.998,3.328,123.0,-0.0009396634183889141,0.0060162128559460015
3.8178104574623766,-1.006483116098376,6.776797119081639,0.998,3.327,124.0,-0.0009396634183893582,0.00601621285594689
3.816870794043987,-1.006588594673085,6.782813331937585,0.998,3.326,125.0,-0.0009396634183893582,0.0060162128559460015
3.815931130625598,-1.006694073247794,6.788829544793532,0.998,3.325,126.0,-0.0009396634183893582,0.00601621285594689
3.814991467207209,-1.006799551822503,6.794845757649478,0.998,3.324,127.0,-0.0009396634183889141,0.0060162128559460015
3.8140518037888196,-1.006905030397212,6.800861970505425,0.998,3.323,128.0,-0.0009396634183893582,0.00601621285594689
3.8131121403704302,-1.0070105089719208,6.806878183361372,0.998,3.322,129.0,-0.0009396634183893582,0.00601621285594689
3.8121724769520413,-1.0071159875466298,6.812894396217318,0.998,3.3209999999999997,130.0,-0.0009396634183889141,0.0060162128559460015
3.811232813533652,-1.0072214661213388,6.8189106090732645,0.998,3.32,131.0,-0.0009396634183893582,0.00601621285594689
3.8102931501152626,-1.0073269446960478,6.8249268219292105,0.998,3.319,132.0,-0.0009396634183893582,0.0060162128559460015
3.8093534866968732,-1.0074324232707568,6.830943034785157,0.998,3.318,133.0,-0.0009396634183893582,0.00601621285594689
3.8084138232784843,-1.0075379018454658,6.836959247641103,0.998,3.3169999999999997,134.0,-0.0009396634183889141,0.0060162128559460015
3.807474159860095,-1.0076433804201748,6.84297546049705,0.998,3.316,135.0,-0.0009396634183893582,0.00601621285594689
3.806622097394334,-1.0075811213495909,6.850125528434241,0.998,3.3152142857142857,136.0,-0.0008520624657610831,0.0071500679371903075
3.8057700349285732,-1.007518862279007,6.857275596371431,0.998,3.3144285714285715,137.0,-0.000852062465760639,0.0071500679371903075
3.804917972462812,-1.0074566032084231,6.864425664308621,0.998,3.313642857142857,138.0,-0.0008520624657610831,0.0071500679371903075
3.8040659099970515,-1.0073943441378392,6.8715757322458115,0.998,3.3128571428571427,139.0,-0.000852062465760639,0.0071500679371903075
3.8032138475312904,-1.0073320850672554,6.878725800183002,0.998,3.3120714285714286,140.0,-0.0008520624657610831,0.0071500679371903075
3.80236178506553,-1.0072698259966715,6.885875868120192,0.998,3.3112857142857144,141.0,-0.000852062465760639,0.0071500679371903075
3.8015097225997687,-1.0072075669260876,6.8930259360573825,0.998,3.3104999999999998,142.0,-0.0008520624657610831,0.0071500679371903075
3.8006576601340076,-1.007145307855504,6.900176003994572,0.998,3.3097142857142856,143.0,-0.0008520624657610831,0.007150067937189419
3.799805597668247,-1.00708304878492,6.907326071931762,0.998,3.3089285714285714,144.0,-0.000852062465760639,0.0071500679371903075
3.798953535202486,-1.0070207897143362,6.9144761398689525,0.998,3.3081428571428573,145.0,-0.0008520624657610831,0.0071500679371903075
3.7981014727367253,-1.0069585306437523,6.921626207806143,0.998,3.307357142857143,146.0,-0.000852062465760639,0.0071500679371903075
3.797249410270964,-1.0068962715731684,6.928776275743333,0.998,3.3065714285714285,147.0,-0.0008520624657610831,0.0071500679371903075
3.7963973478052035,-1.0068340125025845,6.935926343680523,0.998,3.3057857142857143,148.0,-0.000852062465760639,0.0071500679371903075
3.7955452853394425,-1.0067717534320006,6.943076411617714,0.998,3.305,149.0,-0.0008520624657610831,0.0071500679371903075
3.7947217367181025,-1.006744191531089,6.949352231290545,0.998,3.3041428571428573,150.0,-0.0008235486213399312,0.0062758196728314175
3.7938981880967626,-1.0067166296301775,6.955628050963376,0.998,3.3032857142857144,151.0,-0.0008235486213399312,0.006275819672830529
3.7930746394754227,-1.0066890677292657,6.961903870636206,0.998,3.3024285714285715,152.0,-0.0008235486213399312,0.006275819672830529
3.7922510908540827,-1.0066615058283541,6.968179690309038,0.998,3.3015714285714286,153.0,-0.0008235486213399312,0.0062758196728314175
3.791427542232743,-1.0066339439274425,6.974455509981869,0.998,3.3007142857142857,154.0,-0.0008235486213399312,0.0062758196728314175
3.790603993611403,-1.006606382026531,6.9807313296547,0.998,3.299857142857143,155.0,-0.0008235486213399312,0.006275819672830529
3.7897804449900625,-1.0065788201256194,6.98700714932753,0.998,3.2990000000000004,156.0,-0.0008235486213403753,0.006275819672830529
3.7889568963687226,-1.0065512582247076,6.9932829690003615,0.998,3.2981428571428575,157.0,-0.0008235486213399312,0.0062758196728314175
3.7881333477473826,-1.006523696323796,6.999558788673193,0.998,3.2972857142857146,158.0,-0.0008235486213399312,0.0062758196728314175
3.7873097991260427,-1.0064961344228844,7.0058346083460235,0.998,3.2964285714285717,159.0,-0.0008235486213399312,0.006275819672830529
3.7864862505047028,-1.0064685725219729,7.012110428018854,0.998,3.295571428571429,160.0,-0.0008235486213399312,0.006275819672830529
3.785662701883363,-1.006441010621061,7.018386247691685,0.998,3.294714285714286,161.0,-0.0008235486213399312,0.0062758196728314175
3.784839153262023,-1.0064134487201495,7.024662067364517,0.998,3.293857142857143,162.0,-0.0008235486213399312,0.0062758196728314175
3.784015604640683,-1.006385886819238,7.030937887037347,0.998,3.293,163.0,-0.0008235486213399312,0.006275819672830529
3.783237178316741,-1.0063229110118803,7.037925456017885,0.998,3.292214285714286,164.0,-0.0007784263239418721,0.006987568980537873
3.7824587519927997,-1.0062599352045227,7.044913024998423,0.998,3.2914285714285714,165.0,-0.000778426323941428,0.006987568980537873
3.781680325668858,-1.0061969593971651,7.051900593978961,0.998,3.290642857142857,166.0,-0.0007784263239418721,0.006987568980537873
3.780901899344916,-1.0061339835898075,7.058888162959499,0.998,3.289857142857143,167.0,-0.0007784263239418721,0.006987568980537873
3.7801234730209745,-1.00607100778245,7.065875731940037,0.998,3.289071428571429,168.0,-0.000778426323941428,0.006987568980537873
3.7793450466970326,-1.0060080319750924,7.072863300920575,0.998,3.2882857142857143,169.0,-0.0007784263239418721,0.006987568980537873
3.778566620373091,-1.0059450561677348,7.0798508699011125,0.998,3.2875,170.0,-0.000778426323941428,0.006987568980537873
3.7777881940491493,-1.0058820803603772,7.086838438881651,0.998,3.286714285714286,171.0,-0.0007784263239418721,0.006987568980538761
3.7770097677252075,-1.0058191045530196,7.093826007862189,0.998,3.2859285714285713,172.0,-0.0007784263239418721,0.006987568980537873
3.776231341401266,-1.005756128745662,7.100813576842727,0.998,3.285142857142857,173.0,-0.000778426323941428,0.006987568980537873
3.775452915077324,-1.0056931529383044,7.107801145823265,0.998,3.284357142857143,174.0,-0.0007784263239418721,0.006987568980537873
3.7746744887533823,-1.0056301771309468,7.114788714803803,0.998,3.283571428571429,175.0,-0.0007784263239418721,0.006987568980537873
3.773896062429441,-1.0055672013235892,7.121776283784341,0.998,3.282785714285714,176.0,-0.000778426323941428,0.006987568980537873
3.773117636105499,-1.0055042255162316,7.1287638527648785,0.998,3.282,177.0,-0.0007784263239418721,0.006987568980537873
3.7723850707060906,-1.0055188196576936,7.135340752493894,0.998,3.281357142857143,178.0,-0.0007325653994083581,0.0065768997290156506
3.7716525053066823,-1.0055334137991558,7.141917652222911,0.998,3.2807142857142857,179.0,-0.0007325653994083581,0.006576899729016539
3.770919939907274,-1.0055480079406178,7.148494551951926,0.998,3.2800714285714285,180.0,-0.0007325653994083581,0.0065768997290156506
3.770187374507865,-1.0055626020820798,7.155071451680942,0.998,3.2794285714285714,181.0,-0.0007325653994088022,0.0065768997290156506
3.7694548091084568,-1.005577196223542,7.161648351409958,0.998,3.278785714285714,182.0,-0.0007325653994083581,0.0065768997290156506
3.7687222437090484,-1.005591790365004,7.168225251138974,0.998,3.278142857142857,183.0,-0.0007325653994083581,0.006576899729016539
3.76798967830964,-1.005606384506466,7.17480215086799,0.998,3.2775000000000003,184.0,-0.0007325653994083581,0.0065768997290156506
3.7672571129102317,-1.0056209786479282,7.181379050597005,0.998,3.276857142857143,185.0,-0.0007325653994083581,0.0065768997290156506
3.7665245475108233,-1.0056355727893902,7.187955950326022,0.998,3.276214285714286,186.0,-0.0007325653994083581,0.006576899729016539
3.765791982111415,-1.0056501669308524,7.194532850055038,0.998,3.275571428571429,187.0,-0.0007325653994083581,0.0065768997290156506
3.765059416712006,-1.0056647610723144,7.201109749784053,0.998,3.2749285714285716,188.0,-0.0007325653994088022,0.0065768997290156506
3.764326851312598,-1.0056793552137764,7.207686649513069,0.998,3.2742857142857145,189.0,-0.0007325653994083581,0.0065768997290156506
3.7635942859131895,-1.0056939493552386,7.2142635492420855,0.998,3.2736428571428573,190.0,-0.0007325653994083581,0.006576899729016539
3.762861720513781,-1.0057085434967006,7.220840448971101,0.998,3.273,191.0,-0.0007325653994083581,0.0065768997290156506
3.762126734269895,-1.0055581757145013,7.2276920692999544,0.998,3.2722307692307693,192.0,-0.0007349862438861265,0.006851620328853336
3.7613917480260093,-1.0054078079323021,7.234543689628808,0.998,3.2714615384615384,193.0,-0.0007349862438856825,0.006851620328853336
3.760656761782123,-1.0052574401501029,7.241395309957661,0.998,3.2706923076923076,194.0,-0.0007349862438861265,0.006851620328853336
3.759921775538237,-1.0051070723679034,7.2482469302865145,0.998,3.269923076923077,195.0,-0.0007349862438861265,0.006851620328853336
3.7591867892943513,-1.0049567045857042,7.255098550615368,0.998,3.2691538461538463,196.0,-0.0007349862438856825,0.006851620328853336
3.7584518030504652,-1.004806336803505,7.261950170944221,0.998,3.2683846153846154,197.0,-0.0007349862438861265,0.006851620328853336
3.757716816806579,-1.0046559690213057,7.268801791273075,0.998,3.2676153846153846,198.0,-0.0007349862438861265,0.006851620328854224
3.756981830562693,-1.0045056012391065,7.275653411601929,0.998,3.2668461538461537,199.0,-0.0007349862438861265,0.006851620328853336
3.7562468443188073,-1.0043552334569072,7.282505031930782,0.998,3.266076923076923,200.0,-0.0007349862438856825,0.006851620328853336
3.755511858074921,-1.0042048656747078,7.289356652259635,0.998,3.2653076923076925,201.0,-0.0007349862438861265,0.006851620328853336
3.754776871831035,-1.0040544978925086,7.296208272588489,0.998,3.2645384615384616,202.0,-0.0007349862438861265,0.006851620328853336
3.7540418855871494,-1.0039041301103093,7.303059892917342,0.998,3.2637692307692308,203.0,-0.0007349862438856825,0.006851620328853336
3.7533068993432632,-1.00375376232811,7.309911513246195,0.998,3.263,204.0,-0.0007349862438861265,0.006851620328853336
3.752615798830922,-1.0039235909010904,7.315855153325578,0.998,3.2623571428571427,205.0,-0.0006911005123413361,0.005943640079382639
3.7519246983185806,-1.0040934194740705,7.321798793404961,0.998,3.2617142857142856,206.0,-0.0006911005123413361,0.005943640079382639
3.751233597806239,-1.0042632480470508,7.327742433484343,0.998,3.2610714285714284,207.0,-0.0006911005123413361,0.005943640079382639
3.750542497293898,-1.0044330766200311,7.333686073563727,0.998,3.2604285714285712,208.0,-0.0006911005123413361,0.0059436400793835276
3.7498513967815565,-1.0046029051930112,7.3396297136431095,0.998,3.259785714285714,209.0,-0.0006911005123413361,0.005943640079382639
3.749160296269215,-1.0047727337659915,7.345573353722492,0.998,3.259142857142857,210.0,-0.0006911005123413361,0.005943640079382639
3.7484691957568743,-1.0049425623389716,7.351516993801875,0.998,3.2585,211.0,-0.000691100512340892,0.005943640079382639
3.747778095244533,-1.005112390911952,7.357460633881257,0.998,3.257857142857143,212.0,-0.0006911005123413361,0.005943640079382639
3.7470869947321916,-1.0052822194849322,7.36340427396064,0.998,3.257214285714286,213.0,-0.0006911005123413361,0.005943640079382639
3.7463958942198503,-1.0054520480579123,7.369347914040023,0.998,3.2565714285714287,214.0,-0.0006911005123413361,0.005943640079382639
3.745704793707509,-1.0056218766308926,7.375291554119406,0.998,3.2559285714285715,215.0,-0.0006911005123413361,0.0059436400793835276
3.7450136931951676,-1.005791705203873,7.381235194198789,0.998,3.2552857142857143,216.0,-0.0006911005123413361,0.005943640079382639
3.7443225926828263,-1.005961533776853,7.3871788342781715,0.998,3.254642857142857,217.0,-0.0006911005123413361,0.005943640079382639
3.743631492170485,-1.0061313623498334,7.393122474357554,0.998,3.254,218.0,-0.0006911005123413361,0.005943640079382639
3.742994902581153,-1.0060539356698568,7.400877789844089,0.998,3.253357142857143,219.0,-0.0006365895893321039,0.007755315486535075
3.7423583129918208,-1.0059765089898802,7.408633105330624,0.998,3.2527142857142857,220.0,-0.0006365895893321039,0.007755315486535075
3.7417217234024887,-1.0058990823099037,7.41638842081716,0.998,3.2520714285714285,221.0,-0.0006365895893321039,0.007755315486535963
3.7410851338131565,-1.005821655629927,7.424143736303695,0.998,3.2514285714285713,222.0,-0.0006365895893321039,0.007755315486535075
3.7404485442238244,-1.0057442289499505,7.43189905179023,0.998,3.250785714285714,223.0,-0.0006365895893321039,0.007755315486535075
3.7398119546344923,-1.005666802269974,7.439654367276765,0.998,3.250142857142857,224.0,-0.0006365895893321039,0.007755315486535075
3.7391753650451607,-1.0055893755899974,7.4474096827633005,0.998,3.2495000000000003,225.0,-0.0006365895893316598,0.007755315486535075
3.7385387754558286,-1.0055119489100206,7.4551649982498365,0.998,3.248857142857143,226.0,-0.0006365895893321039,0.007755315486535963
3.7379021858664965,-1.005434522230044,7.4629203137363715,0.998,3.248214285714286,227.0,-0.0006365895893321039,0.007755315486535075
3.7372655962771644,-1.0053570955500675,7.470675629222907,0.998,3.2475714285714288,228.0,-0.0006365895893321039,0.007755315486535075
3.7366290066878323,-1.005279668870091,7.478430944709442,0.998,3.2469285714285716,229.0,-0.0006365895893321039,0.007755315486535075
3.7359924170985,-1.0052022421901143,7.486186260195978,0.998,3.2462857142857144,230.0,-0.0006365895893321039,0.007755315486535963
3.735355827509168,-1.0051248155101378,7.493941575682513,0.998,3.2456428571428573,231.0,-0.0006365895893321039,0.007755315486535075
3.734719237919836,-1.0050473888301612,7.501696891169048,0.998,3.245,232.0,-0.0006365895893321039,0.007755315486535075
3.7341058455757516,-1.0051674322642115,7.507784752419781,0.998,3.244357142857143,233.0,-0.000613392344084307,0.006087861250732907
3.7334924532316673,-1.0052874756982617,7.5138726136705145,0.998,3.2437142857142858,234.0,-0.000613392344084307,0.006087861250733795
3.7328790608875826,-1.0054075191323117,7.519960474921248,0.998,3.2430714285714286,235.0,-0.0006133923440847511,0.006087861250733795
3.7322656685434983,-1.005527562566362,7.526048336171981,0.998,3.2424285714285714,236.0,-0.000613392344084307,0.006087861250732907
3.731652276199414,-1.0056476060004123,7.532136197422714,0.998,3.2417857142857143,237.0,-0.000613392344084307,0.006087861250732907
3.7310388838553297,-1.0057676494344625,7.538224058673448,0.998,3.241142857142857,238.0,-0.000613392344084307,0.006087861250733795
3.730425491511245,-1.0058876928685125,7.544311919924182,0.998,3.2405000000000004,239.0,-0.0006133923440847511,0.006087861250733795
3.7298120991671606,-1.0060077363025628,7.550399781174915,0.998,3.239857142857143,240.0,-0.000613392344084307,0.006087861250732907
3.7291987068230763,-1.006127779736613,7.5564876424256475,0.998,3.239214285714286,241.0,-0.000613392344084307,0.006087861250732907
3.728585314478992,-1.0062478231706633,7.562575503676381,0.998,3.238571428571429,242.0,-0.000613392344084307,0.006087861250733795
3.7279719221349077,-1.0063678666047136,7.568663364927115,0.998,3.2379285714285717,243.0,-0.000613392344084307,0.006087861250733795
3.727358529790823,-1.0064879100387636,7.574751226177848,0.998,3.2372857142857145,244.0,-0.0006133923440847511,0.006087861250732907
3.7267451374467386,-1.0066079534728138,7.580839087428581,0.998,3.2366428571428574,245.0,-0.000613392344084307,0.006087861250732907
3.7261317451026543,-1.006727996906864,7.586926948679315,0.998,3.236,246.0,-0.000613392344084307,0.006087861250733795
3.7255410049118494,-1.006724076521251,7.5925099309115325,0.998,3.2354285714285718,247.0,-0.0005907401908049614,0.005582982232217759
3.724950264721044,-1.006720156135638,7.598092913143751,0.998,3.234857142857143,248.0,-0.0005907401908054055,0.005582982232218647
3.724359524530239,-1.0067162357500252,7.60367589537597,0.998,3.2342857142857144,249.0,-0.0005907401908049614,0.005582982232218647
3.723768784339434,-1.0067123153644122,7.6092588776081875,0.998,3.233714285714286,250.0,-0.0005907401908049614,0.005582982232217759
3.723178044148629,-1.0067083949787992,7.614841859840405,0.998,3.2331428571428575,251.0,-0.0005907401908049614,0.005582982232217759
3.7225873039578237,-1.0067044745931861,7.620424842072624,0.998,3.2325714285714287,252.0,-0.0005907401908054055,0.005582982232218647
3.7219965637670187,-1.0067005542075733,7.626007824304843,0.998,3.232,253.0,-0.0005907401908049614,0.005582982232218647
3.7214058235762137,-1.0066966338219603,7.63159080653706,0.998,3.2314285714285718,254.0,-0.0005907401908049614,0.005582982232217759
3.7208150833854083,-1.0066927134363473,7.637173788769278,0.998,3.230857142857143,255.0,-0.0005907401908054055,0.005582982232217759
3.7202243431946034,-1.0066887930507342,7.642756771001497,0.998,3.2302857142857144,256.0,-0.0005907401908049614,0.005582982232218647
3.7196336030037984,-1.0066848726651212,7.648339753233715,0.998,3.229714285714286,257.0,-0.0005907401908049614,0.005582982232218647
3.7190428628129935,-1.0066809522795084,7.653922735465933,0.998,3.2291428571428575,258.0,-0.0005907401908049614,0.005582982232217759
3.718452122622188,-1.0066770318938953,7.659505717698151,0.998,3.2285714285714286,259.0,-0.0005907401908054055,0.005582982232217759
3.717861382431383,-1.0066731115082823,7.66508869993037,0.998,3.228,260.0,-0.0005907401908049614,0.005582982232218647
3.717248266760506,-1.0067901846316192,7.668157442470719,0.998,3.2275,261.0,-0.0006131156708772956,0.0030687425403490565
3.716635151089628,-1.006907257754956,7.671226185011068,0.998,3.2270000000000003,262.0,-0.0006131156708777397,0.0030687425403490565
3.7160220354187508,-1.007024330878293,7.674294927551417,0.998,3.2265,263.0,-0.0006131156708772956,0.0030687425403490565
3.715408919747873,-1.0071414040016298,7.677363670091766,0.998,3.226,264.0,-0.0006131156708777397,0.0030687425403490565
3.7147958040769957,-1.0072584771249666,7.680432412632115,0.998,3.2255000000000003,265.0,-0.0006131156708772956,0.0030687425403490565
3.714182688406118,-1.0073755502483035,7.683501155172464,0.998,3.225,266.0,-0.0006131156708777397,0.0030687425403490565
3.7135695727352407,-1.0074926233716404,7.686569897712813,0.998,3.2245000000000004,267.0,-0.0006131156708772956,0.0030687425403490565
3.7129564570643634,-1.007609696494977,7.689638640253162,0.998,3.224,268.0,-0.0006131156708772956,0.0030687425403490565
3.7123433413934857,-1.0077267696183139,7.692707382793511,0.998,3.2235,269.0,-0.0006131156708777397,0.0030687425403490565
3.7117302257226084,-1.0078438427416507,7.69577612533386,0.998,3.2230000000000003,270.0,-0.0006131156708772956,0.0030687425403490565
3.7111171100517306,-1.0079609158649876,7.698844867874209,0.998,3.2225,271.0,-0.0006131156708777397,0.0030687425403490565
3.7105039943808533,-1.0080779889883245,7.701913610414558,0.998,3.222,272.0,-0.0006131156708772956,0.0030687425403490565
3.7098908787099756,-1.0081950621116613,7.704982352954907,0.998,3.2215000000000003,273.0,-0.0006131156708777397,0.0030687425403490565
3.7092777630390983,-1.0083121352349982,7.708051095495256,0.998,3.221,274.0,-0.0006131156708772956,0.0030687425403490565
3.70868017726468,-1.008142761931986,7.691924078746581,0.998,3.2204285714285716,275.0,-0.0005975857744182633,-0.016127016748675338
3.7080825914902618,-1.0079733886289741,7.675797061997906,0.998,3.2198571428571428,276.0,-0.0005975857744182633,-0.016127016748675338
3.7074850057158435,-1.007804015325962,7.65967004524923,0.998,3.2192857142857143,277.0,-0.0005975857744182633,-0.016127016748675338
3.7068874199414252,-1.00763464202295,7.643543028500555,0.998,3.218714285714286,278.0,-0.0005975857744182633,-0.016127016748675338
3.706289834167007,-1.007465268719938,7.62741601175188,0.998,3.2181428571428574,279.0,-0.0005975857744182633,-0.016127016748675338
3.7056922483925887,-1.007295895416926,7.611288995003204,0.998,3.2175714285714285,280.0,-0.0005975857744182633,-0.016127016748675338
3.705094662618171,-1.0071265221139138,7.595161978254529,0.998,3.217,281.0,-0.0005975857744178192,-0.016127016748675338
3.7044970768437526,-1.0069571488109017,7.579034961505853,0.998,3.2164285714285716,282.0,-0.0005975857744182633,-0.016127016748676226
3.7038994910693344,-1.0067877755078898,7.562907944757177,0.998,3.2158571428571427,283.0,-0.0005975857744182633,-0.016127016748675338
3.703301905294916,-1.0066184022048776,7.546780928008502,0.998,3.2152857142857143,284.0,-0.0005975857744182633,-0.016127016748675338
3.702704319520498,-1.0064490289018657,7.530653911259827,0.998,3.214714285714286,285.0,-0.0005975857744182633,-0.016127016748675338
3.7021067337460796,-1.0062796555988536,7.514526894511151,0.998,3.2141428571428574,286.0,-0.0005975857744182633,-0.016127016748675338
3.7015091479716613,-1.0061102822958417,7.498399877762476,0.998,3.2135714285714285,287.0,-0.0005975857744182633,-0.016127016748675338
3.700911562197243,-1.0059409089928295,7.482272861013801,0.998,3.213,288.0,-0.0005975857744182633,-0.016127016748675338
3.7002867905800922,-1.005983926241128,7.475098738342414,0.998,3.2124285714285716,289.0,-0.0006247716171507989,-0.00717412267138684
3.6996620189629414,-1.0060269434894265,7.467924615671028,0.998,3.2118571428571427,290.0,-0.0006247716171507989,-0.007174122671385952
3.6990372473457906,-1.006069960737725,7.460750492999642,0.998,3.2112857142857143,291.0,-0.0006247716171507989,-0.007174122671385952
3.6984124757286394,-1.0061129779860236,7.453576370328255,0.998,3.210714285714286,292.0,-0.000624771617151243,-0.00717412267138684
3.6977877041114886,-1.0061559952343222,7.446402247656868,0.998,3.2101428571428574,293.0,-0.0006247716171507989,-0.00717412267138684
3.697162932494338,-1.0061990124826206,7.439228124985482,0.998,3.2095714285714285,294.0,-0.0006247716171507989,-0.007174122671385952
3.696538160877187,-1.0062420297309191,7.432054002314096,0.998,3.209,295.0,-0.0006247716171507989,-0.007174122671385952
3.695913389260036,-1.0062850469792177,7.42487987964271,0.998,3.2084285714285716,296.0,-0.0006247716171507989,-0.00717412267138684
3.6952886176428854,-1.006328064227516,7.417705756971323,0.998,3.2078571428571427,297.0,-0.0006247716171507989,-0.00717412267138684
3.6946638460257346,-1.0063710814758147,7.410531634299937,0.998,3.2072857142857143,298.0,-0.0006247716171507989,-0.007174122671385952
3.6940390744085834,-1.0064140987241132,7.403357511628551,0.998,3.206714285714286,299.0,-0.000624771617151243,-0.007174122671385952
3.6934143027914326,-1.0064571159724118,7.396183388957164,0.998,3.2061428571428574,300.0,-0.0006247716171507989,-0.00717412267138684
3.6927895311742818,-1.0065001332207102,7.389009266285777,0.998,3.2055714285714285,301.0,-0.0006247716171507989,-0.00717412267138684
3.692164759557131,-1.0065431504690088,7.381835143614391,0.998,3.205,302.0,-0.0006247716171507989,-0.007174122671385952
3.6915289603663224,-1.0064860095964503,7.377027914480501,0.998,3.204357142857143,303.0,-0.0006357991908085836,-0.00480722913389009
3.6908931611755142,-1.0064288687238916,7.372220685346611,0.998,3.2037142857142857,304.0,-0.0006357991908081395,-0.00480722913389009
3.6902573619847057,-1.006371727851333,7.367413456212722,0.998,3.2030714285714286,305.0,-0.0006357991908085836,-0.0048072291338892015
3.6896215627938975,-1.0063145869787744,7.362606227078832,0.998,3.2024285714285714,306.0,-0.0006357991908081395,-0.00480722913389009
3.688985763603089,-1.006257446106216,7.357798997944942,0.998,3.2017857142857142,307.0,-0.0006357991908085836,-0.00480722913389009
3.688349964412281,-1.0062003052336572,7.3529917688110515,0.998,3.201142857142857,308.0,-0.0006357991908081395,-0.00480722913389009
3.687714165221472,-1.0061431643610987,7.3481845396771615,0.998,3.2005000000000003,309.0,-0.0006357991908085836,-0.00480722913389009
3.6870783660306636,-1.0060860234885403,7.343377310543272,0.998,3.199857142857143,310.0,-0.0006357991908085836,-0.0048072291338892015
3.6864425668398555,-1.0060288826159816,7.338570081409382,0.998,3.199214285714286,311.0,-0.0006357991908081395,-0.00480722913389009
3.685806767649047,-1.005971741743423,7.333762852275492,0.998,3.198571428571429,312.0,-0.0006357991908085836,-0.00480722913389009
3.6851709684582388,-1.0059146008708644,7.328955623141602,0.998,3.1979285714285717,313.0,-0.0006357991908081395,-0.00480722913389009
3.68453516926743,-1.005857459998306,7.324148394007713,0.998,3.1972857142857145,314.0,-0.0006357991908085836,-0.0048072291338892015
3.683899370076622,-1.0058003191257472,7.319341164873823,0.998,3.1966428571428573,315.0,-0.0006357991908081395,-0.00480722913389009
3.6832635708858135,-1.0057431782531887,7.314533935739933,0.998,3.196,316.0,-0.0006357991908085836,-0.00480722913389009
3.682619370211241,-1.005692684693242,7.308597661382548,0.998,3.1954285714285717,317.0,-0.0006442006745723816,-0.005936274357384974
3.6819751695366687,-1.005642191133295,7.302661387025163,0.998,3.194857142857143,318.0,-0.0006442006745723816,-0.005936274357384974
3.6813309688620963,-1.005591697573348,7.296725112667778,0.998,3.1942857142857144,319.0,-0.0006442006745723816,-0.005936274357384974
3.680686768187524,-1.005541204013401,7.290788838310392,0.998,3.193714285714286,320.0,-0.0006442006745723816,-0.005936274357385862
3.6800425675129516,-1.0054907104534543,7.284852563953007,0.998,3.1931428571428575,321.0,-0.0006442006745723816,-0.005936274357384974
3.679398366838379,-1.0054402168935073,7.278916289595622,0.998,3.1925714285714286,322.0,-0.0006442006745723816,-0.005936274357384974
3.678754166163807,-1.0053897233335605,7.272980015238237,0.998,3.192,323.0,-0.0006442006745723816,-0.005936274357384974
3.6781099654892344,-1.0053392297736137,7.267043740880852,0.998,3.1914285714285717,324.0,-0.0006442006745723816,-0.005936274357384974
3.677465764814662,-1.0052887362136667,7.261107466523467,0.998,3.190857142857143,325.0,-0.0006442006745723816,-0.005936274357384974
3.6768215641400896,-1.0052382426537199,7.255171192166082,0.998,3.1902857142857144,326.0,-0.0006442006745723816,-0.005936274357384974
3.6761773634655173,-1.0051877490937728,7.249234917808696,0.998,3.189714285714286,327.0,-0.0006442006745723816,-0.005936274357385862
3.675533162790945,-1.005137255533826,7.243298643451311,0.998,3.1891428571428575,328.0,-0.0006442006745723816,-0.005936274357384974
3.6748889621163725,-1.005086761973879,7.237362369093926,0.998,3.1885714285714286,329.0,-0.0006442006745723816,-0.005936274357384974
3.6742447614418,-1.0050362684139322,7.231426094736541,0.998,3.188,330.0,-0.0006442006745723816,-0.005936274357384974
3.673534622116259,-1.0050185090308261,7.224110334232075,0.998,3.1872307692307693,331.0,-0.0007101393255410926,-0.007315760504465807
3.6728244827907184,-1.00500074964772,7.21679457372761,0.998,3.1864615384615385,332.0,-0.0007101393255406485,-0.007315760504465807
3.6721143434651773,-1.004982990264614,7.209478813223144,0.998,3.1856923076923076,333.0,-0.0007101393255410926,-0.007315760504465807
3.6714042041396366,-1.004965230881508,7.202163052718679,0.998,3.184923076923077,334.0,-0.0007101393255406485,-0.007315760504464919
3.6706940648140955,-1.004947471498402,7.194847292214213,0.998,3.1841538461538463,335.0,-0.0007101393255410926,-0.007315760504465807
3.6699839254885545,-1.0049297121152958,7.187531531709747,0.998,3.1833846153846155,336.0,-0.0007101393255410926,-0.007315760504465807
3.669273786163014,-1.0049119527321897,7.180215771205281,0.998,3.1826153846153846,337.0,-0.0007101393255406485,-0.007315760504465807
3.6685636468374727,-1.0048941933490836,7.172900010700816,0.998,3.1818461538461538,338.0,-0.0007101393255410926,-0.007315760504465807
3.6678535075119316,-1.0048764339659775,7.16558425019635,0.998,3.181076923076923,339.0,-0.0007101393255410926,-0.007315760504465807
3.667143368186391,-1.0048586745828716,7.158268489691885,0.998,3.1803076923076925,340.0,-0.0007101393255406485,-0.007315760504464919
3.66643322886085,-1.0048409151997655,7.150952729187419,0.998,3.1795384615384616,341.0,-0.0007101393255410926,-0.007315760504465807
3.6657230895353092,-1.0048231558166594,7.143636968682953,0.998,3.178769230769231,342.0,-0.0007101393255406485,-0.007315760504465807
3.665012950209768,-1.0048053964335533,7.1363212081784875,0.998,3.178,343.0,-0.0007101393255410926,-0.007315760504465807
3.664358195130571,-1.0049097628972152,7.135504911787528,0.998,3.1774285714285715,344.0,-0.0006547550791973222,-0.0008162963909592591
3.663703440051373,-1.0050141293608772,7.134688615396569,0.998,3.1768571428571426,345.0,-0.0006547550791977663,-0.0008162963909592591
3.6630486849721757,-1.0051184958245392,7.13387231900561,0.998,3.176285714285714,346.0,-0.0006547550791973222,-0.0008162963909592591
3.6623939298929784,-1.0052228622882011,7.13305602261465,0.998,3.1757142857142857,347.0,-0.0006547550791973222,-0.0008162963909592591
3.661739174813781,-1.005327228751863,7.132239726223691,0.998,3.1751428571428573,348.0,-0.0006547550791973222,-0.0008162963909592591
3.6610844197345833,-1.005431595215525,7.131423429832732,0.998,3.1745714285714284,349.0,-0.0006547550791977663,-0.0008162963909592591
3.660429664655386,-1.005535961679187,7.130607133441773,0.998,3.174,350.0,-0.0006547550791973222,-0.0008162963909592591
3.6597749095761887,-1.0056403281428492,7.129790837050813,0.998,3.1734285714285715,351.0,-0.0006547550791973222,-0.0008162963909592591
3.659120154496991,-1.0057446946065112,7.128974540659854,0.998,3.1728571428571426,352.0,-0.0006547550791977663,-0.0008162963909592591
3.6584653994177936,-1.0058490610701731,7.128158244268895,0.998,3.172285714285714,353.0,-0.0006547550791973222,-0.0008162963909592591
3.6578106443385963,-1.005953427533835,7.127341947877936,0.998,3.1717142857142857,354.0,-0.0006547550791973222,-0.0008162963909592591
3.657155889259399,-1.006057793997497,7.126525651486976,0.998,3.1711428571428573,355.0,-0.0006547550791973222,-0.0008162963909592591
3.656501134180201,-1.006162160461159,7.125709355096017,0.998,3.1705714285714284,356.0,-0.0006547550791977663,-0.0008162963909592591
3.655846379101004,-1.006266526924821,7.124893058705058,0.998,3.17,357.0,-0.0006547550791973222,-0.0008162963909592591
3.6552010313701584,-1.0062104841219055,7.117034397055556,0.998,3.1694285714285715,358.0,-0.000645347730845458,-0.007858661649501997
3.654555683639313,-1.00615444131899,7.109175735406053,0.998,3.1688571428571426,359.0,-0.000645347730845458,-0.007858661649502885
3.6539103359084675,-1.0060983985160745,7.101317073756551,0.998,3.168285714285714,360.0,-0.000645347730845458,-0.007858661649501997
3.653264988177622,-1.006042355713159,7.093458412107048,0.998,3.1677142857142857,361.0,-0.000645347730845458,-0.007858661649502885
3.6526196404467766,-1.0059863129102435,7.085599750457546,0.998,3.1671428571428573,362.0,-0.000645347730845458,-0.007858661649501997
3.651974292715931,-1.005930270107328,7.077741088808043,0.998,3.1665714285714284,363.0,-0.000645347730845458,-0.007858661649502885
3.651328944985085,-1.0058742273044123,7.069882427158541,0.998,3.166,364.0,-0.0006453477308459021,-0.007858661649501997
3.6506835972542397,-1.0058181845014968,7.062023765509039,0.998,3.1654285714285715,365.0,-0.000645347730845458,-0.007858661649501997
3.6500382495233943,-1.0057621416985814,7.054165103859536,0.998,3.1648571428571426,366.0,-0.000645347730845458,-0.007858661649502885
3.649392901792549,-1.0057060988956659,7.046306442210034,0.998,3.164285714285714,367.0,-0.000645347730845458,-0.007858661649501997
3.6487475540617034,-1.0056500560927504,7.038447780560531,0.998,3.1637142857142857,368.0,-0.000645347730845458,-0.007858661649502885
3.648102206330858,-1.0055940132898349,7.0305891189110294,0.998,3.1631428571428573,369.0,-0.000645347730845458,-0.007858661649501997
3.6474568586000125,-1.0055379704869194,7.022730457261527,0.998,3.1625714285714284,370.0,-0.000645347730845458,-0.007858661649502885
3.646811510869167,-1.005481927684004,7.014871795612025,0.998,3.162,371.0,-0.000645347730845458,-0.007858661649501997
3.6461639242528814,-1.005494779468031,7.013252772270707,0.998,3.1613571428571428,372.0,-0.0006475866162856114,-0.0016190233413171384
3.6455163376365953,-1.0055076312520577,7.01163374892939,0.998,3.1607142857142856,373.0,-0.0006475866162860555,-0.0016190233413171384
3.6448687510203097,-1.0055204830360847,7.010014725588073,0.998,3.1600714285714284,374.0,-0.0006475866162856114,-0.0016190233413171384
3.6442211644040237,-1.0055333348201116,7.008395702246757,0.998,3.1594285714285713,375.0,-0.0006475866162860555,-0.0016190233413162503
3.643573577787738,-1.0055461866041386,7.00677667890544,0.998,3.158785714285714,376.0,-0.0006475866162856114,-0.0016190233413171384
3.642925991171452,-1.0055590383881654,7.005157655564123,0.998,3.158142857142857,377.0,-0.0006475866162860555,-0.0016190233413171384
3.6422784045551664,-1.0055718901721924,7.0035386322228055,0.998,3.1575,378.0,-0.0006475866162856114,-0.0016190233413171384
3.6416308179388808,-1.0055847419562194,7.001919608881488,0.998,3.156857142857143,379.0,-0.0006475866162856114,-0.0016190233413171384
3.6409832313225947,-1.0055975937402462,7.000300585540171,0.998,3.156214285714286,380.0,-0.0006475866162860555,-0.0016190233413171384
3.640335644706309,-1.0056104455242731,6.998681562198854,0.998,3.1555714285714287,381.0,-0.0006475866162856114,-0.0016190233413171384
3.639688058090023,-1.0056232973083001,6.997062538857538,0.998,3.1549285714285715,382.0,-0.0006475866162860555,-0.0016190233413162503
3.6390404714737374,-1.0056361490923271,6.995443515516221,0.998,3.1542857142857144,383.0,-0.0006475866162856114,-0.0016190233413171384
3.6383928848574514,-1.005649000876354,6.9938244921749035,0.998,3.153642857142857,384.0,-0.0006475866162860555,-0.0016190233413171384
3.6377452982411658,-1.0056618526603809,6.992205468833586,0.998,3.153,385.0,-0.0006475866162856114,-0.0016190233413171384
3.637093656387872,-1.005575831115436,6.984633698935214,0.998,3.152357142857143,386.0,-0.000651641853293583,-0.00757176989837216
3.6364420145345786,-1.005489809570491,6.977061929036842,0.998,3.1517142857142857,387.0,-0.000651641853293583,-0.00757176989837216
3.6357903726812855,-1.005403788025546,6.969490159138469,0.998,3.1510714285714285,388.0,-0.000651641853293139,-0.007571769898373049
3.635138730827992,-1.005317766480601,6.961918389240097,0.998,3.1504285714285714,389.0,-0.000651641853293583,-0.00757176989837216
3.6344870889746983,-1.005231744935656,6.954346619341725,0.998,3.149785714285714,390.0,-0.000651641853293583,-0.00757176989837216
3.6338354471214047,-1.005145723390711,6.9467748494433526,0.998,3.149142857142857,391.0,-0.000651641853293583,-0.00757176989837216
3.6331838052681116,-1.005059701845766,6.93920307954498,0.998,3.1485000000000003,392.0,-0.000651641853293139,-0.00757176989837216
3.632532163414818,-1.0049736803008213,6.931631309646607,0.998,3.147857142857143,393.0,-0.000651641853293583,-0.007571769898373049
3.6318805215615244,-1.0048876587558764,6.924059539748235,0.998,3.147214285714286,394.0,-0.000651641853293583,-0.00757176989837216
3.631228879708231,-1.0048016372109314,6.916487769849863,0.998,3.146571428571429,395.0,-0.000651641853293583,-0.00757176989837216
3.6305772378549372,-1.0047156156659864,6.908915999951491,0.998,3.1459285714285716,396.0,-0.000651641853293583,-0.00757176989837216
3.629925596001644,-1.0046295941210415,6.901344230053118,0.998,3.1452857142857145,397.0,-0.000651641853293139,-0.007571769898373049
3.6292739541483505,-1.0045435725760965,6.893772460154746,0.998,3.1446428571428573,398.0,-0.000651641853293583,-0.00757176989837216
3.628622312295057,-1.0044575510311515,6.8862006902563735,0.998,3.144,399.0,-0.000651641853293583,-0.00757176989837216
3.627989894883338,-1.0046172085026686,6.880672080298127,0.9979857142857143,3.1432857142857142,400.0,-0.000632417411718933,-0.005528609958246555
3.627357477471619,-1.0047768659741856,6.87514347033988,0.9979714285714286,3.142571428571429,401.0,-0.000632417411718933,-0.005528609958246555
3.6267250600598997,-1.0049365234457024,6.869614860381634,0.9979571428571429,3.141857142857143,402.0,-0.000632417411719377,-0.005528609958246555
3.6260926426481808,-1.0050961809172194,6.864086250423387,0.9979428571428571,3.141142857142857,403.0,-0.000632417411718933,-0.005528609958246555
3.625460225236462,-1.0052558383887364,6.858557640465141,0.9979285714285714,3.1404285714285716,404.0,-0.000632417411718933,-0.005528609958246555
3.624827807824743,-1.0054154958602535,6.853029030506894,0.9979142857142858,3.1397142857142857,405.0,-0.000632417411718933,-0.005528609958246555
3.6241953904130235,-1.0055751533317705,6.847500420548648,0.9979,3.1390000000000002,406.0,-0.000632417411719377,-0.005528609958246555
3.6235629730013046,-1.0057348108032873,6.841971810590401,0.9978857142857143,3.1382857142857143,407.0,-0.000632417411718933,-0.005528609958246555
3.6229305555895857,-1.0058944682748043,6.8364432006321545,0.9978714285714286,3.1375714285714285,408.0,-0.000632417411718933,-0.005528609958246555
3.6222981381778667,-1.0060541257463214,6.830914590673908,0.9978571428571429,3.136857142857143,409.0,-0.000632417411718933,-0.005528609958246555
3.621665720766148,-1.0062137832178384,6.825385980715661,0.9978428571428571,3.136142857142857,410.0,-0.000632417411718933,-0.005528609958246555
3.6210333033544284,-1.0063734406893552,6.819857370757415,0.9978285714285714,3.1354285714285712,411.0,-0.000632417411719377,-0.005528609958246555
3.6204008859427095,-1.0065330981608722,6.814328760799168,0.9978142857142858,3.134714285714286,412.0,-0.000632417411718933,-0.005528609958246555
3.6197684685309905,-1.0066927556323892,6.808800150840922,0.9978,3.134,413.0,-0.000632417411718933,-0.005528609958246555
3.6191382690781455,-1.0066081477056399,6.807691783792366,0.9978142857142858,3.1334285714285715,414.0,-0.0006301994528450372,-0.0011083670485554364
3.6185080696253,-1.0065235397788908,6.806583416743811,0.9978285714285714,3.1328571428571426,415.0,-0.0006301994528454813,-0.0011083670485554364
3.617877870172455,-1.0064389318521414,6.805475049695255,0.9978428571428571,3.132285714285714,416.0,-0.0006301994528450372,-0.0011083670485554364
3.61724767071961,-1.0063543239253923,6.8043666826467,0.9978571428571429,3.1317142857142857,417.0,-0.0006301994528450372,-0.0011083670485554364
3.6166174712667645,-1.006269715998643,6.8032583155981445,0.9978714285714286,3.1311428571428572,418.0,-0.0006301994528454813,-0.0011083670485554364
3.6159872718139194,-1.0061851080718938,6.802149948549589,0.9978857142857143,3.1305714285714283,419.0,-0.0006301994528450372,-0.0011083670485554364
3.615357072361074,-1.0061005001451444,6.8010415815010345,0.9979,3.13,420.0,-0.0006301994528454813,-0.0011083670485545483
3.614726872908229,-1.006015892218395,6.799933214452479,0.9979142857142858,3.1294285714285714,421.0,-0.0006301994528450372,-0.0011083670485554364
3.614096673455384,-1.005931284291646,6.798824847403924,0.9979285714285714,3.1288571428571426,422.0,-0.0006301994528450372,-0.0011083670485554364
3.6134664740025384,-1.0058466763648966,6.797716480355368,0.9979428571428571,3.128285714285714,423.0,-0.0006301994528454813,-0.0011083670485554364
3.6128362745496934,-1.0057620684381474,6.796608113306813,0.9979571428571429,3.1277142857142857,424.0,-0.0006301994528450372,-0.0011083670485554364
3.6122060750968483,-1.005677460511398,6.795499746258257,0.9979714285714286,3.1271428571428572,425.0,-0.0006301994528450372,-0.0011083670485554364
3.611575875644003,-1.005592852584649,6.794391379209702,0.9979857142857143,3.1265714285714283,426.0,-0.0006301994528454813,-0.0011083670485554364
3.610945676191158,-1.0055082446578996,6.7932830121611465,0.998,3.126,427.0,-0.0006301994528450372,-0.0011083670485554364
3.6103582870164095,-1.0055493486223268,6.8051081250092444,0.998,3.1253571428571427,428.0,-0.0005873891747483206,0.011825112848097952
3.6097708978416607,-1.005590452586754,6.816933237857343,0.998,3.1247142857142856,429.0,-0.0005873891747487647,0.01182511284809884
3.6091835086669124,-1.0056315565511813,6.828758350705441,0.998,3.1240714285714284,430.0,-0.0005873891747483206,0.011825112848097952
3.608596119492164,-1.0056726605156086,6.840583463553539,0.998,3.123428571428571,431.0,-0.0005873891747483206,0.011825112848097952
3.6080087303174153,-1.0057137644800358,6.852408576401638,0.998,3.122785714285714,432.0,-0.0005873891747487647,0.01182511284809884
3.607421341142667,-1.005754868444463,6.864233689249736,0.998,3.122142857142857,433.0,-0.0005873891747483206,0.011825112848097952
3.6068339519679182,-1.0057959724088903,6.876058802097835,0.998,3.1215,434.0,-0.0005873891747487647,0.01182511284809884
3.60624656279317,-1.0058370763733175,6.887883914945933,0.998,3.120857142857143,435.0,-0.0005873891747483206,0.011825112848097952
3.6056591736184216,-1.0058781803377448,6.899709027794031,0.998,3.120214285714286,436.0,-0.0005873891747483206,0.011825112848097952
3.605071784443673,-1.005919284302172,6.91153414064213,0.998,3.1195714285714287,437.0,-0.0005873891747487647,0.01182511284809884
3.6044843952689245,-1.0059603882665993,6.9233592534902275,0.998,3.1189285714285715,438.0,-0.0005873891747483206,0.011825112848097952
3.603897006094176,-1.0060014922310265,6.9351843663383255,0.998,3.1182857142857143,439.0,-0.0005873891747483206,0.011825112848097952
3.6033096169194274,-1.0060425961954538,6.947009479186424,0.998,3.117642857142857,440.0,-0.0005873891747487647,0.01182511284809884
3.602722227744679,-1.006083700159881,6.958834592034522,0.998,3.117,441.0,-0.0005873891747483206,0.011825112848097952
3.602137024223865,-1.0060258850958324,6.97181564468347,0.998,3.1164615384615386,442.0,-0.0005852035208140371,0.012981052648947333
3.601551820703051,-1.0059680700317837,6.984796697332417,0.998,3.115923076923077,443.0,-0.0005852035208140371,0.012981052648947333
3.6009666171822365,-1.0059102549677348,6.997777749981363,0.998,3.1153846153846154,444.0,-0.0005852035208144812,0.012981052648946445
3.6003814136614225,-1.0058524399036861,7.010758802630311,0.998,3.1148461538461536,445.0,-0.0005852035208140371,0.012981052648947333
3.5997962101406085,-1.0057946248396374,7.023739855279258,0.998,3.114307692307692,446.0,-0.0005852035208140371,0.012981052648947333
3.5992110066197944,-1.0057368097755888,7.036720907928205,0.998,3.113769230769231,447.0,-0.0005852035208140371,0.012981052648947333
3.59862580309898,-1.0056789947115399,7.049701960577152,0.998,3.113230769230769,448.0,-0.0005852035208144812,0.012981052648946445
3.598040599578166,-1.0056211796474912,7.062683013226099,0.998,3.1126923076923076,449.0,-0.0005852035208140371,0.012981052648947333
3.597455396057352,-1.0055633645834425,7.0756640658750465,0.998,3.1121538461538463,450.0,-0.0005852035208140371,0.012981052648947333
3.596870192536538,-1.0055055495193939,7.088645118523994,0.998,3.1116153846153844,451.0,-0.0005852035208140371,0.012981052648947333
3.5962849890157234,-1.005447734455345,7.10162617117294,0.998,3.111076923076923,452.0,-0.0005852035208144812,0.012981052648946445
3.5956997854949093,-1.0053899193912963,7.114607223821888,0.998,3.1105384615384613,453.0,-0.0005852035208140371,0.012981052648947333
3.5951145819740953,-1.0053321043272476,7.127588276470835,0.998,3.11,454.0,-0.0005852035208140371,0.012981052648947333
3.5945922176417406,-1.0054260431807676,7.132392141377466,0.998,3.1094285714285714,455.0,-0.0005223643323546412,0.0048038649066306505
3.594069853309386,-1.0055199820342873,7.137196006284095,0.998,3.1088571428571425,456.0,-0.0005223643323546412,0.004803864906629762
3.593547488977031,-1.0056139208878072,7.141999871190725,0.998,3.108285714285714,457.0,-0.0005223643323550853,0.004803864906629762
3.5930251246446763,-1.0057078597413271,7.146803736097356,0.998,3.1077142857142857,458.0,-0.0005223643323546412,0.0048038649066306505
3.5925027603123216,-1.0058017985948469,7.151607601003986,0.998,3.107142857142857,459.0,-0.0005223643323546412,0.0048038649066306505
3.591980395979967,-1.0058957374483668,7.156411465910616,0.998,3.1065714285714283,460.0,-0.0005223643323546412,0.004803864906629762
3.591458031647612,-1.0059896763018867,7.161215330817246,0.998,3.106,461.0,-0.0005223643323550853,0.004803864906629762
3.5909356673152573,-1.0060836151554065,7.166019195723877,0.998,3.1054285714285714,462.0,-0.0005223643323546412,0.0048038649066306505
3.5904133029829026,-1.0061775540089264,7.170823060630507,0.998,3.1048571428571425,463.0,-0.0005223643323546412,0.0048038649066306505
3.589890938650548,-1.006271492862446,7.175626925537137,0.998,3.104285714285714,464.0,-0.0005223643323546412,0.004803864906629762
3.5893685743181933,-1.006365431715966,7.180430790443767,0.998,3.1037142857142856,465.0,-0.0005223643323546412,0.004803864906629762
3.5888462099858383,-1.006459370569486,7.185234655350397,0.998,3.103142857142857,466.0,-0.0005223643323550853,0.0048038649066306505
3.5883238456534836,-1.0065533094230057,7.190038520257028,0.998,3.1025714285714283,467.0,-0.0005223643323546412,0.0048038649066306505
3.587801481321129,-1.0066472482765256,7.194842385163658,0.998,3.102,468.0,-0.0005223643323546412,0.004803864906629762
3.5873287659512965,-1.0066580374742617,7.199444142566432,0.998,3.1015714285714284,469.0,-0.0004727153698325104,0.0046017574027743535
3.586856050581464,-1.0066688266719979,7.2040458999692065,0.998,3.101142857142857,470.0,-0.0004727153698325104,0.0046017574027743535
3.5863833352116314,-1.006679615869734,7.208647657371981,0.998,3.1007142857142855,471.0,-0.0004727153698325104,0.0046017574027743535
3.585910619841799,-1.00669040506747,7.213249414774755,0.998,3.100285714285714,472.0,-0.0004727153698325104,0.0046017574027743535
3.5854379044719664,-1.0067011942652062,7.21785117217753,0.998,3.0998571428571426,473.0,-0.0004727153698325104,0.0046017574027743535
3.584965189102134,-1.0067119834629423,7.222452929580304,0.998,3.099428571428571,474.0,-0.0004727153698325104,0.0046017574027743535
3.5844924737323014,-1.0067227726606784,7.227054686983078,0.998,3.0989999999999998,475.0,-0.0004727153698325104,0.0046017574027743535
3.584019758362469,-1.0067335618584146,7.231656444385852,0.998,3.0985714285714288,476.0,-0.0004727153698325104,0.004601757402773465
3.5835470429926364,-1.0067443510561507,7.236258201788626,0.998,3.0981428571428573,477.0,-0.0004727153698325104,0.0046017574027743535
3.583074327622804,-1.0067551402538868,7.2408599591914005,0.998,3.097714285714286,478.0,-0.0004727153698325104,0.0046017574027743535
3.5826016122529714,-1.006765929451623,7.245461716594175,0.998,3.0972857142857144,479.0,-0.0004727153698325104,0.0046017574027743535
3.582128896883139,-1.006776718649359,7.250063473996949,0.998,3.096857142857143,480.0,-0.0004727153698325104,0.0046017574027743535
3.5816561815133063,-1.0067875078470951,7.2546652313997235,0.998,3.0964285714285715,481.0,-0.0004727153698325104,0.0046017574027743535
3.581183466143474,-1.0067982970448313,7.259266988802498,0.998,3.096,482.0,-0.0004727153698325104,0.0046017574027743535
3.5807041454091175,-1.0067274107889699,7.263704519738855,0.998,3.0954285714285716,483.0,-0.0004793207343563033,0.004437530936357348
3.5802248246747608,-1.0066565245331085,7.268142050675213,0.998,3.0948571428571428,484.0,-0.0004793207343567474,0.004437530936357348
3.5797455039404045,-1.006585638277247,7.27257958161157,0.998,3.0942857142857143,485.0,-0.0004793207343563033,0.004437530936357348
3.5792661832060477,-1.0065147520213855,7.277017112547927,0.998,3.093714285714286,486.0,-0.0004793207343567474,0.004437530936357348
3.5787868624716914,-1.0064438657655241,7.281454643484285,0.998,3.0931428571428574,487.0,-0.0004793207343563033,0.004437530936357348
3.5783075417373347,-1.0063729795096628,7.285892174420642,0.998,3.0925714285714285,488.0,-0.0004793207343567474,0.004437530936357348
3.5778282210029784,-1.0063020932538012,7.290329705356999,0.998,3.092,489.0,-0.0004793207343563033,0.004437530936357348
3.577348900268622,-1.0062312069979398,7.2947672362933575,0.998,3.0914285714285716,490.0,-0.0004793207343563033,0.004437530936358236
3.5768695795342653,-1.0061603207420784,7.299204767229715,0.998,3.0908571428571427,491.0,-0.0004793207343567474,0.004437530936357348
3.576390258799909,-1.006089434486217,7.303642298166072,0.998,3.0902857142857143,492.0,-0.0004793207343563033,0.004437530936357348
3.5759109380655523,-1.0060185482303556,7.30807982910243,0.998,3.089714285714286,493.0,-0.0004793207343567474,0.004437530936357348
3.575431617331196,-1.005947661974494,7.312517360038787,0.998,3.0891428571428574,494.0,-0.0004793207343563033,0.004437530936357348
3.574952296596839,-1.0058767757186327,7.316954890975144,0.998,3.0885714285714285,495.0,-0.0004793207343567474,0.004437530936357348
3.574472975862483,-1.0058058894627713,7.321392421911502,0.998,3.088,496.0,-0.0004793207343563033,0.004437530936357348
3.5740336864830913,-1.0056832787479202,7.32469332255263,0.998,3.0877142857142856,497.0,-0.0004392893793916386,0.0033009006411282016
3.5735943971036996,-1.0055606680330693,7.327994223193758,0.998,3.0874285714285716,498.0,-0.0004392893793916386,0.0033009006411282016
3.573155107724308,-1.0054380573182182,7.331295123834886,0.998,3.087142857142857,499.0,-0.0004392893793916386,0.0033009006411282016
3.5727158183449164,-1.0053154466033671,7.334596024476014,0.998,3.0868571428571427,500.0,-0.0004392893793916386,0.0033009006411282016
3.5722765289655247,-1.005192835888516,7.337896925117143,0.998,3.0865714285714287,501.0,-0.0004392893793916386,0.0033009006411282016
3.571837239586133,-1.0050702251736652,7.341197825758271,0.998,3.0862857142857143,502.0,-0.0004392893793916386,0.0033009006411282016
3.5713979502067414,-1.004947614458814,7.344498726399399,0.998,3.0860000000000003,503.0,-0.0004392893793916386,0.0033009006411282016
3.57095866082735,-1.004825003743963,7.347799627040526,0.998,3.085714285714286,504.0,-0.0004392893793916386,0.0033009006411273134
3.570519371447958,-1.0047023930291121,7.351100527681655,0.998,3.0854285714285714,505.0,-0.0004392893793916386,0.0033009006411282016
3.5700800820685665,-1.004579782314261,7.354401428322783,0.998,3.0851428571428574,506.0,-0.0004392893793916386,0.0033009006411282016
3.569640792689175,-1.00445717159941,7.357702328963911,0.998,3.084857142857143,507.0,-0.0004392893793916386,0.0033009006411282016
3.5692015033097833,-1.0043345608845589,7.361003229605039,0.998,3.0845714285714285,508.0,-0.0004392893793916386,0.0033009006411282016
3.5687622139303916,-1.004211950169708,7.364304130246167,0.998,3.0842857142857145,509.0,-0.0004392893793916386,0.0033009006411282016
3.568322924551,-1.004089339454857,7.367605030887296,0.998,3.084,510.0,-0.0004392893793916386,0.0033009006411282016
3.5678995658042725,-1.0041928279131827,7.372909097717997,0.998,3.0835,511.0,-0.00042335874672749796,0.005304066830701615
3.567476207057545,-1.0042963163715084,7.378213164548699,0.998,3.083,512.0,-0.00042335874672749796,0.005304066830701615
3.5670528483108175,-1.004399804829834,7.3835172313794,0.998,3.0825,513.0,-0.00042335874672749796,0.005304066830701615
3.5666294895640895,-1.0045032932881597,7.388821298210101,0.998,3.082,514.0,-0.00042335874672794205,0.005304066830700727
3.566206130817362,-1.0046067817464854,7.394125365040803,0.998,3.0815,515.0,-0.00042335874672749796,0.005304066830701615
3.5657827720706345,-1.0047102702048112,7.399429431871504,0.998,3.081,516.0,-0.00042335874672749796,0.005304066830701615
3.565359413323907,-1.0048137586631367,7.404733498702206,0.998,3.0805000000000002,517.0,-0.00042335874672749796,0.005304066830701615
3.5649360545771795,-1.0049172471214625,7.410037565532908,0.998,3.08,518.0,-0.00042335874672749796,0.005304066830701615
3.564512695830452,-1.0050207355797882,7.415341632363609,0.998,3.0795,519.0,-0.00042335874672749796,0.005304066830701615
3.5640893370837246,-1.005124224038114,7.420645699194311,0.998,3.079,520.0,-0.00042335874672749796,0.005304066830701615
3.5636659783369966,-1.0052277124964397,7.4259497660250116,0.998,3.0785,521.0,-0.00042335874672794205,0.005304066830700727
3.563242619590269,-1.0053312009547652,7.431253832855713,0.998,3.078,522.0,-0.00042335874672749796,0.005304066830701615
3.5628192608435416,-1.005434689413091,7.436557899686415,0.998,3.0775,523.0,-0.00042335874672749796,0.005304066830701615
3.562395902096814,-1.0055381778714167,7.441861966517116,0.998,3.077,524.0,-0.00042335874672749796,0.005304066830701615
3.561995962284062,-1.0055536985440618,7.445473428899927,0.998,3.0766428571428572,525.0,-0.0003999398127523257,0.0036114623828105152
3.5615960224713095,-1.005569219216707,7.449084891282737,0.998,3.076285714285714,526.0,-0.0003999398127523257,0.0036114623828105152
3.561196082658557,-1.005584739889352,7.452696353665547,0.998,3.0759285714285713,527.0,-0.0003999398127523257,0.003611462382809627
3.560796142845805,-1.0056002605619971,7.456307816048358,0.998,3.0755714285714286,528.0,-0.0003999398127523257,0.0036114623828105152
3.5603962030330525,-1.0056157812346422,7.459919278431168,0.998,3.075214285714286,529.0,-0.0003999398127523257,0.0036114623828105152
3.5599962632203,-1.0056313019072873,7.463530740813979,0.998,3.0748571428571427,530.0,-0.0003999398127523257,0.0036114623828105152
3.559596323407548,-1.0056468225799324,7.467142203196788,0.998,3.0745,531.0,-0.0003999398127523257,0.003611462382809627
3.5591963835947955,-1.0056623432525773,7.470753665579599,0.998,3.0741428571428573,532.0,-0.0003999398127523257,0.0036114623828105152
3.558796443782043,-1.0056778639252224,7.474365127962409,0.998,3.073785714285714,533.0,-0.0003999398127523257,0.0036114623828105152
3.558396503969291,-1.0056933845978675,7.47797659034522,0.998,3.0734285714285714,534.0,-0.0003999398127523257,0.0036114623828105152
3.5579965641565385,-1.0057089052705126,7.48158805272803,0.998,3.0730714285714287,535.0,-0.0003999398127523257,0.0036114623828105152
3.557596624343786,-1.0057244259431577,7.48519951511084,0.998,3.072714285714286,536.0,-0.0003999398127523257,0.003611462382809627
3.557196684531034,-1.0057399466158028,7.48881097749365,0.998,3.072357142857143,537.0,-0.0003999398127523257,0.0036114623828105152
3.5567967447182816,-1.005755467288448,7.492422439876461,0.998,3.072,538.0,-0.0003999398127523257,0.0036114623828105152
3.556411693501023,-1.0057594743845533,7.494253364941766,0.998,3.0715714285714286,539.0,-0.0003850512172585141,0.0018309250653052445
3.5560266422837645,-1.0057634814806589,7.496084290007072,0.998,3.071142857142857,540.0,-0.0003850512172585141,0.0018309250653061326
3.5556415910665065,-1.0057674885767642,7.497915215072378,0.998,3.0707142857142857,541.0,-0.00038505121725807,0.0018309250653052445
3.555256539849248,-1.0057714956728696,7.499746140137683,0.998,3.0702857142857143,542.0,-0.0003850512172585141,0.0018309250653052445
3.5548714886319894,-1.005775502768975,7.501577065202989,0.998,3.069857142857143,543.0,-0.0003850512172585141,0.0018309250653061326
3.554486437414731,-1.0057795098650806,7.503407990268294,0.998,3.0694285714285714,544.0,-0.0003850512172585141,0.0018309250653052445
3.5541013861974724,-1.005783516961186,7.5052389153336,0.998,3.069,545.0,-0.0003850512172585141,0.0018309250653061326
3.5537163349802143,-1.0057875240572913,7.507069840398906,0.998,3.0685714285714285,546.0,-0.00038505121725807,0.0018309250653052445
3.553331283762956,-1.005791531153397,7.508900765464211,0.998,3.068142857142857,547.0,-0.0003850512172585141,0.0018309250653052445
3.5529462325456973,-1.0057955382495023,7.510731690529517,0.998,3.0677142857142856,548.0,-0.0003850512172585141,0.0018309250653061326
3.552561181328439,-1.0057995453456077,7.512562615594822,0.998,3.067285714285714,549.0,-0.0003850512172585141,0.0018309250653052445
3.5521761301111807,-1.005803552441713,7.514393540660127,0.998,3.0668571428571427,550.0,-0.00038505121725807,0.0018309250653052445
3.551791078893922,-1.0058075595378186,7.516224465725434,0.998,3.0664285714285713,551.0,-0.0003850512172585141,0.0018309250653061326
3.5514060276766637,-1.005811566633924,7.518055390790739,0.998,3.066,552.0,-0.0003850512172585141,0.0018309250653052445
3.5509982175887225,-1.0058390004018256,7.521611121473376,0.998,3.0656923076923075,553.0,-0.0004078100879412183,0.0035557306826374813
3.550590407500781,-1.0058664341697272,7.525166852156015,0.998,3.065384615384615,554.0,-0.0004078100879416624,0.0035557306826383694
3.5501825974128396,-1.0058938679376288,7.528722582838652,0.998,3.065076923076923,555.0,-0.0004078100879412183,0.0035557306826374813
3.549774787324898,-1.0059213017055302,7.5322783135212905,0.998,3.0647692307692305,556.0,-0.0004078100879416624,0.0035557306826383694
3.5493669772369567,-1.0059487354734318,7.535834044203928,0.998,3.064461538461538,557.0,-0.0004078100879412183,0.0035557306826374813
3.548959167149015,-1.0059761692413334,7.5393897748865655,0.998,3.064153846153846,558.0,-0.0004078100879416624,0.0035557306826374813
3.548551357061074,-1.006003603009235,7.542945505569204,0.998,3.063846153846154,559.0,-0.0004078100879412183,0.0035557306826383694
3.548143546973132,-1.0060310367771366,7.546501236251841,0.998,3.0635384615384615,560.0,-0.0004078100879416624,0.0035557306826374813
3.547735736885191,-1.0060584705450382,7.550056966934479,0.998,3.063230769230769,561.0,-0.0004078100879412183,0.0035557306826374813
3.5473279267972493,-1.0060859043129395,7.553612697617117,0.998,3.062923076923077,562.0,-0.0004078100879416624,0.0035557306826383694
3.546920116709308,-1.0061133380808411,7.557168428299755,0.998,3.0626153846153845,563.0,-0.0004078100879412183,0.0035557306826374813
3.5465123066213664,-1.0061407718487427,7.560724158982393,0.998,3.062307692307692,564.0,-0.0004078100879416624,0.0035557306826383694
3.546104496533425,-1.0061682056166443,7.5642798896650305,0.998,3.062,565.0,-0.0004078100879412183,0.0035557306826374813
3.545752743454023,-1.0061792486452212,7.567140182669057,0.998,3.0615714285714284,566.0,-0.0003517530794021617,0.0028602930040264596
3.545400990374621,-1.0061902916737981,7.570000475673083,0.998,3.061142857142857,567.0,-0.0003517530794021617,0.0028602930040264596
3.545049237295219,-1.006201334702375,7.572860768677109,0.998,3.0607142857142855,568.0,-0.00035175307940171763,0.0028602930040255714
3.544697484215817,-1.006212377730952,7.5757210616811355,0.998,3.060285714285714,569.0,-0.0003517530794021617,0.0028602930040264596
3.544345731136415,-1.0062234207595289,7.578581354685162,0.998,3.0598571428571426,570.0,-0.0003517530794021617,0.0028602930040264596
3.5439939780570127,-1.0062344637881058,7.581441647689188,0.998,3.059428571428571,571.0,-0.0003517530794021617,0.0028602930040264596
3.5436422249776105,-1.0062455068166827,7.584301940693214,0.998,3.0589999999999997,572.0,-0.0003517530794021617,0.0028602930040255714
3.543290471898209,-1.0062565498452594,7.58716223369724,0.998,3.0585714285714287,573.0,-0.00035175307940171763,0.0028602930040264596
3.5429387188188066,-1.0062675928738363,7.590022526701267,0.998,3.0581428571428573,574.0,-0.0003517530794021617,0.0028602930040264596
3.5425869657394045,-1.0062786359024132,7.592882819705293,0.998,3.057714285714286,575.0,-0.0003517530794021617,0.0028602930040264596
3.5422352126600023,-1.00628967893099,7.59574311270932,0.998,3.0572857142857144,576.0,-0.0003517530794021617,0.0028602930040264596
3.5418834595806006,-1.006300721959567,7.598603405713345,0.998,3.056857142857143,577.0,-0.00035175307940171763,0.0028602930040255714
3.5415317065011984,-1.006311764988144,7.601463698717372,0.998,3.0564285714285715,578.0,-0.0003517530794021617,0.0028602930040264596
3.5411799534217963,-1.0063228080167208,7.604323991721398,0.998,3.056,579.0,-0.0003517530794021617,0.0028602930040264596
3.540829038643809,-1.006318359821586,7.608266926794698,0.998,3.0557142857142856,580.0,-0.00035091477798721016,0.0039429350733000135
3.5404781238658214,-1.006313911626451,7.612209861867998,0.998,3.0554285714285716,581.0,-0.00035091477798765425,0.0039429350733000135
3.540127209087834,-1.006309463431316,7.616152796941298,0.998,3.055142857142857,582.0,-0.00035091477798721016,0.0039429350733000135
3.5397762943098465,-1.0063050152361812,7.620095732014599,0.998,3.0548571428571427,583.0,-0.00035091477798765425,0.003942935073300902
3.5394253795318593,-1.0063005670410463,7.624038667087899,0.998,3.0545714285714287,584.0,-0.00035091477798721016,0.0039429350733000135
3.5390744647538717,-1.0062961188459114,7.627981602161199,0.998,3.0542857142857143,585.0,-0.00035091477798765425,0.0039429350733000135
3.5387235499758845,-1.0062916706507763,7.631924537234499,0.998,3.0540000000000003,586.0,-0.00035091477798721016,0.0039429350733000135
3.5383726351978972,-1.0062872224556414,7.635867472307799,0.998,3.053714285714286,587.0,-0.00035091477798721016,0.0039429350733000135
3.5380217204199096,-1.0062827742605065,7.639810407381099,0.998,3.0534285714285714,588.0,-0.00035091477798765425,0.0039429350733000135
3.5376708056419224,-1.0062783260653716,7.643753342454399,0.998,3.0531428571428574,589.0,-0.00035091477798721016,0.0039429350733000135
3.5373198908639347,-1.0062738778702367,7.6476962775277,0.998,3.052857142857143,590.0,-0.00035091477798765425,0.003942935073300902
3.5369689760859475,-1.0062694296751018,7.651639212601,0.998,3.0525714285714285,591.0,-0.00035091477798721016,0.0039429350733000135
3.53661806130796,-1.006264981479967,7.6555821476743,0.998,3.0522857142857145,592.0,-0.00035091477798765425,0.0039429350733000135
3.5362671465299726,-1.006260533284832,7.6595250827476,0.998,3.052,593.0,-0.00035091477798721016,0.0039429350733000135
3.53592191732032,-1.0061918550908837,7.661816547604947,0.998,3.0517142857142856,594.0,-0.0003452292096528531,0.002291464857346881
3.535576688110667,-1.0061231768969356,7.664108012462293,0.998,3.0514285714285716,595.0,-0.0003452292096528531,0.002291464857345993
3.535231458901014,-1.0060544987029876,7.66639947731964,0.998,3.051142857142857,596.0,-0.0003452292096528531,0.002291464857346881
3.534886229691361,-1.0059858205090393,7.668690942176987,0.998,3.0508571428571427,597.0,-0.0003452292096532972,0.002291464857346881
3.534541000481708,-1.005917142315091,7.670982407034333,0.998,3.0505714285714287,598.0,-0.0003452292096528531,0.002291464857345993
3.534195771272055,-1.005848464121143,7.67327387189168,0.998,3.0502857142857143,599.0,-0.0003452292096528531,0.002291464857346881
3.5338505420624022,-1.0057797859271949,7.675565336749027,0.998,3.0500000000000003,600.0,-0.0003452292096528531,0.002291464857346881
3.5335053128527494,-1.0057111077332466,7.677856801606373,0.998,3.049714285714286,601.0,-0.0003452292096528531,0.002291464857345993
3.5331600836430965,-1.0056424295392983,7.6801482664637195,0.998,3.0494285714285714,602.0,-0.0003452292096528531,0.002291464857346881
3.5328148544334437,-1.0055737513453502,7.6824397313210655,0.998,3.0491428571428574,603.0,-0.0003452292096528531,0.002291464857345993
3.5324696252237904,-1.0055050731514021,7.684731196178412,0.998,3.048857142857143,604.0,-0.0003452292096532972,0.002291464857346881
3.5321243960141375,-1.0054363949574538,7.687022661035759,0.998,3.0485714285714285,605.0,-0.0003452292096528531,0.002291464857346881
3.5317791668044847,-1.0053677167635056,7.689314125893105,0.998,3.0482857142857145,606.0,-0.0003452292096528531,0.002291464857345993
3.531433937594832,-1.0052990385695575,7.691605590750452,0.998,3.048,607.0,-0.0003452292096528531,0.002291464857346881
3.5311040224837815,-1.005365731471517,7.693990739122901,0.998,3.0476428571428573,608.0,-0.00032991511105029403,0.002385148372448853
3.5307741073727312,-1.0054324243734765,7.696375887495349,0.998,3.047285714285714,609.0,-0.00032991511105029403,0.002385148372447965
3.530444192261681,-1.0054991172754357,7.698761035867798,0.998,3.0469285714285714,610.0,-0.00032991511105029403,0.002385148372448853
3.5301142771506306,-1.0055658101773952,7.701146184240247,0.998,3.0465714285714287,611.0,-0.00032991511105029403,0.002385148372448853
3.5297843620395803,-1.0056325030793547,7.703531332612695,0.998,3.046214285714286,612.0,-0.00032991511105029403,0.002385148372447965
3.52945444692853,-1.0056991959813142,7.7059164809851435,0.998,3.045857142857143,613.0,-0.00032991511105029403,0.002385148372448853
3.5291245318174798,-1.0057658888832735,7.708301629357592,0.998,3.0455,614.0,-0.00032991511105029403,0.002385148372448853
3.5287946167064295,-1.005832581785233,7.71068677773004,0.998,3.0451428571428574,615.0,-0.00032991511105029403,0.002385148372447965
3.528464701595379,-1.0058992746871924,7.713071926102489,0.998,3.044785714285714,616.0,-0.00032991511105029403,0.002385148372448853
3.528134786484329,-1.005965967589152,7.715457074474937,0.998,3.0444285714285715,617.0,-0.00032991511105029403,0.002385148372447965
3.5278048713732786,-1.0060326604911114,7.717842222847386,0.998,3.0440714285714288,618.0,-0.00032991511105029403,0.002385148372448853
3.5274749562622283,-1.0060993533930707,7.720227371219835,0.998,3.043714285714286,619.0,-0.00032991511105029403,0.002385148372448853
3.527145041151178,-1.0061660462950301,7.722612519592283,0.998,3.043357142857143,620.0,-0.00032991511105029403,0.002385148372447965
3.5268151260401277,-1.0062327391969896,7.724997667964732,0.998,3.043,621.0,-0.00032991511105029403,0.002385148372448853
3.526490192709333,-1.0062253521564257,7.7280604751044875,0.998,3.0426428571428574,622.0,-0.0003249333307948632,0.0030628071397558188
3.5261652593785375,-1.006217965115862,7.731123282244244,0.998,3.0422857142857143,623.0,-0.0003249333307953073,0.003062807139756707
3.5258403260477427,-1.0062105780752981,7.734186089384,0.998,3.0419285714285715,624.0,-0.0003249333307948632,0.0030628071397558188
3.525515392716948,-1.0062031910347342,7.737248896523757,0.998,3.041571428571429,625.0,-0.0003249333307948632,0.003062807139756707
3.5251904593861525,-1.0061958039941703,7.7403117036635125,0.998,3.0412142857142856,626.0,-0.0003249333307953073,0.0030628071397558188
3.5248655260553576,-1.0061884169536066,7.743374510803269,0.998,3.040857142857143,627.0,-0.0003249333307948632,0.003062807139756707
3.5245405927245623,-1.0061810299130427,7.746437317943025,0.998,3.0404999999999998,628.0,-0.0003249333307953073,0.0030628071397558188
3.5242156593937675,-1.0061736428724788,7.749500125082781,0.998,3.040142857142857,629.0,-0.0003249333307948632,0.0030628071397558188
3.5238907260629726,-1.006166255831915,7.752562932222538,0.998,3.0397857142857143,630.0,-0.0003249333307948632,0.003062807139756707
3.5235657927321773,-1.0061588687913512,7.755625739362293,0.998,3.039428571428571,631.0,-0.0003249333307953073,0.0030628071397558188
3.5232408594013824,-1.0061514817507873,7.75868854650205,0.998,3.0390714285714284,632.0,-0.0003249333307948632,0.003062807139756707
3.5229159260705876,-1.0061440947102234,7.761751353641806,0.998,3.0387142857142857,633.0,-0.0003249333307948632,0.0030628071397558188
3.5225909927397923,-1.0061367076696597,7.764814160781563,0.998,3.0383571428571425,634.0,-0.0003249333307953073,0.003062807139756707
3.5222660594089974,-1.0061293206290958,7.767876967921318,0.998,3.038,635.0,-0.0003249333307948632,0.0030628071397558188
3.5219470700820508,-1.006118568389514,7.7710916473275615,0.998,3.0377142857142854,636.0,-0.0003189893269466282,0.003214679406243093
3.5216280807551046,-1.0061078161499322,7.774306326733804,0.998,3.0374285714285714,637.0,-0.0003189893269461841,0.0032146794062422046
3.521309091428158,-1.0060970639103504,7.777521006140047,0.998,3.037142857142857,638.0,-0.0003189893269466282,0.003214679406243093
3.5209901021012118,-1.0060863116707686,7.78073568554629,0.998,3.0368571428571425,639.0,-0.0003189893269461841,0.003214679406243093
3.520671112774265,-1.0060755594311868,7.783950364952533,0.998,3.0365714285714285,640.0,-0.0003189893269466282,0.003214679406243093
3.520352123447319,-1.006064807191605,7.787165044358775,0.998,3.036285714285714,641.0,-0.0003189893269461841,0.0032146794062422046
3.5200331341203723,-1.0060540549520232,7.790379723765018,0.998,3.036,642.0,-0.0003189893269466282,0.003214679406243093
3.5197141447934257,-1.0060433027124411,7.793594403171261,0.998,3.0357142857142856,643.0,-0.0003189893269466282,0.003214679406243093
3.5193951554664795,-1.0060325504728593,7.796809082577504,0.998,3.035428571428571,644.0,-0.0003189893269461841,0.0032146794062422046
3.519076166139533,-1.0060217982332775,7.800023761983747,0.998,3.035142857142857,645.0,-0.0003189893269466282,0.003214679406243093
3.5187571768125867,-1.0060110459936957,7.80323844138999,0.998,3.0348571428571427,646.0,-0.0003189893269461841,0.003214679406243093
3.51843818748564,-1.006000293754114,7.806453120796233,0.998,3.0345714285714283,647.0,-0.0003189893269466282,0.003214679406243093
3.518119198158694,-1.0059895415145321,7.809667800202475,0.998,3.0342857142857143,648.0,-0.0003189893269461841,0.0032146794062422046
3.5178002088317473,-1.0059787892749503,7.812882479608718,0.998,3.034,649.0,-0.0003189893269466282,0.003214679406243093
3.5174747943205698,-1.0060040643467512,7.815526918803464,0.998,3.0337142857142854,650.0,-0.0003254145111775131,0.0026444391947455514
3.517149379809392,-1.0060293394185522,7.81817135799821,0.998,3.0334285714285714,651.0,-0.00032541451117795717,0.0026444391947464396
3.5168239652982143,-1.006054614490353,7.820815797192956,0.998,3.033142857142857,652.0,-0.0003254145111775131,0.0026444391947455514
3.5164985507870363,-1.0060798895621539,7.823460236387701,0.998,3.0328571428571425,653.0,-0.00032541451117795717,0.0026444391947455514
3.516173136275859,-1.0061051646339547,7.826104675582448,0.998,3.0325714285714285,654.0,-0.0003254145111775131,0.0026444391947464396
3.515847721764681,-1.0061304397057558,7.828749114777193,0.998,3.032285714285714,655.0,-0.00032541451117795717,0.0026444391947455514
3.5155223072535033,-1.0061557147775566,7.831393553971939,0.998,3.032,656.0,-0.0003254145111775131,0.0026444391947455514
3.515196892742326,-1.0061809898493574,7.834037993166685,0.998,3.0317142857142856,657.0,-0.0003254145111775131,0.0026444391947464396
3.514871478231148,-1.0062062649211585,7.836682432361431,0.998,3.031428571428571,658.0,-0.00032541451117795717,0.0026444391947455514
3.5145460637199704,-1.0062315399929593,7.839326871556177,0.998,3.031142857142857,659.0,-0.0003254145111775131,0.0026444391947464396
3.5142206492087924,-1.0062568150647602,7.841971310750923,0.998,3.0308571428571427,660.0,-0.00032541451117795717,0.0026444391947455514
3.513895234697615,-1.006282090136561,7.844615749945668,0.998,3.0305714285714282,661.0,-0.0003254145111775131,0.0026444391947455514
3.513569820186437,-1.006307365208362,7.847260189140415,0.998,3.0302857142857142,662.0,-0.00032541451117795717,0.0026444391947464396
3.5132444056752594,-1.006332640280163,7.84990462833516,0.998,3.03,663.0,-0.0003254145111775131,0.0026444391947455514
3.5129365743389456,-1.0062877690455898,7.85344201417305,0.998,3.0297142857142854,664.0,-0.0003078313363138463,0.0035373858378893175
3.5126287430026317,-1.006242897811017,7.856979400010939,0.998,3.0294285714285714,665.0,-0.0003078313363138463,0.0035373858378893175
3.512320911666318,-1.0061980265764439,7.860516785848828,0.998,3.029142857142857,666.0,-0.0003078313363138463,0.0035373858378893175
3.512013080330004,-1.006153155341871,7.864054171686718,0.998,3.0288571428571425,667.0,-0.0003078313363138463,0.0035373858378893175
3.51170524899369,-1.006108284107298,7.867591557524607,0.998,3.0285714285714285,668.0,-0.0003078313363138463,0.0035373858378893175
3.5113974176573763,-1.006063412872725,7.871128943362496,0.998,3.028285714285714,669.0,-0.0003078313363138463,0.0035373858378893175
3.5110895863210625,-1.006018541638152,7.874666329200386,0.998,3.028,670.0,-0.0003078313363138463,0.0035373858378893175
3.510781754984748,-1.0059736704035789,7.878203715038275,0.998,3.0277142857142856,671.0,-0.0003078313363142904,0.0035373858378893175
3.5104739236484344,-1.005928799169006,7.881741100876164,0.998,3.027428571428571,672.0,-0.0003078313363138463,0.0035373858378893175
3.5101660923121205,-1.005883927934433,7.8852784867140535,0.998,3.027142857142857,673.0,-0.0003078313363138463,0.0035373858378893175
3.5098582609758067,-1.00583905669986,7.888815872551943,0.998,3.0268571428571427,674.0,-0.0003078313363138463,0.0035373858378893175
3.509550429639493,-1.005794185465287,7.892353258389832,0.998,3.0265714285714282,675.0,-0.0003078313363138463,0.0035373858378893175
3.509242598303179,-1.0057493142307141,7.8958906442277215,0.998,3.0262857142857142,676.0,-0.0003078313363138463,0.0035373858378893175
3.508934766966865,-1.005704442996141,7.899428030065611,0.998,3.026,677.0,-0.0003078313363138463,0.0035373858378893175
3.5086315968642365,-1.0057178771234503,7.902510551883869,0.998,3.0257142857142854,678.0,-0.00030317010262859156,0.003082521818257966
3.508328426761608,-1.0057313112507595,7.905593073702128,0.998,3.0254285714285714,679.0,-0.00030317010262859156,0.0030825218182588543
3.5080252566589794,-1.005744745378069,7.908675595520386,0.998,3.025142857142857,680.0,-0.00030317010262859156,0.003082521818257966
3.5077220865563508,-1.0057581795053783,7.9117581173386435,0.998,3.0248571428571425,681.0,-0.00030317010262859156,0.003082521818257966
3.507418916453722,-1.0057716136326875,7.914840639156902,0.998,3.0245714285714285,682.0,-0.00030317010262859156,0.0030825218182588543
3.5071157463510936,-1.0057850477599968,7.91792316097516,0.998,3.024285714285714,683.0,-0.00030317010262859156,0.003082521818257966
3.506812576248465,-1.0057984818873063,7.921005682793418,0.998,3.024,684.0,-0.00030317010262859156,0.003082521818257966
3.506509406145837,-1.0058119160146155,7.924088204611677,0.998,3.0237142857142856,685.0,-0.0003031701026281475,0.0030825218182588543
3.5062062360432082,-1.0058253501419248,7.927170726429935,0.998,3.023428571428571,686.0,-0.00030317010262859156,0.003082521818257966
3.5059030659405797,-1.005838784269234,7.930253248248194,0.998,3.023142857142857,687.0,-0.00030317010262859156,0.0030825218182588543
3.505599895837951,-1.0058522183965433,7.933335770066452,0.998,3.0228571428571427,688.0,-0.00030317010262859156,0.003082521818257966
3.5052967257353225,-1.0058656525238527,7.93641829188471,0.998,3.0225714285714282,689.0,-0.00030317010262859156,0.003082521818257966
3.504993555632694,-1.005879086651162,7.939500813702969,0.998,3.0222857142857142,690.0,-0.00030317010262859156,0.0030825218182588543
3.5046903855300653,-1.0058925207784712,7.942583335521227,0.998,3.022,691.0,-0.00030317010262859156,0.003082521818257966
3.5043685799610405,-1.0058985620764909,7.945698831625143,0.998,3.0216923076923075,692.0,-0.0003218055690248356,0.003115496103916371
3.5040467743920156,-1.0059046033745105,7.948814327729059,0.998,3.021384615384615,693.0,-0.0003218055690248356,0.0031154961039154827
3.503724968822991,-1.00591064467253,7.951929823832975,0.998,3.0210769230769228,694.0,-0.0003218055690248356,0.003115496103916371
3.503403163253966,-1.00591668597055,7.9550453199368905,0.998,3.0207692307692304,695.0,-0.0003218055690248356,0.0031154961039154827
3.503081357684941,-1.0059227272685696,7.958160816040807,0.998,3.020461538461538,696.0,-0.0003218055690248356,0.003115496103916371
3.5027595521159163,-1.0059287685665892,7.961276312144722,0.998,3.0201538461538457,697.0,-0.0003218055690248356,0.0031154961039154827
3.502437746546891,-1.0059348098646088,7.964391808248639,0.998,3.019846153846154,698.0,-0.0003218055690252797,0.003115496103916371
3.502115940977866,-1.0059408511626284,7.967507304352554,0.998,3.0195384615384615,699.0,-0.0003218055690248356,0.0031154961039154827
3.5017941354088413,-1.005946892460648,7.9706228004564705,0.998,3.019230769230769,700.0,-0.0003218055690248356,0.003115496103916371
3.5014723298398165,-1.005952933758668,7.973738296560386,0.998,3.018923076923077,701.0,-0.0003218055690248356,0.0031154961039154827
3.5011505242707917,-1.0059589750566875,7.976853792664302,0.998,3.0186153846153845,702.0,-0.0003218055690248356,0.003115496103916371
3.500828718701767,-1.0059650163547071,7.979969288768218,0.998,3.018307692307692,703.0,-0.0003218055690248356,0.0031154961039154827
3.500506913132742,-1.0059710576527268,7.983084784872134,0.998,3.018,704.0,-0.0003218055690248356,0.003115496103916371
3.500206842952655,-1.0059462197913769,7.984692197367881,0.998,3.017642857142857,705.0,-0.00030007018008681996,0.0016074124957468072
3.4999067727725683,-1.005921381930027,7.986299609863628,0.998,3.017285714285714,706.0,-0.00030007018008681996,0.0016074124957468072
3.499606702592481,-1.0058965440686773,7.987907022359374,0.998,3.016928571428571,707.0,-0.00030007018008726405,0.001607412495745919
3.4993066324123943,-1.0058717062073275,7.989514434855121,0.998,3.0165714285714285,708.0,-0.00030007018008681996,0.0016074124957468072
3.4990065622323074,-1.0058468683459776,7.991121847350867,0.998,3.0162142857142857,709.0,-0.00030007018008681996,0.0016074124957468072
3.4987064920522206,-1.0058220304846277,7.992729259846614,0.998,3.0158571428571426,710.0,-0.00030007018008681996,0.0016074124957468072
3.498406421872134,-1.0057971926232778,7.99433667234236,0.998,3.0155,711.0,-0.00030007018008681996,0.001607412495745919
3.4981063516920465,-1.0057723547619282,7.995944084838107,0.998,3.015142857142857,712.0,-0.00030007018008726405,0.0016074124957468072
3.4978062815119597,-1.0057475169005783,7.997551497333854,0.998,3.014785714285714,713.0,-0.00030007018008681996,0.0016074124957468072
3.497506211331873,-1.0057226790392284,7.9991589098296005,0.998,3.0144285714285712,714.0,-0.00030007018008681996,0.0016074124957468072
3.497206141151786,-1.0056978411778785,8.000766322325347,0.998,3.0140714285714285,715.0,-0.00030007018008681996,0.0016074124957468072
3.496906070971699,-1.0056730033165289,8.002373734821093,0.998,3.013714285714286,716.0,-0.00030007018008726405,0.001607412495745919
3.496606000791612,-1.005648165455179,8.003981147316841,0.998,3.0133571428571426,717.0,-0.00030007018008681996,0.0016074124957476954
3.496305930611525,-1.005623327593829,8.005588559812587,0.998,3.013,718.0,-0.00030007018008681996,0.001607412495745919
3.49601433439502,-1.0056487144216137,8.007802701438328,0.998,3.0127142857142855,719.0,-0.00029159621650531875,0.002214141625740851
3.4957227381785145,-1.0056741012493982,8.010016843064069,0.998,3.0124285714285715,720.0,-0.00029159621650531875,0.002214141625740851
3.495431141962009,-1.0056994880771828,8.01223098468981,0.998,3.012142857142857,721.0,-0.00029159621650531875,0.002214141625740851
3.495139545745504,-1.0057248749049674,8.01444512631555,0.998,3.0118571428571426,722.0,-0.00029159621650531875,0.002214141625740851
3.4948479495289986,-1.0057502617327518,8.016659267941291,0.998,3.0115714285714286,723.0,-0.00029159621650531875,0.002214141625740851
3.4945563533124933,-1.0057756485605365,8.018873409567032,0.998,3.011285714285714,724.0,-0.00029159621650531875,0.002214141625740851
3.494264757095988,-1.0058010353883209,8.021087551192771,0.998,3.011,725.0,-0.00029159621650531875,0.0022141416257390745
3.4939731608794826,-1.0058264222161055,8.023301692818512,0.998,3.0107142857142857,726.0,-0.00029159621650531875,0.002214141625740851
3.4936815646629773,-1.0058518090438902,8.025515834444253,0.998,3.0104285714285712,727.0,-0.00029159621650531875,0.002214141625740851
3.493389968446472,-1.0058771958716746,8.027729976069994,0.998,3.0101428571428572,728.0,-0.00029159621650531875,0.002214141625740851
3.4930983722299667,-1.0059025826994592,8.029944117695734,0.998,3.009857142857143,729.0,-0.00029159621650531875,0.002214141625740851
3.4928067760134613,-1.0059279695272438,8.032158259321475,0.998,3.0095714285714283,730.0,-0.00029159621650531875,0.002214141625740851
3.492515179796956,-1.0059533563550282,8.034372400947216,0.998,3.0092857142857143,731.0,-0.00029159621650531875,0.002214141625740851
3.4922235835804507,-1.0059787431828129,8.036586542572957,0.998,3.009,732.0,-0.00029159621650531875,0.002214141625740851
3.4919353318332624,-1.0059585948844032,8.03897105260192,0.998,3.008642857142857,733.0,-0.00028825174718827284,0.002384510028962339
3.491647080086074,-1.0059384465859937,8.041355562630883,0.998,3.008285714285714,734.0,-0.00028825174718827284,0.0023845100289641152
3.4913588283388863,-1.0059182982875843,8.043740072659846,0.998,3.0079285714285713,735.0,-0.00028825174718782876,0.002384510028962339
3.491070576591698,-1.0058981499891746,8.046124582688808,0.998,3.0075714285714286,736.0,-0.00028825174718827284,0.002384510028962339
3.49078232484451,-1.005878001690765,8.048509092717772,0.998,3.007214285714286,737.0,-0.00028825174718827284,0.0023845100289641152
3.4904940730973215,-1.0058578533923554,8.050893602746735,0.998,3.0068571428571427,738.0,-0.00028825174718827284,0.002384510028962339
3.4902058213501332,-1.005837705093946,8.053278112775699,0.998,3.0065,739.0,-0.00028825174718827284,0.0023845100289641152
3.4899175696029454,-1.0058175567955363,8.055662622804661,0.998,3.0061428571428572,740.0,-0.00028825174718782876,0.002384510028962339
3.489629317855757,-1.0057974084971266,8.058047132833623,0.998,3.005785714285714,741.0,-0.00028825174718827284,0.002384510028962339
3.489341066108569,-1.0057772601987172,8.060431642862588,0.998,3.0054285714285713,742.0,-0.00028825174718827284,0.0023845100289641152
3.4890528143613806,-1.0057571119003077,8.06281615289155,0.998,3.0050714285714286,743.0,-0.00028825174718827284,0.002384510028962339
3.4887645626141928,-1.005736963601898,8.065200662920512,0.998,3.004714285714286,744.0,-0.00028825174718782876,0.002384510028962339
3.4884763108670045,-1.0057168153034883,8.067585172949476,0.998,3.0043571428571427,745.0,-0.00028825174718827284,0.0023845100289641152
3.488188059119816,-1.0056966670050789,8.069969682978439,0.998,3.004,746.0,-0.00028825174718827284,0.002384510028962339
3.487900726550904,-1.0057210124255787,8.07218584498266,0.998,3.0037142857142856,747.0,-0.0002873325689121131,0.002216162004220479
3.487613393981992,-1.0057453578460782,8.074402006986878,0.998,3.0034285714285716,748.0,-0.0002873325689121131,0.0022161620042187025
3.4873260614130794,-1.005769703266578,8.076618168991097,0.998,3.003142857142857,749.0,-0.0002873325689125572,0.0022161620042187025
3.4870387288441673,-1.0057940486870778,8.078834330995317,0.998,3.0028571428571427,750.0,-0.0002873325689121131,0.002216162004220479
3.486751396275255,-1.0058183941075773,8.081050492999537,0.998,3.0025714285714287,751.0,-0.0002873325689121131,0.002216162004220479
3.486464063706343,-1.0058427395280771,8.083266655003756,0.998,3.0022857142857142,752.0,-0.0002873325689121131,0.0022161620042187025
3.486176731137431,-1.0058670849485767,8.085482817007975,0.998,3.0020000000000002,753.0,-0.0002873325689121131,0.0022161620042187025
3.4858893985685184,-1.0058914303690765,8.087698979012195,0.998,3.001714285714286,754.0,-0.0002873325689125572,0.002216162004220479
3.4856020659996063,-1.0059157757895762,8.089915141016416,0.998,3.0014285714285713,755.0,-0.0002873325689121131,0.002216162004220479
3.485314733430694,-1.0059401212100758,8.092131303020635,0.998,3.0011428571428573,756.0,-0.0002873325689121131,0.0022161620042187025
3.485027400861782,-1.0059644666305756,8.094347465024853,0.998,3.000857142857143,757.0,-0.0002873325689121131,0.0022161620042187025
3.4847400682928695,-1.0059888120510754,8.096563627029074,0.998,3.0005714285714284,758.0,-0.0002873325689125572,0.002216162004220479
3.4844527357239574,-1.006013157471575,8.098779789033294,0.998,3.0002857142857144,759.0,-0.0002873325689121131,0.002216162004220479
3.4841654031550453,-1.0060375028920747,8.100995951037513,0.998,3.0,760.0,-0.0002873325689121131,0.0022161620042187025
3.4838811496097963,-1.0060148972057994,8.105251936087493,0.998,2.9997857142857143,761.0,-0.0002842535452489692,0.004255985049979927
3.483596896064548,-1.0059922915195243,8.109507921137473,0.998,2.9995714285714286,762.0,-0.0002842535452485251,0.004255985049979927
3.483312642519299,-1.005969685833249,8.113763906187454,0.998,2.999357142857143,763.0,-0.0002842535452489692,0.004255985049981703
3.48302838897405,-1.0059470801469736,8.118019891237434,0.998,2.999142857142857,764.0,-0.0002842535452489692,0.004255985049979927
3.4827441354288013,-1.0059244744606985,8.122275876287414,0.998,2.9989285714285714,765.0,-0.0002842535452485251,0.004255985049979927
3.4824598818835524,-1.0059018687744232,8.126531861337394,0.998,2.9987142857142857,766.0,-0.0002842535452489692,0.004255985049979927
3.482175628338304,-1.0058792630881481,8.130787846387376,0.998,2.9985,767.0,-0.0002842535452485251,0.004255985049981703
3.481891374793055,-1.0058566574018728,8.135043831437356,0.998,2.998285714285714,768.0,-0.0002842535452489692,0.004255985049979927
3.481607121247806,-1.0058340517155975,8.139299816487336,0.998,2.9980714285714285,769.0,-0.0002842535452489692,0.004255985049979927
3.4813228677025574,-1.0058114460293224,8.143555801537316,0.998,2.9978571428571428,770.0,-0.0002842535452485251,0.004255985049979927
3.4810386141573084,-1.005788840343047,8.147811786587296,0.998,2.997642857142857,771.0,-0.0002842535452489692,0.004255985049979927
3.4807543606120595,-1.0057662346567717,8.152067771637277,0.998,2.9974285714285713,772.0,-0.0002842535452489692,0.004255985049981703
3.480470107066811,-1.0057436289704966,8.156323756687257,0.998,2.9972142857142856,773.0,-0.0002842535452485251,0.004255985049979927
3.480185853521562,-1.0057210232842213,8.160579741737237,0.998,2.997,774.0,-0.0002842535452489692,0.004255985049979927
3.479894978597233,-1.0056498284641666,8.161246190823285,0.998,2.9967142857142854,775.0,-0.0002908749243291098,0.0006664490860472938
3.4796041036729037,-1.005578633644112,8.161912639909332,0.998,2.9964285714285714,776.0,-0.0002908749243291098,0.0006664490860472938
3.479313228748574,-1.0055074388240572,8.162579088995377,0.998,2.996142857142857,777.0,-0.00029087492432955386,0.0006664490860455174
3.479022353824245,-1.0054362440040026,8.163245538081425,0.998,2.9958571428571426,778.0,-0.0002908749243291098,0.0006664490860472938
3.478731478899916,-1.0053650491839479,8.163911987167472,0.998,2.9955714285714286,779.0,-0.0002908749243291098,0.0006664490860472938
3.478440603975587,-1.0052938543638932,8.16457843625352,0.998,2.995285714285714,780.0,-0.0002908749243291098,0.0006664490860472938
3.4781497290512577,-1.0052226595438385,8.165244885339565,0.998,2.995,781.0,-0.0002908749243291098,0.0006664490860455174
3.477858854126928,-1.005151464723784,8.165911334425612,0.998,2.9947142857142857,782.0,-0.00029087492432955386,0.0006664490860472938
3.477567979202599,-1.0050802699037293,8.16657778351166,0.998,2.994428571428571,783.0,-0.0002908749243291098,0.0006664490860472938
3.47727710427827,-1.0050090750836747,8.167244232597707,0.998,2.994142857142857,784.0,-0.0002908749243291098,0.0006664490860472938
3.476986229353941,-1.00493788026362,8.167910681683754,0.998,2.9938571428571428,785.0,-0.0002908749243291098,0.0006664490860472938
3.4766953544296113,-1.0048666854435653,8.1685771307698,0.998,2.9935714285714283,786.0,-0.00029087492432955386,0.0006664490860455174
3.476404479505282,-1.0047954906235106,8.169243579855847,0.998,2.9932857142857143,787.0,-0.0002908749243291098,0.0006664490860472938
3.476113604580953,-1.004724295803456,8.169910028941894,0.998,2.993,788.0,-0.0002908749243291098,0.0006664490860472938
3.4758166645500523,-1.0047678534895235,8.174723650457969,0.998,2.9926923076923075,789.0,-0.0002969400309007497,0.004813621516074562
3.475519724519152,-1.0048114111755913,8.179537271974043,0.998,2.992384615384615,790.0,-0.00029694003090030563,0.004813621516074562
3.4752227844882513,-1.0048549688616588,8.184350893490118,0.998,2.992076923076923,791.0,-0.0002969400309007497,0.004813621516074562
3.474925844457351,-1.0048985265477264,8.189164515006192,0.998,2.9917692307692305,792.0,-0.00029694003090030563,0.004813621516074562
3.4746289044264502,-1.0049420842337942,8.193978136522267,0.998,2.991461538461538,793.0,-0.0002969400309007497,0.004813621516074562
3.4743319643955495,-1.0049856419198617,8.198791758038341,0.998,2.991153846153846,794.0,-0.0002969400309007497,0.004813621516074562
3.474035024364649,-1.0050291996059293,8.203605379554418,0.998,2.990846153846154,795.0,-0.00029694003090030563,0.0048136215160763385
3.4737380843337484,-1.0050727572919969,8.208419001070492,0.998,2.9905384615384616,796.0,-0.0002969400309007497,0.004813621516074562
3.4734411443028477,-1.0051163149780646,8.213232622586567,0.998,2.9902307692307692,797.0,-0.0002969400309007497,0.004813621516074562
3.4731442042719474,-1.0051598726641322,8.218046244102641,0.998,2.989923076923077,798.0,-0.00029694003090030563,0.004813621516074562
3.4728472642410466,-1.0052034303501998,8.222859865618716,0.998,2.9896153846153846,799.0,-0.0002969400309007497,0.004813621516074562
3.4725503242101463,-1.0052469880362676,8.22767348713479,0.998,2.989307692307692,800.0,-0.00029694003090030563,0.004813621516074562
3.4722533841792456,-1.0052905457223351,8.232487108650865,0.998,2.989,801.0,-0.0002969400309007497,0.004813621516074562
3.471979531011971,-1.005449813878242,8.23547137908444,0.998,2.988785714285714,802.0,-0.00027385316727457365,0.002984270433575631
3.471705677844697,-1.0056090820341486,8.238455649518016,0.998,2.9885714285714284,803.0,-0.00027385316727412956,0.002984270433575631
3.4714318246774223,-1.0057683501900554,8.241439919951592,0.998,2.9883571428571427,804.0,-0.00027385316727457365,0.002984270433575631
3.471157971510148,-1.0059276183459622,8.244424190385168,0.998,2.988142857142857,805.0,-0.00027385316727412956,0.002984270433575631
3.4708841183428736,-1.0060868865018688,8.247408460818743,0.998,2.9879285714285713,806.0,-0.00027385316727457365,0.002984270433575631
3.4706102651755995,-1.0062461546577757,8.250392731252319,0.998,2.9877142857142855,807.0,-0.00027385316727412956,0.002984270433575631
3.470336412008325,-1.0064054228136823,8.253377001685896,0.998,2.9875,808.0,-0.00027385316727457365,0.0029842704335774073
3.4700625588410503,-1.0065646909695891,8.256361272119472,0.998,2.9872857142857145,809.0,-0.00027385316727457365,0.002984270433575631
3.469788705673776,-1.006723959125496,8.259345542553048,0.998,2.987071428571429,810.0,-0.00027385316727412956,0.002984270433575631
3.4695148525065016,-1.0068832272814026,8.262329812986623,0.998,2.986857142857143,811.0,-0.00027385316727457365,0.002984270433575631
3.4692409993392275,-1.0070424954373094,8.265314083420199,0.998,2.9866428571428574,812.0,-0.00027385316727412956,0.002984270433575631
3.468967146171953,-1.0072017635932162,8.268298353853774,0.998,2.9864285714285717,813.0,-0.00027385316727457365,0.002984270433575631
3.4686932930046788,-1.0073610317491228,8.27128262428735,0.998,2.986214285714286,814.0,-0.00027385316727412956,0.002984270433575631
3.468419439837404,-1.0075202999050297,8.274266894720926,0.998,2.986,815.0,-0.00027385316727457365,0.002984270433575631
3.4681484417827115,-1.0073775633345237,8.275813812380276,0.998,2.9857142857142858,816.0,-0.0002709980546926616,0.0015469176593505551
3.467877443728019,-1.0072348267640177,8.277360730039629,0.998,2.9854285714285718,817.0,-0.0002709980546926616,0.0015469176593523315
3.467606445673326,-1.0070920901935114,8.27890764769898,0.998,2.9851428571428573,818.0,-0.0002709980546926616,0.0015469176593505551
3.467335447618633,-1.0069493536230054,8.28045456535833,0.998,2.984857142857143,819.0,-0.00027099805469310567,0.0015469176593505551
3.4670644495639404,-1.0068066170524994,8.28200148301768,0.998,2.984571428571429,820.0,-0.0002709980546926616,0.0015469176593505551
3.466793451509248,-1.0066638804819934,8.283548400677033,0.998,2.9842857142857144,821.0,-0.0002709980546926616,0.0015469176593523315
3.466522453454555,-1.0065211439114874,8.285095318336383,0.998,2.9840000000000004,822.0,-0.0002709980546926616,0.0015469176593505551
3.4662514553998625,-1.0063784073409812,8.286642235995734,0.998,2.983714285714286,823.0,-0.0002709980546926616,0.0015469176593505551
3.46598045734517,-1.0062356707704752,8.288189153655086,0.998,2.9834285714285715,824.0,-0.0002709980546926616,0.0015469176593523315
3.465709459290477,-1.0060929341999691,8.289736071314437,0.998,2.9831428571428575,825.0,-0.0002709980546926616,0.0015469176593505551
3.465438461235784,-1.0059501976294631,8.291282988973787,0.998,2.982857142857143,826.0,-0.00027099805469310567,0.0015469176593505551
3.4651674631810914,-1.005807461058957,8.292829906633138,0.998,2.9825714285714287,827.0,-0.0002709980546926616,0.0015469176593505551
3.4648964651263987,-1.005664724488451,8.29437682429249,0.998,2.9822857142857147,828.0,-0.0002709980546926616,0.0015469176593523315
3.464625467071706,-1.005521987917945,8.29592374195184,0.998,2.982,829.0,-0.0002709980546926616,0.0015469176593505551
3.464357735122522,-1.005522345653465,8.301612713279123,0.998,2.9817857142857145,830.0,-0.00026773194918394694,0.005688971327282744
3.464090003173338,-1.0055227033889853,8.307301684606406,0.998,2.9815714285714288,831.0,-0.00026773194918394694,0.005688971327282744
3.463822271224154,-1.0055230611245054,8.312990655933689,0.998,2.981357142857143,832.0,-0.00026773194918394694,0.005688971327282744
3.4635545392749703,-1.0055234188600257,8.318679627260972,0.998,2.9811428571428573,833.0,-0.00026773194918394694,0.005688971327282744
3.4632868073257863,-1.0055237765955458,8.324368598588254,0.998,2.9809285714285716,834.0,-0.00026773194918394694,0.005688971327282744
3.4630190753766024,-1.0055241343310661,8.330057569915537,0.998,2.980714285714286,835.0,-0.00026773194918394694,0.005688971327282744
3.4627513434274184,-1.0055244920665862,8.33574654124282,0.998,2.9805,836.0,-0.00026773194918394694,0.005688971327282744
3.462483611478234,-1.0055248498021063,8.341435512570103,0.998,2.9802857142857144,837.0,-0.000267731949184391,0.005688971327282744
3.46221587952905,-1.0055252075376266,8.347124483897385,0.998,2.9800714285714287,838.0,-0.00026773194918394694,0.005688971327282744
3.461948147579866,-1.0055255652731467,8.352813455224668,0.998,2.979857142857143,839.0,-0.00026773194918394694,0.005688971327282744
3.461680415630682,-1.005525923008667,8.35850242655195,0.998,2.9796428571428573,840.0,-0.00026773194918394694,0.005688971327282744
3.4614126836814982,-1.0055262807441872,8.364191397879233,0.998,2.9794285714285715,841.0,-0.00026773194918394694,0.005688971327282744
3.4611449517323143,-1.0055266384797075,8.369880369206516,0.998,2.979214285714286,842.0,-0.00026773194918394694,0.005688971327282744
3.4608772197831303,-1.0055269962152276,8.375569340533799,0.998,2.979,843.0,-0.00026773194918394694,0.005688971327282744
3.4605932010021396,-1.0054194123495106,8.378474855745894,0.998,2.9787142857142856,844.0,-0.00028401878099071354,0.0029055152120953665
3.4603091822211485,-1.0053118284837939,8.38138037095799,0.998,2.9784285714285716,845.0,-0.0002840187809911576,0.0029055152120953665
3.4600251634401578,-1.005204244618077,8.384285886170085,0.998,2.978142857142857,846.0,-0.00028401878099071354,0.0029055152120953665
3.459741144659167,-1.00509666075236,8.38719140138218,0.998,2.9778571428571428,847.0,-0.00028401878099071354,0.0029055152120953665
3.4594571258781763,-1.004989076886643,8.390096916594276,0.998,2.9775714285714288,848.0,-0.00028401878099071354,0.0029055152120953665
3.459173107097185,-1.0048814930209262,8.393002431806371,0.998,2.9772857142857143,849.0,-0.0002840187809911576,0.0029055152120953665
3.4588890883161945,-1.0047739091552093,8.395907947018465,0.998,2.9770000000000003,850.0,-0.00028401878099071354,0.00290551521209359
3.4586050695352037,-1.0046663252894923,8.39881346223056,0.998,2.976714285714286,851.0,-0.00028401878099071354,0.0029055152120953665
3.4583210507542126,-1.0045587414237755,8.401718977442656,0.998,2.9764285714285714,852.0,-0.0002840187809911576,0.0029055152120953665
3.458037031973222,-1.0044511575580586,8.40462449265475,0.998,2.9761428571428574,853.0,-0.00028401878099071354,0.0029055152120953665
3.457753013192231,-1.0043435736923416,8.407530007866846,0.998,2.975857142857143,854.0,-0.00028401878099071354,0.0029055152120953665
3.4574689944112404,-1.0042359898266247,8.410435523078942,0.998,2.9755714285714285,855.0,-0.00028401878099071354,0.0029055152120953665
3.4571849756302493,-1.004128405960908,8.413341038291037,0.998,2.9752857142857145,856.0,-0.0002840187809911576,0.0029055152120953665
3.4569009568492586,-1.004020822095191,8.416246553503132,0.998,2.975,857.0,-0.00028401878099071354,0.0029055152120953665
3.456632452348139,-1.0041315145074479,8.419418827439074,0.998,2.9747142857142856,858.0,-0.00026850450111970403,0.0031722739359416607
3.4563639478470187,-1.004242206919705,8.422591101375016,0.998,2.9744285714285716,859.0,-0.0002685045011201481,0.0031722739359416607
3.456095443345899,-1.0043528993319621,8.425763375310956,0.998,2.974142857142857,860.0,-0.00026850450111970403,0.0031722739359398844
3.4558269388447793,-1.004463591744219,8.428935649246897,0.998,2.9738571428571428,861.0,-0.00026850450111970403,0.0031722739359416607
3.455558434343659,-1.004574284156476,8.432107923182839,0.998,2.9735714285714288,862.0,-0.0002685045011201481,0.0031722739359416607
3.4552899298425395,-1.0046849765687331,8.43528019711878,0.998,2.9732857142857143,863.0,-0.00026850450111970403,0.0031722739359416607
3.4550214253414193,-1.0047956689809903,8.43845247105472,0.998,2.9730000000000003,864.0,-0.0002685045011201481,0.0031722739359398844
3.4547529208402996,-1.0049063613932472,8.441624744990662,0.998,2.972714285714286,865.0,-0.00026850450111970403,0.0031722739359416607
3.45448441633918,-1.005017053805504,8.444797018926604,0.998,2.9724285714285714,866.0,-0.00026850450111970403,0.0031722739359416607
3.4542159118380598,-1.0051277462177612,8.447969292862545,0.998,2.9721428571428574,867.0,-0.0002685045011201481,0.0031722739359416607
3.45394740733694,-1.0052384386300184,8.451141566798487,0.998,2.971857142857143,868.0,-0.00026850450111970403,0.0031722739359416607
3.4536789028358204,-1.0053491310422753,8.454313840734427,0.998,2.9715714285714285,869.0,-0.00026850450111970403,0.0031722739359398844
3.4534103983347,-1.0054598234545322,8.457486114670369,0.998,2.9712857142857145,870.0,-0.0002685045011201481,0.0031722739359416607
3.4531418938335805,-1.0055705158667894,8.46065838860631,0.998,2.971,871.0,-0.00026850450111970403,0.0031722739359416607
3.452880844655023,-1.005520648260877,8.463379303892541,0.998,2.9707142857142856,872.0,-0.00026104917855729326,0.0027209152862308628
3.4526197954764655,-1.0054707806549645,8.46610021917877,0.998,2.9704285714285716,873.0,-0.00026104917855773735,0.0027209152862290864
3.452358746297908,-1.0054209130490521,8.468821134465001,0.998,2.970142857142857,874.0,-0.00026104917855729326,0.0027209152862308628
3.452097697119351,-1.0053710454431397,8.471542049751232,0.998,2.9698571428571428,875.0,-0.00026104917855729326,0.0027209152862308628
3.451836647940793,-1.0053211778372273,8.474262965037463,0.998,2.9695714285714288,876.0,-0.00026104917855773735,0.0027209152862308628
3.451575598762236,-1.0052713102313149,8.476983880323692,0.998,2.9692857142857143,877.0,-0.00026104917855729326,0.0027209152862290864
3.451314549583678,-1.0052214426254023,8.479704795609923,0.998,2.9690000000000003,878.0,-0.00026104917855773735,0.0027209152862308628
3.451053500405121,-1.0051715750194898,8.482425710896154,0.998,2.968714285714286,879.0,-0.00026104917855729326,0.0027209152862308628
3.4507924512265635,-1.0051217074135774,8.485146626182383,0.998,2.9684285714285714,880.0,-0.00026104917855729326,0.0027209152862290864
3.450531402048006,-1.005071839807665,8.487867541468614,0.998,2.9681428571428574,881.0,-0.00026104917855773735,0.0027209152862308628
3.4502703528694485,-1.0050219722017526,8.490588456754844,0.998,2.967857142857143,882.0,-0.00026104917855729326,0.0027209152862308628
3.450009303690891,-1.0049721045958402,8.493309372041075,0.998,2.9675714285714285,883.0,-0.00026104917855729326,0.0027209152862308628
3.4497482545123335,-1.0049222369899278,8.496030287327304,0.998,2.9672857142857145,884.0,-0.00026104917855773735,0.0027209152862290864
3.449487205333776,-1.0048723693840154,8.498751202613535,0.998,2.967,885.0,-0.00026104917855729326,0.0027209152862308628
3.4492235362995736,-1.0049570227107314,8.501482760129559,0.998,2.9667857142857144,886.0,-0.0002636690342026071,0.0027315575160233863
3.448959867265371,-1.0050416760374472,8.504214317645582,0.998,2.9665714285714286,887.0,-0.0002636690342026071,0.0027315575160233863
3.448696198231169,-1.0051263293641632,8.506945875161605,0.998,2.966357142857143,888.0,-0.00026366903420216303,0.0027315575160233863
3.448432529196966,-1.0052109826908793,8.509677432677629,0.998,2.966142857142857,889.0,-0.0002636690342026071,0.0027315575160233863
3.4481688601627636,-1.005295636017595,8.512408990193652,0.998,2.9659285714285715,890.0,-0.0002636690342026071,0.0027315575160233863
3.447905191128561,-1.0053802893443111,8.515140547709676,0.998,2.9657142857142857,891.0,-0.0002636690342026071,0.0027315575160233863
3.4476415220943584,-1.0054649426710272,8.517872105225697,0.998,2.9655,892.0,-0.0002636690342026071,0.00273155751602161
3.447377853060156,-1.005549595997743,8.52060366274172,0.998,2.9652857142857143,893.0,-0.00026366903420216303,0.0027315575160233863
3.4471141840259536,-1.005634249324459,8.523335220257744,0.998,2.9650714285714286,894.0,-0.0002636690342026071,0.0027315575160233863
3.446850514991751,-1.0057189026511748,8.526066777773767,0.998,2.964857142857143,895.0,-0.0002636690342026071,0.0027315575160233863
3.4465868459575484,-1.0058035559778908,8.52879833528979,0.998,2.964642857142857,896.0,-0.0002636690342026071,0.0027315575160233863
3.446323176923346,-1.0058882093046069,8.531529892805814,0.998,2.9644285714285714,897.0,-0.00026366903420216303,0.0027315575160233863
3.4460595078891436,-1.0059728626313227,8.534261450321837,0.998,2.9642142857142857,898.0,-0.0002636690342026071,0.0027315575160233863
3.445795838854941,-1.0060575159580387,8.53699300783786,0.998,2.964,899.0,-0.0002636690342026071,0.0027315575160233863
3.445511741731663,-1.0059877096228622,8.541402740788003,0.998,2.9636923076923076,900.0,-0.0002840971232780376,0.004409732950142242
3.445227644608385,-1.005917903287686,8.545812473738145,0.998,2.9633846153846153,901.0,-0.0002840971232780376,0.004409732950142242
3.4449435474851064,-1.0058480969525094,8.550222206688288,0.998,2.963076923076923,902.0,-0.0002840971232784817,0.004409732950142242
3.4446594503618284,-1.0057782906173331,8.55463193963843,0.998,2.9627692307692306,903.0,-0.0002840971232780376,0.004409732950142242
3.4443753532385504,-1.0057084842821566,8.559041672588572,0.998,2.9624615384615383,904.0,-0.0002840971232780376,0.004409732950142242
3.4440912561152723,-1.0056386779469804,8.563451405538714,0.998,2.962153846153846,905.0,-0.0002840971232780376,0.004409732950142242
3.443807158991994,-1.0055688716118039,8.567861138488857,0.998,2.961846153846154,906.0,-0.0002840971232784817,0.004409732950142242
3.443523061868716,-1.0054990652766276,8.572270871438999,0.998,2.9615384615384617,907.0,-0.0002840971232780376,0.004409732950142242
3.443238964745438,-1.005429258941451,8.576680604389141,0.998,2.9612307692307693,908.0,-0.0002840971232780376,0.004409732950142242
3.4429548676221597,-1.0053594526062748,8.581090337339283,0.998,2.960923076923077,909.0,-0.0002840971232780376,0.004409732950142242
3.4426707704988813,-1.0052896462710983,8.585500070289426,0.998,2.9606153846153846,910.0,-0.0002840971232784817,0.004409732950142242
3.4423866733756032,-1.005219839935922,8.589909803239568,0.998,2.9603076923076923,911.0,-0.0002840971232780376,0.004409732950142242
3.442102576252325,-1.0051500336007455,8.59431953618971,0.998,2.96,912.0,-0.0002840971232780376,0.004409732950142242
3.4418340496961073,-1.0053165097978058,8.598396771051446,0.998,2.9597142857142855,913.0,-0.00026852655621789623,0.0040772348617359455
3.4415655231398894,-1.0054829859948664,8.602474005913182,0.998,2.9594285714285715,914.0,-0.00026852655621789623,0.0040772348617359455
3.441296996583671,-1.0056494621919267,8.606551240774918,0.998,2.959142857142857,915.0,-0.0002685265562183403,0.0040772348617359455
3.441028470027453,-1.005815938388987,8.610628475636654,0.998,2.9588571428571426,916.0,-0.00026852655621789623,0.0040772348617359455
3.4407599434712353,-1.0059824145860474,8.61470571049839,0.998,2.9585714285714286,917.0,-0.00026852655621789623,0.0040772348617359455
3.4404914169150174,-1.006148890783108,8.618782945360126,0.998,2.958285714285714,918.0,-0.00026852655621789623,0.0040772348617359455
3.4402228903587995,-1.0063153669801683,8.622860180221862,0.998,2.958,919.0,-0.00026852655621789623,0.0040772348617359455
3.439954363802581,-1.0064818431772287,8.626937415083598,0.998,2.9577142857142857,920.0,-0.0002685265562183403,0.0040772348617359455
3.4396858372463632,-1.0066483193742892,8.631014649945334,0.998,2.9574285714285713,921.0,-0.00026852655621789623,0.0040772348617359455
3.4394173106901453,-1.0068147955713496,8.63509188480707,0.998,2.9571428571428573,922.0,-0.00026852655621789623,0.0040772348617359455
3.4391487841339274,-1.00698127176841,8.639169119668805,0.998,2.956857142857143,923.0,-0.00026852655621789623,0.0040772348617359455
3.438880257577709,-1.0071477479654702,8.643246354530541,0.998,2.9565714285714284,924.0,-0.0002685265562183403,0.0040772348617359455
3.438611731021491,-1.0073142241625308,8.647323589392277,0.998,2.9562857142857144,925.0,-0.00026852655621789623,0.0040772348617359455
3.4383432044652733,-1.0074807003595911,8.651400824254013,0.998,2.956,926.0,-0.00026852655621789623,0.0040772348617359455
3.438096472984868,-1.007359777414219,8.653395914701415,0.998,2.9557857142857142,927.0,-0.00024673148040532666,0.0019950904474015374
3.4378497415044627,-1.0072388544688464,8.655391005148818,0.998,2.9555714285714285,928.0,-0.00024673148040532666,0.0019950904474033138
3.4376030100240573,-1.0071179315234742,8.65738609559622,0.998,2.955357142857143,929.0,-0.00024673148040532666,0.0019950904474015374
3.4373562785436516,-1.0069970085781017,8.659381186043621,0.998,2.955142857142857,930.0,-0.00024673148040577075,0.0019950904474015374
3.4371095470632462,-1.0068760856327295,8.661376276491024,0.998,2.9549285714285713,931.0,-0.00024673148040532666,0.0019950904474033138
3.436862815582841,-1.006755162687357,8.663371366938426,0.998,2.9547142857142856,932.0,-0.00024673148040532666,0.0019950904474015374
3.4366160841024356,-1.0066342397419847,8.66536645738583,0.998,2.9545,933.0,-0.00024673148040532666,0.0019950904474033138
3.4363693526220302,-1.0065133167966125,8.66736154783323,0.998,2.954285714285714,934.0,-0.00024673148040532666,0.0019950904474015374
3.436122621141625,-1.00639239385124,8.669356638280632,0.998,2.9540714285714285,935.0,-0.00024673148040532666,0.0019950904474015374
3.4358758896612196,-1.0062714709058678,8.671351728728036,0.998,2.9538571428571427,936.0,-0.00024673148040532666,0.0019950904474033138
3.435629158180814,-1.0061505479604953,8.673346819175437,0.998,2.953642857142857,937.0,-0.00024673148040577075,0.0019950904474015374
3.4353824267004085,-1.006029625015123,8.675341909622839,0.998,2.9534285714285713,938.0,-0.00024673148040532666,0.0019950904474015374
3.435135695220003,-1.0059087020697506,8.677337000070242,0.998,2.9532142857142856,939.0,-0.00024673148040532666,0.0019950904474033138
3.434888963739598,-1.0057877791243783,8.679332090517644,0.998,2.953,940.0,-0.00024673148040532666,0.0019950904474015374
3.4346287931777377,-1.0060296172872358,8.680708477625409,0.998,2.9527142857142854,941.0,-0.000260170561860118,0.001376387107764998
3.4343686226158776,-1.0062714554500933,8.682084864733174,0.998,2.9524285714285714,942.0,-0.000260170561860118,0.001376387107764998
3.4341084520540175,-1.0065132936129508,8.68346125184094,0.998,2.952142857142857,943.0,-0.000260170561860118,0.0013763871077667744
3.4338482814921574,-1.006755131775808,8.684837638948705,0.998,2.9518571428571425,944.0,-0.000260170561860118,0.001376387107764998
3.4335881109302973,-1.0069969699386656,8.68621402605647,0.998,2.9515714285714285,945.0,-0.000260170561860118,0.001376387107764998
3.433327940368437,-1.007238808101523,8.687590413164235,0.998,2.951285714285714,946.0,-0.000260170561860118,0.001376387107764998
3.433067769806577,-1.0074806462643806,8.688966800272,0.998,2.951,947.0,-0.000260170561860118,0.001376387107764998
3.4328075992447173,-1.007722484427238,8.690343187379767,0.998,2.9507142857142856,948.0,-0.0002601705618596739,0.0013763871077667744
3.4325474286828572,-1.0079643225900956,8.691719574487532,0.998,2.950428571428571,949.0,-0.000260170561860118,0.001376387107764998
3.432287258120997,-1.008206160752953,8.693095961595297,0.998,2.950142857142857,950.0,-0.000260170561860118,0.001376387107764998
3.432027087559137,-1.0084479989158104,8.694472348703062,0.998,2.9498571428571427,951.0,-0.000260170561860118,0.001376387107764998
3.431766916997277,-1.0086898370786679,8.695848735810829,0.998,2.9495714285714283,952.0,-0.000260170561860118,0.0013763871077667744
3.4315067464354168,-1.0089316752415254,8.697225122918594,0.998,2.9492857142857143,953.0,-0.000260170561860118,0.001376387107764998
3.4312465758735566,-1.0091735134043829,8.698601510026359,0.998,2.949,954.0,-0.000260170561860118,0.001376387107764998
3.4309889306747716,-1.008969525456616,8.70175278291332,0.998,2.9487142857142854,955.0,-0.000257645198785017,0.00315127288696182
3.4307312854759866,-1.008765537508849,8.70490405580028,0.998,2.9484285714285714,956.0,-0.000257645198785017,0.0031512728869600437
3.4304736402772016,-1.008561549561082,8.70805532868724,0.998,2.948142857142857,957.0,-0.000257645198785017,0.0031512728869600437
3.4302159950784166,-1.0083575616133151,8.711206601574203,0.998,2.9478571428571425,958.0,-0.000257645198785017,0.00315127288696182
3.4299583498796316,-1.008153573665548,8.714357874461164,0.998,2.9475714285714285,959.0,-0.000257645198785017,0.00315127288696182
3.4297007046808465,-1.0079495857177811,8.717509147348125,0.998,2.947285714285714,960.0,-0.000257645198785017,0.0031512728869600437
3.4294430594820615,-1.007745597770014,8.720660420235085,0.998,2.947,961.0,-0.000257645198785017,0.0031512728869600437
3.429185414283276,-1.0075416098222472,8.723811693122046,0.998,2.9467142857142856,962.0,-0.0002576451987854611,0.00315127288696182
3.428927769084491,-1.0073376218744803,8.726962966009008,0.998,2.946428571428571,963.0,-0.000257645198785017,0.00315127288696182
3.428670123885706,-1.0071336339267132,8.730114238895968,0.998,2.946142857142857,964.0,-0.000257645198785017,0.0031512728869600437
3.428412478686921,-1.0069296459789463,8.733265511782928,0.998,2.9458571428571427,965.0,-0.000257645198785017,0.0031512728869600437
3.428154833488136,-1.0067256580311794,8.73641678466989,0.998,2.9455714285714283,966.0,-0.000257645198785017,0.00315127288696182
3.427897188289351,-1.0065216700834123,8.739568057556852,0.998,2.9452857142857143,967.0,-0.000257645198785017,0.00315127288696182
3.427639543090566,-1.0063176821356454,8.742719330443812,0.998,2.945,968.0,-0.000257645198785017,0.0031512728869600437
3.427383145521841,-1.0062405708777418,8.74514608824786,0.998,2.944785714285714,969.0,-0.0002563975687248643,0.0024267578040486626
3.4271267479531167,-1.006163459619838,8.747572846051911,0.998,2.9445714285714284,970.0,-0.0002563975687244202,0.002426757804050439
3.426870350384392,-1.0060863483619344,8.749999603855962,0.998,2.9443571428571427,971.0,-0.0002563975687248643,0.002426757804050439
3.4266139528156674,-1.0060092371040308,8.75242636166001,0.998,2.944142857142857,972.0,-0.0002563975687244202,0.0024267578040486626
3.4263575552469425,-1.0059321258461271,8.754853119464059,0.998,2.9439285714285712,973.0,-0.0002563975687248643,0.0024267578040486626
3.426101157678218,-1.0058550145882235,8.75727987726811,0.998,2.9437142857142855,974.0,-0.0002563975687244202,0.002426757804050439
3.4258447601094932,-1.0057779033303198,8.75970663507216,0.998,2.9435,975.0,-0.0002563975687248643,0.002426757804050439
3.4255883625407684,-1.0057007920724161,8.762133392876208,0.998,2.9432857142857145,976.0,-0.0002563975687248643,0.0024267578040486626
3.425331964972044,-1.0056236808145125,8.764560150680257,0.998,2.943071428571429,977.0,-0.0002563975687244202,0.0024267578040486626
3.425075567403319,-1.0055465695566088,8.766986908484308,0.998,2.942857142857143,978.0,-0.0002563975687248643,0.002426757804050439
3.4248191698345947,-1.0054694582987052,8.769413666288358,0.998,2.9426428571428573,979.0,-0.0002563975687244202,0.002426757804050439
3.42456277226587,-1.0053923470408015,8.771840424092407,0.998,2.9424285714285716,980.0,-0.0002563975687248643,0.0024267578040486626
3.4243063746971454,-1.0053152357828978,8.774267181896455,0.998,2.942214285714286,981.0,-0.0002563975687244202,0.0024267578040486626
3.4240499771284205,-1.0052381245249942,8.776693939700506,0.998,2.942,982.0,-0.0002563975687248643,0.002426757804050439
3.423782905059287,-1.0052970511030876,8.780783402014725,0.998,2.9417857142857144,983.0,-0.000267072069133345,0.004089462314219361
3.4235158329901534,-1.0053559776811813,8.784872864328944,0.998,2.9415714285714287,984.0,-0.0002670720691337891,0.004089462314219361
3.42324876092102,-1.0054149042592748,8.788962326643164,0.998,2.941357142857143,985.0,-0.000267072069133345,0.004089462314219361
3.4229816888518863,-1.0054738308373683,8.793051788957385,0.998,2.9411428571428573,986.0,-0.0002670720691337891,0.004089462314221137
3.422714616782753,-1.005532757415462,8.797141251271604,0.998,2.9409285714285716,987.0,-0.000267072069133345,0.004089462314219361
3.422447544713619,-1.0055916839935555,8.801230713585824,0.998,2.940714285714286,988.0,-0.0002670720691337891,0.004089462314219361
3.4221804726444858,-1.0056506105716492,8.805320175900043,0.998,2.9405,989.0,-0.000267072069133345,0.004089462314219361
3.4219134005753524,-1.0057095371497426,8.809409638214262,0.998,2.9402857142857144,990.0,-0.000267072069133345,0.004089462314219361
3.4216463285062186,-1.0057684637278361,8.813499100528482,0.998,2.9400714285714287,991.0,-0.0002670720691337891,0.004089462314219361
3.4213792564370853,-1.0058273903059298,8.817588562842701,0.998,2.939857142857143,992.0,-0.000267072069133345,0.004089462314219361
3.4211121843679515,-1.0058863168840233,8.821678025156922,0.998,2.9396428571428572,993.0,-0.0002670720691337891,0.004089462314221137
3.420845112298818,-1.0059452434621168,8.825767487471142,0.998,2.9394285714285715,994.0,-0.000267072069133345,0.004089462314219361
3.4205780402296844,-1.0060041700402105,8.829856949785361,0.998,2.939214285714286,995.0,-0.0002670720691337891,0.004089462314219361
3.420310968160551,-1.006063096618304,8.83394641209958,0.998,2.939,996.0,-0.000267072069133345,0.004089462314219361
3.420052712064612,-1.006086932196079,8.837553503118793,0.998,2.9386923076923077,997.0,-0.0002582560959392133,0.003607091019212305
3.419794455968673,-1.0061107677738539,8.841160594138003,0.998,2.9383846153846154,998.0,-0.0002582560959387692,0.0036070910192105288
3.419536199872734,-1.006134603351629,8.844767685157215,0.998,2.938076923076923,999.0,-0.0002582560959392133,0.003607091019212305
3.4192779437767946,-1.0061584389294038,8.848374776176428,0.998,2.9377692307692307,1000.0,-0.0002582560959392133,0.003607091019212305
3.419019687680856,-1.006182274507179,8.851981867195638,0.998,2.9374615384615383,1001.0,-0.0002582560959387692,0.0036070910192105288
3.4187614315849166,-1.0062061100849538,8.85558895821485,0.998,2.937153846153846,1002.0,-0.0002582560959392133,0.003607091019212305
3.4185031754889774,-1.0062299456627288,8.859196049234063,0.998,2.936846153846154,1003.0,-0.0002582560959392133,0.003607091019212305
3.418244919393038,-1.0062537812405037,8.862803140253275,0.998,2.9365384615384618,1004.0,-0.0002582560959392133,0.003607091019212305
3.4179866632970994,-1.0062776168182788,8.866410231272486,0.998,2.9362307692307694,1005.0,-0.0002582560959387692,0.0036070910192105288
3.4177284072011602,-1.0063014523960536,8.870017322291698,0.998,2.935923076923077,1006.0,-0.0002582560959392133,0.003607091019212305
3.417470151105221,-1.0063252879738287,8.87362441331091,0.998,2.9356153846153847,1007.0,-0.0002582560959392133,0.003607091019212305
3.4172118950092822,-1.0063491235516036,8.87723150433012,0.998,2.9353076923076924,1008.0,-0.0002582560959387692,0.0036070910192105288
3.416953638913343,-1.0063729591293786,8.880838595349333,0.998,2.935,1009.0,-0.0002582560959392133,0.003607091019212305
3.416703322762139,-1.006277954420073,8.883143753981088,0.998,2.9347857142857143,1010.0,-0.0002503161512041885,0.0023051586317546224
3.416453006610934,-1.0061829497107677,8.885448912612842,0.998,2.9345714285714286,1011.0,-0.0002503161512046326,0.0023051586317546224
3.41620269045973,-1.0060879450014621,8.887754071244595,0.998,2.934357142857143,1012.0,-0.0002503161512041885,0.002305158631752846
3.4159523743085254,-1.0059929402921568,8.89005922987635,0.998,2.934142857142857,1013.0,-0.0002503161512046326,0.0023051586317546224
3.415702058157321,-1.0058979355828512,8.892364388508105,0.998,2.9339285714285714,1014.0,-0.0002503161512041885,0.0023051586317546224
3.4154517420061166,-1.0058029308735459,8.89466954713986,0.998,2.9337142857142857,1015.0,-0.0002503161512046326,0.0023051586317546224
3.4152014258549124,-1.0057079261642403,8.896974705771612,0.998,2.9335,1016.0,-0.0002503161512041885,0.002305158631752846
3.414951109703708,-1.0056129214549347,8.899279864403367,0.998,2.9332857142857143,1017.0,-0.0002503161512041885,0.0023051586317546224
3.4147007935525036,-1.0055179167456294,8.901585023035121,0.998,2.9330714285714286,1018.0,-0.0002503161512046326,0.0023051586317546224
3.4144504774012994,-1.0054229120363238,8.903890181666876,0.998,2.932857142857143,1019.0,-0.0002503161512041885,0.0023051586317546224
3.4142001612500947,-1.0053279073270185,8.90619534029863,0.998,2.932642857142857,1020.0,-0.0002503161512046326,0.0023051586317546224
3.4139498450988905,-1.005232902617713,8.908500498930383,0.998,2.9324285714285714,1021.0,-0.0002503161512041885,0.002305158631752846
3.413699528947686,-1.0051378979084076,8.910805657562138,0.998,2.9322142857142857,1022.0,-0.0002503161512046326,0.0023051586317546224
3.4134492127964817,-1.005042893199102,8.913110816193893,0.998,2.932,1023.0,-0.0002503161512041885,0.0023051586317546224
3.413198195969367,-1.005100438814615,8.915448263322565,0.998,2.9317142857142855,1024.0,-0.0002510168271148139,0.002337447128672565
3.412947179142252,-1.0051579844301277,8.917785710451236,0.998,2.9314285714285715,1025.0,-0.0002510168271148139,0.0023374471286707887
3.4126961623151373,-1.0052155300456405,8.920123157579908,0.998,2.931142857142857,1026.0,-0.0002510168271148139,0.002337447128672565
3.4124451454880225,-1.0052730756611534,8.922460604708581,0.998,2.9308571428571426,1027.0,-0.0002510168271148139,0.002337447128672565
3.4121941286609077,-1.0053306212766664,8.924798051837252,0.998,2.9305714285714286,1028.0,-0.0002510168271148139,0.0023374471286707887
3.411943111833793,-1.0053881668921791,8.927135498965924,0.998,2.930285714285714,1029.0,-0.0002510168271148139,0.002337447128672565
3.411692095006678,-1.0054457125076919,8.929472946094595,0.998,2.93,1030.0,-0.0002510168271148139,0.0023374471286707887
3.4114410781795637,-1.0055032581232048,8.931810393223268,0.998,2.9297142857142857,1031.0,-0.0002510168271143698,0.002337447128672565
3.411190061352449,-1.0055608037387178,8.93414784035194,0.998,2.9294285714285713,1032.0,-0.0002510168271148139,0.002337447128672565
3.410939044525334,-1.0056183493542306,8.936485287480611,0.998,2.9291428571428573,1033.0,-0.0002510168271148139,0.0023374471286707887
3.410688027698219,-1.0056758949697433,8.938822734609284,0.998,2.928857142857143,1034.0,-0.0002510168271148139,0.002337447128672565
3.4104370108711044,-1.0057334405852563,8.941160181737956,0.998,2.9285714285714284,1035.0,-0.0002510168271148139,0.002337447128672565
3.4101859940439896,-1.0057909862007692,8.943497628866627,0.998,2.9282857142857144,1036.0,-0.0002510168271148139,0.0023374471286707887
3.4099349772168748,-1.005848531816282,8.9458350759953,0.998,2.928,1037.0,-0.0002510168271148139,0.002337447128672565
3.4096805418456344,-1.0058123583842677,8.949022964406801,0.998,2.927785714285714,1038.0,-0.0002544353712403691,0.003187888411501305
3.4094261064743936,-1.0057761849522537,8.952210852818302,0.998,2.9275714285714285,1039.0,-0.00025443537124081317,0.003187888411501305
3.4091716711031532,-1.0057400115202395,8.955398741229805,0.998,2.9273571428571428,1040.0,-0.0002544353712403691,0.0031878884115030814
3.4089172357319124,-1.0057038380882255,8.958586629641307,0.998,2.927142857142857,1041.0,-0.00025443537124081317,0.003187888411501305
3.408662800360672,-1.0056676646562113,8.961774518052808,0.998,2.9269285714285713,1042.0,-0.0002544353712403691,0.003187888411501305
3.4084083649894312,-1.0056314912241973,8.96496240646431,0.998,2.9267142857142856,1043.0,-0.00025443537124081317,0.003187888411501305
3.408153929618191,-1.005595317792183,8.968150294875812,0.998,2.9265,1044.0,-0.0002544353712403691,0.0031878884115030814
3.4078994942469505,-1.0055591443601688,8.971338183287314,0.998,2.926285714285714,1045.0,-0.0002544353712403691,0.003187888411501305
3.4076450588757097,-1.0055229709281548,8.974526071698815,0.998,2.9260714285714284,1046.0,-0.00025443537124081317,0.003187888411501305
3.4073906235044693,-1.0054867974961406,8.977713960110316,0.998,2.9258571428571427,1047.0,-0.0002544353712403691,0.003187888411501305
3.4071361881332285,-1.0054506240641266,8.980901848521817,0.998,2.925642857142857,1048.0,-0.00025443537124081317,0.003187888411501305
3.406881752761988,-1.0054144506321123,8.98408973693332,0.998,2.9254285714285713,1049.0,-0.0002544353712403691,0.0031878884115030814
3.4066273173907473,-1.0053782772000983,8.987277625344822,0.998,2.9252142857142855,1050.0,-0.00025443537124081317,0.003187888411501305
3.406372882019507,-1.005342103768084,8.990465513756323,0.998,2.925,1051.0,-0.0002544353712403691,0.003187888411501305
3.406134130605716,-1.0054353212232054,8.993074738951597,0.998,2.9247142857142854,1052.0,-0.0002387514137911495,0.0026092251952736234
3.4058953791919246,-1.0055285386783268,8.99568396414687,0.998,2.9244285714285714,1053.0,-0.0002387514137911495,0.0026092251952736234
3.405656627778133,-1.0056217561334482,8.998293189342144,0.998,2.924142857142857,1054.0,-0.0002387514137915936,0.0026092251952736234
3.405417876364342,-1.0057149735885695,9.000902414537416,0.998,2.9238571428571425,1055.0,-0.0002387514137911495,0.002609225195271847
3.4051791249505508,-1.005808191043691,9.00351163973269,0.998,2.9235714285714285,1056.0,-0.0002387514137911495,0.0026092251952736234
3.4049403735367596,-1.0059014084988123,9.006120864927963,0.998,2.923285714285714,1057.0,-0.0002387514137911495,0.0026092251952736234
3.404701622122968,-1.0059946259539336,9.008730090123237,0.998,2.923,1058.0,-0.0002387514137915936,0.0026092251952736234
3.404462870709177,-1.0060878434090552,9.01133931531851,0.998,2.9227142857142856,1059.0,-0.0002387514137911495,0.0026092251952736234
3.4042241192953857,-1.0061810608641766,9.013948540513784,0.998,2.922428571428571,1060.0,-0.0002387514137911495,0.0026092251952736234
3.4039853678815946,-1.006274278319298,9.016557765709058,0.998,2.922142857142857,1061.0,-0.0002387514137911495,0.0026092251952736234
3.4037466164678034,-1.0063674957744193,9.01916699090433,0.998,2.9218571428571427,1062.0,-0.0002387514137911495,0.002609225195271847
3.403507865054012,-1.0064607132295407,9.021776216099603,0.998,2.9215714285714283,1063.0,-0.0002387514137915936,0.0026092251952736234
3.4032691136402207,-1.006553930684662,9.024385441294877,0.998,2.9212857142857143,1064.0,-0.0002387514137911495,0.0026092251952736234
3.4030303622264295,-1.0066471481397834,9.02699466649015,0.998,2.921,1065.0,-0.0002387514137911495,0.0026092251952736234
3.402792399511859,-1.0065726638959156,9.029881665964266,0.9979857142857143,2.920785714285714,1066.0,-0.00023796271457054985,0.002886999474116081
3.4025544367972884,-1.006498179652048,9.03276866543838,0.9979714285714286,2.9205714285714284,1067.0,-0.00023796271457054985,0.0028869994741143046
3.402316474082718,-1.0064236954081802,9.035655664912497,0.9979571428571429,2.9203571428571427,1068.0,-0.00023796271457054985,0.002886999474116081
3.4020785113681473,-1.0063492111643126,9.038542664386613,0.9979428571428571,2.920142857142857,1069.0,-0.00023796271457054985,0.002886999474116081
3.4018405486535768,-1.0062747269204448,9.041429663860729,0.9979285714285714,2.919928571428571,1070.0,-0.00023796271457054985,0.002886999474116081
3.401602585939006,-1.0062002426765773,9.044316663334843,0.9979142857142858,2.9197142857142855,1071.0,-0.00023796271457054985,0.0028869994741143046
3.4013646232244357,-1.0061257584327095,9.04720366280896,0.9979,2.9194999999999998,1072.0,-0.00023796271457054985,0.002886999474116081
3.4011266605098656,-1.0060512741888417,9.050090662283075,0.9978857142857143,2.9192857142857145,1073.0,-0.00023796271457010576,0.002886999474116081
3.400888697795295,-1.005976789944974,9.05297766175719,0.9978714285714286,2.9190714285714288,1074.0,-0.00023796271457054985,0.0028869994741143046
3.4006507350807245,-1.0059023057011063,9.055864661231306,0.9978571428571429,2.918857142857143,1075.0,-0.00023796271457054985,0.002886999474116081
3.400412772366154,-1.0058278214572387,9.058751660705422,0.9978428571428571,2.9186428571428573,1076.0,-0.00023796271457054985,0.002886999474116081
3.4001748096515834,-1.005753337213371,9.061638660179538,0.9978285714285714,2.9184285714285716,1077.0,-0.00023796271457054985,0.002886999474116081
3.399936846937013,-1.0056788529695033,9.064525659653652,0.9978142857142858,2.918214285714286,1078.0,-0.00023796271457054985,0.0028869994741143046
3.3996988842224423,-1.0056043687256355,9.067412659127768,0.9978,2.918,1079.0,-0.00023796271457054985,0.002886999474116081
3.3994514848976536,-1.0055592495142083,9.069405201074016,0.9978142857142858,2.9177857142857144,1080.0,-0.00024739932478867743,0.001992541946247428
3.399204085572865,-1.005514130302781,9.071397743020263,0.9978285714285714,2.9175714285714287,1081.0,-0.00024739932478867743,0.001992541946247428
3.3989566862480767,-1.0054690110913536,9.07339028496651,0.9978428571428571,2.917357142857143,1082.0,-0.00024739932478823334,0.001992541946247428
3.398709286923288,-1.0054238918799263,9.07538282691276,0.9978571428571429,2.9171428571428573,1083.0,-0.00024739932478867743,0.0019925419462492044
3.3984618875984993,-1.005378772668499,9.077375368859007,0.9978714285714286,2.9169285714285715,1084.0,-0.00024739932478867743,0.001992541946247428
3.3982144882737106,-1.0053336534570718,9.079367910805255,0.9978857142857143,2.916714285714286,1085.0,-0.00024739932478867743,0.001992541946247428
3.397967088948922,-1.0052885342456443,9.081360452751502,0.9979,2.9165,1086.0,-0.00024739932478867743,0.001992541946247428
3.3977196896241337,-1.005243415034217,9.08335299469775,0.9979142857142858,2.9162857142857144,1087.0,-0.00024739932478823334,0.001992541946247428
3.397472290299345,-1.0051982958227899,9.085345536643997,0.9979285714285714,2.9160714285714286,1088.0,-0.00024739932478867743,0.001992541946247428
3.3972248909745564,-1.0051531766113626,9.087338078590244,0.9979428571428571,2.915857142857143,1089.0,-0.00024739932478867743,0.001992541946247428
3.3969774916497677,-1.0051080573999354,9.089330620536494,0.9979571428571429,2.915642857142857,1090.0,-0.00024739932478867743,0.0019925419462492044
3.3967300923249795,-1.005062938188508,9.091323162482741,0.9979714285714286,2.9154285714285715,1091.0,-0.00024739932478823334,0.001992541946247428
3.396482693000191,-1.0050178189770806,9.093315704428989,0.9979857142857143,2.9152142857142858,1092.0,-0.00024739932478867743,0.001992541946247428
3.396235293675402,-1.0049726997656534,9.095308246375236,0.998,2.915,1093.0,-0.00024739932478867743,0.001992541946247428
3.395977190269502,-1.0051086769404847,9.099670527862786,0.998,2.9146923076923077,1094.0,-0.0002581034058999343,0.004362281487550135
3.3957190868636022,-1.005244654115316,9.104032809350336,0.998,2.9143846153846154,1095.0,-0.0002581034058999343,0.004362281487550135
3.395460983457702,-1.0053806312901472,9.108395090837886,0.998,2.914076923076923,1096.0,-0.0002581034059003784,0.004362281487550135
3.395202880051802,-1.0055166084649785,9.112757372325435,0.998,2.9137692307692307,1097.0,-0.0002581034058999343,0.004362281487548358
3.394944776645902,-1.0056525856398097,9.117119653812985,0.998,2.9134615384615383,1098.0,-0.0002581034058999343,0.004362281487550135
3.394686673240002,-1.005788562814641,9.121481935300535,0.998,2.913153846153846,1099.0,-0.0002581034058999343,0.004362281487550135
3.3944285698341017,-1.005924539989472,9.125844216788085,0.998,2.912846153846154,1100.0,-0.0002581034059003784,0.004362281487550135
3.3941704664282017,-1.0060605171643033,9.130206498275635,0.998,2.9125384615384617,1101.0,-0.0002581034058999343,0.004362281487550135
3.393912363022302,-1.0061964943391346,9.134568779763185,0.998,2.9122307692307694,1102.0,-0.0002581034058999343,0.004362281487550135
3.393654259616402,-1.0063324715139659,9.138931061250734,0.998,2.911923076923077,1103.0,-0.0002581034058999343,0.004362281487548358
3.3933961562105015,-1.0064684486887971,9.143293342738284,0.998,2.9116153846153847,1104.0,-0.0002581034059003784,0.004362281487550135
3.3931380528046016,-1.0066044258636284,9.147655624225834,0.998,2.9113076923076924,1105.0,-0.0002581034058999343,0.004362281487550135
3.3928799493987016,-1.0067404030384597,9.152017905713384,0.998,2.911,1106.0,-0.0002581034058999343,0.004362281487550135
3.3926404458117627,-1.0068161437289356,9.154971390960997,0.998,2.9107857142857143,1107.0,-0.00023950358693891616,0.0029534852476125195
3.3924009422248242,-1.0068918844194117,9.157924876208607,0.998,2.9105714285714286,1108.0,-0.00023950358693847207,0.002953485247610743
3.3921614386378853,-1.0069676251098876,9.16087836145622,0.998,2.910357142857143,1109.0,-0.00023950358693891616,0.0029534852476125195
3.391921935050947,-1.0070433658003635,9.163831846703832,0.998,2.910142857142857,1110.0,-0.00023950358693847207,0.0029534852476125195
3.391682431464008,-1.0071191064908396,9.166785331951443,0.998,2.9099285714285714,1111.0,-0.00023950358693891616,0.002953485247610743
3.3914429278770695,-1.0071948471813155,9.169738817199056,0.998,2.9097142857142857,1112.0,-0.00023950358693847207,0.0029534852476125195
3.3912034242901306,-1.0072705878717914,9.172692302446666,0.998,2.9095,1113.0,-0.00023950358693891616,0.002953485247610743
3.3909639207031916,-1.0073463285622675,9.175645787694279,0.998,2.9092857142857143,1114.0,-0.00023950358693891616,0.0029534852476125195
3.390724417116253,-1.0074220692527434,9.178599272941891,0.998,2.9090714285714285,1115.0,-0.00023950358693847207,0.0029534852476125195
3.3904849135293142,-1.0074978099432195,9.181552758189502,0.998,2.908857142857143,1116.0,-0.00023950358693891616,0.002953485247610743
3.3902454099423758,-1.0075735506336954,9.184506243437115,0.998,2.908642857142857,1117.0,-0.00023950358693847207,0.0029534852476125195
3.390005906355437,-1.0076492913241712,9.187459728684727,0.998,2.9084285714285714,1118.0,-0.00023950358693891616,0.0029534852476125195
3.3897664027684984,-1.0077250320146474,9.190413213932338,0.998,2.9082142857142856,1119.0,-0.00023950358693847207,0.002953485247610743
3.3895268991815595,-1.0078007727051232,9.19336669917995,0.998,2.908,1120.0,-0.00023950358693891616,0.0029534852476125195
3.3892897838279072,-1.0076029601640255,9.196563849192296,0.998,2.907785714285714,1121.0,-0.00023711535365222858,0.003197150012345773
3.389052668474255,-1.0074051476229275,9.199760999204644,0.998,2.9075714285714285,1122.0,-0.00023711535365222858,0.0031971500123475494
3.388815553120603,-1.0072073350818298,9.20295814921699,0.998,2.9073571428571428,1123.0,-0.00023711535365222858,0.003197150012345773
3.388578437766951,-1.007009522540732,9.206155299229335,0.998,2.907142857142857,1124.0,-0.0002371153536517845,0.003197150012345773
3.3883413224132988,-1.006811709999634,9.209352449241683,0.998,2.9069285714285713,1125.0,-0.00023711535365222858,0.0031971500123475494
3.3881042070596465,-1.0066138974585364,9.212549599254029,0.998,2.9067142857142856,1126.0,-0.00023711535365222858,0.003197150012345773
3.3878670917059943,-1.0064160849174384,9.215746749266376,0.998,2.9065,1127.0,-0.00023711535365222858,0.0031971500123475494
3.387629976352342,-1.0062182723763406,9.218943899278722,0.998,2.906285714285714,1128.0,-0.00023711535365222858,0.003197150012345773
3.38739286099869,-1.006020459835243,9.222141049291068,0.998,2.9060714285714284,1129.0,-0.00023711535365222858,0.003197150012345773
3.3871557456450376,-1.005822647294145,9.225338199303415,0.998,2.9058571428571427,1130.0,-0.00023711535365222858,0.0031971500123475494
3.386918630291386,-1.0056248347530472,9.228535349315761,0.998,2.905642857142857,1131.0,-0.0002371153536517845,0.003197150012345773
3.3866815149377336,-1.0054270222119495,9.231732499328107,0.998,2.9054285714285712,1132.0,-0.00023711535365222858,0.003197150012345773
3.3864443995840814,-1.0052292096708515,9.234929649340454,0.998,2.9052142857142855,1133.0,-0.00023711535365222858,0.0031971500123475494
3.386207284230429,-1.0050313971297538,9.2381267993528,0.998,2.905,1134.0,-0.00023711535365222858,0.003197150012345773
3.385964219981024,-1.0050983754013063,9.240785596954016,0.998,2.9047142857142854,1135.0,-0.00024306424940512272,0.002658797601215568
3.3857211557316185,-1.0051653536728586,9.243444394555233,0.998,2.9044285714285714,1136.0,-0.0002430642494055668,0.002658797601217344
3.3854780914822133,-1.0052323319444112,9.246103192156449,0.998,2.904142857142857,1137.0,-0.00024306424940512272,0.002658797601215568
3.3852350272328082,-1.0052993102159637,9.248761989757666,0.998,2.9038571428571425,1138.0,-0.00024306424940512272,0.002658797601217344
3.384991962983403,-1.005366288487516,9.251420787358882,0.998,2.9035714285714285,1139.0,-0.00024306424940512272,0.002658797601215568
3.3847488987339975,-1.0054332667590686,9.254079584960099,0.998,2.903285714285714,1140.0,-0.0002430642494055668,0.002658797601217344
3.3845058344845924,-1.0055002450306212,9.256738382561315,0.998,2.903,1141.0,-0.00024306424940512272,0.002658797601215568
3.3842627702351873,-1.0055672233021735,9.25939718016253,0.998,2.9027142857142856,1142.0,-0.00024306424940512272,0.002658797601215568
3.3840197059857817,-1.005634201573726,9.262055977763747,0.998,2.902428571428571,1143.0,-0.0002430642494055668,0.002658797601217344
3.3837766417363766,-1.0057011798452784,9.264714775364963,0.998,2.902142857142857,1144.0,-0.00024306424940512272,0.002658797601215568
3.3835335774869715,-1.005768158116831,9.26737357296618,0.998,2.9018571428571427,1145.0,-0.00024306424940512272,0.002658797601217344
3.3832905132375664,-1.0058351363883835,9.270032370567396,0.998,2.9015714285714282,1146.0,-0.00024306424940512272,0.002658797601215568
3.383047448988161,-1.0059021146599358,9.272691168168613,0.998,2.9012857142857142,1147.0,-0.0002430642494055668,0.002658797601217344
3.3828043847387557,-1.0059690929314884,9.275349965769829,0.998,2.901,1148.0,-0.00024306424940512272,0.002658797601215568
3.382554532392823,-1.0059628165608685,9.279734184035796,0.998,2.900785714285714,1149.0,-0.00024985234593266625,0.0043842182659670215
3.3823046800468908,-1.0059565401902484,9.284118402301763,0.998,2.9005714285714284,1150.0,-0.00024985234593222216,0.0043842182659670215
3.382054827700958,-1.0059502638196285,9.288502620567732,0.998,2.9003571428571426,1151.0,-0.00024985234593266625,0.004384218265968798
3.381804975355026,-1.0059439874490086,9.292886838833699,0.998,2.900142857142857,1152.0,-0.00024985234593222216,0.0043842182659670215
3.3815551230090932,-1.0059377110783885,9.297271057099666,0.998,2.899928571428571,1153.0,-0.00024985234593266625,0.0043842182659670215
3.381305270663161,-1.0059314347077686,9.301655275365633,0.998,2.8997142857142855,1154.0,-0.00024985234593222216,0.0043842182659670215
3.3810554183172283,-1.0059251583371485,9.306039493631602,0.998,2.8994999999999997,1155.0,-0.00024985234593266625,0.004384218265968798
3.3808055659712957,-1.0059188819665286,9.310423711897569,0.998,2.8992857142857145,1156.0,-0.00024985234593266625,0.0043842182659670215
3.3805557136253634,-1.0059126055959087,9.314807930163536,0.998,2.8990714285714287,1157.0,-0.00024985234593222216,0.0043842182659670215
3.380305861279431,-1.0059063292252886,9.319192148429503,0.998,2.898857142857143,1158.0,-0.00024985234593266625,0.0043842182659670215
3.3800560089334986,-1.0059000528546687,9.32357636669547,0.998,2.8986428571428573,1159.0,-0.00024985234593222216,0.0043842182659670215
3.379806156587566,-1.0058937764840488,9.327960584961438,0.998,2.8984285714285716,1160.0,-0.00024985234593266625,0.004384218265968798
3.3795563042416337,-1.0058875001134286,9.332344803227405,0.998,2.898214285714286,1161.0,-0.00024985234593222216,0.0043842182659670215
3.379306451895701,-1.0058812237428087,9.336729021493372,0.998,2.898,1162.0,-0.00024985234593266625,0.0043842182659670215
3.3790822254813295,-1.0058917208635259,9.33706059442378,0.998,2.8977857142857144,1163.0,-0.0002242264143714756,0.0003315729304080861
3.3788579990669585,-1.0059022179842427,9.33739216735419,0.998,2.8975714285714287,1164.0,-0.00022422641437103152,0.00033157293040986247
3.378633772652587,-1.0059127151049596,9.337723740284599,0.998,2.897357142857143,1165.0,-0.0002242264143714756,0.0003315729304080861
3.3784095462382155,-1.0059232122256767,9.338055313215007,0.998,2.8971428571428572,1166.0,-0.0002242264143714756,0.0003315729304080861
3.378185319823844,-1.0059337093463938,9.338386886145415,0.998,2.8969285714285715,1167.0,-0.0002242264143714756,0.0003315729304080861
3.377961093409473,-1.0059442064671107,9.338718459075825,0.998,2.896714285714286,1168.0,-0.00022422641437103152,0.00033157293040986247
3.3777368669951016,-1.0059547035878276,9.339050032006233,0.998,2.8965,1169.0,-0.0002242264143714756,0.0003315729304080861
3.37751264058073,-1.0059652007085447,9.33938160493664,0.998,2.8962857142857144,1170.0,-0.0002242264143714756,0.0003315729304080861
3.377288414166359,-1.0059756978292618,9.33971317786705,0.998,2.8960714285714286,1171.0,-0.00022422641437103152,0.00033157293040986247
3.3770641877519876,-1.0059861949499787,9.340044750797459,0.998,2.895857142857143,1172.0,-0.0002242264143714756,0.0003315729304080861
3.376839961337616,-1.0059966920706955,9.340376323727867,0.998,2.895642857142857,1173.0,-0.0002242264143714756,0.0003315729304080861
3.3766157349232446,-1.0060071891914126,9.340707896658275,0.998,2.8954285714285715,1174.0,-0.0002242264143714756,0.0003315729304080861
3.3763915085088736,-1.0060176863121297,9.341039469588685,0.998,2.8952142857142857,1175.0,-0.00022422641437103152,0.00033157293040986247
3.376167282094502,-1.0060281834328466,9.341371042519093,0.998,2.895,1176.0,-0.0002242264143714756,0.0003315729304080861
3.375929476354855,-1.0060019598487095,9.346417573001883,0.998,2.8947142857142856,1177.0,-0.0002378057396472677,0.005046530482790246
3.3756916706152076,-1.0059757362645723,9.351464103484671,0.998,2.8944285714285716,1178.0,-0.0002378057396472677,0.005046530482788469
3.37545386487556,-1.0059495126804352,9.356510633967462,0.998,2.894142857142857,1179.0,-0.0002378057396477118,0.005046530482790246
3.3752160591359126,-1.0059232890962981,9.361557164450252,0.998,2.8938571428571427,1180.0,-0.0002378057396472677,0.005046530482790246
3.3749782533962653,-1.005897065512161,9.36660369493304,0.998,2.8935714285714287,1181.0,-0.0002378057396472677,0.005046530482788469
3.374740447656618,-1.0058708419280238,9.37165022541583,0.998,2.8932857142857142,1182.0,-0.0002378057396472677,0.005046530482790246
3.3745026419169704,-1.0058446183438867,9.376696755898621,0.998,2.8930000000000002,1183.0,-0.0002378057396477118,0.005046530482790246
3.374264836177323,-1.0058183947597497,9.38174328638141,0.998,2.892714285714286,1184.0,-0.0002378057396472677,0.005046530482788469
3.374027030437676,-1.0057921711756124,9.3867898168642,0.998,2.8924285714285713,1185.0,-0.0002378057396472677,0.005046530482790246
3.3737892246980286,-1.0057659475914753,9.391836347346988,0.998,2.8921428571428573,1186.0,-0.0002378057396472677,0.005046530482788469
3.3735514189583813,-1.0057397240073382,9.396882877829778,0.998,2.891857142857143,1187.0,-0.0002378057396472677,0.005046530482790246
3.3733136132187336,-1.0057135004232012,9.401929408312569,0.998,2.8915714285714285,1188.0,-0.0002378057396477118,0.005046530482790246
3.3730758074790863,-1.005687276839064,9.406975938795357,0.998,2.8912857142857145,1189.0,-0.0002378057396472677,0.005046530482788469
3.372838001739439,-1.0056610532549268,9.412022469278147,0.998,2.891,1190.0,-0.0002378057396472677,0.005046530482790246
3.372582081457419,-1.0056895915330097,9.41511896884747,0.998,2.890769230769231,1191.0,-0.000255920282020039,0.0030964995693221198
3.3723261611753994,-1.0057181298110927,9.418215468416792,0.998,2.8905384615384615,1192.0,-0.00025592028201959494,0.0030964995693221198
3.3720702408933794,-1.0057466680891758,9.421311967986114,0.998,2.8903076923076925,1193.0,-0.000255920282020039,0.0030964995693221198
3.3718143206113598,-1.0057752063672587,9.424408467555438,0.998,2.890076923076923,1194.0,-0.00025592028201959494,0.003096499569323896
3.3715584003293397,-1.0058037446453416,9.42750496712476,0.998,2.889846153846154,1195.0,-0.000255920282020039,0.0030964995693221198
3.3713024800473197,-1.0058322829234245,9.430601466694082,0.998,2.8896153846153845,1196.0,-0.000255920282020039,0.0030964995693221198
3.3710465597653,-1.0058608212015077,9.433697966263404,0.998,2.8893846153846154,1197.0,-0.00025592028201959494,0.0030964995693221198
3.37079063948328,-1.0058893594795906,9.436794465832726,0.998,2.889153846153846,1198.0,-0.000255920282020039,0.0030964995693221198
3.37053471920126,-1.0059178977576735,9.439890965402048,0.998,2.888923076923077,1199.0,-0.000255920282020039,0.0030964995693221198
3.3702787989192404,-1.0059464360357564,9.442987464971372,0.998,2.8886923076923074,1200.0,-0.00025592028201959494,0.003096499569323896
3.3700228786372204,-1.0059749743138395,9.446083964540694,0.998,2.8884615384615384,1201.0,-0.000255920282020039,0.0030964995693221198
3.369766958355201,-1.0060035125919224,9.449180464110016,0.998,2.888230769230769,1202.0,-0.00025592028201959494,0.0030964995693221198
3.3695110380731808,-1.0060320508700054,9.452276963679338,0.998,2.888,1203.0,-0.000255920282020039,0.0030964995693221198
3.3692756190333912,-1.0059763923963565,9.453601143308827,0.998,2.887785714285714,1204.0,-0.0002354190397895195,0.0013241796294884978
3.369040199993602,-1.0059207339227079,9.454925322938314,0.998,2.8875714285714285,1205.0,-0.0002354190397890754,0.0013241796294867214
3.3688047809538126,-1.005865075449059,9.456249502567802,0.998,2.8873571428571427,1206.0,-0.0002354190397895195,0.0013241796294884978
3.368569361914023,-1.0058094169754104,9.45757368219729,0.998,2.887142857142857,1207.0,-0.0002354190397895195,0.0013241796294884978
3.3683339428742336,-1.0057537585017615,9.45889786182678,0.998,2.8869285714285713,1208.0,-0.0002354190397895195,0.0013241796294884978
3.3680985238344445,-1.0056981000281129,9.460222041456266,0.998,2.8867142857142856,1209.0,-0.0002354190397890754,0.0013241796294867214
3.367863104794655,-1.005642441554464,9.461546221085754,0.998,2.8865,1210.0,-0.0002354190397895195,0.0013241796294884978
3.3676276857548655,-1.0055867830808152,9.462870400715243,0.998,2.886285714285714,1211.0,-0.0002354190397895195,0.0013241796294884978
3.3673922667150764,-1.0055311246071665,9.46419458034473,0.998,2.8860714285714284,1212.0,-0.0002354190397890754,0.0013241796294867214
3.367156847675287,-1.0054754661335177,9.465518759974218,0.998,2.8858571428571427,1213.0,-0.0002354190397895195,0.0013241796294884978
3.3669214286354974,-1.005419807659869,9.466842939603707,0.998,2.885642857142857,1214.0,-0.0002354190397895195,0.0013241796294884978
3.366686009595708,-1.0053641491862202,9.468167119233195,0.998,2.8854285714285712,1215.0,-0.0002354190397895195,0.0013241796294884978
3.3664505905559188,-1.0053084907125716,9.469491298862682,0.998,2.8852142857142855,1216.0,-0.0002354190397890754,0.0013241796294867214
3.3662151715161293,-1.0052528322389227,9.47081547849217,0.998,2.885,1217.0,-0.0002354190397895195,0.0013241796294884978
3.3659834348307025,-1.0052786203265394,9.475383157238273,0.998,2.884785714285714,1218.0,-0.0002317366854267533,0.004567678746102644
3.3657516981452757,-1.005304408414156,9.479950835984377,0.998,2.8845714285714283,1219.0,-0.0002317366854267533,0.00456767874610442
3.365519961459849,-1.0053301965017727,9.48451851473048,0.998,2.8843571428571426,1220.0,-0.0002317366854267533,0.004567678746102644
3.3652882247744222,-1.0053559845893894,9.489086193476583,0.998,2.884142857142857,1221.0,-0.0002317366854267533,0.004567678746102644
3.3650564880889955,-1.005381772677006,9.493653872222687,0.998,2.883928571428571,1222.0,-0.0002317366854267533,0.00456767874610442
3.3648247514035687,-1.0054075607646227,9.49822155096879,0.998,2.8837142857142855,1223.0,-0.0002317366854267533,0.004567678746102644
3.364593014718142,-1.0054333488522393,9.502789229714892,0.998,2.8834999999999997,1224.0,-0.0002317366854267533,0.004567678746102644
3.3643612780327152,-1.0054591369398562,9.507356908460997,0.998,2.8832857142857145,1225.0,-0.0002317366854267533,0.00456767874610442
3.3641295413472885,-1.0054849250274729,9.5119245872071,0.998,2.8830714285714287,1226.0,-0.0002317366854267533,0.004567678746102644
3.3638978046618617,-1.0055107131150895,9.516492265953204,0.998,2.882857142857143,1227.0,-0.0002317366854267533,0.00456767874610442
3.363666067976435,-1.0055365012027062,9.521059944699306,0.998,2.8826428571428573,1228.0,-0.0002317366854267533,0.004567678746102644
3.363434331291008,-1.0055622892903229,9.52562762344541,0.998,2.8824285714285716,1229.0,-0.0002317366854267533,0.004567678746102644
3.3632025946055815,-1.0055880773779395,9.530195302191514,0.998,2.882214285714286,1230.0,-0.0002317366854267533,0.00456767874610442
3.3629708579201547,-1.0056138654655562,9.534762980937616,0.998,2.882,1231.0,-0.0002317366854267533,0.004567678746102644
3.3627371313991237,-1.00580327186011,9.537036828218584,0.9979857142857143,2.8817857142857144,1232.0,-0.0002337265210310413,0.0022738472809678
3.3625034048780926,-1.005992678254664,9.53931067549955,0.9979714285714286,2.8815714285714287,1233.0,-0.0002337265210310413,0.0022738472809660237
3.362269678357061,-1.0061820846492178,9.541584522780518,0.9979571428571429,2.881357142857143,1234.0,-0.0002337265210314854,0.0022738472809678
3.36203595183603,-1.0063714910437715,9.543858370061486,0.9979428571428571,2.8811428571428572,1235.0,-0.0002337265210310413,0.0022738472809678
3.361802225314999,-1.0065608974383253,9.546132217342453,0.9979285714285714,2.8809285714285715,1236.0,-0.0002337265210310413,0.0022738472809678
3.361568498793968,-1.0067503038328793,9.54840606462342,0.9979142857142858,2.880714285714286,1237.0,-0.0002337265210310413,0.0022738472809660237
3.3613347722729365,-1.0069397102274331,9.550679911904387,0.9979,2.8805,1238.0,-0.0002337265210314854,0.0022738472809678
3.3611010457519055,-1.007129116621987,9.552953759185355,0.9978857142857143,2.8802857142857143,1239.0,-0.0002337265210310413,0.0022738472809678
3.3608673192308745,-1.007318523016541,9.555227606466321,0.9978714285714286,2.8800714285714286,1240.0,-0.0002337265210310413,0.0022738472809660237
3.3606335927098434,-1.0075079294110947,9.557501453747289,0.9978571428571429,2.879857142857143,1241.0,-0.0002337265210310413,0.0022738472809678
3.3603998661888124,-1.0076973358056485,9.559775301028257,0.9978428571428571,2.879642857142857,1242.0,-0.0002337265210310413,0.0022738472809678
3.360166139667781,-1.0078867422002022,9.562049148309224,0.9978285714285714,2.8794285714285714,1243.0,-0.0002337265210314854,0.0022738472809678
3.35993241314675,-1.0080761485947562,9.56432299559019,0.9978142857142858,2.8792142857142857,1244.0,-0.0002337265210310413,0.0022738472809660237
3.359698686625719,-1.00826555498931,9.566596842871158,0.9978,2.879,1245.0,-0.0002337265210310413,0.0022738472809678
3.3594647406293072,-1.0080325811420796,9.569787042243421,0.9978142857142858,2.8787142857142856,1246.0,-0.00023394599641157754,0.0031901993722627253
3.3592307946328956,-1.0077996072948492,9.572977241615682,0.9978285714285714,2.8784285714285716,1247.0,-0.00023394599641157754,0.003190199372260949
3.358996848636484,-1.0075666334476188,9.576167440987945,0.9978428571428571,2.878142857142857,1248.0,-0.00023394599641157754,0.0031901993722627253
3.358762902640072,-1.0073336596003881,9.579357640360207,0.9978571428571429,2.8778571428571427,1249.0,-0.00023394599641202163,0.0031901993722627253
3.3585289566436605,-1.0071006857531577,9.582547839732468,0.9978714285714286,2.8775714285714287,1250.0,-0.00023394599641157754,0.003190199372260949
3.358295010647249,-1.0068677119059273,9.585738039104731,0.9978857142857143,2.8772857142857142,1251.0,-0.00023394599641157754,0.0031901993722627253
3.3580610646508373,-1.0066347380586969,9.588928238476992,0.9979,2.8770000000000002,1252.0,-0.00023394599641157754,0.003190199372260949
3.3578271186544257,-1.0064017642114664,9.592118437849255,0.9979142857142858,2.876714285714286,1253.0,-0.00023394599641157754,0.0031901993722627253
3.357593172658014,-1.006168790364236,9.595308637221518,0.9979285714285714,2.8764285714285713,1254.0,-0.00023394599641157754,0.0031901993722627253
3.3573592266616026,-1.0059358165170056,9.598498836593778,0.9979428571428571,2.8761428571428573,1255.0,-0.00023394599641157754,0.003190199372260949
3.3571252806651906,-1.005702842669775,9.601689035966041,0.9979571428571429,2.875857142857143,1256.0,-0.00023394599641202163,0.0031901993722627253
3.356891334668779,-1.0054698688225445,9.604879235338304,0.9979714285714286,2.8755714285714284,1257.0,-0.00023394599641157754,0.0031901993722627253
3.3566573886723674,-1.005236894975314,9.608069434710565,0.9979857142857143,2.8752857142857144,1258.0,-0.00023394599641157754,0.003190199372260949
3.356423442675956,-1.0050039211280837,9.611259634082828,0.998,2.875,1259.0,-0.00023394599641157754,0.0031901993722627253
3.3561933603197223,-1.0051891390735546,9.61498656598079,0.998,2.8747857142857143,1260.0,-0.000230082356233563,0.003726931897961805
3.3559632779634883,-1.0053743570190254,9.618713497878751,0.998,2.8745714285714286,1261.0,-0.00023008235623400708,0.003726931897961805
3.3557331956072547,-1.0055595749644963,9.622440429776715,0.998,2.874357142857143,1262.0,-0.000230082356233563,0.0037269318979635813
3.3555031132510207,-1.0057447929099672,9.626167361674677,0.998,2.874142857142857,1263.0,-0.00023008235623400708,0.003726931897961805
3.355273030894787,-1.005930010855438,9.629894293572638,0.998,2.8739285714285714,1264.0,-0.000230082356233563,0.003726931897961805
3.355042948538553,-1.006115228800909,9.6336212254706,0.998,2.8737142857142857,1265.0,-0.00023008235623400708,0.003726931897961805
3.3548128661823196,-1.0063004467463799,9.637348157368564,0.998,2.8735,1266.0,-0.000230082356233563,0.0037269318979635813
3.354582783826086,-1.0064856646918505,9.641075089266526,0.998,2.873285714285714,1267.0,-0.000230082356233563,0.003726931897961805
3.354352701469852,-1.0066708826373214,9.644802021164487,0.998,2.8730714285714285,1268.0,-0.00023008235623400708,0.003726931897961805
3.3541226191136184,-1.0068561005827923,9.64852895306245,0.998,2.8728571428571428,1269.0,-0.000230082356233563,0.003726931897961805
3.3538925367573844,-1.0070413185282632,9.652255884960411,0.998,2.872642857142857,1270.0,-0.00023008235623400708,0.003726931897961805
3.353662454401151,-1.007226536473734,9.655982816858375,0.998,2.8724285714285713,1271.0,-0.000230082356233563,0.0037269318979635813
3.353432372044917,-1.007411754419205,9.659709748756336,0.998,2.8722142857142856,1272.0,-0.00023008235623400708,0.003726931897961805
3.3532022896886833,-1.0075969723646758,9.663436680654298,0.998,2.872,1273.0,-0.000230082356233563,0.003726931897961805
3.352956213001327,-1.0072305172719267,9.665142290847418,0.998,2.871785714285714,1274.0,-0.00024607668735621147,0.0017056101931203216
3.3527101363139713,-1.0068640621791776,9.66684790104054,0.998,2.8715714285714284,1275.0,-0.0002460766873557674,0.001705610193122098
3.352464059626615,-1.0064976070864284,9.668553511233661,0.998,2.8713571428571427,1276.0,-0.00024607668735621147,0.0017056101931203216
3.352217982939259,-1.0061311519936793,9.670259121426781,0.998,2.871142857142857,1277.0,-0.00024607668735621147,0.0017056101931203216
3.351971906251903,-1.0057646969009302,9.671964731619903,0.998,2.8709285714285713,1278.0,-0.0002460766873557674,0.001705610193122098
3.351725829564547,-1.005398241808181,9.673670341813024,0.998,2.8707142857142856,1279.0,-0.00024607668735621147,0.0017056101931203216
3.351479752877191,-1.0050317867154317,9.675375952006146,0.998,2.8705,1280.0,-0.0002460766873557674,0.001705610193122098
3.351233676189835,-1.0046653316226826,9.677081562199266,0.998,2.8702857142857146,1281.0,-0.00024607668735621147,0.0017056101931203216
3.3509875995024787,-1.0042988765299334,9.678787172392386,0.998,2.870071428571429,1282.0,-0.00024607668735621147,0.0017056101931203216
3.350741522815123,-1.0039324214371843,9.680492782585508,0.998,2.869857142857143,1283.0,-0.0002460766873557674,0.001705610193122098
3.3504954461277667,-1.0035659663444352,9.682198392778629,0.998,2.8696428571428574,1284.0,-0.00024607668735621147,0.0017056101931203216
3.3502493694404105,-1.003199511251686,9.68390400297175,0.998,2.8694285714285717,1285.0,-0.00024607668735621147,0.0017056101931203216
3.3500032927530548,-1.002833056158937,9.685609613164871,0.998,2.869214285714286,1286.0,-0.0002460766873557674,0.001705610193122098
3.3497572160656985,-1.0024666010661878,9.687315223357992,0.998,2.869,1287.0,-0.00024607668735621147,0.0017056101931203216
3.349523464405648,-1.0025743595240457,9.68973520479247,0.998,2.868692307692308,1288.0,-0.00023375166005035197,0.002419981434478302
3.3492897127455974,-1.0026821179819037,9.69215518622695,0.998,2.8683846153846155,1289.0,-0.00023375166005079606,0.0024199814344800785
3.349055961085547,-1.0027898764397616,9.694575167661428,0.998,2.868076923076923,1290.0,-0.00023375166005035197,0.002419981434478302
3.3488222094254962,-1.0028976348976195,9.696995149095907,0.998,2.867769230769231,1291.0,-0.00023375166005079606,0.002419981434478302
3.348588457765446,-1.0030053933554774,9.699415130530387,0.998,2.8674615384615385,1292.0,-0.00023375166005035197,0.0024199814344800785
3.3483547061053955,-1.0031131518133354,9.701835111964865,0.998,2.867153846153846,1293.0,-0.00023375166005035197,0.002419981434478302
3.3481209544453447,-1.0032209102711933,9.704255093399343,0.998,2.8668461538461543,1294.0,-0.00023375166005079606,0.002419981434478302
3.3478872027852944,-1.0033286687290512,9.706675074833822,0.998,2.866538461538462,1295.0,-0.00023375166005035197,0.002419981434478302
3.347653451125244,-1.0034364271869092,9.709095056268302,0.998,2.8662307692307696,1296.0,-0.00023375166005035197,0.0024199814344800785
3.3474196994651932,-1.003544185644767,9.71151503770278,0.998,2.8659230769230772,1297.0,-0.00023375166005079606,0.002419981434478302
3.347185947805143,-1.003651944102625,9.713935019137258,0.998,2.865615384615385,1298.0,-0.00023375166005035197,0.002419981434478302
3.346952196145092,-1.003759702560483,9.716355000571738,0.998,2.8653076923076926,1299.0,-0.00023375166005079606,0.0024199814344800785
3.3467184444850417,-1.003867461018341,9.718774982006217,0.998,2.865,1300.0,-0.00023375166005035197,0.002419981434478302
3.346481198006943,-1.0039910657562494,9.719616434230105,0.998,2.8647857142857145,1301.0,-0.00023724647809864052,0.000841452223887984
3.3462439515288445,-1.0041146704941581,9.720457886453993,0.998,2.8645714285714288,1302.0,-0.00023724647809864052,0.000841452223887984
3.3460067050507463,-1.0042382752320667,9.72129933867788,0.998,2.864357142857143,1303.0,-0.00023724647809819643,0.000841452223887984
3.3457694585726476,-1.0043618799699754,9.722140790901767,0.998,2.8641428571428573,1304.0,-0.00023724647809864052,0.0008414522238862077
3.345532212094549,-1.004485484707884,9.722982243125655,0.998,2.8639285714285716,1305.0,-0.00023724647809864052,0.000841452223887984
3.3452949656164503,-1.0046090894457926,9.723823695349543,0.998,2.863714285714286,1306.0,-0.00023724647809864052,0.000841452223887984
3.345057719138352,-1.0047326941837011,9.72466514757343,0.998,2.8635,1307.0,-0.00023724647809819643,0.000841452223887984
3.3448204726602535,-1.0048562989216097,9.725506599797319,0.998,2.8632857142857144,1308.0,-0.00023724647809864052,0.000841452223887984
3.344583226182155,-1.0049799036595184,9.726348052021207,0.998,2.8630714285714287,1309.0,-0.00023724647809864052,0.000841452223887984
3.3443459797040562,-1.005103508397427,9.727189504245095,0.998,2.862857142857143,1310.0,-0.00023724647809864052,0.000841452223887984
3.3441087332259576,-1.0052271131353356,9.72803095646898,0.998,2.8626428571428573,1311.0,-0.00023724647809864052,0.0008414522238862077
3.3438714867478594,-1.0053507178732441,9.728872408692869,0.998,2.8624285714285715,1312.0,-0.00023724647809819643,0.000841452223887984
3.3436342402697607,-1.0054743226111529,9.729713860916757,0.998,2.862214285714286,1313.0,-0.00023724647809864052,0.000841452223887984
3.343396993791662,-1.0055979273490614,9.730555313140645,0.998,2.862,1314.0,-0.00023724647809864052,0.000841452223887984
3.343178727973301,-1.0055043885849744,9.735400707594989,0.998,2.8617857142857144,1315.0,-0.00021826581836092984,0.004845394454344287
3.3429604621549402,-1.0054108498208874,9.740246102049335,0.998,2.8615714285714287,1316.0,-0.00021826581836092984,0.004845394454346064
3.3427421963365798,-1.0053173110568003,9.74509149650368,0.998,2.861357142857143,1317.0,-0.00021826581836048575,0.004845394454344287
3.342523930518219,-1.0052237722927133,9.749936890958026,0.998,2.861142857142857,1318.0,-0.00021826581836092984,0.004845394454346064
3.342305664699858,-1.0051302335286263,9.75478228541237,0.998,2.8609285714285715,1319.0,-0.00021826581836092984,0.004845394454344287
3.342087398881497,-1.0050366947645393,9.759627679866716,0.998,2.8607142857142858,1320.0,-0.00021826581836092984,0.004845394454346064
3.3418691330631365,-1.0049431560004523,9.76447307432106,0.998,2.8605,1321.0,-0.00021826581836048575,0.004845394454344287
3.3416508672447756,-1.004849617236365,9.769318468775404,0.998,2.8602857142857143,1322.0,-0.00021826581836092984,0.004845394454344287
3.3414326014264146,-1.004756078472278,9.77416386322975,0.998,2.8600714285714286,1323.0,-0.00021826581836092984,0.004845394454346064
3.3412143356080537,-1.004662539708191,9.779009257684095,0.998,2.859857142857143,1324.0,-0.00021826581836092984,0.004845394454344287
3.3409960697896928,-1.004569000944104,9.78385465213844,0.998,2.859642857142857,1325.0,-0.00021826581836092984,0.004845394454346064
3.3407778039713323,-1.004475462180017,9.788700046592785,0.998,2.8594285714285714,1326.0,-0.00021826581836048575,0.004845394454344287
3.3405595381529714,-1.00438192341593,9.793545441047131,0.998,2.8592142857142857,1327.0,-0.00021826581836092984,0.004845394454346064
3.3403412723346104,-1.004288384651843,9.798390835501475,0.998,2.859,1328.0,-0.00021826581836092984,0.004845394454344287
3.3401008499699074,-1.0045132782123225,9.80045670375758,0.998,2.8587857142857143,1329.0,-0.00024042236470300793,0.002065868256105219
3.339860427605204,-1.0047381717728021,9.802522572013686,0.998,2.8585714285714285,1330.0,-0.00024042236470345202,0.002065868256105219
3.339620005240501,-1.0049630653332815,9.804588440269791,0.998,2.858357142857143,1331.0,-0.00024042236470300793,0.002065868256105219
3.339379582875798,-1.0051879588937611,9.806654308525896,0.998,2.858142857142857,1332.0,-0.00024042236470300793,0.002065868256105219
3.3391391605110945,-1.0054128524542407,9.808720176782002,0.998,2.8579285714285714,1333.0,-0.00024042236470345202,0.002065868256105219
3.3388987381463915,-1.0056377460147203,9.810786045038107,0.998,2.8577142857142857,1334.0,-0.00024042236470300793,0.002065868256105219
3.3386583157816885,-1.0058626395752,9.812851913294212,0.998,2.8575,1335.0,-0.00024042236470300793,0.002065868256105219
3.338417893416985,-1.0060875331356793,9.814917781550317,0.998,2.857285714285714,1336.0,-0.00024042236470345202,0.002065868256105219
3.338177471052282,-1.006312426696159,9.816983649806422,0.998,2.8570714285714285,1337.0,-0.00024042236470300793,0.002065868256105219
3.3379370486875786,-1.0065373202566386,9.819049518062528,0.998,2.8568571428571428,1338.0,-0.00024042236470345202,0.002065868256105219
3.3376966263228756,-1.0067622138171182,9.821115386318633,0.998,2.856642857142857,1339.0,-0.00024042236470300793,0.002065868256105219
3.3374562039581726,-1.0069871073775976,9.823181254574738,0.998,2.8564285714285713,1340.0,-0.00024042236470300793,0.002065868256105219
3.337215781593469,-1.0072120009380772,9.825247122830843,0.998,2.8562142857142856,1341.0,-0.00024042236470345202,0.002065868256105219
3.336975359228766,-1.0074368944985568,9.827312991086949,0.998,2.856,1342.0,-0.00024042236470300793,0.002065868256105219
3.3367577237195345,-1.0073178469207242,9.83058081320978,0.998,2.855785714285714,1343.0,-0.00021763550923159514,0.0032678221228312765
3.3365400882103033,-1.0071987993428917,9.83384863533261,0.998,2.8555714285714284,1344.0,-0.00021763550923115105,0.0032678221228295
3.3363224527010718,-1.0070797517650594,9.83711645745544,0.998,2.8553571428571427,1345.0,-0.00021763550923159514,0.0032678221228312765
3.33610481719184,-1.0069607041872268,9.84038427957827,0.998,2.855142857142857,1346.0,-0.00021763550923159514,0.0032678221228295
3.335887181682609,-1.0068416566093943,9.843652101701101,0.998,2.8549285714285713,1347.0,-0.00021763550923115105,0.0032678221228312765
3.3356695461733774,-1.0067226090315617,9.84691992382393,0.998,2.8547142857142855,1348.0,-0.00021763550923159514,0.0032678221228295
3.335451910664146,-1.0066035614537294,9.850187745946762,0.998,2.8545,1349.0,-0.00021763550923159514,0.0032678221228312765
3.3352342751549147,-1.0064845138758969,9.853455568069593,0.998,2.8542857142857145,1350.0,-0.00021763550923115105,0.0032678221228312765
3.335016639645683,-1.0063654662980643,9.856723390192423,0.998,2.854071428571429,1351.0,-0.00021763550923159514,0.0032678221228295
3.334799004136452,-1.0062464187202318,9.859991212315254,0.998,2.853857142857143,1352.0,-0.00021763550923115105,0.0032678221228312765
3.3345813686272203,-1.0061273711423993,9.863259034438084,0.998,2.8536428571428574,1353.0,-0.00021763550923159514,0.0032678221228295
3.3343637331179887,-1.006008323564567,9.866526856560915,0.998,2.8534285714285716,1354.0,-0.00021763550923159514,0.0032678221228312765
3.3341460976087576,-1.0058892759867344,9.869794678683744,0.998,2.853214285714286,1355.0,-0.00021763550923115105,0.0032678221228295
3.333928462099526,-1.0057702284089018,9.873062500806576,0.998,2.853,1356.0,-0.00021763550923159514,0.0032678221228312765
3.333696122344873,-1.0057478219295488,9.875989916432442,0.998,2.8527857142857145,1357.0,-0.00023233975465286605,0.002927415625865848
3.3334637825902202,-1.0057254154501958,9.878917332058307,0.998,2.8525714285714288,1358.0,-0.00023233975465286605,0.002927415625865848
3.3332314428355674,-1.0057030089708427,9.881844747684173,0.998,2.852357142857143,1359.0,-0.00023233975465286605,0.002927415625865848
3.3329991030809145,-1.0056806024914897,9.88477216331004,0.998,2.8521428571428573,1360.0,-0.00023233975465286605,0.002927415625865848
3.3327667633262616,-1.0056581960121367,9.887699578935905,0.998,2.8519285714285716,1361.0,-0.00023233975465286605,0.002927415625865848
3.332534423571609,-1.0056357895327837,9.89062699456177,0.998,2.851714285714286,1362.0,-0.00023233975465286605,0.002927415625865848
3.332302083816956,-1.0056133830534306,9.893554410187638,0.998,2.8515,1363.0,-0.00023233975465286605,0.0029274156258676243
3.3320697440623026,-1.0055909765740778,9.896481825813504,0.998,2.8512857142857144,1364.0,-0.00023233975465331014,0.002927415625865848
3.3318374043076497,-1.0055685700947248,9.89940924143937,0.998,2.8510714285714287,1365.0,-0.00023233975465286605,0.002927415625865848
3.331605064552997,-1.0055461636153717,9.902336657065236,0.998,2.850857142857143,1366.0,-0.00023233975465286605,0.002927415625865848
3.331372724798344,-1.0055237571360187,9.905264072691102,0.998,2.8506428571428573,1367.0,-0.00023233975465286605,0.002927415625865848
3.331140385043691,-1.0055013506566657,9.908191488316968,0.998,2.8504285714285715,1368.0,-0.00023233975465286605,0.002927415625865848
3.3309080452890383,-1.0054789441773127,9.911118903942834,0.998,2.850214285714286,1369.0,-0.00023233975465286605,0.002927415625865848
3.3306757055343854,-1.0054565376979596,9.9140463195687,0.998,2.85,1370.0,-0.00023233975465286605,0.002927415625865848
3.3304314782392517,-1.0055131001392457,9.916544325952465,0.998,2.849769230769231,1371.0,-0.00024422729513373653,0.0024980063837656274
3.330187250944118,-1.005569662580532,9.91904233233623,0.998,2.8495384615384616,1372.0,-0.00024422729513373653,0.0024980063837656274
3.3299430236489838,-1.005626225021818,9.921540338719996,0.998,2.8493076923076925,1373.0,-0.0002442272951341806,0.0024980063837656274
3.32969879635385,-1.005682787463104,9.924038345103762,0.998,2.849076923076923,1374.0,-0.00024422729513373653,0.0024980063837656274
3.3294545690587163,-1.0057393499043903,9.926536351487528,0.998,2.848846153846154,1375.0,-0.00024422729513373653,0.0024980063837656274
3.3292103417635825,-1.0057959123456763,9.929034357871293,0.998,2.8486153846153845,1376.0,-0.00024422729513373653,0.0024980063837656274
3.3289661144684484,-1.0058524747869624,9.931532364255059,0.998,2.8483846153846155,1377.0,-0.0002442272951341806,0.0024980063837656274
3.3287218871733146,-1.0059090372282484,9.934030370638824,0.998,2.848153846153846,1378.0,-0.00024422729513373653,0.0024980063837656274
3.328477659878181,-1.0059655996695347,9.93652837702259,0.998,2.847923076923077,1379.0,-0.00024422729513373653,0.0024980063837656274
3.328233432583047,-1.0060221621108207,9.939026383406356,0.998,2.8476923076923075,1380.0,-0.00024422729513373653,0.0024980063837656274
3.327989205287913,-1.0060787245521068,9.941524389790121,0.998,2.8474615384615385,1381.0,-0.0002442272951341806,0.0024980063837656274
3.3277449779927792,-1.006135286993393,9.944022396173887,0.998,2.847230769230769,1382.0,-0.00024422729513373653,0.0024980063837656274
3.3275007506976455,-1.006191849434679,9.946520402557653,0.998,2.847,1383.0,-0.00024422729513373653,0.0024980063837656274
3.3272731618379128,-1.0060718903069692,9.946899343310454,0.998,2.8467142857142855,1384.0,-0.00022758885973273024,0.0003789407528014266
3.32704557297818,-1.005951931179259,9.947278284063257,0.998,2.8464285714285715,1385.0,-0.00022758885973273024,0.00037894075280320294
3.3268179841184473,-1.0058319720515492,9.947657224816059,0.998,2.846142857142857,1386.0,-0.00022758885973273024,0.0003789407528014266
3.326590395258714,-1.005712012923839,9.948036165568862,0.998,2.8458571428571426,1387.0,-0.00022758885973317433,0.00037894075280320294
3.3263628063989814,-1.0055920537961291,9.948415106321663,0.998,2.8455714285714286,1388.0,-0.00022758885973273024,0.0003789407528014266
3.3261352175392487,-1.005472094668419,9.948794047074466,0.998,2.845285714285714,1389.0,-0.00022758885973273024,0.00037894075280320294
3.325907628679516,-1.0053521355407091,9.949172987827268,0.998,2.845,1390.0,-0.00022758885973273024,0.0003789407528014266
3.325680039819783,-1.0052321764129992,9.94955192858007,0.998,2.8447142857142858,1391.0,-0.00022758885973273024,0.0003789407528014266
3.3254524509600505,-1.005112217285289,9.949930869332873,0.998,2.8444285714285713,1392.0,-0.00022758885973273024,0.00037894075280320294
3.3252248621003178,-1.0049922581575792,9.950309810085674,0.998,2.8441428571428573,1393.0,-0.00022758885973273024,0.0003789407528014266
3.3249972732405846,-1.004872299029869,9.950688750838477,0.998,2.843857142857143,1394.0,-0.00022758885973317433,0.00037894075280320294
3.324769684380852,-1.0047523399021592,9.951067691591279,0.998,2.8435714285714284,1395.0,-0.00022758885973273024,0.0003789407528014266
3.324542095521119,-1.004632380774449,9.951446632344082,0.998,2.8432857142857144,1396.0,-0.00022758885973273024,0.00037894075280320294
3.3243145066613864,-1.0045124216467392,9.951825573096883,0.998,2.843,1397.0,-0.00022758885973273024,0.0003789407528014266
3.324087631475142,-1.0044768651083824,9.955803543187411,0.998,2.8427857142857142,1398.0,-0.00022687518624442404,0.003977970090527805
3.323860756288897,-1.0044413085700254,9.95978151327794,0.998,2.8425714285714285,1399.0,-0.00022687518624486813,0.003977970090529581
3.3236338811026522,-1.0044057520316687,9.963759483368468,0.998,2.842357142857143,1400.0,-0.00022687518624486813,0.003977970090527805
3.323407005916408,-1.004370195493312,9.967737453458998,0.998,2.842142857142857,1401.0,-0.00022687518624442404,0.003977970090529581
3.3231801307301634,-1.0043346389549552,9.971715423549526,0.998,2.8419285714285714,1402.0,-0.00022687518624442404,0.003977970090527805
3.3229532555439185,-1.0042990824165983,9.975693393640055,0.998,2.8417142857142856,1403.0,-0.00022687518624486813,0.003977970090529581
3.3227263803576736,-1.0042635258782415,9.979671363730583,0.998,2.8415,1404.0,-0.00022687518624486813,0.003977970090527805
3.3224995051714292,-1.0042279693398848,9.983649333821111,0.998,2.841285714285714,1405.0,-0.00022687518624442404,0.003977970090527805
3.322272629985185,-1.0041924128015278,9.98762730391164,0.998,2.8410714285714285,1406.0,-0.00022687518624442404,0.003977970090529581
3.32204575479894,-1.004156856263171,9.991605274002168,0.998,2.8408571428571427,1407.0,-0.00022687518624486813,0.003977970090527805
3.321818879612695,-1.0041212997248143,9.995583244092698,0.998,2.840642857142857,1408.0,-0.00022687518624486813,0.003977970090529581
3.3215920044264506,-1.0040857431864576,9.999561214183226,0.998,2.8404285714285713,1409.0,-0.00022687518624442404,0.003977970090527805
3.321365129240206,-1.0040501866481006,10.003539184273755,0.998,2.8402142857142856,1410.0,-0.00022687518624442404,0.003977970090529581
3.3211382540539613,-1.004014630109744,10.007517154364283,0.998,2.84,1411.0,-0.00022687518624486813,0.003977970090527805
3.3209221702524596,-1.00408187311874,10.011550898637607,0.998,2.839785714285714,1412.0,-0.0002160838015017319,0.004033744273323592
3.320706086450958,-1.004149116127736,10.015584642910932,0.998,2.8395714285714284,1413.0,-0.0002160838015017319,0.004033744273325368
3.320490002649456,-1.004216359136732,10.019618387184256,0.998,2.8393571428571427,1414.0,-0.0002160838015017319,0.004033744273323592
3.320273918847954,-1.004283602145728,10.02365213145758,0.998,2.839142857142857,1415.0,-0.000216083801502176,0.004033744273323592
3.3200578350464522,-1.004350845154724,10.027685875730905,0.998,2.8389285714285712,1416.0,-0.0002160838015017319,0.004033744273325368
3.3198417512449505,-1.0044180881637201,10.031719620004228,0.998,2.8387142857142855,1417.0,-0.0002160838015017319,0.004033744273323592
3.319625667443449,-1.004485331172716,10.035753364277552,0.998,2.8385,1418.0,-0.0002160838015017319,0.004033744273323592
3.319409583641947,-1.004552574181712,10.039787108550877,0.998,2.8382857142857145,1419.0,-0.0002160838015017319,0.004033744273325368
3.3191934998404453,-1.0046198171907081,10.0438208528242,0.998,2.838071428571429,1420.0,-0.0002160838015017319,0.004033744273323592
3.3189774160389436,-1.0046870601997042,10.047854597097526,0.998,2.837857142857143,1421.0,-0.0002160838015017319,0.004033744273325368
3.3187613322374414,-1.0047543032087003,10.05188834137085,0.998,2.8376428571428574,1422.0,-0.000216083801502176,0.004033744273323592
3.3185452484359397,-1.0048215462176961,10.055922085644173,0.998,2.8374285714285716,1423.0,-0.0002160838015017319,0.004033744273323592
3.318329164634438,-1.0048887892266922,10.059955829917499,0.998,2.837214285714286,1424.0,-0.0002160838015017319,0.004033744273325368
3.318113080832936,-1.0049560322356883,10.063989574190822,0.998,2.837,1425.0,-0.0002160838015017319,0.004033744273323592
3.3178688833975514,-1.0048906179263837,10.066375500397783,0.998,2.8367857142857145,1426.0,-0.00024419743538484084,0.0023859262069603204
3.317624685962166,-1.004825203617079,10.068761426604745,0.998,2.8365714285714287,1427.0,-0.00024419743538528493,0.002385926206962097
3.3173804885267812,-1.0047597893077744,10.071147352811705,0.998,2.836357142857143,1428.0,-0.00024419743538484084,0.0023859262069603204
3.317136291091396,-1.0046943749984698,10.073533279018665,0.998,2.8361428571428573,1429.0,-0.00024419743538528493,0.0023859262069603204
3.316892093656011,-1.0046289606891652,10.075919205225627,0.998,2.8359285714285716,1430.0,-0.00024419743538484084,0.002385926206962097
3.316647896220626,-1.0045635463798606,10.078305131432588,0.998,2.835714285714286,1431.0,-0.00024419743538528493,0.0023859262069603204
3.316403698785241,-1.004498132070556,10.08069105763955,0.998,2.8355,1432.0,-0.00024419743538484084,0.002385926206962097
3.316159501349856,-1.0044327177612515,10.08307698384651,0.998,2.8352857142857144,1433.0,-0.00024419743538484084,0.0023859262069603204
3.315915303914471,-1.004367303451947,10.08546291005347,0.998,2.8350714285714287,1434.0,-0.00024419743538528493,0.0023859262069603204
3.315671106479086,-1.0043018891426423,10.087848836260433,0.998,2.834857142857143,1435.0,-0.00024419743538484084,0.002385926206962097
3.3154269090437007,-1.0042364748333377,10.090234762467393,0.998,2.8346428571428572,1436.0,-0.00024419743538528493,0.0023859262069603204
3.315182711608316,-1.004171060524033,10.092620688674353,0.998,2.8344285714285715,1437.0,-0.00024419743538484084,0.0023859262069603204
3.3149385141729306,-1.0041056462147284,10.095006614881315,0.998,2.834214285714286,1438.0,-0.00024419743538528493,0.002385926206962097
3.3146943167375458,-1.0040402319054238,10.097392541088276,0.998,2.834,1439.0,-0.00024419743538484084,0.0023859262069603204
3.314473271682895,-1.0040061134593452,10.101225365006862,0.998,2.8337857142857144,1440.0,-0.00022104505465092572,0.0038328239185858592
3.314252226628244,-1.0039719950132668,10.105058188925447,0.998,2.8335714285714286,1441.0,-0.00022104505465092572,0.0038328239185858592
3.314031181573593,-1.0039378765671882,10.108891012844033,0.998,2.833357142857143,1442.0,-0.00022104505465092572,0.0038328239185858592
3.313810136518942,-1.0039037581211099,10.112723836762619,0.998,2.833142857142857,1443.0,-0.00022104505465092572,0.0038328239185858592
3.313589091464291,-1.0038696396750313,10.116556660681205,0.998,2.8329285714285715,1444.0,-0.00022104505465092572,0.0038328239185858592
3.31336804640964,-1.003835521228953,10.12038948459979,0.998,2.8327142857142857,1445.0,-0.00022104505465092572,0.0038328239185858592
3.3131470013549893,-1.0038014027828743,10.124222308518375,0.998,2.8325,1446.0,-0.00022104505465092572,0.003832823918584083
3.312925956300339,-1.0037672843367957,10.12805513243696,0.998,2.8322857142857143,1447.0,-0.00022104505465048163,0.0038328239185858592
3.312704911245688,-1.0037331658907174,10.131887956355547,0.998,2.8320714285714286,1448.0,-0.00022104505465092572,0.0038328239185858592
3.312483866191037,-1.0036990474446388,10.135720780274132,0.998,2.831857142857143,1449.0,-0.00022104505465092572,0.0038328239185858592
3.312262821136386,-1.0036649289985604,10.139553604192718,0.998,2.831642857142857,1450.0,-0.00022104505465092572,0.0038328239185858592
3.312041776081735,-1.0036308105524818,10.143386428111304,0.998,2.8314285714285714,1451.0,-0.00022104505465092572,0.0038328239185858592
3.311820731027084,-1.0035966921064035,10.14721925202989,0.998,2.8312142857142857,1452.0,-0.00022104505465092572,0.0038328239185858592
3.3115996859724333,-1.0035625736603249,10.151052075948476,0.998,2.831,1453.0,-0.00022104505465092572,0.0038328239185858592
3.3113646151255245,-1.003815409906647,10.153324490693523,0.998,2.8307142857142855,1454.0,-0.00023507084690876923,0.0022724147450468024
3.3111295442786157,-1.004068246152969,10.155596905438568,0.998,2.8304285714285715,1455.0,-0.00023507084690876923,0.002272414745045026
3.3108944734317074,-1.0043210823992912,10.157869320183615,0.998,2.830142857142857,1456.0,-0.00023507084690832514,0.0022724147450468024
3.3106594025847986,-1.004573918645613,10.160141734928661,0.998,2.8298571428571426,1457.0,-0.00023507084690876923,0.0022724147450468024
3.31042433173789,-1.0048267548919352,10.162414149673708,0.998,2.8295714285714286,1458.0,-0.00023507084690876923,0.0022724147450468024
3.310189260890981,-1.0050795911382573,10.164686564418753,0.998,2.829285714285714,1459.0,-0.00023507084690876923,0.002272414745045026
3.3099541900440728,-1.0053324273845794,10.1669589791638,0.998,2.829,1460.0,-0.00023507084690832514,0.0022724147450468024
3.309719119197164,-1.0055852636309015,10.169231393908847,0.998,2.8287142857142857,1461.0,-0.00023507084690876923,0.0022724147450468024
3.3094840483502552,-1.0058380998772236,10.171503808653892,0.998,2.8284285714285713,1462.0,-0.00023507084690876923,0.002272414745045026
3.3092489775033465,-1.0060909361235457,10.173776223398939,0.998,2.8281428571428573,1463.0,-0.00023507084690876923,0.0022724147450468024
3.3090139066564377,-1.0063437723698676,10.176048638143985,0.998,2.827857142857143,1464.0,-0.00023507084690876923,0.0022724147450468024
3.3087788358095294,-1.0065966086161897,10.178321052889032,0.998,2.8275714285714284,1465.0,-0.00023507084690832514,0.0022724147450468024
3.3085437649626206,-1.0068494448625118,10.180593467634077,0.998,2.8272857142857144,1466.0,-0.00023507084690876923,0.002272414745045026
3.308308694115712,-1.007102281108834,10.182865882379124,0.998,2.827,1467.0,-0.00023507084690876923,0.0022724147450468024
3.308077711962081,-1.0071800981413845,10.185120370857566,0.998,2.8267857142857142,1468.0,-0.00023098215363104302,0.0022544884784423402
3.3078467298084493,-1.0072579151739354,10.187374859336009,0.998,2.8265714285714285,1469.0,-0.0002309821536314871,0.0022544884784423402
3.3076157476548183,-1.007335732206486,10.18962934781445,0.998,2.826357142857143,1470.0,-0.00023098215363104302,0.002254488478440564
3.3073847655011868,-1.0074135492390366,10.191883836292892,0.998,2.826142857142857,1471.0,-0.0002309821536314871,0.0022544884784423402
3.3071537833475557,-1.0074913662715874,10.194138324771334,0.998,2.8259285714285713,1472.0,-0.00023098215363104302,0.0022544884784423402
3.3069228011939242,-1.007569183304138,10.196392813249776,0.998,2.8257142857142856,1473.0,-0.0002309821536314871,0.0022544884784423402
3.306691819040293,-1.0076470003366886,10.198647301728217,0.998,2.8255,1474.0,-0.00023098215363104302,0.002254488478440564
3.306460836886662,-1.0077248173692395,10.20090179020666,0.998,2.825285714285714,1475.0,-0.00023098215363104302,0.0022544884784423402
3.3062298547330307,-1.00780263440179,10.203156278685102,0.998,2.8250714285714285,1476.0,-0.0002309821536314871,0.0022544884784423402
3.3059988725793996,-1.007880451434341,10.205410767163544,0.998,2.8248571428571427,1477.0,-0.00023098215363104302,0.0022544884784423402
3.305767890425768,-1.0079582684668915,10.207665255641986,0.998,2.824642857142857,1478.0,-0.0002309821536314871,0.0022544884784423402
3.305536908272137,-1.0080360854994421,10.209919744120427,0.998,2.8244285714285713,1479.0,-0.00023098215363104302,0.002254488478440564
3.3053059261185056,-1.008113902531993,10.21217423259887,0.998,2.8242142857142856,1480.0,-0.0002309821536314871,0.0022544884784423402
3.3050749439648746,-1.0081917195645436,10.214428721077311,0.998,2.824,1481.0,-0.00023098215363104302,0.0022544884784423402
3.3048044536806507,-1.0077515985077659,10.2114511971095,0.998,2.823769230769231,1482.0,-0.0002704902842238788,-0.0029775239678109244
3.3045339633964272,-1.0073114774509881,10.208473673141691,0.998,2.8235384615384613,1483.0,-0.0002704902842234347,-0.002977523967809148
3.3042634731122034,-1.0068713563942104,10.20549614917388,0.998,2.8233076923076923,1484.0,-0.0002704902842238788,-0.0029775239678109244
3.30399298282798,-1.006431235337433,10.202518625206071,0.998,2.823076923076923,1485.0,-0.0002704902842234347,-0.002977523967809148
3.303722492543756,-1.0059911142806552,10.19954110123826,0.998,2.822846153846154,1486.0,-0.0002704902842238788,-0.0029775239678109244
3.3034520022595326,-1.0055509932238775,10.19656357727045,0.998,2.8226153846153847,1487.0,-0.0002704902842234347,-0.0029775239678109244
3.3031815119753087,-1.0051108721670998,10.19358605330264,0.998,2.8223846153846153,1488.0,-0.0002704902842238788,-0.002977523967809148
3.3029110216910853,-1.0046707511103221,10.19060852933483,0.998,2.8221538461538462,1489.0,-0.0002704902842234347,-0.0029775239678109244
3.3026405314068614,-1.0042306300535444,10.187631005367018,0.998,2.821923076923077,1490.0,-0.0002704902842238788,-0.0029775239678109244
3.302370041122638,-1.003790508996767,10.18465348139921,0.998,2.8216923076923077,1491.0,-0.0002704902842234347,-0.002977523967809148
3.302099550838414,-1.0033503879399892,10.181675957431398,0.998,2.8214615384615387,1492.0,-0.0002704902842238788,-0.0029775239678109244
3.3018290605541907,-1.0029102668832115,10.17869843346359,0.998,2.821230769230769,1493.0,-0.0002704902842234347,-0.002977523967809148
3.301558570269967,-1.0024701458264338,10.175720909495778,0.998,2.821,1494.0,-0.0002704902842238788,-0.0029775239678109244
3.3013193427378345,-1.0026407124877112,10.157580779157643,0.998,2.8207857142857145,1495.0,-0.0002392275321323467,-0.018140130338135663
3.3010801152057017,-1.0028112791489887,10.139440648819507,0.998,2.8205714285714287,1496.0,-0.0002392275321327908,-0.018140130338135663
3.3008408876735693,-1.0029818458102662,10.121300518481371,0.998,2.820357142857143,1497.0,-0.0002392275321323467,-0.018140130338135663
3.300601660141437,-1.0031524124715436,10.103160388143236,0.998,2.8201428571428573,1498.0,-0.0002392275321323467,-0.018140130338135663
3.3003624326093046,-1.003322979132821,10.0850202578051,0.998,2.8199285714285716,1499.0,-0.0002392275321323467,-0.018140130338135663
3.300123205077172,-1.0034935457940986,10.066880127466964,0.998,2.819714285714286,1500.0,-0.0002392275321327908,-0.018140130338135663
3.2998839775450395,-1.003664112455376,10.04873999712883,0.998,2.8195,1501.0,-0.0002392275321323467,-0.018140130338133886
3.299644750012907,-1.0038346791166535,10.030599866790695,0.998,2.8192857142857144,1502.0,-0.0002392275321323467,-0.018140130338135663
3.2994055224807743,-1.004005245777931,10.01245973645256,0.998,2.8190714285714287,1503.0,-0.0002392275321327908,-0.018140130338135663
3.299166294948642,-1.0041758124392084,9.994319606114423,0.998,2.818857142857143,1504.0,-0.0002392275321323467,-0.018140130338135663
3.2989270674165097,-1.0043463791004859,9.976179475776288,0.998,2.8186428571428572,1505.0,-0.0002392275321323467,-0.018140130338135663
3.2986878398843773,-1.0045169457617633,9.958039345438152,0.998,2.8184285714285715,1506.0,-0.0002392275321323467,-0.018140130338135663
3.2984486123522445,-1.0046875124230408,9.939899215100017,0.998,2.818214285714286,1507.0,-0.0002392275321327908,-0.018140130338135663
3.298209384820112,-1.0048580790843182,9.92175908476188,0.998,2.818,1508.0,-0.0002392275321323467,-0.018140130338135663
3.297897628566207,-1.0049811199916208,9.907438030513585,0.998,2.8176428571428573,1509.0,-0.00031175625390522654,-0.01432105424829544
3.2975858723123013,-1.0051041608989233,9.89311697626529,0.998,2.817285714285714,1510.0,-0.00031175625390567063,-0.01432105424829544
3.2972741160583956,-1.0052272018062258,9.878795922016996,0.998,2.8169285714285714,1511.0,-0.00031175625390567063,-0.014321054248293663
3.2969623598044904,-1.0053502427135284,9.8644748677687,0.998,2.8165714285714287,1512.0,-0.00031175625390522654,-0.01432105424829544
3.296650603550585,-1.0054732836208309,9.850153813520405,0.998,2.816214285714286,1513.0,-0.00031175625390522654,-0.01432105424829544
3.2963388472966795,-1.0055963245281334,9.83583275927211,0.998,2.815857142857143,1514.0,-0.00031175625390567063,-0.01432105424829544
3.296027091042774,-1.005719365435436,9.821511705023815,0.998,2.8155,1515.0,-0.00031175625390567063,-0.01432105424829544
3.2957153347888686,-1.0058424063427382,9.80719065077552,0.998,2.8151428571428574,1516.0,-0.00031175625390522654,-0.014321054248293663
3.2954035785349634,-1.0059654472500408,9.792869596527225,0.998,2.8147857142857142,1517.0,-0.00031175625390522654,-0.01432105424829544
3.2950918222810577,-1.0060884881573433,9.77854854227893,0.998,2.8144285714285715,1518.0,-0.00031175625390567063,-0.01432105424829544
3.294780066027152,-1.0062115290646458,9.764227488030635,0.998,2.814071428571429,1519.0,-0.00031175625390567063,-0.01432105424829544
3.294468309773247,-1.0063345699719484,9.749906433782341,0.998,2.813714285714286,1520.0,-0.00031175625390522654,-0.014321054248293663
3.2941565535193416,-1.006457610879251,9.735585379534045,0.998,2.813357142857143,1521.0,-0.00031175625390522654,-0.01432105424829544
3.293844797265436,-1.0065806517865534,9.72126432528575,0.998,2.813,1522.0,-0.00031175625390567063,-0.01432105424829544
3.2935204150135005,-1.006506218363928,9.717954200168682,0.998,2.8127142857142857,1523.0,-0.0003243822519354289,-0.0033101251170677415
3.2931960327615646,-1.0064317849413025,9.714644075051615,0.998,2.8124285714285717,1524.0,-0.000324382251935873,-0.0033101251170677415
3.292871650509629,-1.006357351518677,9.711333949934545,0.998,2.8121428571428573,1525.0,-0.0003243822519354289,-0.003310125117069518
3.2925472682576937,-1.0062829180960517,9.708023824817477,0.998,2.811857142857143,1526.0,-0.0003243822519354289,-0.0033101251170677415
3.292222886005758,-1.0062084846734263,9.70471369970041,0.998,2.811571428571429,1527.0,-0.000324382251935873,-0.0033101251170677415
3.2918985037538224,-1.0061340512508008,9.701403574583342,0.998,2.8112857142857144,1528.0,-0.0003243822519354289,-0.0033101251170677415
3.2915741215018866,-1.0060596178281753,9.698093449466272,0.998,2.8110000000000004,1529.0,-0.000324382251935873,-0.003310125117069518
3.291249739249951,-1.0059851844055498,9.694783324349205,0.998,2.810714285714286,1530.0,-0.0003243822519354289,-0.0033101251170677415
3.2909253569980157,-1.0059107509829244,9.691473199232137,0.998,2.8104285714285715,1531.0,-0.0003243822519354289,-0.0033101251170677415
3.29060097474608,-1.005836317560299,9.688163074115069,0.998,2.8101428571428575,1532.0,-0.000324382251935873,-0.0033101251170677415
3.2902765924941444,-1.0057618841376736,9.684852948998001,0.998,2.809857142857143,1533.0,-0.0003243822519354289,-0.0033101251170677415
3.289952210242209,-1.0056874507150482,9.681542823880932,0.998,2.8095714285714286,1534.0,-0.0003243822519354289,-0.003310125117069518
3.289627827990273,-1.0056130172924227,9.678232698763864,0.998,2.8092857142857146,1535.0,-0.000324382251935873,-0.0033101251170677415
3.2893034457383377,-1.0055385838697972,9.674922573646796,0.998,2.809,1536.0,-0.0003243822519354289,-0.0033101251170677415
3.288948136710021,-1.0057552108364316,9.668253299269844,0.998,2.8087142857142857,1537.0,-0.00035530902831659716,-0.006669274376951861
3.288592827681705,-1.005971837803066,9.661584024892893,0.998,2.8084285714285717,1538.0,-0.0003553090283161531,-0.006669274376951861
3.2882375186533883,-1.0061884647697004,9.65491475051594,0.998,2.8081428571428573,1539.0,-0.00035530902831659716,-0.006669274376951861
3.287882209625072,-1.006405091736335,9.648245476138989,0.998,2.807857142857143,1540.0,-0.0003553090283161531,-0.006669274376951861
3.2875269005967556,-1.0066217187029693,9.641576201762037,0.998,2.807571428571429,1541.0,-0.00035530902831659716,-0.006669274376951861
3.2871715915684394,-1.0068383456696037,9.634906927385085,0.998,2.8072857142857144,1542.0,-0.0003553090283161531,-0.006669274376951861
3.286816282540123,-1.007054972636238,9.628237653008133,0.998,2.8070000000000004,1543.0,-0.00035530902831659716,-0.006669274376951861
3.286460973511806,-1.0072715996028725,9.62156837863118,0.998,2.806714285714286,1544.0,-0.00035530902831659716,-0.006669274376953638
3.28610566448349,-1.0074882265695069,9.614899104254228,0.998,2.8064285714285715,1545.0,-0.0003553090283161531,-0.006669274376951861
3.2857503554551735,-1.0077048535361413,9.608229829877276,0.998,2.8061428571428575,1546.0,-0.00035530902831659716,-0.006669274376951861
3.2853950464268573,-1.0079214805027759,9.601560555500324,0.998,2.805857142857143,1547.0,-0.0003553090283161531,-0.006669274376951861
3.2850397373985407,-1.0081381074694102,9.594891281123372,0.998,2.8055714285714286,1548.0,-0.00035530902831659716,-0.006669274376951861
3.2846844283702246,-1.0083547344360446,9.58822200674642,0.998,2.8052857142857146,1549.0,-0.0003553090283161531,-0.006669274376951861
3.284329119341908,-1.008571361402679,9.581552732369468,0.998,2.805,1550.0,-0.00035530902831659716,-0.006669274376951861
3.2839594573173847,-1.0083848243600897,9.572890452041081,0.998,2.8045714285714287,1551.0,-0.00036966202452326513,-0.00866228032838734
3.2835897952928614,-1.0081982873175006,9.564228171712696,0.998,2.8041428571428573,1552.0,-0.00036966202452326513,-0.008662280328385563
3.283220133268338,-1.0080117502749113,9.555565891384308,0.998,2.803714285714286,1553.0,-0.00036966202452326513,-0.00866228032838734
3.282850471243815,-1.0078252132323222,9.546903611055923,0.998,2.8032857142857144,1554.0,-0.00036966202452326513,-0.008662280328385563
3.2824808092192916,-1.007638676189733,9.538241330727535,0.998,2.802857142857143,1555.0,-0.00036966202452326513,-0.00866228032838734
3.2821111471947684,-1.0074521391471438,9.52957905039915,0.998,2.8024285714285715,1556.0,-0.00036966202452326513,-0.008662280328385563
3.281741485170245,-1.0072656021045545,9.520916770070762,0.998,2.802,1557.0,-0.00036966202452326513,-0.00866228032838734
3.2813718231457223,-1.0070790650619652,9.512254489742375,0.998,2.8015714285714286,1558.0,-0.00036966202452282104,-0.00866228032838734
3.281002161121199,-1.0068925280193761,9.50359220941399,0.998,2.801142857142857,1559.0,-0.00036966202452326513,-0.008662280328385563
3.2806324990966758,-1.0067059909767868,9.494929929085602,0.998,2.8007142857142857,1560.0,-0.00036966202452326513,-0.00866228032838734
3.2802628370721525,-1.0065194539341977,9.486267648757217,0.998,2.8002857142857143,1561.0,-0.00036966202452326513,-0.008662280328385563
3.2798931750476292,-1.0063329168916084,9.47760536842883,0.998,2.799857142857143,1562.0,-0.00036966202452326513,-0.00866228032838734
3.279523513023106,-1.0061463798490193,9.468943088100444,0.998,2.7994285714285714,1563.0,-0.00036966202452326513,-0.008662280328385563
3.2791538509985827,-1.00595984280643,9.460280807772056,0.998,2.799,1564.0,-0.00036966202452326513,-0.00866228032838734
3.27873335049384,-1.0060625533647907,9.452617638210096,0.998,2.7986923076923076,1565.0,-0.0004205005047426269,-0.007663169561960004
3.2783128499890974,-1.0061652639231513,9.444954468648136,0.998,2.7983846153846152,1566.0,-0.0004205005047426269,-0.007663169561960004
3.277892349484355,-1.0062679744815117,9.437291299086176,0.998,2.798076923076923,1567.0,-0.0004205005047426269,-0.007663169561960004
3.2774718489796126,-1.0063706850398724,9.429628129524215,0.998,2.7977692307692306,1568.0,-0.0004205005047421828,-0.00766316956196178
3.27705134847487,-1.006473395598233,9.421964959962255,0.998,2.797461538461538,1569.0,-0.0004205005047426269,-0.007663169561960004
3.2766308479701274,-1.0065761061565937,9.414301790400295,0.998,2.797153846153846,1570.0,-0.0004205005047426269,-0.007663169561960004
3.2762103474653848,-1.006678816714954,9.406638620838335,0.998,2.796846153846154,1571.0,-0.0004205005047426269,-0.007663169561960004
3.275789846960642,-1.0067815272733147,9.398975451276375,0.998,2.7965384615384616,1572.0,-0.0004205005047426269,-0.007663169561960004
3.2753693464558995,-1.0068842378316754,9.391312281714415,0.998,2.7962307692307693,1573.0,-0.0004205005047426269,-0.007663169561960004
3.2749488459511573,-1.006986948390036,9.383649112152453,0.998,2.795923076923077,1574.0,-0.0004205005047421828,-0.00766316956196178
3.2745283454464147,-1.0070896589483964,9.375985942590493,0.998,2.7956153846153846,1575.0,-0.0004205005047426269,-0.007663169561960004
3.274107844941672,-1.007192369506757,9.368322773028533,0.998,2.7953076923076923,1576.0,-0.0004205005047426269,-0.007663169561960004
3.2736873444369294,-1.0072950800651177,9.360659603466573,0.998,2.795,1577.0,-0.0004205005047426269,-0.007663169561960004
3.2732709057767844,-1.00721800614855,9.352552978563418,0.998,2.7945714285714285,1578.0,-0.0004164386601450687,-0.008106624903154724
3.2728544671166393,-1.0071409322319826,9.344446353660262,0.998,2.794142857142857,1579.0,-0.0004164386601450687,-0.0081066249031565
3.272438028456494,-1.007063858315415,9.336339728757107,0.998,2.7937142857142856,1580.0,-0.0004164386601455128,-0.008106624903154724
3.2720215897963487,-1.0069867843988474,9.328233103853952,0.998,2.793285714285714,1581.0,-0.0004164386601450687,-0.008106624903154724
3.2716051511362036,-1.0069097104822797,9.320126478950797,0.998,2.7928571428571427,1582.0,-0.0004164386601450687,-0.008106624903154724
3.2711887124760586,-1.0068326365657123,9.31201985404764,0.998,2.7924285714285713,1583.0,-0.0004164386601450687,-0.0081066249031565
3.2707722738159135,-1.0067555626491447,9.303913229144486,0.998,2.792,1584.0,-0.0004164386601450687,-0.008106624903154724
3.270355835155768,-1.006678488732577,9.295806604241331,0.998,2.791571428571429,1585.0,-0.0004164386601455128,-0.008106624903154724
3.269939396495623,-1.0066014148160096,9.287699979338175,0.998,2.7911428571428574,1586.0,-0.0004164386601450687,-0.0081066249031565
3.269522957835478,-1.006524340899442,9.27959335443502,0.998,2.790714285714286,1587.0,-0.0004164386601450687,-0.008106624903154724
3.269106519175333,-1.0064472669828743,9.271486729531865,0.998,2.7902857142857145,1588.0,-0.0004164386601450687,-0.008106624903154724
3.2686900805151873,-1.0063701930663067,9.26338010462871,0.998,2.789857142857143,1589.0,-0.0004164386601455128,-0.008106624903154724
3.268273641855042,-1.0062931191497393,9.255273479725554,0.998,2.7894285714285716,1590.0,-0.0004164386601450687,-0.0081066249031565
3.267857203194897,-1.0062160452331717,9.2471668548224,0.998,2.789,1591.0,-0.0004164386601450687,-0.008106624903154724
3.2674299132290328,-1.0061823953925704,9.240827066711459,0.998,2.7885,1592.0,-0.00042728996586438583,-0.006339788110940603
3.267002623263168,-1.006148745551969,9.23448727860052,0.998,2.7880000000000003,1593.0,-0.0004272899658648299,-0.0063397881109388265
3.266575333297303,-1.0061150957113678,9.22814749048958,0.998,2.7875,1594.0,-0.0004272899658648299,-0.006339788110940603
3.2661480433314387,-1.0060814458707668,9.221807702378639,0.998,2.787,1595.0,-0.00042728996586438583,-0.006339788110940603
3.2657207533655743,-1.0060477960301655,9.2154679142677,0.998,2.7865,1596.0,-0.00042728996586438583,-0.0063397881109388265
3.2652934633997095,-1.0060141461895642,9.20912812615676,0.998,2.786,1597.0,-0.0004272899658648299,-0.006339788110940603
3.2648661734338447,-1.005980496348963,9.202788338045819,0.998,2.7855000000000003,1598.0,-0.0004272899658648299,-0.006339788110940603
3.2644388834679803,-1.0059468465083616,9.19644854993488,0.998,2.785,1599.0,-0.00042728996586438583,-0.0063397881109388265
3.264011593502116,-1.0059131966677604,9.19010876182394,0.998,2.7845,1600.0,-0.00042728996586438583,-0.006339788110940603
3.263584303536251,-1.005879546827159,9.183768973713,0.998,2.7840000000000003,1601.0,-0.0004272899658648299,-0.0063397881109388265
3.2631570135703862,-1.005845896986558,9.17742918560206,0.998,2.7835,1602.0,-0.0004272899658648299,-0.006339788110940603
3.262729723604522,-1.0058122471459567,9.17108939749112,0.998,2.783,1603.0,-0.00042728996586438583,-0.006339788110940603
3.2623024336386575,-1.0057785973053555,9.16474960938018,0.998,2.7825,1604.0,-0.00042728996586438583,-0.0063397881109388265
3.2618751436727926,-1.0057449474647542,9.15840982126924,0.998,2.782,1605.0,-0.0004272899658648299,-0.006339788110940603
3.2614171936880347,-1.005789306479507,9.15237547896248,0.998,2.7815714285714286,1606.0,-0.0004579499847578994,-0.006034342306760365
3.260959243703277,-1.0058336654942597,9.14634113665572,0.998,2.781142857142857,1607.0,-0.0004579499847578994,-0.006034342306760365
3.2605012937185194,-1.0058780245090124,9.140306794348959,0.998,2.7807142857142857,1608.0,-0.0004579499847574553,-0.006034342306760365
3.2600433437337615,-1.0059223835237654,9.1342724520422,0.998,2.7802857142857142,1609.0,-0.0004579499847578994,-0.006034342306758589
3.2595853937490036,-1.0059667425385181,9.12823810973544,0.998,2.779857142857143,1610.0,-0.0004579499847578994,-0.006034342306760365
3.2591274437642457,-1.006011101553271,9.12220376742868,0.998,2.7794285714285714,1611.0,-0.0004579499847578994,-0.006034342306760365
3.258669493779488,-1.0060554605680236,9.11616942512192,0.998,2.779,1612.0,-0.0004579499847578994,-0.006034342306760365
3.2582115437947303,-1.0060998195827764,9.110135082815159,0.998,2.7785714285714285,1613.0,-0.0004579499847574553,-0.006034342306760365
3.2577535938099724,-1.0061441785975291,9.104100740508398,0.998,2.778142857142857,1614.0,-0.0004579499847578994,-0.006034342306760365
3.2572956438252145,-1.0061885376122819,9.098066398201638,0.998,2.7777142857142856,1615.0,-0.0004579499847578994,-0.006034342306760365
3.2568376938404566,-1.0062328966270349,9.09203205589488,0.998,2.777285714285714,1616.0,-0.0004579499847578994,-0.006034342306758589
3.256379743855699,-1.0062772556417876,9.08599771358812,0.998,2.7768571428571427,1617.0,-0.0004579499847574553,-0.006034342306760365
3.2559217938709413,-1.0063216146565404,9.079963371281359,0.998,2.7764285714285712,1618.0,-0.0004579499847578994,-0.006034342306760365
3.2554638438861834,-1.006365973671293,9.073929028974598,0.998,2.776,1619.0,-0.0004579499847578994,-0.006034342306760365
3.254988875499905,-1.0063893259046175,9.065774119539912,0.998,2.7755714285714284,1620.0,-0.0004749683862783627,-0.008154909434686886
3.2545139071136266,-1.0064126781379417,9.057619210105223,0.998,2.775142857142857,1621.0,-0.0004749683862783627,-0.008154909434688662
3.254038938727348,-1.006436030371266,9.049464300670536,0.998,2.7747142857142855,1622.0,-0.0004749683862788068,-0.008154909434686886
3.2535639703410695,-1.0064593826045904,9.041309391235849,0.998,2.774285714285714,1623.0,-0.0004749683862783627,-0.008154909434686886
3.253089001954791,-1.0064827348379148,9.03315448180116,0.998,2.7738571428571426,1624.0,-0.0004749683862783627,-0.008154909434688662
3.2526140335685128,-1.006506087071239,9.024999572366474,0.998,2.773428571428571,1625.0,-0.0004749683862783627,-0.008154909434686886
3.2521390651822344,-1.0065294393045634,9.016844662931785,0.998,2.7729999999999997,1626.0,-0.0004749683862783627,-0.008154909434688662
3.2516640967959556,-1.0065527915378878,9.008689753497098,0.998,2.7725714285714287,1627.0,-0.0004749683862788068,-0.008154909434686886
3.251189128409677,-1.006576143771212,9.000534844062411,0.998,2.7721428571428572,1628.0,-0.0004749683862783627,-0.008154909434686886
3.250714160023399,-1.0065994960045364,8.992379934627722,0.998,2.771714285714286,1629.0,-0.0004749683862783627,-0.008154909434688662
3.2502391916371205,-1.0066228482378607,8.984225025193036,0.998,2.7712857142857144,1630.0,-0.0004749683862783627,-0.008154909434686886
3.2497642232508417,-1.0066462004711851,8.976070115758349,0.998,2.770857142857143,1631.0,-0.0004749683862788068,-0.008154909434686886
3.2492892548645633,-1.0066695527045093,8.96791520632366,0.998,2.7704285714285715,1632.0,-0.0004749683862783627,-0.008154909434688662
3.248814286478285,-1.0066929049378337,8.959760296888973,0.998,2.77,1633.0,-0.0004749683862783627,-0.008154909434686886
3.2483219320271566,-1.006679747599876,8.95097457155234,0.998,2.7695,1634.0,-0.000492354451128385,-0.008785725336633021
3.247829577576028,-1.0066665902619187,8.942188846215707,0.998,2.769,1635.0,-0.000492354451128385,-0.008785725336633021
3.2473372231248994,-1.0066534329239611,8.933403120879074,0.998,2.7685,1636.0,-0.0004923544511288291,-0.008785725336633021
3.246844868673771,-1.0066402755860036,8.92461739554244,0.998,2.768,1637.0,-0.000492354451128385,-0.008785725336634798
3.2463525142226426,-1.006627118248046,8.915831670205806,0.998,2.7675,1638.0,-0.000492354451128385,-0.008785725336633021
3.245860159771514,-1.0066139609100886,8.907045944869173,0.998,2.767,1639.0,-0.000492354451128385,-0.008785725336633021
3.2453678053203854,-1.006600803572131,8.89826021953254,0.998,2.7665,1640.0,-0.0004923544511288291,-0.008785725336633021
3.244875450869257,-1.0065876462341734,8.889474494195907,0.998,2.766,1641.0,-0.000492354451128385,-0.008785725336633021
3.2443830964181286,-1.006574488896216,8.880688768859274,0.998,2.7655,1642.0,-0.000492354451128385,-0.008785725336633021
3.2438907419670002,-1.0065613315582584,8.871903043522641,0.998,2.765,1643.0,-0.000492354451128385,-0.008785725336633021
3.243398387515872,-1.0065481742203009,8.863117318186006,0.998,2.7645,1644.0,-0.000492354451128385,-0.008785725336634798
3.242906033064743,-1.0065350168823433,8.854331592849373,0.998,2.764,1645.0,-0.0004923544511288291,-0.008785725336633021
3.2424136786136146,-1.0065218595443859,8.84554586751274,0.998,2.7635,1646.0,-0.000492354451128385,-0.008785725336633021
3.2419213241624862,-1.0065087022064283,8.836760142176107,0.998,2.763,1647.0,-0.000492354451128385,-0.008785725336633021
3.2414150847582923,-1.0065041564388328,8.841971094383338,0.998,2.7624999999999997,1648.0,-0.00050623940419392,0.005210952207230335
3.2409088453540984,-1.0064996106712374,8.847182046590566,0.998,2.762,1649.0,-0.00050623940419392,0.0052109522072285586
3.240402605949904,-1.0064950649036417,8.852392998797797,0.998,2.7615,1650.0,-0.0005062394041943641,0.005210952207230335
3.23989636654571,-1.0064905191360463,8.857603951005025,0.998,2.7609999999999997,1651.0,-0.00050623940419392,0.0052109522072285586
3.239390127141516,-1.0064859733684508,8.862814903212255,0.998,2.7605,1652.0,-0.00050623940419392,0.005210952207230335
3.2388838877373223,-1.0064814276008553,8.868025855419484,0.998,2.76,1653.0,-0.00050623940419392,0.0052109522072285586
3.238377648333128,-1.0064768818332597,8.873236807626714,0.998,2.7595,1654.0,-0.0005062394041943641,0.005210952207230335
3.237871408928934,-1.0064723360656642,8.878447759833945,0.998,2.759,1655.0,-0.00050623940419392,0.005210952207230335
3.23736516952474,-1.0064677902980688,8.883658712041173,0.998,2.7584999999999997,1656.0,-0.00050623940419392,0.0052109522072285586
3.236858930120546,-1.0064632445304733,8.888869664248404,0.998,2.758,1657.0,-0.00050623940419392,0.005210952207230335
3.2363526907163522,-1.0064586987628779,8.894080616455632,0.998,2.7575,1658.0,-0.00050623940419392,0.0052109522072285586
3.235846451312158,-1.0064541529952822,8.899291568662862,0.998,2.7569999999999997,1659.0,-0.0005062394041943641,0.005210952207230335
3.235340211907964,-1.0064496072276867,8.904502520870091,0.998,2.7565,1660.0,-0.00050623940419392,0.0052109522072285586
3.23483397250377,-1.0064450614600913,8.909713473077321,0.998,2.756,1661.0,-0.00050623940419392,0.005210952207230335
3.2343640434671053,-1.0065202026032938,8.921914446731106,0.998,2.7554999999999996,1662.0,-0.0004699290366647624,0.012200973653785141
3.2338941144304405,-1.0065953437464965,8.934115420384893,0.998,2.755,1663.0,-0.0004699290366647624,0.012200973653786917
3.233424185393776,-1.006670484889699,8.946316394038679,0.998,2.7544999999999997,1664.0,-0.0004699290366643183,0.012200973653785141
3.2329542563571114,-1.0067456260329015,8.958517367692464,0.998,2.754,1665.0,-0.0004699290366647624,0.012200973653785141
3.2324843273204467,-1.006820767176104,8.970718341346249,0.998,2.7535,1666.0,-0.0004699290366647624,0.012200973653785141
3.232014398283782,-1.0068959083193068,8.982919315000036,0.998,2.753,1667.0,-0.0004699290366647624,0.012200973653786917
3.231544469247117,-1.0069710494625093,8.99512028865382,0.998,2.7525,1668.0,-0.0004699290366647624,0.012200973653785141
3.231074540210453,-1.0070461906057118,9.007321262307606,0.998,2.752,1669.0,-0.0004699290366643183,0.012200973653785141
3.230604611173788,-1.0071213317489145,9.019522235961393,0.998,2.7515,1670.0,-0.0004699290366647624,0.012200973653786917
3.2301346821371233,-1.007196472892117,9.031723209615178,0.998,2.751,1671.0,-0.0004699290366647624,0.012200973653785141
3.2296647531004585,-1.0072716140353195,9.043924183268963,0.998,2.7505,1672.0,-0.0004699290366647624,0.012200973653785141
3.229194824063794,-1.007346755178522,9.056125156922748,0.998,2.75,1673.0,-0.0004699290366643183,0.012200973653785141
3.2287248950271294,-1.0074218963217247,9.068326130576535,0.998,2.7495000000000003,1674.0,-0.0004699290366647624,0.012200973653786917
3.2282549659904647,-1.0074970374649272,9.08052710423032,0.998,2.749,1675.0,-0.0004699290366647624,0.012200973653785141
3.2277430758729992,-1.0075233513991502,9.086552006725915,0.998,2.7485384615384616,1676.0,-0.0005118901174654411,0.006024902495594731
3.227231185755534,-1.007549665333373,9.09257690922151,0.998,2.748076923076923,1677.0,-0.0005118901174654411,0.006024902495594731
3.2267192956380684,-1.0075759792675962,9.098601811717105,0.998,2.7476153846153846,1678.0,-0.0005118901174654411,0.006024902495594731
3.226207405520603,-1.0076022932018192,9.104626714212698,0.998,2.747153846153846,1679.0,-0.0005118901174654411,0.006024902495592954
3.2256955154031375,-1.007628607136042,9.110651616708292,0.998,2.7466923076923075,1680.0,-0.0005118901174654411,0.006024902495594731
3.225183625285672,-1.007654921070265,9.116676519203887,0.998,2.746230769230769,1681.0,-0.0005118901174654411,0.006024902495594731
3.2246717351682066,-1.0076812350044881,9.122701421699482,0.998,2.745769230769231,1682.0,-0.0005118901174654411,0.006024902495594731
3.224159845050741,-1.007707548938711,9.128726324195076,0.998,2.7453076923076924,1683.0,-0.0005118901174654411,0.006024902495594731
3.2236479549332757,-1.007733862872934,9.134751226690671,0.998,2.744846153846154,1684.0,-0.0005118901174654411,0.006024902495594731
3.2231360648158103,-1.007760176807157,9.140776129186264,0.998,2.7443846153846154,1685.0,-0.0005118901174654411,0.006024902495592954
3.222624174698345,-1.00778649074138,9.146801031681859,0.998,2.743923076923077,1686.0,-0.0005118901174654411,0.006024902495594731
3.2221122845808794,-1.007812804675603,9.152825934177454,0.998,2.7434615384615384,1687.0,-0.0005118901174654411,0.006024902495594731
3.221600394463414,-1.007839118609826,9.158850836673048,0.998,2.743,1688.0,-0.0005118901174654411,0.006024902495594731
3.2211686465428504,-1.0076925812188533,9.161637315783889,0.998,2.7424999999999997,1689.0,-0.00043174792056355216,0.0027864791108402898
3.220736898622287,-1.0075460438278805,9.164423794894729,0.998,2.742,1690.0,-0.00043174792056355216,0.0027864791108402898
3.220305150701723,-1.007399506436908,9.16721027400557,0.998,2.7415,1691.0,-0.00043174792056399625,0.0027864791108402898
3.2198734027811593,-1.0072529690459353,9.169996753116408,0.998,2.741,1692.0,-0.00043174792056355216,0.0027864791108385134
3.2194416548605957,-1.0071064316549627,9.172783232227248,0.998,2.7405,1693.0,-0.00043174792056355216,0.0027864791108402898
3.219009906940032,-1.00695989426399,9.175569711338088,0.998,2.74,1694.0,-0.00043174792056355216,0.0027864791108402898
3.2185781590194686,-1.0068133568730173,9.178356190448929,0.998,2.7395,1695.0,-0.00043174792056355216,0.0027864791108402898
3.2181464110989046,-1.0066668194820447,9.181142669559769,0.998,2.739,1696.0,-0.00043174792056399625,0.0027864791108402898
3.217714663178341,-1.006520282091072,9.18392914867061,0.998,2.7385,1697.0,-0.00043174792056355216,0.0027864791108402898
3.2172829152577775,-1.0063737447000993,9.18671562778145,0.998,2.738,1698.0,-0.00043174792056355216,0.0027864791108402898
3.216851167337214,-1.0062272073091267,9.189502106892288,0.998,2.7375000000000003,1699.0,-0.00043174792056355216,0.0027864791108385134
3.21641941941665,-1.0060806699181541,9.192288586003128,0.998,2.737,1700.0,-0.00043174792056399625,0.0027864791108402898
3.2159876714960864,-1.0059341325271813,9.195075065113969,0.998,2.7365000000000004,1701.0,-0.00043174792056355216,0.0027864791108402898
3.215555923575523,-1.0057875951362087,9.197861544224809,0.998,2.736,1702.0,-0.00043174792056355216,0.0027864791108402898
3.215116518118363,-1.0058208284513777,9.20401474656346,0.998,2.7355714285714288,1703.0,-0.00043940545715992485,0.006153202338651909
3.214677112661203,-1.0058540617665468,9.210167948902113,0.998,2.7351428571428573,1704.0,-0.00043940545715992485,0.006153202338651909
3.2142377072040427,-1.0058872950817157,9.216321151240766,0.998,2.734714285714286,1705.0,-0.00043940545716036894,0.006153202338653685
3.2137983017468827,-1.0059205283968846,9.222474353579418,0.998,2.7342857142857144,1706.0,-0.00043940545715992485,0.006153202338651909
3.213358896289723,-1.0059537617120535,9.22862755591807,0.998,2.733857142857143,1707.0,-0.00043940545715992485,0.006153202338651909
3.212919490832563,-1.0059869950272227,9.234780758256722,0.998,2.7334285714285715,1708.0,-0.00043940545715992485,0.006153202338651909
3.212480085375403,-1.0060202283423916,9.240933960595376,0.998,2.733,1709.0,-0.00043940545715992485,0.006153202338653685
3.2120406799182426,-1.0060534616575605,9.247087162934028,0.998,2.7325714285714287,1710.0,-0.00043940545716036894,0.006153202338651909
3.2116012744610827,-1.0060866949727296,9.25324036527268,0.998,2.732142857142857,1711.0,-0.00043940545715992485,0.006153202338651909
3.2111618690039228,-1.0061199282878985,9.259393567611331,0.998,2.7317142857142858,1712.0,-0.00043940545715992485,0.006153202338651909
3.210722463546763,-1.0061531616030674,9.265546769949983,0.998,2.7312857142857143,1713.0,-0.00043940545715992485,0.006153202338651909
3.2102830580896025,-1.0061863949182364,9.271699972288637,0.998,2.730857142857143,1714.0,-0.00043940545716036894,0.006153202338653685
3.2098436526324425,-1.0062196282334055,9.277853174627289,0.998,2.7304285714285714,1715.0,-0.00043940545715992485,0.006153202338651909
3.2094042471752826,-1.0062528615485744,9.28400637696594,0.998,2.73,1716.0,-0.00043940545715992485,0.006153202338651909
3.2089928088532664,-1.0061802386071548,9.288251990095565,0.9979857142857143,2.7295714285714285,1717.0,-0.0004114383220161777,0.004245613129624459
3.20858137053125,-1.0061076156657351,9.292497603225188,0.9979714285714286,2.729142857142857,1718.0,-0.0004114383220166218,0.004245613129622683
3.208169932209233,-1.0060349927243153,9.296743216354812,0.9979571428571429,2.7287142857142856,1719.0,-0.0004114383220166218,0.004245613129624459
3.207758493887217,-1.0059623697828957,9.300988829484435,0.9979428571428571,2.728285714285714,1720.0,-0.0004114383220161777,0.004245613129622683
3.207347055565201,-1.005889746841476,9.30523444261406,0.9979285714285714,2.7278571428571428,1721.0,-0.0004114383220161777,0.004245613129624459
3.206935617243184,-1.0058171239000564,9.309480055743682,0.9979142857142858,2.7274285714285713,1722.0,-0.0004114383220166218,0.004245613129622683
3.2065241789211676,-1.0057445009586365,9.313725668873307,0.9979,2.727,1723.0,-0.0004114383220166218,0.004245613129624459
3.2061127405991514,-1.005671878017217,9.317971282002931,0.9978857142857143,2.726571428571429,1724.0,-0.0004114383220161777,0.004245613129624459
3.2057013022771352,-1.0055992550757973,9.322216895132554,0.9978714285714286,2.7261428571428574,1725.0,-0.0004114383220161777,0.004245613129622683
3.2052898639551186,-1.0055266321343777,9.326462508262178,0.9978571428571429,2.725714285714286,1726.0,-0.0004114383220166218,0.004245613129624459
3.204878425633102,-1.005454009192958,9.330708121391801,0.9978428571428571,2.7252857142857145,1727.0,-0.0004114383220166218,0.004245613129622683
3.204466987311086,-1.0053813862515382,9.334953734521426,0.9978285714285714,2.724857142857143,1728.0,-0.0004114383220161777,0.004245613129624459
3.2040555489890696,-1.0053087633101185,9.339199347651048,0.9978142857142858,2.7244285714285716,1729.0,-0.0004114383220161777,0.004245613129622683
3.203644110667053,-1.005236140368699,9.343444960780673,0.9978,2.724,1730.0,-0.0004114383220166218,0.004245613129624459
3.203208765134867,-1.0053261962527,9.345555784578796,0.9978142857142858,2.7235714285714288,1731.0,-0.00043534553218593786,0.002110823798123107
3.202773419602681,-1.0054162521367012,9.347666608376919,0.9978285714285714,2.7231428571428573,1732.0,-0.00043534553218593786,0.002110823798123107
3.202338074070495,-1.0055063080207023,9.349777432175042,0.9978428571428571,2.722714285714286,1733.0,-0.00043534553218593786,0.002110823798123107
3.201902728538309,-1.0055963639047034,9.351888255973163,0.9978571428571429,2.7222857142857144,1734.0,-0.00043534553218638194,0.0021108237981213307
3.201467383006123,-1.0056864197887045,9.353999079771286,0.9978714285714286,2.721857142857143,1735.0,-0.00043534553218593786,0.002110823798123107
3.201032037473937,-1.0057764756727057,9.35610990356941,0.9978857142857143,2.7214285714285715,1736.0,-0.00043534553218593786,0.002110823798123107
3.200596691941751,-1.0058665315567068,9.358220727367533,0.9979,2.721,1737.0,-0.00043534553218593786,0.002110823798123107
3.200161346409565,-1.0059565874407077,9.360331551165656,0.9979142857142858,2.7205714285714286,1738.0,-0.00043534553218593786,0.002110823798123107
3.199726000877379,-1.0060466433247088,9.362442374963779,0.9979285714285714,2.720142857142857,1739.0,-0.00043534553218593786,0.002110823798123107
3.199290655345193,-1.00613669920871,9.364553198761902,0.9979428571428571,2.7197142857142858,1740.0,-0.00043534553218593786,0.002110823798123107
3.198855309813007,-1.006226755092711,9.366664022560023,0.9979571428571429,2.7192857142857143,1741.0,-0.00043534553218638194,0.0021108237981213307
3.198419964280821,-1.0063168109767122,9.368774846358146,0.9979714285714286,2.718857142857143,1742.0,-0.00043534553218593786,0.002110823798123107
3.197984618748635,-1.0064068668607133,9.37088567015627,0.9979857142857143,2.7184285714285714,1743.0,-0.00043534553218593786,0.002110823798123107
3.197549273216449,-1.0064969227447145,9.372996493954393,0.998,2.718,1744.0,-0.00043534553218593786,0.002110823798123107
3.1971327245114285,-1.0065056259564482,9.378614719905025,0.998,2.7175714285714285,1745.0,-0.000416548705020503,0.005618225950632549
3.1967161758064075,-1.006514329168182,9.384232945855658,0.998,2.717142857142857,1746.0,-0.0004165487050209471,0.005618225950632549
3.196299627101387,-1.006523032379916,9.389851171806292,0.998,2.7167142857142856,1747.0,-0.000416548705020503,0.005618225950634326
3.195883078396366,-1.0065317355916497,9.395469397756925,0.998,2.716285714285714,1748.0,-0.0004165487050209471,0.005618225950632549
3.1954665296913456,-1.0065404388033834,9.401087623707557,0.998,2.7158571428571427,1749.0,-0.000416548705020503,0.005618225950632549
3.1950499809863246,-1.0065491420151171,9.40670584965819,0.998,2.7154285714285713,1750.0,-0.0004165487050209471,0.005618225950632549
3.194633432281304,-1.006557845226851,9.412324075608824,0.998,2.715,1751.0,-0.000416548705020503,0.005618225950634326
3.1942168835762836,-1.0065665484385848,9.417942301559457,0.998,2.714571428571429,1752.0,-0.000416548705020503,0.005618225950632549
3.1938003348712627,-1.0065752516503186,9.423560527510089,0.998,2.7141428571428574,1753.0,-0.0004165487050209471,0.005618225950632549
3.193383786166242,-1.0065839548620523,9.429178753460722,0.998,2.713714285714286,1754.0,-0.000416548705020503,0.005618225950632549
3.1929672374612212,-1.006592658073786,9.434796979411354,0.998,2.7132857142857145,1755.0,-0.0004165487050209471,0.005618225950632549
3.1925506887562007,-1.00660136128552,9.440415205361989,0.998,2.712857142857143,1756.0,-0.000416548705020503,0.005618225950634326
3.19213414005118,-1.0066100644972538,9.446033431312621,0.998,2.7124285714285716,1757.0,-0.0004165487050209471,0.005618225950632549
3.1917175913461593,-1.0066187677089875,9.451651657263254,0.998,2.712,1758.0,-0.000416548705020503,0.005618225950632549
3.191312873398209,-1.0064220638008157,9.4546235820689,0.998,2.7116428571428575,1759.0,-0.00040471794795049476,0.002971924805645898
3.1909081554502583,-1.0062253598926438,9.457595506874547,0.998,2.7112857142857143,1760.0,-0.00040471794795049476,0.0029719248056476744
3.1905034375023082,-1.006028655984472,9.460567431680193,0.998,2.7109285714285716,1761.0,-0.00040471794795005067,0.002971924805645898
3.1900987195543578,-1.0058319520763002,9.463539356485839,0.998,2.710571428571429,1762.0,-0.00040471794795049476,0.002971924805645898
3.1896940016064073,-1.0056352481681283,9.466511281291485,0.998,2.7102142857142857,1763.0,-0.00040471794795049476,0.002971924805645898
3.1892892836584568,-1.0054385442599565,9.469483206097133,0.998,2.709857142857143,1764.0,-0.00040471794795049476,0.0029719248056476744
3.1888845657105063,-1.0052418403517847,9.472455130902778,0.998,2.7095,1765.0,-0.00040471794795049476,0.002971924805645898
3.188479847762556,-1.005045136443613,9.475427055708424,0.998,2.709142857142857,1766.0,-0.00040471794795005067,0.002971924805645898
3.1880751298146057,-1.0048484325354412,9.478398980514072,0.998,2.7087857142857144,1767.0,-0.00040471794795049476,0.0029719248056476744
3.1876704118666552,-1.0046517286272694,9.481370905319718,0.998,2.708428571428571,1768.0,-0.00040471794795049476,0.002971924805645898
3.1872656939187047,-1.0044550247190975,9.484342830125364,0.998,2.7080714285714285,1769.0,-0.00040471794795049476,0.002971924805645898
3.1868609759707547,-1.0042583208109257,9.48731475493101,0.998,2.7077142857142857,1770.0,-0.00040471794795005067,0.002971924805645898
3.186456258022804,-1.0040616169027539,9.490286679736657,0.998,2.7073571428571426,1771.0,-0.00040471794795049476,0.0029719248056476744
3.1860515400748537,-1.003864912994582,9.493258604542303,0.998,2.707,1772.0,-0.00040471794795049476,0.002971924805645898
3.1856158687212615,-1.0040384991449072,9.498669988900982,0.998,2.7065384615384613,1773.0,-0.0004356713535922374,0.005411384358678717
3.185180197367669,-1.0042120852952323,9.504081373259659,0.998,2.706076923076923,1774.0,-0.0004356713535922374,0.0054113843586769406
3.184744526014077,-1.0043856714455575,9.509492757618338,0.998,2.7056153846153843,1775.0,-0.0004356713535922374,0.005411384358678717
3.1843088546604847,-1.0045592575958826,9.514904141977015,0.998,2.7051538461538462,1776.0,-0.0004356713535922374,0.0054113843586769406
3.1838731833068925,-1.0047328437462077,9.520315526335693,0.998,2.7046923076923077,1777.0,-0.0004356713535922374,0.005411384358678717
3.1834375119533003,-1.004906429896533,9.525726910694372,0.998,2.704230769230769,1778.0,-0.0004356713535922374,0.005411384358678717
3.183001840599708,-1.0050800160468583,9.531138295053049,0.998,2.7037692307692307,1779.0,-0.0004356713535922374,0.0054113843586769406
3.182566169246116,-1.0052536021971834,9.536549679411728,0.998,2.703307692307692,1780.0,-0.0004356713535922374,0.005411384358678717
3.1821304978925236,-1.0054271883475085,9.541961063770406,0.998,2.7028461538461537,1781.0,-0.0004356713535922374,0.005411384358678717
3.1816948265389313,-1.0056007744978337,9.547372448129083,0.998,2.7023846153846156,1782.0,-0.0004356713535922374,0.0054113843586769406
3.181259155185339,-1.0057743606481588,9.552783832487762,0.998,2.701923076923077,1783.0,-0.0004356713535922374,0.005411384358678717
3.180823483831747,-1.005947946798484,9.558195216846439,0.998,2.7014615384615386,1784.0,-0.0004356713535922374,0.0054113843586769406
3.1803878124781546,-1.0061215329488091,9.563606601205118,0.998,2.701,1785.0,-0.0004356713535922374,0.005411384358678717
3.1799842014848965,-1.0060652106036059,9.566363745008914,0.998,2.7005714285714286,1786.0,-0.0004036109932581411,0.0027571438037963247
3.1795805904916383,-1.0060088882584026,9.56912088881271,0.998,2.700142857142857,1787.0,-0.0004036109932581411,0.0027571438037963247
3.17917697949838,-1.0059525659131991,9.571878032616508,0.998,2.6997142857142857,1788.0,-0.0004036109932581411,0.002757143803798101
3.1787733685051216,-1.005896243567996,9.574635176420305,0.998,2.6992857142857143,1789.0,-0.0004036109932585852,0.0027571438037963247
3.1783697575118635,-1.0058399212227926,9.577392320224101,0.998,2.698857142857143,1790.0,-0.0004036109932581411,0.0027571438037963247
3.1779661465186053,-1.0057835988775894,9.580149464027897,0.998,2.6984285714285714,1791.0,-0.0004036109932581411,0.0027571438037963247
3.177562535525347,-1.005727276532386,9.582906607831696,0.998,2.698,1792.0,-0.0004036109932581411,0.002757143803798101
3.177158924532089,-1.0056709541871827,9.585663751635492,0.998,2.6975714285714285,1793.0,-0.0004036109932581411,0.0027571438037963247
3.176755313538831,-1.0056146318419794,9.588420895439288,0.998,2.697142857142857,1794.0,-0.0004036109932581411,0.0027571438037963247
3.1763517025455728,-1.0055583094967762,9.591178039243085,0.998,2.6967142857142856,1795.0,-0.0004036109932581411,0.0027571438037963247
3.175948091552314,-1.005501987151573,9.59393518304688,0.998,2.696285714285714,1796.0,-0.0004036109932585852,0.0027571438037963247
3.175544480559056,-1.0054456648063694,9.596692326850679,0.998,2.6958571428571427,1797.0,-0.0004036109932581411,0.002757143803798101
3.175140869565798,-1.0053893424611662,9.599449470654475,0.998,2.6954285714285713,1798.0,-0.0004036109932581411,0.0027571438037963247
3.1747372585725397,-1.005333020115963,9.602206614458272,0.998,2.695,1799.0,-0.0004036109932581411,0.0027571438037963247
3.1743308164234607,-1.0052725041553878,9.603320975060925,0.998,2.6945714285714284,1800.0,-0.00040644214907903375,0.0011143606026529085
3.1739243742743812,-1.0052119881948125,9.60443533566358,0.998,2.694142857142857,1801.0,-0.00040644214907947784,0.0011143606026546848
3.173517932125302,-1.0051514722342372,9.605549696266234,0.998,2.6937142857142855,1802.0,-0.00040644214907903375,0.0011143606026546848
3.1731114899762227,-1.005090956273662,9.606664056868887,0.998,2.693285714285714,1803.0,-0.00040644214907947784,0.0011143606026529085
3.1727050478271437,-1.005030440313087,9.60777841747154,0.998,2.6928571428571426,1804.0,-0.00040644214907903375,0.0011143606026529085
3.172298605678064,-1.0049699243525116,9.608892778074194,0.998,2.692428571428571,1805.0,-0.00040644214907947784,0.0011143606026546848
3.171892163528985,-1.0049094083919363,9.610007138676849,0.998,2.6919999999999997,1806.0,-0.00040644214907903375,0.0011143606026546848
3.171485721379906,-1.0048488924313612,9.611121499279502,0.998,2.6915714285714287,1807.0,-0.00040644214907903375,0.0011143606026529085
3.1710792792308267,-1.0047883764707861,9.612235859882155,0.998,2.6911428571428573,1808.0,-0.00040644214907947784,0.0011143606026529085
3.1706728370817476,-1.0047278605102108,9.61335022048481,0.998,2.690714285714286,1809.0,-0.00040644214907903375,0.0011143606026546848
3.170266394932668,-1.0046673445496355,9.614464581087464,0.998,2.6902857142857144,1810.0,-0.00040644214907947784,0.0011143606026546848
3.169859952783589,-1.0046068285890604,9.615578941690117,0.998,2.689857142857143,1811.0,-0.00040644214907903375,0.0011143606026529085
3.1694535106345096,-1.0045463126284853,9.61669330229277,0.998,2.6894285714285715,1812.0,-0.00040644214907947784,0.0011143606026529085
3.1690470684854306,-1.00448579666791,9.617807662895425,0.998,2.689,1813.0,-0.00040644214907903375,0.0011143606026546848
3.1686511053709023,-1.004640246280776,9.623038261592733,0.998,2.6886428571428573,1814.0,-0.00039596311452827493,0.005230598697307798
3.168255142256374,-1.0047946958936422,9.628268860290042,0.998,2.688285714285714,1815.0,-0.00039596311452827493,0.005230598697309574
3.167859179141846,-1.0049491455065085,9.63349945898735,0.998,2.6879285714285714,1816.0,-0.00039596311452827493,0.005230598697307798
3.167463216027318,-1.0051035951193745,9.63873005768466,0.998,2.6875714285714287,1817.0,-0.00039596311452783084,0.005230598697309574
3.1670672529127897,-1.0052580447322406,9.643960656381967,0.998,2.687214285714286,1818.0,-0.00039596311452827493,0.005230598697307798
3.1666712897982614,-1.0054124943451068,9.649191255079277,0.998,2.686857142857143,1819.0,-0.00039596311452827493,0.005230598697309574
3.166275326683733,-1.005566943957973,9.654421853776585,0.998,2.6865,1820.0,-0.00039596311452827493,0.005230598697307798
3.165879363569205,-1.0057213935708391,9.659652452473892,0.998,2.6861428571428574,1821.0,-0.00039596311452827493,0.005230598697307798
3.1654834004546766,-1.0058758431837052,9.664883051171202,0.998,2.685785714285714,1822.0,-0.00039596311452827493,0.005230598697309574
3.1650874373401483,-1.0060302927965714,9.67011364986851,0.998,2.6854285714285715,1823.0,-0.00039596311452827493,0.005230598697307798
3.1646914742256205,-1.0061847424094377,9.67534424856582,0.998,2.6850714285714288,1824.0,-0.00039596311452783084,0.005230598697309574
3.164295511111092,-1.0063391920223037,9.680574847263127,0.998,2.684714285714286,1825.0,-0.00039596311452827493,0.005230598697307798
3.163899547996564,-1.0064936416351697,9.685805445960437,0.998,2.684357142857143,1826.0,-0.00039596311452827493,0.005230598697309574
3.1635035848820356,-1.006648091248036,9.691036044657745,0.998,2.684,1827.0,-0.00039596311452827493,0.005230598697307798
3.1630952734913826,-1.00652537357179,9.696728370839988,0.998,2.6836428571428574,1828.0,-0.0004083113906530045,0.00569232618224369
3.1626869621007296,-1.0064026558955443,9.70242069702223,0.998,2.6832857142857143,1829.0,-0.0004083113906530045,0.0056923261822419136
3.162278650710077,-1.0062799382192984,9.708113023204474,0.998,2.6829285714285716,1830.0,-0.0004083113906525604,0.00569232618224369
3.161870339319424,-1.0061572205430525,9.713805349386716,0.998,2.682571428571429,1831.0,-0.0004083113906530045,0.0056923261822419136
3.161462027928771,-1.0060345028668067,9.71949767556896,0.998,2.6822142857142857,1832.0,-0.0004083113906530045,0.00569232618224369
3.161053716538118,-1.0059117851905608,9.725190001751201,0.998,2.681857142857143,1833.0,-0.0004083113906530045,0.0056923261822419136
3.160645405147465,-1.005789067514315,9.730882327933445,0.998,2.6814999999999998,1834.0,-0.0004083113906530045,0.00569232618224369
3.1602370937568125,-1.0056663498380691,9.736574654115689,0.998,2.681142857142857,1835.0,-0.0004083113906525604,0.00569232618224369
3.1598287823661595,-1.0055436321618232,9.74226698029793,0.998,2.6807857142857143,1836.0,-0.0004083113906530045,0.0056923261822419136
3.1594204709755065,-1.0054209144855775,9.747959306480174,0.998,2.680428571428571,1837.0,-0.0004083113906530045,0.00569232618224369
3.1590121595848535,-1.0052981968093315,9.753651632662416,0.998,2.6800714285714284,1838.0,-0.0004083113906530045,0.0056923261822419136
3.158603848194201,-1.0051754791330856,9.75934395884466,0.998,2.6797142857142857,1839.0,-0.0004083113906525604,0.00569232618224369
3.158195536803548,-1.0050527614568399,9.765036285026902,0.998,2.6793571428571425,1840.0,-0.0004083113906530045,0.0056923261822419136
3.157787225412895,-1.004930043780594,9.770728611209146,0.998,2.679,1841.0,-0.0004083113906530045,0.00569232618224369
3.157397522510727,-1.00489058461324,9.7751486843533,0.998,2.6785714285714284,1842.0,-0.0003897029021677767,0.004420073144155268
3.15700781960856,-1.0048511254458863,9.779568757497456,0.998,2.678142857142857,1843.0,-0.0003897029021673326,0.004420073144155268
3.156618116706392,-1.0048116662785325,9.783988830641611,0.998,2.6777142857142855,1844.0,-0.0003897029021677767,0.004420073144155268
3.1562284138042243,-1.0047722071111787,9.788408903785765,0.998,2.677285714285714,1845.0,-0.0003897029021677767,0.004420073144153491
3.155838710902057,-1.0047327479438248,9.79282897692992,0.998,2.6768571428571426,1846.0,-0.0003897029021673326,0.004420073144155268
3.155449007999889,-1.004693288776471,9.797249050074075,0.998,2.676428571428571,1847.0,-0.0003897029021677767,0.004420073144155268
3.155059305097722,-1.0046538296091172,9.80166912321823,0.998,2.6759999999999997,1848.0,-0.0003897029021673326,0.004420073144155268
3.154669602195554,-1.0046143704417634,9.806089196362386,0.998,2.6755714285714287,1849.0,-0.0003897029021677767,0.004420073144155268
3.1542798992933863,-1.0045749112744096,9.810509269506541,0.998,2.6751428571428573,1850.0,-0.0003897029021677767,0.004420073144155268
3.153890196391219,-1.0045354521070557,9.814929342650696,0.998,2.674714285714286,1851.0,-0.0003897029021673326,0.004420073144155268
3.153500493489051,-1.004495992939702,9.81934941579485,0.998,2.6742857142857144,1852.0,-0.0003897029021677767,0.004420073144153491
3.1531107905868834,-1.0044565337723481,9.823769488939005,0.998,2.673857142857143,1853.0,-0.0003897029021677767,0.004420073144155268
3.152721087684716,-1.0044170746049943,9.82818956208316,0.998,2.6734285714285715,1854.0,-0.0003897029021673326,0.004420073144155268
3.1523313847825483,-1.0043776154376405,9.832609635227316,0.998,2.673,1855.0,-0.0003897029021677767,0.004420073144155268
3.151927605575269,-1.0044640502694546,9.83373553616342,0.998,2.6725714285714286,1856.0,-0.0004037792072790758,0.0011259009361044292
3.15152382636799,-1.0045504851012688,9.834861437099526,0.998,2.672142857142857,1857.0,-0.0004037792072790758,0.0011259009361062056
3.151120047160711,-1.004636919933083,9.835987338035633,0.998,2.6717142857142857,1858.0,-0.0004037792072790758,0.0011259009361062056
3.150716267953432,-1.004723354764897,9.837113238971737,0.998,2.6712857142857143,1859.0,-0.0004037792072790758,0.0011259009361044292
3.150312488746153,-1.0048097895967112,9.838239139907841,0.998,2.670857142857143,1860.0,-0.0004037792072790758,0.0011259009361044292
3.149908709538874,-1.0048962244285253,9.839365040843948,0.998,2.6704285714285714,1861.0,-0.0004037792072790758,0.0011259009361062056
3.1495049303315947,-1.0049826592603395,9.840490941780054,0.998,2.67,1862.0,-0.0004037792072790758,0.0011259009361062056
3.149101151124316,-1.0050690940921534,9.841616842716158,0.998,2.6695714285714285,1863.0,-0.0004037792072786317,0.0011259009361044292
3.148697371917037,-1.0051555289239675,9.842742743652263,0.998,2.669142857142857,1864.0,-0.0004037792072790758,0.0011259009361044292
3.148293592709758,-1.0052419637557817,9.843868644588369,0.998,2.6687142857142856,1865.0,-0.0004037792072790758,0.0011259009361062056
3.147889813502479,-1.0053283985875958,9.844994545524475,0.998,2.668285714285714,1866.0,-0.0004037792072790758,0.0011259009361062056
3.1474860342952,-1.00541483341941,9.84612044646058,0.998,2.6678571428571427,1867.0,-0.0004037792072790758,0.0011259009361044292
3.1470822550879207,-1.005501268251224,9.847246347396684,0.998,2.6674285714285713,1868.0,-0.0004037792072790758,0.0011259009361044292
3.1466784758806416,-1.0055877030830382,9.84837224833279,0.998,2.667,1869.0,-0.0004037792072790758,0.0011259009361062056
3.146293466169298,-1.0055186853695501,9.854507579461343,0.998,2.666642857142857,1870.0,-0.0003850097113438089,0.006135331128552579
3.145908456457954,-1.005449667656062,9.860642910589895,0.998,2.666285714285714,1871.0,-0.0003850097113438089,0.006135331128552579
3.14552344674661,-1.0053806499425741,9.866778241718448,0.998,2.665928571428571,1872.0,-0.0003850097113438089,0.006135331128552579
3.1451384370352664,-1.005311632229086,9.872913572847002,0.998,2.6655714285714285,1873.0,-0.0003850097113438089,0.0061353311285543555
3.1447534273239226,-1.005242614515598,9.879048903975555,0.998,2.6652142857142858,1874.0,-0.0003850097113438089,0.006135331128552579
3.144368417612579,-1.0051735968021098,9.885184235104107,0.998,2.6648571428571426,1875.0,-0.0003850097113438089,0.006135331128552579
3.143983407901235,-1.005104579088622,9.89131956623266,0.998,2.6645,1876.0,-0.0003850097113438089,0.006135331128552579
3.1435983981898907,-1.0050355613751338,9.897454897361213,0.998,2.664142857142857,1877.0,-0.000385009711344253,0.006135331128552579
3.143213388478547,-1.0049665436616457,9.903590228489765,0.998,2.663785714285714,1878.0,-0.0003850097113438089,0.006135331128552579
3.142828378767203,-1.0048975259481576,9.909725559618318,0.998,2.6634285714285713,1879.0,-0.0003850097113438089,0.006135331128552579
3.1424433690558593,-1.0048285082346695,9.915860890746872,0.998,2.6630714285714285,1880.0,-0.0003850097113438089,0.0061353311285543555
3.1420583593445155,-1.0047594905211816,9.921996221875425,0.998,2.662714285714286,1881.0,-0.0003850097113438089,0.006135331128552579
3.1416733496331717,-1.0046904728076935,9.928131553003977,0.998,2.6623571428571426,1882.0,-0.0003850097113438089,0.006135331128552579
3.141288339921828,-1.0046214550942054,9.93426688413253,0.998,2.662,1883.0,-0.0003850097113438089,0.006135331128552579
3.140858095843094,-1.004644512817154,9.936411177482535,0.998,2.6615384615384614,1884.0,-0.0004302440787338213,0.0021442933500051
3.1404278517643607,-1.0046675705401025,9.93855547083254,0.998,2.661076923076923,1885.0,-0.0004302440787333772,0.0021442933500051
3.139997607685627,-1.004690628263051,9.940699764182545,0.998,2.6606153846153844,1886.0,-0.0004302440787338213,0.0021442933500051
3.1395673636068935,-1.0047136859859995,9.94284405753255,0.998,2.6601538461538463,1887.0,-0.0004302440787333772,0.0021442933500051
3.1391371195281597,-1.004736743708948,9.944988350882555,0.998,2.659692307692308,1888.0,-0.0004302440787338213,0.0021442933500051
3.138706875449426,-1.0047598014318966,9.94713264423256,0.998,2.6592307692307693,1889.0,-0.0004302440787338213,0.0021442933500051
3.1382766313706925,-1.0047828591548453,9.949276937582564,0.998,2.6587692307692308,1890.0,-0.0004302440787333772,0.0021442933500033234
3.1378463872919586,-1.0048059168777939,9.951421230932569,0.998,2.6583076923076923,1891.0,-0.0004302440787338213,0.0021442933500051
3.137416143213225,-1.0048289746007424,9.953565524282574,0.998,2.6578461538461537,1892.0,-0.0004302440787338213,0.0021442933500051
3.1369858991344914,-1.004852032323691,9.95570981763258,0.998,2.6573846153846157,1893.0,-0.0004302440787333772,0.0021442933500051
3.1365556550557576,-1.0048750900466394,9.957854110982584,0.998,2.656923076923077,1894.0,-0.0004302440787338213,0.0021442933500051
3.1361254109770242,-1.004898147769588,9.95999840433259,0.998,2.6564615384615387,1895.0,-0.0004302440787333772,0.0021442933500051
3.1356951668982904,-1.0049212054925365,9.962142697682594,0.998,2.656,1896.0,-0.0004302440787338213,0.0021442933500051
3.135305308578891,-1.0049583966652509,9.966843513986433,0.998,2.6556428571428574,1897.0,-0.0003898583193993055,0.004700816303838451
3.1349154502594923,-1.004995587837965,9.971544330290271,0.998,2.6552857142857142,1898.0,-0.0003898583193988614,0.004700816303838451
3.1345255919400934,-1.0050327790106794,9.97624514659411,0.998,2.6549285714285715,1899.0,-0.0003898583193988614,0.004700816303838451
3.134135733620694,-1.0050699701833938,9.980945962897946,0.998,2.654571428571429,1900.0,-0.0003898583193993055,0.004700816303836675
3.133745875301295,-1.0051071613561082,9.985646779201785,0.998,2.6542142857142856,1901.0,-0.0003898583193993055,0.004700816303838451
3.133356016981896,-1.0051443525288224,9.990347595505623,0.998,2.653857142857143,1902.0,-0.0003898583193988614,0.004700816303838451
3.132966158662497,-1.0051815437015368,9.995048411809462,0.998,2.6534999999999997,1903.0,-0.0003898583193988614,0.004700816303838451
3.1325763003430978,-1.0052187348742512,9.9997492281133,0.998,2.653142857142857,1904.0,-0.0003898583193993055,0.004700816303838451
3.1321864420236984,-1.0052559260469653,10.004450044417139,0.998,2.6527857142857143,1905.0,-0.0003898583193993055,0.004700816303838451
3.1317965837042996,-1.0052931172196797,10.009150860720977,0.998,2.652428571428571,1906.0,-0.0003898583193988614,0.004700816303838451
3.1314067253849007,-1.0053303083923941,10.013851677024814,0.998,2.6520714285714284,1907.0,-0.0003898583193988614,0.004700816303836675
3.1310168670655014,-1.0053674995651085,10.018552493328652,0.998,2.6517142857142857,1908.0,-0.0003898583193993055,0.004700816303838451
3.130627008746102,-1.0054046907378227,10.02325330963249,0.998,2.6513571428571425,1909.0,-0.0003898583193993055,0.004700816303838451
3.1302371504267033,-1.005441881910537,10.02795412593633,0.998,2.651,1910.0,-0.0003898583193988614,0.004700816303838451
3.1298334609246634,-1.0055496571013733,10.031564173903316,0.998,2.650642857142857,1911.0,-0.000403689502039839,0.00361004796698694
3.1294297714226236,-1.0056574322922098,10.035174221870303,0.998,2.650285714285714,1912.0,-0.000403689502039839,0.00361004796698694
3.129026081920584,-1.005765207483046,10.03878426983729,0.998,2.649928571428571,1913.0,-0.0004036895020393949,0.00361004796698694
3.1286223924185443,-1.0058729826738826,10.042394317804279,0.998,2.6495714285714285,1914.0,-0.000403689502039839,0.0036100479669887164
3.1282187029165045,-1.0059807578647189,10.046004365771266,0.998,2.6492142857142857,1915.0,-0.000403689502039839,0.00361004796698694
3.1278150134144647,-1.0060885330555553,10.049614413738253,0.998,2.6488571428571426,1916.0,-0.000403689502039839,0.00361004796698694
3.127411323912425,-1.0061963082463916,10.05322446170524,0.998,2.6485,1917.0,-0.000403689502039839,0.00361004796698694
3.1270076344103854,-1.0063040834372279,10.056834509672226,0.998,2.648142857142857,1918.0,-0.0004036895020393949,0.00361004796698694
3.1266039449083456,-1.0064118586280644,10.060444557639213,0.998,2.647785714285714,1919.0,-0.000403689502039839,0.00361004796698694
3.1262002554063058,-1.0065196338189006,10.0640546056062,0.998,2.6474285714285712,1920.0,-0.000403689502039839,0.00361004796698694
3.125796565904266,-1.0066274090097371,10.067664653573189,0.998,2.6470714285714285,1921.0,-0.000403689502039839,0.0036100479669887164
3.1253928764022265,-1.0067351842005734,10.071274701540176,0.998,2.646714285714286,1922.0,-0.0004036895020393949,0.00361004796698694
3.1249891869001867,-1.0068429593914099,10.074884749507163,0.998,2.6463571428571426,1923.0,-0.000403689502039839,0.00361004796698694
3.124585497398147,-1.0069507345822462,10.07849479747415,0.998,2.646,1924.0,-0.000403689502039839,0.00361004796698694
3.1241781470966683,-1.0068958178695013,10.080669049716933,0.998,2.6455714285714285,1925.0,-0.00040735030147853735,0.0021742522427832256
3.12377079679519,-1.0068409011567565,10.082843301959716,0.998,2.645142857142857,1926.0,-0.00040735030147809326,0.0021742522427832256
3.1233634464937117,-1.0067859844440117,10.0850175542025,0.998,2.6447142857142856,1927.0,-0.00040735030147853735,0.0021742522427832256
3.122956096192233,-1.0067310677312666,10.087191806445283,0.998,2.644285714285714,1928.0,-0.00040735030147853735,0.0021742522427832256
3.1225487458907546,-1.0066761510185218,10.089366058688066,0.998,2.6438571428571427,1929.0,-0.00040735030147853735,0.0021742522427832256
3.1221413955892765,-1.006621234305777,10.09154031093085,0.998,2.6434285714285712,1930.0,-0.00040735030147809326,0.0021742522427832256
3.121734045287798,-1.0065663175930322,10.093714563173634,0.998,2.643,1931.0,-0.00040735030147853735,0.002174252242785002
3.1213266949863194,-1.0065114008802873,10.095888815416417,0.998,2.642571428571429,1932.0,-0.00040735030147853735,0.0021742522427832256
3.1209193446848413,-1.0064564841675425,10.0980630676592,0.998,2.6421428571428573,1933.0,-0.00040735030147809326,0.0021742522427832256
3.120511994383363,-1.0064015674547977,10.100237319901984,0.998,2.641714285714286,1934.0,-0.00040735030147853735,0.0021742522427832256
3.1201046440818843,-1.0063466507420527,10.102411572144767,0.998,2.6412857142857145,1935.0,-0.00040735030147853735,0.0021742522427832256
3.1196972937804057,-1.0062917340293078,10.10458582438755,0.998,2.640857142857143,1936.0,-0.00040735030147853735,0.0021742522427832256
3.1192899434789276,-1.006236817316563,10.106760076630334,0.998,2.6404285714285716,1937.0,-0.00040735030147809326,0.0021742522427832256
3.118882593177449,-1.0061819006038182,10.108934328873117,0.998,2.64,1938.0,-0.00040735030147853735,0.0021742522427832256
3.118482643588095,-1.0060829315694253,10.114538987332278,0.998,2.6395714285714287,1939.0,-0.0003999495893540761,0.005604658459160916
3.118082693998741,-1.0059839625350326,10.120143645791437,0.998,2.6391428571428572,1940.0,-0.0003999495893540761,0.00560465845915914
3.117682744409387,-1.0058849935006398,10.125748304250598,0.998,2.638714285714286,1941.0,-0.0003999495893540761,0.005604658459160916
3.117282794820033,-1.0057860244662469,10.131352962709759,0.998,2.6382857142857143,1942.0,-0.0003999495893540761,0.005604658459160916
3.1168828452306787,-1.005687055431854,10.136957621168918,0.998,2.637857142857143,1943.0,-0.0003999495893540761,0.00560465845915914
3.1164828956413246,-1.0055880863974613,10.142562279628079,0.998,2.6374285714285715,1944.0,-0.0003999495893540761,0.005604658459160916
3.1160829460519706,-1.0054891173630685,10.14816693808724,0.998,2.637,1945.0,-0.0003999495893540761,0.005604658459160916
3.115682996462616,-1.0053901483286756,10.153771596546399,0.998,2.6365714285714286,1946.0,-0.0003999495893545202,0.00560465845915914
3.115283046873262,-1.005291179294283,10.15937625500556,0.998,2.636142857142857,1947.0,-0.0003999495893540761,0.005604658459160916
3.114883097283908,-1.00519221025989,10.164980913464719,0.998,2.6357142857142857,1948.0,-0.0003999495893540761,0.00560465845915914
3.114483147694554,-1.0050932412254971,10.17058557192388,0.998,2.6352857142857142,1949.0,-0.0003999495893540761,0.005604658459160916
3.1140831981051997,-1.0049942721911043,10.17619023038304,0.998,2.634857142857143,1950.0,-0.0003999495893540761,0.005604658459160916
3.1136832485158457,-1.0048953031567116,10.1817948888422,0.998,2.6344285714285713,1951.0,-0.0003999495893540761,0.00560465845915914
3.1132832989264916,-1.0047963341223187,10.18739954730136,0.998,2.634,1952.0,-0.0003999495893540761,0.005604658459160916
3.1128826535923673,-1.0048147956569422,10.191584751792075,0.998,2.633642857142857,1953.0,-0.0004006453341243166,0.004185204490713801
3.1124820082582434,-1.004833257191566,10.195769956282788,0.998,2.633285714285714,1954.0,-0.0004006453341238725,0.004185204490713801
3.112081362924119,-1.0048517187261896,10.199955160773504,0.998,2.6329285714285713,1955.0,-0.0004006453341243166,0.004185204490715577
3.1116807175899948,-1.004870180260813,10.204140365264218,0.998,2.6325714285714286,1956.0,-0.0004006453341243166,0.004185204490713801
3.1112800722558704,-1.0048886417954366,10.208325569754932,0.998,2.632214285714286,1957.0,-0.0004006453341243166,0.004185204490713801
3.1108794269217466,-1.0049071033300603,10.212510774245645,0.998,2.6318571428571427,1958.0,-0.0004006453341238725,0.004185204490713801
3.1104787815876223,-1.004925564864684,10.216695978736361,0.998,2.6315,1959.0,-0.0004006453341243166,0.004185204490715577
3.110078136253498,-1.0049440263993075,10.220881183227075,0.998,2.6311428571428572,1960.0,-0.0004006453341243166,0.004185204490713801
3.109677490919374,-1.004962487933931,10.225066387717789,0.998,2.630785714285714,1961.0,-0.0004006453341238725,0.004185204490713801
3.1092768455852497,-1.0049809494685547,10.229251592208502,0.998,2.6304285714285713,1962.0,-0.0004006453341243166,0.004185204490713801
3.1088762002511254,-1.0049994110031784,10.233436796699216,0.998,2.6300714285714286,1963.0,-0.0004006453341243166,0.004185204490713801
3.108475554917001,-1.0050178725378018,10.237622001189932,0.998,2.629714285714286,1964.0,-0.0004006453341243166,0.004185204490715577
3.1080749095828772,-1.0050363340724253,10.241807205680646,0.998,2.6293571428571427,1965.0,-0.0004006453341238725,0.004185204490713801
3.107674264248753,-1.005054795607049,10.24599241017136,0.998,2.629,1966.0,-0.0004006453341243166,0.004185204490713801
3.107249159278946,-1.005050844519877,10.25039225171417,0.9979857142857143,2.6285714285714286,1967.0,-0.00042510496980696644,0.004399841542809924
3.106824054309139,-1.0050468934327048,10.25479209325698,0.9979714285714286,2.628142857142857,1968.0,-0.00042510496980696644,0.004399841542809924
3.106398949339332,-1.0050429423455327,10.259191934799789,0.9979571428571429,2.6277142857142857,1969.0,-0.00042510496980696644,0.004399841542809924
3.105973844369525,-1.0050389912583606,10.263591776342599,0.9979428571428571,2.6272857142857142,1970.0,-0.00042510496980696644,0.004399841542809924
3.105548739399718,-1.0050350401711885,10.267991617885409,0.9979285714285714,2.626857142857143,1971.0,-0.00042510496980696644,0.004399841542809924
3.105123634429911,-1.0050310890840164,10.272391459428219,0.9979142857142858,2.6264285714285713,1972.0,-0.00042510496980696644,0.004399841542809924
3.104698529460104,-1.0050271379968445,10.276791300971029,0.9979,2.626,1973.0,-0.00042510496980696644,0.004399841542809924
3.104273424490297,-1.0050231869096724,10.281191142513837,0.9978857142857143,2.625571428571429,1974.0,-0.00042510496980696644,0.004399841542808147
3.1038483195204902,-1.0050192358225003,10.285590984056647,0.9978714285714286,2.6251428571428574,1975.0,-0.00042510496980696644,0.004399841542809924
3.1034232145506833,-1.0050152847353282,10.289990825599457,0.9978571428571429,2.624714285714286,1976.0,-0.00042510496980696644,0.004399841542809924
3.1029981095808763,-1.005011333648156,10.294390667142267,0.9978428571428571,2.6242857142857146,1977.0,-0.00042510496980696644,0.004399841542809924
3.1025730046110693,-1.005007382560984,10.298790508685077,0.9978285714285714,2.623857142857143,1978.0,-0.00042510496980696644,0.004399841542809924
3.1021478996412624,-1.0050034314738119,10.303190350227887,0.9978142857142858,2.6234285714285717,1979.0,-0.00042510496980696644,0.004399841542809924
3.1017227946714554,-1.0049994803866398,10.307590191770696,0.9978,2.623,1980.0,-0.00042510496980696644,0.004399841542809924
3.1012882904331573,-1.0049504160174578,10.312548799151179,0.9978153846153847,2.6225384615384617,1981.0,-0.0004345042382980502,0.0049586073804821496
3.1008537861948597,-1.0049013516482757,10.317507406531659,0.9978307692307693,2.622076923076923,1982.0,-0.0004345042382976061,0.004958607380480373
3.1004192819565617,-1.0048522872790937,10.322466013912141,0.9978461538461538,2.6216153846153847,1983.0,-0.0004345042382980502,0.0049586073804821496
3.099984777718264,-1.0048032229099118,10.327424621292622,0.9978615384615385,2.621153846153846,1984.0,-0.0004345042382976061,0.004958607380480373
3.099550273479966,-1.0047541585407296,10.332383228673104,0.9978769230769231,2.6206923076923077,1985.0,-0.0004345042382980502,0.0049586073804821496
3.099115769241668,-1.0047050941715476,10.337341836053584,0.9978923076923077,2.620230769230769,1986.0,-0.0004345042382980502,0.004958607380480373
3.0986812650033704,-1.0046560298023657,10.342300443434066,0.9979076923076923,2.619769230769231,1987.0,-0.0004345042382976061,0.0049586073804821496
3.0982467607650723,-1.0046069654331837,10.347259050814547,0.9979230769230769,2.6193076923076926,1988.0,-0.0004345042382980502,0.004958607380480373
3.0978122565267743,-1.0045579010640016,10.352217658195029,0.9979384615384616,2.618846153846154,1989.0,-0.0004345042382980502,0.0049586073804821496
3.0973777522884767,-1.0045088366948196,10.357176265575509,0.9979538461538462,2.6183846153846155,1990.0,-0.0004345042382976061,0.004958607380480373
3.0969432480501786,-1.0044597723256377,10.362134872955991,0.9979692307692307,2.617923076923077,1991.0,-0.0004345042382980502,0.0049586073804821496
3.096508743811881,-1.0044107079564555,10.367093480336472,0.9979846153846154,2.6174615384615385,1992.0,-0.0004345042382976061,0.004958607380480373
3.096074239573583,-1.0043616435872735,10.372052087716954,0.998,2.617,1993.0,-0.0004345042382980502,0.0049586073804821496
3.0956624524744467,-1.004468052973461,10.377647982097749,0.998,2.6166428571428573,1994.0,-0.00041178709913625156,0.005595894380794775
3.0952506653753105,-1.0045744623596486,10.383243876478543,0.998,2.616285714285714,1995.0,-0.00041178709913625156,0.005595894380794775
3.094838878276174,-1.0046808717458364,10.388839770859338,0.998,2.6159285714285714,1996.0,-0.00041178709913625156,0.005595894380794775
3.094427091177038,-1.004787281132024,10.394435665240133,0.998,2.6155714285714287,1997.0,-0.00041178709913625156,0.005595894380794775
3.0940153040779017,-1.0048936905182115,10.400031559620928,0.998,2.615214285714286,1998.0,-0.00041178709913625156,0.005595894380794775
3.0936035169787655,-1.005000099904399,10.405627454001722,0.998,2.6148571428571428,1999.0,-0.00041178709913625156,0.005595894380794775
3.093191729879629,-1.0051065092905869,10.411223348382517,0.998,2.6145,2000.0,-0.00041178709913625156,0.005595894380794775
3.0927799427804934,-1.0052129186767744,10.416819242763314,0.998,2.6141428571428573,2001.0,-0.00041178709913580747,0.005595894380796551
3.092368155681357,-1.005319328062962,10.422415137144108,0.998,2.613785714285714,2002.0,-0.00041178709913625156,0.005595894380794775
3.091956368582221,-1.0054257374491495,10.428011031524903,0.998,2.6134285714285714,2003.0,-0.00041178709913625156,0.005595894380794775
3.0915445814830846,-1.005532146835337,10.433606925905698,0.998,2.6130714285714287,2004.0,-0.00041178709913625156,0.005595894380794775
3.0911327943839484,-1.0056385562215249,10.439202820286493,0.998,2.612714285714286,2005.0,-0.00041178709913625156,0.005595894380794775
3.090721007284812,-1.0057449656077124,10.444798714667288,0.998,2.612357142857143,2006.0,-0.00041178709913625156,0.005595894380794775
3.090309220185676,-1.0058513749939,10.450394609048082,0.998,2.612,2007.0,-0.00041178709913625156,0.005595894380794775
3.0898783877873868,-1.0058247564971978,10.453512093185276,0.998,2.6115714285714287,2008.0,-0.000430832398289116,0.0031174841371939266
3.089447555389098,-1.0057981380004954,10.45662957732247,0.998,2.611142857142857,2009.0,-0.0004308323982886719,0.0031174841371939266
3.089016722990809,-1.005771519503793,10.459747061459664,0.998,2.6107142857142858,2010.0,-0.000430832398289116,0.0031174841371939266
3.08858589059252,-1.005744901007091,10.462864545596856,0.998,2.6102857142857143,2011.0,-0.000430832398289116,0.0031174841371921502
3.0881550581942308,-1.0057182825103888,10.46598202973405,0.998,2.609857142857143,2012.0,-0.000430832398289116,0.0031174841371939266
3.087724225795942,-1.0056916640136864,10.469099513871244,0.998,2.6094285714285714,2013.0,-0.0004308323982886719,0.0031174841371939266
3.087293393397653,-1.005665045516984,10.472216998008438,0.998,2.609,2014.0,-0.000430832398289116,0.0031174841371939266
3.086862560999364,-1.0056384270202818,10.475334482145632,0.998,2.6085714285714285,2015.0,-0.000430832398289116,0.0031174841371939266
3.086431728601075,-1.0056118085235797,10.478451966282826,0.998,2.608142857142857,2016.0,-0.0004308323982886719,0.0031174841371939266
3.086000896202786,-1.0055851900268773,10.48156945042002,0.998,2.6077142857142857,2017.0,-0.000430832398289116,0.0031174841371939266
3.085570063804497,-1.005558571530175,10.484686934557212,0.998,2.607285714285714,2018.0,-0.000430832398289116,0.0031174841371921502
3.085139231406208,-1.0055319530334728,10.487804418694406,0.998,2.6068571428571428,2019.0,-0.000430832398289116,0.0031174841371939266
3.084708399007919,-1.0055053345367706,10.4909219028316,0.998,2.6064285714285713,2020.0,-0.0004308323982886719,0.0031174841371939266
3.08427756660963,-1.0054787160400682,10.494039386968794,0.998,2.606,2021.0,-0.000430832398289116,0.0031174841371939266
3.0838483209700818,-1.005356148236548,10.500951151049328,0.998,2.6055714285714284,2022.0,-0.0004292456395482702,0.00691176408053451
3.0834190753305335,-1.0052335804330281,10.507862915129865,0.998,2.605142857142857,2023.0,-0.0004292456395482702,0.006911764080536287
3.0829898296909852,-1.005111012629508,10.514774679210399,0.998,2.6047142857142855,2024.0,-0.0004292456395482702,0.00691176408053451
3.082560584051437,-1.0049884448259878,10.521686443290934,0.998,2.604285714285714,2025.0,-0.0004292456395482702,0.00691176408053451
3.0821313384118887,-1.0048658770224677,10.528598207371468,0.998,2.6038571428571426,2026.0,-0.0004292456395482702,0.00691176408053451
3.0817020927723404,-1.0047433092189477,10.535509971452004,0.998,2.603428571428571,2027.0,-0.0004292456395482702,0.006911764080536287
3.081272847132792,-1.0046207414154276,10.542421735532539,0.998,2.6029999999999998,2028.0,-0.0004292456395482702,0.00691176408053451
3.080843601493244,-1.0044981736119074,10.549333499613073,0.998,2.6025714285714288,2029.0,-0.0004292456395482702,0.00691176408053451
3.0804143558536956,-1.0043756058083875,10.55624526369361,0.998,2.6021428571428573,2030.0,-0.0004292456395482702,0.006911764080536287
3.0799851102141473,-1.0042530380048673,10.563157027774144,0.998,2.601714285714286,2031.0,-0.0004292456395482702,0.00691176408053451
3.079555864574599,-1.0041304702013472,10.570068791854679,0.998,2.6012857142857144,2032.0,-0.0004292456395482702,0.00691176408053451
3.079126618935051,-1.004007902397827,10.576980555935213,0.998,2.600857142857143,2033.0,-0.0004292456395482702,0.00691176408053451
3.0786973732955025,-1.003885334594307,10.58389232001575,0.998,2.6004285714285715,2034.0,-0.0004292456395482702,0.006911764080536287
3.0782681276559543,-1.003762766790787,10.590804084096284,0.998,2.6,2035.0,-0.0004292456395482702,0.00691176408053451
3.077842301518466,-1.0038958561214226,10.59516717711873,0.998,2.5995714285714286,2036.0,-0.0004258261374880945,0.004363093022446307
3.077416475380978,-1.0040289454520586,10.599530270141177,0.998,2.599142857142857,2037.0,-0.0004258261374880945,0.004363093022446307
3.07699064924349,-1.0041620347826945,10.603893363163623,0.998,2.5987142857142858,2038.0,-0.0004258261374880945,0.004363093022446307
3.0765648231060014,-1.0042951241133302,10.60825645618607,0.998,2.5982857142857143,2039.0,-0.0004258261374885386,0.004363093022446307
3.0761389969685133,-1.004428213443966,10.612619549208516,0.998,2.597857142857143,2040.0,-0.0004258261374880945,0.004363093022446307
3.0757131708310252,-1.0045613027746019,10.616982642230962,0.998,2.5974285714285714,2041.0,-0.0004258261374880945,0.004363093022446307
3.075287344693537,-1.0046943921052378,10.621345735253408,0.998,2.597,2042.0,-0.0004258261374880945,0.004363093022446307
3.074861518556049,-1.0048274814358735,10.625708828275853,0.998,2.5965714285714285,2043.0,-0.0004258261374880945,0.004363093022444531
3.074435692418561,-1.0049605707665092,10.630071921298299,0.998,2.596142857142857,2044.0,-0.0004258261374880945,0.004363093022446307
3.074009866281073,-1.0050936600971452,10.634435014320745,0.998,2.5957142857142856,2045.0,-0.0004258261374880945,0.004363093022446307
3.0735840401435843,-1.0052267494277811,10.638798107343192,0.998,2.595285714285714,2046.0,-0.0004258261374885386,0.004363093022446307
3.0731582140060962,-1.0053598387584168,10.643161200365638,0.998,2.5948571428571428,2047.0,-0.0004258261374880945,0.004363093022446307
3.072732387868608,-1.0054929280890526,10.647524293388084,0.998,2.5944285714285713,2048.0,-0.0004258261374880945,0.004363093022446307
3.07230656173112,-1.0056260174196885,10.65188738641053,0.998,2.594,2049.0,-0.0004258261374880945,0.004363093022446307
3.0718827483274427,-1.0056623460387741,10.65516578628208,0.998,2.5935714285714284,2050.0,-0.0004238134036773644,0.003278399871549098
3.071458934923765,-1.0056986746578598,10.658444186153627,0.998,2.593142857142857,2051.0,-0.0004238134036778085,0.0032783998715473217
3.0710351215200875,-1.0057350032769454,10.661722586025176,0.998,2.5927142857142855,2052.0,-0.0004238134036773644,0.003278399871549098
3.07061130811641,-1.005771331896031,10.665000985896723,0.998,2.592285714285714,2053.0,-0.0004238134036773644,0.0032783998715473217
3.0701874947127323,-1.0058076605151167,10.668279385768273,0.998,2.5918571428571426,2054.0,-0.0004238134036778085,0.003278399871549098
3.069763681309055,-1.0058439891342024,10.67155778563982,0.998,2.591428571428571,2055.0,-0.0004238134036773644,0.0032783998715473217
3.069339867905377,-1.005880317753288,10.674836185511369,0.998,2.5909999999999997,2056.0,-0.0004238134036778085,0.003278399871549098
3.0689160545017,-1.0059166463723737,10.678114585382918,0.998,2.5905714285714287,2057.0,-0.0004238134036773644,0.003278399871549098
3.0684922410980224,-1.0059529749914593,10.681392985254465,0.998,2.5901428571428573,2058.0,-0.0004238134036773644,0.0032783998715473217
3.0680684276943446,-1.005989303610545,10.684671385126014,0.998,2.589714285714286,2059.0,-0.0004238134036778085,0.003278399871549098
3.0676446142906673,-1.0060256322296306,10.687949784997562,0.998,2.5892857142857144,2060.0,-0.0004238134036773644,0.0032783998715473217
3.06722080088699,-1.0060619608487162,10.69122818486911,0.998,2.588857142857143,2061.0,-0.0004238134036773644,0.003278399871549098
3.066796987483312,-1.0060982894678019,10.694506584740658,0.998,2.5884285714285715,2062.0,-0.0004238134036778085,0.0032783998715473217
3.0663731740796347,-1.0061346180868875,10.697784984612207,0.998,2.588,2063.0,-0.0004238134036773644,0.003278399871549098
3.0659110883831264,-1.0061393084640782,10.700490815138009,0.998,2.5875,2064.0,-0.00046208569650829645,0.0027058305258016446
3.0654490026866177,-1.0061439988412688,10.703196645663812,0.998,2.587,2065.0,-0.00046208569650874054,0.002705830525803421
3.0649869169901094,-1.0061486892184595,10.705902476189614,0.998,2.5865,2066.0,-0.00046208569650829645,0.0027058305258016446
3.064524831293601,-1.0061533795956499,10.708608306715416,0.998,2.586,2067.0,-0.00046208569650829645,0.0027058305258016446
3.064062745597093,-1.0061580699728405,10.711314137241219,0.998,2.5855,2068.0,-0.00046208569650829645,0.002705830525803421
3.063600659900584,-1.0061627603500312,10.71401996776702,0.998,2.585,2069.0,-0.00046208569650874054,0.0027058305258016446
3.0631385742040758,-1.0061674507272218,10.716725798292824,0.998,2.5845000000000002,2070.0,-0.00046208569650829645,0.002705830525803421
3.0626764885075675,-1.0061721411044124,10.719431628818626,0.998,2.584,2071.0,-0.00046208569650829645,0.0027058305258016446
3.0622144028110587,-1.006176831481603,10.722137459344427,0.998,2.5835,2072.0,-0.00046208569650874054,0.0027058305258016446
3.0617523171145504,-1.0061815218587937,10.72484328987023,0.998,2.583,2073.0,-0.00046208569650829645,0.002705830525803421
3.061290231418042,-1.0061862122359841,10.727549120396032,0.998,2.5825,2074.0,-0.00046208569650829645,0.0027058305258016446
3.060828145721534,-1.0061909026131748,10.730254950921834,0.998,2.582,2075.0,-0.00046208569650829645,0.0027058305258016446
3.060366060025025,-1.0061955929903654,10.732960781447638,0.998,2.5815,2076.0,-0.00046208569650874054,0.002705830525803421
3.059903974328517,-1.006200283367556,10.73566661197344,0.998,2.581,2077.0,-0.00046208569650829645,0.0027058305258016446
3.059450050520088,-1.0061904038607656,10.741198644938637,0.998,2.5805714285714285,2078.0,-0.0004539238084286801,0.005532032965197331
3.0589961267116594,-1.006180524353975,10.746730677903834,0.998,2.580142857142857,2079.0,-0.0004539238084286801,0.005532032965197331
3.0585422029032308,-1.0061706448471845,10.752262710869031,0.998,2.5797142857142856,2080.0,-0.0004539238084286801,0.005532032965197331
3.058088279094802,-1.0061607653403941,10.757794743834229,0.998,2.579285714285714,2081.0,-0.0004539238084286801,0.005532032965197331
3.0576343552863734,-1.0061508858336035,10.763326776799426,0.998,2.5788571428571427,2082.0,-0.0004539238084286801,0.005532032965197331
3.0571804314779447,-1.006141006326813,10.768858809764623,0.998,2.5784285714285713,2083.0,-0.0004539238084286801,0.005532032965197331
3.056726507669516,-1.0061311268200226,10.77439084272982,0.998,2.578,2084.0,-0.0004539238084286801,0.005532032965197331
3.0562725838610874,-1.006121247313232,10.779922875695016,0.998,2.577571428571429,2085.0,-0.0004539238084286801,0.005532032965195555
3.0558186600526587,-1.0061113678064415,10.785454908660213,0.998,2.5771428571428574,2086.0,-0.0004539238084286801,0.005532032965197331
3.05536473624423,-1.0061014882996508,10.79098694162541,0.998,2.576714285714286,2087.0,-0.0004539238084286801,0.005532032965197331
3.0549108124358013,-1.0060916087928604,10.796518974590608,0.998,2.5762857142857145,2088.0,-0.0004539238084286801,0.005532032965197331
3.0544568886273726,-1.00608172928607,10.802051007555805,0.998,2.575857142857143,2089.0,-0.0004539238084286801,0.005532032965197331
3.054002964818944,-1.0060718497792793,10.807583040521003,0.998,2.5754285714285716,2090.0,-0.0004539238084286801,0.005532032965197331
3.0535490410105153,-1.006061970272489,10.8131150734862,0.998,2.575,2091.0,-0.0004539238084286801,0.005532032965197331
3.0530877660731557,-1.0061309732676684,10.815533836044997,0.998,2.5745,2092.0,-0.00046127493735959035,0.0024187625587970274
3.0526264911357965,-1.006199976262848,10.817952598603794,0.998,2.5740000000000003,2093.0,-0.00046127493735914626,0.0024187625587970274
3.0521652161984374,-1.0062689792580275,10.820371361162591,0.998,2.5735,2094.0,-0.00046127493735914626,0.0024187625587970274
3.051703941261078,-1.006337982253207,10.82279012372139,0.998,2.573,2095.0,-0.00046127493735959035,0.0024187625587988038
3.051242666323718,-1.0064069852483866,10.825208886280187,0.998,2.5725000000000002,2096.0,-0.00046127493735959035,0.0024187625587970274
3.050781391386359,-1.006475988243566,10.827627648838984,0.998,2.572,2097.0,-0.00046127493735914626,0.0024187625587970274
3.050320116449,-1.0065449912387456,10.830046411397781,0.998,2.5715000000000003,2098.0,-0.00046127493735914626,0.0024187625587970274
3.0498588415116403,-1.006613994233925,10.832465173956578,0.998,2.571,2099.0,-0.00046127493735959035,0.0024187625587970274
3.0493975665742807,-1.0066829972291045,10.834883936515375,0.998,2.5705,2100.0,-0.00046127493735959035,0.0024187625587970274
3.0489362916369216,-1.006752000224284,10.837302699074172,0.998,2.5700000000000003,2101.0,-0.00046127493735914626,0.0024187625587970274
3.0484750166995624,-1.0068210032194636,10.839721461632971,0.998,2.5695,2102.0,-0.00046127493735914626,0.0024187625587988038
3.048013741762203,-1.006890006214643,10.842140224191768,0.998,2.569,2103.0,-0.00046127493735959035,0.0024187625587970274
3.0475524668248433,-1.0069590092098226,10.844558986750565,0.998,2.5685000000000002,2104.0,-0.00046127493735959035,0.0024187625587970274
3.047091191887484,-1.0070280122050022,10.846977749309362,0.998,2.568,2105.0,-0.00046127493735914626,0.0024187625587970274
3.046569476010721,-1.0068665169385602,10.85240745644176,0.998,2.5675384615384615,2106.0,-0.0005217158767631958,0.00542970713239832
3.046047760133958,-1.006705021672118,10.857837163574159,0.998,2.567076923076923,2107.0,-0.0005217158767627517,0.00542970713239832
3.045526044257195,-1.0065435264056761,10.863266870706557,0.998,2.5666153846153845,2108.0,-0.0005217158767631958,0.00542970713239832
3.0450043283804322,-1.0063820311392342,10.868696577838957,0.998,2.566153846153846,2109.0,-0.0005217158767627517,0.005429707132400097
3.044482612503669,-1.006220535872792,10.874126284971355,0.998,2.5656923076923075,2110.0,-0.0005217158767631958,0.00542970713239832
3.0439608966269063,-1.00605904060635,10.879555992103754,0.998,2.565230769230769,2111.0,-0.0005217158767627517,0.00542970713239832
3.043439180750143,-1.0058975453399082,10.884985699236152,0.998,2.564769230769231,2112.0,-0.0005217158767631958,0.00542970713239832
3.0429174648733803,-1.0057360500734662,10.89041540636855,0.998,2.5643076923076924,2113.0,-0.0005217158767627517,0.00542970713239832
3.042395748996617,-1.005574554807024,10.895845113500949,0.998,2.563846153846154,2114.0,-0.0005217158767631958,0.00542970713239832
3.0418740331198544,-1.0054130595405821,10.901274820633349,0.998,2.5633846153846154,2115.0,-0.0005217158767627517,0.005429707132400097
3.041352317243091,-1.0052515642741402,10.906704527765747,0.998,2.562923076923077,2116.0,-0.0005217158767631958,0.00542970713239832
3.0408306013663284,-1.005090069007698,10.912134234898145,0.998,2.5624615384615383,2117.0,-0.0005217158767627517,0.00542970713239832
3.0403088854895652,-1.004928573741256,10.917563942030544,0.998,2.562,2118.0,-0.0005217158767631958,0.00542970713239832
3.039842720578608,-1.0049291473033088,10.92223571541198,0.998,2.5614999999999997,2119.0,-0.0004661649109571897,0.004671773381435429
3.0393765556676504,-1.0049297208653614,10.926907488793415,0.998,2.561,2120.0,-0.0004661649109576338,0.004671773381435429
3.0389103907566932,-1.004930294427414,10.931579262174848,0.998,2.5604999999999998,2121.0,-0.0004661649109571897,0.004671773381433653
3.038444225845736,-1.0049308679894668,10.936251035556284,0.998,2.56,2122.0,-0.0004661649109571897,0.004671773381435429
3.037978060934779,-1.0049314415515194,10.940922808937719,0.998,2.5595,2123.0,-0.0004661649109571897,0.004671773381435429
3.037511896023821,-1.004932015113572,10.945594582319154,0.998,2.559,2124.0,-0.0004661649109576338,0.004671773381435429
3.037045731112864,-1.0049325886756246,10.950266355700588,0.998,2.5585,2125.0,-0.0004661649109571897,0.004671773381433653
3.036579566201907,-1.0049331622376774,10.954938129082024,0.998,2.558,2126.0,-0.0004661649109571897,0.004671773381435429
3.036113401290949,-1.00493373579973,10.959609902463459,0.998,2.5575,2127.0,-0.0004661649109576338,0.004671773381435429
3.035647236379992,-1.0049343093617826,10.964281675844894,0.998,2.557,2128.0,-0.0004661649109571897,0.004671773381435429
3.035181071469035,-1.0049348829238354,10.96895344922633,0.998,2.5565,2129.0,-0.0004661649109571897,0.004671773381435429
3.0347149065580776,-1.0049354564858881,10.973625222607764,0.998,2.556,2130.0,-0.0004661649109571897,0.004671773381433653
3.03424874164712,-1.0049360300479406,10.978296995989199,0.998,2.5555000000000003,2131.0,-0.0004661649109576338,0.004671773381435429
3.033782576736163,-1.0049366036099934,10.982968769370634,0.998,2.555,2132.0,-0.0004661649109571897,0.004671773381435429
3.033281401645823,-1.0049873144186137,10.987392721027865,0.998,2.5545,2133.0,-0.0005011750903398671,0.004423951657230418
3.0327802265554826,-1.005038025227234,10.991816672685093,0.998,2.5540000000000003,2134.0,-0.0005011750903403112,0.004423951657228642
3.0322790514651423,-1.0050887360358542,10.996240624342324,0.998,2.5535,2135.0,-0.0005011750903403112,0.004423951657230418
3.0317778763748024,-1.0051394468444748,11.000664575999554,0.998,2.553,2136.0,-0.0005011750903398671,0.004423951657230418
3.0312767012844626,-1.005190157653095,11.005088527656783,0.998,2.5525,2137.0,-0.0005011750903398671,0.004423951657228642
3.0307755261941223,-1.0052408684617153,11.009512479314013,0.998,2.552,2138.0,-0.0005011750903403112,0.004423951657230418
3.030274351103782,-1.0052915792703356,11.013936430971244,0.998,2.5515000000000003,2139.0,-0.0005011750903403112,0.004423951657230418
3.029773176013442,-1.005342290078956,11.018360382628472,0.998,2.551,2140.0,-0.0005011750903398671,0.004423951657228642
3.0292720009231022,-1.0053930008875762,11.022784334285703,0.998,2.5505,2141.0,-0.0005011750903398671,0.004423951657230418
3.028770825832762,-1.0054437116961965,11.027208285942931,0.998,2.5500000000000003,2142.0,-0.0005011750903403112,0.004423951657228642
3.0282696507424216,-1.005494422504817,11.031632237600162,0.998,2.5495,2143.0,-0.0005011750903403112,0.004423951657230418
3.0277684756520817,-1.0055451333134373,11.036056189257392,0.998,2.549,2144.0,-0.0005011750903398671,0.004423951657230418
3.027267300561742,-1.0055958441220576,11.040480140914621,0.998,2.5485,2145.0,-0.0005011750903398671,0.004423951657228642
3.0267661254714016,-1.005646554930678,11.044904092571851,0.998,2.548,2146.0,-0.0005011750903403112,0.004423951657230418
3.0262563492900845,-1.0056032360658151,11.051604976837393,0.998,2.5475,2147.0,-0.0005097761813170898,0.006700884265541163
3.0257465731087674,-1.0055599172009524,11.058305861102934,0.998,2.547,2148.0,-0.0005097761813170898,0.006700884265541163
3.02523679692745,-1.0055165983360896,11.065006745368473,0.998,2.5465,2149.0,-0.0005097761813175339,0.006700884265539386
3.0247270207461328,-1.0054732794712269,11.071707629634014,0.998,2.546,2150.0,-0.0005097761813170898,0.006700884265541163
3.0242172445648157,-1.0054299606063641,11.078408513899555,0.998,2.5455,2151.0,-0.0005097761813170898,0.006700884265541163
3.0237074683834986,-1.0053866417415014,11.085109398165097,0.998,2.545,2152.0,-0.0005097761813170898,0.006700884265541163
3.023197692202181,-1.0053433228766389,11.091810282430636,0.998,2.5445,2153.0,-0.0005097761813175339,0.006700884265539386
3.022687916020864,-1.005300004011776,11.098511166696177,0.998,2.544,2154.0,-0.0005097761813170898,0.006700884265541163
3.022178139839547,-1.0052566851469134,11.105212050961718,0.998,2.5435,2155.0,-0.0005097761813170898,0.006700884265541163
3.0216683636582298,-1.0052133662820506,11.11191293522726,0.998,2.543,2156.0,-0.0005097761813170898,0.006700884265541163
3.0211585874769127,-1.0051700474171879,11.1186138194928,0.998,2.5425,2157.0,-0.0005097761813170898,0.006700884265541163
3.020648811295595,-1.005126728552325,11.12531470375834,0.998,2.542,2158.0,-0.0005097761813175339,0.006700884265539386
3.020139035114278,-1.0050834096874623,11.132015588023881,0.998,2.5415,2159.0,-0.0005097761813170898,0.006700884265541163
3.019629258932961,-1.0050400908225996,11.138716472289422,0.998,2.541,2160.0,-0.0005097761813170898,0.006700884265541163
3.0191232007846796,-1.005012627851342,11.141360746015064,0.998,2.5404999999999998,2161.0,-0.0005060581482814186,0.002644273725641355
3.018617142636398,-1.0049851648800845,11.144005019740703,0.998,2.54,2162.0,-0.0005060581482814186,0.0026442737256395787
3.0181110844881167,-1.004957701908827,11.146649293466345,0.998,2.5395,2163.0,-0.0005060581482814186,0.002644273725641355
3.017605026339835,-1.0049302389375692,11.149293567191986,0.998,2.5389999999999997,2164.0,-0.0005060581482818627,0.002644273725641355
3.0170989681915534,-1.0049027759663116,11.151937840917627,0.998,2.5385,2165.0,-0.0005060581482814186,0.002644273725641355
3.016592910043272,-1.004875312995054,11.154582114643267,0.998,2.538,2166.0,-0.0005060581482814186,0.0026442737256395787
3.0160868518949906,-1.0048478500237965,11.157226388368908,0.998,2.5375,2167.0,-0.0005060581482814186,0.002644273725641355
3.015580793746709,-1.004820387052539,11.15987066209455,0.998,2.537,2168.0,-0.0005060581482814186,0.002644273725641355
3.0150747355984278,-1.0047929240812814,11.16251493582019,0.998,2.5364999999999998,2169.0,-0.0005060581482814186,0.0026442737256395787
3.0145686774501463,-1.0047654611100238,11.16515920954583,0.998,2.536,2170.0,-0.0005060581482814186,0.002644273725641355
3.0140626193018645,-1.004737998138766,11.167803483271472,0.998,2.5355,2171.0,-0.0005060581482818627,0.002644273725641355
3.013556561153583,-1.0047105351675085,11.170447756997113,0.998,2.5349999999999997,2172.0,-0.0005060581482814186,0.002644273725641355
3.0130505030053016,-1.004683072196251,11.173092030722753,0.998,2.5345,2173.0,-0.0005060581482814186,0.0026442737256395787
3.01254444485702,-1.0046556092249934,11.175736304448394,0.998,2.534,2174.0,-0.0005060581482814186,0.002644273725641355
3.012018832449155,-1.0047203611250288,11.18176454270068,0.998,2.5334285714285714,2175.0,-0.0005256124078654167,0.0060282382522860445
3.0114932200412894,-1.004785113025064,11.187792780952966,0.998,2.5328571428571425,2176.0,-0.0005256124078654167,0.0060282382522860445
3.010967607633424,-1.0048498649250994,11.193821019205252,0.998,2.532285714285714,2177.0,-0.0005256124078654167,0.0060282382522860445
3.010441995225558,-1.0049146168251346,11.19984925745754,0.998,2.5317142857142856,2178.0,-0.0005256124078658608,0.006028238252287821
3.0099163828176927,-1.00497936872517,11.205877495709826,0.998,2.531142857142857,2179.0,-0.0005256124078654167,0.0060282382522860445
3.0093907704098273,-1.0050441206252052,11.211905733962112,0.998,2.5305714285714282,2180.0,-0.0005256124078654167,0.0060282382522860445
3.008865158001962,-1.0051088725252406,11.217933972214398,0.998,2.53,2181.0,-0.0005256124078654167,0.0060282382522860445
3.0083395455940964,-1.005173624425276,11.223962210466684,0.998,2.5294285714285714,2182.0,-0.0005256124078654167,0.0060282382522860445
3.007813933186231,-1.0052383763253112,11.22999044871897,0.998,2.5288571428571425,2183.0,-0.0005256124078654167,0.0060282382522860445
3.0072883207783656,-1.0053031282253466,11.236018686971256,0.998,2.528285714285714,2184.0,-0.0005256124078654167,0.0060282382522860445
3.0067627083704997,-1.0053678801253818,11.242046925223544,0.998,2.5277142857142856,2185.0,-0.0005256124078658608,0.006028238252287821
3.0062370959626343,-1.0054326320254172,11.24807516347583,0.998,2.527142857142857,2186.0,-0.0005256124078654167,0.0060282382522860445
3.005711483554769,-1.0054973839254524,11.254103401728116,0.998,2.5265714285714282,2187.0,-0.0005256124078654167,0.0060282382522860445
3.0051858711469035,-1.0055621358254878,11.260131639980402,0.998,2.526,2188.0,-0.0005256124078654167,0.0060282382522860445
3.004645217787883,-1.0055616537041914,11.261730959612892,0.998,2.5255714285714284,2189.0,-0.0005406533590206486,0.0015993196324899372
3.0041045644288618,-1.005561171582895,11.263330279245382,0.998,2.525142857142857,2190.0,-0.0005406533590210927,0.0015993196324899372
3.003563911069841,-1.0055606894615983,11.264929598877872,0.998,2.5247142857142855,2191.0,-0.0005406533590206486,0.0015993196324899372
3.0030232577108205,-1.0055602073403018,11.266528918510362,0.998,2.524285714285714,2192.0,-0.0005406533590206486,0.0015993196324899372
3.0024826043517994,-1.0055597252190054,11.268128238142852,0.998,2.5238571428571426,2193.0,-0.0005406533590210927,0.0015993196324899372
3.0019419509927787,-1.005559243097709,11.269727557775342,0.998,2.523428571428571,2194.0,-0.0005406533590206486,0.0015993196324899372
3.0014012976337576,-1.0055587609764123,11.271326877407832,0.998,2.5229999999999997,2195.0,-0.0005406533590210927,0.0015993196324899372
3.000860644274737,-1.0055582788551158,11.272926197040324,0.998,2.5225714285714287,2196.0,-0.0005406533590206486,0.0015993196324917136
3.0003199909157163,-1.0055577967338194,11.274525516672814,0.998,2.5221428571428572,2197.0,-0.0005406533590206486,0.0015993196324899372
2.9997793375566952,-1.005557314612523,11.276124836305303,0.998,2.521714285714286,2198.0,-0.0005406533590210927,0.0015993196324899372
2.9992386841976746,-1.0055568324912265,11.277724155937793,0.998,2.5212857142857144,2199.0,-0.0005406533590206486,0.0015993196324899372
2.998698030838654,-1.0055563503699299,11.279323475570283,0.998,2.520857142857143,2200.0,-0.0005406533590206486,0.0015993196324899372
2.998157377479633,-1.0055558682486334,11.280922795202773,0.998,2.5204285714285715,2201.0,-0.0005406533590210927,0.0015993196324899372
2.997616724120612,-1.005555386127337,11.282522114835263,0.998,2.52,2202.0,-0.0005406533590206486,0.0015993196324899372
2.9970680244979615,-1.0054973183358669,11.290123904567066,0.9979857142857143,2.5194285714285716,2203.0,-0.0005486996226506946,0.0076017897318028105
2.9965193248753104,-1.0054392505443968,11.297725694298867,0.9979714285714286,2.5188571428571427,2204.0,-0.0005486996226511387,0.007601789731801034
2.9959706252526592,-1.0053811827529266,11.30532748403067,0.9979571428571429,2.5182857142857142,2205.0,-0.0005486996226511387,0.0076017897318028105
2.9954219256300085,-1.0053231149614565,11.312929273762471,0.9979428571428571,2.517714285714286,2206.0,-0.0005486996226506946,0.007601789731801034
2.994873226007358,-1.0052650471699864,11.320531063494274,0.9979285714285714,2.5171428571428573,2207.0,-0.0005486996226506946,0.0076017897318028105
2.9943245263847067,-1.0052069793785163,11.328132853226075,0.9979142857142858,2.5165714285714285,2208.0,-0.0005486996226511387,0.007601789731801034
2.9937758267620556,-1.005148911587046,11.335734642957878,0.9979,2.516,2209.0,-0.0005486996226511387,0.0076017897318028105
2.993227127139405,-1.005090843795576,11.34333643268968,0.9978857142857143,2.5154285714285716,2210.0,-0.0005486996226506946,0.0076017897318028105
2.992678427516754,-1.0050327760041058,11.350938222421481,0.9978714285714286,2.5148571428571427,2211.0,-0.0005486996226506946,0.007601789731801034
2.992129727894103,-1.0049747082126357,11.358540012153284,0.9978571428571429,2.5142857142857142,2212.0,-0.0005486996226511387,0.0076017897318028105
2.991581028271452,-1.0049166404211656,11.366141801885085,0.9978428571428571,2.513714285714286,2213.0,-0.0005486996226511387,0.007601789731801034
2.991032328648801,-1.0048585726296955,11.373743591616888,0.9978285714285714,2.5131428571428573,2214.0,-0.0005486996226506946,0.0076017897318028105
2.9904836290261505,-1.0048005048382254,11.38134538134869,0.9978142857142858,2.5125714285714285,2215.0,-0.0005486996226506946,0.007601789731801034
2.9899349294034994,-1.0047424370467553,11.388947171080492,0.9978,2.512,2216.0,-0.0005486996226511387,0.0076017897318028105
2.989375436486977,-1.0048079457099417,11.393903318499353,0.9978142857142858,2.5114285714285716,2217.0,-0.0005594929165222418,0.004956147418861079
2.988815943570455,-1.0048734543731284,11.398859465918216,0.9978285714285714,2.5108571428571427,2218.0,-0.0005594929165222418,0.004956147418862855
2.9882564506539326,-1.0049389630363148,11.403815613337077,0.9978428571428571,2.5102857142857142,2219.0,-0.0005594929165222418,0.004956147418861079
2.9876969577374104,-1.0050044716995012,11.408771760755938,0.9978571428571429,2.509714285714286,2220.0,-0.0005594929165222418,0.004956147418861079
2.987137464820888,-1.005069980362688,11.4137279081748,0.9978714285714286,2.5091428571428573,2221.0,-0.0005594929165222418,0.004956147418862855
2.986577971904366,-1.0051354890258744,11.418684055593662,0.9978857142857143,2.5085714285714285,2222.0,-0.0005594929165222418,0.004956147418861079
2.986018478987844,-1.0052009976890608,11.423640203012523,0.9979,2.508,2223.0,-0.0005594929165217977,0.004956147418861079
2.985458986071322,-1.0052665063522475,11.428596350431386,0.9979142857142858,2.5074285714285716,2224.0,-0.0005594929165222418,0.004956147418862855
2.9848994931547996,-1.005332015015434,11.433552497850247,0.9979285714285714,2.5068571428571427,2225.0,-0.0005594929165222418,0.004956147418861079
2.9843400002382774,-1.0053975236786206,11.43850864526911,0.9979428571428571,2.5062857142857142,2226.0,-0.0005594929165222418,0.004956147418862855
2.983780507321755,-1.005463032341807,11.443464792687971,0.9979571428571429,2.505714285714286,2227.0,-0.0005594929165222418,0.004956147418861079
2.983221014405233,-1.0055285410049934,11.448420940106832,0.9979714285714286,2.5051428571428573,2228.0,-0.0005594929165222418,0.004956147418861079
2.9826615214887107,-1.0055940496681801,11.453377087525695,0.9979857142857143,2.5045714285714284,2229.0,-0.0005594929165222418,0.004956147418862855
2.9821020285721884,-1.0056595583313666,11.458333234944556,0.998,2.504,2230.0,-0.0005594929165222418,0.004956147418861079
2.9814959723007513,-1.0056835516114386,11.462751470986088,0.998,2.5033846153846153,2231.0,-0.000606056271437172,0.004418236041532353
2.980889916029314,-1.005707544891511,11.46716970702762,0.998,2.5027692307692306,2232.0,-0.000606056271437172,0.004418236041532353
2.9802838597578765,-1.005731538171583,11.471587943069153,0.998,2.502153846153846,2233.0,-0.0006060562714376161,0.004418236041532353
2.9796778034864393,-1.0057555314516553,11.476006179110687,0.998,2.5015384615384617,2234.0,-0.000606056271437172,0.004418236041534129
2.979071747215002,-1.0057795247317274,11.48042441515222,0.998,2.500923076923077,2235.0,-0.000606056271437172,0.004418236041532353
2.978465690943565,-1.0058035180117997,11.484842651193752,0.998,2.5003076923076923,2236.0,-0.000606056271437172,0.004418236041532353
2.9778596346721273,-1.0058275112918718,11.489260887235284,0.998,2.4996923076923077,2237.0,-0.0006060562714376161,0.004418236041532353
2.97725357840069,-1.005851504571944,11.493679123276817,0.998,2.499076923076923,2238.0,-0.000606056271437172,0.004418236041532353
2.976647522129253,-1.0058754978520161,11.498097359318349,0.998,2.4984615384615383,2239.0,-0.000606056271437172,0.004418236041532353
2.976041465857816,-1.0058994911320884,11.502515595359883,0.998,2.497846153846154,2240.0,-0.000606056271437172,0.004418236041534129
2.975435409586378,-1.0059234844121605,11.506933831401415,0.998,2.4972307692307694,2241.0,-0.0006060562714376161,0.004418236041532353
2.974829353314941,-1.0059474776922328,11.511352067442948,0.998,2.4966153846153847,2242.0,-0.000606056271437172,0.004418236041532353
2.974223297043504,-1.0059714709723049,11.51577030348448,0.998,2.496,2243.0,-0.000606056271437172,0.004418236041532353
2.9736470295033044,-1.0059112013850267,11.517995006435793,0.998,2.4954285714285716,2244.0,-0.0005762675401994599,0.002224702951313162
2.9730707619631045,-1.0058509317977482,11.520219709387106,0.998,2.4948571428571427,2245.0,-0.000576267540199904,0.002224702951313162
2.972494494422905,-1.00579066221047,11.52244441233842,0.998,2.494285714285714,2246.0,-0.0005762675401994599,0.002224702951313162
2.971918226882705,-1.0057303926231917,11.524669115289731,0.998,2.4937142857142858,2247.0,-0.000576267540199904,0.002224702951311386
2.9713419593425057,-1.0056701230359133,11.526893818241044,0.998,2.4931428571428573,2248.0,-0.0005762675401994599,0.002224702951313162
2.9707656918023058,-1.005609853448635,11.529118521192357,0.998,2.4925714285714284,2249.0,-0.000576267540199904,0.002224702951313162
2.9701894242621063,-1.0055495838613566,11.53134322414367,0.998,2.492,2250.0,-0.0005762675401994599,0.002224702951313162
2.969613156721907,-1.0054893142740784,11.533567927094984,0.998,2.4914285714285715,2251.0,-0.0005762675401994599,0.002224702951313162
2.969036889181707,-1.0054290446868002,11.535792630046297,0.998,2.4908571428571427,2252.0,-0.000576267540199904,0.002224702951313162
2.9684606216415075,-1.0053687750995217,11.53801733299761,0.998,2.490285714285714,2253.0,-0.0005762675401994599,0.002224702951313162
2.9678843541013076,-1.0053085055122435,11.540242035948921,0.998,2.4897142857142858,2254.0,-0.000576267540199904,0.002224702951311386
2.967308086561108,-1.0052482359249653,11.542466738900234,0.998,2.4891428571428573,2255.0,-0.0005762675401994599,0.002224702951313162
2.966731819020908,-1.0051879663376868,11.544691441851548,0.998,2.4885714285714284,2256.0,-0.000576267540199904,0.002224702951313162
2.9661555514807088,-1.0051276967504086,11.54691614480286,0.998,2.488,2257.0,-0.0005762675401994599,0.002224702951313162
2.965557828721435,-1.005203139906703,11.553454456894597,0.998,2.4874285714285715,2258.0,-0.0005977227592737222,0.006538312091736387
2.9649601059621618,-1.0052785830629976,11.559992768986334,0.998,2.4868571428571427,2259.0,-0.0005977227592732781,0.006538312091736387
2.964362383202888,-1.0053540262192922,11.56653108107807,0.998,2.486285714285714,2260.0,-0.0005977227592737222,0.006538312091736387
2.9637646604436148,-1.0054294693755865,11.573069393169806,0.998,2.4857142857142858,2261.0,-0.0005977227592732781,0.006538312091736387
2.963166937684341,-1.005504912531881,11.579607705261543,0.998,2.4851428571428573,2262.0,-0.0005977227592737222,0.006538312091736387
2.9625692149250678,-1.0055803556881755,11.586146017353279,0.998,2.4845714285714284,2263.0,-0.0005977227592732781,0.006538312091736387
2.961971492165794,-1.00565579884447,11.592684329445015,0.998,2.484,2264.0,-0.0005977227592737222,0.006538312091736387
2.9613737694065203,-1.0057312420007645,11.599222641536752,0.998,2.4834285714285715,2265.0,-0.0005977227592737222,0.006538312091736387
2.960776046647247,-1.0058066851570588,11.605760953628488,0.998,2.4828571428571427,2266.0,-0.0005977227592732781,0.006538312091736387
2.9601783238879733,-1.0058821283133534,11.612299265720225,0.998,2.482285714285714,2267.0,-0.0005977227592737222,0.006538312091736387
2.9595806011287,-1.005957571469648,11.618837577811961,0.998,2.4817142857142858,2268.0,-0.0005977227592732781,0.006538312091736387
2.9589828783694263,-1.0060330146259424,11.625375889903697,0.998,2.4811428571428573,2269.0,-0.0005977227592737222,0.006538312091736387
2.958385155610153,-1.0061084577822368,11.631914201995434,0.998,2.4805714285714284,2270.0,-0.0005977227592732781,0.006538312091736387
2.9577874328508793,-1.0061839009385314,11.63845251408717,0.998,2.48,2271.0,-0.0005977227592737222,0.006538312091736387
2.957171381805106,-1.006163172569506,11.641414061483827,0.998,2.479357142857143,2272.0,-0.0006160510457733359,0.002961547396656883
2.956555330759333,-1.0061424442004803,11.644375608880482,0.998,2.4787142857142856,2273.0,-0.0006160510457728918,0.0029615473966551065
2.9559392797135597,-1.0061217158314548,11.647337156277139,0.998,2.4780714285714285,2274.0,-0.0006160510457733359,0.002961547396656883
2.9553232286677864,-1.0061009874624294,11.650298703673796,0.998,2.4774285714285713,2275.0,-0.0006160510457733359,0.002961547396656883
2.954707177622013,-1.0060802590934037,11.653260251070453,0.998,2.476785714285714,2276.0,-0.0006160510457733359,0.002961547396656883
2.95409112657624,-1.0060595307243783,11.656221798467108,0.998,2.476142857142857,2277.0,-0.0006160510457728918,0.0029615473966551065
2.953475075530467,-1.0060388023553526,11.659183345863765,0.998,2.4755000000000003,2278.0,-0.0006160510457733359,0.002961547396656883
2.9528590244846935,-1.0060180739863271,11.662144893260422,0.998,2.474857142857143,2279.0,-0.0006160510457733359,0.002961547396656883
2.9522429734389206,-1.0059973456173017,11.665106440657077,0.998,2.474214285714286,2280.0,-0.0006160510457728918,0.0029615473966551065
2.9516269223931473,-1.005976617248276,11.668067988053734,0.998,2.4735714285714288,2281.0,-0.0006160510457733359,0.002961547396656883
2.951010871347374,-1.0059558888792506,11.67102953545039,0.998,2.4729285714285716,2282.0,-0.0006160510457733359,0.002961547396656883
2.9503948203016006,-1.0059351605102251,11.673991082847047,0.998,2.4722857142857144,2283.0,-0.0006160510457733359,0.002961547396656883
2.9497787692558277,-1.0059144321411995,11.676952630243703,0.998,2.4716428571428573,2284.0,-0.0006160510457728918,0.0029615473966551065
2.9491627182100544,-1.005893703772174,11.67991417764036,0.998,2.471,2285.0,-0.0006160510457733359,0.002961547396656883
2.948539056421819,-1.0059845316167648,11.685368882157107,0.998,2.470357142857143,2286.0,-0.0006236617882353634,0.005454704516747455
2.9479153946335837,-1.0060753594613556,11.690823586673854,0.998,2.4697142857142858,2287.0,-0.0006236617882353634,0.005454704516747455
2.947291732845348,-1.0061661873059466,11.696278291190602,0.998,2.4690714285714286,2288.0,-0.0006236617882358075,0.005454704516747455
2.9466680710571125,-1.0062570151505374,11.701732995707351,0.998,2.4684285714285714,2289.0,-0.0006236617882353634,0.005454704516749231
2.946044409268877,-1.0063478429951283,11.707187700224098,0.998,2.4677857142857142,2290.0,-0.0006236617882353634,0.005454704516747455
2.9454207474806418,-1.006438670839719,11.712642404740846,0.998,2.467142857142857,2291.0,-0.0006236617882353634,0.005454704516747455
2.944797085692406,-1.00652949868431,11.718097109257593,0.998,2.4665000000000004,2292.0,-0.0006236617882358075,0.005454704516747455
2.9441734239041706,-1.0066203265289009,11.72355181377434,0.998,2.465857142857143,2293.0,-0.0006236617882353634,0.005454704516747455
2.943549762115935,-1.0067111543734917,11.729006518291088,0.998,2.465214285714286,2294.0,-0.0006236617882353634,0.005454704516747455
2.9429261003277,-1.0068019822180825,11.734461222807836,0.998,2.464571428571429,2295.0,-0.0006236617882353634,0.005454704516747455
2.9423024385394645,-1.0068928100626733,11.739915927324585,0.998,2.4639285714285717,2296.0,-0.0006236617882353634,0.005454704516749231
2.9416787767512287,-1.0069836379072643,11.745370631841332,0.998,2.4632857142857145,2297.0,-0.0006236617882358075,0.005454704516747455
2.9410551149629933,-1.007074465751855,11.75082533635808,0.998,2.4626428571428574,2298.0,-0.0006236617882353634,0.005454704516747455
2.940431453174758,-1.007165293596446,11.756280040874827,0.998,2.462,2299.0,-0.0006236617882353634,0.005454704516747455
2.9397857038249295,-1.0070339886314055,11.761688683024762,0.998,2.4614285714285717,2300.0,-0.0006457493498284173,0.005408642149934195
2.939139954475101,-1.006902683666365,11.767097325174694,0.998,2.460857142857143,2301.0,-0.0006457493498284173,0.005408642149932419
2.938494205125273,-1.0067713787013246,11.772505967324628,0.998,2.4602857142857144,2302.0,-0.0006457493498279732,0.005408642149934195
2.9378484557754447,-1.006640073736284,11.77791460947456,0.998,2.459714285714286,2303.0,-0.0006457493498284173,0.005408642149932419
2.9372027064256163,-1.0065087687712435,11.783323251624495,0.998,2.4591428571428575,2304.0,-0.0006457493498284173,0.005408642149934195
2.936556957075788,-1.006377463806203,11.788731893774427,0.998,2.4585714285714286,2305.0,-0.0006457493498284173,0.005408642149932419
2.93591120772596,-1.0062461588411626,11.794140535924361,0.998,2.458,2306.0,-0.0006457493498279732,0.005408642149934195
2.9352654583761315,-1.0061148538761222,11.799549178074296,0.998,2.4574285714285717,2307.0,-0.0006457493498284173,0.005408642149934195
2.934619709026303,-1.0059835489110818,11.804957820224228,0.998,2.456857142857143,2308.0,-0.0006457493498284173,0.005408642149932419
2.9339739596764747,-1.0058522439460413,11.810366462374162,0.998,2.4562857142857144,2309.0,-0.0006457493498284173,0.005408642149934195
2.9333282103266463,-1.0057209389810007,11.815775104524095,0.998,2.455714285714286,2310.0,-0.0006457493498284173,0.005408642149932419
2.9326824609768183,-1.0055896340159602,11.821183746674029,0.998,2.4551428571428575,2311.0,-0.0006457493498279732,0.005408642149934195
2.93203671162699,-1.0054583290509198,11.826592388823961,0.998,2.4545714285714286,2312.0,-0.0006457493498284173,0.005408642149932419
2.9313909622771614,-1.0053270240858794,11.832001030973895,0.998,2.454,2313.0,-0.0006457493498284173,0.005408642149934195
2.930741847741501,-1.005334680011299,11.838340052811931,0.998,2.4532857142857143,2314.0,-0.0006491145356606332,0.006339021838035919
2.9300927332058397,-1.0053423359367186,11.844679074649967,0.998,2.452571428571429,2315.0,-0.0006491145356610772,0.006339021838035919
2.929443618670179,-1.0053499918621382,11.851018096488003,0.998,2.451857142857143,2316.0,-0.0006491145356606332,0.006339021838035919
2.9287945041345185,-1.0053576477875577,11.857357118326041,0.998,2.451142857142857,2317.0,-0.0006491145356606332,0.006339021838037695
2.9281453895988574,-1.0053653037129773,11.863696140164077,0.998,2.4504285714285716,2318.0,-0.0006491145356610772,0.006339021838035919
2.9274962750631968,-1.005372959638397,11.870035162002113,0.998,2.4497142857142857,2319.0,-0.0006491145356606332,0.006339021838035919
2.9268471605275357,-1.0053806155638165,11.876374183840149,0.998,2.4490000000000003,2320.0,-0.0006491145356610772,0.006339021838035919
2.926198045991875,-1.0053882714892362,11.882713205678185,0.998,2.4482857142857144,2321.0,-0.0006491145356606332,0.006339021838035919
2.9255489314562144,-1.0053959274146558,11.88905222751622,0.998,2.4475714285714285,2322.0,-0.0006491145356606332,0.006339021838035919
2.9248998169205533,-1.0054035833400754,11.895391249354256,0.998,2.446857142857143,2323.0,-0.0006491145356610772,0.006339021838035919
2.9242507023848927,-1.0054112392654948,11.901730271192294,0.998,2.446142857142857,2324.0,-0.0006491145356606332,0.006339021838037695
2.923601587849232,-1.0054188951909144,11.90806929303033,0.998,2.4454285714285713,2325.0,-0.0006491145356606332,0.006339021838035919
2.922952473313571,-1.005426551116334,11.914408314868366,0.998,2.444714285714286,2326.0,-0.0006491145356610772,0.006339021838035919
2.9223033587779104,-1.0054342070417537,11.920747336706402,0.998,2.444,2327.0,-0.0006491145356606332,0.006339021838035919
2.9215807130993454,-1.00532333715877,11.926962095252303,0.998,2.4433076923076924,2328.0,-0.0007226456785649482,0.006214758545901589
2.92085806742078,-1.0052124672757863,11.933176853798203,0.998,2.4426153846153844,2329.0,-0.0007226456785653923,0.006214758545899812
2.920135421742215,-1.0051015973928024,11.939391612344105,0.998,2.441923076923077,2330.0,-0.0007226456785649482,0.006214758545901589
2.9194127760636497,-1.0049907275098187,11.945606370890005,0.998,2.4412307692307693,2331.0,-0.0007226456785653923,0.006214758545899812
2.9186901303850847,-1.004879857626835,11.951821129435906,0.998,2.4405384615384613,2332.0,-0.0007226456785649482,0.006214758545901589
2.91796748470652,-1.0047689877438513,11.958035887981806,0.998,2.4398461538461538,2333.0,-0.0007226456785649482,0.006214758545899812
2.9172448390279544,-1.0046581178608673,11.964250646527708,0.998,2.4391538461538462,2334.0,-0.0007226456785653923,0.006214758545901589
2.9165221933493894,-1.0045472479778836,11.970465405073607,0.998,2.4384615384615387,2335.0,-0.0007226456785649482,0.006214758545899812
2.9157995476708245,-1.0044363780949,11.976680163619509,0.998,2.4377692307692307,2336.0,-0.0007226456785649482,0.006214758545901589
2.915076901992259,-1.0043255082119162,11.982894922165409,0.998,2.437076923076923,2337.0,-0.0007226456785653923,0.006214758545899812
2.914354256313694,-1.0042146383289323,11.98910968071131,0.998,2.4363846153846156,2338.0,-0.0007226456785649482,0.006214758545901589
2.9136316106351288,-1.0041037684459486,11.99532443925721,0.998,2.4356923076923076,2339.0,-0.0007226456785653923,0.006214758545899812
2.912908964956564,-1.003992898562965,12.001539197803112,0.998,2.435,2340.0,-0.0007226456785649482,0.006214758545901589
2.912224344361898,-1.004155902523393,12.003955638072915,0.998,2.434357142857143,2341.0,-0.0006846205946660078,0.002416440269803033
2.911539723767232,-1.0043189064838212,12.00637207834272,0.998,2.4337142857142857,2342.0,-0.0006846205946660078,0.0024164402698048093
2.9108551031725654,-1.0044819104442493,12.008788518612523,0.998,2.4330714285714286,2343.0,-0.0006846205946664519,0.002416440269803033
2.9101704825778993,-1.0046449144046774,12.011204958882326,0.998,2.4324285714285714,2344.0,-0.0006846205946660078,0.002416440269803033
2.9094858619832333,-1.0048079183651055,12.01362139915213,0.998,2.431785714285714,2345.0,-0.0006846205946660078,0.0024164402698048093
2.9088012413885673,-1.0049709223255336,12.016037839421934,0.998,2.431142857142857,2346.0,-0.0006846205946660078,0.002416440269803033
2.908116620793901,-1.0051339262859618,12.018454279691738,0.998,2.4305000000000003,2347.0,-0.0006846205946664519,0.0024164402698048093
2.907432000199235,-1.00529693024639,12.020870719961541,0.998,2.429857142857143,2348.0,-0.0006846205946660078,0.002416440269803033
2.906747379604569,-1.0054599342068182,12.023287160231344,0.998,2.429214285714286,2349.0,-0.0006846205946660078,0.002416440269803033
2.906062759009903,-1.0056229381672463,12.02570360050115,0.998,2.428571428571429,2350.0,-0.0006846205946660078,0.0024164402698048093
2.905378138415237,-1.0057859421276745,12.028120040770952,0.998,2.4279285714285717,2351.0,-0.0006846205946660078,0.002416440269803033
2.9046935178205704,-1.0059489460881026,12.030536481040755,0.998,2.4272857142857145,2352.0,-0.0006846205946664519,0.002416440269803033
2.9040088972259044,-1.0061119500485307,12.03295292131056,0.998,2.4266428571428573,2353.0,-0.0006846205946660078,0.0024164402698048093
2.9033242766312384,-1.0062749540089588,12.035369361580363,0.998,2.426,2354.0,-0.0006846205946660078,0.002416440269803033
2.902622151226413,-1.0063229881770333,12.043602502607785,0.998,2.4252857142857143,2355.0,-0.0007021254048251713,0.008233141027421453
2.901920025821588,-1.0063710223451077,12.051835643635206,0.998,2.424571428571429,2356.0,-0.0007021254048251713,0.008233141027421453
2.901217900416763,-1.006419056513182,12.060068784662628,0.998,2.423857142857143,2357.0,-0.0007021254048251713,0.008233141027421453
2.9005157750119372,-1.0064670906812565,12.068301925690049,0.998,2.423142857142857,2358.0,-0.0007021254048256154,0.008233141027421453
2.899813649607112,-1.006515124849331,12.07653506671747,0.998,2.4224285714285716,2359.0,-0.0007021254048251713,0.008233141027421453
2.899111524202287,-1.0065631590174053,12.084768207744892,0.998,2.4217142857142857,2360.0,-0.0007021254048251713,0.008233141027421453
2.8984093987974617,-1.00661119318548,12.093001348772313,0.998,2.4210000000000003,2361.0,-0.0007021254048251713,0.008233141027421453
2.8977072733926366,-1.0066592273535544,12.101234489799735,0.998,2.4202857142857144,2362.0,-0.0007021254048251713,0.008233141027421453
2.8970051479878114,-1.0067072615216288,12.109467630827156,0.998,2.4195714285714285,2363.0,-0.0007021254048251713,0.008233141027421453
2.896303022582986,-1.0067552956897032,12.117700771854578,0.998,2.418857142857143,2364.0,-0.0007021254048251713,0.008233141027421453
2.8956008971781606,-1.0068033298577777,12.125933912882,0.998,2.418142857142857,2365.0,-0.0007021254048256154,0.008233141027421453
2.8948987717733354,-1.006851364025852,12.13416705390942,0.998,2.4174285714285713,2366.0,-0.0007021254048251713,0.008233141027421453
2.8941966463685103,-1.0068993981939265,12.142400194936842,0.998,2.416714285714286,2367.0,-0.0007021254048251713,0.008233141027421453
2.893494520963685,-1.006947432362001,12.150633335964264,0.998,2.416,2368.0,-0.0007021254048251713,0.008233141027421453
2.892777398328557,-1.006878880107976,12.1548370279396,0.998,2.415285714285714,2369.0,-0.0007171226351281312,0.004203691975336099
2.892060275693429,-1.006810327853951,12.159040719914938,0.998,2.4145714285714286,2370.0,-0.0007171226351281312,0.004203691975337875
2.891343153058301,-1.0067417755999262,12.163244411890274,0.998,2.4138571428571427,2371.0,-0.0007171226351276871,0.004203691975336099
2.890626030423173,-1.0066732233459013,12.167448103865611,0.998,2.4131428571428573,2372.0,-0.0007171226351281312,0.004203691975337875
2.889908907788045,-1.0066046710918763,12.171651795840948,0.998,2.4124285714285714,2373.0,-0.0007171226351281312,0.004203691975336099
2.8891917851529167,-1.0065361188378514,12.175855487816285,0.998,2.411714285714286,2374.0,-0.0007171226351281312,0.004203691975337875
2.888474662517789,-1.0064675665838265,12.180059179791622,0.998,2.411,2375.0,-0.0007171226351276871,0.004203691975336099
2.887757539882661,-1.0063990143298014,12.184262871766958,0.998,2.410285714285714,2376.0,-0.0007171226351281312,0.004203691975336099
2.887040417247533,-1.0063304620757765,12.188466563742296,0.998,2.4095714285714287,2377.0,-0.0007171226351281312,0.004203691975337875
2.8863232946124047,-1.0062619098217516,12.192670255717632,0.998,2.408857142857143,2378.0,-0.0007171226351281312,0.004203691975336099
2.8856061719772765,-1.0061933575677267,12.19687394769297,0.998,2.4081428571428574,2379.0,-0.0007171226351281312,0.004203691975337875
2.884889049342149,-1.0061248053137017,12.201077639668306,0.998,2.4074285714285715,2380.0,-0.0007171226351276871,0.004203691975336099
2.8841719267070207,-1.0060562530596768,12.205281331643643,0.998,2.406714285714286,2381.0,-0.0007171226351281312,0.004203691975337875
2.8834548040718926,-1.005987700805652,12.20948502361898,0.998,2.406,2382.0,-0.0007171226351281312,0.004203691975336099
2.882718692875505,-1.0058374662145644,12.214332521513143,0.998,2.4052857142857142,2383.0,-0.0007361111963875011,0.004847497894163055
2.881982581679118,-1.0056872316234768,12.219180019407304,0.998,2.404571428571429,2384.0,-0.000736111196387057,0.004847497894161279
2.881246470482731,-1.0055369970323893,12.224027517301467,0.998,2.403857142857143,2385.0,-0.000736111196387057,0.004847497894163055
2.8805103592863435,-1.0053867624413015,12.22887501519563,0.998,2.403142857142857,2386.0,-0.0007361111963875011,0.004847497894163055
2.879774248089956,-1.005236527850214,12.233722513089793,0.998,2.4024285714285716,2387.0,-0.0007361111963875011,0.004847497894163055
2.879038136893569,-1.0050862932591265,12.238570010983954,0.998,2.4017142857142857,2388.0,-0.000736111196387057,0.004847497894161279
2.878302025697182,-1.004936058668039,12.243417508878117,0.998,2.4010000000000002,2389.0,-0.000736111196387057,0.004847497894163055
2.8775659145007944,-1.0047858240769514,12.24826500677228,0.998,2.4002857142857144,2390.0,-0.0007361111963875011,0.004847497894163055
2.876829803304407,-1.0046355894858638,12.253112504666442,0.998,2.3995714285714285,2391.0,-0.0007361111963875011,0.004847497894161279
2.87609369210802,-1.0044853548947763,12.257960002560605,0.998,2.398857142857143,2392.0,-0.000736111196387057,0.004847497894163055
2.8753575809116327,-1.0043351203036885,12.262807500454768,0.998,2.398142857142857,2393.0,-0.000736111196387057,0.004847497894163055
2.8746214697152452,-1.004184885712601,12.267654998348931,0.998,2.3974285714285712,2394.0,-0.0007361111963875011,0.004847497894163055
2.8738853585188577,-1.0040346511215135,12.272502496243092,0.998,2.396714285714286,2395.0,-0.0007361111963875011,0.004847497894161279
2.8731492473224707,-1.003884416530426,12.277349994137255,0.998,2.396,2396.0,-0.000736111196387057,0.004847497894163055
2.872399306381005,-1.0040785114228399,12.285172975499252,0.998,2.3952142857142857,2397.0,-0.0007499409414655211,0.007822981361996995
2.871649365439539,-1.0042726063152538,12.29299595686125,0.998,2.394428571428571,2398.0,-0.0007499409414659652,0.007822981361996995
2.8708994244980737,-1.004466701207668,12.300818938223246,0.998,2.393642857142857,2399.0,-0.0007499409414655211,0.007822981361996995
2.870149483556608,-1.004660796100082,12.308641919585243,0.998,2.392857142857143,2400.0,-0.0007499409414655211,0.007822981361996995
2.8693995426151426,-1.004854890992496,12.31646490094724,0.998,2.3920714285714286,2401.0,-0.0007499409414655211,0.007822981361996995
2.8686496016736767,-1.0050489858849099,12.324287882309237,0.998,2.391285714285714,2402.0,-0.0007499409414659652,0.007822981361996995
2.867899660732211,-1.0052430807773238,12.332110863671234,0.998,2.3905,2403.0,-0.0007499409414655211,0.007822981361996995
2.8671497197907456,-1.005437175669738,12.33993384503323,0.998,2.3897142857142857,2404.0,-0.0007499409414655211,0.007822981361995218
2.8663997788492797,-1.005631270562152,12.347756826395226,0.998,2.388928571428571,2405.0,-0.0007499409414659652,0.007822981361996995
2.865649837907814,-1.005825365454566,12.355579807757223,0.998,2.388142857142857,2406.0,-0.0007499409414655211,0.007822981361996995
2.8648998969663486,-1.0060194603469799,12.36340278911922,0.998,2.3873571428571427,2407.0,-0.0007499409414655211,0.007822981361996995
2.864149956024883,-1.006213555239394,12.371225770481217,0.998,2.3865714285714286,2408.0,-0.0007499409414655211,0.007822981361996995
2.863400015083417,-1.006407650131808,12.379048751843214,0.998,2.385785714285714,2409.0,-0.0007499409414659652,0.007822981361996995
2.8626500741419516,-1.006601745024222,12.386871733205211,0.998,2.385,2410.0,-0.0007499409414655211,0.007822981361996995
2.8618703749634613,-1.0065560124751514,12.388506876556717,0.998,2.3842142857142856,2411.0,-0.0007796991784903007,0.0016351433515051639
2.8610906757849706,-1.006510279926081,12.39014201990822,0.998,2.3834285714285715,2412.0,-0.0007796991784907448,0.0016351433515033875
2.8603109766064803,-1.0064645473770104,12.391777163259725,0.998,2.382642857142857,2413.0,-0.0007796991784903007,0.0016351433515051639
2.8595312774279895,-1.0064188148279398,12.39341230661123,0.998,2.3818571428571427,2414.0,-0.0007796991784907448,0.0016351433515051639
2.858751578249499,-1.0063730822788692,12.395047449962735,0.998,2.3810714285714285,2415.0,-0.0007796991784903007,0.0016351433515051639
2.8579718790710085,-1.0063273497297989,12.396682593314239,0.998,2.3802857142857143,2416.0,-0.0007796991784907448,0.0016351433515033875
2.857192179892518,-1.0062816171807283,12.398317736665744,0.998,2.3794999999999997,2417.0,-0.0007796991784903007,0.0016351433515051639
2.856412480714028,-1.0062358846316577,12.39995288001725,0.998,2.3787142857142856,2418.0,-0.0007796991784903007,0.0016351433515051639
2.855632781535537,-1.0061901520825873,12.401588023368753,0.998,2.3779285714285714,2419.0,-0.0007796991784907448,0.0016351433515033875
2.854853082357047,-1.0061444195335167,12.403223166720258,0.998,2.3771428571428572,2420.0,-0.0007796991784903007,0.0016351433515051639
2.854073383178556,-1.0060986869844462,12.404858310071763,0.998,2.376357142857143,2421.0,-0.0007796991784907448,0.0016351433515051639
2.8532936840000658,-1.0060529544353756,12.406493453423268,0.998,2.3755714285714284,2422.0,-0.0007796991784903007,0.0016351433515051639
2.852513984821575,-1.0060072218863052,12.408128596774771,0.998,2.3747857142857143,2423.0,-0.0007796991784907448,0.0016351433515033875
2.8517342856430847,-1.0059614893372346,12.409763740126277,0.998,2.374,2424.0,-0.0007796991784903007,0.0016351433515051639
2.8509282558197033,-1.0058820119165068,12.418138035231937,0.998,2.373285714285714,2425.0,-0.0008060298233814045,0.008374295105660678
2.850122225996322,-1.005802534495779,12.4265123303376,0.998,2.3725714285714288,2426.0,-0.0008060298233814045,0.008374295105662455
2.849316196172941,-1.0057230570750513,12.43488662544326,0.998,2.371857142857143,2427.0,-0.0008060298233809604,0.008374295105660678
2.8485101663495596,-1.0056435796543235,12.443260920548923,0.998,2.371142857142857,2428.0,-0.0008060298233814045,0.008374295105662455
2.847704136526178,-1.0055641022335957,12.451635215654584,0.998,2.3704285714285716,2429.0,-0.0008060298233814045,0.008374295105660678
2.8468981067027967,-1.005484624812868,12.460009510760246,0.998,2.3697142857142857,2430.0,-0.0008060298233814045,0.008374295105662455
2.846092076879416,-1.0054051473921402,12.468383805865907,0.998,2.369,2431.0,-0.0008060298233809604,0.008374295105660678
2.8452860470560344,-1.0053256699714124,12.476758100971567,0.998,2.3682857142857143,2432.0,-0.0008060298233814045,0.008374295105660678
2.844480017232653,-1.0052461925506846,12.48513239607723,0.998,2.3675714285714284,2433.0,-0.0008060298233814045,0.008374295105662455
2.8436739874092716,-1.0051667151299568,12.49350669118289,0.998,2.366857142857143,2434.0,-0.0008060298233814045,0.008374295105660678
2.84286795758589,-1.005087237709229,12.501880986288553,0.998,2.366142857142857,2435.0,-0.0008060298233814045,0.008374295105662455
2.842061927762509,-1.0050077602885013,12.510255281394214,0.998,2.365428571428571,2436.0,-0.0008060298233809604,0.008374295105660678
2.841255897939128,-1.0049282828677735,12.518629576499876,0.998,2.3647142857142858,2437.0,-0.0008060298233814045,0.008374295105662455
2.8404498681157464,-1.0048488054470457,12.527003871605537,0.998,2.364,2438.0,-0.0008060298233814045,0.008374295105660678
2.8396001149486256,-1.0049705307705363,12.528906582482048,0.998,2.363076923076923,2439.0,-0.0008497531671207703,0.001902710876510838
2.838750361781505,-1.005092256094027,12.53080929335856,0.998,2.362153846153846,2440.0,-0.0008497531671207703,0.0019027108765126144
2.837900608614384,-1.0052139814175176,12.532712004235071,0.998,2.3612307692307692,2441.0,-0.0008497531671207703,0.001902710876510838
2.8370508554472633,-1.0053357067410083,12.534614715111582,0.998,2.360307692307692,2442.0,-0.0008497531671207703,0.001902710876510838
2.8362011022801425,-1.005457432064499,12.536517425988094,0.998,2.359384615384615,2443.0,-0.0008497531671207703,0.0019027108765126144
2.835351349113022,-1.0055791573879895,12.538420136864605,0.998,2.358461538461538,2444.0,-0.0008497531671207703,0.001902710876510838
2.8345015959459006,-1.00570088271148,12.540322847741116,0.998,2.3575384615384616,2445.0,-0.0008497531671212144,0.001902710876510838
2.83365184277878,-1.0058226080349706,12.542225558617627,0.998,2.3566153846153846,2446.0,-0.0008497531671207703,0.001902710876510838
2.832802089611659,-1.0059443333584612,12.54412826949414,0.998,2.3556923076923075,2447.0,-0.0008497531671207703,0.0019027108765126144
2.8319523364445383,-1.0060660586819519,12.54603098037065,0.998,2.3547692307692305,2448.0,-0.0008497531671207703,0.001902710876510838
2.8311025832774175,-1.0061877840054425,12.547933691247161,0.998,2.353846153846154,2449.0,-0.0008497531671207703,0.001902710876510838
2.8302528301102967,-1.0063095093289331,12.549836402123674,0.998,2.352923076923077,2450.0,-0.0008497531671207703,0.0019027108765126144
2.829403076943176,-1.0064312346524238,12.551739113000185,0.998,2.352,2451.0,-0.0008497531671207703,0.001902710876510838
2.8285710981363685,-1.0063547585612551,12.556285022336432,0.998,2.351142857142857,2452.0,-0.0008319788068074097,0.004545909336247433
2.827739119329561,-1.0062782824700864,12.560830931672678,0.998,2.350285714285714,2453.0,-0.0008319788068074097,0.004545909336245657
2.8269071405227533,-1.0062018063789178,12.565376841008925,0.998,2.349428571428571,2454.0,-0.0008319788068078537,0.004545909336247433
2.826075161715946,-1.006125330287749,12.569922750345173,0.998,2.3485714285714283,2455.0,-0.0008319788068074097,0.004545909336247433
2.8252431829091385,-1.0060488541965804,12.57446865968142,0.998,2.3477142857142854,2456.0,-0.0008319788068074097,0.004545909336247433
2.824411204102331,-1.0059723781054117,12.579014569017666,0.998,2.3468571428571425,2457.0,-0.0008319788068074097,0.004545909336245657
2.823579225295523,-1.005895902014243,12.583560478353913,0.998,2.346,2458.0,-0.0008319788068078537,0.004545909336247433
2.8227472464887158,-1.0058194259230746,12.58810638769016,0.998,2.345142857142857,2459.0,-0.0008319788068074097,0.004545909336247433
2.8219152676819084,-1.005742949831906,12.592652297026406,0.998,2.3442857142857143,2460.0,-0.0008319788068074097,0.004545909336245657
2.821083288875101,-1.0056664737407373,12.597198206362654,0.998,2.3434285714285714,2461.0,-0.0008319788068074097,0.004545909336247433
2.8202513100682935,-1.0055899976495686,12.601744115698901,0.998,2.3425714285714285,2462.0,-0.0008319788068074097,0.004545909336247433
2.8194193312614857,-1.0055135215584,12.606290025035149,0.998,2.3417142857142856,2463.0,-0.0008319788068078537,0.004545909336247433
2.8185873524546783,-1.0054370454672312,12.610835934371394,0.998,2.3408571428571427,2464.0,-0.0008319788068074097,0.004545909336245657
2.817755373647871,-1.0053605693760626,12.615381843707642,0.998,2.34,2465.0,-0.0008319788068074097,0.004545909336247433
2.8169014158177093,-1.0055535099309871,12.617811574530403,0.998,2.3392142857142857,2466.0,-0.0008539578301616224,0.0024297308227616554
2.8160474579875476,-1.0057464504859117,12.620241305353165,0.998,2.3384285714285715,2467.0,-0.0008539578301616224,0.0024297308227616554
2.815193500157386,-1.0059393910408363,12.622671036175927,0.998,2.337642857142857,2468.0,-0.0008539578301616224,0.0024297308227616554
2.8143395423272244,-1.0061323315957609,12.62510076699869,0.998,2.3368571428571427,2469.0,-0.0008539578301616224,0.0024297308227634318
2.8134855844970628,-1.0063252721506855,12.627530497821452,0.998,2.3360714285714286,2470.0,-0.0008539578301616224,0.0024297308227616554
2.812631626666901,-1.00651821270561,12.629960228644213,0.998,2.3352857142857144,2471.0,-0.0008539578301616224,0.0024297308227616554
2.811777668836739,-1.0067111532605346,12.632389959466975,0.998,2.3345,2472.0,-0.0008539578301620665,0.0024297308227616554
2.8109237110065775,-1.006904093815459,12.634819690289737,0.998,2.3337142857142856,2473.0,-0.0008539578301616224,0.0024297308227616554
2.810069753176416,-1.0070970343703836,12.637249421112498,0.998,2.3329285714285715,2474.0,-0.0008539578301616224,0.0024297308227616554
2.809215795346254,-1.0072899749253081,12.63967915193526,0.998,2.3321428571428573,2475.0,-0.0008539578301616224,0.0024297308227616554
2.8083618375160926,-1.0074829154802327,12.642108882758023,0.998,2.331357142857143,2476.0,-0.0008539578301616224,0.0024297308227634318
2.807507879685931,-1.0076758560351573,12.644538613580785,0.998,2.3305714285714285,2477.0,-0.0008539578301616224,0.0024297308227616554
2.8066539218557693,-1.0078687965900819,12.646968344403547,0.998,2.3297857142857143,2478.0,-0.0008539578301616224,0.0024297308227616554
2.8057999640256077,-1.0080617371450065,12.649398075226308,0.998,2.329,2479.0,-0.0008539578301616224,0.0024297308227616554
2.8049218525420168,-1.0080024333941269,12.660664538328172,0.998,2.3281428571428573,2480.0,-0.0008781114835909598,0.011266463101863522
2.804043741058426,-1.007943129643247,12.671931001430037,0.998,2.3272857142857144,2481.0,-0.0008781114835909598,0.011266463101865298
2.803165629574835,-1.0078838258923675,12.6831974645319,0.998,2.3264285714285715,2482.0,-0.0008781114835909598,0.011266463101863522
2.8022875180912434,-1.0078245221414879,12.694463927633766,0.998,2.3255714285714286,2483.0,-0.0008781114835914039,0.011266463101865298
2.8014094066076525,-1.0077652183906083,12.70573039073563,0.998,2.3247142857142857,2484.0,-0.0008781114835909598,0.011266463101863522
2.8005312951240615,-1.0077059146397285,12.716996853837495,0.998,2.323857142857143,2485.0,-0.0008781114835909598,0.011266463101865298
2.7996531836404706,-1.0076466108888489,12.728263316939358,0.998,2.3230000000000004,2486.0,-0.0008781114835909598,0.011266463101863522
2.7987750721568796,-1.0075873071379693,12.739529780041222,0.998,2.3221428571428575,2487.0,-0.0008781114835909598,0.011266463101863522
2.7978969606732886,-1.0075280033870895,12.750796243143087,0.998,2.3212857142857146,2488.0,-0.0008781114835909598,0.011266463101865298
2.7970188491896977,-1.0074686996362099,12.76206270624495,0.998,2.3204285714285717,2489.0,-0.0008781114835909598,0.011266463101863522
2.7961407377061063,-1.0074093958853303,12.773329169346816,0.998,2.319571428571429,2490.0,-0.0008781114835914039,0.011266463101865298
2.7952626262225153,-1.0073500921344507,12.78459563244868,0.998,2.318714285714286,2491.0,-0.0008781114835909598,0.011266463101863522
2.7943845147389244,-1.007290788383571,12.795862095550545,0.998,2.317857142857143,2492.0,-0.0008781114835909598,0.011266463101865298
2.7935064032553334,-1.0072314846326913,12.807128558652408,0.998,2.317,2493.0,-0.0008781114835909598,0.011266463101863522
2.792601177469548,-1.0071573478573932,12.812628157644498,0.998,2.3161428571428573,2494.0,-0.0009052257857855572,0.005499598992090071
2.7916959516837623,-1.0070832110820953,12.81812775663659,0.998,2.3152857142857144,2495.0,-0.0009052257857855572,0.0054995989920918475
2.7907907258979767,-1.0070090743067972,12.82362735562868,0.998,2.3144285714285715,2496.0,-0.0009052257857855572,0.005499598992090071
2.789885500112191,-1.006934937531499,12.82912695462077,0.998,2.3135714285714286,2497.0,-0.0009052257857855572,0.005499598992090071
2.7889802743264056,-1.006860800756201,12.83462655361286,0.998,2.3127142857142857,2498.0,-0.0009052257857855572,0.005499598992090071
2.78807504854062,-1.006786663980903,12.840126152604952,0.998,2.311857142857143,2499.0,-0.0009052257857855572,0.0054995989920918475
2.787169822754835,-1.006712527205605,12.845625751597042,0.998,2.3110000000000004,2500.0,-0.0009052257857851131,0.005499598992090071
2.7862645969690494,-1.006638390430307,12.851125350589133,0.998,2.3101428571428575,2501.0,-0.0009052257857855572,0.005499598992090071
2.785359371183264,-1.006564253655009,12.856624949581224,0.998,2.3092857142857146,2502.0,-0.0009052257857855572,0.0054995989920918475
2.7844541453974783,-1.006490116879711,12.862124548573314,0.998,2.3084285714285717,2503.0,-0.0009052257857855572,0.005499598992090071
2.7835489196116927,-1.0064159801044128,12.867624147565405,0.998,2.307571428571429,2504.0,-0.0009052257857855572,0.005499598992090071
2.782643693825907,-1.0063418433291147,12.873123746557495,0.998,2.306714285714286,2505.0,-0.0009052257857855572,0.005499598992090071
2.7817384680401216,-1.0062677065538168,12.878623345549586,0.998,2.305857142857143,2506.0,-0.0009052257857855572,0.0054995989920918475
2.780833242254336,-1.0061935697785187,12.884122944541677,0.998,2.305,2507.0,-0.0009052257857855572,0.005499598992090071
2.7799176288390366,-1.006524843013683,12.889026465759068,0.998,2.3040714285714285,2508.0,-0.0009156134152994433,0.004903521217391571
2.7790020154237376,-1.0068561162488476,12.893929986976461,0.998,2.3031428571428574,2509.0,-0.0009156134152989992,0.004903521217393347
2.778086402008438,-1.007187389484012,12.898833508193853,0.998,2.3022142857142858,2510.0,-0.0009156134152994433,0.004903521217391571
2.777170788593139,-1.0075186627191763,12.903737029411246,0.998,2.301285714285714,2511.0,-0.0009156134152989992,0.004903521217393347
2.7762551751778397,-1.007849935954341,12.908640550628638,0.998,2.300357142857143,2512.0,-0.0009156134152994433,0.004903521217391571
2.7753395617625407,-1.0081812091895053,12.913544071846031,0.998,2.2994285714285714,2513.0,-0.0009156134152989992,0.004903521217393347
2.7744239483472413,-1.0085124824246698,12.918447593063423,0.998,2.2985,2514.0,-0.0009156134152994433,0.004903521217391571
2.773508334931942,-1.0088437556598342,12.923351114280814,0.998,2.2975714285714286,2515.0,-0.0009156134152994433,0.004903521217391571
2.772592721516643,-1.0091750288949985,12.928254635498208,0.998,2.296642857142857,2516.0,-0.0009156134152989992,0.004903521217393347
2.7716771081013434,-1.0095063021301631,12.9331581567156,0.998,2.295714285714286,2517.0,-0.0009156134152994433,0.004903521217391571
2.7707614946860444,-1.0098375753653275,12.938061677932993,0.998,2.294785714285714,2518.0,-0.0009156134152989992,0.004903521217393347
2.769845881270745,-1.0101688486004918,12.942965199150384,0.998,2.2938571428571426,2519.0,-0.0009156134152994433,0.004903521217391571
2.768930267855446,-1.0105001218356564,12.947868720367778,0.998,2.2929285714285714,2520.0,-0.0009156134152989992,0.004903521217393347
2.7680146544401465,-1.0108313950708208,12.95277224158517,0.998,2.292,2521.0,-0.0009156134152994433,0.004903521217391571
2.767082383913046,-1.0106496014472406,12.958221282780679,0.998,2.291071428571428,2522.0,-0.0009322705271004317,0.005449041195509707
2.7661501133859456,-1.0104678078236602,12.963670323976189,0.998,2.290142857142857,2523.0,-0.0009322705271004317,0.005449041195509707
2.765217842858845,-1.01028601420008,12.9691193651717,0.998,2.2892142857142854,2524.0,-0.0009322705271004317,0.005449041195511484
2.7642855723317448,-1.0101042205764998,12.97456840636721,0.998,2.2882857142857143,2525.0,-0.0009322705271004317,0.005449041195509707
2.7633533018046443,-1.0099224269529194,12.98001744756272,0.998,2.2873571428571426,2526.0,-0.0009322705271004317,0.005449041195509707
2.762421031277544,-1.0097406333293393,12.98546648875823,0.998,2.2864285714285715,2527.0,-0.0009322705271004317,0.005449041195509707
2.761488760750443,-1.0095588397057589,12.99091552995374,0.998,2.2855,2528.0,-0.0009322705271008758,0.005449041195511484
2.7605564902233426,-1.0093770460821787,12.99636457114925,0.998,2.2845714285714283,2529.0,-0.0009322705271004317,0.005449041195509707
2.759624219696242,-1.0091952524585985,13.00181361234476,0.998,2.283642857142857,2530.0,-0.0009322705271004317,0.005449041195509707
2.7586919491691417,-1.0090134588350181,13.00726265354027,0.998,2.2827142857142855,2531.0,-0.0009322705271004317,0.005449041195509707
2.7577596786420413,-1.008831665211438,13.01271169473578,0.998,2.2817857142857143,2532.0,-0.0009322705271004317,0.005449041195509707
2.756827408114941,-1.0086498715878578,13.018160735931291,0.998,2.2808571428571427,2533.0,-0.0009322705271004317,0.005449041195511484
2.7558951375878404,-1.0084680779642774,13.0236097771268,0.998,2.2799285714285715,2534.0,-0.0009322705271004317,0.005449041195509707
2.75496286706074,-1.0082862843406972,13.02905881832231,0.998,2.279,2535.0,-0.0009322705271004317,0.005449041195509707
2.7539184399044396,-1.0080612349672573,13.034452696305813,0.998,2.2779230769230767,2536.0,-0.001044427156300376,0.0053938779835025485
2.7528740127481393,-1.0078361855938174,13.039846574289315,0.998,2.276846153846154,2537.0,-0.001044427156300376,0.0053938779835025485
2.7518295855918384,-1.0076111362203775,13.04524045227282,0.998,2.2757692307692308,2538.0,-0.00104442715630082,0.005393877983504325
2.750785158435538,-1.0073860868469375,13.050634330256322,0.998,2.2746923076923076,2539.0,-0.001044427156300376,0.0053938779835025485
2.7497407312792377,-1.0071610374734976,13.056028208239825,0.998,2.273615384615385,2540.0,-0.001044427156300376,0.0053938779835025485
2.7486963041229373,-1.0069359881000577,13.061422086223327,0.998,2.2725384615384616,2541.0,-0.001044427156300376,0.0053938779835025485
2.7476518769666365,-1.006710938726618,13.066815964206832,0.998,2.2714615384615384,2542.0,-0.00104442715630082,0.005393877983504325
2.746607449810336,-1.006485889353178,13.072209842190334,0.998,2.2703846153846152,2543.0,-0.001044427156300376,0.0053938779835025485
2.7455630226540357,-1.0062608399797381,13.077603720173837,0.998,2.2693076923076925,2544.0,-0.001044427156300376,0.0053938779835025485
2.7445185954977354,-1.0060357906062982,13.08299759815734,0.998,2.2682307692307693,2545.0,-0.001044427156300376,0.0053938779835025485
2.7434741683414345,-1.0058107412328583,13.088391476140844,0.998,2.267153846153846,2546.0,-0.00104442715630082,0.005393877983504325
2.742429741185134,-1.0055856918594184,13.093785354124346,0.998,2.2660769230769233,2547.0,-0.001044427156300376,0.0053938779835025485
2.741385314028834,-1.0053606424859785,13.099179232107849,0.998,2.265,2548.0,-0.001044427156300376,0.0053938779835025485
2.7403973371874226,-1.0052705363305572,13.105862085579734,0.998,2.2640714285714285,2549.0,-0.0009879768414111645,0.006682853471884798
2.7394093603460115,-1.0051804301751361,13.112544939051618,0.998,2.2631428571428573,2550.0,-0.0009879768414111645,0.006682853471884798
2.7384213835046,-1.0050903240197149,13.119227792523501,0.998,2.2622142857142857,2551.0,-0.0009879768414116086,0.006682853471883021
2.7374334066631887,-1.0050002178642936,13.125910645995386,0.998,2.261285714285714,2552.0,-0.0009879768414111645,0.006682853471884798
2.7364454298217775,-1.0049101117088723,13.132593499467271,0.998,2.260357142857143,2553.0,-0.0009879768414111645,0.006682853471884798
2.7354574529803664,-1.0048200055534513,13.139276352939156,0.998,2.2594285714285713,2554.0,-0.0009879768414111645,0.006682853471884798
2.7344694761389547,-1.00472989939803,13.145959206411039,0.998,2.2585,2555.0,-0.0009879768414116086,0.006682853471883021
2.7334814992975436,-1.0046397932426088,13.152642059882924,0.998,2.2575714285714286,2556.0,-0.0009879768414111645,0.006682853471884798
2.7324935224561324,-1.0045496870871877,13.159324913354808,0.998,2.256642857142857,2557.0,-0.0009879768414111645,0.006682853471884798
2.7315055456147213,-1.0044595809317665,13.166007766826693,0.998,2.255714285714286,2558.0,-0.0009879768414111645,0.006682853471884798
2.73051756877331,-1.0043694747763452,13.172690620298578,0.998,2.254785714285714,2559.0,-0.0009879768414111645,0.006682853471884798
2.7295295919318985,-1.004279368620924,13.179373473770461,0.998,2.2538571428571426,2560.0,-0.0009879768414116086,0.006682853471883021
2.7285416150904873,-1.0041892624655029,13.186056327242346,0.998,2.2529285714285714,2561.0,-0.0009879768414111645,0.006682853471884798
2.727553638249076,-1.0040991563100816,13.19273918071423,0.998,2.252,2562.0,-0.0009879768414111645,0.006682853471884798
2.726538254147962,-1.004153149917151,13.199069699078603,0.998,2.251,2563.0,-0.0010153841011142362,0.00633051836437204
2.725522870046848,-1.0042071435242204,13.205400217442975,0.998,2.25,2564.0,-0.001015384101113792,0.00633051836437204
2.724507485945734,-1.0042611371312897,13.211730735807347,0.998,2.2489999999999997,2565.0,-0.0010153841011142362,0.00633051836437204
2.72349210184462,-1.004315130738359,13.218061254171719,0.998,2.2479999999999998,2566.0,-0.001015384101113792,0.00633051836437204
2.722476717743506,-1.0043691243454285,13.22439177253609,0.998,2.247,2567.0,-0.0010153841011142362,0.00633051836437204
2.721461333642392,-1.0044231179524978,13.230722290900463,0.998,2.246,2568.0,-0.001015384101113792,0.00633051836437204
2.720445949541278,-1.004477111559567,13.237052809264835,0.998,2.2449999999999997,2569.0,-0.0010153841011142362,0.00633051836437204
2.7194305654401636,-1.0045311051666364,13.243383327629207,0.998,2.2439999999999998,2570.0,-0.0010153841011142362,0.00633051836437204
2.71841518133905,-1.0045850987737057,13.249713845993579,0.998,2.243,2571.0,-0.001015384101113792,0.00633051836437204
2.7173997972379356,-1.004639092380775,13.256044364357951,0.998,2.242,2572.0,-0.0010153841011142362,0.00633051836437204
2.7163844131368218,-1.0046930859878445,13.262374882722323,0.998,2.241,2573.0,-0.001015384101113792,0.00633051836437204
2.7153690290357075,-1.0047470795949138,13.268705401086695,0.998,2.2399999999999998,2574.0,-0.0010153841011142362,0.00633051836437204
2.7143536449345937,-1.0048010732019832,13.275035919451067,0.998,2.239,2575.0,-0.001015384101113792,0.00633051836437204
2.7133382608334795,-1.0048550668090526,13.28136643781544,0.998,2.238,2576.0,-0.0010153841011142362,0.00633051836437204
2.7123088709204137,-1.00487649336193,13.285132242633034,0.998,2.2369285714285714,2577.0,-0.0010293899130657813,0.003765804817595253
2.711279481007348,-1.0048979199148078,13.288898047450628,0.998,2.2358571428571428,2578.0,-0.0010293899130657813,0.0037658048175934766
2.7102500910942817,-1.0049193464676853,13.292663852268223,0.998,2.234785714285714,2579.0,-0.0010293899130662254,0.003765804817595253
2.709220701181216,-1.0049407730205628,13.296429657085818,0.998,2.2337142857142855,2580.0,-0.0010293899130657813,0.003765804817595253
2.70819131126815,-1.0049621995734406,13.300195461903414,0.998,2.232642857142857,2581.0,-0.0010293899130657813,0.003765804817595253
2.7071619213550844,-1.004983626126318,13.303961266721007,0.998,2.2315714285714283,2582.0,-0.0010293899130657813,0.0037658048175934766
2.706132531442018,-1.0050050526791958,13.307727071538602,0.998,2.2304999999999997,2583.0,-0.0010293899130662254,0.003765804817595253
2.7051031415289524,-1.0050264792320733,13.311492876356198,0.998,2.2294285714285715,2584.0,-0.0010293899130657813,0.003765804817595253
2.7040737516158866,-1.0050479057849508,13.315258681173791,0.998,2.228357142857143,2585.0,-0.0010293899130657813,0.0037658048175934766
2.703044361702821,-1.0050693323378286,13.319024485991386,0.998,2.2272857142857143,2586.0,-0.0010293899130657813,0.003765804817595253
2.702014971789755,-1.005090758890706,13.322790290808982,0.998,2.2262142857142857,2587.0,-0.0010293899130657813,0.003765804817595253
2.700985581876689,-1.0051121854435836,13.326556095626577,0.998,2.225142857142857,2588.0,-0.0010293899130662254,0.003765804817595253
2.699956191963623,-1.0051336119964613,13.33032190044417,0.998,2.2240714285714285,2589.0,-0.0010293899130657813,0.0037658048175934766
2.6989268020505572,-1.0051550385493389,13.334087705261766,0.998,2.223,2590.0,-0.0010293899130657813,0.003765804817595253
2.697839011814022,-1.005094935579224,13.341897204508918,0.998,2.222,2591.0,-0.0010877902365353798,0.007809499247152019
2.6967512215774865,-1.0050348326091094,13.349706703756071,0.998,2.221,2592.0,-0.0010877902365353798,0.007809499247153795
2.6956634313409507,-1.0049747296389946,13.357516203003224,0.998,2.2199999999999998,2593.0,-0.0010877902365358239,0.007809499247152019
2.6945756411044153,-1.00491462666888,13.365325702250377,0.998,2.219,2594.0,-0.0010877902365353798,0.007809499247153795
2.69348785086788,-1.0048545236987652,13.37313520149753,0.998,2.218,2595.0,-0.0010877902365353798,0.007809499247152019
2.6924000606313445,-1.0047944207286506,13.380944700744683,0.998,2.217,2596.0,-0.0010877902365353798,0.007809499247153795
2.6913122703948087,-1.0047343177585357,13.388754199991835,0.998,2.2159999999999997,2597.0,-0.0010877902365358239,0.007809499247152019
2.6902244801582733,-1.004674214788421,13.396563699238987,0.998,2.215,2598.0,-0.0010877902365353798,0.007809499247152019
2.689136689921738,-1.0046141118183063,13.404373198486141,0.998,2.214,2599.0,-0.0010877902365353798,0.007809499247153795
2.6880488996852026,-1.0045540088481915,13.412182697733293,0.998,2.213,2600.0,-0.0010877902365353798,0.007809499247152019
2.686961109448667,-1.0044939058780769,13.419992196980447,0.998,2.212,2601.0,-0.0010877902365353798,0.007809499247153795
2.6858733192121313,-1.004433802907962,13.427801696227599,0.998,2.211,2602.0,-0.0010877902365358239,0.007809499247152019
2.684785528975596,-1.0043736999378474,13.435611195474753,0.998,2.21,2603.0,-0.0010877902365353798,0.007809499247153795
2.6836977387390606,-1.0043135969677326,13.443420694721905,0.998,2.209,2604.0,-0.0010877902365353798,0.007809499247152019
2.6826367455075024,-1.0044014231284133,13.45150521939879,0.998,2.2078571428571427,2605.0,-0.0010609932315581716,0.008084524676885252
2.681575752275944,-1.004489249289094,13.459589744075677,0.998,2.206714285714286,2606.0,-0.0010609932315586157,0.008084524676887028
2.6805147590443856,-1.0045770754497747,13.467674268752564,0.998,2.2055714285714285,2607.0,-0.0010609932315581716,0.008084524676887028
2.6794537658128275,-1.0046649016104552,13.47575879342945,0.998,2.2044285714285716,2608.0,-0.0010609932315581716,0.008084524676885252
2.678392772581269,-1.004752727771136,13.483843318106334,0.998,2.2032857142857143,2609.0,-0.0010609932315586157,0.008084524676885252
2.6773317793497107,-1.0048405539318166,13.491927842783221,0.998,2.2021428571428574,2610.0,-0.0010609932315581716,0.008084524676887028
2.6762707861181525,-1.0049283800924973,13.500012367460108,0.998,2.201,2611.0,-0.0010609932315581716,0.008084524676887028
2.675209792886594,-1.005016206253178,13.508096892136994,0.998,2.1998571428571427,2612.0,-0.0010609932315586157,0.008084524676885252
2.6741487996550357,-1.0051040324138587,13.516181416813879,0.998,2.198714285714286,2613.0,-0.0010609932315581716,0.008084524676885252
2.673087806423477,-1.0051918585745394,13.524265941490766,0.998,2.1975714285714285,2614.0,-0.0010609932315586157,0.008084524676887028
2.672026813191919,-1.00527968473522,13.532350466167653,0.998,2.1964285714285716,2615.0,-0.0010609932315581716,0.008084524676887028
2.6709658199603608,-1.0053675108959006,13.540434990844538,0.998,2.1952857142857143,2616.0,-0.0010609932315581716,0.008084524676885252
2.669904826728802,-1.0054553370565813,13.548519515521424,0.998,2.1941428571428574,2617.0,-0.0010609932315586157,0.008084524676885252
2.668843833497244,-1.005543163217262,13.55660404019831,0.998,2.193,2618.0,-0.0010609932315581716,0.008084524676887028
2.6677253144739357,-1.0056462506033057,13.564847483891638,0.998,2.1919285714285714,2619.0,-0.0011185190233082842,0.008243443693327634
2.666606795450627,-1.0057493379893494,13.573090927584966,0.998,2.190857142857143,2620.0,-0.0011185190233087283,0.008243443693327634
2.6654882764273187,-1.0058524253753933,13.581334371278292,0.998,2.1897857142857142,2621.0,-0.0011185190233082842,0.008243443693325858
2.6643697574040104,-1.005955512761437,13.58957781497162,0.998,2.1887142857142856,2622.0,-0.0011185190233082842,0.008243443693327634
2.6632512383807017,-1.0060586001474807,13.597821258664947,0.998,2.187642857142857,2623.0,-0.0011185190233087283,0.008243443693327634
2.6621327193573934,-1.0061616875335244,13.606064702358275,0.998,2.1865714285714284,2624.0,-0.0011185190233082842,0.008243443693327634
2.661014200334085,-1.0062647749195683,13.614308146051602,0.998,2.1854999999999998,2625.0,-0.0011185190233082842,0.008243443693327634
2.6598956813107764,-1.006367862305612,13.622551589744928,0.998,2.1844285714285716,2626.0,-0.0011185190233087283,0.008243443693325858
2.658777162287468,-1.0064709496916557,13.630795033438256,0.998,2.183357142857143,2627.0,-0.0011185190233082842,0.008243443693327634
2.6576586432641593,-1.0065740370776994,13.639038477131583,0.998,2.1822857142857144,2628.0,-0.0011185190233087283,0.008243443693327634
2.656540124240851,-1.0066771244637431,13.647281920824911,0.998,2.1812142857142858,2629.0,-0.0011185190233082842,0.008243443693327634
2.655421605217543,-1.006780211849787,13.655525364518237,0.998,2.180142857142857,2630.0,-0.0011185190233082842,0.008243443693325858
2.654303086194234,-1.0068832992358308,13.663768808211564,0.998,2.1790714285714285,2631.0,-0.0011185190233087283,0.008243443693327634
2.6531845671709258,-1.0069863866218745,13.672012251904892,0.998,2.178,2632.0,-0.0011185190233082842,0.008243443693327634
2.6519414667295274,-1.0068528786688844,13.677001210683427,0.998,2.1767692307692306,2633.0,-0.0012431004413984148,0.00498895877853478
2.6506983662881285,-1.0067193707158943,13.681990169461962,0.998,2.1755384615384616,2634.0,-0.0012431004413988589,0.00498895877853478
2.64945526584673,-1.0065858627629045,13.686979128240496,0.998,2.1743076923076923,2635.0,-0.0012431004413984148,0.00498895877853478
2.648212165405331,-1.0064523548099145,13.691968087019031,0.998,2.173076923076923,2636.0,-0.0012431004413988589,0.00498895877853478
2.646969064963933,-1.0063188468569244,13.696957045797566,0.998,2.171846153846154,2637.0,-0.0012431004413984148,0.00498895877853478
2.6457259645225344,-1.0061853389039344,13.7019460045761,0.998,2.1706153846153846,2638.0,-0.0012431004413984148,0.00498895877853478
2.6444828640811355,-1.0060518309509445,13.706934963354636,0.998,2.1693846153846152,2639.0,-0.0012431004413988589,0.00498895877853478
2.643239763639737,-1.0059183229979545,13.71192392213317,0.998,2.168153846153846,2640.0,-0.0012431004413984148,0.00498895877853478
2.6419966631983387,-1.0057848150449644,13.716912880911705,0.998,2.166923076923077,2641.0,-0.0012431004413984148,0.00498895877853478
2.64075356275694,-1.0056513070919744,13.72190183969024,0.998,2.1656923076923076,2642.0,-0.0012431004413988589,0.00498895877853478
2.6395104623155414,-1.0055177991389845,13.726890798468775,0.998,2.164461538461538,2643.0,-0.0012431004413984148,0.00498895877853478
2.6382673618741426,-1.0053842911859945,13.73187975724731,0.998,2.1632307692307693,2644.0,-0.0012431004413988589,0.00498895877853478
2.637024261432744,-1.0052507832330044,13.736868716025844,0.998,2.162,2645.0,-0.0012431004413984148,0.00498895877853478
2.635843263546051,-1.0053035775902184,13.744144472169506,0.998,2.1607857142857143,2646.0,-0.0011809978866930138,0.007275756143661383
2.634662265659358,-1.0053563719474325,13.751420228313165,0.998,2.1595714285714287,2647.0,-0.0011809978866930138,0.007275756143659606
2.6334812677726656,-1.0054091663046467,13.758695984456825,0.998,2.1583571428571426,2648.0,-0.0011809978866925697,0.007275756143659606
2.6323002698859725,-1.0054619606618607,13.765971740600486,0.998,2.157142857142857,2649.0,-0.0011809978866930138,0.007275756143661383
2.6311192719992795,-1.0055147550190746,13.773247496744148,0.998,2.1559285714285714,2650.0,-0.0011809978866930138,0.007275756143661383
2.6299382741125865,-1.0055675493762888,13.780523252887807,0.998,2.154714285714286,2651.0,-0.0011809978866930138,0.007275756143659606
2.628757276225894,-1.005620343733503,13.787799009031467,0.998,2.1534999999999997,2652.0,-0.0011809978866925697,0.007275756143659606
2.627576278339201,-1.005673138090717,13.795074765175128,0.998,2.152285714285714,2653.0,-0.0011809978866930138,0.007275756143661383
2.626395280452508,-1.0057259324479308,13.80235052131879,0.998,2.1510714285714285,2654.0,-0.0011809978866930138,0.007275756143661383
2.625214282565815,-1.005778726805145,13.80962627746245,0.998,2.149857142857143,2655.0,-0.0011809978866930138,0.007275756143659606
2.624033284679122,-1.0058315211623592,13.816902033606109,0.998,2.1486428571428573,2656.0,-0.0011809978866930138,0.007275756143659606
2.6228522867924293,-1.0058843155195731,13.82417778974977,0.998,2.1474285714285712,2657.0,-0.0011809978866925697,0.007275756143661383
2.6216712889057363,-1.005937109876787,13.831453545893432,0.998,2.1462142857142856,2658.0,-0.0011809978866930138,0.007275756143661383
2.6204902910190433,-1.0059899042340013,13.838729302037091,0.998,2.145,2659.0,-0.0011809978866930138,0.007275756143659606
2.6192803165953764,-1.006084367515152,13.848191123030293,0.998,2.1438571428571427,2660.0,-0.001209974423666882,0.009461820993202252
2.618070342171709,-1.0061788307963027,13.857652944023496,0.998,2.142714285714286,2661.0,-0.001209974423667326,0.009461820993202252
2.6168603677480418,-1.0062732940774533,13.867114765016698,0.998,2.1415714285714285,2662.0,-0.001209974423667326,0.009461820993202252
2.615650393324375,-1.006367757358604,13.876576586009898,0.998,2.1404285714285716,2663.0,-0.001209974423666882,0.009461820993200476
2.614440418900708,-1.0064622206397549,13.8860384070031,0.998,2.1392857142857142,2664.0,-0.001209974423666882,0.009461820993202252
2.6132304444770407,-1.0065566839209055,13.895500227996303,0.998,2.1381428571428573,2665.0,-0.001209974423667326,0.009461820993202252
2.6120204700533733,-1.006651147202056,13.904962048989505,0.998,2.137,2666.0,-0.001209974423667326,0.009461820993202252
2.6108104956297065,-1.0067456104832069,13.914423869982707,0.998,2.1358571428571427,2667.0,-0.001209974423666882,0.009461820993202252
2.6096005212060396,-1.0068400737643577,13.92388569097591,0.998,2.134714285714286,2668.0,-0.001209974423666882,0.009461820993202252
2.6083905467823723,-1.0069345370455083,13.933347511969112,0.998,2.1335714285714285,2669.0,-0.001209974423667326,0.009461820993202252
2.607180572358705,-1.0070290003266589,13.942809332962312,0.998,2.1324285714285716,2670.0,-0.001209974423667326,0.009461820993200476
2.605970597935038,-1.0071234636078097,13.952271153955515,0.998,2.1312857142857142,2671.0,-0.001209974423666882,0.009461820993202252
2.604760623511371,-1.0072179268889605,13.961732974948717,0.998,2.1301428571428573,2672.0,-0.001209974423666882,0.009461820993202252
2.603550649087704,-1.007312390170111,13.97119479594192,0.998,2.129,2673.0,-0.001209974423667326,0.009461820993202252
2.6023018137354956,-1.0072994189372733,13.976705302121424,0.998,2.1277142857142857,2674.0,-0.0012488353522082107,0.0055105061795046595
2.601052978383288,-1.0072864477044354,13.982215808300928,0.998,2.1264285714285713,2675.0,-0.0012488353522077666,0.0055105061795046595
2.5998041430310797,-1.0072734764715976,13.987726314480433,0.998,2.125142857142857,2676.0,-0.0012488353522082107,0.0055105061795046595
2.5985553076788714,-1.0072605052387598,13.993236820659938,0.998,2.123857142857143,2677.0,-0.0012488353522082107,0.0055105061795046595
2.5973064723266632,-1.007247534005922,13.998747326839442,0.998,2.1225714285714288,2678.0,-0.0012488353522082107,0.0055105061795046595
2.5960576369744555,-1.007234562773084,14.004257833018947,0.998,2.1212857142857144,2679.0,-0.0012488353522077666,0.0055105061795046595
2.5948088016222473,-1.0072215915402463,14.009768339198452,0.998,2.12,2680.0,-0.0012488353522082107,0.0055105061795046595
2.593559966270039,-1.0072086203074082,14.015278845377956,0.998,2.1187142857142858,2681.0,-0.0012488353522082107,0.0055105061795046595
2.5923111309178313,-1.0071956490745704,14.020789351557461,0.998,2.1174285714285714,2682.0,-0.0012488353522077666,0.0055105061795046595
2.591062295565623,-1.0071826778417325,14.026299857736966,0.998,2.116142857142857,2683.0,-0.0012488353522082107,0.0055105061795046595
2.589813460213415,-1.0071697066088947,14.03181036391647,0.998,2.114857142857143,2684.0,-0.0012488353522082107,0.0055105061795046595
2.5885646248612066,-1.0071567353760569,14.037320870095975,0.998,2.113571428571429,2685.0,-0.0012488353522082107,0.0055105061795046595
2.587315789508999,-1.007143764143219,14.04283137627548,0.998,2.1122857142857145,2686.0,-0.0012488353522077666,0.0055105061795046595
2.5860669541567907,-1.0071307929103812,14.048341882454984,0.998,2.111,2687.0,-0.0012488353522082107,0.0055105061795046595
2.5847935168422946,-1.0070722952561721,14.05650953465841,0.998,2.109714285714286,2688.0,-0.0012734373144960287,0.008167652203425746
2.5835200795277986,-1.0070137976019629,14.064677186861836,0.998,2.1084285714285715,2689.0,-0.0012734373144960287,0.008167652203425746
2.5822466422133026,-1.0069552999477538,14.07284483906526,0.998,2.107142857142857,2690.0,-0.0012734373144960287,0.00816765220342397
2.5809732048988066,-1.0068968022935445,14.081012491268686,0.998,2.105857142857143,2691.0,-0.0012734373144960287,0.008167652203425746
2.5796997675843105,-1.0068383046393354,14.089180143472111,0.998,2.1045714285714285,2692.0,-0.0012734373144960287,0.008167652203425746
2.5784263302698145,-1.0067798069851261,14.097347795675537,0.998,2.103285714285714,2693.0,-0.0012734373144960287,0.008167652203425746
2.5771528929553185,-1.006721309330917,14.105515447878963,0.998,2.102,2694.0,-0.0012734373144960287,0.008167652203425746
2.575879455640823,-1.006662811676708,14.113683100082387,0.998,2.100714285714286,2695.0,-0.0012734373144955846,0.00816765220342397
2.574606018326327,-1.0066043140224987,14.121850752285813,0.998,2.0994285714285716,2696.0,-0.0012734373144960287,0.008167652203425746
2.573332581011831,-1.0065458163682897,14.130018404489238,0.998,2.0981428571428573,2697.0,-0.0012734373144960287,0.008167652203425746
2.572059143697335,-1.0064873187140804,14.138186056692664,0.998,2.096857142857143,2698.0,-0.0012734373144960287,0.008167652203425746
2.5707857063828388,-1.0064288210598713,14.146353708896088,0.998,2.0955714285714286,2699.0,-0.0012734373144960287,0.00816765220342397
2.5695122690683427,-1.006370323405662,14.154521361099514,0.998,2.0942857142857143,2700.0,-0.0012734373144960287,0.008167652203425746
2.5682388317538467,-1.006311825751453,14.16268901330294,0.998,2.093,2701.0,-0.0012734373144960287,0.008167652203425746
2.5669338455162642,-1.0062585862447402,14.169098625195947,0.998,2.0917142857142856,2702.0,-0.0013049862375824617,0.006409611893007039
2.5656288592786822,-1.0062053467380276,14.175508237088954,0.998,2.0904285714285713,2703.0,-0.0013049862375820176,0.006409611893007039
2.5643238730410998,-1.0061521072313149,14.181917848981962,0.998,2.089142857142857,2704.0,-0.0013049862375824617,0.006409611893008815
2.5630188868035173,-1.006098867724602,14.18832746087497,0.998,2.087857142857143,2705.0,-0.0013049862375824617,0.006409611893007039
2.561713900565935,-1.0060456282178893,14.194737072767976,0.998,2.0865714285714287,2706.0,-0.0013049862375824617,0.006409611893007039
2.560408914328353,-1.0059923887111768,14.201146684660984,0.998,2.0852857142857144,2707.0,-0.0013049862375820176,0.006409611893007039
2.5591039280907704,-1.005939149204464,14.207556296553992,0.998,2.084,2708.0,-0.0013049862375824617,0.006409611893008815
2.557798941853188,-1.0058859096977513,14.213965908447,0.998,2.0827142857142857,2709.0,-0.0013049862375824617,0.006409611893007039
2.556493955615606,-1.0058326701910387,14.220375520340006,0.998,2.0814285714285714,2710.0,-0.0013049862375820176,0.006409611893007039
2.5551889693780234,-1.005779430684326,14.226785132233013,0.998,2.080142857142857,2711.0,-0.0013049862375824617,0.006409611893007039
2.553883983140441,-1.0057261911776132,14.23319474412602,0.998,2.078857142857143,2712.0,-0.0013049862375824617,0.006409611893007039
2.5525789969028585,-1.0056729516709004,14.23960435601903,0.998,2.077571428571429,2713.0,-0.0013049862375824617,0.006409611893008815
2.5512740106652765,-1.0056197121641879,14.246013967912036,0.998,2.0762857142857145,2714.0,-0.0013049862375820176,0.006409611893007039
2.549969024427694,-1.0055664726574751,14.252423579805043,0.998,2.075,2715.0,-0.0013049862375824617,0.006409611893007039
2.5486075613406656,-1.0057858339960404,14.254260038291028,0.998,2.073714285714286,2716.0,-0.0013614630870284472,0.0018364584859842381
2.5472460982536367,-1.0060051953346056,14.256096496777012,0.998,2.0724285714285715,2717.0,-0.0013614630870288913,0.0018364584859842381
2.5458846351666082,-1.006224556673171,14.257932955262996,0.998,2.071142857142857,2718.0,-0.0013614630870284472,0.0018364584859842381
2.54452317207958,-1.0064439180117364,14.259769413748979,0.998,2.069857142857143,2719.0,-0.0013614630870284472,0.0018364584859824618
2.543161708992551,-1.0066632793503016,14.261605872234963,0.998,2.0685714285714285,2720.0,-0.0013614630870288913,0.0018364584859842381
2.5418002459055224,-1.006882640688867,14.263442330720947,0.998,2.067285714285714,2721.0,-0.0013614630870284472,0.0018364584859842381
2.540438782818494,-1.0071020020274322,14.265278789206931,0.998,2.066,2722.0,-0.0013614630870284472,0.0018364584859842381
2.539077319731465,-1.0073213633659974,14.267115247692916,0.998,2.064714285714286,2723.0,-0.0013614630870288913,0.0018364584859842381
2.5377158566444367,-1.0075407247045627,14.2689517061789,0.998,2.0634285714285716,2724.0,-0.0013614630870284472,0.0018364584859842381
2.5363543935574078,-1.007760086043128,14.270788164664884,0.998,2.0621428571428573,2725.0,-0.0013614630870288913,0.0018364584859842381
2.5349929304703793,-1.0079794473816934,14.272624623150866,0.998,2.060857142857143,2726.0,-0.0013614630870284472,0.0018364584859824618
2.533631467383351,-1.0081988087202587,14.27446108163685,0.998,2.0595714285714286,2727.0,-0.0013614630870284472,0.0018364584859842381
2.532270004296322,-1.008418170058824,14.276297540122835,0.998,2.0582857142857143,2728.0,-0.0013614630870288913,0.0018364584859842381
2.5309085412092935,-1.0086375313973892,14.27813399860882,0.998,2.057,2729.0,-0.0013614630870284472,0.0018364584859842381
2.5293631465757365,-1.0084567091437076,14.26907709739843,0.998,2.0554615384615382,2730.0,-0.0015453946335570734,-0.009056901210389157
2.52781775194218,-1.008275886890026,14.26002019618804,0.998,2.053923076923077,2731.0,-0.0015453946335566293,-0.009056901210389157
2.5262723573086228,-1.0080950646363445,14.250963294977652,0.998,2.0523846153846153,2732.0,-0.0015453946335570734,-0.009056901210389157
2.524726962675066,-1.0079142423826628,14.241906393767264,0.998,2.050846153846154,2733.0,-0.0015453946335566293,-0.00905690121038738
2.523181568041509,-1.0077334201289811,14.232849492556875,0.998,2.0493076923076923,2734.0,-0.0015453946335570734,-0.009056901210389157
2.521636173407952,-1.0075525978752995,14.223792591346486,0.998,2.0477692307692306,2735.0,-0.0015453946335570734,-0.009056901210389157
2.5200907787743954,-1.007371775621618,14.214735690136097,0.998,2.0462307692307693,2736.0,-0.0015453946335566293,-0.009056901210389157
2.5185453841408383,-1.0071909533679364,14.205678788925708,0.998,2.0446923076923076,2737.0,-0.0015453946335570734,-0.009056901210389157
2.516999989507281,-1.0070101311142547,14.196621887715319,0.998,2.043153846153846,2738.0,-0.0015453946335570734,-0.009056901210389157
2.5154545948737246,-1.006829308860573,14.187564986504931,0.998,2.0416153846153846,2739.0,-0.0015453946335566293,-0.00905690121038738
2.5139092002401675,-1.0066484866068917,14.178508085294542,0.998,2.040076923076923,2740.0,-0.0015453946335570734,-0.009056901210389157
2.512363805606611,-1.00646766435321,14.169451184084153,0.998,2.0385384615384616,2741.0,-0.0015453946335566293,-0.009056901210389157
2.510818410973054,-1.0062868420995283,14.160394282873764,0.998,2.037,2742.0,-0.0015453946335570734,-0.009056901210389157
2.509242800687389,-1.0061995372481853,14.146794723274457,0.998,2.0355,2743.0,-0.0015756102856649967,-0.013599559599306588
2.507667190401724,-1.0061122323968423,14.13319516367515,0.998,2.034,2744.0,-0.0015756102856649967,-0.013599559599306588
2.506091580116059,-1.006024927545499,14.119595604075844,0.998,2.0324999999999998,2745.0,-0.0015756102856649967,-0.013599559599306588
2.504515969830394,-1.005937622694156,14.105996044476537,0.998,2.031,2746.0,-0.0015756102856649967,-0.013599559599306588
2.502940359544729,-1.005850317842813,14.09239648487723,0.998,2.0295,2747.0,-0.0015756102856649967,-0.013599559599306588
2.501364749259064,-1.00576301299147,14.078796925277924,0.998,2.028,2748.0,-0.0015756102856649967,-0.013599559599306588
2.499789138973399,-1.0056757081401269,14.065197365678618,0.998,2.0265,2749.0,-0.0015756102856649967,-0.013599559599306588
2.4982135286877343,-1.0055884032887838,14.051597806079311,0.998,2.025,2750.0,-0.0015756102856645526,-0.013599559599306588
2.4966379184020693,-1.0055010984374408,14.037998246480004,0.998,2.0235,2751.0,-0.0015756102856649967,-0.013599559599306588
2.4950623081164043,-1.0054137935860978,14.024398686880698,0.998,2.022,2752.0,-0.0015756102856649967,-0.013599559599306588
2.4934866978307393,-1.0053264887347548,14.010799127281391,0.998,2.0205,2753.0,-0.0015756102856649967,-0.013599559599306588
2.4919110875450743,-1.0052391838834116,13.997199567682085,0.998,2.019,2754.0,-0.0015756102856649967,-0.013599559599306588
2.4903354772594093,-1.0051518790320686,13.983600008082778,0.998,2.0175,2755.0,-0.0015756102856649967,-0.013599559599306588
2.4887598669737443,-1.0050645741807256,13.970000448483471,0.998,2.016,2756.0,-0.0015756102856649967,-0.013599559599306588
2.487076638693244,-1.0050440961928622,13.971944481419731,0.998,2.0144285714285712,2757.0,-0.0016832282805001597,0.0019440329362598874
2.485393410412744,-1.0050236182049985,13.973888514355991,0.998,2.012857142857143,2758.0,-0.0016832282805001597,0.0019440329362598874
2.483710182132244,-1.005003140217135,13.97583254729225,0.998,2.011285714285714,2759.0,-0.0016832282805001597,0.001944032936258111
2.482026953851743,-1.0049826622292717,13.97777658022851,0.998,2.009714285714286,2760.0,-0.0016832282805006038,0.0019440329362598874
2.480343725571243,-1.0049621842414083,13.979720613164769,0.998,2.008142857142857,2761.0,-0.0016832282805001597,0.0019440329362598874
2.478660497290743,-1.0049417062535446,13.981664646101029,0.998,2.0065714285714287,2762.0,-0.0016832282805001597,0.0019440329362598874
2.4769772690102427,-1.0049212282656812,13.983608679037289,0.998,2.005,2763.0,-0.0016832282805001597,0.0019440329362598874
2.4752940407297426,-1.0049007502778178,13.985552711973547,0.998,2.0034285714285716,2764.0,-0.0016832282805001597,0.001944032936258111
2.4736108124492424,-1.0048802722899541,13.987496744909807,0.998,2.001857142857143,2765.0,-0.0016832282805001597,0.0019440329362598874
2.4719275841687423,-1.0048597943020907,13.989440777846067,0.998,2.0002857142857144,2766.0,-0.0016832282805001597,0.0019440329362598874
2.4702443558882416,-1.0048393163142273,13.991384810782327,0.998,1.9987142857142857,2767.0,-0.0016832282805006038,0.0019440329362598874
2.4685611276077415,-1.0048188383263639,13.993328843718585,0.998,1.997142857142857,2768.0,-0.0016832282805001597,0.001944032936258111
2.4668778993272413,-1.0047983603385002,13.995272876654845,0.998,1.9955714285714286,2769.0,-0.0016832282805001597,0.0019440329362598874
2.465194671046741,-1.0047778823506368,13.997216909591105,0.998,1.994,2770.0,-0.0016832282805001597,0.0019440329362598874
2.463390230907129,-1.0047490696720303,13.987303770466264,0.998,1.9922142857142857,2771.0,-0.001804440139612229,-0.009913139124840598
2.4615857907675163,-1.0047202569934237,13.977390631341422,0.998,1.9904285714285714,2772.0,-0.001804440139612673,-0.009913139124842374
2.459781350627904,-1.0046914443148172,13.967477492216581,0.998,1.9886428571428572,2773.0,-0.001804440139612229,-0.009913139124840598
2.457976910488292,-1.0046626316362108,13.957564353091739,0.998,1.9868571428571429,2774.0,-0.001804440139612229,-0.009913139124842374
2.456172470348679,-1.0046338189576043,13.947651213966898,0.998,1.9850714285714286,2775.0,-0.001804440139612673,-0.009913139124840598
2.454368030209067,-1.0046050062789977,13.937738074842056,0.998,1.9832857142857143,2776.0,-0.001804440139612229,-0.009913139124842374
2.4525635900694547,-1.0045761936003912,13.927824935717215,0.998,1.9815,2777.0,-0.001804440139612229,-0.009913139124840598
2.450759149929842,-1.0045473809217846,13.917911796592374,0.998,1.9797142857142858,2778.0,-0.001804440139612673,-0.009913139124840598
2.4489547097902298,-1.004518568243178,13.907998657467532,0.998,1.9779285714285715,2779.0,-0.001804440139612229,-0.009913139124842374
2.447150269650617,-1.0044897555645715,13.898085518342691,0.998,1.9761428571428572,2780.0,-0.001804440139612673,-0.009913139124840598
2.445345829511005,-1.0044609428859652,13.888172379217849,0.998,1.974357142857143,2781.0,-0.001804440139612229,-0.009913139124842374
2.4435413893713926,-1.0044321302073587,13.878259240093008,0.998,1.9725714285714286,2782.0,-0.001804440139612229,-0.009913139124840598
2.44173694923178,-1.0044033175287521,13.868346100968166,0.998,1.9707857142857144,2783.0,-0.001804440139612673,-0.009913139124842374
2.4399325090921677,-1.0043745048501456,13.858432961843326,0.998,1.969,2784.0,-0.001804440139612229,-0.009913139124840598
2.438006688474339,-1.0045406860225918,13.8569580455896,0.998,1.9670714285714286,2785.0,-0.0019258206178287551,-0.0014749162537253113
2.4360808678565102,-1.004706867195038,13.855483129335873,0.998,1.9651428571428573,2786.0,-0.0019258206178287551,-0.0014749162537270877
2.4341550472386815,-1.0048730483674841,13.854008213082148,0.998,1.9632142857142858,2787.0,-0.0019258206178287551,-0.0014749162537253113
2.4322292266208527,-1.0050392295399304,13.85253329682842,0.998,1.9612857142857143,2788.0,-0.0019258206178287551,-0.0014749162537270877
2.430303406003024,-1.0052054107123767,13.851058380574695,0.998,1.9593571428571428,2789.0,-0.0019258206178287551,-0.0014749162537253113
2.428377585385195,-1.005371591884823,13.849583464320968,0.998,1.9574285714285715,2790.0,-0.0019258206178287551,-0.0014749162537270877
2.4264517647673665,-1.0055377730572692,13.848108548067243,0.998,1.9555,2791.0,-0.0019258206178287551,-0.0014749162537253113
2.424525944149538,-1.0057039542297153,13.846633631813518,0.998,1.9535714285714285,2792.0,-0.001925820617828311,-0.0014749162537253113
2.4226001235317094,-1.0058701354021615,13.84515871555979,0.998,1.9516428571428572,2793.0,-0.0019258206178287551,-0.0014749162537270877
2.4206743029138806,-1.0060363165746078,13.843683799306065,0.998,1.9497142857142857,2794.0,-0.0019258206178287551,-0.0014749162537253113
2.418748482296052,-1.006202497747054,13.842208883052338,0.998,1.9477857142857142,2795.0,-0.0019258206178287551,-0.0014749162537270877
2.416822661678223,-1.0063686789195,13.840733966798613,0.998,1.9458571428571427,2796.0,-0.0019258206178287551,-0.0014749162537253113
2.4148968410603944,-1.0065348600919464,13.839259050544886,0.998,1.9439285714285715,2797.0,-0.0019258206178287551,-0.0014749162537270877
2.4129710204425656,-1.0067010412643926,13.83778413429116,0.998,1.942,2798.0,-0.0019258206178287551,-0.0014749162537253113
2.410966947395236,-1.0066387722698364,13.835288829460819,0.998,1.9400714285714284,2799.0,-0.0020040730473294133,-0.0024953048303419934
2.4089628743479063,-1.0065765032752805,13.832793524630477,0.998,1.9381428571428572,2800.0,-0.0020040730473298574,-0.0024953048303419934
2.406958801300577,-1.0065142342807243,13.830298219800133,0.998,1.9362142857142857,2801.0,-0.0020040730473294133,-0.0024953048303437697
2.404954728253247,-1.0064519652861683,13.82780291496979,0.998,1.9342857142857142,2802.0,-0.0020040730473298574,-0.0024953048303419934
2.4029506552059177,-1.0063896962916121,13.825307610139449,0.998,1.9323571428571429,2803.0,-0.0020040730473294133,-0.0024953048303419934
2.400946582158588,-1.0063274272970562,13.822812305309107,0.998,1.9304285714285714,2804.0,-0.0020040730473298574,-0.0024953048303419934
2.3989425091112584,-1.0062651583025,13.820317000478763,0.998,1.9285,2805.0,-0.0020040730473294133,-0.0024953048303437697
2.396938436063929,-1.0062028893079438,13.817821695648421,0.998,1.9265714285714286,2806.0,-0.0020040730473294133,-0.0024953048303419934
2.394934363016599,-1.0061406203133878,13.815326390818079,0.998,1.924642857142857,2807.0,-0.0020040730473298574,-0.0024953048303419934
2.3929302899692697,-1.0060783513188316,13.812831085987737,0.998,1.9227142857142858,2808.0,-0.0020040730473294133,-0.0024953048303419934
2.39092621692194,-1.0060160823242756,13.810335781157395,0.998,1.9207857142857143,2809.0,-0.0020040730473298574,-0.0024953048303419934
2.3889221438746104,-1.0059538133297194,13.807840476327051,0.998,1.9188571428571428,2810.0,-0.0020040730473294133,-0.0024953048303437697
2.3869180708272806,-1.0058915443351635,13.80534517149671,0.998,1.9169285714285715,2811.0,-0.0020040730473298574,-0.0024953048303419934
2.384913997779951,-1.0058292753406073,13.802849866666367,0.998,1.915,2812.0,-0.0020040730473294133,-0.0024953048303419934
2.382780417608384,-1.005876461781927,13.801242493801345,0.998,1.9129285714285715,2813.0,-0.002133580171566951,-0.0016073728650223273
2.3806468374368173,-1.0059236482232468,13.799635120936323,0.998,1.9108571428571428,2814.0,-0.002133580171566951,-0.0016073728650223273
2.3785132572652508,-1.0059708346645664,13.7980277480713,0.998,1.9087857142857143,2815.0,-0.002133580171566507,-0.0016073728650223273
2.376379677093684,-1.0060180211058862,13.796420375206276,0.998,1.9067142857142858,2816.0,-0.002133580171566951,-0.0016073728650241037
2.374246096922117,-1.0060652075472059,13.794813002341254,0.998,1.904642857142857,2817.0,-0.002133580171566951,-0.0016073728650223273
2.37211251675055,-1.0061123939885257,13.793205629476232,0.998,1.9025714285714286,2818.0,-0.002133580171566951,-0.0016073728650223273
2.369978936578983,-1.0061595804298453,13.79159825661121,0.998,1.9004999999999999,2819.0,-0.002133580171566951,-0.0016073728650223273
2.3678453564074164,-1.006206766871165,13.789990883746187,0.998,1.8984285714285714,2820.0,-0.002133580171566507,-0.0016073728650223273
2.3657117762358495,-1.0062539533124848,13.788383510881165,0.998,1.8963571428571429,2821.0,-0.002133580171566951,-0.0016073728650223273
2.3635781960642825,-1.0063011397538044,13.786776138016142,0.998,1.8942857142857141,2822.0,-0.002133580171566951,-0.0016073728650223273
2.3614446158927156,-1.0063483261951243,13.785168765151118,0.998,1.8922142857142856,2823.0,-0.002133580171566951,-0.0016073728650241037
2.359311035721149,-1.006395512636444,13.783561392286096,0.998,1.8901428571428571,2824.0,-0.002133580171566507,-0.0016073728650223273
2.357177455549582,-1.0064426990777637,13.781954019421073,0.998,1.8880714285714284,2825.0,-0.002133580171566951,-0.0016073728650223273
2.355043875378015,-1.0064898855190834,13.780346646556051,0.998,1.886,2826.0,-0.002133580171566951,-0.0016073728650223273
2.352613558809891,-1.006387378725692,13.778179096721905,0.998,1.8836153846153845,2827.0,-0.0024303165681240912,-0.002167549834146243
2.350183242241767,-1.0062848719323008,13.77601154688776,0.998,1.881230769230769,2828.0,-0.0024303165681240912,-0.0021675498341444666
2.347752925673643,-1.0061823651389095,13.773843997053614,0.998,1.8788461538461538,2829.0,-0.0024303165681240912,-0.002167549834146243
2.345322609105519,-1.0060798583455184,13.77167644721947,0.998,1.8764615384615384,2830.0,-0.0024303165681240912,-0.0021675498341444666
2.3428922925373947,-1.005977351552127,13.769508897385323,0.998,1.874076923076923,2831.0,-0.0024303165681240912,-0.002167549834146243
2.3404619759692706,-1.0058748447587358,13.767341347551179,0.998,1.8716923076923075,2832.0,-0.0024303165681240912,-0.0021675498341444666
2.338031659401146,-1.0057723379653445,13.765173797717033,0.998,1.8693076923076923,2833.0,-0.0024303165681245353,-0.002167549834146243
2.335601342833022,-1.0056698311719532,13.763006247882888,0.998,1.866923076923077,2834.0,-0.0024303165681240912,-0.0021675498341444666
2.333171026264898,-1.0055673243785619,13.760838698048742,0.998,1.8645384615384615,2835.0,-0.0024303165681240912,-0.002167549834146243
2.330740709696774,-1.0054648175851708,13.758671148214598,0.998,1.862153846153846,2836.0,-0.0024303165681240912,-0.0021675498341444666
2.3283103931286497,-1.0053623107917795,13.756503598380451,0.998,1.8597692307692308,2837.0,-0.0024303165681240912,-0.002167549834146243
2.3258800765605256,-1.0052598039983882,13.754336048546307,0.998,1.8573846153846154,2838.0,-0.0024303165681240912,-0.0021675498341444666
2.3234497599924016,-1.005157297204997,13.75216849871216,0.998,1.855,2839.0,-0.0024303165681240912,-0.002167549834146243
2.3211030317972474,-1.004846182060708,13.74971338080522,0.998,1.852642857142857,2840.0,-0.0023467281951541352,-0.0024551179069405293
2.3187563036020933,-1.004535066916419,13.74725826289828,0.998,1.8502857142857143,2841.0,-0.0023467281951541352,-0.0024551179069405293
2.316409575406939,-1.00422395177213,13.744803144991339,0.998,1.8479285714285714,2842.0,-0.0023467281951541352,-0.0024551179069405293
2.314062847211785,-1.003912836627841,13.7423480270844,0.998,1.8455714285714286,2843.0,-0.0023467281951541352,-0.002455117906938753
2.311716119016631,-1.003601721483552,13.73989290917746,0.998,1.8432142857142857,2844.0,-0.0023467281951541352,-0.0024551179069405293
2.3093693908214767,-1.003290606339263,13.73743779127052,0.998,1.840857142857143,2845.0,-0.0023467281951541352,-0.0024551179069405293
2.3070226626263226,-1.002979491194974,13.734982673363579,0.998,1.8385,2846.0,-0.0023467281951541352,-0.0024551179069405293
2.304675934431169,-1.0026683760506852,13.732527555456638,0.998,1.836142857142857,2847.0,-0.002346728195153691,-0.0024551179069405293
2.302329206236015,-1.0023572609063962,13.730072437549698,0.998,1.8337857142857144,2848.0,-0.0023467281951541352,-0.0024551179069405293
2.2999824780408606,-1.0020461457621073,13.727617319642757,0.998,1.8314285714285714,2849.0,-0.0023467281951541352,-0.0024551179069405293
2.2976357498457065,-1.001735030617818,13.725162201735818,0.998,1.8290714285714287,2850.0,-0.0023467281951541352,-0.002455117906938753
2.2952890216505524,-1.0014239154735292,13.722707083828878,0.998,1.8267142857142857,2851.0,-0.0023467281951541352,-0.0024551179069405293
2.2929422934553982,-1.0011128003292402,13.720251965921937,0.998,1.824357142857143,2852.0,-0.0023467281951541352,-0.0024551179069405293
2.290595565260244,-1.0008016851849513,13.717796848014997,0.998,1.822,2853.0,-0.0023467281951541352,-0.0024551179069405293
2.288131235979049,-1.001166075607205,13.71583096622749,0.998,1.8195714285714286,2854.0,-0.002464329281194999,-0.0019658817875072288
2.285666906697854,-1.0015304660294584,13.713865084439982,0.998,1.8171428571428572,2855.0,-0.002464329281194999,-0.0019658817875072288
2.283202577416659,-1.001894856451712,13.711899202652475,0.998,1.8147142857142857,2856.0,-0.002464329281194999,-0.0019658817875072288
2.280738248135464,-1.0022592468739657,13.70993332086497,0.998,1.8122857142857143,2857.0,-0.002464329281194999,-0.0019658817875054524
2.278273918854269,-1.0026236372962192,13.707967439077462,0.998,1.8098571428571428,2858.0,-0.002464329281194999,-0.0019658817875072288
2.275809589573074,-1.0029880277184728,13.706001557289955,0.998,1.8074285714285714,2859.0,-0.002464329281194999,-0.0019658817875072288
2.273345260291879,-1.0033524181407263,13.704035675502448,0.998,1.8050000000000002,2860.0,-0.002464329281194999,-0.0019658817875072288
2.2708809310106846,-1.00371680856298,13.70206979371494,0.998,1.8025714285714287,2861.0,-0.002464329281194555,-0.0019658817875072288
2.2684166017294896,-1.0040811989852336,13.700103911927433,0.998,1.8001428571428573,2862.0,-0.002464329281194999,-0.0019658817875072288
2.2659522724482946,-1.004445589407487,13.698138030139926,0.998,1.7977142857142858,2863.0,-0.002464329281194999,-0.0019658817875072288
2.2634879431670996,-1.0048099798297407,13.69617214835242,0.998,1.7952857142857144,2864.0,-0.002464329281194999,-0.0019658817875054524
2.2610236138859046,-1.0051743702519944,13.694206266564914,0.998,1.792857142857143,2865.0,-0.002464329281194999,-0.0019658817875072288
2.2585592846047096,-1.0055387606742479,13.692240384777406,0.998,1.7904285714285715,2866.0,-0.002464329281194999,-0.0019658817875072288
2.2560949553235146,-1.0059031510965015,13.6902745029899,0.998,1.788,2867.0,-0.002464329281194999,-0.0019658817875072288
2.25355422860137,-1.005790546796975,13.68760387115407,0.998,1.7854285714285714,2868.0,-0.0025407267221444485,-0.0026706318358282743
2.2510135018792257,-1.0056779424974487,13.684933239318243,0.998,1.782857142857143,2869.0,-0.0025407267221444485,-0.0026706318358282743
2.2484727751570817,-1.0055653381979222,13.682262607482414,0.998,1.7802857142857142,2870.0,-0.0025407267221440044,-0.0026706318358282743
2.245932048434937,-1.0054527338983958,13.679591975646584,0.998,1.7777142857142858,2871.0,-0.0025407267221444485,-0.0026706318358300507
2.2433913217127928,-1.0053401295988693,13.676921343810756,0.998,1.7751428571428571,2872.0,-0.0025407267221444485,-0.0026706318358282743
2.2408505949906483,-1.005227525299343,13.674250711974928,0.998,1.7725714285714287,2873.0,-0.0025407267221444485,-0.0026706318358282743
2.238309868268504,-1.0051149209998165,13.6715800801391,0.998,1.77,2874.0,-0.0025407267221444485,-0.0026706318358282743
2.23576914154636,-1.00500231670029,13.668909448303271,0.998,1.7674285714285713,2875.0,-0.0025407267221440044,-0.0026706318358282743
2.2332284148242154,-1.0048897124007636,13.666238816467443,0.998,1.764857142857143,2876.0,-0.0025407267221444485,-0.0026706318358282743
2.230687688102071,-1.004777108101237,13.663568184631615,0.998,1.7622857142857142,2877.0,-0.0025407267221444485,-0.0026706318358282743
2.2281469613799265,-1.0046645038017108,13.660897552795785,0.998,1.7597142857142858,2878.0,-0.0025407267221444485,-0.0026706318358300507
2.2256062346577825,-1.0045518995021843,13.658226920959956,0.998,1.7571428571428571,2879.0,-0.0025407267221440044,-0.0026706318358282743
2.223065507935638,-1.004439295202658,13.655556289124128,0.998,1.7545714285714287,2880.0,-0.0025407267221444485,-0.0026706318358282743
2.2205247812134936,-1.0043266909031314,13.6528856572883,0.998,1.752,2881.0,-0.0025407267221444485,-0.0026706318358282743
2.2178193651087064,-1.0044865695757712,13.653922227528543,0.998,1.7494285714285713,2882.0,-0.0027054161047872505,0.0010365702402435062
2.2151139490039196,-1.004646448248411,13.654958797768787,0.998,1.7468571428571429,2883.0,-0.0027054161047868064,0.0010365702402435062
2.2124085328991323,-1.004806326921051,13.65599536800903,0.998,1.7442857142857142,2884.0,-0.0027054161047872505,0.0010365702402435062
2.209703116794345,-1.0049662055936908,13.657031938249274,0.998,1.7417142857142858,2885.0,-0.0027054161047872505,0.0010365702402435062
2.2069977006895583,-1.0051260842663305,13.658068508489517,0.998,1.739142857142857,2886.0,-0.0027054161047868064,0.0010365702402435062
2.204292284584771,-1.0052859629389703,13.65910507872976,0.998,1.7365714285714287,2887.0,-0.0027054161047872505,0.0010365702402435062
2.201586868479984,-1.00544584161161,13.660141648970004,0.998,1.734,2888.0,-0.0027054161047868064,0.0010365702402435062
2.198881452375197,-1.00560572028425,13.66117821921025,0.998,1.7314285714285713,2889.0,-0.0027054161047872505,0.0010365702402452825
2.1961760362704097,-1.0057655989568899,13.662214789450493,0.998,1.7288571428571429,2890.0,-0.0027054161047872505,0.0010365702402435062
2.193470620165623,-1.0059254776295297,13.663251359690737,0.998,1.7262857142857142,2891.0,-0.0027054161047868064,0.0010365702402435062
2.1907652040608356,-1.0060853563021694,13.66428792993098,0.998,1.7237142857142858,2892.0,-0.0027054161047872505,0.0010365702402435062
2.1880597879560484,-1.0062452349748094,13.665324500171224,0.998,1.721142857142857,2893.0,-0.0027054161047872505,0.0010365702402435062
2.1853543718512616,-1.0064051136474492,13.666361070411467,0.998,1.7185714285714286,2894.0,-0.0027054161047868064,0.0010365702402435062
2.1826489557464743,-1.006564992320089,13.66739764065171,0.998,1.716,2895.0,-0.0027054161047872505,0.0010365702402435062
2.1799189072206206,-1.0064882534544775,13.676060179462045,0.998,1.7132857142857143,2896.0,-0.002730048525853679,0.008662538810334297
2.1771888586947665,-1.006411514588866,13.684722718272377,0.998,1.7105714285714286,2897.0,-0.002730048525854123,0.00866253881033252
2.174458810168913,-1.0063347757232544,13.693385257082712,0.998,1.7078571428571427,2898.0,-0.002730048525853679,0.008662538810334297
2.171728761643059,-1.0062580368576426,13.702047795893046,0.998,1.705142857142857,2899.0,-0.002730048525853679,0.008662538810334297
2.1689987131172055,-1.006181297992031,13.71071033470338,0.998,1.7024285714285714,2900.0,-0.002730048525853679,0.008662538810334297
2.1662686645913514,-1.0061045591264195,13.719372873513713,0.998,1.6997142857142857,2901.0,-0.002730048525854123,0.00866253881033252
2.1635386160654977,-1.006027820260808,13.728035412324047,0.998,1.6969999999999998,2902.0,-0.002730048525853679,0.008662538810334297
2.160808567539644,-1.0059510813951964,13.736697951134381,0.998,1.6942857142857142,2903.0,-0.002730048525853679,0.008662538810334297
2.15807851901379,-1.0058743425295849,13.745360489944714,0.998,1.6915714285714285,2904.0,-0.002730048525854123,0.00866253881033252
2.155348470487936,-1.0057976036639733,13.754023028755048,0.998,1.6888571428571428,2905.0,-0.002730048525853679,0.008662538810334297
2.1526184219620825,-1.0057208647983615,13.762685567565383,0.998,1.6861428571428572,2906.0,-0.002730048525853679,0.008662538810334297
2.149888373436229,-1.00564412593275,13.771348106375717,0.998,1.6834285714285713,2907.0,-0.002730048525853679,0.008662538810334297
2.1471583249103747,-1.0055673870671384,13.78001064518605,0.998,1.6807142857142856,2908.0,-0.002730048525854123,0.00866253881033252
2.144428276384521,-1.005490648201527,13.788673183996384,0.998,1.678,2909.0,-0.002730048525853679,0.008662538810334297
2.141665048815191,-1.0055083013964434,13.806258685377449,0.998,1.675142857142857,2910.0,-0.0027632275693298958,0.017585501381065072
2.138901821245861,-1.0055259545913597,13.823844186758512,0.998,1.6722857142857142,2911.0,-0.00276322756933034,0.017585501381063295
2.136138593676531,-1.0055436077862763,13.841429688139577,0.998,1.6694285714285713,2912.0,-0.0027632275693298958,0.017585501381065072
2.1333753661072006,-1.0055612609811928,13.859015189520642,0.998,1.6665714285714286,2913.0,-0.00276322756933034,0.017585501381065072
2.1306121385378707,-1.0055789141761091,13.876600690901707,0.998,1.6637142857142857,2914.0,-0.0027632275693298958,0.017585501381065072
2.1278489109685403,-1.0055965673710257,13.89418619228277,0.998,1.6608571428571428,2915.0,-0.00276322756933034,0.017585501381063295
2.1250856833992104,-1.005614220565942,13.911771693663836,0.998,1.658,2916.0,-0.0027632275693298958,0.017585501381065072
2.1223224558298805,-1.0056318737608585,13.9293571950449,0.998,1.655142857142857,2917.0,-0.0027632275693298958,0.017585501381065072
2.11955922826055,-1.005649526955775,13.946942696425964,0.998,1.6522857142857141,2918.0,-0.00276322756933034,0.017585501381063295
2.1167960006912203,-1.0056671801506913,13.964528197807029,0.998,1.6494285714285712,2919.0,-0.0027632275693298958,0.017585501381065072
2.11403277312189,-1.0056848333456079,13.982113699188094,0.998,1.6465714285714286,2920.0,-0.00276322756933034,0.017585501381065072
2.11126954555256,-1.0057024865405244,13.99969920056916,0.998,1.6437142857142857,2921.0,-0.0027632275693298958,0.017585501381065072
2.1085063179832297,-1.0057201397354407,14.017284701950222,0.998,1.6408571428571428,2922.0,-0.00276322756933034,0.017585501381063295
2.1057430904139,-1.0057377929303573,14.034870203331288,0.998,1.638,2923.0,-0.0027632275693298958,0.017585501381065072
2.102979196073743,-1.0056919533139201,14.042864483110396,0.998,1.6352142857142855,2924.0,-0.0027638943401568916,0.007994279779108382
2.1002153017335865,-1.0056461136974828,14.050858762889504,0.998,1.6324285714285713,2925.0,-0.0027638943401564475,0.007994279779108382
2.0974514073934296,-1.0056002740810457,14.058853042668613,0.998,1.6296428571428572,2926.0,-0.0027638943401568916,0.007994279779108382
2.094687513053273,-1.0055544344646083,14.066847322447721,0.998,1.6268571428571428,2927.0,-0.0027638943401564475,0.007994279779108382
2.0919236187131163,-1.0055085948481712,14.07484160222683,0.998,1.6240714285714284,2928.0,-0.0027638943401568916,0.007994279779108382
2.08915972437296,-1.005462755231734,14.082835882005938,0.998,1.6212857142857142,2929.0,-0.0027638943401564475,0.007994279779108382
2.086395830032803,-1.0054169156152968,14.090830161785046,0.998,1.6185,2930.0,-0.0027638943401568916,0.007994279779108382
2.083631935692646,-1.0053710759988597,14.098824441564153,0.998,1.6157142857142857,2931.0,-0.0027638943401568916,0.007994279779106606
2.0808680413524896,-1.0053252363824223,14.106818721343261,0.998,1.6129285714285713,2932.0,-0.0027638943401564475,0.007994279779108382
2.0781041470123327,-1.0052793967659852,14.11481300112237,0.998,1.610142857142857,2933.0,-0.0027638943401568916,0.007994279779108382
2.0753402526721763,-1.0052335571495479,14.122807280901478,0.998,1.607357142857143,2934.0,-0.0027638943401564475,0.007994279779108382
2.0725763583320194,-1.0051877175331108,14.130801560680586,0.998,1.6045714285714285,2935.0,-0.0027638943401568916,0.007994279779108382
2.069812463991863,-1.0051418779166734,14.138795840459695,0.998,1.6017857142857141,2936.0,-0.0027638943401564475,0.007994279779108382
2.067048569651706,-1.0050960383002363,14.146790120238803,0.998,1.599,2937.0,-0.0027638943401568916,0.007994279779108382
2.0640372883777607,-1.005093811994926,14.163282675653127,0.998,1.596,2938.0,-0.003011281273945343,0.016492555414323817
2.061026007103815,-1.0050915856896154,14.17977523106745,0.998,1.593,2939.0,-0.0030112812739457873,0.016492555414323817
2.0580147258298696,-1.005089359384305,14.196267786481775,0.998,1.59,2940.0,-0.003011281273945343,0.016492555414323817
2.0550034445559238,-1.0050871330789948,14.2127603418961,0.998,1.587,2941.0,-0.0030112812739457873,0.016492555414325594
2.0519921632819784,-1.0050849067736842,14.229252897310424,0.998,1.584,2942.0,-0.003011281273945343,0.016492555414323817
2.0489808820080326,-1.005082680468374,14.245745452724748,0.998,1.581,2943.0,-0.0030112812739457873,0.016492555414323817
2.0459696007340873,-1.0050804541630636,14.262238008139072,0.998,1.578,2944.0,-0.003011281273945343,0.016492555414323817
2.0429583194601415,-1.0050782278577532,14.278730563553395,0.998,1.575,2945.0,-0.0030112812739457873,0.016492555414323817
2.039947038186196,-1.0050760015524427,14.29522311896772,0.998,1.572,2946.0,-0.003011281273945343,0.016492555414323817
2.0369357569122504,-1.0050737752471324,14.311715674382045,0.998,1.569,2947.0,-0.0030112812739457873,0.016492555414325594
2.033924475638305,-1.005071548941822,14.328208229796369,0.998,1.566,2948.0,-0.003011281273945343,0.016492555414323817
2.0309131943643592,-1.0050693226365115,14.344700785210692,0.998,1.563,2949.0,-0.0030112812739457873,0.016492555414323817
2.027901913090414,-1.0050670963312012,14.361193340625016,0.998,1.56,2950.0,-0.003011281273945343,0.016492555414323817
2.0250988423620213,-1.0050493740418067,14.375822948025043,0.998,1.5571428571428572,2951.0,-0.002803070728392587,0.0146296074000265
2.022295771633629,-1.0050316517524123,14.390452555425068,0.998,1.5542857142857143,2952.0,-0.002803070728392143,0.014629607400024724
2.0194927009052366,-1.005013929463018,14.405082162825094,0.998,1.5514285714285714,2953.0,-0.002803070728392587,0.0146296074000265
2.0166896301768444,-1.0049962071736236,14.41971177022512,0.998,1.5485714285714287,2954.0,-0.002803070728392143,0.0146296074000265
2.013886559448452,-1.0049784848842291,14.434341377625145,0.998,1.5457142857142858,2955.0,-0.002803070728392587,0.014629607400024724
2.0110834887200597,-1.0049607625948347,14.448970985025172,0.998,1.542857142857143,2956.0,-0.002803070728392143,0.0146296074000265
2.008280417991667,-1.0049430403054402,14.463600592425196,0.998,1.54,2957.0,-0.002803070728392587,0.014629607400024724
2.0054773472632745,-1.004925318016046,14.478230199825223,0.998,1.5371428571428571,2958.0,-0.002803070728392587,0.0146296074000265
2.0026742765348824,-1.0049075957266516,14.49285980722525,0.998,1.5342857142857143,2959.0,-0.002803070728392143,0.0146296074000265
1.99987120580649,-1.004889873437257,14.507489414625274,0.998,1.5314285714285714,2960.0,-0.002803070728392365,0.014629607400024724
1.9970681350780974,-1.0048721511478627,14.5221190220253,0.998,1.5285714285714287,2961.0,-0.002803070728392587,0.0146296074000265
1.994265064349705,-1.0048544288584684,14.536748629425327,0.998,1.5257142857142858,2962.0,-0.002803070728392365,0.0146296074000265
1.9914619936213127,-1.004836706569074,14.551378236825352,0.998,1.522857142857143,2963.0,-0.002803070728392365,0.014629607400024724
1.9886589228929203,-1.0048189842796795,14.566007844225378,0.998,1.52,2964.0,-0.002803070728392365,0.0146296074000265
2.0522701745195278,-0.9330881325803506,14.57863985577645,0.9267428571428571,1.4114285714285715,2965.0,0.06361125162660741,0.012632011551071187
2.1158814261461347,-0.8613572808810216,14.591271867327519,0.8554857142857143,1.302857142857143,2966.0,0.06361125162660697,0.012632011551069411
2.179492677772742,-0.7896264291816927,14.60390387887859,0.7842285714285714,1.1942857142857144,2967.0,0.06361125162660741,0.012632011551071187
2.2431039293993495,-0.7178955774823637,14.616535890429661,0.7129714285714286,1.0857142857142859,2968.0,0.06361125162660741,0.012632011551071187
2.306715181025957,-0.6461647257830347,14.629167901980733,0.6417142857142857,0.9771428571428572,2969.0,0.06361125162660741,0.012632011551071187
2.370326432652564,-0.5744338740837058,14.641799913531802,0.5704571428571428,0.8685714285714285,2970.0,0.06361125162660697,0.012632011551069411
2.4339376842791713,-0.5027030223843768,14.654431925082873,0.4991999999999999,0.76,2971.0,0.06361125162660741,0.012632011551071187
2.4975489359057788,-0.4309721706850479,14.667063936633944,0.42794285714285707,0.6514285714285715,2972.0,0.06361125162660741,0.012632011551071187
2.5611601875323857,-0.3592413189857189,14.679695948185014,0.3566857142857142,0.5428571428571429,2973.0,0.06361125162660697,0.012632011551069411
2.624771439158993,-0.28751046728638996,14.692327959736085,0.28542857142857136,0.43428571428571433,2974.0,0.06361125162660741,0.012632011551071187
2.6883826907856005,-0.21577961558706105,14.704959971287156,0.21417142857142846,0.32571428571428573,2975.0,0.06361125162660741,0.012632011551071187
2.751993942412208,-0.14404876388773208,14.717591982838227,0.1429142857142856,0.2171428571428572,2976.0,0.06361125162660741,0.012632011551071187
2.815605194038815,-0.07231791218840312,14.730223994389297,0.07165714285714274,0.10857142857142862,2977.0,0.06361125162660697,0.012632011551069411
2.8792164456654223,-0.0005870604890741,14.742856005940368,0.0004,0.0,2978.0,0.06361125162660741,0.012632011551071187
2.900087935525709,-0.0006570254088445143,14.732411632095815,0.0004,0.0,2979.0,0.02087148986028664,-0.010444373844553212
2.920959425385996,-0.0007269903286149286,14.72196725825126,0.0004,0.0,2980.0,0.020871489860287085,-0.010444373844554988
2.9418309152462827,-0.0007969552483853429,14.711522884406707,0.0004,0.0,2981.0,0.02087148986028664,-0.010444373844553212
2.96270240510657,-0.0008669201681557571,14.701078510562153,0.0004,0.0,2982.0,0.020871489860287085,-0.010444373844553212
2.9835738949668564,-0.0009368850879261714,14.6906341367176,0.0004,0.0,2983.0,0.02087148986028664,-0.010444373844553212
3.0044453848271435,-0.0010068500076965857,14.680189762873045,0.0004,0.0,2984.0,0.020871489860287085,-0.010444373844554988
3.02531687468743,-0.001076814927467,14.669745389028492,0.0004,0.0,2985.0,0.02087148986028664,-0.010444373844553212
3.046188364547717,-0.0011467798472374142,14.659301015183939,0.0004,0.0,2986.0,0.02087148986028664,-0.010444373844553212
3.067059854408004,-0.0012167447670078284,14.648856641339384,0.0004,0.0,2987.0,0.020871489860287085,-0.010444373844554988
3.0879313442682905,-0.0012867096867782428,14.63841226749483,0.0004,0.0,2988.0,0.02087148986028664,-0.010444373844553212
3.1088028341285776,-0.001356674606548657,14.627967893650277,0.0004,0.0,2989.0,0.020871489860287085,-0.010444373844553212
3.1296743239888642,-0.0014266395263190714,14.617523519805724,0.0004,0.0,2990.0,0.02087148986028664,-0.010444373844553212
3.1505458138491513,-0.0014966044460894856,14.607079145961169,0.0004,0.0,2991.0,0.020871489860287085,-0.010444373844554988
3.171417303709438,-0.0015665693658599,14.596634772116616,0.0004,0.0,2992.0,0.02087148986028664,-0.010444373844553212
3.178019822006077,-0.0014796415281149642,14.587181451326154,0.0003857142857142857,0.0,2993.0,0.006602518296638937,-0.009453320790461461
3.1846223403027154,-0.0013927136903700286,14.577728130535693,0.00037142857142857143,0.0,2994.0,0.006602518296638493,-0.009453320790461461
3.1912248585993543,-0.0013057858526250928,14.568274809745233,0.00035714285714285714,0.0,2995.0,0.006602518296638937,-0.009453320790459685
3.197827376895993,-0.0012188580148801572,14.558821488954772,0.00034285714285714285,0.0,2996.0,0.006602518296638493,-0.009453320790461461
3.2044298951926318,-0.0011319301771352214,14.54936816816431,0.00032857142857142856,0.0,2997.0,0.006602518296638937,-0.009453320790461461
3.2110324134892703,-0.0010450023393902858,14.539914847373849,0.0003142857142857143,0.0,2998.0,0.006602518296638493,-0.009453320790461461
3.217634931785909,-0.00095807450164535,14.530461526583387,0.00030000000000000003,0.0,2999.0,0.006602518296638937,-0.009453320790461461
3.224237450082548,-0.0008711466639004143,14.521008205792928,0.00028571428571428574,0.0,3000.0,0.006602518296638937,-0.009453320790459685
3.2308399683791866,-0.0007842188261554786,14.511554885002466,0.00027142857142857144,0.0,3001.0,0.006602518296638493,-0.009453320790461461
3.2374424866758256,-0.0006972909884105429,14.502101564212005,0.00025714285714285715,0.0,3002.0,0.006602518296638937,-0.009453320790461461
3.244045004972464,-0.0006103631506656072,14.492648243421543,0.00024285714285714286,0.0,3003.0,0.006602518296638493,-0.009453320790461461
3.250647523269103,-0.0005234353129206714,14.483194922631084,0.00022857142857142857,0.0,3004.0,0.006602518296638937,-0.009453320790459685
3.2572500415657415,-0.00043650747517573577,14.473741601840622,0.00021428571428571427,0.0,3005.0,0.006602518296638493,-0.009453320790461461
3.2638525598623804,-0.0003495796374308,14.46428828105016,0.0002,0.0,3006.0,0.006602518296638937,-0.009453320790461461
3.2679854213581185,-0.0003964585756191286,14.450172661564824,0.0002,0.0,3007.0,0.004132861495738105,-0.01411561948533624
3.2721182828538566,-0.00044333751380745717,14.436057042079488,0.0002,0.0,3008.0,0.004132861495738105,-0.01411561948533624
3.2762511443495947,-0.0004902164519957858,14.421941422594152,0.0002,0.0,3009.0,0.004132861495738105,-0.01411561948533624
3.280384005845333,-0.0005370953901841143,14.407825803108816,0.0002,0.0,3010.0,0.004132861495738105,-0.01411561948533624
3.284516867341071,-0.000583974328372443,14.39371018362348,0.0002,0.0,3011.0,0.004132861495738105,-0.01411561948533624
3.288649728836809,-0.0006308532665607715,14.379594564138143,0.0002,0.0,3012.0,0.004132861495738105,-0.01411561948533624
3.2927825903325476,-0.0006777322047491001,14.365478944652807,0.0002,0.0,3013.0,0.004132861495738549,-0.01411561948533624
3.2969154518282857,-0.0007246111429374286,14.351363325167473,0.0002,0.0,3014.0,0.004132861495738105,-0.014115619485334463
3.301048313324024,-0.0007714900811257573,14.337247705682136,0.0002,0.0,3015.0,0.004132861495738105,-0.01411561948533624
3.305181174819762,-0.0008183690193140858,14.3231320861968,0.0002,0.0,3016.0,0.004132861495738105,-0.01411561948533624
3.3093140363155,-0.0008652479575024144,14.309016466711464,0.0002,0.0,3017.0,0.004132861495738105,-0.01411561948533624
3.313446897811238,-0.000912126895690743,14.294900847226128,0.0002,0.0,3018.0,0.004132861495738105,-0.01411561948533624
3.3175797593069762,-0.0009590058338790716,14.280785227740791,0.0002,0.0,3019.0,0.004132861495738105,-0.01411561948533624
3.3217126208027143,-0.0010058847720674,14.266669608255455,0.0002,0.0,3020.0,0.004132861495738105,-0.01411561948533624
3.3247664763102827,-0.0012264039640663715,14.248268090941139,0.0002142857142857143,0.0,3021.0,0.003053855507568315,-0.018401517314316607
3.327820331817851,-0.0014469231560653429,14.229866573626822,0.0002285714285714286,0.0,3022.0,0.003053855507568315,-0.018401517314316607
3.3308741873254193,-0.0016674423480643142,14.211465056312505,0.00024285714285714286,0.0,3023.0,0.003053855507568315,-0.018401517314316607
3.3339280428329876,-0.0018879615400632858,14.19306353899819,0.00025714285714285715,0.0,3024.0,0.003053855507568315,-0.01840151731431483
3.336981898340556,-0.002108480732062257,14.174662021683874,0.00027142857142857144,0.0,3025.0,0.003053855507568315,-0.018401517314316607
3.3400357538481242,-0.0023289999240612286,14.156260504369557,0.00028571428571428574,0.0,3026.0,0.003053855507568315,-0.018401517314316607
3.3430896093556925,-0.0025495191160601997,14.13785898705524,0.00030000000000000003,0.0,3027.0,0.003053855507568315,-0.018401517314316607
3.3461434648632613,-0.0027700383080591713,14.119457469740924,0.0003142857142857143,0.0,3028.0,0.003053855507568759,-0.018401517314316607
3.3491973203708296,-0.002990557500058143,14.101055952426607,0.0003285714285714286,0.0,3029.0,0.003053855507568315,-0.018401517314316607
3.352251175878398,-0.003211076692057114,14.08265443511229,0.0003428571428571429,0.0,3030.0,0.003053855507568315,-0.018401517314316607
3.3553050313859663,-0.0034315958840560857,14.064252917797976,0.00035714285714285714,0.0,3031.0,0.003053855507568315,-0.01840151731431483
3.3583588868935346,-0.003652115076055057,14.04585140048366,0.00037142857142857143,0.0,3032.0,0.003053855507568315,-0.018401517314316607
3.361412742401103,-0.0038726342680540284,14.027449883169343,0.0003857142857142857,0.0,3033.0,0.003053855507568315,-0.018401517314316607
3.364466597908671,-0.004093153460053,14.009048365855026,0.0004,0.0,3034.0,0.003053855507568315,-0.018401517314316607
3.3668826969570884,-0.0038041985014738953,13.997366310165397,0.0003857142857142857,0.0,3035.0,0.0024160990484172196,-0.011682055689629323
3.3692987960055056,-0.003515243542894791,13.985684254475766,0.00037142857142857143,0.0,3036.0,0.0024160990484172196,-0.011682055689631099
3.371714895053923,-0.003226288584315687,13.974002198786135,0.00035714285714285714,0.0,3037.0,0.0024160990484172196,-0.011682055689631099
3.37413099410234,-0.0029373336257365826,13.962320143096505,0.00034285714285714285,0.0,3038.0,0.0024160990484172196,-0.011682055689629323
3.3765470931507573,-0.0026483786671574784,13.950638087406876,0.00032857142857142856,0.0,3039.0,0.0024160990484172196,-0.011682055689629323
3.3789631921991745,-0.002359423708578374,13.938956031717245,0.0003142857142857143,0.0,3040.0,0.0024160990484172196,-0.011682055689631099
3.3813792912475917,-0.00207046874999927,13.927273976027614,0.00030000000000000003,0.0,3041.0,0.0024160990484172196,-0.011682055689631099
3.3837953902960094,-0.0017815137914201657,13.915591920337985,0.00028571428571428574,0.0,3042.0,0.0024160990484176637,-0.011682055689629323
3.3862114893444266,-0.0014925588328410615,13.903909864648355,0.00027142857142857144,0.0,3043.0,0.0024160990484172196,-0.011682055689629323
3.388627588392844,-0.0012036038742619572,13.892227808958724,0.00025714285714285715,0.0,3044.0,0.0024160990484172196,-0.011682055689631099
3.391043687441261,-0.000914648915682853,13.880545753269093,0.00024285714285714286,0.0,3045.0,0.0024160990484172196,-0.011682055689631099
3.3934597864896783,-0.0006256939571037488,13.868863697579464,0.00022857142857142857,0.0,3046.0,0.0024160990484172196,-0.011682055689629323
3.3958758855380955,-0.00033673899852464453,13.857181641889834,0.00021428571428571427,0.0,3047.0,0.0024160990484172196,-0.011682055689629323
3.3982919845865127,-4.778403994554072e-05,13.845499586200203,0.0002,0.0,3048.0,0.0024160990484172196,-0.011682055689631099
3.4002601365383627,-5.4979337767573524e-05,13.830257548924548,0.0002142857142857143,0.0,3049.0,0.0019681519518499613,-0.015242037275655207
3.4022282884902126,-6.217463558960633e-05,13.815015511648893,0.0002285714285714286,0.0,3050.0,0.0019681519518499613,-0.015242037275655207
3.4041964404420626,-6.936993341163914e-05,13.79977347437324,0.00024285714285714286,0.0,3051.0,0.0019681519518499613,-0.01524203727565343
3.4061645923939126,-7.656523123367195e-05,13.784531437097584,0.00025714285714285715,0.0,3052.0,0.0019681519518499613,-0.015242037275655207
3.4081327443457625,-8.376052905570475e-05,13.769289399821929,0.00027142857142857144,0.0,3053.0,0.0019681519518499613,-0.015242037275655207
3.4101008962976125,-9.095582687773756e-05,13.754047362546274,0.00028571428571428574,0.0,3054.0,0.0019681519518499613,-0.015242037275655207
3.4120690482494624,-9.815112469977036e-05,13.738805325270619,0.00030000000000000003,0.0,3055.0,0.0019681519518499613,-0.015242037275655207
3.414037200201313,-0.00010534642252180317,13.723563287994965,0.0003142857142857143,0.0,3056.0,0.0019681519518504054,-0.01524203727565343
3.416005352153163,-0.00011254172034383598,13.70832125071931,0.0003285714285714286,0.0,3057.0,0.0019681519518499613,-0.015242037275655207
3.4179735041050128,-0.00011973701816586877,13.693079213443655,0.0003428571428571429,0.0,3058.0,0.0019681519518499613,-0.015242037275655207
3.4199416560568627,-0.00012693231598790157,13.677837176168,0.00035714285714285714,0.0,3059.0,0.0019681519518499613,-0.015242037275655207
3.4219098080087127,-0.00013412761380993438,13.662595138892346,0.00037142857142857143,0.0,3060.0,0.0019681519518499613,-0.01524203727565343
3.4238779599605627,-0.0001413229116319672,13.647353101616691,0.0003857142857142857,0.0,3061.0,0.0019681519518499613,-0.015242037275655207
3.4258461119124126,-0.000148518209454,13.632111064341036,0.0004,0.0,3062.0,0.0019681519518499613,-0.015242037275655207
3.427532580224329,-9.79429891371e-05,13.616037468260668,0.0004,0.0,3063.0,0.0016864683119162116,-0.016073596080367736
3.4292190485362455,-4.7367768820200004e-05,13.5999638721803,0.0004,0.0,3064.0,0.0016864683119166557,-0.016073596080367736
3.4309055168481617,3.207451496699997e-06,13.583890276099932,0.0004,0.0,3065.0,0.0016864683119162116,-0.016073596080367736
3.432591985160078,5.37826718136e-05,13.567816680019565,0.0004,0.0,3066.0,0.0016864683119162116,-0.016073596080367736
3.4342784534719946,0.0001043578921305,13.551743083939197,0.0004,0.0,3067.0,0.0016864683119166557,-0.016073596080367736
3.4359649217839108,0.0001549331124474,13.53566948785883,0.0004,0.0,3068.0,0.0016864683119162116,-0.016073596080367736
3.437651390095827,0.0002055083327643,13.519595891778462,0.0004,0.0,3069.0,0.0016864683119162116,-0.016073596080367736
3.4393378584077436,0.00025608355308120003,13.503522295698094,0.0004,0.0,3070.0,0.0016864683119166557,-0.016073596080367736
3.44102432671966,0.00030665877339810003,13.487448699617726,0.0004,0.0,3071.0,0.0016864683119162116,-0.016073596080367736
3.4427107950315765,0.00035723399371500003,13.471375103537358,0.0004,0.0,3072.0,0.0016864683119166557,-0.016073596080367736
3.4443972633434927,0.00040780921403190003,13.45530150745699,0.0004,0.0,3073.0,0.0016864683119162116,-0.016073596080367736
3.446083731655409,0.00045838443434880003,13.439227911376623,0.0004,0.0,3074.0,0.0016864683119162116,-0.016073596080367736
3.4477701999673256,0.0005089596546657,13.423154315296255,0.0004,0.0,3075.0,0.0016864683119166557,-0.016073596080367736
3.449456668279242,0.0005595348749826,13.407080719215887,0.0004,0.0,3076.0,0.0016864683119162116,-0.016073596080367736
3.4508923189670573,0.00043375595148557145,13.3916434650917,0.0003857142857142857,0.0,3077.0,0.0014356506878154818,-0.01543725412418695
3.4523279696548723,0.0003079770279885429,13.376206210967513,0.00037142857142857143,0.0,3078.0,0.0014356506878150377,-0.01543725412418695
3.453763620342688,0.0001821981044915143,13.360768956843327,0.00035714285714285714,0.0,3079.0,0.0014356506878154818,-0.01543725412418695
3.4551992710305033,5.641918099448572e-05,13.34533170271914,0.00034285714285714285,0.0,3080.0,0.0014356506878154818,-0.01543725412418695
3.4566349217183188,-6.935974250254286e-05,13.329894448594953,0.00032857142857142856,0.0,3081.0,0.0014356506878154818,-0.01543725412418695
3.458070572406134,-0.00019513866599957144,13.314457194470766,0.0003142857142857143,0.0,3082.0,0.0014356506878150377,-0.01543725412418695
3.4595062230939493,-0.0003209175894966,13.299019940346579,0.00030000000000000003,0.0,3083.0,0.0014356506878154818,-0.01543725412418695
3.4609418737817648,-0.0004466965129936286,13.28358268622239,0.00028571428571428574,0.0,3084.0,0.0014356506878154818,-0.015437254124188726
3.46237752446958,-0.0005724754364906572,13.268145432098203,0.00027142857142857144,0.0,3085.0,0.0014356506878150377,-0.01543725412418695
3.4638131751573953,-0.0006982543599876858,13.252708177974016,0.00025714285714285715,0.0,3086.0,0.0014356506878154818,-0.01543725412418695
3.4652488258452108,-0.0008240332834847143,13.23727092384983,0.00024285714285714286,0.0,3087.0,0.0014356506878154818,-0.01543725412418695
3.4666844765330262,-0.0009498122069817429,13.221833669725642,0.00022857142857142857,0.0,3088.0,0.0014356506878154818,-0.01543725412418695
3.4681201272208413,-0.0010755911304787715,13.206396415601455,0.00021428571428571427,0.0,3089.0,0.0014356506878150377,-0.01543725412418695
3.4695557779086568,-0.0012013700539758,13.190959161477268,0.0002,0.0,3090.0,0.0014356506878154818,-0.01543725412418695
3.470826511109144,-0.001246191329382,13.177442037048506,0.0002,0.0,3091.0,0.0012707332004873173,-0.013517124428762628
3.472097244309632,-0.0012910126047882,13.163924912619743,0.0002,0.0,3092.0,0.0012707332004877614,-0.013517124428762628
3.473367977510119,-0.0013358338801944,13.150407788190979,0.0002,0.0,3093.0,0.0012707332004873173,-0.013517124428764404
3.474638710710607,-0.0013806551556006,13.136890663762216,0.0002,0.0,3094.0,0.0012707332004877614,-0.013517124428762628
3.4759094439110942,-0.0014254764310068,13.123373539333453,0.0002,0.0,3095.0,0.0012707332004873173,-0.013517124428762628
3.477180177111582,-0.0014702977064130001,13.10985641490469,0.0002,0.0,3096.0,0.0012707332004877614,-0.013517124428762628
3.4784509103120693,-0.0015151189818192001,13.096339290475928,0.0002,0.0,3097.0,0.0012707332004873173,-0.013517124428762628
3.4797216435125566,-0.0015599402572254,13.082822166047164,0.0002,0.0,3098.0,0.0012707332004873173,-0.013517124428764404
3.4809923767130444,-0.0016047615326316,13.069305041618401,0.0002,0.0,3099.0,0.0012707332004877614,-0.013517124428762628
3.4822631099135317,-0.0016495828080378,13.055787917189638,0.0002,0.0,3100.0,0.0012707332004873173,-0.013517124428762628
3.4835338431140195,-0.001694404083444,13.042270792760876,0.0002,0.0,3101.0,0.0012707332004877614,-0.013517124428762628
3.484804576314507,-0.0017392253588502,13.028753668332111,0.0002,0.0,3102.0,0.0012707332004873173,-0.013517124428764404
3.4860753095149946,-0.0017840466342564,13.015236543903349,0.0002,0.0,3103.0,0.0012707332004877614,-0.013517124428762628
3.487346042715482,-0.0018288679096626,13.001719419474586,0.0002,0.0,3104.0,0.0012707332004873173,-0.013517124428762628
3.4884600191718502,-0.001816280261894093,12.983242967402386,0.0002142857142857143,0.0,3105.0,0.0011139764563683485,-0.018476452072199834
3.4895739956282186,-0.0018036926141255859,12.964766515330187,0.0002285714285714286,0.0,3106.0,0.0011139764563683485,-0.018476452072199834
3.490687972084587,-0.0017911049663570787,12.946290063257987,0.00024285714285714286,0.0,3107.0,0.0011139764563683485,-0.018476452072199834
3.4918019485409553,-0.0017785173185885714,12.927813611185789,0.00025714285714285715,0.0,3108.0,0.0011139764563683485,-0.018476452072198057
3.4929159249973236,-0.0017659296708200643,12.909337159113589,0.00027142857142857144,0.0,3109.0,0.0011139764563683485,-0.018476452072199834
3.494029901453692,-0.0017533420230515572,12.890860707041389,0.00028571428571428574,0.0,3110.0,0.0011139764563683485,-0.018476452072199834
3.4951438779100603,-0.00174075437528305,12.87238425496919,0.00030000000000000003,0.0,3111.0,0.0011139764563683485,-0.018476452072199834
3.496257854366429,-0.001728166727514543,12.85390780289699,0.0003142857142857143,0.0,3112.0,0.0011139764563687926,-0.018476452072199834
3.4973718308227975,-0.0017155790797460358,12.83543135082479,0.0003285714285714286,0.0,3113.0,0.0011139764563683485,-0.018476452072199834
3.498485807279166,-0.0017029914319775287,12.81695489875259,0.0003428571428571429,0.0,3114.0,0.0011139764563683485,-0.018476452072199834
3.499599783735534,-0.0016904037842090213,12.798478446680392,0.00035714285714285714,0.0,3115.0,0.0011139764563683485,-0.018476452072198057
3.5007137601919025,-0.0016778161364405142,12.780001994608192,0.00037142857142857143,0.0,3116.0,0.0011139764563683485,-0.018476452072199834
3.501827736648271,-0.001665228488672007,12.761525542535992,0.0003857142857142857,0.0,3117.0,0.0011139764563683485,-0.018476452072199834
3.502941713104639,-0.0016526408409035,12.743049090463792,0.0004,0.0,3118.0,0.0011139764563683485,-0.018476452072199834
3.5039215854461117,-0.0015767616097806857,12.734006477982986,0.0003857142857142857,0.0,3119.0,0.0009798723414724542,-0.009042612480806511
3.5049014577875837,-0.0015008823786578714,12.72496386550218,0.00037142857142857143,0.0,3120.0,0.00097987234147201,-0.009042612480804735
3.505881330129056,-0.001425003147535057,12.715921253021374,0.00035714285714285714,0.0,3121.0,0.0009798723414724542,-0.009042612480806511
3.5068612024705286,-0.0013491239164122428,12.706878640540568,0.00034285714285714285,0.0,3122.0,0.0009798723414724542,-0.009042612480806511
3.507841074812001,-0.0012732446852894285,12.697836028059763,0.00032857142857142856,0.0,3123.0,0.0009798723414724542,-0.009042612480804735
3.508820947153473,-0.0011973654541666142,12.688793415578957,0.0003142857142857143,0.0,3124.0,0.00097987234147201,-0.009042612480806511
3.5098008194949455,-0.0011214862230437999,12.679750803098152,0.00030000000000000003,0.0,3125.0,0.0009798723414724542,-0.009042612480804735
3.510780691836418,-0.0010456069919209856,12.670708190617345,0.00028571428571428574,0.0,3126.0,0.0009798723414724542,-0.009042612480806511
3.51176056417789,-0.0009697277607981714,12.661665578136539,0.00027142857142857144,0.0,3127.0,0.00097987234147201,-0.009042612480806511
3.5127404365193624,-0.0008938485296753571,12.652622965655734,0.00025714285714285715,0.0,3128.0,0.0009798723414724542,-0.009042612480804735
3.513720308860835,-0.0008179692985525428,12.643580353174928,0.00024285714285714286,0.0,3129.0,0.0009798723414724542,-0.009042612480806511
3.5147001812023073,-0.0007420900674297286,12.634537740694121,0.00022857142857142857,0.0,3130.0,0.0009798723414724542,-0.009042612480806511
3.5156800535437793,-0.0006662108363069143,12.625495128213316,0.00021428571428571427,0.0,3131.0,0.00097987234147201,-0.009042612480804735
3.516659925885252,-0.0005903316051841,12.61645251573251,0.0002,0.0,3132.0,0.0009798723414724542,-0.009042612480806511
3.517563431681568,-0.0006094726808757143,12.603257762341698,0.0002142857142857143,0.0,3133.0,0.0009035057963160398,-0.013194753390811442
3.5184669374778834,-0.0006286137565673286,12.590063008950887,0.0002285714285714286,0.0,3134.0,0.0009035057963155957,-0.013194753390811442
3.5193704432741995,-0.0006477548322589429,12.576868255560074,0.00024285714285714286,0.0,3135.0,0.0009035057963160398,-0.013194753390813219
3.520273949070515,-0.0006668959079505571,12.563673502169262,0.00025714285714285715,0.0,3136.0,0.0009035057963155957,-0.013194753390811442
3.521177454866831,-0.0006860369836421714,12.55047874877845,0.00027142857142857144,0.0,3137.0,0.0009035057963160398,-0.013194753390811442
3.5220809606631467,-0.0007051780593337857,12.53728399538764,0.00028571428571428574,0.0,3138.0,0.0009035057963155957,-0.013194753390811442
3.5229844664594627,-0.0007243191350254,12.524089241996828,0.00030000000000000003,0.0,3139.0,0.0009035057963160398,-0.013194753390811442
3.5238879722557788,-0.0007434602107170143,12.510894488606015,0.0003142857142857143,0.0,3140.0,0.0009035057963160398,-0.013194753390813219
3.5247914780520944,-0.0007626012864086286,12.497699735215203,0.0003285714285714286,0.0,3141.0,0.0009035057963155957,-0.013194753390811442
3.5256949838484104,-0.0007817423621002428,12.484504981824392,0.0003428571428571429,0.0,3142.0,0.0009035057963160398,-0.013194753390811442
3.526598489644726,-0.0008008834377918571,12.47131022843358,0.00035714285714285714,0.0,3143.0,0.0009035057963155957,-0.013194753390811442
3.527501995441042,-0.0008200245134834714,12.458115475042767,0.00037142857142857143,0.0,3144.0,0.0009035057963160398,-0.013194753390813219
3.5284055012373576,-0.0008391655891750857,12.444920721651956,0.0003857142857142857,0.0,3145.0,0.0009035057963155957,-0.013194753390811442
3.5293090070336737,-0.0008583066648667,12.431725968261144,0.0004,0.0,3146.0,0.0009035057963160398,-0.013194753390811442
3.5301047314924148,-0.0008762909350146928,12.414270113474766,0.0004,0.0,3147.0,0.0007957244587410983,-0.017455854786378566
3.530900455951156,-0.0008942752051626857,12.396814258688385,0.0004,0.0,3148.0,0.0007957244587410983,-0.017455854786380343
3.531696180409897,-0.0009122594753106785,12.379358403902007,0.0004,0.0,3149.0,0.0007957244587410983,-0.017455854786378566
3.532491904868638,-0.0009302437454586714,12.361902549115628,0.0004,0.0,3150.0,0.0007957244587410983,-0.017455854786378566
3.533287629327379,-0.0009482280156066643,12.344446694329248,0.0004,0.0,3151.0,0.0007957244587410983,-0.017455854786380343
3.5340833537861203,-0.0009662122857546572,12.32699083954287,0.0004,0.0,3152.0,0.0007957244587410983,-0.017455854786378566
3.534879078244862,-0.00098419655590265,12.309534984756489,0.0004,0.0,3153.0,0.0007957244587415424,-0.017455854786380343
3.535674802703603,-0.001002180826050643,12.29207912997011,0.0004,0.0,3154.0,0.0007957244587410983,-0.017455854786378566
3.536470527162344,-0.0010201650961986356,12.274623275183732,0.0004,0.0,3155.0,0.0007957244587410983,-0.017455854786378566
3.537266251621085,-0.0010381493663466285,12.257167420397352,0.0004,0.0,3156.0,0.0007957244587410983,-0.017455854786380343
3.538061976079826,-0.0010561336364946214,12.239711565610973,0.0004,0.0,3157.0,0.0007957244587410983,-0.017455854786378566
3.5388577005385673,-0.0010741179066426144,12.222255710824594,0.0004,0.0,3158.0,0.0007957244587410983,-0.017455854786378566
3.5396534249973084,-0.001092102176790607,12.204799856038214,0.0004,0.0,3159.0,0.0007957244587410983,-0.017455854786380343
3.5404491494560495,-0.0011100864469386,12.187344001251835,0.0004,0.0,3160.0,0.0007957244587410983,-0.017455854786378566
3.5411784633608256,-0.0011261016674288572,12.177342348424972,0.0003857142857142857,0.0,3161.0,0.0007293139047761521,-0.010001652826863605
3.5419077772656022,-0.0011421168879191142,12.167340695598106,0.00037142857142857143,0.0,3162.0,0.0007293139047765962,-0.010001652826865381
3.5426370911703784,-0.0011581321084093714,12.157339042771243,0.00035714285714285714,0.0,3163.0,0.0007293139047761521,-0.010001652826863605
3.5433664050751545,-0.0011741473288996286,12.147337389944378,0.00034285714285714285,0.0,3164.0,0.0007293139047761521,-0.010001652826865381
3.544095718979931,-0.0011901625493898858,12.137335737117514,0.00032857142857142856,0.0,3165.0,0.0007293139047765962,-0.010001652826863605
3.5448250328847073,-0.0012061777698801428,12.127334084290649,0.0003142857142857143,0.0,3166.0,0.0007293139047761521,-0.010001652826865381
3.545554346789484,-0.0012221929903704,12.117332431463785,0.00030000000000000003,0.0,3167.0,0.0007293139047765962,-0.010001652826863605
3.54628366069426,-0.0012382082108606573,12.107330778636921,0.00028571428571428574,0.0,3168.0,0.0007293139047761521,-0.010001652826863605
3.547012974599036,-0.0012542234313509142,12.097329125810056,0.00027142857142857144,0.0,3169.0,0.0007293139047761521,-0.010001652826865381
3.547742288503813,-0.0012702386518411715,12.087327472983192,0.00025714285714285715,0.0,3170.0,0.0007293139047765962,-0.010001652826863605
3.548471602408589,-0.0012862538723314287,12.077325820156327,0.00024285714285714286,0.0,3171.0,0.0007293139047761521,-0.010001652826865381
3.549200916313365,-0.0013022690928216859,12.067324167329463,0.00022857142857142857,0.0,3172.0,0.0007293139047761521,-0.010001652826863605
3.5499302302181417,-0.0013182843133119429,12.057322514502598,0.00021428571428571427,0.0,3173.0,0.0007293139047765962,-0.010001652826865381
3.550659544122918,-0.0013342995338022,12.047320861675734,0.0002,0.0,3174.0,0.0007293139047761521,-0.010001652826863605
3.5513319024832057,-0.0012881525924321215,12.033328294902125,0.0002142857142857143,0.0,3175.0,0.0006723583602878946,-0.013992566773609383
3.552004260843494,-0.0012420056510620428,12.019335728128514,0.0002285714285714286,0.0,3176.0,0.0006723583602883387,-0.01399256677361116
3.552676619203782,-0.0011958587096919644,12.005343161354904,0.00024285714285714286,0.0,3177.0,0.0006723583602878946,-0.013992566773609383
3.5533489775640703,-0.0011497117683218858,11.991350594581295,0.00025714285714285715,0.0,3178.0,0.0006723583602883387,-0.013992566773609383
3.554021335924358,-0.0011035648269518072,11.977358027807684,0.00027142857142857144,0.0,3179.0,0.0006723583602878946,-0.01399256677361116
3.5546936942846465,-0.0010574178855817286,11.963365461034074,0.00028571428571428574,0.0,3180.0,0.0006723583602883387,-0.013992566773609383
3.5553660526449344,-0.0010112709442116502,11.949372894260463,0.00030000000000000003,0.0,3181.0,0.0006723583602878946,-0.01399256677361116
3.5560384110052223,-0.0009651240028415715,11.935380327486854,0.0003142857142857143,0.0,3182.0,0.0006723583602878946,-0.013992566773609383
3.5567107693655107,-0.0009189770614714929,11.921387760713245,0.0003285714285714286,0.0,3183.0,0.0006723583602883387,-0.013992566773609383
3.5573831277257986,-0.0008728301201014143,11.907395193939633,0.0003428571428571429,0.0,3184.0,0.0006723583602878946,-0.01399256677361116
3.558055486086087,-0.0008266831787313358,11.893402627166024,0.00035714285714285714,0.0,3185.0,0.0006723583602883387,-0.013992566773609383
3.558727844446375,-0.0007805362373612571,11.879410060392415,0.00037142857142857143,0.0,3186.0,0.0006723583602878946,-0.013992566773609383
3.559400202806663,-0.0007343892959911786,11.865417493618803,0.0003857142857142857,0.0,3187.0,0.0006723583602883387,-0.01399256677361116
3.560072561166951,-0.0006882423546211,11.851424926845194,0.0004,0.0,3188.0,0.0006723583602878946,-0.013992566773609383
3.560686838302569,-0.0006506236014461786,11.842692775007016,0.0004,0.0,3189.0,0.0006142771356181242,-0.00873215183817777
3.5613011154381877,-0.0006130048482712572,11.833960623168839,0.0004,0.0,3190.0,0.0006142771356185683,-0.00873215183817777
3.561915392573806,-0.0005753860950963358,11.82522847133066,0.0004,0.0,3191.0,0.0006142771356181242,-0.00873215183817777
3.562529669709424,-0.0005377673419214143,11.816496319492485,0.0004,0.0,3192.0,0.0006142771356181242,-0.008732151838175994
3.5631439468450425,-0.0005001485887464928,11.807764167654307,0.0004,0.0,3193.0,0.0006142771356185683,-0.00873215183817777
3.5637582239806607,-0.0004625298355715714,11.79903201581613,0.0004,0.0,3194.0,0.0006142771356181242,-0.00873215183817777
3.5643725011162792,-0.00042491108239665,11.790299863977951,0.0004,0.0,3195.0,0.0006142771356185683,-0.00873215183817777
3.5649867782518974,-0.00038729232922172856,11.781567712139774,0.0004,0.0,3196.0,0.0006142771356181242,-0.00873215183817777
3.5656010553875155,-0.00034967357604680715,11.772835560301596,0.0004,0.0,3197.0,0.0006142771356181242,-0.00873215183817777
3.566215332523134,-0.00031205482287188573,11.764103408463418,0.0004,0.0,3198.0,0.0006142771356185683,-0.00873215183817777
3.566829609658752,-0.00027443606969696426,11.755371256625242,0.0004,0.0,3199.0,0.0006142771356181242,-0.008732151838175994
3.5674438867943703,-0.00023681731652204285,11.746639104787064,0.0004,0.0,3200.0,0.0006142771356181242,-0.00873215183817777
3.568058163929989,-0.00019919856334712143,11.737906952948887,0.0004,0.0,3201.0,0.0006142771356185683,-0.00873215183817777
3.568672441065607,-0.0001615798101722,11.729174801110709,0.0004,0.0,3202.0,0.0006142771356181242,-0.00873215183817777
3.5692301605594245,-0.00020240418392537143,11.714596633536464,0.0003857142857142857,0.0,3203.0,0.0005577194938175545,-0.01457816757424446
3.569787880053242,-0.00024322855767854284,11.700018465962222,0.00037142857142857143,0.0,3204.0,0.0005577194938175545,-0.014578167574242684
3.5703455995470597,-0.0002840529314317143,11.685440298387977,0.00035714285714285714,0.0,3205.0,0.0005577194938175545,-0.01457816757424446
3.5709033190408777,-0.0003248773051848857,11.670862130813733,0.00034285714285714285,0.0,3206.0,0.0005577194938179986,-0.01457816757424446
3.571461038534695,-0.00036570167893805716,11.656283963239488,0.00032857142857142856,0.0,3207.0,0.0005577194938175545,-0.01457816757424446
3.5720187580285128,-0.0004065260526912286,11.641705795665246,0.0003142857142857143,0.0,3208.0,0.0005577194938175545,-0.014578167574242684
3.5725764775223303,-0.00044735042644440003,11.627127628091001,0.00030000000000000003,0.0,3209.0,0.0005577194938175545,-0.01457816757424446
3.573134197016148,-0.00048817480019757147,11.612549460516757,0.00028571428571428574,0.0,3210.0,0.0005577194938175545,-0.01457816757424446
3.5736919165099654,-0.0005289991739507429,11.597971292942514,0.00027142857142857144,0.0,3211.0,0.0005577194938175545,-0.014578167574242684
3.574249636003783,-0.0005698235477039143,11.58339312536827,0.00025714285714285715,0.0,3212.0,0.0005577194938175545,-0.01457816757424446
3.574807355497601,-0.0006106479214570857,11.568814957794025,0.00024285714285714286,0.0,3213.0,0.0005577194938179986,-0.01457816757424446
3.5753650749914185,-0.0006514722952102572,11.55423679021978,0.00022857142857142857,0.0,3214.0,0.0005577194938175545,-0.01457816757424446
3.575922794485236,-0.0006922966689634286,11.539658622645538,0.00021428571428571427,0.0,3215.0,0.0005577194938175545,-0.014578167574242684
3.5764805139790536,-0.0007331210427166,11.525080455071294,0.0002,0.0,3216.0,0.0005577194938175545,-0.01457816757424446
3.5769971097718978,-0.00071725590713,11.5141658789332,0.0002,0.0,3217.0,0.0005165957928441323,-0.010914576138093324
3.5775137055647424,-0.0007013907715434,11.503251302795107,0.0002,0.0,3218.0,0.0005165957928445764,-0.010914576138093324
3.578030301357587,-0.0006855256359568,11.492336726657014,0.0002,0.0,3219.0,0.0005165957928445764,-0.010914576138093324
3.578546897150431,-0.0006696605003702,11.48142215051892,0.0002,0.0,3220.0,0.0005165957928441323,-0.010914576138093324
3.579063492943275,-0.0006537953647836,11.470507574380827,0.0002,0.0,3221.0,0.0005165957928441323,-0.010914576138093324
3.5795800887361198,-0.000637930229197,11.459592998242734,0.0002,0.0,3222.0,0.0005165957928445764,-0.010914576138093324
3.5800966845289643,-0.0006220650936104,11.44867842210464,0.0002,0.0,3223.0,0.0005165957928445764,-0.010914576138093324
3.5806132803218085,-0.0006061999580238,11.437763845966549,0.0002,0.0,3224.0,0.0005165957928441323,-0.010914576138091547
3.5811298761146526,-0.0005903348224372,11.426849269828455,0.0002,0.0,3225.0,0.0005165957928441323,-0.010914576138093324
3.581646471907497,-0.0005744696868506,11.415934693690362,0.0002,0.0,3226.0,0.0005165957928445764,-0.010914576138093324
3.5821630677003418,-0.000558604551264,11.405020117552269,0.0002,0.0,3227.0,0.0005165957928445764,-0.010914576138093324
3.582679663493186,-0.0005427394156774,11.394105541414175,0.0002,0.0,3228.0,0.0005165957928441323,-0.010914576138093324
3.58319625928603,-0.0005268742800908,11.383190965276082,0.0002,0.0,3229.0,0.0005165957928441323,-0.010914576138093324
3.5837128550788746,-0.0005110091445042,11.372276389137989,0.0002,0.0,3230.0,0.0005165957928445764,-0.010914576138093324
3.5841953629120535,-0.0005552151206729215,11.360660241146096,0.0002,0.0,3231.0,0.00048250783317893564,-0.01161614799189259
3.5846778707452325,-0.0005994210968416429,11.349044093154205,0.0002,0.0,3232.0,0.00048250783317893564,-0.011616147991890813
3.585160378578412,-0.0006436270730103644,11.337427945162313,0.0002,0.0,3233.0,0.00048250783317937973,-0.01161614799189259
3.585642886411591,-0.0006878330491790858,11.32581179717042,0.0002,0.0,3234.0,0.00048250783317893564,-0.01161614799189259
3.5861253942447697,-0.0007320390253478072,11.314195649178528,0.0002,0.0,3235.0,0.00048250783317893564,-0.01161614799189259
3.5866079020779487,-0.0007762450015165286,11.302579501186637,0.0002,0.0,3236.0,0.00048250783317893564,-0.011616147991890813
3.5870904099111276,-0.00082045097768525,11.290963353194744,0.0002,0.0,3237.0,0.00048250783317893564,-0.01161614799189259
3.587572917744307,-0.0008646569538539715,11.279347205202852,0.0002,0.0,3238.0,0.00048250783317937973,-0.01161614799189259
3.588055425577486,-0.0009088629300226929,11.26773105721096,0.0002,0.0,3239.0,0.00048250783317893564,-0.011616147991890813
3.588537933410665,-0.0009530689061914144,11.256114909219068,0.0002,0.0,3240.0,0.00048250783317893564,-0.01161614799189259
3.589020441243844,-0.0009972748823601357,11.244498761227176,0.0002,0.0,3241.0,0.00048250783317893564,-0.01161614799189259
3.589502949077023,-0.0010414808585288572,11.232882613235283,0.0002,0.0,3242.0,0.00048250783317937973,-0.01161614799189259
3.589985456910202,-0.0010856868346975786,11.221266465243392,0.0002,0.0,3243.0,0.00048250783317893564,-0.011616147991890813
3.590467964743381,-0.0011298928108663,11.2096503172515,0.0002,0.0,3244.0,0.00048250783317893564,-0.01161614799189259
3.5909065844565986,-0.0011045263503115786,11.199789580040541,0.0002,0.0,3245.0,0.00043861971321756954,-0.009860737210958703
3.591345204169816,-0.0010791598897568573,11.189928842829582,0.0002,0.0,3246.0,0.00043861971321756954,-0.009860737210958703
3.5917838238830337,-0.0010537934292021358,11.180068105618622,0.0002,0.0,3247.0,0.00043861971321756954,-0.00986073721096048
3.5922224435962513,-0.0010284269686474143,11.170207368407663,0.0002,0.0,3248.0,0.00043861971321756954,-0.009860737210958703
3.592661063309469,-0.001003060508092693,11.160346631196704,0.0002,0.0,3249.0,0.00043861971321756954,-0.009860737210958703
3.5930996830226865,-0.0009776940475379715,11.150485893985746,0.0002,0.0,3250.0,0.00043861971321756954,-0.009860737210958703
3.593538302735904,-0.0009523275869832501,11.140625156774787,0.0002,0.0,3251.0,0.00043861971321756954,-0.009860737210958703
3.593976922449122,-0.0009269611264285286,11.130764419563826,0.0002,0.0,3252.0,0.00043861971321801363,-0.00986073721096048
3.5944155421623396,-0.0009015946658738072,11.120903682352868,0.0002,0.0,3253.0,0.00043861971321756954,-0.009860737210958703
3.594854161875557,-0.0008762282053190858,11.111042945141909,0.0002,0.0,3254.0,0.00043861971321756954,-0.009860737210958703
3.5952927815887747,-0.0008508617447643643,11.10118220793095,0.0002,0.0,3255.0,0.00043861971321756954,-0.009860737210958703
3.5957314013019923,-0.0008254952842096429,11.09132147071999,0.0002,0.0,3256.0,0.00043861971321756954,-0.00986073721096048
3.59617002101521,-0.0008001288236549215,11.081460733509031,0.0002,0.0,3257.0,0.00043861971321756954,-0.009860737210958703
3.5966086407284275,-0.0007747623631002,11.071599996298072,0.0002,0.0,3258.0,0.00043861971321756954,-0.009860737210958703
3.5970278039113355,-0.0006786891840968071,11.06082559519358,0.0002142857142857143,0.0,3259.0,0.00041916318290802224,-0.010774401104493236
3.597446967094244,-0.0005826160050934143,11.050051194089088,0.0002285714285714286,0.0,3260.0,0.0004191631829084663,-0.01077440110449146
3.5978661302771524,-0.0004865428260900214,11.039276792984595,0.00024285714285714286,0.0,3261.0,0.0004191631829084663,-0.010774401104493236
3.5982852934600604,-0.00039046964708662853,11.028502391880101,0.00025714285714285715,0.0,3262.0,0.00041916318290802224,-0.010774401104493236
3.5987044566429685,-0.0002943964680832357,11.01772799077561,0.00027142857142857144,0.0,3263.0,0.00041916318290802224,-0.01077440110449146
3.599123619825877,-0.0001983232890798428,11.006953589671117,0.00028571428571428574,0.0,3264.0,0.0004191631829084663,-0.010774401104493236
3.5995427830087854,-0.00010225011007644994,10.996179188566625,0.00030000000000000003,0.0,3265.0,0.0004191631829084663,-0.01077440110449146
3.5999619461916934,-6.176931073057076e-06,10.985404787462132,0.0003142857142857143,0.0,3266.0,0.00041916318290802224,-0.010774401104493236
3.6003811093746014,8.989624793033579e-05,10.974630386357639,0.0003285714285714286,0.0,3267.0,0.00041916318290802224,-0.010774401104493236
3.60080027255751,0.00018596942693372865,10.963855985253147,0.0003428571428571429,0.0,3268.0,0.0004191631829084663,-0.01077440110449146
3.6012194357404184,0.00028204260593712153,10.953081584148654,0.00035714285714285714,0.0,3269.0,0.0004191631829084663,-0.010774401104493236
3.6016385989233264,0.0003781157849405144,10.94230718304416,0.00037142857142857143,0.0,3270.0,0.00041916318290802224,-0.010774401104493236
3.6020577621062344,0.00047418896394390723,10.93153278193967,0.0003857142857142857,0.0,3271.0,0.00041916318290802224,-0.01077440110449146
3.602476925289143,0.0005702621429473,10.920758380835176,0.0004,0.0,3272.0,0.0004191631829084663,-0.010774401104493236
3.602843991880815,0.0006008110840467001,10.909401814821768,0.0003857142857142857,0.0,3273.0,0.00036706659167196065,-0.011356566013407843
3.6032110584724864,0.0006313600251461,10.898045248808359,0.00037142857142857143,0.0,3274.0,0.00036706659167151656,-0.011356566013409619
3.603578125064158,0.0006619089662455001,10.88668868279495,0.00035714285714285714,0.0,3275.0,0.00036706659167151656,-0.011356566013407843
3.60394519165583,0.0006924579073449,10.875332116781541,0.00034285714285714285,0.0,3276.0,0.00036706659167196065,-0.011356566013409619
3.604312258247502,0.0007230068484443001,10.863975550768133,0.00032857142857142856,0.0,3277.0,0.00036706659167196065,-0.011356566013407843
3.6046793248391733,0.0007535557895437,10.852618984754724,0.0003142857142857143,0.0,3278.0,0.00036706659167151656,-0.011356566013409619
3.605046391430845,0.0007841047306431,10.841262418741316,0.00030000000000000003,0.0,3279.0,0.00036706659167151656,-0.011356566013407843
3.605413458022517,0.0008146536717425,10.829905852727908,0.00028571428571428574,0.0,3280.0,0.00036706659167196065,-0.011356566013407843
3.6057805246141887,0.0008452026128419,10.818549286714498,0.00027142857142857144,0.0,3281.0,0.00036706659167196065,-0.011356566013409619
3.6061475912058603,0.0008757515539413001,10.80719272070109,0.00025714285714285715,0.0,3282.0,0.00036706659167151656,-0.011356566013407843
3.6065146577975318,0.0009063004950407,10.79583615468768,0.00024285714285714286,0.0,3283.0,0.00036706659167151656,-0.011356566013409619
3.6068817243892037,0.0009368494361401001,10.784479588674273,0.00022857142857142857,0.0,3284.0,0.00036706659167196065,-0.011356566013407843
3.6072487909808757,0.0009673983772395,10.773123022660863,0.00021428571428571427,0.0,3285.0,0.00036706659167196065,-0.011356566013409619
3.607615857572547,0.0009979473183389,10.761766456647456,0.0002,0.0,3286.0,0.00036706659167151656,-0.011356566013407843
3.607946989704615,0.0008594987735243067,10.751933294344042,0.00021333333333333333,0.0,3287.0,0.00033113213206759085,-0.0098331623034138
3.608278121836683,0.0007210502287097134,10.74210013204063,0.00022666666666666668,0.0,3288.0,0.00033113213206803493,-0.009833162303412024
3.6086092539687504,0.0005826016838951201,10.732266969737216,0.00024,0.0,3289.0,0.00033113213206759085,-0.0098331623034138
3.608940386100818,0.0004441531390805267,10.722433807433802,0.00025333333333333333,0.0,3290.0,0.00033113213206759085,-0.0098331623034138
3.6092715182328856,0.00030570459426593335,10.712600645130388,0.0002666666666666667,0.0,3291.0,0.00033113213206759085,-0.0098331623034138
3.6096026503649536,0.00016725604945134,10.702767482826976,0.00028000000000000003,0.0,3292.0,0.00033113213206803493,-0.009833162303412024
3.6099337824970212,2.8807504636746667e-05,10.692934320523563,0.0002933333333333333,0.0,3293.0,0.00033113213206759085,-0.0098331623034138
3.610264914629089,-0.00010964104017784668,10.683101158220149,0.0003066666666666667,0.0,3294.0,0.00033113213206759085,-0.0098331623034138
3.6105960467611564,-0.00024808958499244,10.673267995916735,0.00032,0.0,3295.0,0.00033113213206759085,-0.0098331623034138
3.6109271788932245,-0.00038653812980703336,10.663434833613323,0.0003333333333333333,0.0,3296.0,0.00033113213206803493,-0.009833162303412024
3.611258311025292,-0.0005249866746216266,10.653601671309909,0.00034666666666666667,0.0,3297.0,0.00033113213206759085,-0.0098331623034138
3.6115894431573596,-0.00066343521943622,10.643768509006495,0.00036,0.0,3298.0,0.00033113213206759085,-0.0098331623034138
3.6119205752894272,-0.0008018837642508134,10.633935346703081,0.0003733333333333333,0.0,3299.0,0.00033113213206759085,-0.0098331623034138
3.6122517074214953,-0.0009403323090654067,10.62410218439967,0.00038666666666666667,0.0,3300.0,0.00033113213206803493,-0.009833162303412024
3.612582839553563,-0.00107878085388,10.614269022096256,0.0004,0.0,3301.0,0.00033113213206759085,-0.0098331623034138
3.6129208964680988,-0.0011053139420610144,10.602801658347424,0.0003857142857142857,0.0,3302.0,0.00033805691453592246,-0.011467363748831616
3.6132589533826343,-0.0011318470302420286,10.591334294598594,0.00037142857142857143,0.0,3303.0,0.00033805691453547837,-0.01146736374882984
3.61359701029717,-0.001158380118423043,10.579866930849763,0.00035714285714285714,0.0,3304.0,0.00033805691453592246,-0.011467363748831616
3.613935067211706,-0.001184913206604057,10.568399567100931,0.00034285714285714285,0.0,3305.0,0.00033805691453592246,-0.011467363748831616
3.614273124126242,-0.0012114462947850715,10.556932203352101,0.00032857142857142856,0.0,3306.0,0.00033805691453592246,-0.01146736374882984
3.6146111810407775,-0.0012379793829660857,10.54546483960327,0.0003142857142857143,0.0,3307.0,0.00033805691453547837,-0.011467363748831616
3.6149492379553134,-0.0012645124711471,10.53399747585444,0.00030000000000000003,0.0,3308.0,0.00033805691453592246,-0.01146736374882984
3.6152872948698493,-0.0012910455593281144,10.522530112105608,0.00028571428571428574,0.0,3309.0,0.00033805691453592246,-0.011467363748831616
3.615625351784385,-0.0013175786475091286,10.511062748356776,0.00027142857142857144,0.0,3310.0,0.00033805691453547837,-0.011467363748831616
3.6159634086989207,-0.001344111735690143,10.499595384607947,0.00025714285714285715,0.0,3311.0,0.00033805691453592246,-0.01146736374882984
3.6163014656134567,-0.0013706448238711571,10.488128020859115,0.00024285714285714286,0.0,3312.0,0.00033805691453592246,-0.011467363748831616
3.6166395225279926,-0.0013971779120521715,10.476660657110283,0.00022857142857142857,0.0,3313.0,0.00033805691453592246,-0.011467363748831616
3.616977579442528,-0.001423711000233186,10.465193293361454,0.00021428571428571427,0.0,3314.0,0.00033805691453547837,-0.01146736374882984
3.617315636357064,-0.0014502440884142,10.453725929612622,0.0002,0.0,3315.0,0.00033805691453592246,-0.011467363748831616
3.617629327607635,-0.0015250498902582385,10.444536782850797,0.0002,0.0,3316.0,0.00031369125057079117,-0.009189146761825029
3.617943018858206,-0.001599855692102277,10.435347636088974,0.0002,0.0,3317.0,0.00031369125057123526,-0.009189146761823253
3.618256710108777,-0.0016746614939463155,10.426158489327149,0.0002,0.0,3318.0,0.00031369125057079117,-0.009189146761825029
3.618570401359348,-0.001749467295790354,10.416969342565325,0.0002,0.0,3319.0,0.00031369125057123526,-0.009189146761823253
3.618884092609919,-0.0018242730976343925,10.4077801958035,0.0002,0.0,3320.0,0.00031369125057079117,-0.009189146761825029
3.61919778386049,-0.001899078899478431,10.398591049041677,0.0002,0.0,3321.0,0.00031369125057123526,-0.009189146761823253
3.619511475111061,-0.0019738847013224693,10.389401902279852,0.0002,0.0,3322.0,0.00031369125057079117,-0.009189146761825029
3.619825166361632,-0.0020486905031665077,10.380212755518029,0.0002,0.0,3323.0,0.00031369125057123526,-0.009189146761823253
3.620138857612203,-0.0021234963050105462,10.371023608756204,0.0002,0.0,3324.0,0.00031369125057079117,-0.009189146761825029
3.620452548862774,-0.0021983021068545847,10.36183446199438,0.0002,0.0,3325.0,0.00031369125057123526,-0.009189146761823253
3.620766240113345,-0.002273107908698623,10.352645315232555,0.0002,0.0,3326.0,0.00031369125057079117,-0.009189146761825029
3.621079931363916,-0.0023479137105426617,10.343456168470732,0.0002,0.0,3327.0,0.00031369125057123526,-0.009189146761823253
3.621393622614487,-0.0024227195123867,10.334267021708907,0.0002,0.0,3328.0,0.00031369125057079117,-0.009189146761825029
3.6216858927470397,-0.002381985284090036,10.32466895956572,0.0002,0.0,3329.0,0.00029227013255272993,-0.009598062143187036
3.621978162879592,-0.0023412510557933716,10.315070897422533,0.0002,0.0,3330.0,0.00029227013255228584,-0.009598062143187036
3.6222704330121447,-0.0023005168274967073,10.305472835279346,0.0002,0.0,3331.0,0.00029227013255272993,-0.009598062143187036
3.6225627031446974,-0.002259782599200043,10.295874773136159,0.0002,0.0,3332.0,0.00029227013255272993,-0.009598062143187036
3.6228549732772497,-0.0022190483709033787,10.286276710992972,0.0002,0.0,3333.0,0.00029227013255228584,-0.009598062143187036
3.6231472434098024,-0.0021783141426067144,10.276678648849785,0.0002,0.0,3334.0,0.00029227013255272993,-0.009598062143187036
3.6234395135423547,-0.00213757991431005,10.267080586706598,0.0002,0.0,3335.0,0.00029227013255228584,-0.009598062143187036
3.6237317836749074,-0.002096845686013386,10.257482524563411,0.0002,0.0,3336.0,0.00029227013255272993,-0.009598062143187036
3.62402405380746,-0.0020561114577167215,10.247884462420224,0.0002,0.0,3337.0,0.00029227013255272993,-0.009598062143187036
3.6243163239400125,-0.0020153772294200572,10.238286400277037,0.0002,0.0,3338.0,0.00029227013255228584,-0.009598062143187036
3.624608594072565,-0.001974643001123393,10.22868833813385,0.0002,0.0,3339.0,0.00029227013255272993,-0.009598062143187036
3.624900864205118,-0.0019339087728267286,10.219090275990663,0.0002,0.0,3340.0,0.00029227013255272993,-0.009598062143187036
3.62519313433767,-0.0018931745445300643,10.209492213847476,0.0002,0.0,3341.0,0.00029227013255228584,-0.009598062143187036
3.625485404470223,-0.0018524403162334,10.199894151704289,0.0002,0.0,3342.0,0.00029227013255272993,-0.009598062143187036
3.6257581936230423,-0.0018988036761381,10.194100207654825,0.0002,0.0,3343.0,0.0002727891528193638,-0.005793944049463207
3.6260309827758617,-0.0019451670360428,10.188306263605362,0.0002,0.0,3344.0,0.0002727891528193638,-0.005793944049463207
3.626303771928681,-0.0019915303959475,10.182512319555899,0.0002,0.0,3345.0,0.0002727891528193638,-0.005793944049463207
3.6265765610815004,-0.0020378937558522,10.176718375506436,0.0002,0.0,3346.0,0.0002727891528193638,-0.005793944049463207
3.6268493502343198,-0.0020842571157569,10.170924431456973,0.0002,0.0,3347.0,0.0002727891528193638,-0.005793944049463207
3.627122139387139,-0.0021306204756616,10.16513048740751,0.0002,0.0,3348.0,0.0002727891528193638,-0.005793944049463207
3.6273949285399585,-0.0021769838355662997,10.159336543358046,0.0002,0.0,3349.0,0.0002727891528193638,-0.005793944049463207
3.6276677176927774,-0.0022233471954709997,10.153542599308581,0.0002,0.0,3350.0,0.0002727891528189197,-0.005793944049464983
3.6279405068455968,-0.0022697105553756997,10.147748655259118,0.0002,0.0,3351.0,0.0002727891528193638,-0.005793944049463207
3.628213295998416,-0.0023160739152803997,10.141954711209655,0.0002,0.0,3352.0,0.0002727891528193638,-0.005793944049463207
3.6284860851512355,-0.0023624372751850998,10.136160767160192,0.0002,0.0,3353.0,0.0002727891528193638,-0.005793944049463207
3.628758874304055,-0.0024088006350897998,10.130366823110728,0.0002,0.0,3354.0,0.0002727891528193638,-0.005793944049463207
3.6290316634568742,-0.0024551639949944998,10.124572879061265,0.0002,0.0,3355.0,0.0002727891528193638,-0.005793944049463207
3.6293044526096936,-0.0025015273548992,10.118778935011802,0.0002,0.0,3356.0,0.0002727891528193638,-0.005793944049463207
3.629555489909306,-0.002447333150044357,10.109849981810427,0.0002,0.0,3357.0,0.00025103729961228893,-0.008928953201374767
3.6298065272089186,-0.0023931389451895143,10.100921028609052,0.0002,0.0,3358.0,0.000251037299612733,-0.008928953201374767
3.6300575645085313,-0.002338944740334671,10.091992075407676,0.0002,0.0,3359.0,0.000251037299612733,-0.008928953201376544
3.6303086018081436,-0.0022847505354798283,10.083063122206301,0.0002,0.0,3360.0,0.00025103729961228893,-0.008928953201374767
3.630559639107756,-0.0022305563306249856,10.074134169004926,0.0002,0.0,3361.0,0.00025103729961228893,-0.008928953201374767
3.6308106764073687,-0.002176362125770143,10.065205215803552,0.0002,0.0,3362.0,0.000251037299612733,-0.008928953201374767
3.6310617137069814,-0.0021221679209152996,10.056276262602177,0.0002,0.0,3363.0,0.000251037299612733,-0.008928953201374767
3.6313127510065937,-0.002067973716060457,10.0473473094008,0.0002,0.0,3364.0,0.00025103729961228893,-0.008928953201376544
3.631563788306206,-0.002013779511205614,10.038418356199426,0.0002,0.0,3365.0,0.00025103729961228893,-0.008928953201374767
3.6318148256058187,-0.0019595853063507714,10.02948940299805,0.0002,0.0,3366.0,0.000251037299612733,-0.008928953201374767
3.6320658629054314,-0.0019053911014959284,10.020560449796676,0.0002,0.0,3367.0,0.000251037299612733,-0.008928953201374767
3.6323169002050437,-0.0018511968966410856,10.0116314965953,0.0002,0.0,3368.0,0.00025103729961228893,-0.008928953201376544
3.632567937504656,-0.0017970026917862427,10.002702543393925,0.0002,0.0,3369.0,0.00025103729961228893,-0.008928953201374767
3.6328189748042687,-0.0017428084869314,9.99377359019255,0.0002,0.0,3370.0,0.000251037299612733,-0.008928953201374767
3.633047185027015,-0.0016219702584185848,9.989088042134787,0.0002,0.0,3371.0,0.00022821022274621683,-0.004685548057763
3.6332753952497607,-0.0015011320299057698,9.984402494077024,0.0002,0.0,3372.0,0.00022821022274577274,-0.004685548057763
3.633503605472507,-0.0013802938013929545,9.979716946019261,0.0002,0.0,3373.0,0.00022821022274621683,-0.004685548057763
3.6337318156952527,-0.0012594555728801394,9.975031397961498,0.0002,0.0,3374.0,0.00022821022274577274,-0.004685548057763
3.633960025917999,-0.0011386173443673243,9.970345849903735,0.0002,0.0,3375.0,0.00022821022274621683,-0.004685548057763
3.6341882361407447,-0.0010177791158545093,9.965660301845972,0.0002,0.0,3376.0,0.00022821022274577274,-0.004685548057763
3.634416446363491,-0.0008969408873416941,9.960974753788209,0.0002,0.0,3377.0,0.00022821022274621683,-0.004685548057763
3.634644656586237,-0.000776102658828879,9.956289205730446,0.0002,0.0,3378.0,0.00022821022274621683,-0.004685548057763
3.634872866808983,-0.0006552644303160639,9.951603657672683,0.0002,0.0,3379.0,0.00022821022274577274,-0.004685548057763
3.635101077031729,-0.0005344262018032488,9.94691810961492,0.0002,0.0,3380.0,0.00022821022274621683,-0.004685548057763
3.635329287254475,-0.0004135879732904337,9.942232561557157,0.0002,0.0,3381.0,0.00022821022274577274,-0.004685548057763
3.635557497477221,-0.00029274974477761856,9.937547013499394,0.0002,0.0,3382.0,0.00022821022274621683,-0.004685548057763
3.635785707699967,-0.00017191151626480344,9.932861465441631,0.0002,0.0,3383.0,0.00022821022274577274,-0.004685548057763
3.636013917922713,-5.107328775198824e-05,9.928175917383868,0.0002,0.0,3384.0,0.00022821022274621683,-0.004685548057763
3.6362332657891425,-0.00011448582136050902,9.919546308447961,0.0002,0.0,3385.0,0.00021934786642940907,-0.00862960893590703
3.6364526136555724,-0.00017789835496902982,9.910916699512052,0.0002,0.0,3386.0,0.00021934786642985316,-0.008629608935908806
3.636671961522002,-0.00024131088857755057,9.902287090576145,0.0002,0.0,3387.0,0.00021934786642940907,-0.00862960893590703
3.6368913093884316,-0.0003047234221860714,9.893657481640238,0.0002,0.0,3388.0,0.00021934786642985316,-0.00862960893590703
3.637110657254861,-0.00036813595579459214,9.885027872704331,0.0002,0.0,3389.0,0.00021934786642940907,-0.00862960893590703
3.6373300051212905,-0.00043154848940311295,9.876398263768422,0.0002,0.0,3390.0,0.00021934786642940907,-0.008629608935908806
3.6375493529877203,-0.0004949610230116338,9.867768654832515,0.0002,0.0,3391.0,0.00021934786642985316,-0.00862960893590703
3.6377687008541497,-0.0005583735566201545,9.859139045896608,0.0002,0.0,3392.0,0.00021934786642940907,-0.00862960893590703
3.6379880487205796,-0.0006217860902286753,9.850509436960701,0.0002,0.0,3393.0,0.00021934786642985316,-0.00862960893590703
3.638207396587009,-0.000685198623837196,9.841879828024792,0.0002,0.0,3394.0,0.00021934786642940907,-0.008629608935908806
3.6384267444534384,-0.0007486111574457169,9.833250219088885,0.0002,0.0,3395.0,0.00021934786642940907,-0.00862960893590703
3.6386460923198682,-0.0008120236910542376,9.824620610152978,0.0002,0.0,3396.0,0.00021934786642985316,-0.00862960893590703
3.6388654401862977,-0.0008754362246627584,9.815991001217071,0.0002,0.0,3397.0,0.00021934786642940907,-0.00862960893590703
3.6390847880527275,-0.0009388487582712791,9.807361392281162,0.0002,0.0,3398.0,0.00021934786642985316,-0.008629608935908806
3.639304135919157,-0.0010022612918798,9.798731783345255,0.0002,0.0,3399.0,0.00021934786642940907,-0.00862960893590703
3.6395167612071484,-0.0009866281751631214,9.79081174770316,0.0002142857142857143,0.0,3400.0,0.00021262528799148583,-0.007920035642095868
3.63972938649514,-0.0009709950584464429,9.782891712061064,0.0002285714285714286,0.0,3401.0,0.00021262528799148583,-0.007920035642095868
3.6399420117831314,-0.0009553619417297643,9.774971676418968,0.00024285714285714286,0.0,3402.0,0.00021262528799148583,-0.007920035642095868
3.6401546370711224,-0.0009397288250130858,9.767051640776872,0.00025714285714285715,0.0,3403.0,0.00021262528799104174,-0.007920035642095868
3.640367262359114,-0.0009240957082964072,9.759131605134776,0.00027142857142857144,0.0,3404.0,0.00021262528799148583,-0.007920035642095868
3.6405798876471054,-0.0009084625915797286,9.75121156949268,0.00028571428571428574,0.0,3405.0,0.00021262528799148583,-0.007920035642095868
3.640792512935097,-0.0008928294748630501,9.743291533850584,0.00030000000000000003,0.0,3406.0,0.00021262528799148583,-0.007920035642095868
3.6410051382230884,-0.0008771963581463715,9.735371498208487,0.0003142857142857143,0.0,3407.0,0.00021262528799148583,-0.007920035642097645
3.64121776351108,-0.0008615632414296928,9.72745146256639,0.0003285714285714286,0.0,3408.0,0.00021262528799148583,-0.007920035642095868
3.6414303887990713,-0.0008459301247130143,9.719531426924295,0.0003428571428571429,0.0,3409.0,0.00021262528799148583,-0.007920035642095868
3.6416430140870624,-0.0008302970079963357,9.711611391282199,0.00035714285714285714,0.0,3410.0,0.00021262528799104174,-0.007920035642095868
3.641855639375054,-0.0008146638912796572,9.703691355640103,0.00037142857142857143,0.0,3411.0,0.00021262528799148583,-0.007920035642095868
3.6420682646630453,-0.0007990307745629786,9.695771319998007,0.0003857142857142857,0.0,3412.0,0.00021262528799148583,-0.007920035642095868
3.642280889951037,-0.0007833976578463,9.687851284355911,0.0004,0.0,3413.0,0.00021262528799148583,-0.007920035642095868
3.6424854592867866,-0.0007226101133647139,9.68211382337586,0.0003857142857142857,0.0,3414.0,0.00020456933574974911,-0.005737460980052234
3.642690028622536,-0.0006618225688831278,9.676376362395805,0.00037142857142857143,0.0,3415.0,0.00020456933574930503,-0.00573746098005401
3.6428945979582856,-0.0006010350244015417,9.670638901415753,0.00035714285714285714,0.0,3416.0,0.00020456933574974911,-0.005737460980052234
3.6430991672940354,-0.0005402474799199557,9.664901440435699,0.00034285714285714285,0.0,3417.0,0.00020456933574974911,-0.00573746098005401
3.6433037366297847,-0.00047945993543836956,9.659163979455647,0.00032857142857142856,0.0,3418.0,0.00020456933574930503,-0.005737460980052234
3.6435083059655344,-0.0004186723909567835,9.653426518475593,0.0003142857142857143,0.0,3419.0,0.00020456933574974911,-0.00573746098005401
3.643712875301284,-0.0003578848464751974,9.64768905749554,0.00030000000000000003,0.0,3420.0,0.00020456933574974911,-0.005737460980052234
3.6439174446370335,-0.0002970973019936113,9.641951596515488,0.00028571428571428574,0.0,3421.0,0.00020456933574930503,-0.005737460980052234
3.6441220139727832,-0.0002363097575120252,9.636214135535434,0.00027142857142857144,0.0,3422.0,0.00020456933574974911,-0.00573746098005401
3.6443265833085325,-0.0001755222130304391,9.630476674555382,0.00025714285714285715,0.0,3423.0,0.00020456933574930503,-0.005737460980052234
3.6445311526442823,-0.00011473466854885301,9.624739213575328,0.00024285714285714286,0.0,3424.0,0.00020456933574974911,-0.00573746098005401
3.644735721980032,-5.394712406726692e-05,9.619001752595276,0.00022857142857142857,0.0,3425.0,0.00020456933574974911,-0.005737460980052234
3.6449402913157813,6.840420414319171e-06,9.613264291615222,0.00021428571428571427,0.0,3426.0,0.00020456933574930503,-0.00573746098005401
3.645144860651531,6.762796489590521e-05,9.60752683063517,0.0002,0.0,3427.0,0.00020456933574974911,-0.005737460980052234
3.6453128436051596,2.3248655311954838e-05,9.600456762044251,0.0002,0.0,3428.0,0.00016798295362852045,-0.00707006859091841
3.6454808265587877,-2.1130654271995532e-05,9.593386693453331,0.0002,0.0,3429.0,0.00016798295362807636,-0.007070068590920187
3.645648809512416,-6.55099638559459e-05,9.586316624862413,0.0002,0.0,3430.0,0.00016798295362852045,-0.00707006859091841
3.6458167924660447,-0.00010988927343989627,9.579246556271494,0.0002,0.0,3431.0,0.00016798295362852045,-0.00707006859091841
3.6459847754196733,-0.00015426858302384664,9.572176487680576,0.0002,0.0,3432.0,0.00016798295362852045,-0.00707006859091841
3.6461527583733013,-0.000198647892607797,9.565106419089656,0.0002,0.0,3433.0,0.00016798295362807636,-0.007070068590920187
3.64632074132693,-0.00024302720219174738,9.558036350498737,0.0002,0.0,3434.0,0.00016798295362852045,-0.00707006859091841
3.6464887242805584,-0.00028740651177569775,9.550966281907819,0.0002,0.0,3435.0,0.00016798295362852045,-0.00707006859091841
3.6466567072341864,-0.0003317858213596481,9.543896213316899,0.0002,0.0,3436.0,0.00016798295362807636,-0.007070068590920187
3.646824690187815,-0.0003761651309435985,9.53682614472598,0.0002,0.0,3437.0,0.00016798295362852045,-0.00707006859091841
3.6469926731414435,-0.00042054444052754886,9.529756076135062,0.0002,0.0,3438.0,0.00016798295362852045,-0.00707006859091841
3.647160656095072,-0.00046492375011149923,9.522686007544143,0.0002,0.0,3439.0,0.00016798295362852045,-0.00707006859091841
3.6473286390487,-0.0005093030596954496,9.515615938953223,0.0002,0.0,3440.0,0.00016798295362807636,-0.007070068590920187
3.6474966220023286,-0.0005536823692794,9.508545870362305,0.0002,0.0,3441.0,0.00016798295362852045,-0.00707006859091841
3.647683245184904,-0.0006449148514031,9.50091473348446,0.0002,0.0,3442.0,0.00018662318257556265,-0.0076311368778441135
3.6478698683674797,-0.0007361473335268001,9.493283596606615,0.0002,0.0,3443.0,0.00018662318257556265,-0.00763113687784589
3.6480564915500553,-0.0008273798156505,9.48565245972877,0.0002,0.0,3444.0,0.00018662318257556265,-0.0076311368778441135
3.6482431147326313,-0.0009186122977742,9.478021322850925,0.0002,0.0,3445.0,0.00018662318257600674,-0.00763113687784589
3.648429737915207,-0.0010098447798979,9.47039018597308,0.0002,0.0,3446.0,0.00018662318257556265,-0.0076311368778441135
3.6486163610977824,-0.0011010772620216,9.462759049095235,0.0002,0.0,3447.0,0.00018662318257556265,-0.00763113687784589
3.648802984280358,-0.0011923097441453,9.45512791221739,0.0002,0.0,3448.0,0.00018662318257556265,-0.0076311368778441135
3.6489896074629335,-0.001283542226269,9.447496775339546,0.0002,0.0,3449.0,0.00018662318257556265,-0.0076311368778441135
3.649176230645509,-0.0013747747083927,9.4398656384617,0.0002,0.0,3450.0,0.00018662318257556265,-0.00763113687784589
3.6493628538280847,-0.0014660071905164,9.432234501583856,0.0002,0.0,3451.0,0.00018662318257556265,-0.0076311368778441135
3.6495494770106607,-0.0015572396726401,9.42460336470601,0.0002,0.0,3452.0,0.00018662318257600674,-0.00763113687784589
3.6497361001932362,-0.0016484721547638,9.416972227828166,0.0002,0.0,3453.0,0.00018662318257556265,-0.0076311368778441135
3.649922723375812,-0.0017397046368874999,9.40934109095032,0.0002,0.0,3454.0,0.00018662318257556265,-0.00763113687784589
3.6501093465583874,-0.0018309371190112,9.401709954072476,0.0002,0.0,3455.0,0.00018662318257556265,-0.0076311368778441135
3.650273409777332,-0.0018493823095873713,9.396821988052837,0.0002,0.0,3456.0,0.00016406321894457676,-0.004887966019639478
3.650437472996276,-0.0018678275001635428,9.391934022033196,0.0002,0.0,3457.0,0.00016406321894413267,-0.0048879660196412544
3.6506015362152207,-0.0018862726907397142,9.387046056013556,0.0002,0.0,3458.0,0.00016406321894457676,-0.004887966019639478
3.650765599434165,-0.0019047178813158855,9.382158089993917,0.0002,0.0,3459.0,0.00016406321894413267,-0.004887966019639478
3.6509296626531094,-0.001923163071892057,9.377270123974277,0.0002,0.0,3460.0,0.00016406321894457676,-0.004887966019639478
3.6510937258720535,-0.0019416082624682284,9.372382157954636,0.0002,0.0,3461.0,0.00016406321894413267,-0.0048879660196412544
3.651257789090998,-0.0019600534530444,9.367494191934997,0.0002,0.0,3462.0,0.00016406321894457676,-0.004887966019639478
3.6514218523099427,-0.0019784986436205713,9.362606225915357,0.0002,0.0,3463.0,0.00016406321894457676,-0.004887966019639478
3.651585915528887,-0.0019969438341967427,9.357718259895716,0.0002,0.0,3464.0,0.00016406321894413267,-0.0048879660196412544
3.6517499787478314,-0.002015389024772914,9.352830293876076,0.0002,0.0,3465.0,0.00016406321894457676,-0.004887966019639478
3.6519140419667755,-0.0020338342153490853,9.347942327856437,0.0002,0.0,3466.0,0.00016406321894413267,-0.004887966019639478
3.65207810518572,-0.002052279405925257,9.343054361836797,0.0002,0.0,3467.0,0.00016406321894457676,-0.004887966019639478
3.652242168404664,-0.0020707245965014285,9.338166395817156,0.0002,0.0,3468.0,0.00016406321894413267,-0.0048879660196412544
3.652406231623609,-0.0020891697870776,9.333278429797517,0.0002,0.0,3469.0,0.00016406321894457676,-0.004887966019639478
3.6525758894309375,-0.0020353452932324856,9.325340923865925,0.0002,0.0,3470.0,0.00016965780732869362,-0.007937505931591815
3.6527455472382666,-0.001981520799387371,9.317403417934333,0.0002,0.0,3471.0,0.0001696578073291377,-0.007937505931591815
3.6529152050455953,-0.0019276963055422569,9.309465912002741,0.0002,0.0,3472.0,0.00016965780732869362,-0.007937505931591815
3.6530848628529244,-0.0018738718116971427,9.30152840607115,0.0002,0.0,3473.0,0.0001696578073291377,-0.007937505931591815
3.653254520660253,-0.0018200473178520285,9.293590900139558,0.0002,0.0,3474.0,0.00016965780732869362,-0.007937505931591815
3.6534241784675823,-0.0017662228240069142,9.285653394207966,0.0002,0.0,3475.0,0.0001696578073291377,-0.007937505931591815
3.653593836274911,-0.0017123983301617998,9.277715888276374,0.0002,0.0,3476.0,0.00016965780732869362,-0.007937505931591815
3.6537634940822397,-0.0016585738363166856,9.26977838234478,0.0002,0.0,3477.0,0.00016965780732869362,-0.007937505931593591
3.653933151889569,-0.0016047493424715714,9.261840876413189,0.0002,0.0,3478.0,0.0001696578073291377,-0.007937505931591815
3.6541028096968975,-0.001550924848626457,9.253903370481597,0.0002,0.0,3479.0,0.00016965780732869362,-0.007937505931591815
3.6542724675042266,-0.0014971003547813427,9.245965864550005,0.0002,0.0,3480.0,0.0001696578073291377,-0.007937505931591815
3.6544421253115553,-0.0014432758609362285,9.238028358618413,0.0002,0.0,3481.0,0.00016965780732869362,-0.007937505931591815
3.6546117831188845,-0.0013894513670911143,9.230090852686821,0.0002,0.0,3482.0,0.0001696578073291377,-0.007937505931591815
3.654781440926213,-0.001335626873246,9.22215334675523,0.0002,0.0,3483.0,0.00016965780732869362,-0.007937505931591815
3.654916524785727,-0.0013129044723884356,9.215548244119084,0.0002142857142857143,0.0,3484.0,0.00013508385951377377,-0.0066051026361453324
3.655051608645241,-0.0012901820715308715,9.208943141482939,0.0002285714285714286,0.0,3485.0,0.00013508385951421786,-0.0066051026361453324
3.6551866925047554,-0.0012674596706733071,9.202338038846793,0.00024285714285714286,0.0,3486.0,0.00013508385951421786,-0.0066051026361453324
3.655321776364269,-0.0012447372698157428,9.195732936210648,0.00025714285714285715,0.0,3487.0,0.00013508385951377377,-0.0066051026361453324
3.655456860223783,-0.0012220148689581784,9.189127833574503,0.00027142857142857144,0.0,3488.0,0.00013508385951377377,-0.0066051026361453324
3.655591944083297,-0.0011992924681006143,9.182522730938357,0.00028571428571428574,0.0,3489.0,0.00013508385951421786,-0.0066051026361453324
3.6557270279428113,-0.00117657006724305,9.175917628302212,0.00030000000000000003,0.0,3490.0,0.00013508385951421786,-0.0066051026361453324
3.655862111802325,-0.0011538476663854856,9.169312525666069,0.0003142857142857143,0.0,3491.0,0.00013508385951377377,-0.006605102636143556
3.655997195661839,-0.0011311252655279215,9.162707423029923,0.0003285714285714286,0.0,3492.0,0.00013508385951377377,-0.0066051026361453324
3.656132279521353,-0.001108402864670357,9.156102320393778,0.0003428571428571429,0.0,3493.0,0.00013508385951421786,-0.0066051026361453324
3.6562673633808673,-0.0010856804638127928,9.149497217757633,0.00035714285714285714,0.0,3494.0,0.00013508385951421786,-0.0066051026361453324
3.656402447240381,-0.0010629580629552284,9.142892115121487,0.00037142857142857143,0.0,3495.0,0.00013508385951377377,-0.0066051026361453324
3.656537531099895,-0.0010402356620976643,9.136287012485342,0.0003857142857142857,0.0,3496.0,0.00013508385951377377,-0.0066051026361453324
3.656672614959409,-0.0010175132612401,9.129681909849197,0.0004,0.0,3497.0,0.00013508385951421786,-0.0066051026361453324
3.6568152565478154,-0.001102040753849807,9.124221262533382,0.0003857142857142857,0.0,3498.0,0.00014264158840626706,-0.005460647315814526
3.6569578981362216,-0.0011865682464595143,9.118760615217568,0.00037142857142857143,0.0,3499.0,0.00014264158840626706,-0.005460647315814526
3.657100539724628,-0.0012710957390692213,9.113299967901753,0.00035714285714285714,0.0,3500.0,0.00014264158840626706,-0.005460647315814526
3.6572431813130337,-0.0013556232316789285,9.10783932058594,0.00034285714285714285,0.0,3501.0,0.00014264158840582297,-0.00546064731581275
3.65738582290144,-0.0014401507242886356,9.102378673270126,0.00032857142857142856,0.0,3502.0,0.00014264158840626706,-0.005460647315814526
3.6575284644898463,-0.0015246782168983428,9.096918025954311,0.0003142857142857143,0.0,3503.0,0.00014264158840626706,-0.005460647315814526
3.6576711060782525,-0.00160920570950805,9.091457378638497,0.00030000000000000003,0.0,3504.0,0.00014264158840626706,-0.005460647315814526
3.657813747666659,-0.0016937332021177572,9.085996731322682,0.00028571428571428574,0.0,3505.0,0.00014264158840626706,-0.005460647315814526
3.657956389255065,-0.0017782606947274642,9.080536084006868,0.00027142857142857144,0.0,3506.0,0.00014264158840626706,-0.005460647315814526
3.6580990308434713,-0.0018627881873371714,9.075075436691053,0.00025714285714285715,0.0,3507.0,0.00014264158840626706,-0.005460647315814526
3.658241672431877,-0.0019473156799468786,9.06961478937524,0.00024285714285714286,0.0,3508.0,0.00014264158840582297,-0.00546064731581275
3.6583843140202834,-0.0020318431725565855,9.064154142059426,0.00022857142857142857,0.0,3509.0,0.00014264158840626706,-0.005460647315814526
3.6585269556086897,-0.002116370665166293,9.058693494743611,0.00021428571428571427,0.0,3510.0,0.00014264158840626706,-0.005460647315814526
3.658669597197096,-0.002200898157776,9.053232847427797,0.0002,0.0,3511.0,0.00014264158840626706,-0.005460647315814526
3.6588238595726854,-0.0021471772511651283,9.048622359830347,0.0002142857142857143,0.0,3512.0,0.00015426237558946454,-0.004610487597449975
3.658978121948275,-0.002093456344554257,9.044011872232897,0.0002285714285714286,0.0,3513.0,0.00015426237558946454,-0.004610487597449975
3.659132384323864,-0.0020397354379433855,9.039401384635449,0.00024285714285714286,0.0,3514.0,0.00015426237558902045,-0.0046104875974481985
3.6592866466994534,-0.0019860145313325144,9.034790897037999,0.00025714285714285715,0.0,3515.0,0.00015426237558946454,-0.004610487597449975
3.659440909075043,-0.0019322936247216428,9.030180409440549,0.00027142857142857144,0.0,3516.0,0.00015426237558946454,-0.004610487597449975
3.6595951714506323,-0.0018785727181107714,9.025569921843099,0.00028571428571428574,0.0,3517.0,0.00015426237558946454,-0.004610487597449975
3.6597494338262213,-0.0018248518114999,9.02095943424565,0.00030000000000000003,0.0,3518.0,0.00015426237558902045,-0.0046104875974481985
3.6599036962018108,-0.0017711309048890286,9.0163489466482,0.0003142857142857143,0.0,3519.0,0.00015426237558946454,-0.004610487597449975
3.6600579585774002,-0.0017174099982781572,9.01173845905075,0.0003285714285714286,0.0,3520.0,0.00015426237558946454,-0.004610487597449975
3.6602122209529897,-0.0016636890916672856,9.0071279714533,0.0003428571428571429,0.0,3521.0,0.00015426237558946454,-0.004610487597449975
3.660366483328579,-0.0016099681850564142,9.00251748385585,0.00035714285714285714,0.0,3522.0,0.00015426237558946454,-0.004610487597449975
3.660520745704168,-0.0015562472784455429,8.997906996258402,0.00037142857142857143,0.0,3523.0,0.00015426237558902045,-0.0046104875974481985
3.6606750080797577,-0.0015025263718346715,8.993296508660952,0.0003857142857142857,0.0,3524.0,0.00015426237558946454,-0.004610487597449975
3.660829270455347,-0.0014488054652238,8.988686021063502,0.0004,0.0,3525.0,0.00015426237558946454,-0.004610487597449975
3.660952088212326,-0.0014067724888441714,8.982361188935178,0.0004,0.0,3526.0,0.00012281775697875474,-0.006324832128324687
3.6610749059693046,-0.0013647395124645428,8.976036356806853,0.0004,0.0,3527.0,0.00012281775697875474,-0.006324832128324687
3.6611977237262834,-0.0013227065360849144,8.969711524678528,0.0004,0.0,3528.0,0.00012281775697875474,-0.006324832128324687
3.661320541483262,-0.0012806735597052858,8.963386692550204,0.0004,0.0,3529.0,0.00012281775697875474,-0.006324832128324687
3.661443359240241,-0.0012386405833256571,8.957061860421879,0.0004,0.0,3530.0,0.00012281775697875474,-0.006324832128324687
3.6615661769972196,-0.0011966076069460287,8.950737028293554,0.0004,0.0,3531.0,0.00012281775697875474,-0.006324832128324687
3.6616889947541984,-0.0011545746305664,8.94441219616523,0.0004,0.0,3532.0,0.00012281775697875474,-0.006324832128324687
3.6618118125111776,-0.0011125416541867715,8.938087364036905,0.0004,0.0,3533.0,0.00012281775697919883,-0.006324832128324687
3.6619346302681564,-0.0010705086778071428,8.93176253190858,0.0004,0.0,3534.0,0.00012281775697875474,-0.006324832128324687
3.662057448025135,-0.0010284757014275142,8.925437699780256,0.0004,0.0,3535.0,0.00012281775697875474,-0.006324832128324687
3.662180265782114,-0.0009864427250478858,8.919112867651931,0.0004,0.0,3536.0,0.00012281775697875474,-0.006324832128324687
3.6623030835390926,-0.0009444097486682572,8.912788035523606,0.0004,0.0,3537.0,0.00012281775697875474,-0.006324832128324687
3.6624259012960714,-0.0009023767722886285,8.906463203395282,0.0004,0.0,3538.0,0.00012281775697875474,-0.006324832128324687
3.66254871905305,-0.000860343795909,8.900138371266957,0.0004,0.0,3539.0,0.00012281775697875474,-0.006324832128324687
3.662672400901433,-0.0009184648066855571,8.894955452786078,0.0004,0.0,3540.0,0.0001236818483829616,-0.0051829184808784845
3.662796082749816,-0.0009765858174621144,8.889772534305198,0.0004,0.0,3541.0,0.0001236818483829616,-0.005182918480880261
3.662919764598199,-0.0010347068282386715,8.88458961582432,0.0004,0.0,3542.0,0.0001236818483829616,-0.0051829184808784845
3.663043446446582,-0.0010928278390152286,8.87940669734344,0.0004,0.0,3543.0,0.0001236818483829616,-0.005182918480880261
3.663167128294965,-0.0011509488497917857,8.87422377886256,0.0004,0.0,3544.0,0.0001236818483829616,-0.0051829184808784845
3.663290810143348,-0.0012090698605683428,8.86904086038168,0.0004,0.0,3545.0,0.0001236818483829616,-0.005182918480880261
3.663414491991731,-0.0012671908713449,8.863857941900802,0.0004,0.0,3546.0,0.0001236818483829616,-0.0051829184808784845
3.6635381738401134,-0.001325311882121457,8.858675023419924,0.0004,0.0,3547.0,0.0001236818483825175,-0.0051829184808784845
3.6636618556884963,-0.0013834328928980142,8.853492104939043,0.0004,0.0,3548.0,0.0001236818483829616,-0.005182918480880261
3.6637855375368793,-0.0014415539036745713,8.848309186458165,0.0004,0.0,3549.0,0.0001236818483829616,-0.0051829184808784845
3.6639092193852623,-0.0014996749144511286,8.843126267977285,0.0004,0.0,3550.0,0.0001236818483829616,-0.005182918480880261
3.6640329012336452,-0.0015577959252276858,8.837943349496406,0.0004,0.0,3551.0,0.0001236818483829616,-0.0051829184808784845
3.664156583082028,-0.0016159169360042429,8.832760431015526,0.0004,0.0,3552.0,0.0001236818483829616,-0.005182918480880261
3.664280264930411,-0.0016740379467808,8.827577512534647,0.0004,0.0,3553.0,0.0001236818483829616,-0.0051829184808784845
3.664404348713019,-0.0015982241496951786,8.823182944576573,0.0003857142857142857,0.0,3554.0,0.00012408378260797548,-0.004394567958074802
3.664528432495627,-0.001522410352609557,8.818788376618498,0.00037142857142857143,0.0,3555.0,0.00012408378260797548,-0.004394567958074802
3.6646525162782355,-0.0014465965555239357,8.814393808660423,0.00035714285714285714,0.0,3556.0,0.00012408378260841957,-0.004394567958074802
3.6647766000608435,-0.0013707827584383142,8.809999240702346,0.00034285714285714285,0.0,3557.0,0.00012408378260797548,-0.004394567958076578
3.6649006838434515,-0.0012949689613526928,8.805604672744272,0.00032857142857142856,0.0,3558.0,0.00012408378260797548,-0.004394567958074802
3.6650247676260594,-0.0012191551642670713,8.801210104786197,0.0003142857142857143,0.0,3559.0,0.00012408378260797548,-0.004394567958074802
3.665148851408668,-0.00114334136718145,8.796815536828122,0.00030000000000000003,0.0,3560.0,0.00012408378260841957,-0.004394567958074802
3.665272935191276,-0.0010675275700958286,8.792420968870047,0.00028571428571428574,0.0,3561.0,0.00012408378260797548,-0.004394567958074802
3.665397018973884,-0.000991713773010207,8.788026400911972,0.00027142857142857144,0.0,3562.0,0.00012408378260797548,-0.004394567958074802
3.665521102756492,-0.0009158999759245856,8.783631832953898,0.00025714285714285715,0.0,3563.0,0.00012408378260797548,-0.004394567958074802
3.6656451865390998,-0.0008400861788389641,8.779237264995821,0.00024285714285714286,0.0,3564.0,0.00012408378260797548,-0.004394567958076578
3.665769270321708,-0.0007642723817533428,8.774842697037746,0.00022857142857142857,0.0,3565.0,0.00012408378260841957,-0.004394567958074802
3.665893354104316,-0.0006884585846677213,8.770448129079671,0.00021428571428571427,0.0,3566.0,0.00012408378260797548,-0.004394567958074802
3.666017437886924,-0.0006126447875821,8.766053561121597,0.0002,0.0,3567.0,0.00012408378260797548,-0.004394567958074802
3.666128864779981,-0.0007650402581397,8.76097292939429,0.0002,0.0,3568.0,0.00011142689305687625,-0.005080631727306439
3.666240291673038,-0.0009174357286973,8.755892297666984,0.0002,0.0,3569.0,0.00011142689305687625,-0.005080631727306439
3.6663517185660948,-0.0010698311992549,8.750811665939677,0.0002,0.0,3570.0,0.00011142689305687625,-0.005080631727306439
3.6664631454591516,-0.0012222266698125,8.74573103421237,0.0002,0.0,3571.0,0.00011142689305687625,-0.005080631727306439
3.6665745723522085,-0.0013746221403701,8.740650402485064,0.0002,0.0,3572.0,0.00011142689305687625,-0.005080631727306439
3.6666859992452654,-0.0015270176109276998,8.735569770757758,0.0002,0.0,3573.0,0.00011142689305687625,-0.005080631727306439
3.6667974261383227,-0.0016794130814852999,8.730489139030453,0.0002,0.0,3574.0,0.00011142689305732034,-0.005080631727304663
3.6669088530313796,-0.0018318085520429,8.725408507303147,0.0002,0.0,3575.0,0.00011142689305687625,-0.005080631727306439
3.6670202799244365,-0.0019842040226005,8.72032787557584,0.0002,0.0,3576.0,0.00011142689305687625,-0.005080631727306439
3.6671317068174933,-0.0021365994931580997,8.715247243848534,0.0002,0.0,3577.0,0.00011142689305687625,-0.005080631727306439
3.66724313371055,-0.0022889949637157,8.710166612121228,0.0002,0.0,3578.0,0.00011142689305687625,-0.005080631727306439
3.667354560603607,-0.0024413904342733,8.705085980393921,0.0002,0.0,3579.0,0.00011142689305687625,-0.005080631727306439
3.667465987496664,-0.0025937859048309,8.700005348666615,0.0002,0.0,3580.0,0.00011142689305687625,-0.005080631727306439
3.6675853574319377,-0.0024619126809671357,8.696196328763577,0.0002142857142857143,0.0,3581.0,0.00011936993527372763,-0.0038090199030378358
3.667704727367211,-0.002330039457103371,8.692387308860539,0.0002285714285714286,0.0,3582.0,0.00011936993527328355,-0.0038090199030378358
3.6678240973024847,-0.002198166233239607,8.688578288957501,0.00024285714285714286,0.0,3583.0,0.00011936993527372763,-0.0038090199030378358
3.6679434672377584,-0.002066293009375843,8.684769269054465,0.00025714285714285715,0.0,3584.0,0.00011936993527372763,-0.0038090199030360594
3.668062837173032,-0.0019344197855120785,8.680960249151427,0.00027142857142857144,0.0,3585.0,0.00011936993527372763,-0.0038090199030378358
3.6681822071083054,-0.0018025465616483142,8.67715122924839,0.00028571428571428574,0.0,3586.0,0.00011936993527328355,-0.0038090199030378358
3.668301577043579,-0.00167067333778455,8.673342209345352,0.00030000000000000003,0.0,3587.0,0.00011936993527372763,-0.0038090199030378358
3.668420946978853,-0.0015388001139207857,8.669533189442314,0.0003142857142857143,0.0,3588.0,0.00011936993527372763,-0.0038090199030378358
3.668540316914126,-0.0014069268900570213,8.665724169539276,0.0003285714285714286,0.0,3589.0,0.00011936993527328355,-0.0038090199030378358
3.6686596868494,-0.0012750536661932572,8.661915149636238,0.0003428571428571429,0.0,3590.0,0.00011936993527372763,-0.0038090199030378358
3.6687790567846736,-0.0011431804423294928,8.658106129733202,0.00035714285714285714,0.0,3591.0,0.00011936993527372763,-0.0038090199030360594
3.6688984267199474,-0.0010113072184657285,8.654297109830164,0.00037142857142857143,0.0,3592.0,0.00011936993527372763,-0.0038090199030378358
3.6690177966552207,-0.0008794339946019644,8.650488089927126,0.0003857142857142857,0.0,3593.0,0.00011936993527328355,-0.0038090199030378358
3.6691371665904944,-0.0007475607707382,8.646679070024089,0.0004,0.0,3594.0,0.00011936993527372763,-0.0038090199030378358
3.669228547949354,-0.0006817188235933866,8.641710918749151,0.0004,0.0,3595.0,9.138135885944365e-05,-0.004968151274937327
3.669319929308213,-0.0006158768764485733,8.636742767474214,0.0004,0.0,3596.0,9.138135885899956e-05,-0.004968151274937327
3.6694113106670723,-0.0005500349293037601,8.631774616199277,0.0004,0.0,3597.0,9.138135885944365e-05,-0.004968151274937327
3.6695026920259313,-0.00048419298215894666,8.62680646492434,0.0004,0.0,3598.0,9.138135885899956e-05,-0.004968151274937327
3.6695940733847907,-0.0004183510350141333,8.621838313649402,0.0004,0.0,3599.0,9.138135885944365e-05,-0.004968151274937327
3.6696854547436497,-0.00035250908786932,8.616870162374465,0.0004,0.0,3600.0,9.138135885899956e-05,-0.004968151274937327
3.669776836102509,-0.00028666714072450664,8.611902011099527,0.0004,0.0,3601.0,9.138135885944365e-05,-0.004968151274937327
3.669868217461368,-0.0002208251935796933,8.60693385982459,0.0004,0.0,3602.0,9.138135885899956e-05,-0.004968151274937327
3.6699595988202276,-0.00015498324643487997,8.601965708549653,0.0004,0.0,3603.0,9.138135885944365e-05,-0.004968151274937327
3.6700509801790866,-8.914129929006663e-05,8.596997557274715,0.0004,0.0,3604.0,9.138135885899956e-05,-0.004968151274937327
3.670142361537946,-2.3299352145253287e-05,8.592029405999778,0.0004,0.0,3605.0,9.138135885944365e-05,-0.004968151274937327
3.670233742896805,4.254259499956005e-05,8.58706125472484,0.0004,0.0,3606.0,9.138135885899956e-05,-0.004968151274937327
3.6703251242556645,0.00010838454214437339,8.582093103449903,0.0004,0.0,3607.0,9.138135885944365e-05,-0.004968151274937327
3.6704165056145235,0.00017422648928918673,8.577124952174966,0.0004,0.0,3608.0,9.138135885899956e-05,-0.004968151274937327
3.670507886973383,0.000240068436434,8.572156800900029,0.0004,0.0,3609.0,9.138135885944365e-05,-0.004968151274937327
3.6706203344537083,9.323896174135714e-05,8.56843049141019,0.0003857142857142857,0.0,3610.0,0.00011244748032535057,-0.003726309489838542
3.6707327819340336,-5.35905129512857e-05,8.564704181920352,0.00037142857142857143,0.0,3611.0,0.00011244748032535057,-0.003726309489838542
3.670845229414359,-0.00020041998764392855,8.560977872430513,0.00035714285714285714,0.0,3612.0,0.00011244748032535057,-0.003726309489838542
3.670957676894684,-0.00034724946233657137,8.557251562940674,0.00034285714285714285,0.0,3613.0,0.00011244748032490648,-0.003726309489838542
3.6710701243750092,-0.0004940789370292142,8.553525253450836,0.00032857142857142856,0.0,3614.0,0.00011244748032535057,-0.003726309489838542
3.6711825718553346,-0.0006409084117218571,8.549798943960997,0.0003142857142857143,0.0,3615.0,0.00011244748032535057,-0.003726309489838542
3.67129501933566,-0.0007877378864144999,8.546072634471159,0.00030000000000000003,0.0,3616.0,0.00011244748032535057,-0.003726309489838542
3.6714074668159853,-0.0009345673611071427,8.54234632498132,0.00028571428571428574,0.0,3617.0,0.00011244748032535057,-0.003726309489838542
3.6715199142963106,-0.0010813968357997856,8.538620015491482,0.00027142857142857144,0.0,3618.0,0.00011244748032535057,-0.003726309489838542
3.671632361776636,-0.0012282263104924284,8.534893706001643,0.00025714285714285715,0.0,3619.0,0.00011244748032535057,-0.003726309489838542
3.671744809256961,-0.0013750557851850713,8.531167396511805,0.00024285714285714286,0.0,3620.0,0.00011244748032490648,-0.003726309489838542
3.6718572567372862,-0.0015218852598777141,8.527441087021966,0.00022857142857142857,0.0,3621.0,0.00011244748032535057,-0.003726309489838542
3.6719697042176116,-0.001668714734570357,8.523714777532128,0.00021428571428571427,0.0,3622.0,0.00011244748032535057,-0.003726309489838542
3.672082151697937,-0.001815544209263,8.519988468042289,0.0002,0.0,3623.0,0.00011244748032535057,-0.003726309489838542
3.672175734542658,-0.0017111992338859643,8.514595315171515,0.0002142857142857143,0.0,3624.0,9.358284472105183e-05,-0.0053931528707735765
3.6722693173873786,-0.0016068542585089287,8.509202162300742,0.0002285714285714286,0.0,3625.0,9.358284472060774e-05,-0.0053931528707735765
3.6723629002320997,-0.001502509283131893,8.50380900942997,0.00024285714285714286,0.0,3626.0,9.358284472105183e-05,-0.0053931528707718
3.6724564830768207,-0.001398164307754857,8.498415856559197,0.00025714285714285715,0.0,3627.0,9.358284472105183e-05,-0.0053931528707735765
3.6725500659215413,-0.0012938193323778215,8.493022703688423,0.00027142857142857144,0.0,3628.0,9.358284472060774e-05,-0.0053931528707735765
3.6726436487662624,-0.0011894743570007857,8.48762955081765,0.00028571428571428574,0.0,3629.0,9.358284472105183e-05,-0.0053931528707735765
3.672737231610983,-0.00108512938162375,8.482236397946878,0.00030000000000000003,0.0,3630.0,9.358284472060774e-05,-0.0053931528707718
3.672830814455704,-0.0009807844062467144,8.476843245076104,0.0003142857142857143,0.0,3631.0,9.358284472105183e-05,-0.0053931528707735765
3.672924397300425,-0.0008764394308696786,8.47145009220533,0.0003285714285714286,0.0,3632.0,9.358284472105183e-05,-0.0053931528707735765
3.6730179801451457,-0.0007720944554926428,8.466056939334557,0.0003428571428571429,0.0,3633.0,9.358284472060774e-05,-0.0053931528707735765
3.6731115629898667,-0.0006677494801156071,8.460663786463783,0.00035714285714285714,0.0,3634.0,9.358284472105183e-05,-0.0053931528707735765
3.673205145834588,-0.0005634045047385715,8.455270633593011,0.00037142857142857143,0.0,3635.0,9.358284472105183e-05,-0.0053931528707718
3.6732987286793084,-0.00045905952936153567,8.449877480722238,0.0003857142857142857,0.0,3636.0,9.358284472060774e-05,-0.0053931528707735765
3.6733923115240295,-0.0003547145539845,8.444484327851464,0.0004,0.0,3637.0,9.358284472105183e-05,-0.0053931528707735765
3.6734827175905145,-0.00033486083927567714,8.440828841895504,0.0003857142857142857,0.0,3638.0,9.040606648502703e-05,-0.0036554859559601027
3.673573123657,-0.00031500712456685435,8.437173355939542,0.00037142857142857143,0.0,3639.0,9.040606648547111e-05,-0.003655485955961879
3.673663529723485,-0.00029515340985803156,8.433517869983582,0.00035714285714285714,0.0,3640.0,9.040606648502703e-05,-0.0036554859559601027
3.67375393578997,-0.0002752996951492087,8.42986238402762,0.00034285714285714285,0.0,3641.0,9.040606648502703e-05,-0.003655485955961879
3.673844341856455,-0.00025544598044038587,8.42620689807166,0.00032857142857142856,0.0,3642.0,9.040606648502703e-05,-0.0036554859559601027
3.6739347479229405,-0.00023559226573156307,8.422551412115698,0.0003142857142857143,0.0,3643.0,9.040606648547111e-05,-0.003655485955961879
3.6740251539894255,-0.00021573855102274025,8.418895926159738,0.00030000000000000003,0.0,3644.0,9.040606648502703e-05,-0.0036554859559601027
3.6741155600559106,-0.00019588483631391743,8.415240440203778,0.00028571428571428574,0.0,3645.0,9.040606648502703e-05,-0.0036554859559601027
3.674205966122396,-0.00017603112160509461,8.411584954247816,0.00027142857142857144,0.0,3646.0,9.040606648547111e-05,-0.003655485955961879
3.674296372188881,-0.0001561774068962718,8.407929468291856,0.00025714285714285715,0.0,3647.0,9.040606648502703e-05,-0.0036554859559601027
3.674386778255366,-0.00013632369218744898,8.404273982335894,0.00024285714285714286,0.0,3648.0,9.040606648502703e-05,-0.003655485955961879
3.674477184321851,-0.00011646997747862616,8.400618496379934,0.00022857142857142857,0.0,3649.0,9.040606648502703e-05,-0.0036554859559601027
3.6745675903883366,-9.661626276980334e-05,8.396963010423972,0.00021428571428571427,0.0,3650.0,9.040606648547111e-05,-0.003655485955961879
3.6746579964548216,-7.67625480609805e-05,8.393307524468012,0.0002,0.0,3651.0,9.040606648502703e-05,-0.0036554859559601027
3.674740448577974,-0.00016211562048777477,8.389568311706096,0.0002142857142857143,0.0,3652.0,8.245212315260986e-05,-0.003739212761916022
3.674822900701127,-0.000247468692914569,8.385829098944178,0.0002285714285714286,0.0,3653.0,8.245212315260986e-05,-0.0037392127619177984
3.6749053528242794,-0.0003328217653413633,8.382089886182262,0.00024285714285714286,0.0,3654.0,8.245212315260986e-05,-0.003739212761916022
3.674987804947432,-0.0004181748377681576,8.378350673420345,0.00025714285714285715,0.0,3655.0,8.245212315260986e-05,-0.0037392127619177984
3.6750702570705847,-0.0005035279101949519,8.374611460658429,0.00027142857142857144,0.0,3656.0,8.245212315260986e-05,-0.003739212761916022
3.6751527091937373,-0.0005888809826217461,8.37087224789651,0.00028571428571428574,0.0,3657.0,8.245212315260986e-05,-0.0037392127619177984
3.6752351613168903,-0.0006742340550485404,8.367133035134595,0.00030000000000000003,0.0,3658.0,8.245212315305395e-05,-0.003739212761916022
3.675317613440043,-0.0007595871274753346,8.363393822372679,0.0003142857142857143,0.0,3659.0,8.245212315260986e-05,-0.003739212761916022
3.6754000655631955,-0.0008449401999021289,8.359654609610761,0.0003285714285714286,0.0,3660.0,8.245212315260986e-05,-0.0037392127619177984
3.675482517686348,-0.0009302932723289232,8.355915396848845,0.0003428571428571429,0.0,3661.0,8.245212315260986e-05,-0.003739212761916022
3.6755649698095008,-0.0010156463447557175,8.352176184086927,0.00035714285714285714,0.0,3662.0,8.245212315260986e-05,-0.0037392127619177984
3.6756474219326534,-0.0011009994171825117,8.348436971325011,0.00037142857142857143,0.0,3663.0,8.245212315260986e-05,-0.003739212761916022
3.675729874055806,-0.001186352489609306,8.344697758563093,0.0003857142857142857,0.0,3664.0,8.245212315260986e-05,-0.0037392127619177984
3.6758123261789586,-0.0012717055620361,8.340958545801177,0.0004,0.0,3665.0,8.245212315260986e-05,-0.003739212761916022
3.6759108299526337,-0.0011552386173315215,8.338330468169854,0.0003857142857142857,0.0,3666.0,9.850377367515151e-05,-0.0026280776313232224
3.6760093337263093,-0.001038771672626943,8.335702390538529,0.00037142857142857143,0.0,3667.0,9.85037736755956e-05,-0.0026280776313249987
3.6761078374999845,-0.0009223047279223644,8.333074312907204,0.00035714285714285714,0.0,3668.0,9.850377367515151e-05,-0.0026280776313249987
3.6762063412736596,-0.0008058377832177858,8.33044623527588,0.00034285714285714285,0.0,3669.0,9.850377367515151e-05,-0.0026280776313232224
3.6763048450473352,-0.0006893708385132072,8.327818157644558,0.00032857142857142856,0.0,3670.0,9.85037736755956e-05,-0.0026280776313232224
3.6764033488210104,-0.0005729038938086287,8.325190080013233,0.0003142857142857143,0.0,3671.0,9.850377367515151e-05,-0.0026280776313249987
3.676501852594686,-0.00045643694910405013,8.322562002381908,0.00030000000000000003,0.0,3672.0,9.85037736755956e-05,-0.0026280776313249987
3.676600356368361,-0.00033997000439947155,8.319933924750584,0.00028571428571428574,0.0,3673.0,9.850377367515151e-05,-0.0026280776313232224
3.6766988601420363,-0.00022350305969489297,8.317305847119261,0.00027142857142857144,0.0,3674.0,9.850377367515151e-05,-0.0026280776313232224
3.676797363915712,-0.00010703611499031441,8.314677769487936,0.00025714285714285715,0.0,3675.0,9.85037736755956e-05,-0.0026280776313249987
3.676895867689387,9.430829714264155e-06,8.312049691856611,0.00024285714285714286,0.0,3676.0,9.850377367515151e-05,-0.0026280776313249987
3.676994371463062,0.00012589777441884272,8.309421614225288,0.00022857142857142857,0.0,3677.0,9.850377367515151e-05,-0.0026280776313232224
3.677092875236738,0.0002423647191234213,8.306793536593965,0.00021428571428571427,0.0,3678.0,9.85037736755956e-05,-0.0026280776313232224
3.677191379010413,0.000358831663828,8.30416545896264,0.0002,0.0,3679.0,9.850377367515151e-05,-0.0026280776313249987
3.677261932365753,0.0002796243750049857,8.300514650728184,0.0002142857142857143,0.0,3680.0,7.055335534023044e-05,-0.003650808234455738
3.6773324857210934,0.0002004170861819714,8.29686384249373,0.0002285714285714286,0.0,3681.0,7.055335534023044e-05,-0.0036508082344539616
3.6774030390764336,0.00012120979735895711,8.293213034259274,0.00024285714285714286,0.0,3682.0,7.055335534023044e-05,-0.003650808234455738
3.677473592431774,4.2002508535942816e-05,8.28956222602482,0.00025714285714285715,0.0,3683.0,7.055335534023044e-05,-0.0036508082344539616
3.677544145787114,-3.720478028707148e-05,8.285911417790365,0.00027142857142857144,0.0,3684.0,7.055335534023044e-05,-0.003650808234455738
3.6776146991424543,-0.00011641206911008577,8.28226060955591,0.00028571428571428574,0.0,3685.0,7.055335534023044e-05,-0.0036508082344539616
3.6776852524977945,-0.00019561935793310005,8.278609801321455,0.00030000000000000003,0.0,3686.0,7.055335534023044e-05,-0.003650808234455738
3.6777558058531348,-0.00027482664675611436,8.274958993087,0.0003142857142857143,0.0,3687.0,7.055335534023044e-05,-0.003650808234455738
3.677826359208475,-0.00035403393557912867,8.271308184852545,0.0003285714285714286,0.0,3688.0,7.055335534023044e-05,-0.0036508082344539616
3.6778969125638152,-0.0004332412244021429,8.26765737661809,0.0003428571428571429,0.0,3689.0,7.055335534023044e-05,-0.003650808234455738
3.6779674659191555,-0.0005124485132251572,8.264006568383635,0.00035714285714285714,0.0,3690.0,7.055335534023044e-05,-0.0036508082344539616
3.6780380192744957,-0.0005916558020481715,8.26035576014918,0.00037142857142857143,0.0,3691.0,7.055335534023044e-05,-0.003650808234455738
3.678108572629836,-0.0006708630908711859,8.256704951914726,0.0003857142857142857,0.0,3692.0,7.055335534023044e-05,-0.0036508082344539616
3.678179125985176,-0.0007500703796942,8.25305414368027,0.0004,0.0,3693.0,7.055335534023044e-05,-0.003650808234455738
3.6782519900010953,-0.0008201934918229714,8.24956815876452,0.0003857142857142857,0.0,3694.0,7.286401591910519e-05,-0.003485984915750251
3.678324854017015,-0.0008903166039517429,8.24608217384877,0.00037142857142857143,0.0,3695.0,7.286401591954927e-05,-0.003485984915750251
3.678397718032934,-0.0009604397160805143,8.24259618893302,0.00035714285714285714,0.0,3696.0,7.286401591910519e-05,-0.003485984915750251
3.6784705820488535,-0.0010305628282092857,8.23911020401727,0.00034285714285714285,0.0,3697.0,7.286401591954927e-05,-0.0034859849157484746
3.6785434460647726,-0.001100685940338057,8.23562421910152,0.00032857142857142856,0.0,3698.0,7.286401591910519e-05,-0.003485984915750251
3.678616310080692,-0.0011708090524668285,8.23213823418577,0.0003142857142857143,0.0,3699.0,7.286401591954927e-05,-0.003485984915750251
3.6786891740966112,-0.0012409321645955999,8.22865224927002,0.00030000000000000003,0.0,3700.0,7.286401591910519e-05,-0.003485984915750251
3.6787620381125303,-0.0013110552767243715,8.22516626435427,0.00028571428571428574,0.0,3701.0,7.286401591910519e-05,-0.003485984915750251
3.67883490212845,-0.0013811783888531429,8.22168027943852,0.00027142857142857144,0.0,3702.0,7.286401591954927e-05,-0.003485984915750251
3.678907766144369,-0.0014513015009819143,8.21819429452277,0.00025714285714285715,0.0,3703.0,7.286401591910519e-05,-0.003485984915750251
3.6789806301602885,-0.0015214246131106857,8.21470830960702,0.00024285714285714286,0.0,3704.0,7.286401591954927e-05,-0.0034859849157484746
3.6790534941762076,-0.001591547725239457,8.21122232469127,0.00022857142857142857,0.0,3705.0,7.286401591910519e-05,-0.003485984915750251
3.679126358192127,-0.0016616708373682284,8.20773633977552,0.00021428571428571427,0.0,3706.0,7.286401591954927e-05,-0.003485984915750251
3.6791992222080463,-0.001731793949497,8.20425035485977,0.0002,0.0,3707.0,7.286401591910519e-05,-0.003485984915750251
3.6792835310545864,-0.0017732020500029143,8.201208300496885,0.0002142857142857143,0.0,3708.0,8.430884654009319e-05,-0.0030420543628846275
3.679367839901126,-0.0018146101505088286,8.198166246134,0.0002285714285714286,0.0,3709.0,8.43088465396491e-05,-0.0030420543628846275
3.679452148747666,-0.001856018251014743,8.195124191771116,0.00024285714285714286,0.0,3710.0,8.430884654009319e-05,-0.0030420543628846275
3.6795364575942062,-0.0018974263515206572,8.19208213740823,0.00025714285714285715,0.0,3711.0,8.430884654009319e-05,-0.003042054362886404
3.6796207664407463,-0.0019388344520265715,8.189040083045345,0.00027142857142857144,0.0,3712.0,8.430884654009319e-05,-0.0030420543628846275
3.679705075287286,-0.0019802425525324856,8.18599802868246,0.00028571428571428574,0.0,3713.0,8.43088465396491e-05,-0.0030420543628846275
3.679789384133826,-0.0020216506530384,8.182955974319576,0.00030000000000000003,0.0,3714.0,8.430884654009319e-05,-0.0030420543628846275
3.679873692980366,-0.002063058753544314,8.179913919956691,0.0003142857142857143,0.0,3715.0,8.430884654009319e-05,-0.0030420543628846275
3.679958001826906,-0.0021044668540502287,8.176871865593807,0.0003285714285714286,0.0,3716.0,8.43088465396491e-05,-0.0030420543628846275
3.680042310673446,-0.0021458749545561428,8.173829811230922,0.0003428571428571429,0.0,3717.0,8.430884654009319e-05,-0.0030420543628846275
3.680126619519986,-0.0021872830550620573,8.170787756868036,0.00035714285714285714,0.0,3718.0,8.430884654009319e-05,-0.003042054362886404
3.680210928366526,-0.0022286911555679714,8.167745702505151,0.00037142857142857143,0.0,3719.0,8.430884654009319e-05,-0.0030420543628846275
3.6802952372130657,-0.002270099256073886,8.164703648142266,0.0003857142857142857,0.0,3720.0,8.43088465396491e-05,-0.0030420543628846275
3.680379546059606,-0.0023115073565798,8.161661593779382,0.0004,0.0,3721.0,8.430884654009319e-05,-0.0030420543628846275
3.6804538825315514,-0.0021881811370146214,8.158866433383363,0.0003857142857142857,0.0,3722.0,7.433647194554638e-05,-0.002795160396019014
3.6805282190034974,-0.002064854917449443,8.156071272987342,0.00037142857142857143,0.0,3723.0,7.433647194599047e-05,-0.0027951603960207905
3.680602555475443,-0.0019415286978842644,8.153276112591323,0.00035714285714285714,0.0,3724.0,7.433647194554638e-05,-0.002795160396019014
3.680676891947389,-0.0018182024783190858,8.150480952195304,0.00034285714285714285,0.0,3725.0,7.433647194599047e-05,-0.002795160396019014
3.6807512284193344,-0.001694876258753907,8.147685791799285,0.00032857142857142856,0.0,3726.0,7.433647194554638e-05,-0.002795160396019014
3.6808255648912804,-0.0015715500391887286,8.144890631403264,0.0003142857142857143,0.0,3727.0,7.433647194599047e-05,-0.0027951603960207905
3.680899901363226,-0.00144822381962355,8.142095471007245,0.00030000000000000003,0.0,3728.0,7.433647194554638e-05,-0.002795160396019014
3.6809742378351715,-0.0013248976000583715,8.139300310611226,0.00028571428571428574,0.0,3729.0,7.433647194554638e-05,-0.002795160396019014
3.6810485743071175,-0.001201571380493193,8.136505150215205,0.00027142857142857144,0.0,3730.0,7.433647194599047e-05,-0.0027951603960207905
3.681122910779063,-0.0010782451609280144,8.133709989819186,0.00025714285714285715,0.0,3731.0,7.433647194554638e-05,-0.002795160396019014
3.681197247251009,-0.0009549189413628358,8.130914829423167,0.00024285714285714286,0.0,3732.0,7.433647194599047e-05,-0.002795160396019014
3.6812715837229546,-0.0008315927217976573,8.128119669027148,0.00022857142857142857,0.0,3733.0,7.433647194554638e-05,-0.002795160396019014
3.6813459201949006,-0.0007082665022324787,8.125324508631127,0.00021428571428571427,0.0,3734.0,7.433647194599047e-05,-0.0027951603960207905
3.681420256666846,-0.0005849402826673,8.122529348235108,0.0002,0.0,3735.0,7.433647194554638e-05,-0.002795160396019014
3.681492389633266,-0.0006474221572371857,8.119962506491591,0.0002142857142857143,0.0,3736.0,7.21329664199466e-05,-0.0025668417435174007
3.6815645225996856,-0.0007099040318070714,8.117395664748074,0.0002285714285714286,0.0,3737.0,7.213296641950251e-05,-0.0025668417435174007
3.6816366555661055,-0.0007723859063769571,8.114828823004556,0.00024285714285714286,0.0,3738.0,7.21329664199466e-05,-0.0025668417435174007
3.6817087885325255,-0.0008348677809468428,8.112261981261037,0.00025714285714285715,0.0,3739.0,7.21329664199466e-05,-0.002566841743519177
3.681780921498945,-0.0008973496555167285,8.10969513951752,0.00027142857142857144,0.0,3740.0,7.213296641950251e-05,-0.0025668417435174007
3.681853054465365,-0.0009598315300866142,8.107128297774002,0.00028571428571428574,0.0,3741.0,7.21329664199466e-05,-0.0025668417435174007
3.6819251874317844,-0.0010223134046564999,8.104561456030485,0.00030000000000000003,0.0,3742.0,7.213296641950251e-05,-0.0025668417435174007
3.6819973203982044,-0.0010847952792263857,8.101994614286967,0.0003142857142857143,0.0,3743.0,7.21329664199466e-05,-0.0025668417435174007
3.6820694533646243,-0.0011472771537962714,8.09942777254345,0.0003285714285714286,0.0,3744.0,7.21329664199466e-05,-0.0025668417435174007
3.682141586331044,-0.001209759028366157,8.096860930799933,0.0003428571428571429,0.0,3745.0,7.213296641950251e-05,-0.0025668417435174007
3.6822137192974638,-0.0012722409029360428,8.094294089056413,0.00035714285714285714,0.0,3746.0,7.21329664199466e-05,-0.002566841743519177
3.6822858522638837,-0.0013347227775059286,8.091727247312896,0.00037142857142857143,0.0,3747.0,7.21329664199466e-05,-0.0025668417435174007
3.682357985230303,-0.0013972046520758141,8.089160405569379,0.0003857142857142857,0.0,3748.0,7.213296641950251e-05,-0.0025668417435174007
3.682430118196723,-0.0014596865266457,8.086593563825861,0.0004,0.0,3749.0,7.21329664199466e-05,-0.0025668417435174007
3.682494742592516,-0.0014930058222322928,8.084732162141188,0.0004,0.0,3750.0,6.462439579291157e-05,-0.0018614016846729697
3.6825593669883094,-0.0015263251178188855,8.082870760456515,0.0004,0.0,3751.0,6.462439579335566e-05,-0.0018614016846729697
3.6826239913841023,-0.0015596444134054785,8.08100935877184,0.0004,0.0,3752.0,6.462439579291157e-05,-0.001861401684674746
3.6826886157798953,-0.0015929637089920714,8.079147957087168,0.0004,0.0,3753.0,6.462439579291157e-05,-0.0018614016846729697
3.6827532401756886,-0.0016262830045786643,8.077286555402495,0.0004,0.0,3754.0,6.462439579335566e-05,-0.0018614016846729697
3.6828178645714815,-0.001659602300165257,8.075425153717822,0.0004,0.0,3755.0,6.462439579291157e-05,-0.0018614016846729697
3.682882488967275,-0.00169292159575185,8.073563752033149,0.0004,0.0,3756.0,6.462439579335566e-05,-0.0018614016846729697
3.682947113363068,-0.001726240891338443,8.071702350348474,0.0004,0.0,3757.0,6.462439579291157e-05,-0.001861401684674746
3.6830117377588607,-0.0017595601869250356,8.069840948663801,0.0004,0.0,3758.0,6.462439579291157e-05,-0.0018614016846729697
3.683076362154654,-0.0017928794825116286,8.067979546979128,0.0004,0.0,3759.0,6.462439579335566e-05,-0.0018614016846729697
3.683140986550447,-0.0018261987780982215,8.066118145294455,0.0004,0.0,3760.0,6.462439579291157e-05,-0.0018614016846729697
3.68320561094624,-0.0018595180736848144,8.06425674360978,0.0004,0.0,3761.0,6.462439579291157e-05,-0.001861401684674746
3.6832702353420332,-0.0018928373692714072,8.062395341925107,0.0004,0.0,3762.0,6.462439579335566e-05,-0.0018614016846729697
3.683334859737826,-0.001926156664858,8.060533940240434,0.0004,0.0,3763.0,6.462439579291157e-05,-0.0018614016846729697
3.6834047424608163,-0.0018142652360126,8.057406200895265,0.0003857142857142857,0.0,3764.0,6.988272299013332e-05,-0.0031277393451691893
3.683474625183806,-0.0017023738071672001,8.054278461550096,0.00037142857142857143,0.0,3765.0,6.988272298968923e-05,-0.0031277393451691893
3.683544507906796,-0.0015904823783218002,8.051150722204927,0.00035714285714285714,0.0,3766.0,6.988272299013332e-05,-0.0031277393451691893
3.6836143906297862,-0.0014785909494764,8.048022982859758,0.00034285714285714285,0.0,3767.0,6.988272299013332e-05,-0.0031277393451691893
3.683684273352776,-0.001366699520631,8.044895243514588,0.00032857142857142856,0.0,3768.0,6.988272298968923e-05,-0.0031277393451691893
3.683754156075766,-0.0012548080917856,8.04176750416942,0.0003142857142857143,0.0,3769.0,6.988272299013332e-05,-0.0031277393451691893
3.6838240387987558,-0.0011429166629402,8.038639764824252,0.00030000000000000003,0.0,3770.0,6.988272298968923e-05,-0.003127739345167413
3.683893921521746,-0.0010310252340948,8.035512025479083,0.00028571428571428574,0.0,3771.0,6.988272299013332e-05,-0.0031277393451691893
3.683963804244736,-0.0009191338052494001,8.032384286133913,0.00027142857142857144,0.0,3772.0,6.988272299013332e-05,-0.0031277393451691893
3.6840336869677257,-0.0008072423764040001,8.029256546788744,0.00025714285714285715,0.0,3773.0,6.988272298968923e-05,-0.0031277393451691893
3.684103569690716,-0.0006953509475586,8.026128807443575,0.00024285714285714286,0.0,3774.0,6.988272299013332e-05,-0.0031277393451691893
3.684173452413706,-0.0005834595187132,8.023001068098406,0.00022857142857142857,0.0,3775.0,6.988272299013332e-05,-0.0031277393451691893
3.6842433351366957,-0.00047156808986780006,8.019873328753237,0.00021428571428571427,0.0,3776.0,6.988272298968923e-05,-0.0031277393451691893
3.684313217859686,-0.0003596766610224,8.016745589408067,0.0002,0.0,3777.0,6.988272299013332e-05,-0.0031277393451691893
3.684383297686375,-0.00032460404187312854,8.014325562261515,0.0002,0.0,3778.0,7.007982668927326e-05,-0.002420027146552428
3.6844533775130643,-0.0002895314227238571,8.011905535114964,0.0002,0.0,3779.0,7.007982668927326e-05,-0.0024200271465506518
3.684523457339754,-0.00025445880357458567,8.009485507968412,0.0002,0.0,3780.0,7.007982668971735e-05,-0.002420027146552428
3.6845935371664433,-0.00021938618442531426,8.007065480821861,0.0002,0.0,3781.0,7.007982668927326e-05,-0.0024200271465506518
3.6846636169931326,-0.00018431356527604282,8.004645453675309,0.0002,0.0,3782.0,7.007982668927326e-05,-0.002420027146552428
3.684733696819822,-0.0001492409461267714,8.002225426528758,0.0002,0.0,3783.0,7.007982668927326e-05,-0.0024200271465506518
3.6848037766465116,-0.00011416832697749998,7.999805399382207,0.0002,0.0,3784.0,7.007982668971735e-05,-0.00242002714655154
3.684873856473201,-7.909570782822854e-05,7.997385372235654,0.0002,0.0,3785.0,7.007982668927326e-05,-0.002420027146552428
3.68494393629989,-4.402308867895711e-05,7.994965345089103,0.0002,0.0,3786.0,7.007982668927326e-05,-0.00242002714655154
3.6850140161265794,-8.95046952968568e-06,7.992545317942551,0.0002,0.0,3787.0,7.007982668927326e-05,-0.00242002714655154
3.6850840959532687,2.612214961958575e-05,7.990125290796,0.0002,0.0,3788.0,7.007982668927326e-05,-0.00242002714655154
3.6851541757799584,6.119476876885718e-05,7.987705263649448,0.0002,0.0,3789.0,7.007982668971735e-05,-0.00242002714655154
3.6852242556066477,9.626738791812861e-05,7.985285236502897,0.0002,0.0,3790.0,7.007982668927326e-05,-0.00242002714655154
3.685294335433337,0.0001313400070674,7.982865209356345,0.0002,0.0,3791.0,7.007982668927326e-05,-0.00242002714655154
3.685359074877513,0.00014549075731004285,7.980950069989526,0.0002,0.0,3792.0,6.473944417617616e-05,-0.0019151393668188632
3.6854238143216893,0.0001596415075526857,7.979034930622707,0.0002,0.0,3793.0,6.473944417617616e-05,-0.0019151393668188632
3.6854885537658655,0.00017379225779532857,7.9771197912558875,0.0002,0.0,3794.0,6.473944417617616e-05,-0.0019151393668197514
3.6855532932100417,0.00018794300803797142,7.975204651889069,0.0002,0.0,3795.0,6.473944417617616e-05,-0.0019151393668188632
3.685618032654218,0.00020209375828061427,7.97328951252225,0.0002,0.0,3796.0,6.473944417617616e-05,-0.0019151393668188632
3.685682772098394,0.00021624450852325713,7.971374373155431,0.0002,0.0,3797.0,6.473944417617616e-05,-0.0019151393668188632
3.68574751154257,0.00023039525876589998,7.969459233788611,0.0002,0.0,3798.0,6.473944417617616e-05,-0.0019151393668197514
3.6858122509867464,0.0002445460090085428,7.967544094421792,0.0002,0.0,3799.0,6.473944417617616e-05,-0.0019151393668188632
3.6858769904309225,0.0002586967592511857,7.9656289550549735,0.0002,0.0,3800.0,6.473944417617616e-05,-0.0019151393668188632
3.6859417298750987,0.0002728475094938285,7.963713815688155,0.0002,0.0,3801.0,6.473944417617616e-05,-0.0019151393668188632
3.686006469319275,0.00028699825973647143,7.961798676321336,0.0002,0.0,3802.0,6.473944417617616e-05,-0.0019151393668188632
3.686071208763451,0.0003011490099791143,7.959883536954516,0.0002,0.0,3803.0,6.473944417617616e-05,-0.0019151393668197514
3.6861359482076272,0.00031529976022175713,7.957968397587697,0.0002,0.0,3804.0,6.473944417617616e-05,-0.0019151393668188632
3.6862006876518034,0.0003294505104644,7.956053258220878,0.0002,0.0,3805.0,6.473944417617616e-05,-0.0019151393668188632
3.686246166029365,0.0003497463756386857,7.954715771927759,0.0002142857142857143,0.0,3806.0,4.547837756163631e-05,-0.0013374862931190279
3.686291644406927,0.0003700422408129714,7.95337828563464,0.0002285714285714286,0.0,3807.0,4.5478377562080397e-05,-0.0013374862931190279
3.6863371227844888,0.0003903381059872571,7.952040799341521,0.00024285714285714286,0.0,3808.0,4.547837756163631e-05,-0.0013374862931190279
3.686382601162051,0.0004106339711615428,7.950703313048402,0.00025714285714285715,0.0,3809.0,4.5478377562080397e-05,-0.0013374862931190279
3.6864280795396125,0.00043092983633582853,7.949365826755283,0.00027142857142857144,0.0,3810.0,4.547837756163631e-05,-0.0013374862931190279
3.6864735579171746,0.00045122570151011424,7.948028340462164,0.00028571428571428574,0.0,3811.0,4.5478377562080397e-05,-0.0013374862931190279
3.686519036294736,0.00047152156668439995,7.946690854169046,0.00030000000000000003,0.0,3812.0,4.547837756163631e-05,-0.0013374862931181397
3.686564514672298,0.0004918174318586857,7.945353367875927,0.0003142857142857143,0.0,3813.0,4.547837756163631e-05,-0.0013374862931190279
3.68660999304986,0.0005121132970329714,7.944015881582808,0.0003285714285714286,0.0,3814.0,4.5478377562080397e-05,-0.0013374862931190279
3.6866554714274216,0.0005324091622072571,7.942678395289689,0.0003428571428571429,0.0,3815.0,4.547837756163631e-05,-0.0013374862931190279
3.6867009498049836,0.0005527050273815428,7.94134090899657,0.00035714285714285714,0.0,3816.0,4.5478377562080397e-05,-0.0013374862931190279
3.6867464281825453,0.0005730008925558286,7.940003422703451,0.00037142857142857143,0.0,3817.0,4.547837756163631e-05,-0.0013374862931190279
3.6867919065601074,0.0005932967577301142,7.938665936410332,0.0003857142857142857,0.0,3818.0,4.5478377562080397e-05,-0.0013374862931190279
3.686837384937669,0.0006135926229044,7.937328450117213,0.0004,0.0,3819.0,4.547837756163631e-05,-0.0013374862931190279
3.6869088213556926,0.0005210644722825785,7.934220252532763,0.0003857142857142857,0.0,3820.0,7.143641802365153e-05,-0.003108197584449357
3.686980257773716,0.00042853632166075714,7.931112054948314,0.00037142857142857143,0.0,3821.0,7.143641802320744e-05,-0.003108197584449357
3.687051694191739,0.00033600817103893567,7.928003857363864,0.00035714285714285714,0.0,3822.0,7.143641802320744e-05,-0.003108197584450245
3.6871231306097627,0.00024348002041711425,7.9248956597794145,0.00034285714285714285,0.0,3823.0,7.143641802365153e-05,-0.003108197584449357
3.6871945670277864,0.00015095186979529284,7.921787462194965,0.00032857142857142856,0.0,3824.0,7.143641802365153e-05,-0.003108197584449357
3.6872660034458096,5.842371917347139e-05,7.918679264610516,0.0003142857142857143,0.0,3825.0,7.143641802320744e-05,-0.003108197584449357
3.6873374398638328,-3.410443144835004e-05,7.9155710670260655,0.00030000000000000003,0.0,3826.0,7.143641802320744e-05,-0.003108197584450245
3.6874088762818564,-0.00012663258207017147,7.912462869441616,0.00028571428571428574,0.0,3827.0,7.143641802365153e-05,-0.003108197584449357
3.68748031269988,-0.0002191607326919929,7.909354671857167,0.00027142857142857144,0.0,3828.0,7.143641802365153e-05,-0.003108197584449357
3.6875517491179033,-0.0003116888833138143,7.906246474272717,0.00025714285714285715,0.0,3829.0,7.143641802320744e-05,-0.003108197584449357
3.6876231855359265,-0.0004042170339356358,7.903138276688268,0.00024285714285714286,0.0,3830.0,7.143641802320744e-05,-0.003108197584449357
3.68769462195395,-0.0004967451845574572,7.900030079103818,0.00022857142857142857,0.0,3831.0,7.143641802365153e-05,-0.003108197584450245
3.687766058371974,-0.0005892733351792786,7.8969218815193685,0.00021428571428571427,0.0,3832.0,7.143641802365153e-05,-0.003108197584449357
3.687837494789997,-0.0006818014858011,7.893813683934919,0.0002,0.0,3833.0,7.143641802320744e-05,-0.003108197584449357
3.6878879016056123,-0.0007805993869873429,7.8919002079443255,0.0002142857142857143,0.0,3834.0,5.040681561530036e-05,-0.0019134759905936605
3.687938308421227,-0.0008793972881735858,7.889986731953733,0.0002285714285714286,0.0,3835.0,5.040681561485627e-05,-0.0019134759905927723
3.6879887152368425,-0.0009781951893598287,7.888073255963139,0.00024285714285714286,0.0,3836.0,5.040681561530036e-05,-0.0019134759905936605
3.6880391220524578,-0.0010769930905460716,7.886159779972545,0.00025714285714285715,0.0,3837.0,5.040681561530036e-05,-0.0019134759905936605
3.6880895288680726,-0.0011757909917323142,7.884246303981952,0.00027142857142857144,0.0,3838.0,5.040681561485627e-05,-0.0019134759905936605
3.688139935683688,-0.0012745888929185571,7.882332827991359,0.00028571428571428574,0.0,3839.0,5.040681561530036e-05,-0.0019134759905927723
3.6881903424993028,-0.0013733867941048,7.880419352000765,0.00030000000000000003,0.0,3840.0,5.040681561485627e-05,-0.0019134759905936605
3.688240749314918,-0.001472184695291043,7.878505876010172,0.0003142857142857143,0.0,3841.0,5.040681561530036e-05,-0.0019134759905936605
3.6882911561305334,-0.0015709825964772858,7.876592400019579,0.0003285714285714286,0.0,3842.0,5.040681561530036e-05,-0.0019134759905927723
3.6883415629461482,-0.0016697804976635287,7.874678924028985,0.0003428571428571429,0.0,3843.0,5.040681561485627e-05,-0.0019134759905936605
3.6883919697617635,-0.0017685783988497716,7.8727654480383915,0.00035714285714285714,0.0,3844.0,5.040681561530036e-05,-0.0019134759905936605
3.688442376577379,-0.0018673763000360143,7.870851972047798,0.00037142857142857143,0.0,3845.0,5.040681561530036e-05,-0.0019134759905936605
3.6884927833929937,-0.0019661742012222574,7.868938496057205,0.0003857142857142857,0.0,3846.0,5.040681561485627e-05,-0.0019134759905927723
3.688543190208609,-0.0020649721024085,7.867025020066611,0.0004,0.0,3847.0,5.040681561530036e-05,-0.0019134759905936605
3.688610594411214,-0.0023280266296067,7.864314501938747,0.0003857142857142857,0.0,3848.0,6.740420260520352e-05,-0.002710518127864603
3.68867799861382,-0.0025910811568049,7.861603983810881,0.00037142857142857143,0.0,3849.0,6.740420260564761e-05,-0.002710518127865491
3.6887454028164255,-0.0028541356840031,7.858893465683017,0.00035714285714285714,0.0,3850.0,6.740420260564761e-05,-0.002710518127864603
3.6888128070190307,-0.0031171902112013,7.856182947555151,0.00034285714285714285,0.0,3851.0,6.740420260520352e-05,-0.002710518127865491
3.688880211221636,-0.0033802447383995,7.853472429427287,0.00032857142857142856,0.0,3852.0,6.740420260520352e-05,-0.002710518127864603
3.6889476154242415,-0.0036432992655977,7.850761911299421,0.0003142857142857143,0.0,3853.0,6.740420260564761e-05,-0.002710518127865491
3.689015019626847,-0.0039063537927959,7.8480513931715565,0.00030000000000000003,0.0,3854.0,6.740420260564761e-05,-0.002710518127864603
3.6890824238294524,-0.0041694083199941,7.845340875043692,0.00028571428571428574,0.0,3855.0,6.740420260520352e-05,-0.002710518127864603
3.6891498280320576,-0.0044324628471923005,7.842630356915826,0.00027142857142857144,0.0,3856.0,6.740420260520352e-05,-0.002710518127865491
3.6892172322346632,-0.0046955173743905,7.839919838787962,0.00025714285714285715,0.0,3857.0,6.740420260564761e-05,-0.002710518127864603
3.689284636437269,-0.0049585719015887,7.837209320660096,0.00024285714285714286,0.0,3858.0,6.740420260564761e-05,-0.002710518127865491
3.689352040639874,-0.0052216264287869,7.834498802532232,0.00022857142857142857,0.0,3859.0,6.740420260520352e-05,-0.002710518127864603
3.6894194448424793,-0.005484680955985101,7.831788284404366,0.00021428571428571427,0.0,3860.0,6.740420260520352e-05,-0.002710518127865491
3.689486849045085,-0.0057477354831833,7.829077766276502,0.0002,0.0,3861.0,6.740420260564761e-05,-0.002710518127864603
3.689534274733474,-0.005457192552711043,7.827301152245661,0.0002142857142857143,0.0,3862.0,4.7425688388891274e-05,-0.0017766140308408396
3.6895817004218627,-0.005166649622238785,7.82552453821482,0.0002285714285714286,0.0,3863.0,4.7425688388891274e-05,-0.0017766140308408396
3.6896291261102516,-0.0048761066917665285,7.82374792418398,0.00024285714285714286,0.0,3864.0,4.7425688388891274e-05,-0.0017766140308399514
3.689676551798641,-0.0045855637612942715,7.821971310153139,0.00025714285714285715,0.0,3865.0,4.742568838933536e-05,-0.0017766140308408396
3.68972397748703,-0.004295020830822014,7.820194696122298,0.00027142857142857144,0.0,3866.0,4.7425688388891274e-05,-0.0017766140308408396
3.6897714031754187,-0.004004477900349757,7.8184180820914575,0.00028571428571428574,0.0,3867.0,4.7425688388891274e-05,-0.0017766140308408396
3.6898188288638076,-0.0037139349698775,7.8166414680606175,0.00030000000000000003,0.0,3868.0,4.7425688388891274e-05,-0.0017766140308399514
3.6898662545521965,-0.0034233920394052425,7.814864854029777,0.0003142857142857143,0.0,3869.0,4.7425688388891274e-05,-0.0017766140308408396
3.6899136802405854,-0.003132849108932985,7.813088239998936,0.0003285714285714286,0.0,3870.0,4.7425688388891274e-05,-0.0017766140308408396
3.6899611059289743,-0.002842306178460728,7.811311625968095,0.0003428571428571429,0.0,3871.0,4.7425688388891274e-05,-0.0017766140308408396
3.6900085316173636,-0.0025517632479884708,7.809535011937254,0.00035714285714285714,0.0,3872.0,4.742568838933536e-05,-0.0017766140308408396
3.6900559573057525,-0.0022612203175162134,7.807758397906414,0.00037142857142857143,0.0,3873.0,4.7425688388891274e-05,-0.0017766140308399514
3.6901033829941414,-0.0019706773870439565,7.805981783875573,0.0003857142857142857,0.0,3874.0,4.7425688388891274e-05,-0.0017766140308408396
3.6901508086825303,-0.0016801344565717,7.804205169844733,0.0004,0.0,3875.0,4.7425688388891274e-05,-0.0017766140308408396
3.6901986389578454,-0.0016583874725458214,7.802068053813566,0.0004,0.0,3876.0,4.7830275315075e-05,-0.0021371160311662862
3.69024646923316,-0.0016366404885199428,7.799930937782399,0.0004,0.0,3877.0,4.783027531463091e-05,-0.0021371160311671744
3.690294299508475,-0.0016148935044940642,7.797793821751233,0.0004,0.0,3878.0,4.7830275315075e-05,-0.0021371160311662862
3.69034212978379,-0.0015931465204681856,7.7956567057200665,0.0004,0.0,3879.0,4.7830275315075e-05,-0.0021371160311662862
3.690389960059105,-0.001571399536442307,7.793519589688899,0.0004,0.0,3880.0,4.783027531463091e-05,-0.0021371160311671744
3.69043779033442,-0.0015496525524164285,7.791382473657733,0.0004,0.0,3881.0,4.7830275315075e-05,-0.0021371160311662862
3.6904856206097345,-0.00152790556839055,7.789245357626567,0.0004,0.0,3882.0,4.783027531463091e-05,-0.0021371160311662862
3.6905334508850496,-0.0015061585843646715,7.7871082415954,0.0004,0.0,3883.0,4.7830275315075e-05,-0.0021371160311671744
3.6905812811603647,-0.001484411600338793,7.784971125564233,0.0004,0.0,3884.0,4.7830275315075e-05,-0.0021371160311662862
3.6906291114356793,-0.0014626646163129144,7.782834009533066,0.0004,0.0,3885.0,4.783027531463091e-05,-0.0021371160311671744
3.6906769417109944,-0.0014409176322870358,7.7806968935019,0.0004,0.0,3886.0,4.7830275315075e-05,-0.0021371160311662862
3.6907247719863094,-0.0014191706482611572,7.778559777470734,0.0004,0.0,3887.0,4.7830275315075e-05,-0.0021371160311662862
3.690772602261624,-0.0013974236642352786,7.776422661439566,0.0004,0.0,3888.0,4.783027531463091e-05,-0.0021371160311671744
3.690820432536939,-0.0013756766802094,7.7742855454084,0.0004,0.0,3889.0,4.7830275315075e-05,-0.0021371160311662862
3.690868801117281,-0.0017911028714410072,7.773468551567686,0.0004,0.0,3890.0,4.8368580341850986e-05,-0.0008169938407140975
3.690917169697623,-0.002206529062672614,7.772651557726972,0.0004,0.0,3891.0,4.8368580341850986e-05,-0.0008169938407140975
3.6909655382779647,-0.0026219552539042215,7.771834563886258,0.0004,0.0,3892.0,4.8368580341850986e-05,-0.0008169938407140975
3.691013906858306,-0.0030373814451358284,7.771017570045544,0.0004,0.0,3893.0,4.83685803414069e-05,-0.0008169938407140975
3.691062275438648,-0.0034528076363674353,7.77020057620483,0.0004,0.0,3894.0,4.8368580341850986e-05,-0.0008169938407140975
3.69111064401899,-0.0038682338275990427,7.7693835823641155,0.0004,0.0,3895.0,4.8368580341850986e-05,-0.0008169938407140975
3.6911590125993317,-0.00428366001883065,7.768566588523401,0.0004,0.0,3896.0,4.8368580341850986e-05,-0.0008169938407140975
3.6912073811796735,-0.0046990862100622565,7.767749594682688,0.0004,0.0,3897.0,4.8368580341850986e-05,-0.0008169938407132094
3.6912557497600154,-0.0051145124012938635,7.766932600841974,0.0004,0.0,3898.0,4.8368580341850986e-05,-0.0008169938407140975
3.691304118340357,-0.005529938592525471,7.76611560700126,0.0004,0.0,3899.0,4.8368580341850986e-05,-0.0008169938407140975
3.6913524869206986,-0.005945364783757078,7.765298613160546,0.0004,0.0,3900.0,4.83685803414069e-05,-0.0008169938407140975
3.6914008555010405,-0.006360790974988685,7.764481619319832,0.0004,0.0,3901.0,4.8368580341850986e-05,-0.0008169938407140975
3.6914492240813823,-0.006776217166220292,7.763664625479118,0.0004,0.0,3902.0,4.8368580341850986e-05,-0.0008169938407140975
3.691497592661724,-0.0071916433574519,7.762847631638404,0.0004,0.0,3903.0,4.8368580341850986e-05,-0.0008169938407140975
3.691539992875677,-0.006561881860363987,7.760767713719044,0.0004,0.0,3904.0,4.2400213952742405e-05,-0.002079917919359353
3.691582393089629,-0.005932120363276073,7.758687795799686,0.0004,0.0,3905.0,4.2400213952298316e-05,-0.002079917919358465
3.691624793303582,-0.0053023588661881595,7.7566078778803265,0.0004,0.0,3906.0,4.2400213952742405e-05,-0.002079917919359353
3.6916671935175347,-0.004672597369100247,7.754527959960968,0.0004,0.0,3907.0,4.2400213952742405e-05,-0.002079917919358465
3.691709593731487,-0.004042835872012334,7.752448042041609,0.0004,0.0,3908.0,4.2400213952298316e-05,-0.002079917919359353
3.6917519939454397,-0.00341307437492442,7.750368124122249,0.0004,0.0,3909.0,4.2400213952742405e-05,-0.002079917919359353
3.6917943941593925,-0.0027833128778365066,7.748288206202891,0.0004,0.0,3910.0,4.2400213952742405e-05,-0.002079917919358465
3.6918367943733448,-0.0021535513807485933,7.7462082882835315,0.0004,0.0,3911.0,4.2400213952298316e-05,-0.002079917919359353
3.6918791945872975,-0.00152378988366068,7.744128370364173,0.0004,0.0,3912.0,4.2400213952742405e-05,-0.002079917919358465
3.6919215948012503,-0.0008940283865727667,7.742048452444814,0.0004,0.0,3913.0,4.2400213952742405e-05,-0.002079917919359353
3.6919639950152026,-0.0002642668894848534,7.739968534525454,0.0004,0.0,3914.0,4.2400213952298316e-05,-0.002079917919359353
3.6920063952291553,0.00036549460760305994,7.737888616606096,0.0004,0.0,3915.0,4.2400213952742405e-05,-0.002079917919358465
3.692048795443108,0.0009952561046909733,7.7358086986867365,0.0004,0.0,3916.0,4.2400213952742405e-05,-0.002079917919359353
3.6920911956570603,0.0016250176017788866,7.733728780767378,0.0004,0.0,3917.0,4.2400213952298316e-05,-0.002079917919358465
3.692133595871013,0.0022547790988668,7.731648862848019,0.0004,0.0,3918.0,4.2400213952742405e-05,-0.002079917919359353
3.692191066626139,0.0020895160992356623,7.730900590317445,0.0003857142857142857,0.0,3919.0,5.747075512596567e-05,-0.0007482725305738569
3.6922485373812646,0.0019242530996045244,7.730152317786872,0.00037142857142857143,0.0,3920.0,5.747075512552158e-05,-0.0007482725305729687
3.6923060081363905,0.0017589900999733868,7.729404045256298,0.00035714285714285714,0.0,3921.0,5.747075512596567e-05,-0.0007482725305738569
3.6923634788915165,0.001593727100342249,7.728655772725724,0.00034285714285714285,0.0,3922.0,5.747075512596567e-05,-0.0007482725305738569
3.6924209496466425,0.0014284641007111113,7.727907500195151,0.00032857142857142856,0.0,3923.0,5.747075512596567e-05,-0.0007482725305729687
3.692478420401768,0.0012632011010799736,7.727159227664577,0.0003142857142857143,0.0,3924.0,5.747075512552158e-05,-0.0007482725305738569
3.692535891156894,0.0010979381014488358,7.726410955134004,0.00030000000000000003,0.0,3925.0,5.747075512596567e-05,-0.0007482725305729687
3.69259336191202,0.0009326751018176981,7.7256626826034305,0.00028571428571428574,0.0,3926.0,5.747075512596567e-05,-0.0007482725305738569
3.6926508326671454,0.0007674121021865604,7.724914410072857,0.00027142857142857144,0.0,3927.0,5.747075512552158e-05,-0.0007482725305738569
3.6927083034222714,0.0006021491025554227,7.724166137542284,0.00025714285714285715,0.0,3928.0,5.747075512596567e-05,-0.0007482725305729687
3.6927657741773974,0.000436886102924285,7.72341786501171,0.00024285714285714286,0.0,3929.0,5.747075512596567e-05,-0.0007482725305738569
3.6928232449325233,0.0002716231032931473,7.722669592481136,0.00022857142857142857,0.0,3930.0,5.747075512596567e-05,-0.0007482725305738569
3.692880715687649,0.00010636010366200956,7.721921319950563,0.00021428571428571427,0.0,3931.0,5.747075512552158e-05,-0.0007482725305729687
3.692938186442775,-5.890289596912828e-05,7.721173047419989,0.0002,0.0,3932.0,5.747075512596567e-05,-0.0007482725305738569
3.692994063956237,-0.0003008057739116405,7.719568564309339,0.0002,0.0,3933.0,5.5877513462032624e-05,-0.0016044831106505342
3.693049941469699,-0.0005427086518541528,7.717964081198687,0.0002,0.0,3934.0,5.5877513462032624e-05,-0.0016044831106514224
3.6931058189831614,-0.000784611529796665,7.716359598088037,0.0002,0.0,3935.0,5.587751346247671e-05,-0.0016044831106505342
3.6931616964966234,-0.0010265144077391773,7.714755114977385,0.0002,0.0,3936.0,5.5877513462032624e-05,-0.0016044831106514224
3.6932175740100854,-0.0012684172856816897,7.713150631866735,0.0002,0.0,3937.0,5.5877513462032624e-05,-0.0016044831106505342
3.6932734515235475,-0.0015103201636242018,7.711546148756083,0.0002,0.0,3938.0,5.5877513462032624e-05,-0.0016044831106514224
3.6933293290370095,-0.001752223041566714,7.709941665645433,0.0002,0.0,3939.0,5.5877513462032624e-05,-0.0016044831106505342
3.693385206550472,-0.0019941259195092264,7.708337182534782,0.0002,0.0,3940.0,5.587751346247671e-05,-0.0016044831106505342
3.693441084063934,-0.0022360287974517385,7.706732699424131,0.0002,0.0,3941.0,5.5877513462032624e-05,-0.0016044831106514224
3.693496961577396,-0.002477931675394251,7.70512821631348,0.0002,0.0,3942.0,5.5877513462032624e-05,-0.0016044831106505342
3.693552839090858,-0.002719834553336763,7.703523733202829,0.0002,0.0,3943.0,5.5877513462032624e-05,-0.0016044831106514224
3.6936087166043206,-0.002961737431279275,7.701919250092178,0.0002,0.0,3944.0,5.587751346247671e-05,-0.0016044831106505342
3.6936645941177826,-0.0032036403092217877,7.700314766981527,0.0002,0.0,3945.0,5.5877513462032624e-05,-0.0016044831106514224
3.6937204716312446,-0.0034455431871643,7.698710283870876,0.0002,0.0,3946.0,5.5877513462032624e-05,-0.0016044831106505342
3.693757891228457,-0.003281791994112843,7.697137438106298,0.0002142857142857143,0.0,3947.0,3.7419597212373645e-05,-0.001572845764578723
3.6937953108256694,-0.0031180408010613855,7.695564592341719,0.0002285714285714286,0.0,3948.0,3.7419597212373645e-05,-0.001572845764578723
3.693832730422882,-0.0029542896080099286,7.69399174657714,0.00024285714285714286,0.0,3949.0,3.7419597212817735e-05,-0.001572845764578723
3.6938701500200946,-0.002790538414958471,7.692418900812561,0.00025714285714285715,0.0,3950.0,3.7419597212373645e-05,-0.001572845764578723
3.693907569617307,-0.0026267872219070143,7.690846055047983,0.00027142857142857144,0.0,3951.0,3.7419597212373645e-05,-0.001572845764578723
3.6939449892145193,-0.002463036028855557,7.689273209283404,0.00028571428571428574,0.0,3952.0,3.7419597212373645e-05,-0.001572845764578723
3.6939824088117317,-0.0022992848358041,7.687700363518825,0.00030000000000000003,0.0,3953.0,3.7419597212373645e-05,-0.001572845764578723
3.6940198284089445,-0.002135533642752643,7.6861275177542465,0.0003142857142857143,0.0,3954.0,3.7419597212817735e-05,-0.001572845764578723
3.694057248006157,-0.0019717824497011856,7.684554671989668,0.0003285714285714286,0.0,3955.0,3.7419597212373645e-05,-0.001572845764578723
3.6940946676033692,-0.0018080312566497285,7.682981826225089,0.0003428571428571429,0.0,3956.0,3.7419597212373645e-05,-0.001572845764578723
3.6941320872005816,-0.0016442800635982713,7.68140898046051,0.00035714285714285714,0.0,3957.0,3.7419597212373645e-05,-0.001572845764578723
3.6941695067977944,-0.0014805288705468144,7.679836134695932,0.00037142857142857143,0.0,3958.0,3.7419597212817735e-05,-0.001572845764578723
3.694206926395007,-0.0013167776774953572,7.678263288931353,0.0003857142857142857,0.0,3959.0,3.7419597212373645e-05,-0.001572845764578723
3.694244345992219,-0.0011530264844439,7.676690443166774,0.0004,0.0,3960.0,3.7419597212373645e-05,-0.001572845764578723
3.694308772112841,-0.0010263101223546,7.675084010388646,0.0004,0.0,3961.0,6.442612062196318e-05,-0.0016064327781277754
3.694373198233463,-0.0008995937602653001,7.673477577610519,0.0004,0.0,3962.0,6.442612062196318e-05,-0.0016064327781277754
3.694437624354085,-0.000772877398176,7.671871144832391,0.0004,0.0,3963.0,6.442612062196318e-05,-0.0016064327781277754
3.6945020504747066,-0.0006461610360867001,7.670264712054263,0.0004,0.0,3964.0,6.442612062151909e-05,-0.0016064327781277754
3.6945664765953286,-0.0005194446739974001,7.668658279276135,0.0004,0.0,3965.0,6.442612062196318e-05,-0.0016064327781277754
3.6946309027159505,-0.00039272831190810005,7.6670518464980075,0.0004,0.0,3966.0,6.442612062196318e-05,-0.0016064327781277754
3.6946953288365725,-0.0002660119498188,7.665445413719881,0.0004,0.0,3967.0,6.442612062196318e-05,-0.0016064327781268872
3.6947597549571944,-0.00013929558772950005,7.663838980941753,0.0004,0.0,3968.0,6.442612062196318e-05,-0.0016064327781277754
3.6948241810778164,-1.257922564020005e-05,7.662232548163625,0.0004,0.0,3969.0,6.442612062196318e-05,-0.0016064327781277754
3.6948886071984384,0.00011413713644909995,7.660626115385497,0.0004,0.0,3970.0,6.442612062196318e-05,-0.0016064327781277754
3.69495303331906,0.00024085349853839995,7.6590196826073695,0.0004,0.0,3971.0,6.442612062151909e-05,-0.0016064327781277754
3.695017459439682,0.00036756986062769996,7.657413249829242,0.0004,0.0,3972.0,6.442612062196318e-05,-0.0016064327781277754
3.695081885560304,0.0004942862227169999,7.655806817051114,0.0004,0.0,3973.0,6.442612062196318e-05,-0.0016064327781277754
3.6951463116809258,0.0006210025848063,7.654200384272986,0.0004,0.0,3974.0,6.442612062196318e-05,-0.0016064327781277754
3.6951522926592846,0.0006101648301742071,7.653334061130895,0.0003857142857142857,0.0,3975.0,5.980978358799405e-06,-0.0008663231420911188
3.695158273637643,0.0005993270755421143,7.652467737988804,0.00037142857142857143,0.0,3976.0,5.9809783583553155e-06,-0.0008663231420911188
3.6951642546160017,0.0005884893209100214,7.651601414846713,0.00035714285714285714,0.0,3977.0,5.980978358799405e-06,-0.0008663231420911188
3.69517023559436,0.0005776515662779286,7.650735091704623,0.00034285714285714285,0.0,3978.0,5.9809783583553155e-06,-0.0008663231420902306
3.695176216572719,0.0005668138116458357,7.6498687685625315,0.00032857142857142856,0.0,3979.0,5.980978358799405e-06,-0.0008663231420911188
3.6951821975510772,0.0005559760570137429,7.64900244542044,0.0003142857142857143,0.0,3980.0,5.9809783583553155e-06,-0.0008663231420911188
3.695188178529436,0.00054513830238165,7.648136122278349,0.00030000000000000003,0.0,3981.0,5.980978358799405e-06,-0.0008663231420911188
3.695194159507795,0.0005343005477495571,7.647269799136258,0.00028571428571428574,0.0,3982.0,5.980978358799405e-06,-0.0008663231420911188
3.695200140486153,0.0005234627931174643,7.646403475994167,0.00027142857142857144,0.0,3983.0,5.9809783583553155e-06,-0.0008663231420911188
3.695206121464512,0.0005126250384853714,7.645537152852076,0.00025714285714285715,0.0,3984.0,5.980978358799405e-06,-0.0008663231420911188
3.6952121024428703,0.0005017872838532786,7.644670829709986,0.00024285714285714286,0.0,3985.0,5.9809783583553155e-06,-0.0008663231420902306
3.695218083421229,0.0004909495292211857,7.643804506567895,0.00022857142857142857,0.0,3986.0,5.980978358799405e-06,-0.0008663231420911188
3.6952240643995875,0.00048011177458909287,7.6429381834258034,0.00021428571428571427,0.0,3987.0,5.9809783583553155e-06,-0.0008663231420911188
3.6952300453779463,0.000469274019957,7.642071860283712,0.0002,0.0,3988.0,5.980978358799405e-06,-0.0008663231420911188
3.695276692231006,0.0017517758759104786,7.642055954258028,0.0002,0.0,3989.0,4.664685305977301e-05,-1.5906025684131464e-05
3.6953233390840663,0.003034277731863957,7.642040048232343,0.0002,0.0,3990.0,4.66468530602171e-05,-1.5906025685019642e-05
3.695369985937126,0.004316779587817436,7.642024142206658,0.0002,0.0,3991.0,4.664685305977301e-05,-1.5906025685019642e-05
3.695416632790186,0.005599281443770914,7.642008236180974,0.0002,0.0,3992.0,4.664685305977301e-05,-1.5906025684131464e-05
3.6954632796432456,0.006881783299724393,7.64199233015529,0.0002,0.0,3993.0,4.664685305977301e-05,-1.5906025684131464e-05
3.695509926496306,0.008164285155677872,7.641976424129605,0.0002,0.0,3994.0,4.66468530602171e-05,-1.5906025685019642e-05
3.6955565733493656,0.00944678701163135,7.64196051810392,0.0002,0.0,3995.0,4.664685305977301e-05,-1.5906025685019642e-05
3.6956032202024254,0.010729288867584829,7.641944612078236,0.0002,0.0,3996.0,4.664685305977301e-05,-1.5906025684131464e-05
3.6956498670554856,0.012011790723538307,7.641928706052552,0.0002,0.0,3997.0,4.66468530602171e-05,-1.5906025684131464e-05
3.6956965139085454,0.013294292579491785,7.641912800026867,0.0002,0.0,3998.0,4.664685305977301e-05,-1.5906025685019642e-05
3.695743160761605,0.014576794435445264,7.6418968940011816,0.0002,0.0,3999.0,4.664685305977301e-05,-1.5906025685019642e-05
3.695789807614665,0.015859296291398744,7.641880987975497,0.0002,0.0,4000.0,4.664685305977301e-05,-1.5906025684131464e-05
3.695836454467725,0.01714179814735222,7.641865081949813,0.0002,0.0,4001.0,4.66468530602171e-05,-1.5906025684131464e-05
3.695883101320785,0.0184243000033057,7.641849175924128,0.0002,0.0,4002.0,4.664685305977301e-05,-1.5906025685019642e-05
3.695904029212243,0.01722135512125073,7.638749956231882,0.0002142857142857143,0.0,4003.0,2.092789145802243e-05,-0.0030992196922463577
3.695924957103701,0.016018410239195757,7.635650736539636,0.0002285714285714286,0.0,4004.0,2.092789145802243e-05,-0.0030992196922454696
3.695945884995159,0.014815465357140786,7.63255151684739,0.00024285714285714286,0.0,4005.0,2.092789145802243e-05,-0.0030992196922463577
3.695966812886617,0.013612520475085814,7.629452297155144,0.00025714285714285715,0.0,4006.0,2.092789145802243e-05,-0.0030992196922463577
3.695987740778075,0.012409575593030844,7.626353077462897,0.00027142857142857144,0.0,4007.0,2.092789145802243e-05,-0.0030992196922463577
3.696008668669533,0.011206630710975872,7.623253857770652,0.00028571428571428574,0.0,4008.0,2.092789145802243e-05,-0.0030992196922454696
3.696029596560991,0.0100036858289209,7.6201546380784055,0.00030000000000000003,0.0,4009.0,2.092789145802243e-05,-0.0030992196922463577
3.696050524452449,0.008800740946865929,7.617055418386159,0.0003142857142857143,0.0,4010.0,2.092789145802243e-05,-0.0030992196922463577
3.696071452343907,0.007597796064810957,7.613956198693914,0.0003285714285714286,0.0,4011.0,2.092789145802243e-05,-0.0030992196922454696
3.696092380235365,0.006394851182755986,7.610856979001667,0.0003428571428571429,0.0,4012.0,2.092789145802243e-05,-0.0030992196922463577
3.696113308126823,0.005191906300701015,7.607757759309421,0.00035714285714285714,0.0,4013.0,2.092789145802243e-05,-0.0030992196922463577
3.696134236018281,0.003988961418646043,7.604658539617175,0.00037142857142857143,0.0,4014.0,2.092789145802243e-05,-0.0030992196922463577
3.696155163909739,0.0027860165365910716,7.601559319924929,0.0003857142857142857,0.0,4015.0,2.092789145802243e-05,-0.0030992196922454696
3.696176091801197,0.0015830716545361,7.598460100232683,0.0004,0.0,4016.0,2.092789145802243e-05,-0.0030992196922463577
3.6962540164034765,0.001508406480490157,7.5864085548593145,0.0004,0.0,4017.0,7.792460227928899e-05,-0.012051545373368278
3.696331941005756,0.0014337413064442143,7.574357009485946,0.0004,0.0,4018.0,7.792460227928899e-05,-0.012051545373368278
3.6964098656080346,0.0013590761323982715,7.562305464112578,0.0004,0.0,4019.0,7.79246022788449e-05,-0.012051545373368278
3.696487790210314,0.0012844109583523286,7.550253918739209,0.0004,0.0,4020.0,7.792460227928899e-05,-0.012051545373369166
3.696565714812593,0.0012097457843063856,7.5382023733658405,0.0004,0.0,4021.0,7.792460227928899e-05,-0.012051545373368278
3.6966436394148725,0.0011350806102604428,7.526150827992472,0.0004,0.0,4022.0,7.792460227928899e-05,-0.012051545373368278
3.6967215640171514,0.0010604154362145,7.514099282619104,0.0004,0.0,4023.0,7.79246022788449e-05,-0.012051545373368278
3.6967994886194306,0.0009857502621685571,7.502047737245736,0.0004,0.0,4024.0,7.792460227928899e-05,-0.012051545373368278
3.69687741322171,0.0009110850881226143,7.489996191872367,0.0004,0.0,4025.0,7.792460227928899e-05,-0.012051545373368278
3.696955337823989,0.0008364199140766715,7.477944646498999,0.0004,0.0,4026.0,7.792460227928899e-05,-0.012051545373368278
3.6970332624262685,0.0007617547400307285,7.46589310112563,0.0004,0.0,4027.0,7.792460227928899e-05,-0.012051545373369166
3.6971111870285474,0.0006870895659847857,7.453841555752262,0.0004,0.0,4028.0,7.79246022788449e-05,-0.012051545373368278
3.6971891116308266,0.0006124243919388429,7.441790010378893,0.0004,0.0,4029.0,7.792460227928899e-05,-0.012051545373368278
3.697267036233106,0.0005377592178929,7.429738465005525,0.0004,0.0,4030.0,7.792460227928899e-05,-0.012051545373368278
3.697300243110158,0.00034683409171395,7.406108254221041,0.0004,0.0,4031.0,3.3206877052105455e-05,-0.023630210784483907
3.6973334499872097,0.00015590896553499995,7.382478043436558,0.0004,0.0,4032.0,3.3206877051661365e-05,-0.02363021078448302
3.697366656864262,-3.5016160643950065e-05,7.358847832652074,0.0004,0.0,4033.0,3.3206877052105455e-05,-0.023630210784483907
3.697399863741314,-0.00022594128682290008,7.335217621867591,0.0004,0.0,4034.0,3.3206877052105455e-05,-0.02363021078448302
3.697433070618366,-0.00041686641300185006,7.311587411083107,0.0004,0.0,4035.0,3.3206877052105455e-05,-0.023630210784483907
3.6974662774954177,-0.0006077915391808002,7.287957200298624,0.0004,0.0,4036.0,3.3206877051661365e-05,-0.02363021078448302
3.69749948437247,-0.0007987166653597501,7.2643269895141405,0.0004,0.0,4037.0,3.3206877052105455e-05,-0.023630210784483907
3.697532691249522,-0.0009896417915387001,7.240696778729657,0.0004,0.0,4038.0,3.3206877052105455e-05,-0.023630210784483907
3.6975658981265735,-0.0011805669177176502,7.2170665679451735,0.0004,0.0,4039.0,3.3206877051661365e-05,-0.02363021078448302
3.6975991050036257,-0.0013714920438966,7.19343635716069,0.0004,0.0,4040.0,3.3206877052105455e-05,-0.023630210784483907
3.6976323118806778,-0.0015624171700755502,7.169806146376207,0.0004,0.0,4041.0,3.3206877052105455e-05,-0.02363021078448302
3.69766551875773,-0.0017533422962545003,7.146175935591723,0.0004,0.0,4042.0,3.3206877052105455e-05,-0.023630210784483907
3.6976987256347815,-0.0019442674224334502,7.12254572480724,0.0004,0.0,4043.0,3.3206877051661365e-05,-0.02363021078448302
3.6977319325118336,-0.0021351925486124,7.098915514022756,0.0004,0.0,4044.0,3.3206877052105455e-05,-0.023630210784483907
3.6977690111057964,-0.0019744992679374927,7.085051698184238,0.0003857142857142857,0.0,4045.0,3.707859396273605e-05,-0.013863815838517368
3.697806089699759,-0.0018138059872625859,7.07118788234572,0.00037142857142857143,0.0,4046.0,3.707859396273605e-05,-0.013863815838518256
3.697843168293722,-0.0016531127065876785,7.057324066507203,0.00035714285714285714,0.0,4047.0,3.707859396273605e-05,-0.013863815838517368
3.6978802468876846,-0.0014924194259127715,7.043460250668685,0.00034285714285714285,0.0,4048.0,3.707859396273605e-05,-0.013863815838517368
3.6979173254816473,-0.0013317261452378644,7.029596434830167,0.00032857142857142856,0.0,4049.0,3.707859396273605e-05,-0.013863815838518256
3.69795440407561,-0.001171032864562957,7.01573261899165,0.0003142857142857143,0.0,4050.0,3.707859396273605e-05,-0.013863815838517368
3.697991482669573,-0.00101033958388805,7.0018688031531315,0.00030000000000000003,0.0,4051.0,3.707859396273605e-05,-0.013863815838518256
3.6980285612635355,-0.0008496463032131429,6.988004987314614,0.00028571428571428574,0.0,4052.0,3.707859396273605e-05,-0.013863815838517368
3.6980656398574983,-0.0006889530225382358,6.974141171476097,0.00027142857142857144,0.0,4053.0,3.707859396273605e-05,-0.013863815838517368
3.698102718451461,-0.0005282597418633286,6.9602773556375785,0.00025714285714285715,0.0,4054.0,3.707859396273605e-05,-0.013863815838518256
3.6981397970454237,-0.00036756646118842143,6.946413539799061,0.00024285714285714286,0.0,4055.0,3.707859396273605e-05,-0.013863815838517368
3.6981768756393865,-0.0002068731805135143,6.932549723960544,0.00022857142857142857,0.0,4056.0,3.707859396273605e-05,-0.013863815838517368
3.698213954233349,-4.617989983860714e-05,6.9186859081220256,0.00021428571428571427,0.0,4057.0,3.707859396273605e-05,-0.013863815838518256
3.698251032827312,0.0001145133808363,6.904822092283508,0.0002,0.0,4058.0,3.707859396273605e-05,-0.013863815838517368
3.69829900920819,1.8502681293699983e-05,6.893068043505812,0.0002,0.0,4059.0,4.797638087827849e-05,-0.011754048777696369
3.698346985589069,-7.750801824890004e-05,6.8813139947281154,0.0002,0.0,4060.0,4.797638087872258e-05,-0.011754048777696369
3.698394961969947,-0.00017351871779150007,6.869559945950419,0.0002,0.0,4061.0,4.797638087827849e-05,-0.011754048777696369
3.6984429383508255,-0.00026952941733410007,6.857805897172723,0.0002,0.0,4062.0,4.797638087827849e-05,-0.011754048777696369
3.698490914731704,-0.0003655401168767001,6.846051848395026,0.0002,0.0,4063.0,4.797638087872258e-05,-0.011754048777696369
3.6985388911125825,-0.00046155081641930014,6.83429779961733,0.0002,0.0,4064.0,4.797638087827849e-05,-0.011754048777696369
3.698586867493461,-0.0005575615159619001,6.8225437508396345,0.0002,0.0,4065.0,4.797638087872258e-05,-0.01175404877769548
3.6986348438743395,-0.0006535722155045001,6.810789702061938,0.0002,0.0,4066.0,4.797638087827849e-05,-0.011754048777696369
3.6986828202552178,-0.0007495829150471002,6.799035653284242,0.0002,0.0,4067.0,4.797638087827849e-05,-0.011754048777696369
3.6987307966360965,-0.0008455936145897002,6.787281604506545,0.0002,0.0,4068.0,4.797638087872258e-05,-0.011754048777696369
3.6987787730169748,-0.0009416043141323002,6.775527555728849,0.0002,0.0,4069.0,4.797638087827849e-05,-0.011754048777696369
3.698826749397853,-0.0010376150136749002,6.763773506951153,0.0002,0.0,4070.0,4.797638087827849e-05,-0.011754048777696369
3.6988747257787318,-0.0011336257132175003,6.752019458173456,0.0002,0.0,4071.0,4.797638087872258e-05,-0.011754048777696369
3.69892270215961,-0.0012296364127601,6.74026540939576,0.0002,0.0,4072.0,4.797638087827849e-05,-0.011754048777696369
3.6989536663213216,-0.0012052750807497285,6.726390396315292,0.0002142857142857143,0.0,4073.0,3.096416171155525e-05,-0.013875013080467902
3.698984630483033,-0.0011809137487393572,6.712515383234824,0.0002285714285714286,0.0,4074.0,3.096416171155525e-05,-0.013875013080467902
3.699015594644745,-0.0011565524167289859,6.698640370154355,0.00024285714285714286,0.0,4075.0,3.096416171199934e-05,-0.01387501308046879
3.6990465588064567,-0.0011321910847186143,6.684765357073887,0.00025714285714285715,0.0,4076.0,3.096416171155525e-05,-0.013875013080467902
3.6990775229681683,-0.0011078297527082428,6.6708903439934195,0.00027142857142857144,0.0,4077.0,3.096416171155525e-05,-0.013875013080467902
3.69910848712988,-0.0010834684206978715,6.657015330912952,0.00028571428571428574,0.0,4078.0,3.096416171155525e-05,-0.013875013080467902
3.6991394512915914,-0.0010591070886875002,6.643140317832483,0.00030000000000000003,0.0,4079.0,3.096416171155525e-05,-0.01387501308046879
3.6991704154533034,-0.0010347457566771286,6.629265304752015,0.0003142857142857143,0.0,4080.0,3.096416171199934e-05,-0.013875013080467902
3.699201379615015,-0.001010384424666757,6.615390291671547,0.0003285714285714286,0.0,4081.0,3.096416171155525e-05,-0.013875013080467902
3.6992323437767265,-0.0009860230926563858,6.601515278591079,0.0003428571428571429,0.0,4082.0,3.096416171155525e-05,-0.013875013080467902
3.699263307938438,-0.0009616617606460143,6.587640265510611,0.00035714285714285714,0.0,4083.0,3.096416171155525e-05,-0.013875013080467902
3.69929427210015,-0.0009373004286356429,6.573765252430142,0.00037142857142857143,0.0,4084.0,3.096416171199934e-05,-0.01387501308046879
3.6993252362618616,-0.0009129390966252715,6.5598902393496745,0.0003857142857142857,0.0,4085.0,3.096416171155525e-05,-0.013875013080467902
3.699356200423573,-0.0008885777646149,6.546015226269207,0.0004,0.0,4086.0,3.096416171155525e-05,-0.013875013080467902
3.699392285195535,-0.0008178929800168071,6.5361498120808665,0.0003857142857142857,0.0,4087.0,3.608477196204163e-05,-0.009865414188340083
3.6994283699674972,-0.0007472081954187143,6.5262843978925265,0.00037142857142857143,0.0,4088.0,3.608477196204163e-05,-0.009865414188340083
3.6994644547394593,-0.0006765234108206214,6.516418983704186,0.00035714285714285714,0.0,4089.0,3.608477196204163e-05,-0.009865414188340083
3.6995005395114213,-0.0006058386262225285,6.506553569515845,0.00034285714285714285,0.0,4090.0,3.608477196204163e-05,-0.00986541418834097
3.6995366242833834,-0.0005351538416244357,6.496688155327505,0.00032857142857142856,0.0,4091.0,3.608477196204163e-05,-0.009865414188340083
3.6995727090553454,-0.00046446905702634286,6.486822741139165,0.0003142857142857143,0.0,4092.0,3.608477196204163e-05,-0.009865414188340083
3.6996087938273075,-0.00039378427242825,6.476957326950825,0.00030000000000000003,0.0,4093.0,3.608477196204163e-05,-0.009865414188340083
3.69964487859927,-0.0003230994878301571,6.467091912762485,0.00028571428571428574,0.0,4094.0,3.608477196248572e-05,-0.009865414188340083
3.699680963371232,-0.00025241470323206423,6.457226498574145,0.00027142857142857144,0.0,4095.0,3.608477196204163e-05,-0.009865414188340083
3.699717048143194,-0.00018172991863397138,6.447361084385805,0.00025714285714285715,0.0,4096.0,3.608477196204163e-05,-0.009865414188340083
3.699753132915156,-0.00011104513403587851,6.437495670197464,0.00024285714285714286,0.0,4097.0,3.608477196204163e-05,-0.00986541418834097
3.699789217687118,-4.0360349437785646e-05,6.427630256009124,0.00022857142857142857,0.0,4098.0,3.608477196204163e-05,-0.009865414188340083
3.69982530245908,3.032443516030722e-05,6.417764841820784,0.00021428571428571427,0.0,4099.0,3.608477196204163e-05,-0.009865414188340083
3.699861387231042,0.0001010092197584,6.407899427632444,0.0002,0.0,4100.0,3.608477196204163e-05,-0.009865414188340083
3.6999004895260708,3.647335891075e-05,6.393557000564945,0.0002,0.0,4101.0,3.910229502857021e-05,-0.014342427067498775
3.6999395918210993,-2.8062501936900006e-05,6.379214573497446,0.0002,0.0,4102.0,3.910229502857021e-05,-0.014342427067498775
3.699978694116128,-9.259836278455001e-05,6.364872146429947,0.0002,0.0,4103.0,3.910229502857021e-05,-0.014342427067498775
3.7000177964111565,-0.00015713422363220001,6.350529719362449,0.0002,0.0,4104.0,3.910229502857021e-05,-0.014342427067498775
3.700056898706185,-0.00022167008447985002,6.33618729229495,0.0002,0.0,4105.0,3.910229502857021e-05,-0.014342427067498775
3.7000960010012136,-0.0002862059453275,6.321844865227451,0.0002,0.0,4106.0,3.910229502857021e-05,-0.014342427067498775
3.700135103296242,-0.00035074180617515003,6.307502438159952,0.0002,0.0,4107.0,3.910229502857021e-05,-0.014342427067498775
3.700174205591271,-0.00041527766702280003,6.2931600110924535,0.0002,0.0,4108.0,3.91022950290143e-05,-0.014342427067498775
3.7002133078862998,-0.00047981352787045004,6.278817584024955,0.0002,0.0,4109.0,3.910229502857021e-05,-0.014342427067498775
3.7002524101813283,-0.0005443493887181,6.264475156957456,0.0002,0.0,4110.0,3.910229502857021e-05,-0.014342427067498775
3.700291512476357,-0.00060888524956575,6.250132729889957,0.0002,0.0,4111.0,3.910229502857021e-05,-0.014342427067498775
3.7003306147713855,-0.0006734211104134,6.235790302822458,0.0002,0.0,4112.0,3.910229502857021e-05,-0.014342427067498775
3.700369717066414,-0.00073795697126105,6.22144787575496,0.0002,0.0,4113.0,3.910229502857021e-05,-0.014342427067498775
3.7004088193614426,-0.0008024928321087,6.207105448687461,0.0002,0.0,4114.0,3.910229502857021e-05,-0.014342427067498775
3.700461468059212,-0.0009053735979681929,6.199098669800759,0.0002142857142857143,0.0,4115.0,5.264869776944181e-05,-0.00800677888670176
3.700514116756981,-0.0010082543638276857,6.191091890914058,0.0002285714285714286,0.0,4116.0,5.264869776899772e-05,-0.008006778886700872
3.7005667654547505,-0.0011111351296871786,6.1830851120273564,0.00024285714285714286,0.0,4117.0,5.264869776944181e-05,-0.00800677888670176
3.70061941415252,-0.0012140158955466715,6.175078333140655,0.00025714285714285715,0.0,4118.0,5.264869776944181e-05,-0.00800677888670176
3.700672062850289,-0.0013168966614061643,6.167071554253953,0.00027142857142857144,0.0,4119.0,5.264869776899772e-05,-0.00800677888670176
3.7007247115480584,-0.0014197774272656572,6.159064775367252,0.00028571428571428574,0.0,4120.0,5.264869776944181e-05,-0.008006778886700872
3.7007773602458274,-0.00152265819312515,6.15105799648055,0.00030000000000000003,0.0,4121.0,5.264869776899772e-05,-0.00800677888670176
3.700830008943597,-0.0016255389589846427,6.1430512175938485,0.0003142857142857143,0.0,4122.0,5.264869776944181e-05,-0.00800677888670176
3.7008826576413663,-0.0017284197248441356,6.135044438707148,0.0003285714285714286,0.0,4123.0,5.264869776944181e-05,-0.008006778886700872
3.7009353063391353,-0.0018313004907036285,6.127037659820446,0.0003428571428571429,0.0,4124.0,5.264869776899772e-05,-0.00800677888670176
3.7009879550369047,-0.0019341812565631213,6.119030880933744,0.00035714285714285714,0.0,4125.0,5.264869776944181e-05,-0.00800677888670176
3.701040603734674,-0.002037062022422614,6.111024102047042,0.00037142857142857143,0.0,4126.0,5.264869776944181e-05,-0.00800677888670176
3.701093252432443,-0.0021399427882821073,6.1030173231603415,0.0003857142857142857,0.0,4127.0,5.264869776899772e-05,-0.008006778886700872
3.7011459011302126,-0.0022428235541416,6.09501054427364,0.0004,0.0,4128.0,5.264869776944181e-05,-0.00800677888670176
3.7011973418212625,-0.0022410575609577497,6.084145823486181,0.0004,0.0,4129.0,5.144069104989768e-05,-0.010864720787458815
3.7012487825123124,-0.0022392915677739,6.073281102698721,0.0004,0.0,4130.0,5.144069104989768e-05,-0.010864720787459703
3.7013002232033623,-0.0022375255745900498,6.062416381911262,0.0004,0.0,4131.0,5.144069104989768e-05,-0.010864720787458815
3.701351663894412,-0.0022357595814062,6.051551661123804,0.0004,0.0,4132.0,5.144069104989768e-05,-0.010864720787458815
3.701403104585462,-0.00223399358822235,6.040686940336344,0.0004,0.0,4133.0,5.144069104989768e-05,-0.010864720787459703
3.701454545276512,-0.0022322275950385,6.029822219548885,0.0004,0.0,4134.0,5.144069104989768e-05,-0.010864720787458815
3.701505985967562,-0.00223046160185465,6.018957498761425,0.0004,0.0,4135.0,5.144069104989768e-05,-0.010864720787459703
3.7015574266586118,-0.0022286956086707997,6.008092777973967,0.0004,0.0,4136.0,5.144069104989768e-05,-0.010864720787458815
3.7016088673496617,-0.00222692961548695,5.997228057186508,0.0004,0.0,4137.0,5.144069104989768e-05,-0.010864720787458815
3.7016603080407116,-0.0022251636223030997,5.986363336399048,0.0004,0.0,4138.0,5.144069104989768e-05,-0.010864720787459703
3.7017117487317615,-0.00222339762911925,5.975498615611589,0.0004,0.0,4139.0,5.144069104989768e-05,-0.010864720787458815
3.7017631894228114,-0.0022216316359353998,5.96463389482413,0.0004,0.0,4140.0,5.144069104989768e-05,-0.010864720787458815
3.7018146301138612,-0.00221986564275155,5.953769174036671,0.0004,0.0,4141.0,5.144069104989768e-05,-0.010864720787459703
3.701866070804911,-0.0022180996495677,5.942904453249212,0.0004,0.0,4142.0,5.144069104989768e-05,-0.010864720787458815
3.7018923591889523,-0.0022409383006235855,5.933481288081702,0.0004,0.0,4143.0,2.6288384041173174e-05,-0.00942316516750985
3.701918647572993,-0.0022637769516794712,5.924058122914193,0.0004,0.0,4144.0,2.6288384040729085e-05,-0.009423165167508962
3.701944935957034,-0.002286615602735357,5.914634957746683,0.0004,0.0,4145.0,2.6288384041173174e-05,-0.00942316516750985
3.7019712243410754,-0.0023094542537912426,5.905211792579174,0.0004,0.0,4146.0,2.6288384041173174e-05,-0.009423165167508962
3.7019975127251166,-0.0023322929048471283,5.895788627411664,0.0004,0.0,4147.0,2.6288384041173174e-05,-0.00942316516750985
3.7020238011091573,-0.002355131555903014,5.8863654622441555,0.0004,0.0,4148.0,2.6288384040729085e-05,-0.009423165167508962
3.7020500894931985,-0.0023779702069588998,5.876942297076646,0.0004,0.0,4149.0,2.6288384041173174e-05,-0.00942316516750985
3.7020763778772396,-0.002400808858014786,5.867519131909136,0.0004,0.0,4150.0,2.6288384041173174e-05,-0.00942316516750985
3.7021026662612804,-0.0024236475090706716,5.858095966741627,0.0004,0.0,4151.0,2.6288384040729085e-05,-0.009423165167508962
3.7021289546453215,-0.0024464861601265573,5.848672801574117,0.0004,0.0,4152.0,2.6288384041173174e-05,-0.00942316516750985
3.7021552430293627,-0.002469324811182443,5.839249636406608,0.0004,0.0,4153.0,2.6288384041173174e-05,-0.009423165167508962
3.702181531413404,-0.0024921634622383287,5.829826471239098,0.0004,0.0,4154.0,2.6288384041173174e-05,-0.00942316516750985
3.7022078197974446,-0.0025150021132942144,5.820403306071589,0.0004,0.0,4155.0,2.6288384040729085e-05,-0.009423165167508962
3.702234108181486,-0.0025378407643501,5.810980140904079,0.0004,0.0,4156.0,2.6288384041173174e-05,-0.00942316516750985
3.702265766633799,-0.002451279194631843,5.799310028020536,0.0003857142857142857,0.0,4157.0,3.1658452313010343e-05,-0.011670112883543027
3.702297425086112,-0.002364717624913586,5.787639915136993,0.00037142857142857143,0.0,4158.0,3.1658452313010343e-05,-0.011670112883543027
3.702329083538425,-0.0022781560551953287,5.775969802253451,0.00035714285714285714,0.0,4159.0,3.1658452313010343e-05,-0.011670112883542139
3.702360741990738,-0.0021915944854770716,5.764299689369908,0.00034285714285714285,0.0,4160.0,3.1658452313010343e-05,-0.011670112883543027
3.702392400443051,-0.0021050329157588144,5.752629576486365,0.00032857142857142856,0.0,4161.0,3.1658452313010343e-05,-0.011670112883543027
3.702424058895364,-0.0020184713460405573,5.740959463602822,0.0003142857142857143,0.0,4162.0,3.1658452313010343e-05,-0.011670112883543027
3.702455717347677,-0.0019319097763223002,5.72928935071928,0.00030000000000000003,0.0,4163.0,3.1658452313010343e-05,-0.011670112883542139
3.70248737579999,-0.001845348206604043,5.717619237835737,0.00028571428571428574,0.0,4164.0,3.1658452313010343e-05,-0.011670112883543027
3.702519034252303,-0.0017587866368857857,5.705949124952194,0.00027142857142857144,0.0,4165.0,3.1658452313010343e-05,-0.011670112883543027
3.702550692704616,-0.0016722250671675285,5.694279012068651,0.00025714285714285715,0.0,4166.0,3.1658452313010343e-05,-0.011670112883543027
3.702582351156929,-0.0015856634974492714,5.682608899185108,0.00024285714285714286,0.0,4167.0,3.1658452313010343e-05,-0.011670112883543027
3.702614009609242,-0.0014991019277310143,5.670938786301566,0.00022857142857142857,0.0,4168.0,3.1658452313010343e-05,-0.011670112883542139
3.702645668061555,-0.0014125403580127571,5.659268673418023,0.00021428571428571427,0.0,4169.0,3.1658452313010343e-05,-0.011670112883543027
3.702677326513868,-0.0013259787882945,5.64759856053448,0.0002,0.0,4170.0,3.1658452313010343e-05,-0.011670112883543027
3.7027121475461184,-0.0013019982449211,5.638062658846409,0.0002,0.0,4171.0,3.482103225049826e-05,-0.009535901688070503
3.7027469685783694,-0.0012780177015477,5.6285267571583395,0.0002,0.0,4172.0,3.482103225094235e-05,-0.009535901688069615
3.70278178961062,-0.0012540371581743,5.618990855470269,0.0002,0.0,4173.0,3.482103225049826e-05,-0.009535901688070503
3.702816610642871,-0.0012300566148009,5.6094549537821985,0.0002,0.0,4174.0,3.482103225094235e-05,-0.009535901688070503
3.7028514316751213,-0.0012060760714275,5.599919052094129,0.0002,0.0,4175.0,3.482103225049826e-05,-0.009535901688069615
3.7028862527073723,-0.0011820955280541,5.590383150406058,0.0002,0.0,4176.0,3.482103225094235e-05,-0.009535901688070503
3.7029210737396228,-0.0011581149846806998,5.580847248717989,0.0002,0.0,4177.0,3.482103225049826e-05,-0.009535901688069615
3.7029558947718733,-0.0011341344413073,5.571311347029918,0.0002,0.0,4178.0,3.482103225049826e-05,-0.009535901688070503
3.702990715804124,-0.0011101538979339,5.561775445341848,0.0002,0.0,4179.0,3.482103225094235e-05,-0.009535901688070503
3.7030255368363747,-0.0010861733545604998,5.552239543653778,0.0002,0.0,4180.0,3.482103225049826e-05,-0.009535901688069615
3.7030603578686256,-0.0010621928111871,5.542703641965708,0.0002,0.0,4181.0,3.482103225094235e-05,-0.009535901688070503
3.703095178900876,-0.0010382122678137,5.533167740277637,0.0002,0.0,4182.0,3.482103225049826e-05,-0.009535901688070503
3.703129999933127,-0.0010142317244402998,5.5236318385895675,0.0002,0.0,4183.0,3.482103225094235e-05,-0.009535901688069615
3.7031648209653776,-0.0009902511810669,5.514095936901497,0.0002,0.0,4184.0,3.482103225049826e-05,-0.009535901688070503
3.7032092316901295,-0.0010649318639819785,5.506431625692196,0.0002,0.0,4185.0,4.441072475191987e-05,-0.007664311209301111
3.7032536424148814,-0.001139612546897057,5.498767314482894,0.0002,0.0,4186.0,4.441072475191987e-05,-0.007664311209301999
3.703298053139634,-0.0012142932298121357,5.491103003273593,0.0002,0.0,4187.0,4.441072475236396e-05,-0.007664311209301111
3.7033424638643857,-0.0012889739127272142,5.483438692064291,0.0002,0.0,4188.0,4.441072475191987e-05,-0.007664311209301999
3.7033868745891376,-0.0013636545956422928,5.47577438085499,0.0002,0.0,4189.0,4.441072475191987e-05,-0.007664311209301111
3.7034312853138895,-0.0014383352785573714,5.468110069645688,0.0002,0.0,4190.0,4.441072475191987e-05,-0.007664311209301999
3.7034756960386415,-0.00151301596147245,5.460445758436387,0.0002,0.0,4191.0,4.441072475191987e-05,-0.007664311209301111
3.703520106763394,-0.0015876966443875286,5.4527814472270855,0.0002,0.0,4192.0,4.441072475236396e-05,-0.007664311209301111
3.7035645174881457,-0.0016623773273026071,5.4451171360177835,0.0002,0.0,4193.0,4.441072475191987e-05,-0.007664311209301999
3.7036089282128977,-0.0017370580102176857,5.437452824808482,0.0002,0.0,4194.0,4.441072475191987e-05,-0.007664311209301111
3.7036533389376496,-0.0018117386931327643,5.42978851359918,0.0002,0.0,4195.0,4.441072475191987e-05,-0.007664311209301999
3.703697749662402,-0.001886419376047843,5.422124202389879,0.0002,0.0,4196.0,4.441072475236396e-05,-0.007664311209301111
3.703742160387154,-0.0019611000589629217,5.414459891180577,0.0002,0.0,4197.0,4.441072475191987e-05,-0.007664311209301999
3.703786571111906,-0.002035780741878,5.406795579971276,0.0002,0.0,4198.0,4.441072475191987e-05,-0.007664311209301111
3.7038180439473445,-0.0019284266300178786,5.4151757809400864,0.0002142857142857143,0.0,4199.0,3.147283543869506e-05,0.008380200968810314
3.703849516782783,-0.0018210725181577571,5.423555981908897,0.0002285714285714286,0.0,4200.0,3.147283543869506e-05,0.008380200968810314
3.7038809896182214,-0.0017137184062976357,5.431936182877706,0.00024285714285714286,0.0,4201.0,3.147283543825097e-05,0.008380200968809426
3.70391246245366,-0.0016063642944375142,5.4403163838465165,0.00025714285714285715,0.0,4202.0,3.147283543869506e-05,0.008380200968810314
3.703943935289099,-0.001499010182577393,5.448696584815327,0.00027142857142857144,0.0,4203.0,3.147283543869506e-05,0.008380200968810314
3.7039754081245375,-0.0013916560707172715,5.457076785784137,0.00028571428571428574,0.0,4204.0,3.147283543869506e-05,0.008380200968810314
3.704006880959976,-0.00128430195885715,5.4654569867529466,0.00030000000000000003,0.0,4205.0,3.147283543869506e-05,0.008380200968809426
3.7040383537954145,-0.0011769478469970285,5.473837187721757,0.0003142857142857143,0.0,4206.0,3.147283543825097e-05,0.008380200968810314
3.704069826630853,-0.001069593735136907,5.482217388690567,0.0003285714285714286,0.0,4207.0,3.147283543869506e-05,0.008380200968810314
3.704101299466292,-0.0009622396232767856,5.4905975896593775,0.0003428571428571429,0.0,4208.0,3.147283543869506e-05,0.008380200968810314
3.7041327723017305,-0.0008548855114166642,5.498977790628188,0.00035714285714285714,0.0,4209.0,3.147283543869506e-05,0.008380200968810314
3.704164245137169,-0.0007475313995565428,5.507357991596997,0.00037142857142857143,0.0,4210.0,3.147283543825097e-05,0.008380200968809426
3.7041957179726075,-0.0006401772876964213,5.5157381925658076,0.0003857142857142857,0.0,4211.0,3.147283543869506e-05,0.008380200968810314
3.704227190808046,-0.0005328231758363,5.524118393534618,0.0004,0.0,4212.0,3.147283543869506e-05,0.008380200968810314
3.7042577681615394,-0.0005895921179979143,5.528801856072207,0.0004,0.0,4213.0,3.057735349321078e-05,0.0046834625375895556
3.7042883455150326,-0.0006463610601595286,5.533485318609797,0.0004,0.0,4214.0,3.057735349321078e-05,0.0046834625375895556
3.704318922868526,-0.0007031300023211429,5.5381687811473865,0.0004,0.0,4215.0,3.057735349321078e-05,0.0046834625375895556
3.704349500222019,-0.0007598989444827571,5.542852243684977,0.0004,0.0,4216.0,3.057735349321078e-05,0.004683462537590444
3.7043800775755122,-0.0008166678866443715,5.5475357062225665,0.0004,0.0,4217.0,3.057735349321078e-05,0.0046834625375895556
3.7044106549290055,-0.0008734368288059858,5.552219168760156,0.0004,0.0,4218.0,3.057735349321078e-05,0.0046834625375895556
3.7044412322824987,-0.0009302057709676001,5.556902631297746,0.0004,0.0,4219.0,3.057735349321078e-05,0.0046834625375895556
3.704471809635992,-0.0009869747131292144,5.561586093835335,0.0004,0.0,4220.0,3.057735349321078e-05,0.0046834625375895556
3.704502386989485,-0.0010437436552908287,5.566269556372925,0.0004,0.0,4221.0,3.057735349321078e-05,0.0046834625375895556
3.7045329643429783,-0.0011005125974524429,5.570953018910514,0.0004,0.0,4222.0,3.057735349321078e-05,0.0046834625375895556
3.7045635416964715,-0.0011572815396140572,5.575636481448105,0.0004,0.0,4223.0,3.057735349321078e-05,0.004683462537590444
3.7045941190499647,-0.0012140504817756716,5.580319943985694,0.0004,0.0,4224.0,3.057735349321078e-05,0.0046834625375895556
3.704624696403458,-0.0012708194239372857,5.585003406523284,0.0004,0.0,4225.0,3.057735349321078e-05,0.0046834625375895556
3.704655273756951,-0.0013275883660989,5.589686869060873,0.0004,0.0,4226.0,3.057735349321078e-05,0.0046834625375895556
3.7046922580050317,-0.001348204967496343,5.59113089956528,0.0003857142857142857,0.0,4227.0,3.6984248080518256e-05,0.001444030504406335
3.7047292422531117,-0.0013688215688937857,5.592574930069687,0.00037142857142857143,0.0,4228.0,3.698424808007417e-05,0.0014440305044072232
3.7047662265011922,-0.0013894381702912286,5.594018960574093,0.00035714285714285714,0.0,4229.0,3.6984248080518256e-05,0.001444030504406335
3.7048032107492728,-0.0014100547716886715,5.5954629910785,0.00034285714285714285,0.0,4230.0,3.6984248080518256e-05,0.001444030504406335
3.704840194997353,-0.0014306713730861144,5.596907021582907,0.00032857142857142856,0.0,4231.0,3.698424808007417e-05,0.0014440305044072232
3.7048771792454334,-0.001451287974483557,5.598351052087313,0.0003142857142857143,0.0,4232.0,3.6984248080518256e-05,0.001444030504406335
3.7049141634935134,-0.001471904575881,5.59979508259172,0.00030000000000000003,0.0,4233.0,3.698424808007417e-05,0.0014440305044072232
3.704951147741594,-0.001492521177278443,5.601239113096127,0.00028571428571428574,0.0,4234.0,3.6984248080518256e-05,0.001444030504406335
3.7049881319896745,-0.0015131377786758856,5.602683143600533,0.00027142857142857144,0.0,4235.0,3.6984248080518256e-05,0.001444030504406335
3.7050251162377545,-0.0015337543800733285,5.60412717410494,0.00025714285714285715,0.0,4236.0,3.698424808007417e-05,0.0014440305044072232
3.705062100485835,-0.0015543709814707714,5.605571204609347,0.00024285714285714286,0.0,4237.0,3.6984248080518256e-05,0.001444030504406335
3.7050990847339156,-0.0015749875828682143,5.607015235113753,0.00022857142857142857,0.0,4238.0,3.6984248080518256e-05,0.001444030504406335
3.7051360689819957,-0.001595604184265657,5.60845926561816,0.00021428571428571427,0.0,4239.0,3.698424808007417e-05,0.0014440305044072232
3.705173053230076,-0.0016162207856631,5.6099032961225666,0.0002,0.0,4240.0,3.6984248080518256e-05,0.001444030504406335
3.7051900772437287,-0.0015263882236144428,5.611617846942777,0.0002142857142857143,0.0,4241.0,1.702401365255568e-05,0.0017145508202105475
3.705207101257381,-0.0014365556615657856,5.613332397762988,0.0002285714285714286,0.0,4242.0,1.702401365211159e-05,0.0017145508202105475
3.705224125271033,-0.0013467230995171285,5.615046948583198,0.00024285714285714286,0.0,4243.0,1.702401365211159e-05,0.0017145508202105475
3.7052411492846855,-0.0012568905374684713,5.616761499403408,0.00025714285714285715,0.0,4244.0,1.702401365255568e-05,0.0017145508202096593
3.705258173298338,-0.0011670579754198141,5.618476050223618,0.00027142857142857144,0.0,4245.0,1.702401365255568e-05,0.0017145508202105475
3.70527519731199,-0.001077225413371157,5.620190601043829,0.00028571428571428574,0.0,4246.0,1.702401365211159e-05,0.0017145508202105475
3.7052922213256423,-0.0009873928513224998,5.6219051518640395,0.00030000000000000003,0.0,4247.0,1.702401365211159e-05,0.0017145508202105475
3.705309245339295,-0.0008975602892738428,5.62361970268425,0.0003142857142857143,0.0,4248.0,1.702401365255568e-05,0.0017145508202105475
3.7053262693529474,-0.0008077277272251856,5.625334253504461,0.0003285714285714286,0.0,4249.0,1.702401365255568e-05,0.0017145508202105475
3.7053432933665995,-0.0007178951651765285,5.627048804324671,0.0003428571428571429,0.0,4250.0,1.702401365211159e-05,0.0017145508202105475
3.7053603173802516,-0.0006280626031278713,5.628763355144881,0.00035714285714285714,0.0,4251.0,1.702401365211159e-05,0.0017145508202096593
3.705377341393904,-0.0005382300410792143,5.630477905965091,0.00037142857142857143,0.0,4252.0,1.702401365255568e-05,0.0017145508202105475
3.7053943654075567,-0.00044839747903055704,5.632192456785302,0.0003857142857142857,0.0,4253.0,1.702401365255568e-05,0.0017145508202105475
3.705411389421209,-0.0003585649169819,5.633907007605512,0.0004,0.0,4254.0,1.702401365211159e-05,0.0017145508202105475
3.705439282176701,-0.0003662050510664857,5.633932350604354,0.0004,0.0,4255.0,2.7892755491976118e-05,2.5342998841715314e-05
3.705467174932193,-0.00037384518515107143,5.633957693603196,0.0004,0.0,4256.0,2.7892755491976118e-05,2.5342998841715314e-05
3.7054950676876848,-0.00038148531923565715,5.633983036602038,0.0004,0.0,4257.0,2.7892755491976118e-05,2.5342998841715314e-05
3.7055229604431767,-0.0003891254533202428,5.634008379600879,0.0004,0.0,4258.0,2.7892755491976118e-05,2.5342998841715314e-05
3.7055508531986687,-0.00039676558740482854,5.634033722599721,0.0004,0.0,4259.0,2.7892755491976118e-05,2.5342998841715314e-05
3.7055787459541607,-0.00040440572148941426,5.634059065598563,0.0004,0.0,4260.0,2.7892755491976118e-05,2.5342998841715314e-05
3.7056066387096527,-0.000412045855574,5.634084408597404,0.0004,0.0,4261.0,2.7892755491976118e-05,2.5342998840827136e-05
3.705634531465145,-0.0004196859896585857,5.634109751596245,0.0004,0.0,4262.0,2.7892755492420207e-05,2.5342998841715314e-05
3.705662424220637,-0.0004273261237431714,5.634135094595087,0.0004,0.0,4263.0,2.7892755491976118e-05,2.5342998841715314e-05
3.705690316976129,-0.0004349662578277571,5.634160437593929,0.0004,0.0,4264.0,2.7892755491976118e-05,2.5342998841715314e-05
3.705718209731621,-0.0004426063919123428,5.63418578059277,0.0004,0.0,4265.0,2.7892755491976118e-05,2.5342998841715314e-05
3.705746102487113,-0.00045024652599692853,5.634211123591612,0.0004,0.0,4266.0,2.7892755491976118e-05,2.5342998841715314e-05
3.705773995242605,-0.00045788666008151426,5.634236466590454,0.0004,0.0,4267.0,2.7892755491976118e-05,2.5342998841715314e-05
3.705801887998097,-0.0004655267941661,5.634261809589296,0.0004,0.0,4268.0,2.7892755491976118e-05,2.5342998841715314e-05
3.7058284931778225,-0.00047457486007670713,5.634776714912285,0.0003857142857142857,0.0,4269.0,2.660517972552512e-05,0.0005149053229898115
3.7058550983575476,-0.0004836229259873143,5.635291620235275,0.00037142857142857143,0.0,4270.0,2.660517972508103e-05,0.0005149053229898115
3.7058817035372726,-0.0004926709918979214,5.635806525558265,0.00035714285714285714,0.0,4271.0,2.660517972508103e-05,0.0005149053229898115
3.705908308716998,-0.0005017190578085286,5.636321430881256,0.00034285714285714285,0.0,4272.0,2.660517972552512e-05,0.0005149053229906997
3.7059349138967237,-0.0005107671237191357,5.6368363362042455,0.00032857142857142856,0.0,4273.0,2.660517972552512e-05,0.0005149053229898115
3.7059615190764488,-0.0005198151896297429,5.637351241527235,0.0003142857142857143,0.0,4274.0,2.660517972508103e-05,0.0005149053229898115
3.705988124256174,-0.00052886325554035,5.637866146850225,0.00030000000000000003,0.0,4275.0,2.660517972508103e-05,0.0005149053229898115
3.7060147294358994,-0.0005379113214509572,5.638381052173215,0.00028571428571428574,0.0,4276.0,2.660517972552512e-05,0.0005149053229898115
3.706041334615625,-0.0005469593873615643,5.638895957496205,0.00027142857142857144,0.0,4277.0,2.660517972552512e-05,0.0005149053229898115
3.70606793979535,-0.0005560074532721714,5.639410862819195,0.00025714285714285715,0.0,4278.0,2.660517972508103e-05,0.0005149053229898115
3.706094544975075,-0.0005650555191827785,5.639925768142185,0.00024285714285714286,0.0,4279.0,2.660517972508103e-05,0.0005149053229906997
3.7061211501548006,-0.0005741035850933857,5.640440673465175,0.00022857142857142857,0.0,4280.0,2.660517972552512e-05,0.0005149053229898115
3.706147755334526,-0.0005831516510039929,5.640955578788165,0.00021428571428571427,0.0,4281.0,2.660517972552512e-05,0.0005149053229898115
3.706174360514251,-0.0005921997169146,5.641470484111155,0.0002,0.0,4282.0,2.660517972508103e-05,0.0005149053229898115
3.7062104833861063,-0.0005803318076338643,5.641214140215193,0.0002142857142857143,0.0,4283.0,3.612287185505991e-05,-0.00025634389596174145
3.7062466062579613,-0.0005684638983531286,5.640957796319232,0.0002285714285714286,0.0,4284.0,3.612287185505991e-05,-0.0002563438959608533
3.7062827291298164,-0.0005565959890723929,5.64070145242327,0.00024285714285714286,0.0,4285.0,3.612287185505991e-05,-0.00025634389596174145
3.7063188520016714,-0.0005447280797916572,5.640445108527309,0.00025714285714285715,0.0,4286.0,3.612287185505991e-05,-0.00025634389596174145
3.7063549748735265,-0.0005328601705109215,5.640188764631348,0.00027142857142857144,0.0,4287.0,3.612287185505991e-05,-0.0002563438959608533
3.7063910977453816,-0.0005209922612301858,5.639932420735386,0.00028571428571428574,0.0,4288.0,3.612287185505991e-05,-0.00025634389596174145
3.7064272206172366,-0.00050912435194945,5.639676076839424,0.00030000000000000003,0.0,4289.0,3.612287185505991e-05,-0.00025634389596174145
3.7064633434890917,-0.0004972564426687142,5.639419732943463,0.0003142857142857143,0.0,4290.0,3.612287185505991e-05,-0.0002563438959608533
3.7064994663609467,-0.0004853885333879786,5.639163389047502,0.0003285714285714286,0.0,4291.0,3.612287185505991e-05,-0.00025634389596174145
3.706535589232802,-0.00047352062410724283,5.638907045151541,0.0003428571428571429,0.0,4292.0,3.612287185505991e-05,-0.0002563438959608533
3.706571712104657,-0.0004616527148265071,5.638650701255579,0.00035714285714285714,0.0,4293.0,3.612287185505991e-05,-0.00025634389596174145
3.706607834976512,-0.0004497848055457714,5.638394357359617,0.00037142857142857143,0.0,4294.0,3.612287185505991e-05,-0.00025634389596174145
3.706643957848367,-0.0004379168962650357,5.6381380134636565,0.0003857142857142857,0.0,4295.0,3.612287185505991e-05,-0.0002563438959608533
3.706680080720222,-0.0004260489869843,5.637881669567695,0.0004,0.0,4296.0,3.612287185505991e-05,-0.00025634389596174145
3.706696592505781,-0.0004960756766813857,5.637896146518874,0.0004,0.0,4297.0,1.6511785558837033e-05,1.4476951179176467e-05
3.70671310429134,-0.0005661023663784715,5.637910623470052,0.0004,0.0,4298.0,1.6511785559281122e-05,1.4476951178288289e-05
3.706729616076899,-0.0006361290560755572,5.637925100421231,0.0004,0.0,4299.0,1.6511785558837033e-05,1.4476951179176467e-05
3.706746127862458,-0.0007061557457726428,5.637939577372411,0.0004,0.0,4300.0,1.6511785558837033e-05,1.4476951179176467e-05
3.706762639648017,-0.0007761824354697286,5.637954054323589,0.0004,0.0,4301.0,1.6511785559281122e-05,1.4476951178288289e-05
3.706779151433576,-0.0008462091251668143,5.637968531274768,0.0004,0.0,4302.0,1.6511785558837033e-05,1.4476951179176467e-05
3.706795663219135,-0.0009162358148639,5.637983008225946,0.0004,0.0,4303.0,1.6511785558837033e-05,1.4476951178288289e-05
3.706812175004694,-0.0009862625045609858,5.6379974851771255,0.0004,0.0,4304.0,1.6511785559281122e-05,1.4476951179176467e-05
3.706828686790253,-0.0010562891942580714,5.638011962128305,0.0004,0.0,4305.0,1.6511785558837033e-05,1.4476951179176467e-05
3.706845198575812,-0.0011263158839551572,5.638026439079483,0.0004,0.0,4306.0,1.6511785559281122e-05,1.4476951178288289e-05
3.706861710361371,-0.0011963425736522429,5.638040916030662,0.0004,0.0,4307.0,1.6511785558837033e-05,1.4476951179176467e-05
3.70687822214693,-0.0012663692633493287,5.638055392981841,0.0004,0.0,4308.0,1.6511785558837033e-05,1.4476951179176467e-05
3.706894733932489,-0.0013363959530464143,5.63806986993302,0.0004,0.0,4309.0,1.6511785559281122e-05,1.4476951178288289e-05
3.706911245718048,-0.0014064226427435,5.638084346884199,0.0004,0.0,4310.0,1.6511785558837033e-05,1.4476951179176467e-05
3.706930405143257,-0.0012682489220970066,5.637883206658093,0.00038666666666666667,0.0,4311.0,1.915942520902547e-05,-0.00020114022610595583
3.706949564568466,-0.0011300752014505133,5.637682066431987,0.0003733333333333334,0.0,4312.0,1.915942520902547e-05,-0.00020114022610595583
3.706968723993675,-0.00099190148080402,5.637480926205881,0.00036,0.0,4313.0,1.915942520902547e-05,-0.00020114022610595583
3.706987883418884,-0.0008537277601575265,5.637279785979775,0.00034666666666666667,0.0,4314.0,1.915942520902547e-05,-0.00020114022610595583
3.707007042844093,-0.0007155540395110332,5.637078645753669,0.0003333333333333334,0.0,4315.0,1.915942520902547e-05,-0.00020114022610595583
3.707026202269302,-0.0005773803188645398,5.636877505527563,0.00032,0.0,4316.0,1.915942520902547e-05,-0.00020114022610595583
3.707045361694511,-0.0004392065982180464,5.636676365301457,0.0003066666666666667,0.0,4317.0,1.915942520902547e-05,-0.00020114022610595583
3.7070645211197206,-0.0003010328775715531,5.63647522507535,0.0002933333333333334,0.0,4318.0,1.915942520946956e-05,-0.000201140226106844
3.7070836805449296,-0.00016285915692505973,5.636274084849244,0.00028000000000000003,0.0,4319.0,1.915942520902547e-05,-0.00020114022610595583
3.7071028399701387,-2.4685436278566372e-05,5.636072944623138,0.0002666666666666667,0.0,4320.0,1.915942520902547e-05,-0.00020114022610595583
3.7071219993953477,0.00011348828436792699,5.635871804397032,0.00025333333333333333,0.0,4321.0,1.915942520902547e-05,-0.00020114022610595583
3.7071411588205567,0.00025166200501442035,5.635670664170926,0.00024000000000000003,0.0,4322.0,1.915942520902547e-05,-0.00020114022610595583
3.7071603182457658,0.0003898357256609137,5.6354695239448205,0.00022666666666666668,0.0,4323.0,1.915942520902547e-05,-0.00020114022610595583
3.7071794776709748,0.0005280094463074071,5.6352683837187145,0.00021333333333333336,0.0,4324.0,1.915942520902547e-05,-0.00020114022610595583
3.707198637096184,0.0006661831669539,5.635067243492609,0.0002,0.0,4325.0,1.915942520902547e-05,-0.00020114022610595583
3.707225762399058,0.0007282995173584643,5.635432293466852,0.0002,0.0,4326.0,2.7125302874075885e-05,0.0003650499742438029
3.7072528877019324,0.0007904158677630286,5.635797343441096,0.0002,0.0,4327.0,2.7125302874519974e-05,0.0003650499742438029
3.707280013004807,0.0008525322181675929,5.63616239341534,0.0002,0.0,4328.0,2.7125302874519974e-05,0.0003650499742438029
3.707307138307681,0.0009146485685721571,5.636527443389585,0.0002,0.0,4329.0,2.7125302874075885e-05,0.0003650499742446911
3.707334263610555,0.0009767649189767213,5.6368924933638285,0.0002,0.0,4330.0,2.7125302874075885e-05,0.0003650499742438029
3.7073613889134296,0.0010388812693812857,5.637257543338072,0.0002,0.0,4331.0,2.7125302874519974e-05,0.0003650499742438029
3.707388514216304,0.00110099761978585,5.637622593312316,0.0002,0.0,4332.0,2.7125302874519974e-05,0.0003650499742438029
3.707415639519178,0.0011631139701904142,5.63798764328656,0.0002,0.0,4333.0,2.7125302874075885e-05,0.0003650499742438029
3.7074427648220523,0.0012252303205949784,5.638352693260804,0.0002,0.0,4334.0,2.7125302874075885e-05,0.0003650499742438029
3.707469890124927,0.0012873466709995428,5.6387177432350475,0.0002,0.0,4335.0,2.7125302874519974e-05,0.0003650499742438029
3.7074970154278013,0.0013494630214041072,5.639082793209292,0.0002,0.0,4336.0,2.7125302874519974e-05,0.0003650499742446911
3.7075241407306754,0.0014115793718086714,5.639447843183536,0.0002,0.0,4337.0,2.7125302874075885e-05,0.0003650499742438029
3.7075512660335495,0.0014736957222132355,5.63981289315778,0.0002,0.0,4338.0,2.7125302874075885e-05,0.0003650499742438029
3.707578391336424,0.0015358120726178,5.640177943132024,0.0002,0.0,4339.0,2.7125302874519974e-05,0.0003650499742438029
3.7076068611112416,0.0014462575337702427,5.640615500226444,0.0002,0.0,4340.0,2.846977481762991e-05,0.0004375570944201712
3.7076353308860592,0.0013567029949226857,5.641053057320865,0.0002,0.0,4341.0,2.846977481762991e-05,0.0004375570944210594
3.7076638006608773,0.0012671484560751285,5.641490614415285,0.0002,0.0,4342.0,2.8469774818074e-05,0.0004375570944201712
3.707692270435695,0.0011775939172275715,5.641928171509705,0.0002,0.0,4343.0,2.846977481762991e-05,0.0004375570944201712
3.7077207402105126,0.0010880393783800142,5.642365728604125,0.0002,0.0,4344.0,2.846977481762991e-05,0.0004375570944201712
3.70774920998533,0.0009984848395324572,5.642803285698546,0.0002,0.0,4345.0,2.846977481762991e-05,0.0004375570944210594
3.7077776797601483,0.0009089303006849,5.643240842792967,0.0002,0.0,4346.0,2.8469774818074e-05,0.0004375570944201712
3.707806149534966,0.0008193757618373429,5.643678399887387,0.0002,0.0,4347.0,2.846977481762991e-05,0.0004375570944201712
3.7078346193097835,0.0007298212229897858,5.644115956981808,0.0002,0.0,4348.0,2.846977481762991e-05,0.0004375570944210594
3.707863089084601,0.0006402666841422287,5.644553514076228,0.0002,0.0,4349.0,2.846977481762991e-05,0.0004375570944201712
3.707891558859419,0.0005507121452946716,5.644991071170648,0.0002,0.0,4350.0,2.846977481762991e-05,0.0004375570944201712
3.707920028634237,0.0004611576064471144,5.645428628265068,0.0002,0.0,4351.0,2.8469774818074e-05,0.0004375570944201712
3.7079484984090545,0.00037160306759955727,5.645866185359489,0.0002,0.0,4352.0,2.846977481762991e-05,0.0004375570944210594
3.707976968183872,0.000282048528752,5.6463037424539095,0.0002,0.0,4353.0,2.846977481762991e-05,0.0004375570944201712
3.708002957258947,4.9699454594171415e-05,5.645510879603463,0.0002,0.0,4354.0,2.598907507467274e-05,-0.0007928628504467738
3.708028946334021,-0.00018264961956365717,5.644718016753015,0.0002,0.0,4355.0,2.598907507422865e-05,-0.000792862850447662
3.7080549354090957,-0.0004149986937214857,5.643925153902568,0.0002,0.0,4356.0,2.598907507467274e-05,-0.0007928628504467738
3.70808092448417,-0.0006473477678793143,5.6431322910521216,0.0002,0.0,4357.0,2.598907507422865e-05,-0.0007928628504467738
3.7081069135592446,-0.0008796968420371429,5.642339428201674,0.0002,0.0,4358.0,2.598907507467274e-05,-0.000792862850447662
3.708132902634319,-0.0011120459161949715,5.641546565351227,0.0002,0.0,4359.0,2.598907507422865e-05,-0.0007928628504467738
3.7081588917093935,-0.0013443949903528,5.6407537025007795,0.0002,0.0,4360.0,2.598907507467274e-05,-0.000792862850447662
3.708184880784468,-0.0015767440645106288,5.639960839650333,0.0002,0.0,4361.0,2.598907507467274e-05,-0.0007928628504467738
3.7082108698595424,-0.0018090931386684573,5.639167976799886,0.0002,0.0,4362.0,2.598907507422865e-05,-0.0007928628504467738
3.708236858934617,-0.0020414422128262858,5.638375113949438,0.0002,0.0,4363.0,2.598907507467274e-05,-0.000792862850447662
3.7082628480096913,-0.0022737912869841143,5.6375822510989915,0.0002,0.0,4364.0,2.598907507422865e-05,-0.0007928628504467738
3.708288837084766,-0.002506140361141943,5.636789388248545,0.0002,0.0,4365.0,2.598907507467274e-05,-0.0007928628504467738
3.70831482615984,-0.0027384894352997717,5.635996525398097,0.0002,0.0,4366.0,2.598907507422865e-05,-0.000792862850447662
3.708340815234915,-0.0029708385094576,5.63520366254765,0.0002,0.0,4367.0,2.598907507467274e-05,-0.0007928628504467738
3.708333390339156,-0.0027768349229938287,5.635338436728814,0.0002,0.0,4368.0,-7.42489575866756e-06,0.00013477418116369932
3.7083259654433975,-0.002582831336530057,5.635473210909977,0.0002,0.0,4369.0,-7.42489575866756e-06,0.00013477418116281115
3.708318540547639,-0.002388827750066286,5.6356079850911405,0.0002,0.0,4370.0,-7.42489575866756e-06,0.00013477418116369932
3.70831111565188,-0.0021948241636025145,5.635742759272303,0.0002,0.0,4371.0,-7.42489575866756e-06,0.00013477418116281115
3.7083036907561215,-0.002000820577138743,5.635877533453467,0.0002,0.0,4372.0,-7.42489575866756e-06,0.00013477418116369932
3.708296265860363,-0.0018068169906749715,5.63601230763463,0.0002,0.0,4373.0,-7.42489575866756e-06,0.00013477418116281115
3.708288840964604,-0.0016128134042112002,5.6361470818157935,0.0002,0.0,4374.0,-7.42489575866756e-06,0.00013477418116369932
3.7082814160688455,-0.0014188098177474286,5.636281855996957,0.0002,0.0,4375.0,-7.42489575866756e-06,0.00013477418116369932
3.708273991173087,-0.001224806231283657,5.63641663017812,0.0002,0.0,4376.0,-7.42489575866756e-06,0.00013477418116281115
3.708266566277328,-0.0010308026448198858,5.636551404359284,0.0002,0.0,4377.0,-7.42489575866756e-06,0.00013477418116369932
3.7082591413815695,-0.0008367990583561143,5.6366861785404465,0.0002,0.0,4378.0,-7.42489575866756e-06,0.00013477418116281115
3.708251716485811,-0.0006427954718923428,5.63682095272161,0.0002,0.0,4379.0,-7.42489575866756e-06,0.00013477418116369932
3.708244291590052,-0.0004487918854285714,5.636955726902773,0.0002,0.0,4380.0,-7.42489575866756e-06,0.00013477418116281115
3.7082368666942935,-0.0002547882989648,5.637090501083937,0.0002,0.0,4381.0,-7.42489575866756e-06,0.00013477418116369932
3.7082689896743797,-0.00026587446695675,5.638342940620165,0.0002,0.0,4382.0,3.212298008614667e-05,0.0012524395362278895
3.7083011126544654,-0.0002769606349487,5.6395953801563925,0.0002,0.0,4383.0,3.212298008570258e-05,0.0012524395362278895
3.7083332356345515,-0.00028804680294065,5.64084781969262,0.0002,0.0,4384.0,3.212298008614667e-05,0.0012524395362278895
3.7083653586146372,-0.0002991329709326,5.642100259228849,0.0002,0.0,4385.0,3.212298008570258e-05,0.0012524395362287777
3.7083974815947234,-0.00031021913892455,5.643352698765077,0.0002,0.0,4386.0,3.212298008614667e-05,0.0012524395362278895
3.708429604574809,-0.0003213053069165,5.644605138301305,0.0002,0.0,4387.0,3.212298008570258e-05,0.0012524395362278895
3.7084617275548952,-0.00033239147490845,5.645857577837533,0.0002,0.0,4388.0,3.212298008614667e-05,0.0012524395362278895
3.7084938505349814,-0.0003434776429004,5.647110017373761,0.0002,0.0,4389.0,3.212298008614667e-05,0.0012524395362278895
3.708525973515067,-0.00035456381089234997,5.648362456909989,0.0002,0.0,4390.0,3.212298008570258e-05,0.0012524395362278895
3.7085580964951532,-0.0003656499788843,5.6496148964462165,0.0002,0.0,4391.0,3.212298008614667e-05,0.0012524395362278895
3.708590219475239,-0.00037673614687625,5.650867335982445,0.0002,0.0,4392.0,3.212298008570258e-05,0.0012524395362287777
3.708622342455325,-0.0003878223148682,5.652119775518673,0.0002,0.0,4393.0,3.212298008614667e-05,0.0012524395362278895
3.7086544654354108,-0.00039890848286015,5.653372215054901,0.0002,0.0,4394.0,3.212298008570258e-05,0.0012524395362278895
3.708686588415497,-0.0004099946508521,5.654624654591129,0.0002,0.0,4395.0,3.212298008614667e-05,0.0012524395362278895
3.708698447887336,-0.00040924077811910713,5.654332886671171,0.0002,0.0,4396.0,1.1859471839237301e-05,-0.00029176791995766393
3.7087103073591754,-0.0004084869053861143,5.654041118751214,0.0002,0.0,4397.0,1.1859471839237301e-05,-0.00029176791995766393
3.7087221668310146,-0.0004077330326531214,5.653749350831256,0.0002,0.0,4398.0,1.1859471839237301e-05,-0.00029176791995766393
3.708734026302854,-0.00040697915992012854,5.653457582911298,0.0002,0.0,4399.0,1.1859471839237301e-05,-0.00029176791995766393
3.708745885774693,-0.0004062252871871357,5.653165814991341,0.0002,0.0,4400.0,1.1859471839237301e-05,-0.00029176791995766393
3.7087577452465323,-0.00040547141445414285,5.652874047071383,0.0002,0.0,4401.0,1.1859471839237301e-05,-0.00029176791995766393
3.708769604718371,-0.00040471754172114995,5.652582279151425,0.0002,0.0,4402.0,1.1859471838793212e-05,-0.00029176791995766393
3.7087814641902104,-0.0004039636689881571,5.652290511231468,0.0002,0.0,4403.0,1.1859471839237301e-05,-0.00029176791995766393
3.7087933236620496,-0.00040320979625516426,5.65199874331151,0.0002,0.0,4404.0,1.1859471839237301e-05,-0.00029176791995766393
3.708805183133889,-0.0004024559235221714,5.651706975391552,0.0002,0.0,4405.0,1.1859471839237301e-05,-0.00029176791995766393
3.708817042605728,-0.00040170205078917856,5.651415207471595,0.0002,0.0,4406.0,1.1859471839237301e-05,-0.00029176791995766393
3.7088289020775673,-0.00040094817805618566,5.651123439551637,0.0002,0.0,4407.0,1.1859471839237301e-05,-0.00029176791995766393
3.7088407615494066,-0.0004001943053231928,5.650831671631679,0.0002,0.0,4408.0,1.1859471839237301e-05,-0.00029176791995766393
3.708852621021246,-0.0003994404325902,5.650539903711722,0.0002,0.0,4409.0,1.1859471839237301e-05,-0.00029176791995766393
3.7088773560852575,-0.0005192891652230928,5.65178849298791,0.0002142857142857143,0.0,4410.0,2.4735064011682795e-05,0.0012485892761882056
3.708902091149269,-0.0006391378978559856,5.653037082264098,0.0002285714285714286,0.0,4411.0,2.4735064011682795e-05,0.0012485892761882056
3.708926826213281,-0.0007589866304888786,5.654285671540286,0.00024285714285714286,0.0,4412.0,2.4735064011682795e-05,0.0012485892761882056
3.7089515612772925,-0.0008788353631217714,5.655534260816475,0.00025714285714285715,0.0,4413.0,2.4735064011682795e-05,0.0012485892761890938
3.708976296341304,-0.0009986840957546643,5.656782850092664,0.00027142857142857144,0.0,4414.0,2.4735064011682795e-05,0.0012485892761882056
3.709001031405316,-0.001118532828387557,5.658031439368852,0.00028571428571428574,0.0,4415.0,2.4735064011682795e-05,0.0012485892761882056
3.7090257664693276,-0.00123838156102045,5.65928002864504,0.00030000000000000003,0.0,4416.0,2.4735064011682795e-05,0.0012485892761882056
3.7090505015333397,-0.0013582302936533427,5.660528617921228,0.0003142857142857143,0.0,4417.0,2.4735064012126884e-05,0.0012485892761882056
3.7090752365973514,-0.0014780790262862355,5.661777207197416,0.0003285714285714286,0.0,4418.0,2.4735064011682795e-05,0.0012485892761882056
3.709099971661363,-0.0015979277589191286,5.663025796473605,0.0003428571428571429,0.0,4419.0,2.4735064011682795e-05,0.0012485892761882056
3.7091247067253748,-0.0017177764915520214,5.664274385749794,0.00035714285714285714,0.0,4420.0,2.4735064011682795e-05,0.0012485892761890938
3.7091494417893864,-0.0018376252241849142,5.665522975025982,0.00037142857142857143,0.0,4421.0,2.4735064011682795e-05,0.0012485892761882056
3.709174176853398,-0.001957473956817807,5.66677156430217,0.0003857142857142857,0.0,4422.0,2.4735064011682795e-05,0.0012485892761882056
3.70919891191741,-0.0020773226894507,5.668020153578358,0.0004,0.0,4423.0,2.4735064011682795e-05,0.0012485892761882056
3.7092129512491807,-0.0019644387190352287,5.669054967247121,0.0004,0.0,4424.0,1.4039331770909769e-05,0.0010348136687623466
3.7092269905809516,-0.0018515547486197572,5.670089780915882,0.0004,0.0,4425.0,1.4039331770909769e-05,0.0010348136687614584
3.7092410299127225,-0.0017386707782042856,5.6711245945846445,0.0004,0.0,4426.0,1.4039331770909769e-05,0.0010348136687623466
3.7092550692444934,-0.0016257868077888143,5.672159408253406,0.0004,0.0,4427.0,1.4039331770909769e-05,0.0010348136687614584
3.7092691085762644,-0.001512902837373343,5.673194221922168,0.0004,0.0,4428.0,1.4039331770909769e-05,0.0010348136687623466
3.7092831479080353,-0.0014000188669578714,5.67422903559093,0.0004,0.0,4429.0,1.4039331770909769e-05,0.0010348136687614584
3.7092971872398066,-0.0012871348965423999,5.675263849259692,0.0004,0.0,4430.0,1.4039331771353858e-05,0.0010348136687623466
3.7093112265715775,-0.0011742509261269286,5.676298662928454,0.0004,0.0,4431.0,1.4039331770909769e-05,0.0010348136687623466
3.7093252659033484,-0.0010613669557114572,5.677333476597216,0.0004,0.0,4432.0,1.4039331770909769e-05,0.0010348136687614584
3.7093393052351193,-0.0009484829852959857,5.678368290265978,0.0004,0.0,4433.0,1.4039331770909769e-05,0.0010348136687623466
3.7093533445668903,-0.0008355990148805143,5.67940310393474,0.0004,0.0,4434.0,1.4039331770909769e-05,0.0010348136687614584
3.709367383898661,-0.0007227150444650428,5.680437917603502,0.0004,0.0,4435.0,1.4039331770909769e-05,0.0010348136687623466
3.709381423230432,-0.0006098310740495714,5.6814727312722635,0.0004,0.0,4436.0,1.4039331770909769e-05,0.0010348136687614584
3.709395462562203,-0.0004969471036341,5.682507544941026,0.0004,0.0,4437.0,1.4039331770909769e-05,0.0010348136687623466
3.7094185686832986,-0.0005428563573156429,5.684170864268656,0.0003857142857142857,0.0,4438.0,2.3106121095572973e-05,0.0016633193276298641
3.7094416748043946,-0.0005887656109971857,5.6858341835962865,0.00037142857142857143,0.0,4439.0,2.3106121096017063e-05,0.0016633193276307523
3.70946478092549,-0.0006346748646787286,5.687497502923916,0.00035714285714285714,0.0,4440.0,2.3106121095572973e-05,0.0016633193276298641
3.7094878870465857,-0.0006805841183602714,5.689160822251546,0.00034285714285714285,0.0,4441.0,2.3106121095572973e-05,0.0016633193276298641
3.7095109931676817,-0.0007264933720418143,5.690824141579177,0.00032857142857142856,0.0,4442.0,2.3106121096017063e-05,0.0016633193276307523
3.7095340992887773,-0.0007724026257233571,5.692487460906807,0.0003142857142857143,0.0,4443.0,2.3106121095572973e-05,0.0016633193276298641
3.709557205409873,-0.0008183118794049,5.6941507802344375,0.00030000000000000003,0.0,4444.0,2.3106121095572973e-05,0.0016633193276307523
3.709580311530969,-0.0008642211330864428,5.695814099562067,0.00028571428571428574,0.0,4445.0,2.3106121096017063e-05,0.0016633193276298641
3.7096034176520645,-0.0009101303867679857,5.697477418889697,0.00027142857142857144,0.0,4446.0,2.3106121095572973e-05,0.0016633193276298641
3.7096265237731605,-0.0009560396404495286,5.699140738217328,0.00025714285714285715,0.0,4447.0,2.3106121096017063e-05,0.0016633193276307523
3.709649629894256,-0.0010019488941310714,5.700804057544958,0.00024285714285714286,0.0,4448.0,2.3106121095572973e-05,0.0016633193276298641
3.7096727360153516,-0.0010478581478126142,5.702467376872588,0.00022857142857142857,0.0,4449.0,2.3106121095572973e-05,0.0016633193276298641
3.7096958421364477,-0.0010937674014941572,5.7041306962002185,0.00021428571428571427,0.0,4450.0,2.3106121096017063e-05,0.0016633193276307523
3.7097189482575432,-0.0011396766551757,5.705794015527848,0.0002,0.0,4451.0,2.3106121095572973e-05,0.0016633193276298641
3.7097461526327735,-0.00106616782793775,5.705316600142229,0.0002142857142857143,0.0,4452.0,2.7204375230294175e-05,-0.0004774153856192953
3.709773357008004,-0.0009926590006998,5.70483918475661,0.0002285714285714286,0.0,4453.0,2.7204375230294175e-05,-0.0004774153856192953
3.7098005613832337,-0.00091915017346185,5.7043617693709905,0.00024285714285714286,0.0,4454.0,2.7204375229850086e-05,-0.0004774153856192953
3.709827765758464,-0.0008456413462239,5.703884353985372,0.00025714285714285715,0.0,4455.0,2.7204375230294175e-05,-0.00047741538561840713
3.7098549701336943,-0.0007721325189859499,5.703406938599753,0.00027142857142857144,0.0,4456.0,2.7204375230294175e-05,-0.0004774153856192953
3.7098821745089245,-0.000698623691748,5.7029295232141335,0.00028571428571428574,0.0,4457.0,2.7204375230294175e-05,-0.0004774153856192953
3.7099093788841544,-0.00062511486451005,5.702452107828514,0.00030000000000000003,0.0,4458.0,2.7204375229850086e-05,-0.0004774153856192953
3.7099365832593847,-0.0005516060372721,5.701974692442895,0.0003142857142857143,0.0,4459.0,2.7204375230294175e-05,-0.0004774153856192953
3.709963787634615,-0.00047809721003414993,5.701497277057276,0.0003285714285714286,0.0,4460.0,2.7204375230294175e-05,-0.0004774153856192953
3.7099909920098453,-0.00040458838279619995,5.701019861671656,0.0003428571428571429,0.0,4461.0,2.7204375230294175e-05,-0.0004774153856192953
3.7100181963850756,-0.00033107955555825,5.700542446286038,0.00035714285714285714,0.0,4462.0,2.7204375230294175e-05,-0.00047741538561840713
3.7100454007603054,-0.00025757072832029995,5.700065030900419,0.00037142857142857143,0.0,4463.0,2.7204375229850086e-05,-0.0004774153856192953
3.7100726051355357,-0.00018406190108234994,5.699587615514799,0.0003857142857142857,0.0,4464.0,2.7204375230294175e-05,-0.0004774153856192953
3.710099809510766,-0.0001105530738444,5.69911020012918,0.0004,0.0,4465.0,2.7204375230294175e-05,-0.0004774153856192953
3.7101035078890114,-0.00018192337955693573,5.700797105791094,0.0004,0.0,4466.0,3.6983782454313996e-06,0.0016869056619137623
3.710107206267257,-0.00025329368526947146,5.7024840114530075,0.0004,0.0,4467.0,3.6983782454313996e-06,0.0016869056619137623
3.7101109046455023,-0.00032466399098200717,5.70417091711492,0.0004,0.0,4468.0,3.6983782454313996e-06,0.0016869056619128742
3.710114603023748,-0.00039603429669454287,5.705857822776834,0.0004,0.0,4469.0,3.698378245875489e-06,0.0016869056619137623
3.7101183014019936,-0.0004674046024070786,5.707544728438748,0.0004,0.0,4470.0,3.6983782454313996e-06,0.0016869056619137623
3.710121999780239,-0.0005387749081196143,5.709231634100662,0.0004,0.0,4471.0,3.6983782454313996e-06,0.0016869056619137623
3.7101256981584845,-0.00061014521383215,5.710918539762575,0.0004,0.0,4472.0,3.6983782454313996e-06,0.0016869056619128742
3.71012939653673,-0.0006815155195446858,5.712605445424488,0.0004,0.0,4473.0,3.6983782454313996e-06,0.0016869056619137623
3.7101330949149753,-0.0007528858252572215,5.714292351086402,0.0004,0.0,4474.0,3.6983782454313996e-06,0.0016869056619137623
3.7101367932932208,-0.0008242561309697572,5.715979256748316,0.0004,0.0,4475.0,3.6983782454313996e-06,0.0016869056619137623
3.7101404916714666,-0.0008956264366822929,5.71766616241023,0.0004,0.0,4476.0,3.698378245875489e-06,0.0016869056619137623
3.710144190049712,-0.0009669967423948287,5.7193530680721425,0.0004,0.0,4477.0,3.6983782454313996e-06,0.0016869056619128742
3.7101478884279575,-0.0010383670481073643,5.721039973734056,0.0004,0.0,4478.0,3.6983782454313996e-06,0.0016869056619137623
3.710151586806203,-0.0011097373538199,5.72272687939597,0.0004,0.0,4479.0,3.6983782454313996e-06,0.0016869056619137623
3.7101713361134587,-0.0011920905243390928,5.72367703401578,0.0003857142857142857,0.0,4480.0,1.9749307255789716e-05,0.0009501546198098509
3.710191085420715,-0.0012744436948582858,5.72462718863559,0.00037142857142857143,0.0,4481.0,1.9749307256233806e-05,0.0009501546198098509
3.710210834727971,-0.0013567968653774786,5.7255773432554,0.00035714285714285714,0.0,4482.0,1.9749307256233806e-05,0.0009501546198098509
3.710230584035227,-0.0014391500358966714,5.726527497875209,0.00034285714285714285,0.0,4483.0,1.9749307255789716e-05,0.0009501546198098509
3.7102503333424828,-0.0015215032064158644,5.727477652495019,0.00032857142857142856,0.0,4484.0,1.9749307255789716e-05,0.0009501546198098509
3.710270082649739,-0.0016038563769350572,5.728427807114829,0.0003142857142857143,0.0,4485.0,1.9749307256233806e-05,0.0009501546198098509
3.7102898319569952,-0.00168620954745425,5.729377961734639,0.00030000000000000003,0.0,4486.0,1.9749307256233806e-05,0.0009501546198098509
3.710309581264251,-0.0017685627179734429,5.730328116354448,0.00028571428571428574,0.0,4487.0,1.9749307255789716e-05,0.0009501546198089628
3.710329330571507,-0.0018509158884926359,5.731278270974258,0.00027142857142857144,0.0,4488.0,1.9749307255789716e-05,0.0009501546198098509
3.710349079878763,-0.0019332690590118287,5.732228425594068,0.00025714285714285715,0.0,4489.0,1.9749307256233806e-05,0.0009501546198098509
3.7103688291860193,-0.0020156222295310217,5.7331785802138775,0.00024285714285714286,0.0,4490.0,1.9749307256233806e-05,0.0009501546198098509
3.710388578493275,-0.0020979754000502145,5.734128734833687,0.00022857142857142857,0.0,4491.0,1.9749307255789716e-05,0.0009501546198098509
3.710408327800531,-0.0021803285705694073,5.735078889453497,0.00021428571428571427,0.0,4492.0,1.9749307255789716e-05,0.0009501546198098509
3.710428077107787,-0.0022626817410886,5.736029044073307,0.0002,0.0,4493.0,1.9749307256233806e-05,0.0009501546198098509
3.710441649369562,-0.002244491354368293,5.735819703009511,0.0002142857142857143,0.0,4494.0,1.3572261774896788e-05,-0.000209341063795776
3.7104552216313373,-0.0022263009676479857,5.7356103619457155,0.0002285714285714286,0.0,4495.0,1.3572261775340877e-05,-0.000209341063795776
3.7104687938931122,-0.0022081105809276785,5.73540102088192,0.00024285714285714286,0.0,4496.0,1.3572261774896788e-05,-0.000209341063795776
3.710482366154887,-0.0021899201942073717,5.735191679818123,0.00025714285714285715,0.0,4497.0,1.3572261774896788e-05,-0.00020934106379666417
3.7104959384166625,-0.0021717298074870645,5.734982338754327,0.00027142857142857144,0.0,4498.0,1.3572261775340877e-05,-0.000209341063795776
3.7105095106784374,-0.0021535394207667573,5.7347729976905315,0.00028571428571428574,0.0,4499.0,1.3572261774896788e-05,-0.000209341063795776
3.7105230829402127,-0.00213534903404645,5.734563656626736,0.00030000000000000003,0.0,4500.0,1.3572261775340877e-05,-0.000209341063795776
3.7105366552019876,-0.002117158647326143,5.73435431556294,0.0003142857142857143,0.0,4501.0,1.3572261774896788e-05,-0.000209341063795776
3.7105502274637625,-0.0020989682606058356,5.734144974499144,0.0003285714285714286,0.0,4502.0,1.3572261774896788e-05,-0.000209341063795776
3.710563799725538,-0.0020807778738855284,5.733935633435348,0.0003428571428571429,0.0,4503.0,1.3572261775340877e-05,-0.000209341063795776
3.7105773719873127,-0.0020625874871652216,5.733726292371552,0.00035714285714285714,0.0,4504.0,1.3572261774896788e-05,-0.00020934106379666417
3.7105909442490876,-0.0020443971004449144,5.733516951307756,0.00037142857142857143,0.0,4505.0,1.3572261774896788e-05,-0.000209341063795776
3.710604516510863,-0.002026206713724607,5.73330761024396,0.0003857142857142857,0.0,4506.0,1.3572261775340877e-05,-0.000209341063795776
3.710618088772638,-0.0020080163270043,5.733098269180164,0.0004,0.0,4507.0,1.3572261774896788e-05,-0.000209341063795776
3.7106474089817536,-0.002103697298591864,5.735166607141795,0.0004,0.0,4508.0,2.9320209115724083e-05,0.0020683379616306397
3.7106767291908698,-0.0021993782701794284,5.737234945103426,0.0004,0.0,4509.0,2.9320209116168172e-05,0.0020683379616306397
3.7107060493999855,-0.002295059241766993,5.739303283065056,0.0004,0.0,4510.0,2.9320209115724083e-05,0.0020683379616306397
3.710735369609101,-0.0023907402133545573,5.741371621026686,0.0004,0.0,4511.0,2.9320209115724083e-05,0.0020683379616297515
3.710764689818217,-0.0024864211849421215,5.743439958988317,0.0004,0.0,4512.0,2.9320209115724083e-05,0.0020683379616306397
3.710794010027333,-0.0025821021565296857,5.745508296949947,0.0004,0.0,4513.0,2.9320209116168172e-05,0.0020683379616306397
3.710823330236449,-0.0026777831281172503,5.747576634911578,0.0004,0.0,4514.0,2.9320209115724083e-05,0.0020683379616306397
3.7108526504455646,-0.0027734640997048145,5.749644972873209,0.0004,0.0,4515.0,2.9320209115724083e-05,0.0020683379616306397
3.7108819706546807,-0.0028691450712923787,5.751713310834839,0.0004,0.0,4516.0,2.9320209116168172e-05,0.0020683379616306397
3.7109112908637965,-0.002964826042879943,5.75378164879647,0.0004,0.0,4517.0,2.9320209115724083e-05,0.0020683379616306397
3.710940611072912,-0.003060507014467507,5.7558499867581,0.0004,0.0,4518.0,2.9320209115724083e-05,0.0020683379616297515
3.710969931282028,-0.0031561879860550718,5.75791832471973,0.0004,0.0,4519.0,2.9320209115724083e-05,0.0020683379616306397
3.710999251491144,-0.003251868957642636,5.759986662681361,0.0004,0.0,4520.0,2.9320209116168172e-05,0.0020683379616306397
3.71102857170026,-0.0033475499292302,5.762055000642992,0.0004,0.0,4521.0,2.9320209115724083e-05,0.0020683379616306397
3.7110338763673245,-0.0032016547983030716,5.762806306524409,0.0003857142857142857,0.0,4522.0,5.304667064720547e-06,0.0007513058814172524
3.7110391810343897,-0.003055759667375943,5.763557612405827,0.00037142857142857143,0.0,4523.0,5.304667065164637e-06,0.0007513058814181406
3.7110444857014544,-0.0029098645364488145,5.764308918287245,0.00035714285714285714,0.0,4524.0,5.304667064720547e-06,0.0007513058814181406
3.711049790368519,-0.002763969405521686,5.765060224168662,0.00034285714285714285,0.0,4525.0,5.304667064720547e-06,0.0007513058814172524
3.7110550950355843,-0.0026180742745945573,5.76581153005008,0.00032857142857142856,0.0,4526.0,5.304667065164637e-06,0.0007513058814172524
3.711060399702649,-0.0024721791436674288,5.766562835931498,0.0003142857142857143,0.0,4527.0,5.304667064720547e-06,0.0007513058814181406
3.711065704369714,-0.0023262840127403,5.767314141812916,0.00030000000000000003,0.0,4528.0,5.304667065164637e-06,0.0007513058814181406
3.711071009036779,-0.0021803888818131716,5.768065447694333,0.00028571428571428574,0.0,4529.0,5.304667064720547e-06,0.0007513058814172524
3.7110763137038436,-0.002034493750886043,5.76881675357575,0.00027142857142857144,0.0,4530.0,5.304667064720547e-06,0.0007513058814172524
3.7110816183709088,-0.0018885986199589145,5.7695680594571686,0.00025714285714285715,0.0,4531.0,5.304667065164637e-06,0.0007513058814181406
3.7110869230379735,-0.001742703489031786,5.770319365338587,0.00024285714285714286,0.0,4532.0,5.304667064720547e-06,0.0007513058814181406
3.711092227705038,-0.0015968083581046574,5.771070671220004,0.00022857142857142857,0.0,4533.0,5.304667064720547e-06,0.0007513058814172524
3.7110975323721034,-0.0014509132271775288,5.771821977101421,0.00021428571428571427,0.0,4534.0,5.304667065164637e-06,0.0007513058814172524
3.711102837039168,-0.0013050180962504,5.772573282982839,0.0002,0.0,4535.0,5.304667064720547e-06,0.0007513058814181406
3.7111205830179204,-0.0014042435571718572,5.77388764077899,0.0002,0.0,4536.0,1.774597875225936e-05,0.0013143577961507447
3.7111383289966726,-0.0015034690180933143,5.775201998575142,0.0002,0.0,4537.0,1.774597875225936e-05,0.0013143577961516328
3.711156074975425,-0.0016026944790147714,5.7765163563712925,0.0002,0.0,4538.0,1.774597875225936e-05,0.0013143577961507447
3.711173820954177,-0.0017019199399362285,5.777830714167444,0.0002,0.0,4539.0,1.774597875225936e-05,0.0013143577961516328
3.7111915669329294,-0.0018011454008576857,5.779145071963595,0.0002,0.0,4540.0,1.774597875225936e-05,0.0013143577961507447
3.7112093129116817,-0.0019003708617791428,5.7804594297597465,0.0002,0.0,4541.0,1.774597875225936e-05,0.0013143577961516328
3.711227058890434,-0.0019995963227006,5.781773787555897,0.0002,0.0,4542.0,1.774597875225936e-05,0.0013143577961507447
3.7112448048691857,-0.0020988217836220573,5.783088145352048,0.0002,0.0,4543.0,1.7745978751815272e-05,0.0013143577961507447
3.711262550847938,-0.002198047244543514,5.7844025031482,0.0002,0.0,4544.0,1.774597875225936e-05,0.0013143577961516328
3.7112802968266903,-0.0022972727054649715,5.78571686094435,0.0002,0.0,4545.0,1.774597875225936e-05,0.0013143577961507447
3.7112980428054425,-0.0023964981663864285,5.787031218740502,0.0002,0.0,4546.0,1.774597875225936e-05,0.0013143577961516328
3.7113157887841948,-0.002495723627307886,5.788345576536653,0.0002,0.0,4547.0,1.774597875225936e-05,0.0013143577961507447
3.711333534762947,-0.0025949490882293427,5.789659934332804,0.0002,0.0,4548.0,1.774597875225936e-05,0.0013143577961516328
3.7113512807416993,-0.0026941745491508,5.790974292128955,0.0002,0.0,4549.0,1.774597875225936e-05,0.0013143577961507447
3.711359158174907,-0.0026306355392207857,5.791086778087037,0.0002142857142857143,0.0,4550.0,7.877433207514883e-06,0.0001124859580823312
3.7113670356081143,-0.0025670965292907714,5.79119926404512,0.0002285714285714286,0.0,4551.0,7.877433207514883e-06,0.0001124859580823312
3.7113749130413214,-0.002503557519360757,5.791311750003202,0.00024285714285714286,0.0,4552.0,7.877433207070794e-06,0.0001124859580823312
3.711382790474529,-0.0024400185094307428,5.791424235961285,0.00025714285714285715,0.0,4553.0,7.877433207514883e-06,0.00011248595808321937
3.7113906679077364,-0.0023764794995007285,5.791536721919368,0.00027142857142857144,0.0,4554.0,7.877433207514883e-06,0.0001124859580823312
3.711398545340944,-0.002312940489570714,5.79164920787745,0.00028571428571428574,0.0,4555.0,7.877433207514883e-06,0.0001124859580823312
3.711406422774151,-0.0022494014796407,5.791761693835532,0.00030000000000000003,0.0,4556.0,7.877433207070794e-06,0.0001124859580823312
3.7114143002073585,-0.0021858624697106855,5.791874179793615,0.0003142857142857143,0.0,4557.0,7.877433207514883e-06,0.0001124859580823312
3.711422177640566,-0.0021223234597806716,5.791986665751697,0.0003285714285714286,0.0,4558.0,7.877433207514883e-06,0.0001124859580823312
3.7114300550737735,-0.0020587844498506573,5.792099151709779,0.0003428571428571429,0.0,4559.0,7.877433207514883e-06,0.0001124859580823312
3.711437932506981,-0.001995245439920643,5.7922116376678625,0.00035714285714285714,0.0,4560.0,7.877433207514883e-06,0.00011248595808321937
3.711445809940188,-0.0019317064299906287,5.792324123625945,0.00037142857142857143,0.0,4561.0,7.877433207070794e-06,0.0001124859580823312
3.7114536873733956,-0.0018681674200606143,5.792436609584027,0.0003857142857142857,0.0,4562.0,7.877433207514883e-06,0.0001124859580823312
3.711461564806603,-0.0018046284101306,5.7925490955421095,0.0004,0.0,4563.0,7.877433207514883e-06,0.0001124859580823312
3.7114765543050012,-0.00187858613654666,5.79456170767048,0.00038666666666666667,0.0,4564.0,1.4989498398065848e-05,0.002012612128370783
3.7114915438033993,-0.00195254386296272,5.796574319798851,0.0003733333333333334,0.0,4565.0,1.4989498398065848e-05,0.002012612128370783
3.7115065333017974,-0.00202650158937878,5.798586931927222,0.00036,0.0,4566.0,1.4989498398065848e-05,0.002012612128370783
3.7115215228001954,-0.0021004593157948398,5.800599544055592,0.00034666666666666667,0.0,4567.0,1.4989498398065848e-05,0.002012612128369895
3.7115365122985935,-0.0021744170422109,5.8026121561839625,0.0003333333333333334,0.0,4568.0,1.4989498398065848e-05,0.002012612128370783
3.7115515017969916,-0.00224837476862696,5.804624768312333,0.00032,0.0,4569.0,1.4989498398065848e-05,0.002012612128370783
3.7115664912953896,-0.00232233249504302,5.806637380440704,0.0003066666666666667,0.0,4570.0,1.4989498398065848e-05,0.002012612128370783
3.7115814807937872,-0.00239629022145908,5.808649992569075,0.0002933333333333334,0.0,4571.0,1.4989498397621759e-05,0.002012612128370783
3.7115964702921853,-0.00247024794787514,5.810662604697446,0.00028000000000000003,0.0,4572.0,1.4989498398065848e-05,0.002012612128370783
3.7116114597905834,-0.0025442056742912,5.8126752168258164,0.0002666666666666667,0.0,4573.0,1.4989498398065848e-05,0.002012612128370783
3.7116264492889814,-0.00261816340070726,5.814687828954187,0.00025333333333333333,0.0,4574.0,1.4989498398065848e-05,0.002012612128370783
3.7116414387873795,-0.00269212112712332,5.816700441082557,0.00024000000000000003,0.0,4575.0,1.4989498398065848e-05,0.002012612128369895
3.7116564282857776,-0.0027660788535393797,5.818713053210928,0.00022666666666666668,0.0,4576.0,1.4989498398065848e-05,0.002012612128370783
3.7116714177841756,-0.00284003657995544,5.820725665339299,0.00021333333333333336,0.0,4577.0,1.4989498398065848e-05,0.002012612128370783
3.7116864072825737,-0.0029139943063715,5.8227382774676695,0.0002,0.0,4578.0,1.4989498398065848e-05,0.002012612128370783
3.7117054248631844,-0.0028223186371710614,5.823534106254145,0.0002153846153846154,0.0,4579.0,1.9017580610736218e-05,0.0007958287864751057
3.711724442443795,-0.002730642967970623,5.824329935040619,0.0002307692307692308,0.0,4580.0,1.9017580610736218e-05,0.0007958287864742175
3.711743460024406,-0.0026389672987701847,5.825125763827094,0.00024615384615384614,0.0,4581.0,1.9017580610736218e-05,0.0007958287864751057
3.7117624776050167,-0.002547291629569746,5.825921592613568,0.00026153846153846154,0.0,4582.0,1.9017580610736218e-05,0.0007958287864742175
3.7117814951856274,-0.0024556159603693075,5.826717421400043,0.00027692307692307695,0.0,4583.0,1.9017580610736218e-05,0.0007958287864751057
3.711800512766238,-0.002363940291168869,5.8275132501865174,0.0002923076923076923,0.0,4584.0,1.9017580610736218e-05,0.0007958287864742175
3.7118195303468493,-0.0022722646219684307,5.8283090789729926,0.0003076923076923077,0.0,4585.0,1.9017580611180307e-05,0.0007958287864751057
3.71183854792746,-0.0021805889527679923,5.829104907759467,0.0003230769230769231,0.0,4586.0,1.9017580610736218e-05,0.0007958287864742175
3.7118575655080708,-0.002088913283567554,5.829900736545942,0.00033846153846153846,0.0,4587.0,1.9017580610736218e-05,0.0007958287864751057
3.7118765830886815,-0.001997237614367115,5.830696565332416,0.00035384615384615386,0.0,4588.0,1.9017580610736218e-05,0.0007958287864742175
3.7118956006692923,-0.001905561945166677,5.831492394118891,0.0003692307692307692,0.0,4589.0,1.9017580610736218e-05,0.0007958287864751057
3.711914618249903,-0.0018138862759662384,5.832288222905365,0.0003846153846153846,0.0,4590.0,1.9017580610736218e-05,0.0007958287864742175
3.7119336358305137,-0.0017222106067658,5.8330840516918405,0.0004,0.0,4591.0,1.9017580610736218e-05,0.0007958287864751057
3.7119319705833735,-0.0017463424445202072,5.834771821125746,0.0004,0.0,4592.0,-1.6652471401812363e-06,0.0016877694339054727
3.7119303053362334,-0.0017704742822746142,5.8364595905596515,0.0004,0.0,4593.0,-1.6652471401812363e-06,0.0016877694339054727
3.711928640089093,-0.0017946061200290215,5.838147359993557,0.0004,0.0,4594.0,-1.6652471401812363e-06,0.0016877694339054727
3.711926974841953,-0.0018187379577834285,5.839835129427462,0.0004,0.0,4595.0,-1.6652471401812363e-06,0.0016877694339054727
3.711925309594813,-0.0018428697955378357,5.841522898861368,0.0004,0.0,4596.0,-1.6652471401812363e-06,0.0016877694339054727
3.7119236443476726,-0.0018670016332922427,5.843210668295273,0.0004,0.0,4597.0,-1.6652471401812363e-06,0.0016877694339054727
3.7119219791005325,-0.00189113347104665,5.844898437729179,0.0004,0.0,4598.0,-1.6652471401812363e-06,0.0016877694339054727
3.7119203138533923,-0.0019152653088010572,5.846586207163084,0.0004,0.0,4599.0,-1.6652471401812363e-06,0.0016877694339054727
3.711918648606252,-0.0019393971465554642,5.84827397659699,0.0004,0.0,4600.0,-1.6652471401812363e-06,0.0016877694339054727
3.711916983359112,-0.0019635289843098714,5.849961746030895,0.0004,0.0,4601.0,-1.6652471401812363e-06,0.0016877694339054727
3.7119153181119717,-0.0019876608220642787,5.851649515464801,0.0004,0.0,4602.0,-1.6652471401812363e-06,0.0016877694339054727
3.7119136528648315,-0.0020117926598186855,5.853337284898706,0.0004,0.0,4603.0,-1.6652471401812363e-06,0.0016877694339054727
3.7119119876176914,-0.0020359244975730927,5.855025054332612,0.0004,0.0,4604.0,-1.6652471401812363e-06,0.0016877694339054727
3.711910322370551,-0.0020600563353275,5.856712823766517,0.0004,0.0,4605.0,-1.6652471401812363e-06,0.0016877694339054727
3.7119405069368883,-0.0021361690919287856,5.857293182601459,0.0003857142857142857,0.0,4606.0,3.0184566337077e-05,0.0005803588349415634
3.711970691503226,-0.0022122818485300713,5.857873541436401,0.00037142857142857143,0.0,4607.0,3.018456633752109e-05,0.0005803588349424516
3.712000876069563,-0.002288394605131357,5.858453900271343,0.00035714285714285714,0.0,4608.0,3.0184566337077e-05,0.0005803588349415634
3.7120310606359,-0.002364507361732643,5.859034259106284,0.00034285714285714285,0.0,4609.0,3.0184566337077e-05,0.0005803588349415634
3.712061245202237,-0.0024406201183339287,5.859614617941226,0.00032857142857142856,0.0,4610.0,3.0184566337077e-05,0.0005803588349415634
3.7120914297685745,-0.0025167328749352144,5.860194976776168,0.0003142857142857143,0.0,4611.0,3.018456633752109e-05,0.0005803588349424516
3.7121216143349116,-0.0025928456315365,5.86077533561111,0.00030000000000000003,0.0,4612.0,3.0184566337077e-05,0.0005803588349415634
3.7121517989012487,-0.0026689583881377857,5.861355694446051,0.00028571428571428574,0.0,4613.0,3.0184566337077e-05,0.0005803588349415634
3.712181983467586,-0.0027450711447390714,5.861936053280994,0.00027142857142857144,0.0,4614.0,3.018456633752109e-05,0.0005803588349424516
3.7122121680339233,-0.0028211839013403575,5.862516412115935,0.00025714285714285715,0.0,4615.0,3.0184566337077e-05,0.0005803588349415634
3.7122423526002604,-0.002897296657941643,5.863096770950877,0.00024285714285714286,0.0,4616.0,3.0184566337077e-05,0.0005803588349415634
3.7122725371665974,-0.002973409414542929,5.863677129785819,0.00022857142857142857,0.0,4617.0,3.0184566337077e-05,0.0005803588349415634
3.712302721732935,-0.0030495221711442145,5.864257488620761,0.00021428571428571427,0.0,4618.0,3.018456633752109e-05,0.0005803588349424516
3.712332906299272,-0.0031256349277455,5.864837847455703,0.0002,0.0,4619.0,3.0184566337077e-05,0.0005803588349415634
3.712336445573993,-0.002914344056857973,5.866231835296909,0.0002,0.0,4620.0,3.5392747208540243e-06,0.0013939878412063678
3.712339984848714,-0.0027030531859704456,5.867625823138115,0.0002,0.0,4621.0,3.5392747212981135e-06,0.0013939878412063678
3.712343524123435,-0.0024917623150829183,5.869019810979322,0.0002,0.0,4622.0,3.5392747208540243e-06,0.0013939878412063678
3.712347063398156,-0.002280471444195391,5.870413798820528,0.0002,0.0,4623.0,3.5392747208540243e-06,0.0013939878412063678
3.712350602672877,-0.0020691805733078637,5.871807786661734,0.0002,0.0,4624.0,3.5392747212981135e-06,0.0013939878412063678
3.712354141947598,-0.0018578897024203362,5.873201774502941,0.0002,0.0,4625.0,3.5392747208540243e-06,0.0013939878412063678
3.712357681222319,-0.001646598831532809,5.874595762344147,0.0002,0.0,4626.0,3.5392747208540243e-06,0.0013939878412063678
3.71236122049704,-0.0014353079606452817,5.875989750185353,0.0002,0.0,4627.0,3.5392747212981135e-06,0.0013939878412054796
3.712364759771761,-0.0012240170897577544,5.877383738026559,0.0002,0.0,4628.0,3.5392747208540243e-06,0.0013939878412063678
3.712368299046482,-0.001012726218870227,5.878777725867765,0.0002,0.0,4629.0,3.5392747208540243e-06,0.0013939878412063678
3.712371838321203,-0.0008014353479826997,5.880171713708972,0.0002,0.0,4630.0,3.5392747212981135e-06,0.0013939878412063678
3.712375377595924,-0.0005901444770951724,5.881565701550178,0.0002,0.0,4631.0,3.5392747208540243e-06,0.0013939878412063678
3.712378916870645,-0.00037885360620764513,5.8829596893913845,0.0002,0.0,4632.0,3.5392747208540243e-06,0.0013939878412063678
3.712382456145366,-0.0001675627353201178,5.884353677232591,0.0002,0.0,4633.0,3.5392747212981135e-06,0.0013939878412063678
3.712385995420087,4.372813556740961e-05,5.885747665073797,0.0002,0.0,4634.0,3.5392747208540243e-06,0.0013939878412063678
3.7124057037888556,5.1060970591623216e-05,5.887473796667166,0.0002,0.0,4635.0,1.9708368768522888e-05,0.0017261315933687627
3.7124254121576237,5.839380561583681e-05,5.889199928260535,0.0002,0.0,4636.0,1.97083687680788e-05,0.0017261315933687627
3.712445120526392,6.572664064005041e-05,5.890926059853903,0.0002,0.0,4637.0,1.9708368768522888e-05,0.0017261315933678745
3.7124648288951607,7.305947566426402e-05,5.892652191447271,0.0002,0.0,4638.0,1.9708368768522888e-05,0.0017261315933687627
3.712484537263929,8.039231068847762e-05,5.89437832304064,0.0002,0.0,4639.0,1.97083687680788e-05,0.0017261315933687627
3.7125042456326973,8.772514571269121e-05,5.896104454634009,0.0002,0.0,4640.0,1.9708368768522888e-05,0.0017261315933687627
3.712523954001466,9.505798073690482e-05,5.897830586227377,0.0002,0.0,4641.0,1.9708368768522888e-05,0.0017261315933678745
3.712543662370234,0.00010239081576111842,5.8995567178207455,0.0002,0.0,4642.0,1.97083687680788e-05,0.0017261315933687627
3.7125633707390024,0.00010972365078533202,5.901282849414114,0.0002,0.0,4643.0,1.9708368768522888e-05,0.0017261315933687627
3.7125830791077705,0.00011705648580954563,5.903008981007483,0.0002,0.0,4644.0,1.97083687680788e-05,0.0017261315933687627
3.712602787476539,0.00012438932083375922,5.904735112600852,0.0002,0.0,4645.0,1.9708368768522888e-05,0.0017261315933687627
3.7126224958453076,0.00013172215585797282,5.90646124419422,0.0002,0.0,4646.0,1.9708368768522888e-05,0.0017261315933678745
3.7126422042140756,0.00013905499088218642,5.9081873757875885,0.0002,0.0,4647.0,1.97083687680788e-05,0.0017261315933687627
3.712661912582844,0.0001463878259064,5.909913507380957,0.0002,0.0,4648.0,1.9708368768522888e-05,0.0017261315933687627
3.7126716116887173,8.213472533367144e-05,5.911414118875046,0.0002,0.0,4649.0,9.69910587311773e-06,0.001500611494089199
3.712681310794591,1.7881624760942877e-05,5.912914730369136,0.0002,0.0,4650.0,9.69910587356182e-06,0.001500611494089199
3.712691009900464,-4.637147581178569e-05,5.914415341863225,0.0002,0.0,4651.0,9.69910587311773e-06,0.001500611494089199
3.7127007090063375,-0.00011062457638451426,5.915915953357314,0.0002,0.0,4652.0,9.69910587356182e-06,0.001500611494089199
3.7127104081122106,-0.00017487767695724283,5.917416564851403,0.0002,0.0,4653.0,9.69910587311773e-06,0.001500611494089199
3.712720107218084,-0.0002391307775299714,5.918917176345492,0.0002,0.0,4654.0,9.69910587356182e-06,0.001500611494089199
3.7127298063239573,-0.0003033838781027,5.920417787839581,0.0002,0.0,4655.0,9.69910587311773e-06,0.0015006114940883108
3.7127395054298304,-0.00036763697867542853,5.92191839933367,0.0002,0.0,4656.0,9.69910587311773e-06,0.001500611494089199
3.712749204535704,-0.00043189007924815707,5.923419010827759,0.0002,0.0,4657.0,9.69910587356182e-06,0.001500611494089199
3.712758903641577,-0.0004961431798208857,5.924919622321848,0.0002,0.0,4658.0,9.69910587311773e-06,0.001500611494089199
3.7127686027474507,-0.0005603962803936143,5.9264202338159375,0.0002,0.0,4659.0,9.69910587356182e-06,0.001500611494089199
3.712778301853324,-0.0006246493809663428,5.927920845310027,0.0002,0.0,4660.0,9.69910587311773e-06,0.001500611494089199
3.7127880009591974,-0.0006889024815390713,5.929421456804116,0.0002,0.0,4661.0,9.69910587356182e-06,0.001500611494089199
3.7127977000650705,-0.0007531555821118,5.930922068298205,0.0002,0.0,4662.0,9.69910587311773e-06,0.001500611494089199
3.7128070410911103,-0.0007828263642798785,5.931539021958711,0.0002,0.0,4663.0,9.341026039777489e-06,0.0006169536605060699
3.7128163821171505,-0.0008124971464479571,5.932155975619216,0.0002,0.0,4664.0,9.341026040221578e-06,0.0006169536605051817
3.7128257231431903,-0.0008421679286160357,5.9327729292797216,0.0002,0.0,4665.0,9.341026039777489e-06,0.0006169536605051817
3.71283506416923,-0.0008718387107841143,5.933389882940228,0.0002,0.0,4666.0,9.341026039777489e-06,0.0006169536605060699
3.7128444051952703,-0.0009015094929521928,5.934006836600734,0.0002,0.0,4667.0,9.341026040221578e-06,0.0006169536605060699
3.71285374622131,-0.0009311802751202714,5.934623790261239,0.0002,0.0,4668.0,9.341026039777489e-06,0.0006169536605051817
3.7128630872473503,-0.00096085105728835,5.935240743921744,0.0002,0.0,4669.0,9.341026040221578e-06,0.0006169536605051817
3.71287242827339,-0.0009905218394564285,5.93585769758225,0.0002,0.0,4670.0,9.341026039777489e-06,0.0006169536605060699
3.71288176929943,-0.0010201926216245071,5.936474651242756,0.0002,0.0,4671.0,9.341026039777489e-06,0.0006169536605060699
3.71289111032547,-0.0010498634037925858,5.937091604903261,0.0002,0.0,4672.0,9.341026040221578e-06,0.0006169536605051817
3.71290045135151,-0.0010795341859606642,5.937708558563767,0.0002,0.0,4673.0,9.341026039777489e-06,0.0006169536605051817
3.7129097923775496,-0.0011092049681287429,5.938325512224273,0.0002,0.0,4674.0,9.341026039777489e-06,0.0006169536605060699
3.71291913340359,-0.0011388757502968213,5.938942465884779,0.0002,0.0,4675.0,9.341026040221578e-06,0.0006169536605060699
3.7129284744296296,-0.0011685465324649,5.939559419545284,0.0002,0.0,4676.0,9.341026039777489e-06,0.0006169536605051817
3.7129657868890558,-0.0011879446289351642,5.940941453113371,0.0002,0.0,4677.0,3.731245942617534e-05,0.0013820335680874152
3.7130030993484815,-0.0012073427254054286,5.942323486681459,0.0002,0.0,4678.0,3.731245942573125e-05,0.0013820335680874152
3.7130404118079072,-0.001226740821875693,5.943705520249546,0.0002,0.0,4679.0,3.731245942573125e-05,0.0013820335680874152
3.7130777242673334,-0.0012461389183459572,5.9450875538176335,0.0002,0.0,4680.0,3.731245942617534e-05,0.0013820335680874152
3.7131150367267596,-0.0012655370148162213,5.946469587385721,0.0002,0.0,4681.0,3.731245942617534e-05,0.0013820335680874152
3.7131523491861853,-0.0012849351112864857,5.947851620953808,0.0002,0.0,4682.0,3.731245942573125e-05,0.0013820335680874152
3.713189661645611,-0.0013043332077567501,5.949233654521896,0.0002,0.0,4683.0,3.731245942573125e-05,0.0013820335680874152
3.713226974105037,-0.0013237313042270143,5.950615688089983,0.0002,0.0,4684.0,3.731245942617534e-05,0.0013820335680874152
3.7132642865644634,-0.0013431294006972785,5.951997721658071,0.0002,0.0,4685.0,3.731245942617534e-05,0.0013820335680874152
3.713301599023889,-0.001362527497167543,5.953379755226158,0.0002,0.0,4686.0,3.731245942573125e-05,0.0013820335680874152
3.713338911483315,-0.0013819255936378073,5.9547617887942454,0.0002,0.0,4687.0,3.731245942573125e-05,0.0013820335680874152
3.713376223942741,-0.0014013236901080715,5.956143822362333,0.0002,0.0,4688.0,3.731245942617534e-05,0.0013820335680874152
3.713413536402167,-0.0014207217865783357,5.95752585593042,0.0002,0.0,4689.0,3.731245942617534e-05,0.0013820335680874152
3.713450848861593,-0.0014401198830486,5.958907889498508,0.0002,0.0,4690.0,3.731245942573125e-05,0.0013820335680874152
3.713445312175543,-0.0015129422623693734,5.95957808232344,0.00021333333333333333,0.0,4691.0,-5.536686050078288e-06,0.0006701928249324141
3.7134397754894923,-0.0015857646416901467,5.9602482751483725,0.00022666666666666668,0.0,4692.0,-5.536686050522377e-06,0.0006701928249324141
3.7134342388034423,-0.00165858702101092,5.960918467973304,0.00024,0.0,4693.0,-5.536686050078288e-06,0.0006701928249315259
3.7134287021173917,-0.0017314094003316933,5.9615886607982365,0.00025333333333333333,0.0,4694.0,-5.536686050522377e-06,0.0006701928249324141
3.7134231654313417,-0.0018042317796524668,5.962258853623169,0.0002666666666666667,0.0,4695.0,-5.536686050078288e-06,0.0006701928249324141
3.7134176287452916,-0.0018770541589732401,5.962929046448101,0.00028000000000000003,0.0,4696.0,-5.536686050078288e-06,0.0006701928249324141
3.713412092059241,-0.0019498765382940134,5.963599239273034,0.0002933333333333333,0.0,4697.0,-5.536686050522377e-06,0.0006701928249324141
3.713406555373191,-0.002022698917614787,5.964269432097965,0.0003066666666666667,0.0,4698.0,-5.536686050078288e-06,0.0006701928249315259
3.7134010186871405,-0.0020955212969355603,5.964939624922898,0.00032,0.0,4699.0,-5.536686050522377e-06,0.0006701928249324141
3.7133954820010904,-0.0021683436762563336,5.96560981774783,0.0003333333333333333,0.0,4700.0,-5.536686050078288e-06,0.0006701928249324141
3.7133899453150403,-0.002241166055577107,5.9662800105727625,0.00034666666666666667,0.0,4701.0,-5.536686050078288e-06,0.0006701928249324141
3.7133844086289898,-0.00231398843489788,5.966950203397695,0.00036,0.0,4702.0,-5.536686050522377e-06,0.0006701928249324141
3.7133788719429397,-0.0023868108142186535,5.967620396222626,0.0003733333333333333,0.0,4703.0,-5.536686050078288e-06,0.0006701928249315259
3.713373335256889,-0.002459633193539427,5.968290589047559,0.00038666666666666667,0.0,4704.0,-5.536686050522377e-06,0.0006701928249324141
3.713367798570839,-0.0025324555728602,5.968960781872491,0.0004,0.0,4705.0,-5.536686050078288e-06,0.0006701928249324141
3.713372323797676,-0.0024614819750565717,5.970719715114611,0.0003857142857142857,0.0,4706.0,4.525226836804563e-06,0.0017589332421197312
3.7133768490245127,-0.002390508377252943,5.972478648356732,0.00037142857142857143,0.0,4707.0,4.525226836804563e-06,0.0017589332421206194
3.7133813742513495,-0.0023195347794493144,5.974237581598851,0.00035714285714285714,0.0,4708.0,4.525226836804563e-06,0.0017589332421197312
3.7133858994781868,-0.002248561181645686,5.975996514840971,0.00034285714285714285,0.0,4709.0,4.525226837248653e-06,0.0017589332421197312
3.7133904247050236,-0.002177587583842057,5.977755448083092,0.00032857142857142856,0.0,4710.0,4.525226836804563e-06,0.0017589332421206194
3.7133949499318604,-0.0021066139860384287,5.979514381325211,0.0003142857142857143,0.0,4711.0,4.525226836804563e-06,0.0017589332421197312
3.713399475158697,-0.0020356403882348002,5.981273314567332,0.00030000000000000003,0.0,4712.0,4.525226836804563e-06,0.0017589332421206194
3.713404000385534,-0.0019646667904311714,5.983032247809452,0.00028571428571428574,0.0,4713.0,4.525226836804563e-06,0.0017589332421197312
3.713408525612371,-0.001893693192627543,5.9847911810515715,0.00027142857142857144,0.0,4714.0,4.525226836804563e-06,0.0017589332421197312
3.7134130508392076,-0.0018227195948239143,5.986550114293692,0.00025714285714285715,0.0,4715.0,4.525226836804563e-06,0.0017589332421206194
3.713417576066045,-0.0017517459970202856,5.988309047535812,0.00024285714285714286,0.0,4716.0,4.525226837248653e-06,0.0017589332421197312
3.7134221012928816,-0.0016807723992166572,5.990067980777932,0.00022857142857142857,0.0,4717.0,4.525226836804563e-06,0.0017589332421197312
3.7134266265197184,-0.0016097988014130286,5.991826914020052,0.00021428571428571427,0.0,4718.0,4.525226836804563e-06,0.0017589332421206194
3.7134311517465552,-0.0015388252036094,5.993585847262172,0.0002,0.0,4719.0,4.525226836804563e-06,0.0017589332421197312
3.713437512201065,-0.0015271834953869213,5.993802073166789,0.0002,0.0,4720.0,6.360454509746205e-06,0.0002162259046167847
3.7134438726555747,-0.0015155417871644428,5.9940182990714055,0.0002,0.0,4721.0,6.360454509746205e-06,0.0002162259046167847
3.713450233110085,-0.0015039000789419641,5.994234524976021,0.0002,0.0,4722.0,6.360454510190294e-06,0.00021622590461589652
3.7134565935645947,-0.0014922583707194857,5.994450750880638,0.0002,0.0,4723.0,6.360454509746205e-06,0.0002162259046167847
3.7134629540191044,-0.001480616662497007,5.994666976785255,0.0002,0.0,4724.0,6.360454509746205e-06,0.0002162259046167847
3.713469314473614,-0.0014689749542745286,5.994883202689872,0.0002,0.0,4725.0,6.360454509746205e-06,0.0002162259046167847
3.713475674928124,-0.00145733324605205,5.995099428594488,0.0002,0.0,4726.0,6.360454509746205e-06,0.00021622590461589652
3.713482035382634,-0.0014456915378295713,5.995315654499104,0.0002,0.0,4727.0,6.360454510190294e-06,0.0002162259046167847
3.713488395837144,-0.0014340498296070928,5.995531880403721,0.0002,0.0,4728.0,6.360454509746205e-06,0.0002162259046167847
3.7134947562916536,-0.0014224081213846142,5.995748106308338,0.0002,0.0,4729.0,6.360454509746205e-06,0.0002162259046167847
3.7135011167461633,-0.0014107664131621357,5.995964332212955,0.0002,0.0,4730.0,6.360454509746205e-06,0.0002162259046167847
3.7135074772006735,-0.001399124704939657,5.996180558117571,0.0002,0.0,4731.0,6.360454510190294e-06,0.00021622590461589652
3.7135138376551833,-0.0013874829967171786,5.9963967840221875,0.0002,0.0,4732.0,6.360454509746205e-06,0.0002162259046167847
3.713520198109693,-0.0013758412884947,5.996613009926804,0.0002,0.0,4733.0,6.360454509746205e-06,0.0002162259046167847
3.713535235424715,-0.0014450884046648467,5.99848144022836,0.00021333333333333333,0.0,4734.0,1.5037315022059516e-05,0.0018684303015561454
3.7135502727397376,-0.0015143355208349933,6.000349870529916,0.00022666666666666668,0.0,4735.0,1.5037315022503606e-05,0.0018684303015552572
3.7135653100547596,-0.00158358263700514,6.002218300831472,0.00024,0.0,4736.0,1.5037315022059516e-05,0.0018684303015561454
3.713580347369782,-0.0016528297531752867,6.004086731133027,0.00025333333333333333,0.0,4737.0,1.5037315022503606e-05,0.0018684303015552572
3.713595384684804,-0.0017220768693454334,6.005955161434583,0.0002666666666666667,0.0,4738.0,1.5037315022059516e-05,0.0018684303015561454
3.7136104219998267,-0.00179132398551558,6.0078235917361384,0.00028000000000000003,0.0,4739.0,1.5037315022503606e-05,0.0018684303015552572
3.7136254593148488,-0.0018605711016857268,6.009692022037695,0.0002933333333333333,0.0,4740.0,1.5037315022059516e-05,0.0018684303015561454
3.7136404966298713,-0.0019298182178558733,6.01156045233925,0.0003066666666666667,0.0,4741.0,1.5037315022503606e-05,0.0018684303015552572
3.7136555339448933,-0.0019990653340260203,6.013428882640806,0.00032,0.0,4742.0,1.5037315022059516e-05,0.0018684303015561454
3.713670571259916,-0.002068312450196167,6.015297312942361,0.0003333333333333333,0.0,4743.0,1.5037315022503606e-05,0.0018684303015552572
3.713685608574938,-0.0021375595663663135,6.017165743243917,0.00034666666666666667,0.0,4744.0,1.5037315022059516e-05,0.0018684303015561454
3.7137006458899604,-0.00220680668253646,6.019034173545473,0.00036,0.0,4745.0,1.5037315022503606e-05,0.0018684303015552572
3.7137156832049825,-0.002276053798706607,6.020902603847029,0.0003733333333333333,0.0,4746.0,1.5037315022059516e-05,0.0018684303015561454
3.713730720520005,-0.0023453009148767536,6.022771034148584,0.00038666666666666667,0.0,4747.0,1.5037315022503606e-05,0.0018684303015552572
3.713745757835027,-0.0024145480310469,6.02463946445014,0.0004,0.0,4748.0,1.5037315022059516e-05,0.0018684303015561454
3.713748067167064,-0.0022817486108290858,6.026831756576387,0.0003857142857142857,0.0,4749.0,2.3093320371536663e-06,0.00219229212624672
3.7137503764991013,-0.0021489491906112714,6.0290240487026345,0.00037142857142857143,0.0,4750.0,2.3093320371536663e-06,0.002192292126247608
3.7137526858311385,-0.0020161497703934574,6.031216340828882,0.00035714285714285714,0.0,4751.0,2.3093320371536663e-06,0.002192292126247608
3.713754995163175,-0.001883350350175643,6.033408632955129,0.00034285714285714285,0.0,4752.0,2.309332036709577e-06,0.00219229212624672
3.7137573044952124,-0.0017505509299578286,6.035600925081376,0.00032857142857142856,0.0,4753.0,2.3093320371536663e-06,0.00219229212624672
3.7137596138272495,-0.0016177515097400143,6.037793217207623,0.0003142857142857143,0.0,4754.0,2.3093320371536663e-06,0.002192292126247608
3.7137619231592867,-0.0014849520895222,6.039985509333871,0.00030000000000000003,0.0,4755.0,2.3093320371536663e-06,0.002192292126247608
3.713764232491324,-0.0013521526693043857,6.0421778014601175,0.00028571428571428574,0.0,4756.0,2.3093320371536663e-06,0.00219229212624672
3.713766541823361,-0.0012193532490865713,6.044370093586364,0.00027142857142857144,0.0,4757.0,2.3093320371536663e-06,0.00219229212624672
3.713768851155398,-0.0010865538288687571,6.046562385712612,0.00025714285714285715,0.0,4758.0,2.3093320371536663e-06,0.002192292126247608
3.713771160487435,-0.0009537544086509427,6.0487546778388595,0.00024285714285714286,0.0,4759.0,2.309332036709577e-06,0.002192292126247608
3.713773469819472,-0.0008209549884331285,6.050946969965106,0.00022857142857142857,0.0,4760.0,2.3093320371536663e-06,0.00219229212624672
3.713775779151509,-0.0006881555682153142,6.053139262091353,0.00021428571428571427,0.0,4761.0,2.3093320371536663e-06,0.00219229212624672
3.7137780884835463,-0.0005553561479975,6.0553315542176005,0.0002,0.0,4762.0,2.3093320371536663e-06,0.002192292126247608
3.7137923472669665,-0.0005599809519355072,6.055598445795266,0.0002,0.0,4763.0,1.4258783420206811e-05,0.0002668915776657954
3.7138066060503867,-0.0005646057558735143,6.055865337372933,0.0002,0.0,4764.0,1.4258783420206811e-05,0.0002668915776666836
3.7138208648338065,-0.0005692305598115215,6.056132228950599,0.0002,0.0,4765.0,1.4258783419762722e-05,0.0002668915776657954
3.7138351236172267,-0.0005738553637495286,6.056399120528265,0.0002,0.0,4766.0,1.4258783420206811e-05,0.0002668915776657954
3.713849382400647,-0.0005784801676875358,6.056666012105931,0.0002,0.0,4767.0,1.4258783420206811e-05,0.0002668915776666836
3.713863641184067,-0.0005831049716255429,6.056932903683597,0.0002,0.0,4768.0,1.4258783420206811e-05,0.0002668915776657954
3.713877899967487,-0.0005877297755635501,6.057199795261263,0.0002,0.0,4769.0,1.4258783419762722e-05,0.0002668915776657954
3.713892158750907,-0.0005923545795015571,6.0574666868389295,0.0002,0.0,4770.0,1.4258783420206811e-05,0.0002668915776666836
3.7139064175343273,-0.0005969793834395643,6.057733578416595,0.0002,0.0,4771.0,1.4258783420206811e-05,0.0002668915776657954
3.7139206763177475,-0.0006016041873775714,6.058000469994262,0.0002,0.0,4772.0,1.4258783420206811e-05,0.0002668915776666836
3.7139349351011677,-0.0006062289913155786,6.058267361571928,0.0002,0.0,4773.0,1.4258783420206811e-05,0.0002668915776657954
3.7139491938845874,-0.0006108537952535857,6.058534253149594,0.0002,0.0,4774.0,1.4258783419762722e-05,0.0002668915776657954
3.7139634526680076,-0.0006154785991915929,6.05880114472726,0.0002,0.0,4775.0,1.4258783420206811e-05,0.0002668915776666836
3.713977711451428,-0.0006201034031296,6.059068036304926,0.0002,0.0,4776.0,1.4258783420206811e-05,0.0002668915776657954
3.7139851210575534,-0.0006097214370401267,6.0598356293914195,0.00021333333333333333,0.0,4777.0,7.409606125552415e-06,0.0007675930864934344
3.713992530663679,-0.0005993394709506533,6.060603222477913,0.00022666666666666668,0.0,4778.0,7.409606125552415e-06,0.0007675930864934344
3.7139999402698045,-0.00058895750486118,6.061370815564406,0.00024,0.0,4779.0,7.409606125552415e-06,0.0007675930864934344
3.7140073498759296,-0.0005785755387717067,6.0621384086509,0.00025333333333333333,0.0,4780.0,7.409606125108326e-06,0.0007675930864934344
3.714014759482055,-0.0005681935726822334,6.062906001737393,0.0002666666666666667,0.0,4781.0,7.409606125552415e-06,0.0007675930864934344
3.7140221690881807,-0.00055781160659276,6.063673594823887,0.00028000000000000003,0.0,4782.0,7.409606125552415e-06,0.0007675930864934344
3.7140295786943063,-0.0005474296405032867,6.06444118791038,0.0002933333333333333,0.0,4783.0,7.409606125552415e-06,0.0007675930864934344
3.714036988300432,-0.0005370476744138133,6.065208780996874,0.0003066666666666667,0.0,4784.0,7.409606125552415e-06,0.0007675930864943226
3.7140443979065574,-0.00052666570832434,6.065976374083368,0.00032,0.0,4785.0,7.409606125552415e-06,0.0007675930864934344
3.714051807512683,-0.0005162837422348666,6.066743967169861,0.0003333333333333333,0.0,4786.0,7.409606125552415e-06,0.0007675930864934344
3.7140592171188085,-0.0005059017761453934,6.067511560256355,0.00034666666666666667,0.0,4787.0,7.409606125552415e-06,0.0007675930864934344
3.7140666267249336,-0.0004955198100559201,6.068279153342848,0.00036,0.0,4788.0,7.409606125108326e-06,0.0007675930864934344
3.714074036331059,-0.0004851378439664467,6.069046746429342,0.0003733333333333333,0.0,4789.0,7.409606125552415e-06,0.0007675930864934344
3.7140814459371847,-0.00047475587787697336,6.069814339515835,0.00038666666666666667,0.0,4790.0,7.409606125552415e-06,0.0007675930864934344
3.7140888555433103,-0.0004643739117875,6.0705819326023285,0.0004,0.0,4791.0,7.409606125552415e-06,0.0007675930864934344
3.7140985244334837,-0.00048802498150442145,6.072022247509618,0.0004,0.0,4792.0,9.66889017339767e-06,0.0014403149072892418
3.714108193323657,-0.0005116760512213429,6.073462562416906,0.0004,0.0,4793.0,9.66889017339767e-06,0.0014403149072883537
3.7141178622138304,-0.0005353271209382643,6.074902877324195,0.0004,0.0,4794.0,9.66889017339767e-06,0.0014403149072892418
3.714127531104004,-0.0005589781906551857,6.076343192231485,0.0004,0.0,4795.0,9.66889017339767e-06,0.0014403149072892418
3.7141371999941772,-0.0005826292603721071,6.077783507138773,0.0004,0.0,4796.0,9.66889017339767e-06,0.0014403149072883537
3.7141468688843506,-0.0006062803300890285,6.079223822046062,0.0004,0.0,4797.0,9.66889017339767e-06,0.0014403149072892418
3.714156537774524,-0.00062993139980595,6.0806641369533505,0.0004,0.0,4798.0,9.66889017339767e-06,0.0014403149072883537
3.7141662066646974,-0.0006535824695228714,6.08210445186064,0.0004,0.0,4799.0,9.66889017339767e-06,0.0014403149072892418
3.714175875554871,-0.0006772335392397929,6.083544766767929,0.0004,0.0,4800.0,9.66889017339767e-06,0.0014403149072892418
3.7141855444450442,-0.0007008846089567142,6.084985081675217,0.0004,0.0,4801.0,9.66889017339767e-06,0.0014403149072883537
3.7141952133352176,-0.0007245356786736356,6.086425396582507,0.0004,0.0,4802.0,9.66889017339767e-06,0.0014403149072892418
3.714204882225391,-0.0007481867483905571,6.087865711489796,0.0004,0.0,4803.0,9.66889017339767e-06,0.0014403149072892418
3.7142145511155644,-0.0007718378181074785,6.089306026397084,0.0004,0.0,4804.0,9.66889017339767e-06,0.0014403149072883537
3.714224220005738,-0.0007954888878244,6.090746341304373,0.0004,0.0,4805.0,9.66889017339767e-06,0.0014403149072892418
3.7142374386388357,-0.0008351458757862213,6.09204391837098,0.0003857142857142857,0.0,4806.0,1.3218633097888954e-05,0.0012975770666061592
3.7142506572719336,-0.0008748028637480429,6.093341495437585,0.00037142857142857143,0.0,4807.0,1.3218633097888954e-05,0.001297577066605271
3.7142638759050315,-0.0009144598517098643,6.094639072504191,0.00035714285714285714,0.0,4808.0,1.3218633097888954e-05,0.0012975770666061592
3.7142770945381294,-0.0009541168396716857,6.095936649570796,0.00034285714285714285,0.0,4809.0,1.3218633097888954e-05,0.001297577066605271
3.7142903131712273,-0.0009937738276335072,6.097234226637402,0.00032857142857142856,0.0,4810.0,1.3218633097888954e-05,0.0012975770666061592
3.714303531804325,-0.0010334308155953286,6.098531803704008,0.0003142857142857143,0.0,4811.0,1.3218633097888954e-05,0.001297577066605271
3.7143167504374226,-0.00107308780355715,6.099829380770614,0.00030000000000000003,0.0,4812.0,1.3218633097444865e-05,0.0012975770666061592
3.7143299690705205,-0.0011127447915189714,6.10112695783722,0.00028571428571428574,0.0,4813.0,1.3218633097888954e-05,0.0012975770666061592
3.7143431877036184,-0.0011524017794807928,6.102424534903825,0.00027142857142857144,0.0,4814.0,1.3218633097888954e-05,0.001297577066605271
3.7143564063367163,-0.0011920587674426144,6.1037221119704315,0.00025714285714285715,0.0,4815.0,1.3218633097888954e-05,0.0012975770666061592
3.714369624969814,-0.0012317157554044358,6.105019689037037,0.00024285714285714286,0.0,4816.0,1.3218633097888954e-05,0.001297577066605271
3.714382843602912,-0.0012713727433662572,6.106317266103643,0.00022857142857142857,0.0,4817.0,1.3218633097888954e-05,0.0012975770666061592
3.71439606223601,-0.0013110297313280786,6.107614843170248,0.00021428571428571427,0.0,4818.0,1.3218633097888954e-05,0.001297577066605271
3.714409280869108,-0.0013506867192899,6.108912420236854,0.0002,0.0,4819.0,1.3218633097888954e-05,0.0012975770666061592
3.7144311433420603,-0.0014087290485912428,6.110168595395365,0.0002,0.0,4820.0,2.1862472952438594e-05,0.0012561751585105085
3.714453005815013,-0.0014667713778925857,6.1114247705538745,0.0002,0.0,4821.0,2.1862472952882683e-05,0.0012561751585096204
3.7144748682879656,-0.0015248137071939285,6.112680945712384,0.0002,0.0,4822.0,2.1862472952438594e-05,0.0012561751585096204
3.714496730760918,-0.0015828560364952715,6.113937120870895,0.0002,0.0,4823.0,2.1862472952438594e-05,0.0012561751585105085
3.714518593233871,-0.0016408983657966144,6.115193296029405,0.0002,0.0,4824.0,2.1862472952882683e-05,0.0012561751585105085
3.7145404557068233,-0.0016989406950979572,6.116449471187915,0.0002,0.0,4825.0,2.1862472952438594e-05,0.0012561751585096204
3.714562318179776,-0.0017569830243993,6.117705646346424,0.0002,0.0,4826.0,2.1862472952438594e-05,0.0012561751585096204
3.7145841806527287,-0.0018150253537006428,6.118961821504935,0.0002,0.0,4827.0,2.1862472952882683e-05,0.0012561751585105085
3.714606043125681,-0.0018730676830019857,6.120217996663445,0.0002,0.0,4828.0,2.1862472952438594e-05,0.0012561751585105085
3.714627905598634,-0.0019311100123033287,6.121474171821955,0.0002,0.0,4829.0,2.1862472952882683e-05,0.0012561751585096204
3.7146497680715864,-0.0019891523416046713,6.122730346980465,0.0002,0.0,4830.0,2.1862472952438594e-05,0.0012561751585096204
3.714671630544539,-0.0020471946709060143,6.123986522138975,0.0002,0.0,4831.0,2.1862472952438594e-05,0.0012561751585105085
3.7146934930174917,-0.0021052370002073574,6.125242697297486,0.0002,0.0,4832.0,2.1862472952882683e-05,0.0012561751585105085
3.714715355490444,-0.0021632793295087,6.126498872455995,0.0002,0.0,4833.0,2.1862472952438594e-05,0.0012561751585096204
3.7147140866861466,-0.00229640942578574,6.1280814782338995,0.0002,0.0,4834.0,-1.268804297627213e-06,0.0015826057779042557
3.714712817881849,-0.00242953952206278,6.129664084011805,0.0002,0.0,4835.0,-1.268804297627213e-06,0.001582605777905144
3.7147115490775513,-0.00256266961833982,6.131246689789709,0.0002,0.0,4836.0,-1.268804297627213e-06,0.0015826057779042557
3.7147102802732532,-0.00269579971461686,6.132829295567614,0.0002,0.0,4837.0,-1.2688042980713021e-06,0.001582605777905144
3.7147090114689556,-0.0028289298108939,6.134411901345518,0.0002,0.0,4838.0,-1.268804297627213e-06,0.0015826057779042557
3.714707742664658,-0.0029620599071709403,6.135994507123423,0.0002,0.0,4839.0,-1.268804297627213e-06,0.001582605777905144
3.7147064738603603,-0.00309519000344798,6.137577112901328,0.0002,0.0,4840.0,-1.268804297627213e-06,0.0015826057779042557
3.7147052050560627,-0.00322832009972502,6.139159718679233,0.0002,0.0,4841.0,-1.268804297627213e-06,0.001582605777905144
3.714703936251765,-0.0033614501960020603,6.140742324457137,0.0002,0.0,4842.0,-1.268804297627213e-06,0.0015826057779042557
3.7147026674474675,-0.0034945802922791,6.142324930235042,0.0002,0.0,4843.0,-1.268804297627213e-06,0.001582605777905144
3.71470139864317,-0.00362771038855614,6.1439075360129465,0.0002,0.0,4844.0,-1.268804297627213e-06,0.0015826057779042557
3.7147001298388718,-0.00376084048483318,6.145490141790852,0.0002,0.0,4845.0,-1.2688042980713021e-06,0.001582605777905144
3.714698861034574,-0.0038939705811102203,6.147072747568756,0.0002,0.0,4846.0,-1.268804297627213e-06,0.0015826057779042557
3.7146975922302765,-0.0040271006773872605,6.148655353346661,0.0002,0.0,4847.0,-1.268804297627213e-06,0.001582605777905144
3.714696323425979,-0.0041602307736643,6.150237959124565,0.0002,0.0,4848.0,-1.268804297627213e-06,0.0015826057779042557
3.714697330965886,-0.004239822811423636,6.150731236012775,0.0002142857142857143,0.0,4849.0,1.007539907060817e-06,0.0004932768882097704
3.7146983385057926,-0.004319414849182972,6.151224512900985,0.0002285714285714286,0.0,4850.0,1.0075399066167279e-06,0.0004932768882097704
3.7146993460456996,-0.004399006886942307,6.1517177897891955,0.00024285714285714286,0.0,4851.0,1.007539907060817e-06,0.0004932768882106586
3.7147003535856067,-0.004478598924701643,6.152211066677405,0.00025714285714285715,0.0,4852.0,1.007539907060817e-06,0.0004932768882097704
3.7147013611255137,-0.004558190962460978,6.152704343565615,0.00027142857142857144,0.0,4853.0,1.007539907060817e-06,0.0004932768882097704
3.7147023686654204,-0.004637783000220315,6.153197620453825,0.00028571428571428574,0.0,4854.0,1.0075399066167279e-06,0.0004932768882097704
3.7147033762053274,-0.00471737503797965,6.153690897342035,0.00030000000000000003,0.0,4855.0,1.007539907060817e-06,0.0004932768882097704
3.7147043837452345,-0.0047969670757389855,6.154184174230245,0.0003142857142857143,0.0,4856.0,1.007539907060817e-06,0.0004932768882106586
3.714705391285141,-0.004876559113498322,6.154677451118455,0.0003285714285714286,0.0,4857.0,1.0075399066167279e-06,0.0004932768882097704
3.714706398825048,-0.004956151151257657,6.155170728006665,0.0003428571428571429,0.0,4858.0,1.007539907060817e-06,0.0004932768882097704
3.7147074063649552,-0.005035743189016993,6.1556640048948745,0.00035714285714285714,0.0,4859.0,1.007539907060817e-06,0.0004932768882097704
3.7147084139048623,-0.005115335226776328,6.156157281783085,0.00037142857142857143,0.0,4860.0,1.007539907060817e-06,0.0004932768882106586
3.714709421444769,-0.005194927264535664,6.156650558671295,0.0003857142857142857,0.0,4861.0,1.0075399066167279e-06,0.0004932768882097704
3.714710428984676,-0.005274519302295,6.157143835559505,0.0004,0.0,4862.0,1.007539907060817e-06,0.0004932768882097704
3.7147241427165323,-0.005015160371822379,6.158422478411324,0.0003857142857142857,0.0,4863.0,1.3713731856324074e-05,0.0012786428518190007
3.7147378564483886,-0.004755801441349757,6.159701121263142,0.00037142857142857143,0.0,4864.0,1.3713731856324074e-05,0.0012786428518181125
3.714751570180245,-0.0044964425108771355,6.160979764114961,0.00035714285714285714,0.0,4865.0,1.3713731856324074e-05,0.0012786428518190007
3.7147652839121013,-0.004237083580404514,6.162258406966779,0.00034285714285714285,0.0,4866.0,1.3713731856324074e-05,0.0012786428518181125
3.7147789976439576,-0.003977724649931892,6.163537049818598,0.00032857142857142856,0.0,4867.0,1.3713731856324074e-05,0.0012786428518190007
3.714792711375814,-0.003718365719459271,6.164815692670416,0.0003142857142857143,0.0,4868.0,1.3713731856324074e-05,0.0012786428518181125
3.71480642510767,-0.00345900678898665,6.166094335522235,0.00030000000000000003,0.0,4869.0,1.3713731855879985e-05,0.0012786428518190007
3.714820138839526,-0.0031996478585140284,6.167372978374054,0.00028571428571428574,0.0,4870.0,1.3713731856324074e-05,0.0012786428518190007
3.7148338525713824,-0.002940288928041407,6.168651621225872,0.00027142857142857144,0.0,4871.0,1.3713731856324074e-05,0.0012786428518181125
3.7148475663032388,-0.0026809299975687857,6.169930264077691,0.00025714285714285715,0.0,4872.0,1.3713731856324074e-05,0.0012786428518190007
3.714861280035095,-0.002421571067096164,6.171208906929509,0.00024285714285714286,0.0,4873.0,1.3713731856324074e-05,0.0012786428518181125
3.7148749937669514,-0.0021622121366235425,6.172487549781328,0.00022857142857142857,0.0,4874.0,1.3713731856324074e-05,0.0012786428518190007
3.7148887074988077,-0.0019028532061509213,6.173766192633146,0.00021428571428571427,0.0,4875.0,1.3713731856324074e-05,0.0012786428518181125
3.714902421230664,-0.0016434942756783,6.175044835484965,0.0002,0.0,4876.0,1.3713731856324074e-05,0.0012786428518190007
3.714906073199969,-0.0015325779239512933,6.177029835740852,0.0002,0.0,4877.0,3.6519693047409874e-06,0.0019850002558863267
3.7149097251692735,-0.0014216615722242865,6.179014835996738,0.0002,0.0,4878.0,3.6519693047409874e-06,0.0019850002558863267
3.714913377138578,-0.0013107452204972798,6.180999836252624,0.0002,0.0,4879.0,3.651969304296898e-06,0.0019850002558863267
3.7149170291078826,-0.0011998288687702732,6.18298483650851,0.0002,0.0,4880.0,3.6519693047409874e-06,0.0019850002558854385
3.7149206810771873,-0.0010889125170432663,6.184969836764396,0.0002,0.0,4881.0,3.6519693047409874e-06,0.0019850002558863267
3.714924333046492,-0.0009779961653162597,6.1869548370202825,0.0002,0.0,4882.0,3.6519693047409874e-06,0.0019850002558863267
3.714927985015797,-0.000867079813589253,6.188939837276169,0.0002,0.0,4883.0,3.6519693047409874e-06,0.0019850002558863267
3.714931636985101,-0.0007561634618622463,6.190924837532055,0.0002,0.0,4884.0,3.651969304296898e-06,0.0019850002558863267
3.714935288954406,-0.0006452471101352395,6.1929098377879415,0.0002,0.0,4885.0,3.6519693047409874e-06,0.0019850002558863267
3.7149389409237106,-0.0005343307584082329,6.194894838043828,0.0002,0.0,4886.0,3.6519693047409874e-06,0.0019850002558863267
3.7149425928930153,-0.0004234144066812261,6.196879838299714,0.0002,0.0,4887.0,3.6519693047409874e-06,0.0019850002558863267
3.71494624486232,-0.0003124980549542194,6.1988648385555996,0.0002,0.0,4888.0,3.6519693047409874e-06,0.0019850002558854385
3.7149498968316244,-0.00020158170322721273,6.200849838811486,0.0002,0.0,4889.0,3.651969304296898e-06,0.0019850002558863267
3.714953548800929,-9.0665351500206e-05,6.202834839067372,0.0002,0.0,4890.0,3.6519693047409874e-06,0.0019850002558863267
3.714957200770234,2.0251000226800695e-05,6.2048198393232585,0.0002,0.0,4891.0,3.6519693047409874e-06,0.0019850002558863267
3.714988172336128,-6.827343342937793e-05,6.2053584040425305,0.0002,0.0,4892.0,3.097156589415562e-05,0.0005385647192719389
3.7150191439020226,-0.00015679786708555656,6.205896968761803,0.0002,0.0,4893.0,3.0971565894599706e-05,0.0005385647192728271
3.7150501154679167,-0.0002453223007417352,6.206435533481075,0.0002,0.0,4894.0,3.097156589415562e-05,0.0005385647192719389
3.715081087033811,-0.00033384673439791385,6.206974098200347,0.0002,0.0,4895.0,3.097156589415562e-05,0.0005385647192719389
3.7151120585997055,-0.00042237116805409245,6.20751266291962,0.0002,0.0,4896.0,3.0971565894599706e-05,0.0005385647192728271
3.7151430301655997,-0.000510895601710271,6.208051227638892,0.0002,0.0,4897.0,3.097156589415562e-05,0.0005385647192719389
3.7151740017314943,-0.0005994200353664497,6.208589792358165,0.0002,0.0,4898.0,3.0971565894599706e-05,0.0005385647192728271
3.7152049732973884,-0.0006879444690226284,6.209128357077437,0.0002,0.0,4899.0,3.097156589415562e-05,0.0005385647192719389
3.7152359448632826,-0.0007764689026788069,6.209666921796709,0.0002,0.0,4900.0,3.097156589415562e-05,0.0005385647192719389
3.715266916429177,-0.0008649933363349856,6.2102054865159815,0.0002,0.0,4901.0,3.0971565894599706e-05,0.0005385647192728271
3.7152978879950713,-0.0009535177699911642,6.210744051235253,0.0002,0.0,4902.0,3.097156589415562e-05,0.0005385647192719389
3.7153288595609655,-0.0010420422036473429,6.211282615954525,0.0002,0.0,4903.0,3.097156589415562e-05,0.0005385647192719389
3.71535983112686,-0.0011305666373035215,6.211821180673798,0.0002,0.0,4904.0,3.0971565894599706e-05,0.0005385647192728271
3.7153908026927542,-0.0012190910709597,6.21235974539307,0.0002,0.0,4905.0,3.097156589415562e-05,0.0005385647192719389
3.715376491587114,-0.0011928722306869214,6.213315543226167,0.0002,0.0,4906.0,-1.4311105640096855e-05,0.0009557978330967387
3.7153621804814736,-0.0011666533904141428,6.214271341059263,0.0002,0.0,4907.0,-1.4311105640540944e-05,0.0009557978330958505
3.715347869375833,-0.0011404345501413642,6.2152271388923594,0.0002,0.0,4908.0,-1.4311105640540944e-05,0.0009557978330967387
3.715333558270193,-0.0011142157098685858,6.216182936725456,0.0002,0.0,4909.0,-1.4311105640096855e-05,0.0009557978330967387
3.715319247164553,-0.0010879968695958072,6.217138734558553,0.0002,0.0,4910.0,-1.4311105640096855e-05,0.0009557978330967387
3.7153049360589123,-0.0010617780293230286,6.218094532391649,0.0002,0.0,4911.0,-1.4311105640540944e-05,0.0009557978330958505
3.715290624953272,-0.00103555918905025,6.2190503302247455,0.0002,0.0,4912.0,-1.4311105640540944e-05,0.0009557978330967387
3.7152763138476317,-0.0010093403487774714,6.220006128057842,0.0002,0.0,4913.0,-1.4311105640096855e-05,0.0009557978330967387
3.7152620027419916,-0.0009831215085046928,6.220961925890938,0.0002,0.0,4914.0,-1.4311105640096855e-05,0.0009557978330958505
3.715247691636351,-0.0009569026682319143,6.221917723724035,0.0002,0.0,4915.0,-1.4311105640540944e-05,0.0009557978330967387
3.7152333805307105,-0.0009306838279591357,6.222873521557132,0.0002,0.0,4916.0,-1.4311105640540944e-05,0.0009557978330967387
3.7152190694250704,-0.0009044649876863571,6.223829319390228,0.0002,0.0,4917.0,-1.4311105640096855e-05,0.0009557978330967387
3.7152047583194303,-0.0008782461474135786,6.224785117223324,0.0002,0.0,4918.0,-1.4311105640096855e-05,0.0009557978330958505
3.7151904472137898,-0.0008520273071408,6.225740915056421,0.0002,0.0,4919.0,-1.4311105640540944e-05,0.0009557978330967387
3.7152026031084713,-0.0009264400897516428,6.227559519915246,0.0002142857142857143,0.0,4920.0,1.2155894681509238e-05,0.0018186048588253456
3.7152147590031532,-0.0010008528723624856,6.2293781247740725,0.0002285714285714286,0.0,4921.0,1.2155894681953328e-05,0.0018186048588262338
3.7152269148978347,-0.0010752656549733286,6.231196729632898,0.00024285714285714286,0.0,4922.0,1.2155894681509238e-05,0.0018186048588253456
3.7152390707925167,-0.0011496784375841715,6.233015334491723,0.00025714285714285715,0.0,4923.0,1.2155894681953328e-05,0.0018186048588253456
3.715251226687198,-0.0012240912201950142,6.234833939350549,0.00027142857142857144,0.0,4924.0,1.2155894681509238e-05,0.0018186048588262338
3.71526338258188,-0.0012985040028058571,6.236652544209375,0.00028571428571428574,0.0,4925.0,1.2155894681953328e-05,0.0018186048588253456
3.7152755384765617,-0.0013729167854166998,6.238471149068201,0.00030000000000000003,0.0,4926.0,1.2155894681509238e-05,0.0018186048588262338
3.715287694371243,-0.0014473295680275428,6.240289753927026,0.0003142857142857143,0.0,4927.0,1.2155894681509238e-05,0.0018186048588253456
3.715299850265925,-0.0015217423506383857,6.242108358785852,0.0003285714285714286,0.0,4928.0,1.2155894681953328e-05,0.0018186048588253456
3.7153120061606066,-0.0015961551332492284,6.243926963644678,0.0003428571428571429,0.0,4929.0,1.2155894681509238e-05,0.0018186048588262338
3.7153241620552886,-0.0016705679158600713,6.245745568503503,0.00035714285714285714,0.0,4930.0,1.2155894681953328e-05,0.0018186048588253456
3.71533631794997,-0.001744980698470914,6.247564173362329,0.00037142857142857143,0.0,4931.0,1.2155894681509238e-05,0.0018186048588253456
3.715348473844652,-0.001819393481081757,6.249382778221155,0.0003857142857142857,0.0,4932.0,1.2155894681953328e-05,0.0018186048588262338
3.7153606297393336,-0.0018938062636926,6.25120138307998,0.0004,0.0,4933.0,1.2155894681509238e-05,0.0018186048588253456
3.7153585912836866,-0.00163125958361286,6.252731807120579,0.0004,0.0,4934.0,-2.038455646946602e-06,0.0015304240405988878
3.71535655282804,-0.00136871290353312,6.254262231161178,0.0004,0.0,4935.0,-2.0384556465025128e-06,0.0015304240405988878
3.715354514372393,-0.00110616622345338,6.255792655201777,0.0004,0.0,4936.0,-2.038455646946602e-06,0.0015304240405988878
3.7153524759167467,-0.00084361954337364,6.257323079242376,0.0004,0.0,4937.0,-2.0384556465025128e-06,0.0015304240405988878
3.7153504374610997,-0.0005810728632939001,6.258853503282975,0.0004,0.0,4938.0,-2.038455646946602e-06,0.0015304240405988878
3.7153483990054528,-0.00031852618321416006,6.2603839273235735,0.0004,0.0,4939.0,-2.038455646946602e-06,0.0015304240405988878
3.7153463605498063,-5.5979503134420087e-05,6.261914351364172,0.0004,0.0,4940.0,-2.0384556465025128e-06,0.0015304240405988878
3.7153443220941593,0.0002065671769453199,6.263444775404771,0.0004,0.0,4941.0,-2.038455646946602e-06,0.0015304240405988878
3.715342283638513,0.00046911385702505987,6.26497519944537,0.0004,0.0,4942.0,-2.0384556465025128e-06,0.0015304240405988878
3.715340245182866,0.0007316605371047998,6.266505623485969,0.0004,0.0,4943.0,-2.038455646946602e-06,0.0015304240405988878
3.715338206727219,0.0009942072171845399,6.268036047526568,0.0004,0.0,4944.0,-2.038455646946602e-06,0.0015304240405988878
3.7153361682715724,0.0012567538972642798,6.269566471567167,0.0004,0.0,4945.0,-2.0384556465025128e-06,0.0015304240405988878
3.7153341298159255,0.0015193005773440197,6.271096895607766,0.0004,0.0,4946.0,-2.038455646946602e-06,0.0015304240405988878
3.715332091360279,0.0017818472574237599,6.272627319648365,0.0004,0.0,4947.0,-2.0384556465025128e-06,0.0015304240405988878
3.715330052904632,0.0020443939375035,6.2741577436889635,0.0004,0.0,4948.0,-2.038455646946602e-06,0.0015304240405988878
3.7153359724990547,0.0021704183228246927,6.273875907911834,0.0003857142857142857,0.0,4949.0,5.919594422643115e-06,-0.00028183577712947994
3.7153418920934778,0.0022964427081458858,6.2735940721347045,0.00037142857142857143,0.0,4950.0,5.919594423087204e-06,-0.00028183577712947994
3.7153478116879004,0.0024224670934670785,6.273312236357575,0.00035714285714285714,0.0,4951.0,5.919594422643115e-06,-0.00028183577712947994
3.715353731282323,0.0025484914787882716,6.273030400580445,0.00034285714285714285,0.0,4952.0,5.919594422643115e-06,-0.0002818357771303681
3.715359650876746,0.0026745158641094642,6.272748564803315,0.00032857142857142856,0.0,4953.0,5.919594423087204e-06,-0.00028183577712947994
3.7153655704711688,0.0028005402494306574,6.272466729026186,0.0003142857142857143,0.0,4954.0,5.919594422643115e-06,-0.00028183577712947994
3.715371490065592,0.00292656463475185,6.272184893249056,0.00030000000000000003,0.0,4955.0,5.919594423087204e-06,-0.00028183577712947994
3.7153774096600145,0.0030525890200730427,6.271903057471927,0.00028571428571428574,0.0,4956.0,5.919594422643115e-06,-0.00028183577712947994
3.715383329254437,0.003178613405394236,6.271621221694797,0.00027142857142857144,0.0,4957.0,5.919594422643115e-06,-0.00028183577712947994
3.7153892488488602,0.0033046377907154285,6.271339385917668,0.00025714285714285715,0.0,4958.0,5.919594423087204e-06,-0.00028183577712947994
3.715395168443283,0.0034306621760366216,6.2710575501405375,0.00024285714285714286,0.0,4959.0,5.919594422643115e-06,-0.0002818357771303681
3.7154010880377055,0.0035566865613578143,6.270775714363408,0.00022857142857142857,0.0,4960.0,5.919594422643115e-06,-0.00028183577712947994
3.7154070076321286,0.0036827109466790074,6.2704938785862785,0.00021428571428571427,0.0,4961.0,5.919594423087204e-06,-0.00028183577712947994
3.7154129272265513,0.0038087353320002,6.270212042809149,0.0002,0.0,4962.0,5.919594422643115e-06,-0.00028183577712947994
