Voltage_measured,Current_measured,Temperature_measured,Current_load,Voltage_load,Time_uniform,dV_dt,dT_dt
4.1895524054233135,-5.2400447427064385e-05,5.592898008308924,0.0004,0.0,0.0,,
4.189511502984403,-4.303101551079316e-05,5.595253765404469,0.0004,0.4672222222222222,1.0,-4.090243891052836e-05,0.00235575709554503
4.1894706005454925,-3.366158359452193e-05,5.597609522500015,0.0004,0.9344444444444444,2.0,-4.090243891052836e-05,0.0023557570955459184
4.189429698106581,-2.4292151678250706e-05,5.59996527959556,0.0004,1.4016666666666666,3.0,-4.090243891141654e-05,0.00235575709554503
4.1893887956676705,-1.492271976197948e-05,5.602321036691105,0.0004,1.8688888888888888,4.0,-4.090243891052836e-05,0.00235575709554503
4.18934789322876,-5.553287845708253e-06,5.604676793786651,0.0004,2.3361111111111112,5.0,-4.090243891052836e-05,0.0023557570955459184
4.1893069907898495,3.8161440705629734e-06,5.607032550882196,0.0004,2.8033333333333332,6.0,-4.090243891052836e-05,0.00235575709554503
4.189266088350938,1.31855759868342e-05,5.609388307977741,0.0004,3.270555555555555,7.0,-4.090243891141654e-05,0.00235575709554503
4.1892251859120275,2.2555007903105426e-05,5.611744065073287,0.0004,3.7377777777777776,8.0,-4.090243891052836e-05,0.0023557570955459184
4.189184283473117,3.1924439819376666e-05,5.614099822168832,0.0004,4.205,9.0,-4.090243891052836e-05,0.00235575709554503
4.1732126061150705,-0.06698910768614798,5.616584971304945,0.06690666666666667,4.155266666666667,10.0,-0.0159716773580465,0.002485149136113307
4.157240928757024,-0.13401013981211535,5.619070120441059,0.13341333333333336,4.105533333333334,11.0,-0.0159716773580465,0.002485149136113307
4.141269251398978,-0.2010311719380827,5.621555269577172,0.19992000000000001,4.0558000000000005,12.0,-0.01597167735804561,0.002485149136113307
4.125297574040932,-0.26805220406405006,5.624040418713285,0.2664266666666667,4.006066666666666,13.0,-0.0159716773580465,0.002485149136113307
4.109325896682885,-0.3350732361900174,5.626525567849399,0.33293333333333336,3.9563333333333333,14.0,-0.0159716773580465,0.002485149136113307
4.093354219324839,-0.40209426831598477,5.629010716985512,0.39944,3.9066,15.0,-0.0159716773580465,0.002485149136113307
4.077382541966792,-0.4691153004419521,5.631495866121625,0.46594666666666673,3.856866666666667,16.0,-0.0159716773580465,0.002485149136113307
4.061410864608746,-0.5361363325679195,5.633981015257738,0.5324533333333333,3.8071333333333333,17.0,-0.0159716773580465,0.002485149136112419
4.0454391872507,-0.6031573646938868,5.636466164393851,0.59896,3.7574,18.0,-0.01597167735804561,0.002485149136113307
4.029467509892654,-0.6701783968198541,5.638951313529964,0.6654666666666668,3.707666666666667,19.0,-0.0159716773580465,0.002485149136113307
4.013495832534607,-0.7371994289458216,5.641436462666078,0.7319733333333334,3.6579333333333333,20.0,-0.0159716773580465,0.002485149136113307
3.997524155176561,-0.8042204610717889,5.643921611802191,0.7984800000000001,3.6082,21.0,-0.0159716773580465,0.002485149136113307
3.9815524778185143,-0.8712414931977562,5.646406760938304,0.8649866666666668,3.558466666666667,22.0,-0.0159716773580465,0.002485149136113307
3.9655808004604682,-0.9382625253237236,5.6488919100744175,0.9314933333333334,3.5087333333333333,23.0,-0.015971677358046055,0.002485149136113307
3.9496091231024217,-1.0052835574496908,5.651377059210531,0.998,3.459,24.0,-0.0159716773580465,0.002485149136113307
3.9473138691848124,-1.0052709860309008,5.658372082864453,0.998,3.4565,25.0,-0.002295253917609319,0.006995023653922239
3.9450186152672027,-1.0052584146121109,5.665367106518375,0.998,3.454,26.0,-0.002295253917609763,0.006995023653922239
3.9427233613495933,-1.0052458431933209,5.672362130172298,0.998,3.4515000000000002,27.0,-0.002295253917609319,0.006995023653923127
3.940428107431984,-1.0052332717745307,5.679357153826221,0.998,3.449,28.0,-0.002295253917609319,0.006995023653922239
3.9381328535143747,-1.0052207003557407,5.686352177480143,0.998,3.4465,29.0,-0.002295253917609319,0.006995023653922239
3.935837599596765,-1.0052081289369508,5.693347201134065,0.998,3.444,30.0,-0.002295253917609763,0.006995023653922239
3.9335423456791556,-1.0051955575181608,5.700342224787987,0.998,3.4415,31.0,-0.002295253917609319,0.006995023653922239
3.9312470917615463,-1.0051829860993708,5.7073372484419105,0.998,3.439,32.0,-0.002295253917609319,0.006995023653923127
3.9289518378439365,-1.0051704146805809,5.714332272095833,0.998,3.4365,33.0,-0.002295253917609763,0.006995023653922239
3.926656583926327,-1.005157843261791,5.721327295749755,0.998,3.434,34.0,-0.002295253917609319,0.006995023653922239
3.924361330008718,-1.0051452718430007,5.728322319403677,0.998,3.4314999999999998,35.0,-0.002295253917609319,0.006995023653922239
3.9220660760911086,-1.0051327004242108,5.7353173430576,0.998,3.429,36.0,-0.002295253917609319,0.006995023653923127
3.919770822173499,-1.0051201290054208,5.742312366711523,0.998,3.4265,37.0,-0.002295253917609763,0.006995023653922239
3.9174755682558895,-1.0051075575866308,5.749307390365445,0.998,3.424,38.0,-0.002295253917609319,0.006995023653922239
3.915720807184578,-1.0051757037374456,5.755225021944962,0.998,3.422357142857143,39.0,-0.0017547610713113393,0.005917631579516858
3.9139660461132673,-1.0052438498882603,5.7611426535244785,0.998,3.420714285714286,40.0,-0.0017547610713108952,0.005917631579516858
3.912211285041956,-1.005311996039075,5.767060285103995,0.998,3.4190714285714283,41.0,-0.0017547610713113393,0.005917631579516858
3.9104565239706446,-1.0053801421898898,5.772977916683512,0.998,3.4174285714285713,42.0,-0.0017547610713113393,0.005917631579516858
3.9087017628993337,-1.0054482883407045,5.778895548263029,0.998,3.415785714285714,43.0,-0.0017547610713108952,0.005917631579516858
3.9069470018280223,-1.0055164344915193,5.784813179842546,0.998,3.414142857142857,44.0,-0.0017547610713113393,0.005917631579516858
3.905192240756711,-1.005584580642334,5.790730811422063,0.998,3.4124999999999996,45.0,-0.0017547610713113393,0.005917631579516858
3.9034374796854,-1.0056527267931488,5.7966484430015806,0.998,3.4108571428571426,46.0,-0.0017547610713108952,0.005917631579517746
3.9016827186140888,-1.0057208729439635,5.802566074581097,0.998,3.4092142857142855,47.0,-0.0017547610713113393,0.005917631579516858
3.899927957542778,-1.0057890190947782,5.808483706160614,0.998,3.4075714285714285,48.0,-0.0017547610713108952,0.005917631579516858
3.8981731964714665,-1.005857165245593,5.814401337740131,0.998,3.4059285714285714,49.0,-0.0017547610713113393,0.005917631579516858
3.896418435400155,-1.0059253113964077,5.820318969319648,0.998,3.404285714285714,50.0,-0.0017547610713113393,0.005917631579516858
3.8946636743288443,-1.0059934575472225,5.826236600899165,0.998,3.402642857142857,51.0,-0.0017547610713108952,0.005917631579516858
3.892908913257533,-1.0060616036980372,5.832154232478682,0.998,3.401,52.0,-0.0017547610713113393,0.005917631579516858
3.8914380420310866,-1.0060245037147513,5.8387214966141645,0.998,3.3988571428571426,53.0,-0.0014708712264464019,0.006567264135482809
3.8899671708046397,-1.0059874037314656,5.845288760749646,0.998,3.3967142857142854,54.0,-0.001470871226446846,0.0065672641354819206
3.8884962995781933,-1.0059503037481796,5.851856024885128,0.998,3.3945714285714286,55.0,-0.0014708712264464019,0.0065672641354819206
3.887025428351747,-1.0059132037648937,5.858423289020611,0.998,3.3924285714285713,56.0,-0.0014708712264464019,0.006567264135482809
3.8855545571253005,-1.005876103781608,5.864990553156094,0.998,3.390285714285714,57.0,-0.0014708712264464019,0.006567264135482809
3.8840836858988537,-1.005839003798322,5.871557817291576,0.998,3.388142857142857,58.0,-0.001470871226446846,0.0065672641354819206
3.8826128146724073,-1.0058019038150363,5.878125081427058,0.998,3.3859999999999997,59.0,-0.0014708712264464019,0.0065672641354819206
3.881141943445961,-1.0057648038317504,5.884692345562541,0.998,3.383857142857143,60.0,-0.0014708712264464019,0.006567264135482809
3.879671072219514,-1.0057277038484644,5.891259609698023,0.998,3.3817142857142857,61.0,-0.001470871226446846,0.006567264135482809
3.8782002009930676,-1.0056906038651787,5.897826873833505,0.998,3.3795714285714284,62.0,-0.0014708712264464019,0.0065672641354819206
3.876729329766621,-1.0056535038818928,5.904394137968987,0.998,3.3774285714285712,63.0,-0.0014708712264464019,0.0065672641354819206
3.875258458540175,-1.0056164038986068,5.91096140210447,0.998,3.3752857142857144,64.0,-0.0014708712264464019,0.006567264135482809
3.873787587313728,-1.0055793039153211,5.917528666239953,0.998,3.373142857142857,65.0,-0.001470871226446846,0.006567264135482809
3.8723167160872816,-1.0055422039320352,5.924095930375435,0.998,3.371,66.0,-0.0014708712264464019,0.0065672641354819206
3.871009778084929,-1.0056733645745048,5.930537694186689,0.998,3.3695714285714287,67.0,-0.0013069380023527088,0.006441763811253942
3.869702840082576,-1.0058045252169743,5.936979457997942,0.998,3.3681428571428573,68.0,-0.0013069380023527088,0.006441763811253054
3.868395902080224,-1.005935685859444,5.943421221809196,0.998,3.3667142857142855,69.0,-0.0013069380023522648,0.006441763811253942
3.867088964077871,-1.0060668465019134,5.94986298562045,0.998,3.365285714285714,70.0,-0.0013069380023527088,0.006441763811253942
3.8657820260755185,-1.006198007144383,5.956304749431703,0.998,3.363857142857143,71.0,-0.0013069380023527088,0.006441763811253054
3.8644750880731658,-1.0063291677868524,5.962746513242957,0.998,3.3624285714285715,72.0,-0.0013069380023527088,0.006441763811253942
3.8631681500708135,-1.006460328429322,5.96918827705421,0.998,3.3609999999999998,73.0,-0.0013069380023522648,0.006441763811253054
3.861861212068461,-1.0065914890717917,5.975630040865464,0.998,3.3595714285714284,74.0,-0.0013069380023527088,0.006441763811253942
3.860554274066108,-1.0067226497142612,5.982071804676718,0.998,3.358142857142857,75.0,-0.0013069380023527088,0.006441763811253942
3.8592473360637554,-1.0068538103567308,5.988513568487971,0.998,3.3567142857142858,76.0,-0.0013069380023527088,0.006441763811253054
3.8579403980614027,-1.0069849709992003,5.994955332299225,0.998,3.3552857142857144,77.0,-0.0013069380023527088,0.006441763811253942
3.8566334600590504,-1.00711613164167,6.001397096110479,0.998,3.3538571428571426,78.0,-0.0013069380023522648,0.006441763811253942
3.8553265220566977,-1.0072472922841393,6.007838859921732,0.998,3.3524285714285713,79.0,-0.0013069380023527088,0.006441763811253054
3.854019584054345,-1.007378452926609,6.0142806237329856,0.998,3.351,80.0,-0.0013069380023527088,0.006441763811253942
3.8528493740244723,-1.0072282977750944,6.021519830844923,0.998,3.35,81.0,-0.0011702100298727203,0.007239207111937596
3.8516791639945995,-1.00707814262358,6.02875903795686,0.998,3.349,82.0,-0.0011702100298727203,0.007239207111936707
3.850508953964727,-1.0069279874720654,6.0359982450687975,0.998,3.348,83.0,-0.0011702100298727203,0.007239207111937596
3.8493387439348536,-1.0067778323205507,6.043237452180735,0.998,3.347,84.0,-0.0011702100298731644,0.007239207111937596
3.848168533904981,-1.0066276771690363,6.050476659292673,0.998,3.346,85.0,-0.0011702100298727203,0.007239207111937596
3.846998323875108,-1.0064775220175217,6.057715866404609,0.998,3.345,86.0,-0.0011702100298727203,0.007239207111936707
3.8458281138452355,-1.0063273668660073,6.064955073516547,0.998,3.344,87.0,-0.0011702100298727203,0.007239207111937596
3.8446579038153628,-1.0061772117144927,6.0721942806284845,0.998,3.343,88.0,-0.0011702100298727203,0.007239207111937596
3.84348769378549,-1.006027056562978,6.079433487740421,0.998,3.342,89.0,-0.0011702100298727203,0.007239207111936707
3.8423174837556173,-1.0058769014114637,6.086672694852359,0.998,3.341,90.0,-0.0011702100298727203,0.007239207111937596
3.841147273725744,-1.005726746259949,6.093911901964296,0.998,3.3400000000000003,91.0,-0.0011702100298731644,0.007239207111937596
3.8399770636958714,-1.0055765911084344,6.101151109076234,0.998,3.339,92.0,-0.0011702100298727203,0.007239207111937596
3.8388068536659987,-1.00542643595692,6.108390316188171,0.998,3.338,93.0,-0.0011702100298727203,0.007239207111936707
3.837636643636126,-1.0052762808054054,6.115629523300108,0.998,3.337,94.0,-0.0011702100298727203,0.007239207111937596
3.8365535089342258,-1.0053863727239367,6.122344953211989,0.998,3.3360714285714286,95.0,-0.0010831347019002457,0.00671542991188101
3.835470374232326,-1.005496464642468,6.12906038312387,0.998,3.3351428571428574,96.0,-0.0010831347018998017,0.00671542991188101
3.834387239530426,-1.0056065565609995,6.135775813035752,0.998,3.334214285714286,97.0,-0.0010831347018998017,0.006715429911881898
3.833304104828526,-1.0057166484795308,6.142491242947633,0.998,3.333285714285714,98.0,-0.0010831347019002457,0.00671542991188101
3.8322209701266257,-1.005826740398062,6.149206672859514,0.998,3.332357142857143,99.0,-0.0010831347019002457,0.00671542991188101
3.831137835424726,-1.0059368323165934,6.155922102771395,0.998,3.3314285714285714,100.0,-0.0010831347018998017,0.00671542991188101
3.830054700722826,-1.0060469242351249,6.162637532683276,0.998,3.3305000000000002,101.0,-0.0010831347018998017,0.00671542991188101
3.828971566020926,-1.0061570161536562,6.169352962595158,0.998,3.3295714285714286,102.0,-0.0010831347019002457,0.006715429911881898
3.8278884313190256,-1.0062671080721874,6.176068392507039,0.998,3.328642857142857,103.0,-0.0010831347019002457,0.00671542991188101
3.8268052966171258,-1.0063771999907187,6.18278382241892,0.998,3.327714285714286,104.0,-0.0010831347018998017,0.00671542991188101
3.825722161915226,-1.00648729190925,6.189499252330801,0.998,3.3267857142857142,105.0,-0.0010831347018998017,0.00671542991188101
3.8246390272133257,-1.0065973838277815,6.196214682242683,0.998,3.3258571428571426,106.0,-0.0010831347019002457,0.006715429911881898
3.8235558925114255,-1.0067074757463128,6.202930112154564,0.998,3.3249285714285715,107.0,-0.0010831347019002457,0.00671542991188101
3.8224727578095257,-1.006817567664844,6.209645542066445,0.998,3.324,108.0,-0.0010831347018998017,0.00671542991188101
3.8214499540894353,-1.0067271246027294,6.2158890040452635,0.998,3.3230714285714282,109.0,-0.0010228037200903373,0.00624346197881831
3.8204271503693454,-1.0066366815406147,6.222132466024081,0.998,3.322142857142857,110.0,-0.0010228037200898932,0.006243461978817422
3.819404346649255,-1.0065462384785,6.228375928002899,0.998,3.3212142857142855,111.0,-0.0010228037200903373,0.00624346197881831
3.8183815429291648,-1.0064557954163853,6.234619389981717,0.998,3.3202857142857143,112.0,-0.0010228037200903373,0.006243461978817422
3.817358739209075,-1.0063653523542706,6.240862851960535,0.998,3.3193571428571427,113.0,-0.0010228037200898932,0.00624346197881831
3.8163359354889845,-1.006274909292156,6.247106313939352,0.998,3.3184285714285715,114.0,-0.0010228037200903373,0.006243461978817422
3.815313131768894,-1.0061844662300412,6.253349775918171,0.998,3.3175,115.0,-0.0010228037200903373,0.00624346197881831
3.8142903280488043,-1.0060940231679265,6.259593237896989,0.998,3.3165714285714283,116.0,-0.0010228037200898932,0.00624346197881831
3.813267524328714,-1.0060035801058118,6.265836699875806,0.998,3.315642857142857,117.0,-0.0010228037200903373,0.006243461978817422
3.812244720608624,-1.0059131370436971,6.272080161854625,0.998,3.3147142857142855,118.0,-0.0010228037200898932,0.00624346197881831
3.8112219168885337,-1.0058226939815824,6.278323623833442,0.998,3.3137857142857143,119.0,-0.0010228037200903373,0.006243461978817422
3.8101991131684434,-1.0057322509194677,6.28456708581226,0.998,3.3128571428571427,120.0,-0.0010228037200903373,0.00624346197881831
3.8091763094483535,-1.005641807857353,6.290810547791078,0.998,3.3119285714285716,121.0,-0.0010228037200898932,0.006243461978817422
3.808153505728263,-1.0055513647952383,6.297054009769896,0.998,3.311,122.0,-0.0010228037200903373,0.00624346197881831
3.8071933678017293,-1.0056182493690122,6.304655238171418,0.998,3.3100714285714283,123.0,-0.0009601379265338217,0.007601228401521887
3.8062332298751955,-1.0056851339427864,6.31225646657294,0.998,3.309142857142857,124.0,-0.0009601379265338217,0.007601228401521887
3.8052730919486617,-1.0057520185165603,6.319857694974463,0.998,3.3082142857142856,125.0,-0.0009601379265338217,0.007601228401522775
3.804312954022128,-1.0058189030903342,6.327458923375985,0.998,3.3072857142857144,126.0,-0.0009601379265338217,0.007601228401521887
3.803352816095594,-1.005885787664108,6.3350601517775065,0.998,3.3063571428571428,127.0,-0.0009601379265338217,0.007601228401521887
3.8023926781690602,-1.0059526722378822,6.342661380179028,0.998,3.3054285714285716,128.0,-0.0009601379265338217,0.007601228401521887
3.801432540242527,-1.0060195568116561,6.35026260858055,0.998,3.3045,129.0,-0.0009601379265333776,0.007601228401521887
3.800472402315993,-1.00608644138543,6.357863836982073,0.998,3.3035714285714284,130.0,-0.0009601379265338217,0.007601228401522775
3.799512264389459,-1.0061533259592041,6.365465065383595,0.998,3.302642857142857,131.0,-0.0009601379265338217,0.007601228401521887
3.7985521264629254,-1.006220210532978,6.373066293785117,0.998,3.3017142857142856,132.0,-0.0009601379265338217,0.007601228401521887
3.7975919885363916,-1.006287095106752,6.380667522186639,0.998,3.3007857142857144,133.0,-0.0009601379265338217,0.007601228401521887
3.7966318506098578,-1.0063539796805259,6.3882687505881615,0.998,3.299857142857143,134.0,-0.0009601379265338217,0.007601228401522775
3.795671712683324,-1.0064208642543,6.395869978989683,0.998,3.2989285714285717,135.0,-0.0009601379265338217,0.007601228401521887
3.79471157475679,-1.006487748828074,6.403471207391205,0.998,3.298,136.0,-0.0009601379265338217,0.007601228401521887
3.793821576285275,-1.0064660565345305,6.409883277946136,0.998,3.297214285714286,137.0,-0.0008899984715151632,0.006412070554930871
3.7929315778137602,-1.0064443642409873,6.416295348501068,0.998,3.2964285714285713,138.0,-0.0008899984715147191,0.006412070554931759
3.792041579342245,-1.0064226719474438,6.422707419055999,0.998,3.295642857142857,139.0,-0.0008899984715151632,0.006412070554930871
3.79115158087073,-1.0064009796539004,6.4291194896109305,0.998,3.294857142857143,140.0,-0.0008899984715151632,0.006412070554931759
3.790261582399215,-1.006379287360357,6.435531560165861,0.998,3.2940714285714288,141.0,-0.0008899984715147191,0.006412070554930871
3.7893715839277,-1.0063575950668138,6.441943630720793,0.998,3.293285714285714,142.0,-0.0008899984715151632,0.006412070554931759
3.7884815854561853,-1.0063359027732703,6.448355701275724,0.998,3.2925,143.0,-0.0008899984715147191,0.006412070554930871
3.78759158698467,-1.006314210479727,6.454767771830655,0.998,3.291714285714286,144.0,-0.0008899984715151632,0.006412070554930871
3.786701588513155,-1.0062925181861837,6.461179842385587,0.998,3.290928571428571,145.0,-0.0008899984715151632,0.006412070554931759
3.7858115900416403,-1.0062708258926403,6.4675919129405175,0.998,3.290142857142857,146.0,-0.0008899984715147191,0.006412070554930871
3.784921591570125,-1.0062491335990968,6.474003983495449,0.998,3.289357142857143,147.0,-0.0008899984715151632,0.006412070554931759
3.78403159309861,-1.0062274413055534,6.48041605405038,0.998,3.2885714285714287,148.0,-0.0008899984715151632,0.006412070554930871
3.783141594627095,-1.0062057490120102,6.486828124605312,0.998,3.287785714285714,149.0,-0.0008899984715147191,0.006412070554931759
3.78225159615558,-1.0061840567184668,6.493240195160243,0.998,3.287,150.0,-0.0008899984715151632,0.006412070554930871
3.781410304022261,-1.0061935059661435,6.500091984956537,0.998,3.286142857142857,151.0,-0.0008412921333191825,0.006851789796294305
3.7805690118889412,-1.0062029552138203,6.506943774752831,0.998,3.285285714285714,152.0,-0.0008412921333196266,0.006851789796294305
3.779727719755622,-1.006212404461497,6.513795564549126,0.998,3.2844285714285713,153.0,-0.0008412921333191825,0.006851789796294305
3.7788864276223024,-1.0062218537091738,6.520647354345421,0.998,3.2835714285714284,154.0,-0.0008412921333196266,0.0068517897962951935
3.7780451354889832,-1.0062313029568506,6.527499144141715,0.998,3.2827142857142855,155.0,-0.0008412921333191825,0.006851789796294305
3.7772038433556636,-1.0062407522045274,6.5343509339380095,0.998,3.2818571428571426,156.0,-0.0008412921333196266,0.006851789796294305
3.7763625512223444,-1.0062502014522041,6.541202723734304,0.998,3.281,157.0,-0.0008412921333191825,0.006851789796294305
3.7755212590890252,-1.0062596506998807,6.548054513530598,0.998,3.2801428571428572,158.0,-0.0008412921333191825,0.006851789796294305
3.7746799669557056,-1.0062690999475574,6.554906303326892,0.998,3.2792857142857144,159.0,-0.0008412921333196266,0.006851789796294305
3.7738386748223864,-1.0062785491952342,6.561758093123187,0.998,3.2784285714285715,160.0,-0.0008412921333191825,0.006851789796294305
3.772997382689067,-1.006287998442911,6.568609882919482,0.998,3.2775714285714286,161.0,-0.0008412921333196266,0.0068517897962951935
3.7721560905557476,-1.0062974476905877,6.575461672715776,0.998,3.2767142857142857,162.0,-0.0008412921333191825,0.006851789796294305
3.771314798422428,-1.0063068969382645,6.5823134625120705,0.998,3.275857142857143,163.0,-0.0008412921333196266,0.006851789796294305
3.770473506289109,-1.0063163461859412,6.589165252308365,0.998,3.275,164.0,-0.0008412921333191825,0.006851789796294305
3.769668107856698,-1.006233706491607,6.596271487474841,0.998,3.2742142857142857,165.0,-0.0008053984324107866,0.007106235166475905
3.7688627094242872,-1.0061510667972728,6.603377722641316,0.998,3.273428571428571,166.0,-0.0008053984324107866,0.007106235166475017
3.7680573109918765,-1.0060684271029388,6.610483957807792,0.998,3.272642857142857,167.0,-0.0008053984324107866,0.007106235166475905
3.7672519125594657,-1.0059857874086044,6.6175901929742675,0.998,3.271857142857143,168.0,-0.0008053984324107866,0.007106235166475905
3.766446514127055,-1.0059031477142701,6.6246964281407426,0.998,3.2710714285714286,169.0,-0.0008053984324107866,0.007106235166475017
3.765641115694644,-1.005820508019936,6.6318026633072185,0.998,3.270285714285714,170.0,-0.0008053984324107866,0.007106235166475905
3.7648357172622333,-1.005737868325602,6.6389088984736935,0.998,3.2695,171.0,-0.0008053984324107866,0.007106235166475017
3.7640303188298225,-1.0056552286312677,6.646015133640169,0.998,3.2687142857142857,172.0,-0.0008053984324107866,0.007106235166475905
3.7632249203974117,-1.0055725889369334,6.653121368806645,0.998,3.267928571428571,173.0,-0.0008053984324107866,0.007106235166475905
3.762419521965001,-1.0054899492425993,6.66022760397312,0.998,3.267142857142857,174.0,-0.0008053984324107866,0.007106235166475017
3.76161412353259,-1.0054073095482652,6.667333839139596,0.998,3.2663571428571427,175.0,-0.0008053984324107866,0.007106235166475905
3.7608087251001794,-1.0053246698539309,6.674440074306072,0.998,3.2655714285714286,176.0,-0.0008053984324107866,0.007106235166475905
3.7600033266677686,-1.0052420301595966,6.681546309472547,0.998,3.264785714285714,177.0,-0.0008053984324107866,0.007106235166475017
3.759197928235358,-1.0051593904652625,6.688652544639023,0.998,3.264,178.0,-0.0008053984324107866,0.007106235166475905
3.758433039891729,-1.0052447214186704,6.696097639808555,0.998,3.263285714285714,179.0,-0.0007648883436286447,0.007445095169532401
3.7576681515481005,-1.0053300523720783,6.703542734978088,0.998,3.2625714285714285,180.0,-0.0007648883436286447,0.007445095169532401
3.756903263204472,-1.0054153833254864,6.710987830147621,0.998,3.2618571428571426,181.0,-0.0007648883436286447,0.007445095169533289
3.756138374860843,-1.0055007142788943,6.7184329253171535,0.998,3.261142857142857,182.0,-0.0007648883436290888,0.007445095169532401
3.755373486517214,-1.0055860452323022,6.725878020486686,0.998,3.2604285714285712,183.0,-0.0007648883436286447,0.007445095169532401
3.7546085981735855,-1.0056713761857101,6.733323115656218,0.998,3.259714285714286,184.0,-0.0007648883436286447,0.007445095169532401
3.753843709829957,-1.0057567071391182,6.740768210825751,0.998,3.259,185.0,-0.0007648883436286447,0.007445095169532401
3.753078821486328,-1.0058420380925261,6.748213305995284,0.998,3.258285714285714,186.0,-0.0007648883436286447,0.007445095169533289
3.7523139331426996,-1.005927369045934,6.755658401164816,0.998,3.2575714285714286,187.0,-0.0007648883436286447,0.007445095169532401
3.751549044799071,-1.006012699999342,6.763103496334349,0.998,3.2568571428571427,188.0,-0.0007648883436286447,0.007445095169532401
3.750784156455442,-1.0060980309527499,6.770548591503881,0.998,3.2561428571428572,189.0,-0.0007648883436290888,0.007445095169532401
3.750019268111813,-1.006183361906158,6.7779936866734145,0.998,3.2554285714285713,190.0,-0.0007648883436286447,0.007445095169533289
3.7492543797681845,-1.0062686928595659,6.785438781842947,0.998,3.254714285714286,191.0,-0.0007648883436286447,0.007445095169532401
3.748489491424556,-1.0063540238129738,6.792883877012479,0.998,3.254,192.0,-0.0007648883436286447,0.007445095169532401
3.7477743615883248,-1.0062508244079136,6.800040439336234,0.998,3.253285714285714,193.0,-0.0007151298362311209,0.007156562323754834
3.7470592317520937,-1.0061476250028534,6.80719700165999,0.998,3.2525714285714287,194.0,-0.0007151298362311209,0.007156562323755722
3.7463441019158625,-1.0060444255977932,6.814353563983745,0.998,3.251857142857143,195.0,-0.0007151298362311209,0.007156562323754834
3.7456289720796314,-1.0059412261927327,6.8215101263074995,0.998,3.2511428571428573,196.0,-0.0007151298362311209,0.007156562323754834
3.7449138422434003,-1.0058380267876725,6.828666688631255,0.998,3.2504285714285714,197.0,-0.0007151298362311209,0.007156562323755722
3.744198712407169,-1.0057348273826123,6.83582325095501,0.998,3.249714285714286,198.0,-0.0007151298362311209,0.007156562323754834
3.7434835825709385,-1.0056316279775521,6.842979813278766,0.998,3.249,199.0,-0.0007151298362306768,0.007156562323755722
3.7427684527347074,-1.005528428572492,6.850136375602521,0.998,3.248285714285714,200.0,-0.0007151298362311209,0.007156562323754834
3.7420533228984763,-1.0054252291674317,6.8572929379262755,0.998,3.2475714285714288,201.0,-0.0007151298362311209,0.007156562323754834
3.741338193062245,-1.0053220297623715,6.864449500250031,0.998,3.246857142857143,202.0,-0.0007151298362311209,0.007156562323755722
3.740623063226014,-1.005218830357311,6.871606062573786,0.998,3.2461428571428574,203.0,-0.0007151298362311209,0.007156562323754834
3.739907933389783,-1.0051156309522509,6.878762624897541,0.998,3.2454285714285716,204.0,-0.0007151298362311209,0.007156562323754834
3.7391928035535518,-1.0050124315471907,6.885919187221297,0.998,3.244714285714286,205.0,-0.0007151298362311209,0.007156562323755722
3.7384776737173206,-1.0049092321421305,6.893075749545051,0.998,3.244,206.0,-0.0007151298362311209,0.007156562323754834
3.7378398553847547,-1.0049124788784825,6.898862219924461,0.998,3.2434000000000003,207.0,-0.0006378183325659315,0.005786470379409714
3.7372020370521883,-1.0049157256148342,6.904648690303871,0.998,3.2428000000000003,208.0,-0.0006378183325663755,0.005786470379409714
3.7365642187196224,-1.0049189723511862,6.9104351606832815,0.998,3.2422,209.0,-0.0006378183325659315,0.005786470379410602
3.7359264003870565,-1.004922219087538,6.916221631062691,0.998,3.2416,210.0,-0.0006378183325659315,0.005786470379409714
3.73528858205449,-1.00492546582389,6.922008101442101,0.998,3.241,211.0,-0.0006378183325663755,0.005786470379409714
3.734650763721924,-1.004928712560242,6.927794571821511,0.998,3.2404,212.0,-0.0006378183325659315,0.005786470379409714
3.7340129453893582,-1.0049319592965937,6.93358104220092,0.998,3.2398000000000002,213.0,-0.0006378183325659315,0.005786470379409714
3.733375127056792,-1.0049352060329457,6.939367512580331,0.998,3.2392,214.0,-0.0006378183325663755,0.005786470379410602
3.732737308724226,-1.0049384527692975,6.945153982959741,0.998,3.2386,215.0,-0.0006378183325659315,0.005786470379409714
3.73209949039166,-1.0049416995056495,6.95094045333915,0.998,3.238,216.0,-0.0006378183325659315,0.005786470379409714
3.7314616720590936,-1.0049449462420015,6.95672692371856,0.998,3.2374,217.0,-0.0006378183325663755,0.005786470379409714
3.7308238537265277,-1.0049481929783532,6.96251339409797,0.998,3.2368,218.0,-0.0006378183325659315,0.005786470379409714
3.7301860353939618,-1.0049514397147052,6.96829986447738,0.998,3.2361999999999997,219.0,-0.0006378183325659315,0.005786470379410602
3.7295482170613954,-1.004954686451057,6.97408633485679,0.998,3.2356,220.0,-0.0006378183325663755,0.005786470379409714
3.7289103987288295,-1.004957933187409,6.9798728052362,0.998,3.235,221.0,-0.0006378183325659315,0.005786470379409714
3.728244400688477,-1.0050703833937593,6.9868240546537095,0.998,3.2343571428571427,222.0,-0.000665998040352278,0.006951249417509686
3.7275784026481245,-1.0051828336001096,6.993775304071218,0.998,3.2337142857142855,223.0,-0.0006659980403527221,0.006951249417508798
3.726912404607772,-1.0052952838064597,7.000726553488728,0.998,3.2330714285714284,224.0,-0.000665998040352278,0.006951249417509686
3.72624640656742,-1.00540773401281,7.007677802906237,0.998,3.232428571428571,225.0,-0.000665998040352278,0.006951249417508798
3.725580408527067,-1.0055201842191603,7.0146290523237464,0.998,3.231785714285714,226.0,-0.0006659980403527221,0.006951249417509686
3.724914410486715,-1.0056326344255107,7.021580301741255,0.998,3.231142857142857,227.0,-0.000665998040352278,0.006951249417508798
3.724248412446362,-1.0057450846318607,7.028531551158765,0.998,3.2305,228.0,-0.0006659980403527221,0.006951249417509686
3.72358241440601,-1.005857534838211,7.035482800576275,0.998,3.229857142857143,229.0,-0.000665998040352278,0.006951249417509686
3.7229164163656576,-1.0059699850445614,7.042434049993783,0.998,3.229214285714286,230.0,-0.000665998040352278,0.006951249417508798
3.722250418325305,-1.0060824352509117,7.049385299411293,0.998,3.2285714285714286,231.0,-0.0006659980403527221,0.006951249417509686
3.7215844202849526,-1.006194885457262,7.056336548828802,0.998,3.2279285714285715,232.0,-0.000665998040352278,0.006951249417508798
3.7209184222446003,-1.006307335663612,7.063287798246312,0.998,3.2272857142857143,233.0,-0.000665998040352278,0.006951249417509686
3.7202524242042476,-1.0064197858699624,7.07023904766382,0.998,3.226642857142857,234.0,-0.0006659980403527221,0.006951249417508798
3.7195864261638953,-1.0065322360763127,7.07719029708133,0.998,3.226,235.0,-0.000665998040352278,0.006951249417509686
3.718957114693164,-1.006516911461537,7.08399492551174,0.998,3.225357142857143,236.0,-0.0006293114707314196,0.006804628430409743
3.7183278032224325,-1.0065015868467615,7.0907995539421504,0.998,3.2247142857142856,237.0,-0.0006293114707314196,0.006804628430410631
3.717698491751701,-1.0064862622319861,7.09760418237256,0.998,3.2240714285714285,238.0,-0.0006293114707314196,0.006804628430409743
3.7170691802809697,-1.0064709376172105,7.10440881080297,0.998,3.2234285714285713,239.0,-0.0006293114707314196,0.006804628430409743
3.7164398688102382,-1.006455613002435,7.11121343923338,0.998,3.222785714285714,240.0,-0.0006293114707314196,0.006804628430409743
3.715810557339507,-1.0064402883876593,7.11801806766379,0.998,3.222142857142857,241.0,-0.0006293114707314196,0.006804628430410631
3.715181245868776,-1.0064249637728837,7.1248226960942,0.998,3.2215000000000003,242.0,-0.0006293114707309755,0.006804628430409743
3.7145519343980444,-1.0064096391581083,7.13162732452461,0.998,3.220857142857143,243.0,-0.0006293114707314196,0.006804628430409743
3.713922622927313,-1.0063943145433327,7.13843195295502,0.998,3.220214285714286,244.0,-0.0006293114707314196,0.006804628430410631
3.7132933114565816,-1.0063789899285571,7.14523658138543,0.998,3.2195714285714288,245.0,-0.0006293114707314196,0.006804628430409743
3.71266399998585,-1.0063636653137815,7.15204120981584,0.998,3.2189285714285716,246.0,-0.0006293114707314196,0.006804628430409743
3.7120346885151188,-1.0063483406990061,7.15884583824625,0.998,3.2182857142857144,247.0,-0.0006293114707314196,0.006804628430409743
3.7114053770443873,-1.0063330160842305,7.16565046667666,0.998,3.2176428571428572,248.0,-0.0006293114707314196,0.006804628430410631
3.710776065573656,-1.006317691469455,7.17245509510707,0.998,3.217,249.0,-0.0006293114707314196,0.006804628430409743
3.7101229607033295,-1.0062672979621565,7.179295260654296,0.998,3.2164285714285716,250.0,-0.0006531048703264375,0.006840165547226107
3.709469855833003,-1.006216904454858,7.186135426201522,0.998,3.2158571428571427,251.0,-0.0006531048703264375,0.006840165547226107
3.7088167509626766,-1.0061665109475593,7.1929755917487475,0.998,3.2152857142857143,252.0,-0.0006531048703264375,0.006840165547225219
3.7081636460923497,-1.0061161174402609,7.199815757295974,0.998,3.214714285714286,253.0,-0.0006531048703268816,0.006840165547226107
3.7075105412220233,-1.0060657239329625,7.2066559228432,0.998,3.2141428571428574,254.0,-0.0006531048703264375,0.006840165547226107
3.706857436351697,-1.0060153304256638,7.213496088390426,0.998,3.2135714285714285,255.0,-0.0006531048703264375,0.006840165547226107
3.7062043314813704,-1.0059649369183652,7.220336253937652,0.998,3.213,256.0,-0.0006531048703264375,0.006840165547226107
3.705551226611044,-1.0059145434110668,7.227176419484877,0.998,3.2124285714285716,257.0,-0.0006531048703264375,0.006840165547225219
3.7048981217407175,-1.0058641499037684,7.234016585032103,0.998,3.2118571428571427,258.0,-0.0006531048703264375,0.006840165547226107
3.704245016870391,-1.0058137563964697,7.240856750579329,0.998,3.2112857142857143,259.0,-0.0006531048703264375,0.006840165547226107
3.703591912000064,-1.0057633628891711,7.247696916126555,0.998,3.210714285714286,260.0,-0.0006531048703268816,0.006840165547226107
3.7029388071297378,-1.0057129693818727,7.254537081673781,0.998,3.2101428571428574,261.0,-0.0006531048703264375,0.006840165547225219
3.7022857022594113,-1.0056625758745743,7.261377247221007,0.998,3.2095714285714285,262.0,-0.0006531048703264375,0.006840165547226107
3.701632597389085,-1.0056121823672757,7.268217412768233,0.998,3.209,263.0,-0.0006531048703264375,0.006840165547226107
3.701030550469816,-1.005359044464271,7.274835273764002,0.998,3.2085,264.0,-0.0006020469192686839,0.00661786099576922
3.700428503550548,-1.0051059065612664,7.281453134759772,0.998,3.208,265.0,-0.0006020469192682398,0.0066178609957701084
3.6998264566312793,-1.0048527686582618,7.288070995755541,0.998,3.2075,266.0,-0.0006020469192686839,0.00661786099576922
3.6992244097120106,-1.0045996307552572,7.2946888567513115,0.998,3.207,267.0,-0.0006020469192686839,0.0066178609957701084
3.6986223627927424,-1.0043464928522525,7.301306717747081,0.998,3.2065,268.0,-0.0006020469192682398,0.00661786099576922
3.6980203158734737,-1.004093354949248,7.307924578742851,0.998,3.206,269.0,-0.0006020469192686839,0.0066178609957701084
3.6974182689542054,-1.0038402170462433,7.31454243973862,0.998,3.2055000000000002,270.0,-0.0006020469192682398,0.00661786099576922
3.6968162220349368,-1.0035870791432386,7.321160300734389,0.998,3.205,271.0,-0.0006020469192686839,0.00661786099576922
3.696214175115668,-1.003333941240234,7.327778161730159,0.998,3.2045,272.0,-0.0006020469192686839,0.0066178609957701084
3.6956121281964,-1.0030808033372294,7.334396022725929,0.998,3.204,273.0,-0.0006020469192682398,0.00661786099576922
3.695010081277131,-1.0028276654342247,7.341013883721699,0.998,3.2035,274.0,-0.0006020469192686839,0.0066178609957701084
3.6944080343578625,-1.0025745275312201,7.347631744717468,0.998,3.203,275.0,-0.0006020469192686839,0.00661786099576922
3.6938059874385942,-1.0023213896282155,7.354249605713238,0.998,3.2025,276.0,-0.0006020469192682398,0.0066178609957701084
3.6932039405193255,-1.0020682517252109,7.360867466709007,0.998,3.202,277.0,-0.0006020469192686839,0.00661786099576922
3.692601786487921,-1.0023562260163499,7.366250141255487,0.998,3.201357142857143,278.0,-0.0006021540314047336,0.005382674546480004
3.691999632456516,-1.0026442003074891,7.371632815801967,0.998,3.2007142857142856,279.0,-0.0006021540314047336,0.005382674546480004
3.691397478425112,-1.0029321745986284,7.377015490348447,0.998,3.2000714285714285,280.0,-0.0006021540314042895,0.005382674546480004
3.690795324393707,-1.0032201488897674,7.382398164894927,0.998,3.1994285714285713,281.0,-0.0006021540314047336,0.005382674546480004
3.6901931703623023,-1.0035081231809064,7.387780839441407,0.998,3.198785714285714,282.0,-0.0006021540314047336,0.005382674546480004
3.6895910163308976,-1.0037960974720457,7.393163513987887,0.998,3.198142857142857,283.0,-0.0006021540314047336,0.005382674546480004
3.6889888622994933,-1.004084071763185,7.398546188534367,0.998,3.1975000000000002,284.0,-0.0006021540314042895,0.005382674546480004
3.6883867082680886,-1.004372046054324,7.403928863080848,0.998,3.196857142857143,285.0,-0.0006021540314047336,0.005382674546480892
3.687784554236684,-1.004660020345463,7.409311537627328,0.998,3.196214285714286,286.0,-0.0006021540314047336,0.005382674546480004
3.687182400205279,-1.0049479946366022,7.414694212173808,0.998,3.1955714285714287,287.0,-0.0006021540314047336,0.005382674546480004
3.6865802461738744,-1.0052359689277415,7.420076886720288,0.998,3.1949285714285716,288.0,-0.0006021540314047336,0.005382674546480004
3.68597809214247,-1.0055239432188805,7.425459561266768,0.998,3.1942857142857144,289.0,-0.0006021540314042895,0.005382674546480004
3.6853759381110653,-1.0058119175100195,7.430842235813248,0.998,3.1936428571428572,290.0,-0.0006021540314047336,0.005382674546480004
3.6847737840796606,-1.0060998918011588,7.436224910359728,0.998,3.193,291.0,-0.0006021540314047336,0.005382674546480004
3.684173142226599,-1.005930693913545,7.442722175340413,0.998,3.192357142857143,292.0,-0.0006006418530617452,0.006497264980684925
3.6835725003735367,-1.0057614960259311,7.449219440321098,0.998,3.1917142857142857,293.0,-0.0006006418530621893,0.006497264980684925
3.682971858520475,-1.0055922981383174,7.455716705301783,0.998,3.1910714285714286,294.0,-0.0006006418530617452,0.006497264980684925
3.682371216667413,-1.0054231002507035,7.462213970282469,0.998,3.1904285714285714,295.0,-0.0006006418530617452,0.006497264980685813
3.6817705748143514,-1.0052539023630898,7.468711235263154,0.998,3.1897857142857142,296.0,-0.0006006418530617452,0.006497264980684925
3.6811699329612892,-1.0050847044754758,7.475208500243839,0.998,3.189142857142857,297.0,-0.0006006418530621893,0.006497264980684925
3.6805692911082275,-1.004915506587862,7.481705765224524,0.998,3.1885000000000003,298.0,-0.0006006418530617452,0.006497264980684925
3.6799686492551658,-1.0047463087002484,7.4882030302052085,0.998,3.187857142857143,299.0,-0.0006006418530617452,0.006497264980684925
3.6793680074021036,-1.0045771108126345,7.494700295185893,0.998,3.187214285714286,300.0,-0.0006006418530621893,0.006497264980684925
3.678767365549042,-1.0044079129250207,7.501197560166578,0.998,3.186571428571429,301.0,-0.0006006418530617452,0.006497264980684925
3.67816672369598,-1.0042387150374068,7.507694825147264,0.998,3.1859285714285717,302.0,-0.0006006418530617452,0.006497264980685813
3.6775660818429183,-1.004069517149793,7.514192090127949,0.998,3.1852857142857145,303.0,-0.0006006418530617452,0.006497264980684925
3.676965439989856,-1.0039003192621792,7.520689355108634,0.998,3.1846428571428573,304.0,-0.0006006418530621893,0.006497264980684925
3.6763647981367944,-1.0037311213745654,7.527186620089319,0.998,3.184,305.0,-0.0006006418530617452,0.006497264980684925
3.6757613011418457,-1.0039119541165524,7.532338024523631,0.998,3.1834285714285717,306.0,-0.0006034969949486602,0.00515140443431239
3.675157804146897,-1.0040927868585392,7.537489428957945,0.998,3.182857142857143,307.0,-0.0006034969949486602,0.005151404434313278
3.674554307151948,-1.0042736196005262,7.542640833392257,0.998,3.1822857142857144,308.0,-0.0006034969949491042,0.00515140443431239
3.6739508101569993,-1.0044544523425132,7.54779223782657,0.998,3.181714285714286,309.0,-0.0006034969949486602,0.005151404434313278
3.6733473131620507,-1.0046352850845,7.552943642260883,0.998,3.1811428571428575,310.0,-0.0006034969949486602,0.00515140443431239
3.672743816167102,-1.004816117826487,7.558095046695196,0.998,3.1805714285714286,311.0,-0.0006034969949486602,0.005151404434313278
3.672140319172153,-1.0049969505684737,7.563246451129508,0.998,3.18,312.0,-0.0006034969949491042,0.00515140443431239
3.6715368221772042,-1.0051777833104607,7.568397855563821,0.998,3.1794285714285717,313.0,-0.0006034969949486602,0.00515140443431239
3.6709333251822556,-1.0053586160524477,7.573549259998134,0.998,3.178857142857143,314.0,-0.0006034969949486602,0.005151404434313278
3.670329828187307,-1.0055394487944345,7.578700664432446,0.998,3.1782857142857144,315.0,-0.0006034969949486602,0.00515140443431239
3.6697263311923582,-1.0057202815364215,7.58385206886676,0.998,3.177714285714286,316.0,-0.0006034969949486602,0.005151404434313278
3.669122834197409,-1.0059011142784084,7.589003473301072,0.998,3.1771428571428575,317.0,-0.0006034969949491042,0.00515140443431239
3.6685193372024605,-1.0060819470203952,7.594154877735385,0.998,3.1765714285714286,318.0,-0.0006034969949486602,0.005151404434313278
3.667915840207512,-1.0062627797623822,7.599306282169698,0.998,3.176,319.0,-0.0006034969949486602,0.00515140443431239
3.667347024983021,-1.0062156230573687,7.605205418948313,0.998,3.1755,320.0,-0.0005688152244909261,0.005899136778615421
3.6667782097585295,-1.0061684663523551,7.611104555726928,0.998,3.1750000000000003,321.0,-0.0005688152244913702,0.005899136778614533
3.6662093945340386,-1.0061213096473416,7.617003692505543,0.998,3.1745,322.0,-0.0005688152244909261,0.005899136778615421
3.6656405793095477,-1.0060741529423278,7.6229028292841585,0.998,3.174,323.0,-0.0005688152244909261,0.005899136778615421
3.6650717640850563,-1.0060269962373143,7.628801966062773,0.998,3.1735,324.0,-0.0005688152244913702,0.005899136778614533
3.6645029488605654,-1.0059798395323007,7.6347011028413885,0.998,3.173,325.0,-0.0005688152244909261,0.005899136778615421
3.663934133636074,-1.0059326828272872,7.640600239620003,0.998,3.1725000000000003,326.0,-0.0005688152244913702,0.005899136778614533
3.663365318411583,-1.0058855261222737,7.646499376398618,0.998,3.172,327.0,-0.0005688152244909261,0.005899136778615421
3.662796503187092,-1.0058383694172601,7.652398513177234,0.998,3.1715,328.0,-0.0005688152244909261,0.005899136778615421
3.662227687962601,-1.0057912127122466,7.658297649955848,0.998,3.1710000000000003,329.0,-0.0005688152244913702,0.005899136778614533
3.66165887273811,-1.0057440560072328,7.664196786734464,0.998,3.1705,330.0,-0.0005688152244909261,0.005899136778615421
3.661090057513619,-1.0056968993022193,7.670095923513079,0.998,3.17,331.0,-0.0005688152244909261,0.005899136778615421
3.6605212422891276,-1.0056497425972057,7.675995060291694,0.998,3.1695,332.0,-0.0005688152244913702,0.005899136778614533
3.6599524270646366,-1.0056025858921922,7.681894197070309,0.998,3.169,333.0,-0.0005688152244909261,0.005899136778615421
3.659377121690117,-1.005536862883261,7.687782737880604,0.998,3.1685,334.0,-0.0005753053745194414,0.005888540810294884
3.658801816315598,-1.00547113987433,7.6936712786909,0.998,3.168,335.0,-0.0005753053745189973,0.005888540810295773
3.6582265109410788,-1.0054054168653987,7.699559819501195,0.998,3.1675,336.0,-0.0005753053745194414,0.005888540810294884
3.6576512055665598,-1.0053396938564676,7.7054483603114905,0.998,3.167,337.0,-0.0005753053745189973,0.005888540810295773
3.6570759001920403,-1.0052739708475364,7.711336901121785,0.998,3.1665,338.0,-0.0005753053745194414,0.005888540810294884
3.6565005948175213,-1.0052082478386053,7.717225441932081,0.998,3.166,339.0,-0.0005753053745189973,0.005888540810295773
3.655925289443002,-1.0051425248296741,7.723113982742376,0.998,3.1655,340.0,-0.0005753053745194414,0.005888540810294884
3.6553499840684824,-1.0050768018207432,7.729002523552671,0.998,3.165,341.0,-0.0005753053745194414,0.005888540810294884
3.6547746786939634,-1.005011078811812,7.734891064362967,0.998,3.1645,342.0,-0.0005753053745189973,0.005888540810295773
3.654199373319444,-1.004945355802881,7.740779605173262,0.998,3.164,343.0,-0.0005753053745194414,0.005888540810294884
3.653624067944925,-1.0048796327939498,7.746668145983557,0.998,3.1635,344.0,-0.0005753053745189973,0.005888540810295773
3.6530487625704056,-1.0048139097850186,7.752556686793852,0.998,3.163,345.0,-0.0005753053745194414,0.005888540810294884
3.6524734571958866,-1.0047481867760875,7.758445227604148,0.998,3.1625,346.0,-0.0005753053745189973,0.005888540810295773
3.651898151821367,-1.0046824637671563,7.764333768414443,0.998,3.162,347.0,-0.0005753053745194414,0.005888540810294884
3.6513493704190454,-1.0047857800198559,7.7696964271535975,0.998,3.1614285714285715,348.0,-0.0005487814023217297,0.0053626587391546465
3.650800589016724,-1.0048890962725556,7.775059085892752,0.998,3.1608571428571426,349.0,-0.0005487814023212856,0.0053626587391546465
3.6502518076144024,-1.0049924125252552,7.780421744631907,0.998,3.160285714285714,350.0,-0.0005487814023217297,0.0053626587391546465
3.649703026212081,-1.0050957287779547,7.7857844033710615,0.998,3.1597142857142857,351.0,-0.0005487814023212856,0.0053626587391546465
3.6491542448097594,-1.0051990450306545,7.791147062110216,0.998,3.1591428571428573,352.0,-0.0005487814023217297,0.0053626587391546465
3.648605463407438,-1.005302361283354,7.796509720849371,0.998,3.1585714285714284,353.0,-0.0005487814023212856,0.0053626587391546465
3.6480566820051163,-1.0054056775360536,7.801872379588525,0.998,3.158,354.0,-0.0005487814023217297,0.0053626587391546465
3.6475079006027946,-1.0055089937887534,7.80723503832768,0.998,3.1574285714285715,355.0,-0.0005487814023217297,0.0053626587391546465
3.6469591192004733,-1.005612310041453,7.812597697066835,0.998,3.1568571428571426,356.0,-0.0005487814023212856,0.0053626587391546465
3.6464103377981516,-1.0057156262941527,7.817960355805989,0.998,3.156285714285714,357.0,-0.0005487814023217297,0.0053626587391546465
3.6458615563958303,-1.0058189425468522,7.823323014545144,0.998,3.1557142857142857,358.0,-0.0005487814023212856,0.0053626587391546465
3.6453127749935086,-1.0059222587995518,7.828685673284299,0.998,3.1551428571428572,359.0,-0.0005487814023217297,0.0053626587391546465
3.6447639935911873,-1.0060255750522515,7.834048332023453,0.998,3.1545714285714284,360.0,-0.0005487814023212856,0.0053626587391546465
3.6442152121888656,-1.006128891304951,7.839410990762608,0.998,3.154,361.0,-0.0005487814023217297,0.0053626587391546465
3.6436666084161557,-1.006195076668278,7.845349572704947,0.998,3.1534285714285715,362.0,-0.0005486037727098214,0.005938581942339205
3.643118004643446,-1.0062612620316045,7.8512881546472855,0.998,3.1528571428571426,363.0,-0.0005486037727098214,0.005938581942338317
3.642569400870736,-1.006327447394931,7.857226736589624,0.998,3.152285714285714,364.0,-0.0005486037727098214,0.005938581942338317
3.642020797098026,-1.0063936327582579,7.863165318531963,0.998,3.1517142857142857,365.0,-0.0005486037727102655,0.005938581942339205
3.641472193325316,-1.0064598181215847,7.869103900474302,0.998,3.1511428571428572,366.0,-0.0005486037727098214,0.005938581942339205
3.640923589552606,-1.0065260034849113,7.8750424824166405,0.998,3.1505714285714284,367.0,-0.0005486037727098214,0.005938581942338317
3.6403749857798964,-1.0065921888482379,7.880981064358979,0.998,3.15,368.0,-0.0005486037727098214,0.005938581942338317
3.6398263820071866,-1.0066583742115647,7.886919646301318,0.998,3.1494285714285715,369.0,-0.0005486037727098214,0.005938581942339205
3.6392777782344767,-1.0067245595748915,7.892858228243657,0.998,3.1488571428571426,370.0,-0.0005486037727098214,0.005938581942339205
3.638729174461767,-1.006790744938218,7.8987968101859956,0.998,3.148285714285714,371.0,-0.0005486037727098214,0.005938581942338317
3.6381805706890566,-1.0068569303015447,7.904735392128334,0.998,3.1477142857142857,372.0,-0.0005486037727102655,0.005938581942338317
3.637631966916347,-1.0069231156648715,7.910673974070673,0.998,3.1471428571428572,373.0,-0.0005486037727098214,0.005938581942339205
3.637083363143637,-1.0069893010281983,7.916612556013012,0.998,3.1465714285714284,374.0,-0.0005486037727098214,0.005938581942339205
3.636534759370927,-1.0070554863915249,7.922551137955351,0.998,3.146,375.0,-0.0005486037727098214,0.005938581942338317
3.635995784998082,-1.006921591853492,7.927486174345856,0.998,3.1454285714285715,376.0,-0.0005389743728452245,0.0049350363905054095
3.6354568106252367,-1.0067876973154593,7.932421210736361,0.998,3.1448571428571426,377.0,-0.0005389743728452245,0.0049350363905054095
3.6349178362523915,-1.0066538027774263,7.937356247126867,0.998,3.144285714285714,378.0,-0.0005389743728452245,0.0049350363905054095
3.6343788618795463,-1.0065199082393934,7.942291283517372,0.998,3.1437142857142857,379.0,-0.0005389743728452245,0.0049350363905054095
3.633839887506701,-1.0063860137013607,7.947226319907878,0.998,3.1431428571428572,380.0,-0.0005389743728452245,0.0049350363905054095
3.633300913133856,-1.0062521191633278,7.952161356298383,0.998,3.1425714285714283,381.0,-0.0005389743728452245,0.0049350363905054095
3.632761938761011,-1.006118224625295,7.9570963926888885,0.998,3.142,382.0,-0.0005389743728447804,0.0049350363905054095
3.632222964388166,-1.0059843300872622,7.962031429079394,0.998,3.1414285714285715,383.0,-0.0005389743728452245,0.0049350363905054095
3.6316839900153206,-1.0058504355492293,7.966966465469899,0.998,3.1408571428571426,384.0,-0.0005389743728452245,0.0049350363905054095
3.6311450156424754,-1.0057165410111966,7.971901501860405,0.998,3.140285714285714,385.0,-0.0005389743728452245,0.0049350363905054095
3.63060604126963,-1.0055826464731636,7.97683653825091,0.998,3.1397142857142857,386.0,-0.0005389743728452245,0.0049350363905054095
3.630067066896785,-1.0054487519351307,7.9817715746414155,0.998,3.1391428571428572,387.0,-0.0005389743728452245,0.0049350363905054095
3.6295280925239397,-1.005314857397098,7.986706611031921,0.998,3.1385714285714283,388.0,-0.0005389743728452245,0.0049350363905054095
3.6289891181510945,-1.005180962859065,7.991641647422426,0.998,3.138,389.0,-0.0005389743728452245,0.0049350363905054095
3.628463625884931,-1.0052047413005796,7.997034681958738,0.998,3.1375714285714285,390.0,-0.0005254922661634964,0.0053930345363113474
3.627938133618767,-1.005228519742094,8.002427716495049,0.998,3.137142857142857,391.0,-0.0005254922661639405,0.0053930345363113474
3.6274126413526036,-1.0052522981836085,8.00782075103136,0.998,3.1367142857142856,392.0,-0.0005254922661634964,0.0053930345363113474
3.62688714908644,-1.0052760766251232,8.013213785567672,0.998,3.136285714285714,393.0,-0.0005254922661634964,0.0053930345363113474
3.626361656820276,-1.0052998550666377,8.018606820103983,0.998,3.1358571428571427,394.0,-0.0005254922661639405,0.0053930345363113474
3.6258361645541126,-1.0053236335081521,8.023999854640294,0.998,3.1354285714285712,395.0,-0.0005254922661634964,0.0053930345363113474
3.6253106722879487,-1.0053474119496666,8.029392889176606,0.998,3.135,396.0,-0.0005254922661639405,0.0053930345363113474
3.624785180021785,-1.005371190391181,8.034785923712917,0.998,3.134571428571429,397.0,-0.0005254922661634964,0.0053930345363113474
3.6242596877556217,-1.0053949688326955,8.040178958249228,0.998,3.1341428571428573,398.0,-0.0005254922661634964,0.0053930345363113474
3.6237341954894577,-1.00541874727421,8.04557199278554,0.998,3.133714285714286,399.0,-0.0005254922661639405,0.0053930345363113474
3.6232087032232942,-1.0054425257157247,8.050965027321851,0.998,3.1332857142857145,400.0,-0.0005254922661634964,0.0053930345363113474
3.6226832109571308,-1.0054663041572391,8.056358061858163,0.998,3.132857142857143,401.0,-0.0005254922661634964,0.0053930345363113474
3.622157718690967,-1.0054900825987536,8.061751096394474,0.998,3.1324285714285716,402.0,-0.0005254922661639405,0.0053930345363113474
3.6216322264248033,-1.005513861040268,8.067144130930785,0.998,3.132,403.0,-0.0005254922661634964,0.0053930345363113474
3.6211463678280253,-1.0054710857765023,8.072023576831723,0.998,3.1315,404.0,-0.00048585859677796606,0.004879445900938251
3.620660509231247,-1.0054283105127368,8.076903022732663,0.998,3.1310000000000002,405.0,-0.00048585859677841015,0.004879445900940027
3.6201746506344685,-1.0053855352489711,8.081782468633602,0.998,3.1305,406.0,-0.00048585859677841015,0.004879445900938251
3.6196887920376906,-1.0053427599852054,8.086661914534542,0.998,3.13,407.0,-0.00048585859677796606,0.004879445900940027
3.6192029334409126,-1.0052999847214397,8.09154136043548,0.998,3.1295,408.0,-0.00048585859677796606,0.004879445900938251
3.618717074844134,-1.0052572094576742,8.09642080633642,0.998,3.129,409.0,-0.00048585859677841015,0.004879445900940027
3.6182312162473558,-1.0052144341939084,8.101300252237358,0.998,3.1285000000000003,410.0,-0.00048585859677841015,0.004879445900938251
3.617745357650578,-1.0051716589301427,8.106179698138297,0.998,3.128,411.0,-0.00048585859677796606,0.004879445900938251
3.6172594990538,-1.0051288836663772,8.111059144039237,0.998,3.1275,412.0,-0.00048585859677796606,0.004879445900940027
3.6167736404570214,-1.0050861084026115,8.115938589940175,0.998,3.1270000000000002,413.0,-0.00048585859677841015,0.004879445900938251
3.616287781860243,-1.0050433331388458,8.120818035841115,0.998,3.1265,414.0,-0.00048585859677841015,0.004879445900940027
3.615801923263465,-1.00500055787508,8.125697481742053,0.998,3.126,415.0,-0.00048585859677796606,0.004879445900938251
3.615316064666687,-1.0049577826113145,8.130576927642993,0.998,3.1255,416.0,-0.00048585859677796606,0.004879445900940027
3.6148302060699087,-1.0049150073475488,8.135456373543931,0.998,3.125,417.0,-0.00048585859677841015,0.004879445900938251
3.6143527361257872,-1.005050845309247,8.140133784971663,0.998,3.1245,418.0,-0.0004774699441214558,0.004677411427731926
3.6138752661816653,-1.0051866832709453,8.144811196399395,0.998,3.124,419.0,-0.0004774699441218999,0.004677411427731926
3.613397796237544,-1.0053225212326435,8.149488607827127,0.998,3.1235,420.0,-0.0004774699441214558,0.004677411427731926
3.6129203262934224,-1.005458359194342,8.154166019254859,0.998,3.1229999999999998,421.0,-0.0004774699441214558,0.004677411427731926
3.6124428563493005,-1.0055941971560403,8.158843430682591,0.998,3.1225,422.0,-0.0004774699441218999,0.004677411427731926
3.611965386405179,-1.0057300351177385,8.163520842110323,0.998,3.122,423.0,-0.0004774699441214558,0.004677411427731926
3.611487916461057,-1.0058658730794368,8.168198253538055,0.998,3.1215,424.0,-0.0004774699441218999,0.004677411427731926
3.6110104465169357,-1.006001711041135,8.172875664965787,0.998,3.121,425.0,-0.0004774699441214558,0.004677411427731926
3.6105329765728142,-1.0061375490028333,8.177553076393519,0.998,3.1205,426.0,-0.0004774699441214558,0.004677411427731926
3.6100555066286923,-1.0062733869645315,8.18223048782125,0.998,3.12,427.0,-0.0004774699441218999,0.004677411427731926
3.609578036684571,-1.00640922492623,8.186907899248983,0.998,3.1195,428.0,-0.0004774699441214558,0.004677411427731926
3.6091005667404494,-1.0065450628879282,8.191585310676714,0.998,3.1189999999999998,429.0,-0.0004774699441214558,0.004677411427731926
3.6086230967963275,-1.0066809008496265,8.196262722104446,0.998,3.1185,430.0,-0.0004774699441218999,0.004677411427731926
3.608145626852206,-1.0068167388113247,8.200940133532178,0.998,3.118,431.0,-0.0004774699441214558,0.004677411427731926
3.607681244478007,-1.0067826751048736,8.205159362996191,0.998,3.1175714285714284,432.0,-0.00046438237419899053,0.004219229464013097
3.6072168621038085,-1.0067486113984225,8.209378592460205,0.998,3.117142857142857,433.0,-0.00046438237419854644,0.004219229464013097
3.6067524797296096,-1.0067145476919712,8.213597821924218,0.998,3.1167142857142855,434.0,-0.00046438237419899053,0.004219229464013097
3.606288097355411,-1.0066804839855201,8.21781705138823,0.998,3.116285714285714,435.0,-0.00046438237419854644,0.004219229464013097
3.605823714981212,-1.006646420279069,8.222036280852244,0.998,3.1158571428571427,436.0,-0.00046438237419899053,0.004219229464013097
3.6053593326070135,-1.006612356572618,8.226255510316257,0.998,3.115428571428571,437.0,-0.00046438237419854644,0.004219229464013097
3.6048949502328145,-1.0065782928661666,8.23047473978027,0.998,3.1149999999999998,438.0,-0.00046438237419899053,0.004219229464013097
3.6044305678586155,-1.0065442291597155,8.234693969244285,0.998,3.1145714285714288,439.0,-0.00046438237419899053,0.004219229464014873
3.603966185484417,-1.0065101654532644,8.238913198708298,0.998,3.1141428571428573,440.0,-0.00046438237419854644,0.004219229464013097
3.603501803110218,-1.0064761017468133,8.243132428172311,0.998,3.113714285714286,441.0,-0.00046438237419899053,0.004219229464013097
3.6030374207360194,-1.0064420380403623,8.247351657636324,0.998,3.1132857142857144,442.0,-0.00046438237419854644,0.004219229464013097
3.6025730383618204,-1.006407974333911,8.251570887100337,0.998,3.112857142857143,443.0,-0.00046438237419899053,0.004219229464013097
3.602108655987622,-1.0063739106274598,8.25579011656435,0.998,3.1124285714285715,444.0,-0.00046438237419854644,0.004219229464013097
3.601644273613423,-1.0063398469210088,8.260009346028363,0.998,3.112,445.0,-0.00046438237419899053,0.004219229464013097
3.6012006743788194,-1.0063475083534381,8.264129935238522,0.998,3.1115714285714287,446.0,-0.0004435992346034645,0.004120589210158343
3.600757075144216,-1.0063551697858673,8.268250524448682,0.998,3.111142857142857,447.0,-0.0004435992346034645,0.004120589210160119
3.600313475909612,-1.0063628312182966,8.27237111365884,0.998,3.1107142857142858,448.0,-0.0004435992346039086,0.004120589210158343
3.5998698766750086,-1.006370492650726,8.276491702868999,0.998,3.1102857142857143,449.0,-0.0004435992346034645,0.004120589210158343
3.599426277440405,-1.0063781540831553,8.280612292079159,0.998,3.109857142857143,450.0,-0.0004435992346034645,0.004120589210160119
3.5989826782058016,-1.0063858155155845,8.284732881289317,0.998,3.1094285714285714,451.0,-0.0004435992346034645,0.004120589210158343
3.598539078971198,-1.0063934769480138,8.288853470499475,0.998,3.109,452.0,-0.0004435992346034645,0.004120589210158343
3.5980954797365943,-1.0064011383804432,8.292974059709636,0.998,3.1085714285714285,453.0,-0.0004435992346039086,0.004120589210160119
3.597651880501991,-1.0064087998128723,8.297094648919794,0.998,3.108142857142857,454.0,-0.0004435992346034645,0.004120589210158343
3.5972082812673873,-1.0064164612453017,8.301215238129954,0.998,3.1077142857142857,455.0,-0.0004435992346034645,0.004120589210160119
3.596764682032784,-1.006424122677731,8.305335827340112,0.998,3.107285714285714,456.0,-0.0004435992346034645,0.004120589210158343
3.59632108279818,-1.0064317841101604,8.30945641655027,0.998,3.1068571428571428,457.0,-0.0004435992346039086,0.004120589210158343
3.5958774835635765,-1.0064394455425896,8.31357700576043,0.998,3.1064285714285713,458.0,-0.0004435992346034645,0.004120589210160119
3.595433884328973,-1.006447106975019,8.31769759497059,0.998,3.106,459.0,-0.0004435992346034645,0.004120589210158343
3.595010876088445,-1.0063653710127922,8.321624321148708,0.998,3.1055714285714284,460.0,-0.0004230082405278779,0.0039267261781184
3.594587867847917,-1.0062836350505655,8.325551047326824,0.998,3.105142857142857,461.0,-0.000423008240528322,0.003926726178116624
3.594164859607389,-1.0062018990883388,8.32947777350494,0.998,3.1047142857142855,462.0,-0.0004230082405278779,0.003926726178116624
3.593741851366861,-1.006120163126112,8.33340449968306,0.998,3.104285714285714,463.0,-0.0004230082405278779,0.0039267261781184
3.593318843126333,-1.0060384271638854,8.337331225861178,0.998,3.1038571428571426,464.0,-0.0004230082405278779,0.0039267261781184
3.592895834885805,-1.0059566912016586,8.341257952039294,0.998,3.103428571428571,465.0,-0.000423008240528322,0.003926726178116624
3.592472826645277,-1.005874955239432,8.34518467821741,0.998,3.1029999999999998,466.0,-0.0004230082405278779,0.003926726178116624
3.592049818404749,-1.0057932192772054,8.34911140439553,0.998,3.1025714285714288,467.0,-0.0004230082405278779,0.0039267261781184
3.591626810164221,-1.0057114833149787,8.353038130573648,0.998,3.1021428571428573,468.0,-0.000423008240528322,0.0039267261781184
3.591203801923693,-1.005629747352752,8.356964856751764,0.998,3.101714285714286,469.0,-0.0004230082405278779,0.003926726178116624
3.590780793683165,-1.0055480113905253,8.36089158292988,0.998,3.1012857142857144,470.0,-0.0004230082405278779,0.003926726178116624
3.590357785442637,-1.0054662754282986,8.364818309108,0.998,3.100857142857143,471.0,-0.0004230082405278779,0.0039267261781184
3.589934777202109,-1.0053845394660719,8.368745035286118,0.998,3.1004285714285715,472.0,-0.000423008240528322,0.0039267261781184
3.589511768961581,-1.0053028035038452,8.372671761464234,0.998,3.1,473.0,-0.0004230082405278779,0.003926726178116624
3.5891137879003683,-1.0052574877209273,8.375561054501263,0.998,3.0996428571428574,474.0,-0.0003979810612126933,0.002889293037029006
3.588715806839155,-1.0052121719380096,8.378450347538292,0.998,3.099285714285714,475.0,-0.00039798106121313737,0.002889293037029006
3.5883178257779424,-1.0051668561550917,8.381339640575321,0.998,3.0989285714285715,476.0,-0.0003979810612126933,0.002889293037029006
3.5879198447167298,-1.0051215403721738,8.38422893361235,0.998,3.0985714285714288,477.0,-0.0003979810612126933,0.002889293037029006
3.5875218636555166,-1.0050762245892562,8.38711822664938,0.998,3.098214285714286,478.0,-0.00039798106121313737,0.002889293037029006
3.587123882594304,-1.0050309088063383,8.390007519686408,0.998,3.097857142857143,479.0,-0.0003979810612126933,0.002889293037029006
3.586725901533091,-1.0049855930234206,8.392896812723436,0.998,3.0975,480.0,-0.00039798106121313737,0.0028892930370272296
3.586327920471878,-1.0049402772405027,8.395786105760465,0.998,3.0971428571428574,481.0,-0.0003979810612126933,0.002889293037029006
3.5859299394106654,-1.0048949614575848,8.398675398797494,0.998,3.0967857142857143,482.0,-0.0003979810612126933,0.002889293037029006
3.5855319583494523,-1.0048496456746672,8.401564691834523,0.998,3.0964285714285715,483.0,-0.00039798106121313737,0.002889293037029006
3.5851339772882396,-1.0048043298917493,8.404453984871552,0.998,3.096071428571429,484.0,-0.0003979810612126933,0.002889293037029006
3.584735996227027,-1.0047590141088314,8.40734327790858,0.998,3.095714285714286,485.0,-0.0003979810612126933,0.002889293037029006
3.5843380151658137,-1.0047136983259137,8.41023257094561,0.998,3.095357142857143,486.0,-0.00039798106121313737,0.002889293037029006
3.583940034104601,-1.0046683825429958,8.413121863982639,0.998,3.095,487.0,-0.0003979810612126933,0.002889293037029006
3.5835491106240545,-1.0047886923028837,8.416202151797902,0.998,3.0946428571428575,488.0,-0.00039092348054659,0.003080287815263816
3.583158187143508,-1.0049090020627716,8.419282439613164,0.998,3.0942857142857143,489.0,-0.00039092348054659,0.0030802878152620394
3.5827672636629617,-1.0050293118226594,8.422362727428428,0.998,3.0939285714285716,490.0,-0.0003909234805461459,0.003080287815263816
3.582376340182415,-1.005149621582547,8.42544301524369,0.998,3.093571428571429,491.0,-0.00039092348054659,0.0030802878152620394
3.5819854167018685,-1.005269931342435,8.428523303058954,0.998,3.0932142857142857,492.0,-0.00039092348054659,0.003080287815263816
3.581594493221322,-1.0053902411023228,8.431603590874216,0.998,3.092857142857143,493.0,-0.00039092348054659,0.0030802878152620394
3.5812035697407754,-1.0055105508622106,8.43468387868948,0.998,3.0925,494.0,-0.00039092348054659,0.003080287815263816
3.580812646260229,-1.0056308606220985,8.437764166504744,0.998,3.092142857142857,495.0,-0.0003909234805461459,0.003080287815263816
3.5804217227796826,-1.0057511703819864,8.440844454320006,0.998,3.0917857142857144,496.0,-0.00039092348054659,0.0030802878152620394
3.580030799299136,-1.0058714801418742,8.44392474213527,0.998,3.091428571428571,497.0,-0.00039092348054659,0.003080287815263816
3.5796398758185894,-1.0059917899017619,8.447005029950532,0.998,3.0910714285714285,498.0,-0.00039092348054659,0.0030802878152620394
3.5792489523380433,-1.0061120996616497,8.450085317765796,0.998,3.0907142857142857,499.0,-0.0003909234805461459,0.003080287815263816
3.5788580288574967,-1.0062324094215376,8.453165605581058,0.998,3.0903571428571426,500.0,-0.00039092348054659,0.0030802878152620394
3.57846710537695,-1.0063527191814254,8.456245893396321,0.998,3.09,501.0,-0.00039092348054659,0.003080287815263816
3.5780993333201283,-1.0063494332074319,8.461316269798642,0.998,3.0897142857142854,502.0,-0.00036777205682181346,0.005070376402320775
3.5777315612633065,-1.0063461472334385,8.466386646200965,0.998,3.0894285714285714,503.0,-0.00036777205682181346,0.005070376402322552
3.5773637892064847,-1.0063428612594452,8.471457022603285,0.998,3.089142857142857,504.0,-0.00036777205682181346,0.005070376402320775
3.576996017149663,-1.0063395752854516,8.476527399005606,0.998,3.0888571428571425,505.0,-0.00036777205682181346,0.005070376402320775
3.576628245092841,-1.006336289311458,8.481597775407927,0.998,3.0885714285714285,506.0,-0.00036777205682181346,0.005070376402320775
3.5762604730360192,-1.0063330033374647,8.48666815181025,0.998,3.088285714285714,507.0,-0.00036777205682181346,0.005070376402322552
3.5758927009791974,-1.0063297173634713,8.49173852821257,0.998,3.088,508.0,-0.00036777205682181346,0.005070376402320775
3.5755249289223756,-1.0063264313894777,8.496808904614891,0.998,3.0877142857142856,509.0,-0.00036777205682181346,0.005070376402320775
3.575157156865554,-1.0063231454154842,8.501879281017214,0.998,3.087428571428571,510.0,-0.00036777205682181346,0.005070376402322552
3.574789384808732,-1.0063198594414908,8.506949657419534,0.998,3.087142857142857,511.0,-0.00036777205682181346,0.005070376402320775
3.57442161275191,-1.0063165734674975,8.512020033821855,0.998,3.0868571428571427,512.0,-0.00036777205682181346,0.005070376402320775
3.5740538406950884,-1.006313287493504,8.517090410224176,0.998,3.0865714285714283,513.0,-0.00036777205682181346,0.005070376402320775
3.5736860686382665,-1.0063100015195103,8.522160786626499,0.998,3.0862857142857143,514.0,-0.00036777205682181346,0.005070376402322552
3.5733182965814447,-1.006306715545517,8.52723116302882,0.998,3.086,515.0,-0.00036777205682181346,0.005070376402320775
3.5729578235872466,-1.0063310550982896,8.530480530813033,0.998,3.0855714285714284,516.0,-0.0003604729941981688,0.00324936778421403
3.572597350593049,-1.0063553946510622,8.533729898597247,0.998,3.085142857142857,517.0,-0.0003604729941977247,0.00324936778421403
3.5722368775988507,-1.0063797342038348,8.53697926638146,0.998,3.0847142857142855,518.0,-0.0003604729941981688,0.0032493677842122537
3.571876404604653,-1.0064040737566073,8.540228634165674,0.998,3.084285714285714,519.0,-0.0003604729941977247,0.00324936778421403
3.5715159316104548,-1.00642841330938,8.543478001949888,0.998,3.0838571428571426,520.0,-0.0003604729941981688,0.00324936778421403
3.571155458616257,-1.0064527528621525,8.546727369734102,0.998,3.083428571428571,521.0,-0.0003604729941977247,0.00324936778421403
3.570794985622059,-1.0064770924149251,8.549976737518314,0.998,3.0829999999999997,522.0,-0.0003604729941981688,0.0032493677842122537
3.5704345126278607,-1.0065014319676977,8.553226105302528,0.998,3.0825714285714287,523.0,-0.0003604729941981688,0.00324936778421403
3.570074039633663,-1.0065257715204703,8.556475473086742,0.998,3.0821428571428573,524.0,-0.0003604729941977247,0.00324936778421403
3.569713566639465,-1.0065501110732429,8.559724840870956,0.998,3.081714285714286,525.0,-0.0003604729941981688,0.00324936778421403
3.569353093645267,-1.0065744506260155,8.56297420865517,0.998,3.0812857142857144,526.0,-0.0003604729941977247,0.00324936778421403
3.568992620651069,-1.006598790178788,8.566223576439382,0.998,3.080857142857143,527.0,-0.0003604729941981688,0.0032493677842122537
3.568632147656871,-1.0066231297315607,8.569472944223596,0.998,3.0804285714285715,528.0,-0.0003604729941977247,0.00324936778421403
3.568271674662673,-1.0066474692843332,8.57272231200781,0.998,3.08,529.0,-0.0003604729941981688,0.00324936778421403
3.567917746237478,-1.0065165657145585,8.576713632073545,0.998,3.0797142857142856,530.0,-0.0003539284251949937,0.003991320065734882
3.567563817812283,-1.0063856621447838,8.580704952139282,0.998,3.0794285714285716,531.0,-0.0003539284251949937,0.003991320065736659
3.567209889387088,-1.006254758575009,8.584696272205019,0.998,3.079142857142857,532.0,-0.0003539284251949937,0.003991320065736659
3.5668559609618926,-1.006123855005234,8.588687592270754,0.998,3.0788571428571427,533.0,-0.00035392842519543777,0.003991320065734882
3.5665020325366976,-1.0059929514354593,8.592678912336488,0.998,3.0785714285714287,534.0,-0.0003539284251949937,0.003991320065734882
3.5661481041115026,-1.0058620478656846,8.596670232402225,0.998,3.0782857142857143,535.0,-0.0003539284251949937,0.003991320065736659
3.5657941756863076,-1.0057311442959098,8.600661552467962,0.998,3.0780000000000003,536.0,-0.0003539284251949937,0.003991320065736659
3.5654402472611126,-1.005600240726135,8.604652872533697,0.998,3.077714285714286,537.0,-0.0003539284251949937,0.003991320065734882
3.5650863188359176,-1.0054693371563603,8.608644192599431,0.998,3.0774285714285714,538.0,-0.0003539284251949937,0.003991320065734882
3.5647323904107227,-1.0053384335865856,8.612635512665168,0.998,3.0771428571428574,539.0,-0.0003539284251949937,0.003991320065736659
3.564378461985527,-1.0052075300168106,8.616626832730905,0.998,3.076857142857143,540.0,-0.00035392842519543777,0.003991320065736659
3.564024533560332,-1.0050766264470359,8.62061815279664,0.998,3.0765714285714285,541.0,-0.0003539284251949937,0.003991320065734882
3.5636706051351372,-1.0049457228772611,8.624609472862375,0.998,3.0762857142857145,542.0,-0.0003539284251949937,0.003991320065734882
3.5633166767099422,-1.0048148193074864,8.628600792928111,0.998,3.076,543.0,-0.0003539284251949937,0.003991320065736659
3.562985977957672,-1.0049024144747656,8.630640453977124,0.998,3.0757142857142856,544.0,-0.00033069875227020873,0.0020396610490127642
3.562655279205402,-1.0049900096420448,8.632680115026139,0.998,3.0754285714285716,545.0,-0.00033069875227020873,0.0020396610490145406
3.562324580453132,-1.005077604809324,8.634719776075151,0.998,3.075142857142857,546.0,-0.00033069875226976464,0.0020396610490127642
3.561993881700862,-1.005165199976603,8.636759437124164,0.998,3.0748571428571427,547.0,-0.00033069875227020873,0.0020396610490127642
3.5616631829485916,-1.005252795143882,8.638799098173177,0.998,3.0745714285714287,548.0,-0.00033069875227020873,0.0020396610490127642
3.5613324841963214,-1.0053403903111613,8.640838759222191,0.998,3.0742857142857143,549.0,-0.00033069875227020873,0.0020396610490145406
3.561001785444051,-1.0054279854784405,8.642878420271204,0.998,3.0740000000000003,550.0,-0.00033069875227020873,0.0020396610490127642
3.5606710866917815,-1.0055155806457197,8.644918081320217,0.998,3.073714285714286,551.0,-0.00033069875226976464,0.0020396610490127642
3.5603403879395112,-1.0056031758129989,8.646957742369231,0.998,3.0734285714285714,552.0,-0.00033069875227020873,0.0020396610490145406
3.560009689187241,-1.005690770980278,8.648997403418244,0.998,3.0731428571428574,553.0,-0.00033069875227020873,0.0020396610490127642
3.559678990434971,-1.005778366147557,8.651037064467257,0.998,3.072857142857143,554.0,-0.00033069875227020873,0.0020396610490127642
3.559348291682701,-1.0058659613148362,8.65307672551627,0.998,3.0725714285714285,555.0,-0.00033069875226976464,0.0020396610490127642
3.559017592930431,-1.0059535564821154,8.655116386565284,0.998,3.0722857142857145,556.0,-0.00033069875227020873,0.0020396610490145406
3.5586868941781606,-1.0060411516493946,8.657156047614297,0.998,3.072,557.0,-0.00033069875227020873,0.0020396610490127642
3.5583416281608993,-1.006054231093476,8.660637409593521,0.998,3.0716428571428573,558.0,-0.00034526601726136974,0.003481361979224218
3.557996362143638,-1.006067310537557,8.664118771572744,0.998,3.071285714285714,559.0,-0.00034526601726136974,0.0034813619792224415
3.5576510961263765,-1.0060803899816384,8.667600133551968,0.998,3.0709285714285715,560.0,-0.00034526601726136974,0.003481361979224218
3.557305830109115,-1.0060934694257198,8.67108149553119,0.998,3.0705714285714287,561.0,-0.00034526601726136974,0.0034813619792224415
3.556960564091854,-1.0061065488698009,8.674562857510415,0.998,3.070214285714286,562.0,-0.00034526601726136974,0.003481361979224218
3.5566152980745924,-1.0061196283138822,8.678044219489637,0.998,3.069857142857143,563.0,-0.00034526601726136974,0.0034813619792224415
3.556270032057331,-1.0061327077579636,8.681525581468861,0.998,3.0695,564.0,-0.00034526601726136974,0.003481361979224218
3.5559247660400692,-1.0061457872020447,8.685006943448085,0.998,3.0691428571428574,565.0,-0.00034526601726181383,0.003481361979224218
3.555579500022808,-1.006158866646126,8.688488305427308,0.998,3.0687857142857142,566.0,-0.00034526601726136974,0.0034813619792224415
3.5552342340055465,-1.0061719460902072,8.691969667406532,0.998,3.0684285714285715,567.0,-0.00034526601726136974,0.003481361979224218
3.554888967988285,-1.0061850255342886,8.695451029385755,0.998,3.068071428571429,568.0,-0.00034526601726136974,0.0034813619792224415
3.5545437019710238,-1.00619810497837,8.698932391364979,0.998,3.067714285714286,569.0,-0.00034526601726136974,0.003481361979224218
3.5541984359537624,-1.006211184422451,8.702413753344201,0.998,3.067357142857143,570.0,-0.00034526601726136974,0.0034813619792224415
3.553853169936501,-1.0062242638665324,8.705895115323425,0.998,3.067,571.0,-0.00034526601726136974,0.003481361979224218
3.553538974334556,-1.0062133814684868,8.708871744317902,0.998,3.0667142857142857,572.0,-0.000314195601945233,0.0029766289944763713
3.55322477873261,-1.0062024990704412,8.711848373312376,0.998,3.0664285714285717,573.0,-0.0003141956019456771,0.002976628994474595
3.5529105831306644,-1.0061916166723957,8.714825002306853,0.998,3.0661428571428573,574.0,-0.0003141956019456771,0.0029766289944763713
3.552596387528719,-1.0061807342743498,8.71780163130133,0.998,3.065857142857143,575.0,-0.000314195601945233,0.0029766289944763713
3.552282191926774,-1.0061698518763043,8.720778260295804,0.998,3.065571428571429,576.0,-0.000314195601945233,0.002976628994474595
3.5519679963248283,-1.0061589694782587,8.72375488929028,0.998,3.0652857142857144,577.0,-0.0003141956019456771,0.0029766289944763713
3.5516538007228826,-1.006148087080213,8.726731518284755,0.998,3.0650000000000004,578.0,-0.0003141956019456771,0.002976628994474595
3.5513396051209374,-1.0061372046821675,8.729708147279231,0.998,3.064714285714286,579.0,-0.000314195601945233,0.0029766289944763713
3.551025409518992,-1.006126322284122,8.732684776273707,0.998,3.0644285714285715,580.0,-0.000314195601945233,0.0029766289944763713
3.5507112139170465,-1.0061154398860763,8.735661405268182,0.998,3.0641428571428575,581.0,-0.0003141956019456771,0.002976628994474595
3.550397018315101,-1.0061045574880305,8.738638034262658,0.998,3.063857142857143,582.0,-0.0003141956019456771,0.0029766289944763713
3.5500828227131556,-1.006093675089985,8.741614663257135,0.998,3.0635714285714286,583.0,-0.000314195601945233,0.0029766289944763713
3.5497686271112103,-1.0060827926919393,8.74459129225161,0.998,3.0632857142857146,584.0,-0.000314195601945233,0.002976628994474595
3.5494544315092647,-1.0060719102938938,8.747567921246086,0.998,3.063,585.0,-0.0003141956019456771,0.0029766289944763713
3.549134203346644,-1.0060489395008638,8.75040355151814,0.998,3.0627142857142857,586.0,-0.00032022816262067266,0.002835630272054246
3.548813975184023,-1.0060259687078341,8.753239181790194,0.998,3.0624285714285717,587.0,-0.00032022816262111675,0.002835630272054246
3.548493747021402,-1.0060029979148042,8.756074812062248,0.998,3.0621428571428573,588.0,-0.00032022816262067266,0.002835630272054246
3.5481735188587815,-1.0059800271217745,8.758910442334301,0.998,3.061857142857143,589.0,-0.00032022816262067266,0.0028356302720524695
3.5478532906961604,-1.0059570563287445,8.761746072606355,0.998,3.061571428571429,590.0,-0.00032022816262111675,0.002835630272054246
3.5475330625335397,-1.0059340855357148,8.76458170287841,0.998,3.0612857142857144,591.0,-0.00032022816262067266,0.002835630272054246
3.5472128343709186,-1.005911114742685,8.767417333150464,0.998,3.0610000000000004,592.0,-0.00032022816262111675,0.002835630272054246
3.546892606208298,-1.005888143949655,8.770252963422518,0.998,3.060714285714286,593.0,-0.00032022816262067266,0.002835630272054246
3.5465723780456773,-1.0058651731566253,8.773088593694572,0.998,3.0604285714285715,594.0,-0.00032022816262067266,0.002835630272054246
3.546252149883056,-1.0058422023635953,8.775924223966626,0.998,3.0601428571428575,595.0,-0.00032022816262111675,0.002835630272054246
3.5459319217204355,-1.0058192315705656,8.778759854238679,0.998,3.059857142857143,596.0,-0.00032022816262067266,0.0028356302720524695
3.545611693557815,-1.0057962607775357,8.781595484510733,0.998,3.0595714285714286,597.0,-0.00032022816262067266,0.002835630272054246
3.5452914653951937,-1.005773289984506,8.784431114782787,0.998,3.0592857142857146,598.0,-0.00032022816262111675,0.002835630272054246
3.544971237232573,-1.005750319191476,8.787266745054842,0.998,3.059,599.0,-0.00032022816262067266,0.002835630272054246
3.544660416494737,-1.0057098806772997,8.790315065296198,0.998,3.0586428571428574,600.0,-0.0003108207378361705,0.0030483202413567057
3.5443495957569002,-1.0056694421631232,8.793363385537555,0.998,3.0582857142857143,601.0,-0.00031082073783661457,0.0030483202413567057
3.544038775019064,-1.0056290036489468,8.79641170577891,0.998,3.0579285714285716,602.0,-0.0003108207378361705,0.0030483202413549293
3.543727954281228,-1.0055885651347705,8.799460026020267,0.998,3.057571428571429,603.0,-0.0003108207378361705,0.0030483202413567057
3.5434171335433917,-1.0055481266205941,8.802508346261623,0.998,3.0572142857142857,604.0,-0.0003108207378361705,0.0030483202413567057
3.543106312805555,-1.0055076881064176,8.80555666650298,0.998,3.056857142857143,605.0,-0.00031082073783661457,0.0030483202413567057
3.542795492067719,-1.0054672495922412,8.808604986744335,0.998,3.0564999999999998,606.0,-0.0003108207378361705,0.0030483202413549293
3.5424846713298828,-1.0054268110780649,8.811653306985692,0.998,3.056142857142857,607.0,-0.0003108207378361705,0.0030483202413567057
3.542173850592046,-1.0053863725638883,8.814701627227048,0.998,3.0557857142857143,608.0,-0.00031082073783661457,0.0030483202413567057
3.54186302985421,-1.005345934049712,8.817749947468405,0.998,3.055428571428571,609.0,-0.0003108207378361705,0.0030483202413567057
3.541552209116374,-1.0053054955355356,8.820798267709762,0.998,3.0550714285714284,610.0,-0.0003108207378361705,0.0030483202413567057
3.5412413883785376,-1.0052650570213593,8.823846587951117,0.998,3.0547142857142857,611.0,-0.0003108207378361705,0.0030483202413549293
3.540930567640701,-1.0052246185071827,8.826894908192473,0.998,3.0543571428571425,612.0,-0.00031082073783661457,0.0030483202413567057
3.540619746902865,-1.0051841799930064,8.82994322843383,0.998,3.054,613.0,-0.0003108207378361705,0.0030483202413567057
3.5403049440680263,-1.005199126176052,8.826981260498577,0.998,3.0537142857142854,614.0,-0.00031480283483853455,-0.0029619679352528294
3.5399901412331882,-1.0052140723590977,8.824019292563326,0.998,3.0534285714285714,615.0,-0.00031480283483809046,-0.002961967935251053
3.53967533839835,-1.0052290185421433,8.821057324628073,0.998,3.053142857142857,616.0,-0.00031480283483809046,-0.0029619679352528294
3.5393605355635116,-1.0052439647251887,8.81809535669282,0.998,3.0528571428571425,617.0,-0.00031480283483853455,-0.0029619679352528294
3.539045732728673,-1.0052589109082344,8.81513338875757,0.998,3.0525714285714285,618.0,-0.00031480283483853455,-0.002961967935251053
3.538730929893835,-1.00527385709128,8.812171420822317,0.998,3.052285714285714,619.0,-0.00031480283483809046,-0.0029619679352528294
3.538416127058997,-1.0052888032743257,8.809209452887066,0.998,3.052,620.0,-0.00031480283483809046,-0.002961967935251053
3.5381013242241584,-1.0053037494573713,8.806247484951813,0.998,3.0517142857142856,621.0,-0.00031480283483853455,-0.0029619679352528294
3.53778652138932,-1.005318695640417,8.80328551701656,0.998,3.051428571428571,622.0,-0.00031480283483853455,-0.0029619679352528294
3.5374717185544817,-1.0053336418234626,8.800323549081309,0.998,3.051142857142857,623.0,-0.00031480283483809046,-0.002961967935251053
3.5371569157196436,-1.005348588006508,8.797361581146056,0.998,3.0508571428571427,624.0,-0.00031480283483809046,-0.0029619679352528294
3.536842112884805,-1.0053635341895537,8.794399613210803,0.998,3.0505714285714283,625.0,-0.00031480283483853455,-0.0029619679352528294
3.5365273100499666,-1.0053784803725994,8.791437645275552,0.998,3.0502857142857143,626.0,-0.00031480283483853455,-0.002961967935251053
3.5362125072151285,-1.005393426555645,8.7884756773403,0.998,3.05,627.0,-0.00031480283483809046,-0.0029619679352528294
3.535875964737682,-1.0055107778521866,8.771527123861594,0.998,3.0497142857142854,628.0,-0.00033654247744641097,-0.01694855347870572
3.5355394222602357,-1.0056281291487281,8.754578570382888,0.998,3.0494285714285714,629.0,-0.00033654247744641097,-0.01694855347870572
3.5352028797827892,-1.0057454804452697,8.737630016904182,0.998,3.049142857142857,630.0,-0.00033654247744641097,-0.01694855347870572
3.5348663373053424,-1.0058628317418112,8.720681463425477,0.998,3.0488571428571425,631.0,-0.00033654247744685506,-0.01694855347870572
3.534529794827896,-1.0059801830383528,8.70373290994677,0.998,3.0485714285714285,632.0,-0.00033654247744641097,-0.01694855347870572
3.5341932523504496,-1.0060975343348944,8.686784356468065,0.998,3.048285714285714,633.0,-0.00033654247744641097,-0.01694855347870572
3.533856709873003,-1.006214885631436,8.669835802989358,0.998,3.048,634.0,-0.00033654247744641097,-0.016948553478707495
3.5335201673955567,-1.0063322369279772,8.652887249510652,0.998,3.0477142857142856,635.0,-0.00033654247744641097,-0.01694855347870572
3.5331836249181103,-1.0064495882245188,8.635938696031946,0.998,3.047428571428571,636.0,-0.00033654247744641097,-0.01694855347870572
3.532847082440664,-1.0065669395210604,8.61899014255324,0.998,3.047142857142857,637.0,-0.00033654247744641097,-0.01694855347870572
3.532510539963217,-1.006684290817602,8.602041589074535,0.998,3.0468571428571427,638.0,-0.00033654247744685506,-0.01694855347870572
3.5321739974857707,-1.0068016421141435,8.585093035595829,0.998,3.0465714285714283,639.0,-0.00033654247744641097,-0.01694855347870572
3.5318374550083242,-1.006918993410685,8.568144482117123,0.998,3.0462857142857143,640.0,-0.00033654247744641097,-0.01694855347870572
3.531500912530878,-1.0070363447072266,8.551195928638418,0.998,3.046,641.0,-0.00033654247744641097,-0.01694855347870572
3.531147934860761,-1.0068799115661227,8.536041704624653,0.998,3.0457142857142854,642.0,-0.00035297767011677195,-0.015154224013764761
3.5307949571906447,-1.0067234784250185,8.520887480610888,0.998,3.0454285714285714,643.0,-0.00035297767011632786,-0.015154224013764761
3.530441979520528,-1.0065670452839144,8.505733256597123,0.998,3.045142857142857,644.0,-0.00035297767011677195,-0.015154224013764761
3.530089001850411,-1.0064106121428105,8.490579032583359,0.998,3.0448571428571425,645.0,-0.00035297767011677195,-0.015154224013764761
3.529736024180295,-1.0062541790017066,8.475424808569594,0.998,3.0445714285714285,646.0,-0.00035297767011632786,-0.015154224013764761
3.529383046510178,-1.0060977458606024,8.460270584555829,0.998,3.044285714285714,647.0,-0.00035297767011677195,-0.015154224013764761
3.5290300688400618,-1.0059413127194983,8.445116360542064,0.998,3.044,648.0,-0.00035297767011632786,-0.015154224013764761
3.528677091169945,-1.0057848795783944,8.4299621365283,0.998,3.0437142857142856,649.0,-0.00035297767011677195,-0.015154224013764761
3.528324113499828,-1.0056284464372904,8.414807912514535,0.998,3.043428571428571,650.0,-0.00035297767011677195,-0.015154224013764761
3.527971135829712,-1.0054720132961863,8.39965368850077,0.998,3.043142857142857,651.0,-0.00035297767011632786,-0.015154224013764761
3.527618158159595,-1.0053155801550822,8.384499464487005,0.998,3.0428571428571427,652.0,-0.00035297767011677195,-0.015154224013764761
3.5272651804894783,-1.0051591470139782,8.36934524047324,0.998,3.0425714285714283,653.0,-0.00035297767011677195,-0.015154224013764761
3.526912202819362,-1.0050027138728743,8.354191016459476,0.998,3.0422857142857143,654.0,-0.00035297767011632786,-0.015154224013764761
3.5265592251492452,-1.0048462807317702,8.339036792445711,0.998,3.042,655.0,-0.00035297767011677195,-0.015154224013764761
3.5261903014814537,-1.0049549113524254,8.33214289047576,0.998,3.041642857142857,656.0,-0.00036892366779150976,-0.0068939019699509885
3.525821377813662,-1.0050635419730807,8.325248988505809,0.998,3.041285714285714,657.0,-0.00036892366779195385,-0.0068939019699509885
3.5254524541458703,-1.005172172593736,8.318355086535858,0.998,3.040928571428571,658.0,-0.00036892366779150976,-0.0068939019699509885
3.5250835304780788,-1.0052808032143912,8.311461184565907,0.998,3.0405714285714285,659.0,-0.00036892366779150976,-0.0068939019699509885
3.5247146068102873,-1.0053894338350464,8.304567282595956,0.998,3.0402142857142858,660.0,-0.00036892366779150976,-0.0068939019699509885
3.5243456831424953,-1.0054980644557017,8.297673380626005,0.998,3.0398571428571426,661.0,-0.00036892366779195385,-0.0068939019699509885
3.523976759474704,-1.005606695076357,8.290779478656054,0.998,3.0395,662.0,-0.00036892366779150976,-0.0068939019699509885
3.5236078358069123,-1.0057153256970122,8.283885576686101,0.998,3.039142857142857,663.0,-0.00036892366779150976,-0.006893901969952765
3.5232389121391203,-1.0058239563176674,8.27699167471615,0.998,3.038785714285714,664.0,-0.00036892366779195385,-0.0068939019699509885
3.522869988471329,-1.0059325869383227,8.2700977727462,0.998,3.0384285714285713,665.0,-0.00036892366779150976,-0.0068939019699509885
3.5225010648035373,-1.006041217558978,8.263203870776248,0.998,3.0380714285714285,666.0,-0.00036892366779150976,-0.0068939019699509885
3.522132141135746,-1.0061498481796332,8.256309968806297,0.998,3.037714285714286,667.0,-0.00036892366779150976,-0.0068939019699509885
3.521763217467954,-1.0062584788002884,8.249416066836346,0.998,3.0373571428571426,668.0,-0.00036892366779195385,-0.0068939019699509885
3.5213942938001623,-1.0063671094209437,8.242522164866395,0.998,3.037,669.0,-0.00036892366779150976,-0.0068939019699509885
3.521012429731277,-1.0063597648261526,8.233861942543182,0.998,3.0365714285714285,670.0,-0.0003818640688852959,-0.008660222323213063
3.5206305656623917,-1.0063524202313618,8.225201720219971,0.998,3.036142857142857,671.0,-0.0003818640688852959,-0.008660222323211286
3.5202487015935064,-1.0063450756365708,8.21654149789676,0.998,3.0357142857142856,672.0,-0.0003818640688852959,-0.008660222323211286
3.519866837524621,-1.00633773104178,8.207881275573547,0.998,3.035285714285714,673.0,-0.0003818640688852959,-0.008660222323213063
3.519484973455736,-1.006330386446989,8.199221053250334,0.998,3.0348571428571427,674.0,-0.0003818640688852959,-0.008660222323213063
3.5191031093868506,-1.0063230418521982,8.190560830927122,0.998,3.0344285714285713,675.0,-0.0003818640688852959,-0.008660222323211286
3.5187212453179653,-1.0063156972574072,8.181900608603911,0.998,3.034,676.0,-0.0003818640688852959,-0.008660222323211286
3.51833938124908,-1.0063083526626162,8.173240386280698,0.998,3.033571428571429,677.0,-0.0003818640688852959,-0.008660222323213063
3.5179575171801947,-1.0063010080678254,8.164580163957485,0.998,3.0331428571428574,678.0,-0.0003818640688852959,-0.008660222323213063
3.5175756531113094,-1.0062936634730344,8.155919941634274,0.998,3.032714285714286,679.0,-0.0003818640688852959,-0.008660222323211286
3.517193789042424,-1.0062863188782436,8.147259719311062,0.998,3.0322857142857145,680.0,-0.0003818640688852959,-0.008660222323211286
3.516811924973539,-1.0062789742834526,8.13859949698785,0.998,3.031857142857143,681.0,-0.0003818640688852959,-0.008660222323213063
3.5164300609046535,-1.0062716296886618,8.129939274664636,0.998,3.0314285714285716,682.0,-0.0003818640688852959,-0.008660222323213063
3.516048196835768,-1.0062642850938708,8.121279052341425,0.998,3.031,683.0,-0.0003818640688852959,-0.008660222323211286
3.515629889945795,-1.0063305194954386,8.112191599408211,0.998,3.0306428571428574,684.0,-0.00041830688997324117,-0.009087452933213669
3.515211583055822,-1.0063967538970062,8.103104146474998,0.998,3.0302857142857142,685.0,-0.0004183068899727971,-0.009087452933213669
3.514793276165849,-1.006462988298574,8.094016693541784,0.998,3.0299285714285715,686.0,-0.00041830688997324117,-0.009087452933213669
3.514374969275876,-1.0065292227001417,8.08492924060857,0.998,3.029571428571429,687.0,-0.0004183068899727971,-0.009087452933213669
3.513956662385903,-1.0065954571017095,8.075841787675357,0.998,3.0292142857142856,688.0,-0.00041830688997324117,-0.009087452933213669
3.51353835549593,-1.0066616915032771,8.066754334742143,0.998,3.028857142857143,689.0,-0.0004183068899727971,-0.009087452933213669
3.513120048605957,-1.006727925904845,8.05766688180893,0.998,3.0284999999999997,690.0,-0.00041830688997324117,-0.009087452933213669
3.5127017417159836,-1.0067941603064128,8.048579428875716,0.998,3.028142857142857,691.0,-0.00041830688997324117,-0.009087452933213669
3.512283434826011,-1.0068603947079804,8.039491975942502,0.998,3.0277857142857143,692.0,-0.0004183068899727971,-0.009087452933213669
3.5118651279360376,-1.0069266291095482,8.030404523009288,0.998,3.027428571428571,693.0,-0.00041830688997324117,-0.009087452933213669
3.5114468210460648,-1.0069928635111158,8.021317070076075,0.998,3.0270714285714284,694.0,-0.0004183068899727971,-0.009087452933213669
3.5110285141560915,-1.0070590979126837,8.01222961714286,0.998,3.0267142857142857,695.0,-0.00041830688997324117,-0.009087452933213669
3.5106102072661187,-1.0071253323142513,8.003142164209647,0.998,3.0263571428571425,696.0,-0.0004183068899727971,-0.009087452933213669
3.5101919003761455,-1.007191566715819,7.9940547112764335,0.998,3.026,697.0,-0.00041830688997324117,-0.009087452933213669
3.5097988182832114,-1.0070353571158868,7.984061212757379,0.998,3.0255714285714284,698.0,-0.0003930820929340939,-0.009993498519054178
3.5094057361902773,-1.0068791475159542,7.974067714238325,0.998,3.025142857142857,699.0,-0.0003930820929340939,-0.009993498519054178
3.509012654097343,-1.0067229379160216,7.96407421571927,0.998,3.0247142857142855,700.0,-0.0003930820929340939,-0.009993498519055066
3.508619572004409,-1.0065667283160893,7.954080717200216,0.998,3.024285714285714,701.0,-0.0003930820929340939,-0.009993498519054178
3.508226489911475,-1.006410518716157,7.944087218681162,0.998,3.0238571428571426,702.0,-0.0003930820929340939,-0.009993498519054178
3.507833407818541,-1.0062543091162244,7.934093720162108,0.998,3.023428571428571,703.0,-0.0003930820929340939,-0.009993498519054178
3.507440325725607,-1.0060980995162918,7.9241002216430525,0.998,3.0229999999999997,704.0,-0.0003930820929340939,-0.009993498519055066
3.5070472436326723,-1.0059418899163595,7.914106723123998,0.998,3.0225714285714287,705.0,-0.000393082092934538,-0.009993498519054178
3.506654161539738,-1.0057856803164271,7.904113224604944,0.998,3.0221428571428572,706.0,-0.0003930820929340939,-0.009993498519054178
3.506261079446804,-1.0056294707164946,7.89411972608589,0.998,3.021714285714286,707.0,-0.0003930820929340939,-0.009993498519054178
3.50586799735387,-1.005473261116562,7.884126227566836,0.998,3.0212857142857144,708.0,-0.0003930820929340939,-0.009993498519054178
3.505474915260936,-1.0053170515166296,7.874132729047781,0.998,3.020857142857143,709.0,-0.0003930820929340939,-0.009993498519055066
3.505081833168002,-1.0051608419166973,7.8641392305287265,0.998,3.0204285714285715,710.0,-0.0003930820929340939,-0.009993498519054178
3.5046887510750677,-1.0050046323167647,7.854145732009672,0.998,3.02,711.0,-0.0003930820929340939,-0.009993498519054178
3.5042656440109927,-1.0051347764703822,7.84936189851388,0.998,3.0195714285714286,712.0,-0.0004231070640750012,-0.004783833495792145
3.503842536946918,-1.0052649206239994,7.844578065018089,0.998,3.019142857142857,713.0,-0.0004231070640745571,-0.0047838334957912565
3.503419429882843,-1.0053950647776169,7.839794231522297,0.998,3.0187142857142857,714.0,-0.0004231070640750012,-0.004783833495792145
3.502996322818768,-1.0055252089312343,7.835010398026505,0.998,3.0182857142857142,715.0,-0.0004231070640750012,-0.004783833495792145
3.5025732157546936,-1.0056553530848518,7.830226564530713,0.998,3.017857142857143,716.0,-0.0004231070640745571,-0.0047838334957912565
3.5021501086906186,-1.005785497238469,7.825442731034921,0.998,3.0174285714285713,717.0,-0.0004231070640750012,-0.004783833495792145
3.501727001626544,-1.0059156413920864,7.82065889753913,0.998,3.017,718.0,-0.0004231070640745571,-0.0047838334957912565
3.501303894562469,-1.006045785545704,7.815875064043338,0.998,3.0165714285714285,719.0,-0.0004231070640750012,-0.004783833495792145
3.500880787498394,-1.0061759296993211,7.811091230547546,0.998,3.016142857142857,720.0,-0.0004231070640750012,-0.004783833495792145
3.5004576804343195,-1.0063060738529386,7.8063073970517545,0.998,3.0157142857142856,721.0,-0.0004231070640745571,-0.0047838334957912565
3.5000345733702445,-1.006436218006556,7.801523563555962,0.998,3.015285714285714,722.0,-0.0004231070640750012,-0.004783833495792145
3.4996114663061695,-1.0065663621601735,7.79673973006017,0.998,3.0148571428571427,723.0,-0.0004231070640750012,-0.004783833495792145
3.499188359242095,-1.0066965063137907,7.791955896564379,0.998,3.0144285714285712,724.0,-0.0004231070640745571,-0.0047838334957912565
3.49876525217802,-1.0068266504674082,7.787172063068587,0.998,3.014,725.0,-0.0004231070640750012,-0.004783833495792145
3.498341317670826,-1.0066853781405023,7.780850113629246,0.998,3.0135714285714283,726.0,-0.0004239345071939127,-0.006321949439341168
3.4979173831636317,-1.0065441058135962,7.7745281641899044,0.998,3.013142857142857,727.0,-0.00042393450719435677,-0.006321949439341168
3.4974934486564377,-1.0064028334866904,7.768206214750562,0.998,3.0127142857142855,728.0,-0.0004239345071939127,-0.006321949439342056
3.497069514149244,-1.0062615611597845,7.761884265311221,0.998,3.012285714285714,729.0,-0.0004239345071939127,-0.006321949439341168
3.4966455796420495,-1.0061202888328784,7.75556231587188,0.998,3.0118571428571426,730.0,-0.00042393450719435677,-0.006321949439341168
3.4962216451348556,-1.0059790165059725,7.749240366432539,0.998,3.011428571428571,731.0,-0.0004239345071939127,-0.006321949439341168
3.495797710627661,-1.0058377441790665,7.742918416993198,0.998,3.0109999999999997,732.0,-0.00042393450719435677,-0.006321949439341168
3.4953737761204673,-1.0056964718521606,7.736596467553856,0.998,3.0105714285714287,733.0,-0.0004239345071939127,-0.006321949439342056
3.4949498416132734,-1.0055551995252547,7.7302745181145145,0.998,3.0101428571428572,734.0,-0.0004239345071939127,-0.006321949439341168
3.494525907106079,-1.0054139271983487,7.723952568675173,0.998,3.009714285714286,735.0,-0.00042393450719435677,-0.006321949439341168
3.494101972598885,-1.0052726548714428,7.717630619235832,0.998,3.0092857142857143,736.0,-0.0004239345071939127,-0.006321949439341168
3.493678038091691,-1.005131382544537,7.71130866979649,0.998,3.008857142857143,737.0,-0.0004239345071939127,-0.006321949439342056
3.493254103584497,-1.0049901102176308,7.704986720357149,0.998,3.0084285714285715,738.0,-0.00042393450719435677,-0.006321949439341168
3.492830169077303,-1.004848837890725,7.698664770917808,0.998,3.008,739.0,-0.0004239345071939127,-0.006321949439341168
3.492394486561406,-1.0049231018452827,7.688222777818317,0.998,3.0076428571428573,740.0,-0.0004356825158970956,-0.010441993099490787
3.4919588040455083,-1.0049973657998403,7.677780784718825,0.998,3.007285714285714,741.0,-0.0004356825158975397,-0.010441993099491675
3.491523121529611,-1.005071629754398,7.6673387916193345,0.998,3.0069285714285714,742.0,-0.0004356825158970956,-0.010441993099490787
3.491087439013714,-1.0051458937089557,7.656896798519844,0.998,3.0065714285714287,743.0,-0.0004356825158970956,-0.010441993099490787
3.490651756497817,-1.0052201576635134,7.646454805420353,0.998,3.006214285714286,744.0,-0.0004356825158970956,-0.010441993099490787
3.4902160739819195,-1.005294421618071,7.636012812320861,0.998,3.005857142857143,745.0,-0.0004356825158975397,-0.010441993099491675
3.4897803914660224,-1.0053686855726287,7.6255708192213705,0.998,3.0055,746.0,-0.0004356825158970956,-0.010441993099490787
3.4893447089501253,-1.0054429495271866,7.61512882612188,0.998,3.0051428571428573,747.0,-0.0004356825158970956,-0.010441993099490787
3.4889090264342277,-1.0055172134817443,7.604686833022388,0.998,3.004785714285714,748.0,-0.0004356825158975397,-0.010441993099491675
3.4884733439183306,-1.005591477436302,7.594244839922897,0.998,3.0044285714285714,749.0,-0.0004356825158970956,-0.010441993099490787
3.4880376614024335,-1.0056657413908596,7.583802846823406,0.998,3.0040714285714287,750.0,-0.0004356825158970956,-0.010441993099490787
3.4876019788865364,-1.0057400053454173,7.573360853723916,0.998,3.003714285714286,751.0,-0.0004356825158970956,-0.010441993099490787
3.487166296370639,-1.005814269299975,7.562918860624424,0.998,3.003357142857143,752.0,-0.0004356825158975397,-0.010441993099491675
3.486730613854742,-1.0058885332545326,7.552476867524933,0.998,3.003,753.0,-0.0004356825158970956,-0.010441993099490787
3.4862900759811644,-1.0058609674849655,7.545643411181668,0.998,3.0025714285714287,754.0,-0.0004405378735774512,-0.006833456343264821
3.485849538107587,-1.0058334017153985,7.5388099548384035,0.998,3.0021428571428572,755.0,-0.0004405378735774512,-0.006833456343264821
3.4854090002340095,-1.0058058359458313,7.531976498495139,0.998,3.001714285714286,756.0,-0.0004405378735774512,-0.006833456343264821
3.4849684623604325,-1.0057782701762643,7.525143042151874,0.998,3.0012857142857143,757.0,-0.00044053787357700713,-0.006833456343264821
3.484527924486855,-1.0057507044066971,7.518309585808609,0.998,3.000857142857143,758.0,-0.0004405378735774512,-0.006833456343264821
3.4840873866132775,-1.0057231386371301,7.511476129465344,0.998,3.0004285714285714,759.0,-0.0004405378735774512,-0.006833456343264821
3.4836468487397,-1.005695572867563,7.504642673122079,0.998,3.0,760.0,-0.0004405378735774512,-0.006833456343264821
3.4832063108661226,-1.0056680070979958,7.497809216778815,0.998,2.9995714285714286,761.0,-0.0004405378735774512,-0.006833456343264821
3.482765772992545,-1.0056404413284288,7.49097576043555,0.998,2.999142857142857,762.0,-0.0004405378735774512,-0.006833456343264821
3.4823252351189677,-1.0056128755588616,7.484142304092285,0.998,2.9987142857142857,763.0,-0.0004405378735774512,-0.006833456343264821
3.4818846972453907,-1.0055853097892946,7.47730884774902,0.998,2.998285714285714,764.0,-0.00044053787357700713,-0.006833456343264821
3.4814441593718133,-1.0055577440197274,7.470475391405755,0.998,2.9978571428571428,765.0,-0.0004405378735774512,-0.006833456343264821
3.481003621498236,-1.0055301782501604,7.4636419350624905,0.998,2.9974285714285713,766.0,-0.0004405378735774512,-0.006833456343264821
3.4805630836246584,-1.0055026124805932,7.456808478719226,0.998,2.997,767.0,-0.0004405378735774512,-0.006833456343264821
3.4801227068835883,-1.0055497453503854,7.454739348003029,0.998,2.996642857142857,768.0,-0.00044037674107011426,-0.002069130716196632
3.479682330142518,-1.0055968782201778,7.452670217286832,0.998,2.996285714285714,769.0,-0.00044037674107011426,-0.002069130716196632
3.479241953401448,-1.00564401108997,7.450601086570635,0.998,2.9959285714285713,770.0,-0.00044037674107011426,-0.0020691307161975203
3.4788015766603775,-1.0056911439597622,7.448531955854438,0.998,2.9955714285714286,771.0,-0.00044037674107055835,-0.002069130716196632
3.4783611999193074,-1.0057382768295544,7.446462825138242,0.998,2.995214285714286,772.0,-0.00044037674107011426,-0.002069130716196632
3.4779208231782373,-1.0057854096993468,7.444393694422045,0.998,2.9948571428571427,773.0,-0.00044037674107011426,-0.002069130716196632
3.477480446437167,-1.005832542569139,7.4423245637058475,0.998,2.9945,774.0,-0.00044037674107011426,-0.0020691307161975203
3.477040069696097,-1.0058796754389312,7.440255432989651,0.998,2.994142857142857,775.0,-0.00044037674107011426,-0.002069130716196632
3.476599692955027,-1.0059268083087236,7.438186302273454,0.998,2.993785714285714,776.0,-0.00044037674107011426,-0.002069130716196632
3.476159316213957,-1.0059739411785158,7.436117171557258,0.998,2.9934285714285713,777.0,-0.00044037674107011426,-0.002069130716196632
3.4757189394728862,-1.006021074048308,7.434048040841061,0.998,2.9930714285714286,778.0,-0.00044037674107055835,-0.002069130716196632
3.475278562731816,-1.0060682069181002,7.4319789101248634,0.998,2.992714285714286,779.0,-0.00044037674107011426,-0.0020691307161975203
3.474838185990746,-1.0061153397878926,7.429909779408667,0.998,2.9923571428571427,780.0,-0.00044037674107011426,-0.002069130716196632
3.474397809249676,-1.0061624726576848,7.42784064869247,0.998,2.992,781.0,-0.00044037674107011426,-0.002069130716196632
3.4739728934138343,-1.0061642737055856,7.437584819000445,0.998,2.9915714285714285,782.0,-0.0004249158358415883,0.009744170307975253
3.4735479775779927,-1.0061660747534864,7.447328989308422,0.998,2.991142857142857,783.0,-0.0004249158358415883,0.009744170307976141
3.4731230617421507,-1.0061678758013872,7.457073159616397,0.998,2.9907142857142857,784.0,-0.0004249158358420324,0.009744170307975253
3.472698145906309,-1.006169676849288,7.466817329924372,0.998,2.990285714285714,785.0,-0.0004249158358415883,0.009744170307975253
3.4722732300704675,-1.0061714778971889,7.476561500232348,0.998,2.9898571428571428,786.0,-0.0004249158358415883,0.009744170307976141
3.471848314234626,-1.0061732789450897,7.4863056705403235,0.998,2.9894285714285713,787.0,-0.0004249158358415883,0.009744170307975253
3.4714233983987843,-1.0061750799929905,7.4960498408483,0.998,2.989,788.0,-0.0004249158358415883,0.009744170307976141
3.4709984825629423,-1.0061768810408915,7.505794011156275,0.998,2.988571428571429,789.0,-0.0004249158358420324,0.009744170307975253
3.4705735667271007,-1.0061786820887924,7.51553818146425,0.998,2.9881428571428574,790.0,-0.0004249158358415883,0.009744170307975253
3.470148650891259,-1.0061804831366932,7.525282351772226,0.998,2.987714285714286,791.0,-0.0004249158358415883,0.009744170307976141
3.4697237350554175,-1.006182284184594,7.5350265220802015,0.998,2.9872857142857145,792.0,-0.0004249158358415883,0.009744170307975253
3.4692988192195755,-1.0061840852324948,7.544770692388177,0.998,2.986857142857143,793.0,-0.0004249158358420324,0.009744170307975253
3.468873903383734,-1.0061858862803956,7.554514862696153,0.998,2.9864285714285717,794.0,-0.0004249158358415883,0.009744170307976141
3.4684489875478923,-1.0061876873282964,7.564259033004128,0.998,2.986,795.0,-0.0004249158358415883,0.009744170307975253
3.468018832729971,-1.0061737357855425,7.57029012960298,0.998,2.9855714285714288,796.0,-0.00043015481792130217,0.006031096598851704
3.46758867791205,-1.0061597842427885,7.576321226201831,0.998,2.9851428571428573,797.0,-0.0004301548179208581,0.006031096598850816
3.4671585230941293,-1.0061458327000348,7.582352322800682,0.998,2.984714285714286,798.0,-0.0004301548179208581,0.006031096598851704
3.466728368276208,-1.0061318811572808,7.588383419399533,0.998,2.9842857142857144,799.0,-0.00043015481792130217,0.006031096598850816
3.4662982134582867,-1.0061179296145268,7.594414515998385,0.998,2.983857142857143,800.0,-0.00043015481792130217,0.006031096598851704
3.465868058640366,-1.0061039780717729,7.600445612597236,0.998,2.9834285714285715,801.0,-0.0004301548179208581,0.006031096598850816
3.465437903822445,-1.0060900265290191,7.606476709196087,0.998,2.983,802.0,-0.0004301548179208581,0.006031096598851704
3.4650077490045237,-1.0060760749862652,7.612507805794939,0.998,2.9825714285714287,803.0,-0.00043015481792130217,0.006031096598851704
3.4645775941866024,-1.0060621234435112,7.61853890239379,0.998,2.982142857142857,804.0,-0.00043015481792130217,0.006031096598850816
3.4641474393686815,-1.0060481719007572,7.624569998992642,0.998,2.9817142857142858,805.0,-0.0004301548179208581,0.006031096598851704
3.4637172845507607,-1.0060342203580033,7.6306010955914925,0.998,2.9812857142857143,806.0,-0.0004301548179208581,0.006031096598850816
3.4632871297328394,-1.0060202688152495,7.636632192190344,0.998,2.980857142857143,807.0,-0.00043015481792130217,0.006031096598851704
3.462856974914918,-1.0060063172724956,7.642663288789195,0.998,2.9804285714285714,808.0,-0.00043015481792130217,0.006031096598850816
3.462426820096997,-1.0059923657297416,7.648694385388047,0.998,2.98,809.0,-0.0004301548179208581,0.006031096598851704
3.4620366432970333,-1.0060710455652364,7.655186020035123,0.998,2.9795714285714285,810.0,-0.00039017679996389276,0.006491634647076694
3.4616464664970694,-1.0061497254007314,7.661677654682201,0.998,2.979142857142857,811.0,-0.00039017679996389276,0.006491634647077582
3.4612562896971055,-1.0062284052362263,7.668169289329278,0.998,2.9787142857142856,812.0,-0.00039017679996389276,0.006491634647076694
3.460866112897141,-1.006307085071721,7.674660923976355,0.998,2.978285714285714,813.0,-0.00039017679996433685,0.006491634647077582
3.4604759360971773,-1.0063857649072159,7.681152558623432,0.998,2.9778571428571428,814.0,-0.00039017679996389276,0.006491634647076694
3.4600857592972134,-1.006464444742711,7.6876441932705095,0.998,2.9774285714285713,815.0,-0.00039017679996389276,0.006491634647077582
3.4596955824972495,-1.0065431245782057,7.694135827917586,0.998,2.977,816.0,-0.00039017679996389276,0.006491634647076694
3.4593054056972856,-1.0066218044137005,7.700627462564663,0.998,2.976571428571429,817.0,-0.00039017679996389276,0.006491634647076694
3.4589152288973217,-1.0067004842491956,7.7071190972117405,0.998,2.9761428571428574,818.0,-0.00039017679996389276,0.006491634647077582
3.458525052097358,-1.0067791640846904,7.713610731858817,0.998,2.975714285714286,819.0,-0.00039017679996389276,0.006491634647076694
3.4581348752973935,-1.0068578439201852,7.720102366505895,0.998,2.9752857142857145,820.0,-0.00039017679996433685,0.006491634647077582
3.4577446984974296,-1.00693652375568,7.7265940011529715,0.998,2.974857142857143,821.0,-0.00039017679996389276,0.006491634647076694
3.4573545216974657,-1.007015203591175,7.733085635800049,0.998,2.9744285714285716,822.0,-0.00039017679996389276,0.006491634647077582
3.456964344897502,-1.0070938834266698,7.739577270447126,0.998,2.974,823.0,-0.00039017679996389276,0.006491634647076694
3.4565845942454234,-1.006951667333698,7.747473385791513,0.998,2.9736428571428575,824.0,-0.0003797506520784033,0.007896115344387056
3.4562048435933455,-1.006809451240726,7.755369501135901,0.998,2.9732857142857143,825.0,-0.0003797506520779592,0.007896115344387944
3.455825092941267,-1.0066672351477541,7.763265616480288,0.998,2.9729285714285716,826.0,-0.0003797506520784033,0.007896115344387056
3.4554453422891886,-1.006525019054782,7.771161731824675,0.998,2.972571428571429,827.0,-0.0003797506520784033,0.007896115344387056
3.4550655916371107,-1.0063828029618103,7.779057847169063,0.998,2.9722142857142857,828.0,-0.0003797506520779592,0.007896115344387944
3.4546858409850323,-1.0062405868688382,7.78695396251345,0.998,2.971857142857143,829.0,-0.0003797506520784033,0.007896115344387056
3.4543060903329543,-1.0060983707758664,7.794850077857838,0.998,2.9715,830.0,-0.0003797506520779592,0.007896115344387944
3.453926339680876,-1.0059561546828946,7.802746193202225,0.998,2.971142857142857,831.0,-0.0003797506520784033,0.007896115344387056
3.4535465890287975,-1.0058139385899225,7.810642308546612,0.998,2.9707857142857144,832.0,-0.0003797506520784033,0.007896115344387056
3.4531668383767196,-1.0056717224969507,7.818538423891,0.998,2.970428571428571,833.0,-0.0003797506520779592,0.007896115344387944
3.452787087724641,-1.0055295064039786,7.826434539235387,0.998,2.9700714285714285,834.0,-0.0003797506520784033,0.007896115344387056
3.4524073370725628,-1.0053872903110068,7.834330654579774,0.998,2.9697142857142858,835.0,-0.0003797506520784033,0.007896115344387056
3.452027586420485,-1.0052450742180348,7.842226769924162,0.998,2.9693571428571426,836.0,-0.0003797506520779592,0.007896115344387944
3.4516478357684064,-1.005102858125063,7.850122885268549,0.998,2.969,837.0,-0.0003797506520784033,0.007896115344387056
3.4512840552876862,-1.0051638947383676,7.852059565841956,0.998,2.968642857142857,838.0,-0.0003637804807201661,0.0019366805734071235
3.450920274806966,-1.0052249313516723,7.853996246415364,0.998,2.968285714285714,839.0,-0.0003637804807201661,0.0019366805734080117
3.450556494326246,-1.005285967964977,7.855932926988771,0.998,2.9679285714285712,840.0,-0.0003637804807201661,0.0019366805734071235
3.4501927138455257,-1.0053470045782817,7.857869607562179,0.998,2.9675714285714285,841.0,-0.0003637804807201661,0.0019366805734080117
3.4498289333648056,-1.0054080411915864,7.859806288135586,0.998,2.967214285714286,842.0,-0.0003637804807201661,0.0019366805734071235
3.4494651528840854,-1.0054690778048911,7.861742968708994,0.998,2.9668571428571426,843.0,-0.0003637804807201661,0.0019366805734080117
3.4491013724033652,-1.0055301144181958,7.8636796492824015,0.998,2.9665,844.0,-0.0003637804807201661,0.0019366805734071235
3.4487375919226455,-1.0055911510315008,7.865616329855809,0.998,2.966142857142857,845.0,-0.000363780480719722,0.0019366805734071235
3.4483738114419253,-1.0056521876448055,7.867553010429217,0.998,2.965785714285714,846.0,-0.0003637804807201661,0.0019366805734080117
3.448010030961205,-1.0057132242581102,7.869489691002624,0.998,2.9654285714285713,847.0,-0.0003637804807201661,0.0019366805734071235
3.447646250480485,-1.0057742608714149,7.871426371576032,0.998,2.9650714285714286,848.0,-0.0003637804807201661,0.0019366805734080117
3.447282469999765,-1.0058352974847196,7.873363052149439,0.998,2.964714285714286,849.0,-0.0003637804807201661,0.0019366805734071235
3.4469186895190447,-1.0058963340980243,7.875299732722847,0.998,2.9643571428571427,850.0,-0.0003637804807201661,0.0019366805734080117
3.4465549090383245,-1.005957370711329,7.877236413296254,0.998,2.964,851.0,-0.0003637804807201661,0.0019366805734071235
3.4461900977587154,-1.0059907145314628,7.8794287246392996,0.998,2.9636428571428572,852.0,-0.00036481127960907855,0.0021923113430455388
3.4458252864791064,-1.0060240583515967,7.881621035982345,0.998,2.963285714285714,853.0,-0.00036481127960907855,0.0021923113430455388
3.4454604751994973,-1.0060574021717306,7.883813347325391,0.998,2.9629285714285714,854.0,-0.00036481127960907855,0.0021923113430455388
3.445095663919888,-1.0060907459918644,7.886005658668437,0.998,2.9625714285714286,855.0,-0.00036481127960907855,0.002192311343046427
3.444730852640279,-1.0061240898119983,7.888197970011483,0.998,2.962214285714286,856.0,-0.00036481127960907855,0.0021923113430455388
3.44436604136067,-1.0061574336321322,7.890390281354528,0.998,2.9618571428571427,857.0,-0.00036481127960907855,0.0021923113430455388
3.444001230081061,-1.006190777452266,7.892582592697574,0.998,2.9615,858.0,-0.00036481127960907855,0.0021923113430455388
3.4436364188014523,-1.0062241212724,7.894774904040619,0.998,2.9611428571428573,859.0,-0.00036481127960863446,0.0021923113430455388
3.4432716075218432,-1.0062574650925338,7.896967215383665,0.998,2.960785714285714,860.0,-0.00036481127960907855,0.0021923113430455388
3.442906796242234,-1.0062908089126676,7.89915952672671,0.998,2.9604285714285714,861.0,-0.00036481127960907855,0.0021923113430455388
3.442541984962625,-1.0063241527328015,7.901351838069757,0.998,2.9600714285714287,862.0,-0.00036481127960907855,0.002192311343046427
3.442177173683016,-1.0063574965529354,7.903544149412802,0.998,2.959714285714286,863.0,-0.00036481127960907855,0.0021923113430455388
3.441812362403407,-1.0063908403730693,7.905736460755848,0.998,2.959357142857143,864.0,-0.00036481127960907855,0.0021923113430455388
3.441447551123798,-1.0064241841932031,7.907928772098893,0.998,2.959,865.0,-0.00036481127960907855,0.0021923113430455388
3.4410920201065727,-1.0063479071450283,7.910500990392311,0.998,2.9586428571428574,866.0,-0.00035553101722518576,0.002572218293417805
3.440736489089348,-1.0062716300968535,7.913073208685729,0.998,2.958285714285714,867.0,-0.0003555310172247417,0.002572218293417805
3.4403809580721227,-1.0061953530486787,7.915645426979147,0.998,2.9579285714285715,868.0,-0.00035553101722518576,0.002572218293417805
3.4400254270548976,-1.0061190760005039,7.9182176452725646,0.998,2.9575714285714287,869.0,-0.00035553101722518576,0.002572218293417805
3.4396698960376724,-1.006042798952329,7.920789863565982,0.998,2.957214285714286,870.0,-0.00035553101722518576,0.002572218293417805
3.4393143650204476,-1.0059665219041543,7.9233620818594,0.998,2.956857142857143,871.0,-0.0003555310172247417,0.002572218293417805
3.4389588340032224,-1.0058902448559794,7.925934300152818,0.998,2.9565,872.0,-0.00035553101722518576,0.002572218293417805
3.4386033029859973,-1.0058139678078044,7.928506518446236,0.998,2.9561428571428574,873.0,-0.00035553101722518576,0.002572218293417805
3.4382477719687725,-1.0057376907596296,7.931078736739654,0.998,2.9557857142857142,874.0,-0.0003555310172247417,0.002572218293417805
3.4378922409515473,-1.0056614137114548,7.933650955033071,0.998,2.9554285714285715,875.0,-0.00035553101722518576,0.002572218293417805
3.437536709934322,-1.00558513666328,7.936223173326489,0.998,2.955071428571429,876.0,-0.00035553101722518576,0.002572218293417805
3.437181178917097,-1.0055088596151052,7.938795391619907,0.998,2.954714285714286,877.0,-0.00035553101722518576,0.002572218293417805
3.436825647899872,-1.0054325825669304,7.941367609913325,0.998,2.954357142857143,878.0,-0.0003555310172247417,0.002572218293417805
3.436470116882647,-1.0053563055187555,7.943939828206743,0.998,2.954,879.0,-0.00035553101722518576,0.002572218293417805
3.436143036773972,-1.0054254982663342,7.946471759303961,0.998,2.953666666666667,880.0,-0.0003270801086752151,0.0025319310972182762
3.4358159566652966,-1.005494691013913,7.94900369040118,0.998,2.9533333333333336,881.0,-0.0003270801086752151,0.0025319310972191644
3.4354888765566214,-1.0055638837614918,7.951535621498398,0.998,2.9530000000000003,882.0,-0.0003270801086752151,0.0025319310972182762
3.4351617964479457,-1.0056330765090706,7.9540675525956175,0.998,2.9526666666666666,883.0,-0.0003270801086756592,0.0025319310972191644
3.4348347163392705,-1.0057022692566493,7.956599483692836,0.998,2.9523333333333333,884.0,-0.0003270801086752151,0.0025319310972182762
3.4345076362305953,-1.0057714620042282,7.959131414790055,0.998,2.952,885.0,-0.0003270801086752151,0.0025319310972191644
3.43418055612192,-1.0058406547518068,7.961663345887273,0.998,2.9516666666666667,886.0,-0.0003270801086752151,0.0025319310972182762
3.433853476013245,-1.0059098474993857,7.964195276984492,0.998,2.9513333333333334,887.0,-0.0003270801086752151,0.0025319310972191644
3.4335263959045697,-1.0059790402469644,7.966727208081711,0.998,2.951,888.0,-0.0003270801086752151,0.0025319310972182762
3.4331993157958944,-1.0060482329945433,7.96925913917893,0.998,2.9506666666666668,889.0,-0.0003270801086752151,0.0025319310972191644
3.432872235687219,-1.006117425742122,7.971791070276148,0.998,2.9503333333333335,890.0,-0.0003270801086752151,0.0025319310972182762
3.4325451555785436,-1.0061866184897008,7.974323001373367,0.998,2.9499999999999997,891.0,-0.0003270801086756592,0.0025319310972191644
3.4322180754698683,-1.0062558112372795,7.9768549324705855,0.998,2.9496666666666664,892.0,-0.0003270801086752151,0.0025319310972182762
3.431890995361193,-1.0063250039848584,7.979386863567805,0.998,2.949333333333333,893.0,-0.0003270801086752151,0.0025319310972191644
3.431563915252518,-1.006394196732437,7.981918794665023,0.998,2.949,894.0,-0.0003270801086752151,0.0025319310972182762
3.4312176503541183,-1.0063121508337671,7.982892525220656,0.998,2.9487142857142854,895.0,-0.0003462648983996175,0.00097373055563299
3.4308713854557182,-1.006230104935097,7.98386625577629,0.998,2.9484285714285714,896.0,-0.0003462648984000616,0.0009737305556338782
3.4305251205573186,-1.0061480590364271,7.984839986331923,0.998,2.948142857142857,897.0,-0.0003462648983996175,0.00097373055563299
3.430178855658919,-1.0060660131377572,7.985813716887556,0.998,2.9478571428571425,898.0,-0.0003462648983996175,0.00097373055563299
3.4298325907605194,-1.0059839672390873,7.986787447443189,0.998,2.9475714285714285,899.0,-0.0003462648983996175,0.00097373055563299
3.4294863258621193,-1.0059019213404172,7.987761177998823,0.998,2.947285714285714,900.0,-0.0003462648984000616,0.0009737305556338782
3.4291400609637197,-1.0058198754417473,7.988734908554456,0.998,2.947,901.0,-0.0003462648983996175,0.00097373055563299
3.42879379606532,-1.0057378295430774,7.989708639110089,0.998,2.9467142857142856,902.0,-0.0003462648983996175,0.00097373055563299
3.42844753116692,-1.0056557836444073,7.9906823696657225,0.998,2.946428571428571,903.0,-0.0003462648984000616,0.0009737305556338782
3.4281012662685204,-1.0055737377457374,7.9916561002213555,0.998,2.946142857142857,904.0,-0.0003462648983996175,0.00097373055563299
3.427755001370121,-1.0054916918470675,7.9926298307769885,0.998,2.9458571428571427,905.0,-0.0003462648983996175,0.00097373055563299
3.427408736471721,-1.0054096459483977,7.9936035613326215,0.998,2.9455714285714283,906.0,-0.0003462648983996175,0.00097373055563299
3.427062471573321,-1.0053276000497275,7.994577291888255,0.998,2.9452857142857143,907.0,-0.0003462648984000616,0.0009737305556338782
3.4267162066749215,-1.0052455541510577,7.995551022443888,0.998,2.945,908.0,-0.0003462648983996175,0.00097373055563299
3.4263952547713554,-1.0052015685649915,7.999923119583143,0.998,2.944642857142857,909.0,-0.00032095190356606906,0.004372097139254905
3.426074302867789,-1.0051575829789252,8.004295216722397,0.998,2.944285714285714,910.0,-0.00032095190356651315,0.0043720971392540164
3.425753350964223,-1.005113597392859,8.008667313861652,0.998,2.9439285714285712,911.0,-0.00032095190356606906,0.004372097139254905
3.4254323990606563,-1.0050696118067928,8.013039411000907,0.998,2.9435714285714285,912.0,-0.00032095190356651315,0.004372097139254905
3.4251114471570903,-1.0050256262207267,8.017411508140162,0.998,2.943214285714286,913.0,-0.00032095190356606906,0.004372097139254905
3.4247904952535237,-1.0049816406346603,8.021783605279417,0.998,2.9428571428571426,914.0,-0.00032095190356651315,0.004372097139254905
3.4244695433499577,-1.0049376550485942,8.026155702418672,0.998,2.9425,915.0,-0.00032095190356606906,0.004372097139254905
3.4241485914463916,-1.0048936694625281,8.030527799557927,0.998,2.942142857142857,916.0,-0.00032095190356606906,0.004372097139254905
3.423827639542825,-1.0048496838764618,8.034899896697182,0.998,2.941785714285714,917.0,-0.00032095190356651315,0.004372097139254905
3.423506687639259,-1.0048056982903957,8.039271993836435,0.998,2.9414285714285713,918.0,-0.00032095190356606906,0.004372097139253128
3.4231857357356925,-1.0047617127043293,8.04364409097569,0.998,2.9410714285714286,919.0,-0.00032095190356651315,0.004372097139254905
3.4228647838321264,-1.0047177271182632,8.048016188114945,0.998,2.940714285714286,920.0,-0.00032095190356606906,0.004372097139254905
3.42254383192856,-1.004673741532197,8.0523882852542,0.998,2.9403571428571427,921.0,-0.00032095190356651315,0.004372097139254905
3.422222880024994,-1.0046297559461308,8.056760382393454,0.998,2.94,922.0,-0.00032095190356606906,0.004372097139254905
3.4218936576065673,-1.0046205404801731,8.058958507236618,0.998,2.9396428571428572,923.0,-0.00032922241842658906,0.002198124843163285
3.4215644351881402,-1.0046113250142152,8.06115663207978,0.998,2.939285714285714,924.0,-0.00032922241842703315,0.0021981248431615086
3.4212352127697137,-1.0046021095482576,8.063354756922942,0.998,2.9389285714285713,925.0,-0.00032922241842658906,0.002198124843163285
3.420905990351287,-1.0045928940822997,8.065552881766104,0.998,2.9385714285714286,926.0,-0.00032922241842658906,0.0021981248431615086
3.42057676793286,-1.004583678616342,8.067751006609267,0.998,2.938214285714286,927.0,-0.00032922241842703315,0.002198124843163285
3.4202475455144334,-1.0045744631503841,8.069949131452429,0.998,2.9378571428571427,928.0,-0.00032922241842658906,0.0021981248431615086
3.4199183230960064,-1.0045652476844265,8.072147256295592,0.998,2.9375,929.0,-0.00032922241842703315,0.002198124843163285
3.41958910067758,-1.0045560322184688,8.074345381138755,0.998,2.9371428571428573,930.0,-0.00032922241842658906,0.002198124843163285
3.4192598782591532,-1.004546816752511,8.076543505981917,0.998,2.936785714285714,931.0,-0.00032922241842658906,0.0021981248431615086
3.418930655840726,-1.0045376012865532,8.07874163082508,0.998,2.9364285714285714,932.0,-0.00032922241842703315,0.002198124843163285
3.4186014334222996,-1.0045283858205953,8.080939755668242,0.998,2.9360714285714287,933.0,-0.00032922241842658906,0.0021981248431615086
3.418272211003873,-1.0045191703546377,8.083137880511405,0.998,2.935714285714286,934.0,-0.00032922241842658906,0.002198124843163285
3.417942988585446,-1.0045099548886798,8.085336005354566,0.998,2.9353571428571428,935.0,-0.00032922241842703315,0.0021981248431615086
3.4176137661670194,-1.004500739422722,8.08753413019773,0.998,2.935,936.0,-0.00032922241842658906,0.002198124843163285
3.4172916934755535,-1.0046024162424465,8.092288440299633,0.998,2.9347142857142856,937.0,-0.0003220726914658911,0.004754310101903414
3.416969620784087,-1.0047040930621707,8.097042750401537,0.998,2.9344285714285716,938.0,-0.0003220726914663352,0.004754310101903414
3.4166475480926213,-1.004805769881895,8.10179706050344,0.998,2.934142857142857,939.0,-0.0003220726914658911,0.004754310101903414
3.4163254754011554,-1.0049074467016195,8.106551370605343,0.998,2.9338571428571427,940.0,-0.0003220726914658911,0.004754310101903414
3.4160034027096895,-1.0050091235213439,8.111305680707247,0.998,2.9335714285714287,941.0,-0.0003220726914658911,0.004754310101903414
3.415681330018223,-1.005110800341068,8.11605999080915,0.998,2.9332857142857143,942.0,-0.0003220726914663352,0.004754310101903414
3.4153592573267573,-1.0052124771607924,8.120814300911054,0.998,2.9330000000000003,943.0,-0.0003220726914658911,0.004754310101903414
3.4150371846352914,-1.0053141539805168,8.125568611012959,0.998,2.932714285714286,944.0,-0.0003220726914658911,0.00475431010190519
3.414715111943825,-1.005415830800241,8.130322921114862,0.998,2.9324285714285714,945.0,-0.0003220726914663352,0.004754310101903414
3.414393039252359,-1.0055175076199654,8.135077231216766,0.998,2.9321428571428574,946.0,-0.0003220726914658911,0.004754310101903414
3.4140709665608933,-1.0056191844396898,8.139831541318669,0.998,2.931857142857143,947.0,-0.0003220726914658911,0.004754310101903414
3.4137488938694274,-1.0057208612594142,8.144585851420572,0.998,2.9315714285714285,948.0,-0.0003220726914658911,0.004754310101903414
3.413426821177961,-1.0058225380791384,8.149340161522476,0.998,2.9312857142857145,949.0,-0.0003220726914663352,0.004754310101903414
3.413104748486495,-1.0059242148988627,8.15409447162438,0.998,2.931,950.0,-0.0003220726914658911,0.004754310101903414
3.412801559248424,-1.0058141569584904,8.156918944291998,0.998,2.9307142857142856,951.0,-0.0003031892380711554,0.0028244726676192045
3.4124983700103524,-1.005704099018118,8.159743416959618,0.998,2.9304285714285716,952.0,-0.0003031892380715995,0.0028244726676192045
3.4121951807722812,-1.0055940410777457,8.162567889627237,0.998,2.930142857142857,953.0,-0.0003031892380711554,0.0028244726676192045
3.41189199153421,-1.0054839831373734,8.165392362294858,0.998,2.9298571428571427,954.0,-0.0003031892380711554,0.002824472667620981
3.411588802296139,-1.005373925197001,8.168216834962477,0.998,2.9295714285714287,955.0,-0.0003031892380711554,0.0028244726676192045
3.4112856130580673,-1.0052638672566288,8.171041307630096,0.998,2.9292857142857143,956.0,-0.0003031892380715995,0.0028244726676192045
3.410982423819996,-1.0051538093162564,8.173865780297715,0.998,2.9290000000000003,957.0,-0.0003031892380711554,0.0028244726676192045
3.410679234581925,-1.005043751375884,8.176690252965335,0.998,2.928714285714286,958.0,-0.0003031892380711554,0.0028244726676192045
3.4103760453438534,-1.0049336934355118,8.179514725632954,0.998,2.9284285714285714,959.0,-0.0003031892380715995,0.0028244726676192045
3.4100728561057823,-1.0048236354951394,8.182339198300573,0.998,2.9281428571428574,960.0,-0.0003031892380711554,0.0028244726676192045
3.409769666867711,-1.004713577554767,8.185163670968194,0.998,2.927857142857143,961.0,-0.0003031892380711554,0.002824472667620981
3.40946647762964,-1.0046035196143948,8.187988143635813,0.998,2.9275714285714285,962.0,-0.0003031892380711554,0.0028244726676192045
3.4091632883915683,-1.0044934616740224,8.190812616303432,0.998,2.9272857142857145,963.0,-0.0003031892380715995,0.0028244726676192045
3.408860099153497,-1.00438340373365,8.193637088971052,0.998,2.927,964.0,-0.0003031892380711554,0.0028244726676192045
3.408545722164562,-1.0044363290235445,8.195383798337426,0.998,2.9267142857142856,965.0,-0.00031437698893510557,0.0017467093663743327
3.408231345175627,-1.004489254313439,8.1971305077038,0.998,2.9264285714285716,966.0,-0.00031437698893510557,0.0017467093663743327
3.407916968186692,-1.0045421796033334,8.198877217070173,0.998,2.926142857142857,967.0,-0.00031437698893510557,0.0017467093663725564
3.4076025911977563,-1.0045951048932278,8.200623926436547,0.998,2.9258571428571427,968.0,-0.00031437698893554966,0.0017467093663743327
3.407288214208821,-1.0046480301831222,8.202370635802922,0.998,2.9255714285714287,969.0,-0.00031437698893510557,0.0017467093663743327
3.406973837219886,-1.0047009554730166,8.204117345169296,0.998,2.9252857142857143,970.0,-0.00031437698893510557,0.0017467093663743327
3.406659460230951,-1.004753880762911,8.20586405453567,0.998,2.9250000000000003,971.0,-0.00031437698893510557,0.0017467093663743327
3.406345083242016,-1.0048068060528055,8.207610763902043,0.998,2.924714285714286,972.0,-0.00031437698893510557,0.0017467093663725564
3.406030706253081,-1.0048597313427,8.209357473268417,0.998,2.9244285714285714,973.0,-0.00031437698893510557,0.0017467093663743327
3.4057163292641457,-1.0049126566325943,8.211104182634791,0.998,2.9241428571428574,974.0,-0.00031437698893510557,0.0017467093663743327
3.40540195227521,-1.0049655819224887,8.212850892001166,0.998,2.923857142857143,975.0,-0.00031437698893554966,0.0017467093663743327
3.405087575286275,-1.0050185072123832,8.214597601367538,0.998,2.9235714285714285,976.0,-0.00031437698893510557,0.0017467093663725564
3.40477319829734,-1.0050714325022776,8.216344310733913,0.998,2.9232857142857145,977.0,-0.00031437698893510557,0.0017467093663743327
3.404458821308405,-1.005124357792172,8.218091020100287,0.998,2.923,978.0,-0.00031437698893510557,0.0017467093663743327
3.404164083702504,-1.0050576869481305,8.222374237558583,0.998,2.9227142857142856,979.0,-0.0002947376059010409,0.0042832174582958515
3.403869346096603,-1.004991016104089,8.226657455016877,0.998,2.9224285714285716,980.0,-0.00029473760590059683,0.004283217458294075
3.403574608490702,-1.0049243452600474,8.230940672475171,0.998,2.922142857142857,981.0,-0.0002947376059010409,0.004283217458294075
3.403279870884801,-1.0048576744160058,8.235223889933467,0.998,2.9218571428571427,982.0,-0.0002947376059010409,0.0042832174582958515
3.4029851332789005,-1.0047910035719643,8.239507107391763,0.998,2.9215714285714287,983.0,-0.00029473760590059683,0.0042832174582958515
3.4026903956729995,-1.0047243327279227,8.243790324850057,0.998,2.9212857142857143,984.0,-0.0002947376059010409,0.004283217458294075
3.402395658067099,-1.0046576618838812,8.24807354230835,0.998,2.9210000000000003,985.0,-0.00029473760590059683,0.004283217458294075
3.402100920461198,-1.0045909910398394,8.252356759766647,0.998,2.920714285714286,986.0,-0.0002947376059010409,0.0042832174582958515
3.401806182855297,-1.0045243201957978,8.256639977224943,0.998,2.9204285714285714,987.0,-0.0002947376059010409,0.0042832174582958515
3.401511445249396,-1.0044576493517563,8.260923194683237,0.998,2.9201428571428574,988.0,-0.00029473760590059683,0.004283217458294075
3.401216707643495,-1.0043909785077147,8.26520641214153,0.998,2.919857142857143,989.0,-0.0002947376059010409,0.004283217458294075
3.400921970037594,-1.0043243076636732,8.269489629599827,0.998,2.9195714285714285,990.0,-0.0002947376059010409,0.0042832174582958515
3.4006272324316935,-1.0042576368196316,8.273772847058122,0.998,2.9192857142857145,991.0,-0.00029473760590059683,0.0042832174582958515
3.4003324948257925,-1.00419096597559,8.278056064516417,0.998,2.919,992.0,-0.0002947376059010409,0.004283217458294075
3.4000459501615548,-1.0043380445150083,8.281721429241337,0.998,2.9187142857142856,993.0,-0.00028654466423772007,0.0036653647249202947
3.3997594054973166,-1.0044851230544263,8.285386793966259,0.998,2.9184285714285716,994.0,-0.00028654466423816416,0.003665364724922071
3.399472860833079,-1.0046322015938445,8.28905215869118,0.998,2.918142857142857,995.0,-0.00028654466423772007,0.0036653647249202947
3.399186316168841,-1.0047792801332627,8.292717523416101,0.998,2.9178571428571427,996.0,-0.00028654466423772007,0.003665364724922071
3.3988997715046034,-1.0049263586726809,8.296382888141022,0.998,2.9175714285714287,997.0,-0.00028654466423772007,0.0036653647249202947
3.3986132268403653,-1.0050734372120989,8.300048252865944,0.998,2.9172857142857143,998.0,-0.00028654466423816416,0.003665364724922071
3.3983266821761275,-1.005220515751517,8.303713617590864,0.998,2.9170000000000003,999.0,-0.00028654466423772007,0.0036653647249202947
3.39804013751189,-1.0053675942909353,8.307378982315784,0.998,2.916714285714286,1000.0,-0.00028654466423772007,0.0036653647249202947
3.3977535928476517,-1.0055146728303532,8.311044347040706,0.998,2.9164285714285714,1001.0,-0.00028654466423816416,0.003665364724922071
3.397467048183414,-1.0056617513697714,8.314709711765627,0.998,2.9161428571428574,1002.0,-0.00028654466423772007,0.0036653647249202947
3.397180503519176,-1.0058088299091896,8.318375076490549,0.998,2.915857142857143,1003.0,-0.00028654466423772007,0.003665364724922071
3.3968939588549385,-1.0059559084486078,8.322040441215469,0.998,2.9155714285714285,1004.0,-0.00028654466423772007,0.0036653647249202947
3.3966074141907003,-1.0061029869880258,8.325705805940391,0.998,2.9152857142857145,1005.0,-0.00028654466423816416,0.003665364724922071
3.3963208695264626,-1.006250065527444,8.329371170665311,0.998,2.915,1006.0,-0.00028654466423772007,0.0036653647249202947
3.3960253645545815,-1.0061177750055161,8.332310242714252,0.998,2.9147142857142856,1007.0,-0.0002955049718811331,0.0029390720489406164
3.3957298595827003,-1.0059854844835885,8.335249314763194,0.998,2.9144285714285716,1008.0,-0.0002955049718811331,0.0029390720489423927
3.395434354610819,-1.0058531939616606,8.338188386812135,0.998,2.914142857142857,1009.0,-0.0002955049718811331,0.0029390720489406164
3.3951388496389376,-1.005720903439733,8.341127458861076,0.998,2.9138571428571427,1010.0,-0.0002955049718815772,0.0029390720489406164
3.3948433446670565,-1.005588612917805,8.344066530910016,0.998,2.9135714285714287,1011.0,-0.0002955049718811331,0.0029390720489406164
3.3945478396951754,-1.0054563223958775,8.347005602958959,0.998,2.9132857142857143,1012.0,-0.0002955049718811331,0.0029390720489423927
3.3942523347232942,-1.0053240318739496,8.3499446750079,0.998,2.9130000000000003,1013.0,-0.0002955049718811331,0.0029390720489406164
3.393956829751413,-1.0051917413520217,8.35288374705684,0.998,2.912714285714286,1014.0,-0.0002955049718811331,0.0029390720489406164
3.393661324779532,-1.005059450830094,8.355822819105782,0.998,2.9124285714285714,1015.0,-0.0002955049718811331,0.0029390720489423927
3.393365819807651,-1.0049271603081662,8.358761891154723,0.998,2.9121428571428574,1016.0,-0.0002955049718811331,0.0029390720489406164
3.3930703148357693,-1.0047948697862386,8.361700963203663,0.998,2.911857142857143,1017.0,-0.0002955049718815772,0.0029390720489406164
3.392774809863888,-1.0046625792643107,8.364640035252604,0.998,2.9115714285714285,1018.0,-0.0002955049718811331,0.0029390720489406164
3.392479304892007,-1.004530288742383,8.367579107301546,0.998,2.9112857142857145,1019.0,-0.0002955049718811331,0.0029390720489423927
3.392183799920126,-1.0043979982204552,8.370518179350487,0.998,2.911,1020.0,-0.0002955049718811331,0.0029390720489406164
3.391887821993785,-1.0045506767249222,8.373107020520466,0.998,2.9106428571428573,1021.0,-0.00029597792634072917,0.0025888411699792613
3.3915918440674444,-1.004703355229389,8.375695861690446,0.998,2.910285714285714,1022.0,-0.00029597792634072917,0.0025888411699792613
3.3912958661411037,-1.004856033733856,8.378284702860427,0.998,2.9099285714285714,1023.0,-0.00029597792634072917,0.0025888411699810376
3.390999888214763,-1.0050087122383229,8.380873544030406,0.998,2.9095714285714287,1024.0,-0.00029597792634072917,0.0025888411699792613
3.390703910288422,-1.0051613907427899,8.383462385200385,0.998,2.909214285714286,1025.0,-0.00029597792634072917,0.0025888411699792613
3.3904079323620815,-1.0053140692472566,8.386051226370364,0.998,2.908857142857143,1026.0,-0.00029597792634072917,0.0025888411699792613
3.3901119544357408,-1.0054667477517236,8.388640067540345,0.998,2.9085,1027.0,-0.00029597792634072917,0.0025888411699810376
3.3898159765094,-1.0056194262561906,8.391228908710325,0.998,2.9081428571428574,1028.0,-0.00029597792634072917,0.0025888411699792613
3.3895199985830593,-1.0057721047606574,8.393817749880304,0.998,2.907785714285714,1029.0,-0.00029597792634072917,0.0025888411699792613
3.3892240206567186,-1.0059247832651244,8.396406591050283,0.998,2.9074285714285715,1030.0,-0.00029597792634072917,0.0025888411699792613
3.388928042730378,-1.0060774617695913,8.398995432220262,0.998,2.9070714285714288,1031.0,-0.00029597792634072917,0.0025888411699792613
3.388632064804037,-1.0062301402740583,8.401584273390243,0.998,2.906714285714286,1032.0,-0.00029597792634072917,0.0025888411699810376
3.3883360868776964,-1.006382818778525,8.404173114560223,0.998,2.906357142857143,1033.0,-0.00029597792634072917,0.0025888411699792613
3.3880401089513557,-1.006535497282992,8.406761955730202,0.998,2.906,1034.0,-0.00029597792634072917,0.0025888411699792613
3.387756716868899,-1.006551100180907,8.411572198517707,0.998,2.9057857142857144,1035.0,-0.00028339208245675707,0.004810242787504748
3.387473324786442,-1.0065667030788221,8.416382441305212,0.998,2.9055714285714287,1036.0,-0.00028339208245675707,0.004810242787504748
3.3871899327039854,-1.0065823059767371,8.421192684092716,0.998,2.905357142857143,1037.0,-0.00028339208245675707,0.004810242787504748
3.386906540621528,-1.0065979088746522,8.426002926880223,0.998,2.9051428571428572,1038.0,-0.00028339208245720116,0.0048102427875065246
3.3866231485390714,-1.0066135117725672,8.430813169667728,0.998,2.9049285714285715,1039.0,-0.00028339208245675707,0.004810242787504748
3.3863397564566147,-1.0066291146704822,8.435623412455232,0.998,2.904714285714286,1040.0,-0.00028339208245675707,0.004810242787504748
3.386056364374158,-1.0066447175683972,8.440433655242737,0.998,2.9045,1041.0,-0.00028339208245675707,0.004810242787504748
3.385772972291701,-1.0066603204663125,8.445243898030242,0.998,2.9042857142857144,1042.0,-0.00028339208245675707,0.004810242787504748
3.3854895802092444,-1.0066759233642275,8.450054140817747,0.998,2.9040714285714286,1043.0,-0.00028339208245675707,0.004810242787504748
3.3852061881267876,-1.0066915262621425,8.454864383605251,0.998,2.903857142857143,1044.0,-0.00028339208245675707,0.004810242787504748
3.3849227960443304,-1.0067071291600576,8.459674626392758,0.998,2.903642857142857,1045.0,-0.00028339208245720116,0.0048102427875065246
3.3846394039618737,-1.0067227320579726,8.464484869180263,0.998,2.9034285714285715,1046.0,-0.00028339208245675707,0.004810242787504748
3.384356011879417,-1.0067383349558876,8.469295111967767,0.998,2.9032142857142857,1047.0,-0.00028339208245675707,0.004810242787504748
3.38407261979696,-1.0067539378538026,8.474105354755272,0.998,2.903,1048.0,-0.00028339208245675707,0.004810242787504748
3.3837995242250614,-1.0065679905462126,8.475408908600611,0.998,2.9027142857142856,1049.0,-0.00027309557189880707,0.0013035538453394224
3.383526428653162,-1.0063820432386223,8.476712462445953,0.998,2.9024285714285716,1050.0,-0.00027309557189925115,0.0013035538453411988
3.3832533330812633,-1.0061960959310323,8.478016016291292,0.998,2.902142857142857,1051.0,-0.00027309557189880707,0.0013035538453394224
3.382980237509364,-1.0060101486234423,8.479319570136632,0.998,2.9018571428571427,1052.0,-0.00027309557189925115,0.0013035538453394224
3.3827071419374652,-1.005824201315852,8.480623123981973,0.998,2.9015714285714287,1053.0,-0.00027309557189880707,0.0013035538453411988
3.382434046365566,-1.005638254008262,8.481926677827312,0.998,2.9012857142857142,1054.0,-0.00027309557189925115,0.0013035538453394224
3.382160950793667,-1.0054523067006718,8.483230231672653,0.998,2.9010000000000002,1055.0,-0.00027309557189880707,0.0013035538453411988
3.3818878552217684,-1.0052663593930817,8.484533785517993,0.998,2.900714285714286,1056.0,-0.00027309557189880707,0.0013035538453394224
3.381614759649869,-1.0050804120854917,8.485837339363332,0.998,2.9004285714285714,1057.0,-0.00027309557189925115,0.0013035538453394224
3.3813416640779703,-1.0048944647779015,8.487140893208673,0.998,2.9001428571428574,1058.0,-0.00027309557189880707,0.0013035538453411988
3.381068568506071,-1.0047085174703114,8.488444447054013,0.998,2.899857142857143,1059.0,-0.00027309557189925115,0.0013035538453394224
3.3807954729341723,-1.0045225701627214,8.489748000899352,0.998,2.8995714285714285,1060.0,-0.00027309557189880707,0.0013035538453394224
3.380522377362273,-1.0043366228551311,8.491051554744693,0.998,2.8992857142857145,1061.0,-0.00027309557189925115,0.0013035538453411988
3.380249281790374,-1.0041506755475411,8.492355108590033,0.998,2.899,1062.0,-0.00027309557189880707,0.0013035538453394224
3.3799687053631198,-1.004332949982459,8.495200927582333,0.998,2.8987142857142856,1063.0,-0.0002805764272544309,0.0028458189923004085
3.379688128935865,-1.0045152244173767,8.498046746574632,0.998,2.8984285714285716,1064.0,-0.00028057642725487497,0.002845818992298632
3.37940755250861,-1.0046974988522945,8.500892565566932,0.998,2.898142857142857,1065.0,-0.00028057642725487497,0.0028458189923004085
3.3791269760813556,-1.0048797732872123,8.503738384559231,0.998,2.8978571428571427,1066.0,-0.0002805764272544309,0.002845818992298632
3.378846399654101,-1.0050620477221301,8.506584203551531,0.998,2.8975714285714287,1067.0,-0.0002805764272544309,0.0028458189923004085
3.3785658232268463,-1.005244322157048,8.50943002254383,0.998,2.8972857142857142,1068.0,-0.00028057642725487497,0.002845818992298632
3.3782852467995914,-1.0054265965919658,8.51227584153613,0.998,2.8970000000000002,1069.0,-0.00028057642725487497,0.0028458189923004085
3.378004670372337,-1.0056088710268833,8.51512166052843,0.998,2.896714285714286,1070.0,-0.0002805764272544309,0.0028458189923004085
3.3777240939450826,-1.0057911454618012,8.51796747952073,0.998,2.8964285714285714,1071.0,-0.0002805764272544309,0.002845818992298632
3.3774435175178277,-1.005973419896719,8.52081329851303,0.998,2.8961428571428574,1072.0,-0.00028057642725487497,0.0028458189923004085
3.377162941090573,-1.0061556943316368,8.523659117505328,0.998,2.895857142857143,1073.0,-0.00028057642725487497,0.002845818992298632
3.3768823646633184,-1.0063379687665546,8.526504936497629,0.998,2.8955714285714285,1074.0,-0.0002805764272544309,0.0028458189923004085
3.376601788236064,-1.0065202432014724,8.529350755489927,0.998,2.8952857142857145,1075.0,-0.0002805764272544309,0.002845818992298632
3.376321211808809,-1.0067025176363902,8.532196574482228,0.998,2.895,1076.0,-0.00028057642725487497,0.0028458189923004085
3.3760388659077063,-1.006669896826315,8.534304341204225,0.998,2.8947142857142856,1077.0,-0.00028234590110276514,0.00210776672199664
3.375756520006604,-1.00663727601624,8.53641210792622,0.998,2.8944285714285716,1078.0,-0.00028234590110232105,0.0021077667219948637
3.375474174105501,-1.006604655206165,8.538519874648216,0.998,2.894142857142857,1079.0,-0.00028234590110276514,0.00210776672199664
3.375191828204399,-1.0065720343960898,8.540627641370213,0.998,2.8938571428571427,1080.0,-0.00028234590110232105,0.00210776672199664
3.374909482303296,-1.0065394135860148,8.54273540809221,0.998,2.8935714285714287,1081.0,-0.00028234590110276514,0.00210776672199664
3.374627136402194,-1.0065067927759397,8.544843174814204,0.998,2.8932857142857142,1082.0,-0.00028234590110232105,0.0021077667219948637
3.374344790501091,-1.0064741719658648,8.5469509415362,0.998,2.8930000000000002,1083.0,-0.00028234590110276514,0.00210776672199664
3.3740624445999883,-1.0064415511557896,8.549058708258197,0.998,2.892714285714286,1084.0,-0.00028234590110276514,0.00210776672199664
3.373780098698886,-1.0064089303457144,8.551166474980192,0.998,2.8924285714285713,1085.0,-0.00028234590110232105,0.0021077667219948637
3.373497752797783,-1.0063763095356395,8.553274241702189,0.998,2.8921428571428573,1086.0,-0.00028234590110276514,0.00210776672199664
3.373215406896681,-1.0063436887255643,8.555382008424186,0.998,2.891857142857143,1087.0,-0.00028234590110232105,0.00210776672199664
3.372933060995578,-1.0063110679154892,8.557489775146182,0.998,2.8915714285714285,1088.0,-0.00028234590110276514,0.00210776672199664
3.372650715094476,-1.0062784471054143,8.559597541868177,0.998,2.8912857142857145,1089.0,-0.00028234590110232105,0.0021077667219948637
3.372368369193373,-1.006245826295339,8.561705308590174,0.998,2.891,1090.0,-0.00028234590110276514,0.00210776672199664
3.3721040750575035,-1.0061258484002824,8.566222168674823,0.998,2.8907142857142856,1091.0,-0.0002642941358694806,0.0045168600846494655
3.371839780921634,-1.0060058705052257,8.570739028759473,0.998,2.8904285714285716,1092.0,-0.0002642941358694806,0.0045168600846494655
3.371575486785764,-1.005885892610169,8.575255888844122,0.998,2.890142857142857,1093.0,-0.0002642941358699247,0.0045168600846494655
3.3713111926498947,-1.0057659147151121,8.579772748928772,0.998,2.8898571428571427,1094.0,-0.0002642941358694806,0.0045168600846494655
3.371046898514025,-1.0056459368200554,8.584289609013421,0.998,2.8895714285714287,1095.0,-0.0002642941358694806,0.0045168600846494655
3.3707826043781557,-1.0055259589249987,8.58880646909807,0.998,2.8892857142857142,1096.0,-0.0002642941358694806,0.0045168600846494655
3.370518310242286,-1.005405981029942,8.59332332918272,0.998,2.8890000000000002,1097.0,-0.0002642941358694806,0.0045168600846494655
3.3702540161064163,-1.0052860031348854,8.59784018926737,0.998,2.888714285714286,1098.0,-0.0002642941358699247,0.0045168600846494655
3.369989721970547,-1.0051660252398287,8.602357049352019,0.998,2.8884285714285713,1099.0,-0.0002642941358694806,0.0045168600846494655
3.3697254278346773,-1.005046047344772,8.606873909436668,0.998,2.8881428571428573,1100.0,-0.0002642941358694806,0.0045168600846494655
3.369461133698808,-1.004926069449715,8.611390769521318,0.998,2.887857142857143,1101.0,-0.0002642941358694806,0.0045168600846494655
3.369196839562938,-1.0048060915546584,8.615907629605967,0.998,2.8875714285714285,1102.0,-0.0002642941358699247,0.0045168600846494655
3.3689325454270684,-1.0046861136596017,8.620424489690617,0.998,2.8872857142857145,1103.0,-0.0002642941358694806,0.0045168600846494655
3.368668251291199,-1.004566135764545,8.624941349775266,0.998,2.887,1104.0,-0.0002642941358694806,0.0045168600846494655
3.368393641172878,-1.0046022614128642,8.629614238318524,0.998,2.8867142857142856,1105.0,-0.0002746101183208616,0.004672888543257869
3.368119031054557,-1.0046383870611835,8.634287126861782,0.998,2.8864285714285716,1106.0,-0.00027461011832130566,0.004672888543257869
3.367844420936236,-1.0046745127095027,8.63896001540504,0.998,2.886142857142857,1107.0,-0.0002746101183208616,0.004672888543257869
3.367569810817915,-1.004710638357822,8.643632903948298,0.998,2.8858571428571427,1108.0,-0.0002746101183208616,0.004672888543257869
3.367295200699594,-1.0047467640061412,8.648305792491556,0.998,2.8855714285714287,1109.0,-0.0002746101183208616,0.004672888543257869
3.367020590581273,-1.0047828896544604,8.652978681034813,0.998,2.8852857142857142,1110.0,-0.00027461011832130566,0.004672888543257869
3.366745980462952,-1.0048190153027798,8.657651569578071,0.998,2.8850000000000002,1111.0,-0.0002746101183208616,0.004672888543257869
3.366471370344631,-1.004855140951099,8.662324458121331,0.998,2.884714285714286,1112.0,-0.0002746101183208616,0.004672888543259646
3.36619676022631,-1.0048912665994183,8.666997346664589,0.998,2.8844285714285713,1113.0,-0.00027461011832130566,0.004672888543257869
3.365922150107989,-1.0049273922477375,8.671670235207847,0.998,2.8841428571428573,1114.0,-0.0002746101183208616,0.004672888543257869
3.365647539989668,-1.0049635178960568,8.676343123751105,0.998,2.883857142857143,1115.0,-0.0002746101183208616,0.004672888543257869
3.3653729298713473,-1.004999643544376,8.681016012294362,0.998,2.8835714285714285,1116.0,-0.0002746101183208616,0.004672888543257869
3.365098319753026,-1.0050357691926952,8.68568890083762,0.998,2.8832857142857145,1117.0,-0.00027461011832130566,0.004672888543257869
3.364823709634705,-1.0050718948410144,8.690361789380878,0.998,2.883,1118.0,-0.0002746101183208616,0.004672888543257869
3.3645611177814496,-1.0051018807894547,8.695425648115178,0.998,2.8827857142857143,1119.0,-0.0002625918532555005,0.005063858734299487
3.3642985259281937,-1.005131866737895,8.700489506849477,0.998,2.8825714285714286,1120.0,-0.0002625918532559446,0.005063858734299487
3.364035934074938,-1.0051618526863353,8.705553365583775,0.998,2.882357142857143,1121.0,-0.0002625918532555005,0.00506385873429771
3.3637733422216822,-1.0051918386347753,8.710617224318074,0.998,2.882142857142857,1122.0,-0.0002625918532559446,0.005063858734299487
3.3635107503684267,-1.0052218245832156,8.715681083052374,0.998,2.8819285714285714,1123.0,-0.0002625918532555005,0.005063858734299487
3.363248158515171,-1.005251810531656,8.720744941786673,0.998,2.8817142857142857,1124.0,-0.0002625918532559446,0.005063858734299487
3.3629855666619153,-1.0052817964800962,8.725808800520971,0.998,2.8815,1125.0,-0.0002625918532555005,0.00506385873429771
3.36272297480866,-1.0053117824285365,8.73087265925527,0.998,2.8812857142857142,1126.0,-0.0002625918532555005,0.005063858734299487
3.362460382955404,-1.0053417683769768,8.73593651798957,0.998,2.8810714285714285,1127.0,-0.0002625918532559446,0.005063858734299487
3.3621977911021483,-1.005371754325417,8.74100037672387,0.998,2.880857142857143,1128.0,-0.0002625918532555005,0.005063858734299487
3.3619351992488924,-1.005401740273857,8.746064235458169,0.998,2.880642857142857,1129.0,-0.0002625918532559446,0.005063858734299487
3.361672607395637,-1.0054317262222974,8.751128094192467,0.998,2.8804285714285713,1130.0,-0.0002625918532555005,0.00506385873429771
3.361410015542381,-1.0054617121707377,8.756191952926766,0.998,2.8802142857142856,1131.0,-0.0002625918532559446,0.005063858734299487
3.3611474236891254,-1.005491698119178,8.761255811661066,0.998,2.88,1132.0,-0.0002625918532555005,0.005063858734299487
3.360886204350857,-1.0054349559660918,8.763220863595617,0.998,2.8797142857142854,1133.0,-0.0002612193382685035,0.0019650519345510986
3.3606249850125884,-1.0053782138130054,8.765185915530168,0.998,2.8794285714285714,1134.0,-0.0002612193382685035,0.0019650519345510986
3.36036376567432,-1.0053214716599193,8.767150967464719,0.998,2.879142857142857,1135.0,-0.0002612193382685035,0.0019650519345510986
3.3601025463360514,-1.005264729506833,8.76911601939927,0.998,2.8788571428571426,1136.0,-0.0002612193382685035,0.0019650519345510986
3.359841326997783,-1.005207987353747,8.771081071333821,0.998,2.8785714285714286,1137.0,-0.0002612193382685035,0.0019650519345510986
3.3595801076595144,-1.0051512452006606,8.773046123268372,0.998,2.878285714285714,1138.0,-0.0002612193382685035,0.0019650519345510986
3.359318888321246,-1.0050945030475744,8.775011175202923,0.998,2.878,1139.0,-0.0002612193382685035,0.0019650519345510986
3.359057668982978,-1.0050377608944883,8.776976227137474,0.998,2.8777142857142857,1140.0,-0.00026121933826805943,0.0019650519345510986
3.3587964496447094,-1.0049810187414019,8.778941279072026,0.998,2.8774285714285712,1141.0,-0.0002612193382685035,0.0019650519345510986
3.358535230306441,-1.0049242765883157,8.780906331006577,0.998,2.8771428571428572,1142.0,-0.0002612193382685035,0.0019650519345510986
3.3582740109681724,-1.0048675344352296,8.782871382941128,0.998,2.876857142857143,1143.0,-0.0002612193382685035,0.0019650519345510986
3.358012791629904,-1.0048107922821434,8.784836434875679,0.998,2.8765714285714283,1144.0,-0.0002612193382685035,0.0019650519345510986
3.3577515722916353,-1.004754050129057,8.78680148681023,0.998,2.8762857142857143,1145.0,-0.0002612193382685035,0.0019650519345510986
3.357490352953367,-1.004697307975971,8.788766538744781,0.998,2.876,1146.0,-0.0002612193382685035,0.0019650519345510986
3.3572258828892023,-1.00477089167385,8.793333072283543,0.998,2.875785714285714,1147.0,-0.0002644700641645237,0.00456653353876213
3.3569614128250373,-1.004844475371729,8.797899605822304,0.998,2.8755714285714284,1148.0,-0.00026447006416496777,0.004566533538760353
3.356696942760873,-1.004918059069608,8.802466139361066,0.998,2.8753571428571427,1149.0,-0.0002644700641645237,0.00456653353876213
3.356432472696708,-1.0049916427674872,8.807032672899828,0.998,2.875142857142857,1150.0,-0.00026447006416496777,0.00456653353876213
3.3561680026325433,-1.0050652264653661,8.811599206438588,0.998,2.8749285714285713,1151.0,-0.0002644700641645237,0.004566533538760353
3.3559035325683784,-1.0051388101632452,8.81616573997735,0.998,2.8747142857142856,1152.0,-0.00026447006416496777,0.00456653353876213
3.355639062504214,-1.0052123938611244,8.820732273516112,0.998,2.8745,1153.0,-0.0002644700641645237,0.00456653353876213
3.3553745924400493,-1.0052859775590033,8.825298807054873,0.998,2.8742857142857146,1154.0,-0.0002644700641645237,0.004566533538760353
3.3551101223758844,-1.0053595612568824,8.829865340593635,0.998,2.874071428571429,1155.0,-0.00026447006416496777,0.00456653353876213
3.35484565231172,-1.0054331449547613,8.834431874132395,0.998,2.873857142857143,1156.0,-0.0002644700641645237,0.004566533538760353
3.354581182247555,-1.0055067286526405,8.838998407671157,0.998,2.8736428571428574,1157.0,-0.00026447006416496777,0.00456653353876213
3.3543167121833903,-1.0055803123505196,8.84356494120992,0.998,2.8734285714285717,1158.0,-0.0002644700641645237,0.00456653353876213
3.3540522421192254,-1.0056538960483985,8.84813147474868,0.998,2.873214285714286,1159.0,-0.00026447006416496777,0.004566533538760353
3.353787772055061,-1.0057274797462776,8.852698008287442,0.998,2.873,1160.0,-0.0002644700641645237,0.00456653353876213
3.3535455307324766,-1.0057278386986361,8.855483086789068,0.998,2.8727142857142858,1161.0,-0.0002422413225842135,0.002785078501625904
3.353303289409893,-1.0057281976509949,8.858268165290692,0.998,2.8724285714285718,1162.0,-0.0002422413225837694,0.0027850785016241275
3.3530610480873086,-1.0057285566033534,8.861053243792318,0.998,2.8721428571428573,1163.0,-0.0002422413225842135,0.002785078501625904
3.352818806764725,-1.005728915555712,8.863838322293944,0.998,2.871857142857143,1164.0,-0.0002422413225837694,0.002785078501625904
3.3525765654421407,-1.0057292745080706,8.866623400795568,0.998,2.871571428571429,1165.0,-0.0002422413225842135,0.0027850785016241275
3.352334324119557,-1.0057296334604293,8.869408479297194,0.998,2.8712857142857144,1166.0,-0.0002422413225837694,0.002785078501625904
3.3520920827969727,-1.0057299924127878,8.872193557798818,0.998,2.8710000000000004,1167.0,-0.0002422413225842135,0.0027850785016241275
3.3518498414743885,-1.0057303513651463,8.874978636300444,0.998,2.870714285714286,1168.0,-0.0002422413225842135,0.002785078501625904
3.3516076001518047,-1.005730710317505,8.87776371480207,0.998,2.8704285714285716,1169.0,-0.0002422413225837694,0.002785078501625904
3.3513653588292205,-1.0057310692698636,8.880548793303694,0.998,2.8701428571428576,1170.0,-0.0002422413225842135,0.0027850785016241275
3.3511231175066367,-1.0057314282222223,8.88333387180532,0.998,2.869857142857143,1171.0,-0.0002422413225837694,0.002785078501625904
3.3508808761840525,-1.0057317871745808,8.886118950306946,0.998,2.8695714285714287,1172.0,-0.0002422413225842135,0.002785078501625904
3.3506386348614687,-1.0057321461269395,8.88890402880857,0.998,2.8692857142857147,1173.0,-0.0002422413225837694,0.0027850785016241275
3.3503963935388845,-1.005732505079298,8.891689107310196,0.998,2.869,1174.0,-0.0002422413225842135,0.002785078501625904
3.3501314582190798,-1.0057760732032877,8.894075237127138,0.998,2.8687142857142858,1175.0,-0.00026493531980475993,0.0023861298169425282
3.3498665228992746,-1.0058196413272773,8.89646136694408,0.998,2.8684285714285718,1176.0,-0.000264935319805204,0.0023861298169425282
3.34960158757947,-1.005863209451267,8.898847496761022,0.998,2.8681428571428573,1177.0,-0.00026493531980475993,0.002386129816940752
3.349336652259665,-1.0059067775752564,8.901233626577964,0.998,2.867857142857143,1178.0,-0.00026493531980475993,0.0023861298169425282
3.34907171693986,-1.005950345699246,8.903619756394907,0.998,2.867571428571429,1179.0,-0.000264935319805204,0.0023861298169425282
3.348806781620055,-1.0059939138232357,8.90600588621185,0.998,2.8672857142857144,1180.0,-0.00026493531980475993,0.0023861298169425282
3.34854184630025,-1.0060374819472253,8.90839201602879,0.998,2.8670000000000004,1181.0,-0.000264935319805204,0.002386129816940752
3.348276910980445,-1.006081050071215,8.910778145845732,0.998,2.866714285714286,1182.0,-0.00026493531980475993,0.0023861298169425282
3.3480119756606403,-1.0061246181952046,8.913164275662675,0.998,2.8664285714285715,1183.0,-0.00026493531980475993,0.0023861298169425282
3.347747040340835,-1.0061681863191942,8.915550405479618,0.998,2.8661428571428575,1184.0,-0.000264935319805204,0.0023861298169425282
3.3474821050210304,-1.0062117544431837,8.91793653529656,0.998,2.865857142857143,1185.0,-0.00026493531980475993,0.0023861298169425282
3.3472171697012256,-1.0062553225671733,8.9203226651135,0.998,2.8655714285714287,1186.0,-0.00026493531980475993,0.002386129816940752
3.3469522343814204,-1.006298890691163,8.922708794930443,0.998,2.8652857142857147,1187.0,-0.000264935319805204,0.0023861298169425282
3.3466872990616157,-1.0063424588151526,8.925094924747386,0.998,2.865,1188.0,-0.00026493531980475993,0.0023861298169425282
3.3464350659952706,-1.0062422697744497,8.92924949043952,0.998,2.8647857142857145,1189.0,-0.0002522330663450312,0.004154565692134682
3.3461828329289256,-1.0061420807337471,8.933404056131655,0.998,2.8645714285714288,1190.0,-0.0002522330663450312,0.004154565692134682
3.3459305998625806,-1.0060418916930443,8.937558621823792,0.998,2.864357142857143,1191.0,-0.0002522330663450312,0.004154565692136458
3.3456783667962355,-1.0059417026523416,8.941713187515926,0.998,2.8641428571428573,1192.0,-0.0002522330663450312,0.004154565692134682
3.3454261337298905,-1.0058415136116388,8.945867753208061,0.998,2.8639285714285716,1193.0,-0.0002522330663450312,0.004154565692134682
3.3451739006635455,-1.0057413245709361,8.950022318900196,0.998,2.863714285714286,1194.0,-0.0002522330663450312,0.004154565692134682
3.3449216675972004,-1.0056411355302333,8.954176884592332,0.998,2.8635,1195.0,-0.0002522330663450312,0.004154565692136458
3.3446694345308554,-1.0055409464895304,8.958331450284467,0.998,2.8632857142857144,1196.0,-0.0002522330663450312,0.004154565692134682
3.3444172014645104,-1.0054407574488278,8.962486015976602,0.998,2.8630714285714287,1197.0,-0.0002522330663450312,0.004154565692134682
3.3441649683981653,-1.005340568408125,8.966640581668736,0.998,2.862857142857143,1198.0,-0.0002522330663450312,0.004154565692134682
3.3439127353318203,-1.0052403793674223,8.970795147360871,0.998,2.8626428571428573,1199.0,-0.0002522330663450312,0.004154565692134682
3.3436605022654753,-1.0051401903267194,8.974949713053007,0.998,2.8624285714285715,1200.0,-0.0002522330663450312,0.004154565692136458
3.3434082691991303,-1.0050400012860168,8.979104278745142,0.998,2.862214285714286,1201.0,-0.0002522330663450312,0.004154565692134682
3.3431560361327852,-1.004939812245314,8.983258844437277,0.998,2.862,1202.0,-0.0002522330663450312,0.004154565692134682
3.342912189689059,-1.0049961872438324,8.985772817445856,0.998,2.8617857142857144,1203.0,-0.0002438464437264365,0.002513973008579029
3.3426683432453324,-1.005052562242351,8.988286790454435,0.998,2.8615714285714287,1204.0,-0.0002438464437264365,0.002513973008579029
3.3424244968016055,-1.0051089372408697,8.990800763463016,0.998,2.861357142857143,1205.0,-0.00024384644372688058,0.0025139730085808054
3.342180650357879,-1.0051653122393882,8.993314736471595,0.998,2.861142857142857,1206.0,-0.0002438464437264365,0.002513973008579029
3.3419368039141526,-1.0052216872379067,8.995828709480174,0.998,2.8609285714285715,1207.0,-0.0002438464437264365,0.002513973008579029
3.341692957470426,-1.0052780622364252,8.998342682488753,0.998,2.8607142857142858,1208.0,-0.0002438464437264365,0.002513973008579029
3.3414491110266993,-1.005334437234944,9.000856655497333,0.998,2.8605,1209.0,-0.00024384644372688058,0.0025139730085808054
3.341205264582973,-1.0053908122334625,9.003370628505913,0.998,2.8602857142857143,1210.0,-0.0002438464437264365,0.002513973008579029
3.3409614181392464,-1.005447187231981,9.005884601514492,0.998,2.8600714285714286,1211.0,-0.0002438464437264365,0.002513973008579029
3.34071757169552,-1.0055035622304995,9.00839857452307,0.998,2.859857142857143,1212.0,-0.0002438464437264365,0.002513973008579029
3.3404737252517935,-1.005559937229018,9.01091254753165,0.998,2.859642857142857,1213.0,-0.0002438464437264365,0.002513973008579029
3.3402298788080667,-1.0056163122275368,9.01342652054023,0.998,2.8594285714285714,1214.0,-0.00024384644372688058,0.0025139730085808054
3.33998603236434,-1.0056726872260553,9.01594049354881,0.998,2.8592142857142857,1215.0,-0.0002438464437264365,0.002513973008579029
3.339742185920614,-1.0057290622245738,9.018454466557388,0.998,2.859,1216.0,-0.0002438464437264365,0.002513973008579029
3.3394850294966685,-1.005812109629986,9.023530049559197,0.998,2.8587142857142855,1217.0,-0.0002571564239453039,0.005075583001808326
3.339227873072723,-1.005895157035398,9.028605632561005,0.998,2.8584285714285715,1218.0,-0.0002571564239453039,0.005075583001808326
3.3389707166487783,-1.00597820444081,9.033681215562812,0.998,2.858142857142857,1219.0,-0.0002571564239448598,0.0050755830018065495
3.338713560224833,-1.0060612518462222,9.03875679856462,0.998,2.8578571428571427,1220.0,-0.0002571564239453039,0.005075583001808326
3.3384564038008877,-1.0061442992516343,9.043832381566428,0.998,2.8575714285714287,1221.0,-0.0002571564239453039,0.005075583001808326
3.3381992473769424,-1.0062273466570464,9.048907964568237,0.998,2.857285714285714,1222.0,-0.0002571564239453039,0.005075583001808326
3.337942090952997,-1.0063103940624585,9.053983547570043,0.998,2.857,1223.0,-0.0002571564239453039,0.0050755830018065495
3.3376849345290522,-1.0063934414678706,9.059059130571852,0.998,2.8567142857142858,1224.0,-0.0002571564239448598,0.005075583001808326
3.337427778105107,-1.0064764888732827,9.06413471357366,0.998,2.8564285714285713,1225.0,-0.0002571564239453039,0.005075583001808326
3.3371706216811616,-1.0065595362786948,9.069210296575468,0.998,2.8561428571428573,1226.0,-0.0002571564239453039,0.005075583001808326
3.3369134652572163,-1.0066425836841069,9.074285879577277,0.998,2.855857142857143,1227.0,-0.0002571564239453039,0.005075583001808326
3.3366563088332715,-1.006725631089519,9.079361462579083,0.998,2.8555714285714284,1228.0,-0.0002571564239448598,0.0050755830018065495
3.336399152409326,-1.006808678494931,9.084437045580891,0.998,2.8552857142857144,1229.0,-0.0002571564239453039,0.005075583001808326
3.336141995985381,-1.0068917259003431,9.0895126285827,0.998,2.855,1230.0,-0.0002571564239453039,0.005075583001808326
3.3358985913183163,-1.006729955878319,9.093167284562634,0.998,2.8547857142857143,1231.0,-0.00024340466706451735,0.003654655979934418
3.3356551866512514,-1.0065681858562947,9.096821940542569,0.998,2.8545714285714285,1232.0,-0.00024340466706496144,0.003654655979934418
3.335411781984187,-1.0064064158342705,9.100476596522503,0.998,2.854357142857143,1233.0,-0.00024340466706451735,0.003654655979934418
3.335168377317122,-1.0062446458122463,9.104131252502437,0.998,2.854142857142857,1234.0,-0.00024340466706496144,0.003654655979934418
3.3349249726500574,-1.006082875790222,9.107785908482372,0.998,2.8539285714285714,1235.0,-0.00024340466706451735,0.003654655979934418
3.3346815679829924,-1.0059211057681978,9.111440564462306,0.998,2.8537142857142856,1236.0,-0.00024340466706496144,0.003654655979934418
3.334438163315928,-1.0057593357461736,9.115095220442242,0.998,2.8535,1237.0,-0.00024340466706451735,0.0036546559799361944
3.3341947586488634,-1.0055975657241492,9.118749876422177,0.998,2.853285714285714,1238.0,-0.00024340466706451735,0.003654655979934418
3.3339513539817984,-1.005435795702125,9.122404532402111,0.998,2.8530714285714285,1239.0,-0.00024340466706496144,0.003654655979934418
3.333707949314734,-1.0052740256801007,9.126059188382046,0.998,2.8528571428571428,1240.0,-0.00024340466706451735,0.003654655979934418
3.333464544647669,-1.0051122556580765,9.12971384436198,0.998,2.852642857142857,1241.0,-0.00024340466706496144,0.003654655979934418
3.3332211399806044,-1.0049504856360523,9.133368500341914,0.998,2.8524285714285713,1242.0,-0.00024340466706451735,0.003654655979934418
3.3329777353135395,-1.004788715614028,9.137023156321849,0.998,2.8522142857142856,1243.0,-0.00024340466706496144,0.003654655979934418
3.332734330646475,-1.0046269455920038,9.140677812301783,0.998,2.852,1244.0,-0.00024340466706451735,0.003654655979934418
3.332484467782626,-1.0047081376922338,9.142755254514366,0.998,2.851785714285714,1245.0,-0.00024986286384898193,0.0020774422125828806
3.3322346049187774,-1.0047893297924635,9.14483269672695,0.998,2.8515714285714284,1246.0,-0.00024986286384853784,0.002077442212584657
3.331984742054929,-1.0048705218926934,9.146910138939534,0.998,2.8513571428571427,1247.0,-0.00024986286384853784,0.0020774422125828806
3.33173487919108,-1.0049517139929234,9.148987581152117,0.998,2.851142857142857,1248.0,-0.00024986286384898193,0.0020774422125828806
3.331485016327231,-1.005032906093153,9.151065023364701,0.998,2.8509285714285713,1249.0,-0.00024986286384898193,0.002077442212584657
3.3312351534633824,-1.005114098193383,9.153142465577284,0.998,2.8507142857142855,1250.0,-0.00024986286384853784,0.0020774422125828806
3.330985290599534,-1.005195290293613,9.155219907789869,0.998,2.8505,1251.0,-0.00024986286384853784,0.002077442212584657
3.330735427735685,-1.0052764823938427,9.157297350002452,0.998,2.8502857142857145,1252.0,-0.00024986286384898193,0.0020774422125828806
3.330485564871836,-1.0053576744940727,9.159374792215035,0.998,2.850071428571429,1253.0,-0.00024986286384898193,0.0020774422125828806
3.3302357020079874,-1.0054388665943024,9.16145223442762,0.998,2.849857142857143,1254.0,-0.00024986286384853784,0.002077442212584657
3.329985839144139,-1.0055200586945323,9.163529676640202,0.998,2.8496428571428574,1255.0,-0.00024986286384853784,0.0020774422125828806
3.32973597628029,-1.0056012507947623,9.165607118852785,0.998,2.8494285714285716,1256.0,-0.00024986286384898193,0.0020774422125828806
3.329486113416441,-1.005682442894992,9.16768456106537,0.998,2.849214285714286,1257.0,-0.00024986286384898193,0.002077442212584657
3.3292362505525923,-1.005763634995222,9.169762003277953,0.998,2.849,1258.0,-0.00024986286384853784,0.0020774422125828806
3.328998604821103,-1.0058282979041375,9.173298730501463,0.998,2.8487142857142858,1259.0,-0.00023764573148943313,0.003536727223510283
3.328760959089613,-1.005892960813053,9.176835457724971,0.998,2.8484285714285718,1260.0,-0.00023764573148987722,0.0035367272235085068
3.3285233133581236,-1.0059576237219685,9.180372184948482,0.998,2.8481428571428573,1261.0,-0.00023764573148943313,0.003536727223510283
3.3282856676266337,-1.006022286630884,9.18390891217199,0.998,2.847857142857143,1262.0,-0.00023764573148987722,0.0035367272235085068
3.3280480218951443,-1.0060869495397995,9.1874456393955,0.998,2.847571428571429,1263.0,-0.00023764573148943313,0.003536727223510283
3.3278103761636544,-1.006151612448715,9.190982366619009,0.998,2.8472857142857144,1264.0,-0.00023764573148987722,0.0035367272235085068
3.327572730432165,-1.0062162753576307,9.19451909384252,0.998,2.8470000000000004,1265.0,-0.00023764573148943313,0.003536727223510283
3.3273350847006755,-1.006280938266546,9.19805582106603,0.998,2.846714285714286,1266.0,-0.00023764573148943313,0.003536727223510283
3.3270974389691856,-1.0063456011754617,9.201592548289538,0.998,2.8464285714285715,1267.0,-0.00023764573148987722,0.0035367272235085068
3.326859793237696,-1.006410264084377,9.205129275513048,0.998,2.8461428571428575,1268.0,-0.00023764573148943313,0.003536727223510283
3.3266221475062063,-1.0064749269932927,9.208666002736557,0.998,2.845857142857143,1269.0,-0.00023764573148987722,0.0035367272235085068
3.326384501774717,-1.0065395899022083,9.212202729960067,0.998,2.8455714285714286,1270.0,-0.00023764573148943313,0.003536727223510283
3.326146856043227,-1.0066042528111236,9.215739457183576,0.998,2.8452857142857146,1271.0,-0.00023764573148987722,0.0035367272235085068
3.3259092103117376,-1.0066689157200392,9.219276184407086,0.998,2.845,1272.0,-0.00023764573148943313,0.003536727223510283
3.325664497671139,-1.0066007924572884,9.222325185046044,0.998,2.8447142857142858,1273.0,-0.00024471264059844344,0.003049000638958077
3.3254197850305407,-1.0065326691945375,9.225374185685,0.998,2.8444285714285718,1274.0,-0.00024471264059844344,0.0030490006389563007
3.3251750723899423,-1.0064645459317867,9.228423186323958,0.998,2.8441428571428573,1275.0,-0.00024471264059844344,0.003049000638958077
3.324930359749344,-1.0063964226690358,9.231472186962915,0.998,2.843857142857143,1276.0,-0.00024471264059844344,0.0030490006389563007
3.3246856471087454,-1.006328299406285,9.234521187601873,0.998,2.843571428571429,1277.0,-0.00024471264059844344,0.003049000638958077
3.324440934468147,-1.0062601761435341,9.237570188240829,0.998,2.8432857142857144,1278.0,-0.00024471264059844344,0.0030490006389563007
3.3241962218275485,-1.0061920528807833,9.240619188879787,0.998,2.8430000000000004,1279.0,-0.00024471264059844344,0.003049000638958077
3.3239515091869496,-1.0061239296180322,9.243668189518745,0.998,2.842714285714286,1280.0,-0.00024471264059888753,0.003049000638958077
3.323706796546351,-1.0060558063552814,9.246717190157701,0.998,2.8424285714285715,1281.0,-0.00024471264059844344,0.0030490006389563007
3.3234620839057527,-1.0059876830925305,9.24976619079666,0.998,2.8421428571428575,1282.0,-0.00024471264059844344,0.003049000638958077
3.3232173712651543,-1.0059195598297797,9.252815191435616,0.998,2.841857142857143,1283.0,-0.00024471264059844344,0.0030490006389563007
3.322972658624556,-1.0058514365670288,9.255864192074574,0.998,2.8415714285714286,1284.0,-0.00024471264059844344,0.003049000638958077
3.3227279459839574,-1.005783313304278,9.25891319271353,0.998,2.8412857142857146,1285.0,-0.00024471264059844344,0.0030490006389563007
3.322483233343359,-1.005715190041527,9.261962193352488,0.998,2.841,1286.0,-0.00024471264059844344,0.003049000638958077
3.3222285821205713,-1.0057436073560968,9.266215943256022,0.998,2.8407857142857145,1287.0,-0.0002546512227876718,0.004253749903533333
3.3219739308977836,-1.0057720246706663,9.270469693159557,0.998,2.8405714285714287,1288.0,-0.0002546512227876718,0.004253749903535109
3.321719279674996,-1.005800441985236,9.274723443063092,0.998,2.840357142857143,1289.0,-0.0002546512227876718,0.004253749903535109
3.3214646284522082,-1.0058288592998057,9.278977192966625,0.998,2.8401428571428573,1290.0,-0.0002546512227876718,0.004253749903533333
3.3212099772294206,-1.0058572766143754,9.283230942870158,0.998,2.8399285714285716,1291.0,-0.0002546512227876718,0.004253749903533333
3.320955326006633,-1.005885693928945,9.287484692773694,0.998,2.839714285714286,1292.0,-0.0002546512227876718,0.004253749903535109
3.3207006747838452,-1.0059141112435146,9.291738442677229,0.998,2.8395,1293.0,-0.0002546512227876718,0.004253749903535109
3.3204460235610576,-1.0059425285580843,9.295992192580762,0.998,2.8392857142857144,1294.0,-0.0002546512227876718,0.004253749903533333
3.32019137233827,-1.0059709458726538,9.300245942484295,0.998,2.8390714285714287,1295.0,-0.0002546512227876718,0.004253749903533333
3.319936721115482,-1.0059993631872235,9.30449969238783,0.998,2.838857142857143,1296.0,-0.0002546512227876718,0.004253749903535109
3.3196820698926945,-1.0060277805017932,9.308753442291366,0.998,2.8386428571428572,1297.0,-0.0002546512227876718,0.004253749903535109
3.319427418669907,-1.006056197816363,9.313007192194899,0.998,2.8384285714285715,1298.0,-0.0002546512227876718,0.004253749903533333
3.319172767447119,-1.0060846151309324,9.317260942098432,0.998,2.838214285714286,1299.0,-0.0002546512227876718,0.004253749903533333
3.3189181162243315,-1.006113032445502,9.321514692001967,0.998,2.838,1300.0,-0.0002546512227876718,0.004253749903535109
3.318688546911581,-1.0060277562670081,9.323325734803978,0.998,2.8377857142857144,1301.0,-0.00022956931275031067,0.0018110428020108316
3.318458977598831,-1.0059424800885142,9.325136777605989,0.998,2.8375714285714286,1302.0,-0.00022956931275031067,0.0018110428020108316
3.3182294082860806,-1.0058572039100202,9.326947820408,0.998,2.837357142857143,1303.0,-0.00022956931275031067,0.0018110428020108316
3.3179998389733303,-1.0057719277315265,9.32875886321001,0.998,2.837142857142857,1304.0,-0.00022956931275031067,0.0018110428020108316
3.31777026966058,-1.0056866515530325,9.330569906012022,0.998,2.8369285714285715,1305.0,-0.00022956931275031067,0.0018110428020108316
3.3175407003478297,-1.0056013753745385,9.332380948814032,0.998,2.8367142857142857,1306.0,-0.00022956931275031067,0.0018110428020108316
3.3173111310350794,-1.0055160991960446,9.334191991616043,0.998,2.8365,1307.0,-0.00022956931275031067,0.0018110428020108316
3.3170815617223295,-1.0054308230175506,9.336003034418056,0.998,2.8362857142857143,1308.0,-0.00022956931274986658,0.001811042802012608
3.316851992409579,-1.0053455468390566,9.337814077220067,0.998,2.8360714285714286,1309.0,-0.00022956931275031067,0.0018110428020108316
3.316622423096829,-1.0052602706605627,9.339625120022077,0.998,2.835857142857143,1310.0,-0.00022956931275031067,0.0018110428020108316
3.3163928537840786,-1.005174994482069,9.341436162824088,0.998,2.835642857142857,1311.0,-0.00022956931275031067,0.0018110428020108316
3.3161632844713282,-1.005089718303575,9.3432472056261,0.998,2.8354285714285714,1312.0,-0.00022956931275031067,0.0018110428020108316
3.315933715158578,-1.005004442125081,9.34505824842811,0.998,2.8352142857142857,1313.0,-0.00022956931275031067,0.0018110428020108316
3.3157041458458276,-1.004919165946587,9.34686929123012,0.998,2.835,1314.0,-0.00022956931275031067,0.0018110428020108316
3.3154567690114396,-1.0049821409577688,9.350161965457502,0.998,2.8347142857142855,1315.0,-0.0002473768343880245,0.0032926742273815535
3.315209392177052,-1.0050451159689506,9.353454639684886,0.998,2.8344285714285715,1316.0,-0.0002473768343875804,0.00329267422738333
3.3149620153426644,-1.0051080909801324,9.356747313912267,0.998,2.834142857142857,1317.0,-0.0002473768343875804,0.0032926742273815535
3.3147146385082764,-1.0051710659913142,9.360039988139649,0.998,2.8338571428571426,1318.0,-0.0002473768343880245,0.0032926742273815535
3.3144672616738884,-1.005234041002496,9.363332662367032,0.998,2.8335714285714286,1319.0,-0.0002473768343880245,0.00329267422738333
3.314219884839501,-1.0052970160136778,9.366625336594414,0.998,2.833285714285714,1320.0,-0.0002473768343875804,0.0032926742273815535
3.3139725080051132,-1.0053599910248596,9.369918010821797,0.998,2.833,1321.0,-0.0002473768343875804,0.00329267422738333
3.313725131170725,-1.0054229660360412,9.373210685049179,0.998,2.8327142857142857,1322.0,-0.0002473768343880245,0.0032926742273815535
3.313477754336337,-1.005485941047223,9.37650335927656,0.998,2.8324285714285713,1323.0,-0.0002473768343880245,0.0032926742273815535
3.3132303775019496,-1.0055489160584048,9.379796033503943,0.998,2.8321428571428573,1324.0,-0.0002473768343875804,0.00329267422738333
3.312983000667562,-1.0056118910695866,9.383088707731325,0.998,2.831857142857143,1325.0,-0.0002473768343875804,0.0032926742273815535
3.312735623833174,-1.0056748660807684,9.386381381958707,0.998,2.8315714285714284,1326.0,-0.0002473768343880245,0.0032926742273815535
3.312488246998786,-1.0057378410919502,9.38967405618609,0.998,2.8312857142857144,1327.0,-0.0002473768343880245,0.00329267422738333
3.3122408701643984,-1.005800816103132,9.392966730413471,0.998,2.831,1328.0,-0.0002473768343875804,0.0032926742273815535
3.3119877992116566,-1.0057002159042474,9.395617976681002,0.998,2.8307857142857142,1329.0,-0.00025307095274174074,0.0026512462675309934
3.3117347282589145,-1.0055996157053626,9.398269222948535,0.998,2.8305714285714285,1330.0,-0.00025307095274218483,0.0026512462675327697
3.3114816573061727,-1.0054990155064778,9.400920469216066,0.998,2.830357142857143,1331.0,-0.00025307095274174074,0.0026512462675309934
3.311228586353431,-1.0053984153075932,9.403571715483597,0.998,2.830142857142857,1332.0,-0.00025307095274174074,0.0026512462675309934
3.310975515400689,-1.0052978151087086,9.40622296175113,0.998,2.8299285714285713,1333.0,-0.00025307095274218483,0.0026512462675327697
3.310722444447947,-1.0051972149098238,9.408874208018661,0.998,2.8297142857142856,1334.0,-0.00025307095274174074,0.0026512462675309934
3.310469373495205,-1.005096614710939,9.411525454286194,0.998,2.8295,1335.0,-0.00025307095274218483,0.0026512462675327697
3.310216302542463,-1.0049960145120544,9.414176700553725,0.998,2.829285714285714,1336.0,-0.00025307095274174074,0.0026512462675309934
3.3099632315897214,-1.0048954143131699,9.416827946821256,0.998,2.8290714285714285,1337.0,-0.00025307095274174074,0.0026512462675309934
3.309710160636979,-1.004794814114285,9.419479193088788,0.998,2.8288571428571427,1338.0,-0.00025307095274218483,0.0026512462675327697
3.3094570896842375,-1.0046942139154003,9.42213043935632,0.998,2.828642857142857,1339.0,-0.00025307095274174074,0.0026512462675309934
3.3092040187314957,-1.0045936137165157,9.42478168562385,0.998,2.8284285714285713,1340.0,-0.00025307095274174074,0.0026512462675309934
3.3089509477787535,-1.004493013517631,9.427432931891383,0.998,2.8282142857142856,1341.0,-0.00025307095274218483,0.0026512462675327697
3.308697876826012,-1.0043924133187463,9.430084178158914,0.998,2.828,1342.0,-0.00025307095274174074,0.0026512462675309934
3.3084650124078174,-1.0045387803347439,9.435261185958447,0.998,2.8277142857142854,1343.0,-0.00023286441819436732,0.005177007799533229
3.3082321479896226,-1.0046851473507414,9.440438193757979,0.998,2.8274285714285714,1344.0,-0.0002328644181948114,0.005177007799531452
3.3079992835714283,-1.004831514366739,9.445615201557512,0.998,2.827142857142857,1345.0,-0.00023286441819436732,0.005177007799533229
3.307766419153234,-1.0049778813827366,9.450792209357044,0.998,2.8268571428571425,1346.0,-0.00023286441819436732,0.005177007799531452
3.307533554735039,-1.0051242483987342,9.455969217156577,0.998,2.8265714285714285,1347.0,-0.0002328644181948114,0.005177007799533229
3.3073006903168447,-1.0052706154147317,9.461146224956108,0.998,2.826285714285714,1348.0,-0.00023286441819436732,0.005177007799531452
3.3070678258986503,-1.0054169824307293,9.466323232755641,0.998,2.826,1349.0,-0.00023286441819436732,0.005177007799533229
3.3068349614804555,-1.0055633494467267,9.471500240555175,0.998,2.8257142857142856,1350.0,-0.0002328644181948114,0.005177007799533229
3.306602097062261,-1.0057097164627242,9.476677248354706,0.998,2.825428571428571,1351.0,-0.00023286441819436732,0.005177007799531452
3.3063692326440663,-1.0058560834787218,9.48185425615424,0.998,2.825142857142857,1352.0,-0.0002328644181948114,0.005177007799533229
3.306136368225872,-1.0060024504947194,9.48703126395377,0.998,2.8248571428571427,1353.0,-0.00023286441819436732,0.005177007799531452
3.3059035038076776,-1.006148817510717,9.492208271753304,0.998,2.8245714285714283,1354.0,-0.00023286441819436732,0.005177007799533229
3.305670639389483,-1.0062951845267145,9.497385279552836,0.998,2.8242857142857143,1355.0,-0.0002328644181948114,0.005177007799531452
3.3054377749712884,-1.006441551542712,9.502562287352369,0.998,2.824,1356.0,-0.00023286441819436732,0.005177007799533229
3.305192850352148,-1.006398492041136,9.505511237413566,0.998,2.823785714285714,1357.0,-0.0002449246191402743,0.002948950061197664
3.304947925733008,-1.0063554325395596,9.508460187474766,0.998,2.8235714285714284,1358.0,-0.0002449246191402743,0.00294895006119944
3.3047030011138676,-1.0063123730379835,9.511409137535964,0.998,2.8233571428571427,1359.0,-0.0002449246191402743,0.002948950061197664
3.3044580764947273,-1.0062693135364074,9.514358087597161,0.998,2.823142857142857,1360.0,-0.0002449246191402743,0.002948950061197664
3.304213151875587,-1.0062262540348312,9.517307037658359,0.998,2.8229285714285712,1361.0,-0.0002449246191402743,0.002948950061197664
3.303968227256447,-1.0061831945332549,9.520255987719558,0.998,2.8227142857142855,1362.0,-0.0002449246191402743,0.00294895006119944
3.3037233026373065,-1.0061401350316788,9.523204937780756,0.998,2.8225,1363.0,-0.0002449246191402743,0.002948950061197664
3.3034783780181662,-1.0060970755301026,9.526153887841954,0.998,2.8222857142857145,1364.0,-0.0002449246191402743,0.002948950061197664
3.303233453399026,-1.0060540160285263,9.529102837903153,0.998,2.822071428571429,1365.0,-0.0002449246191402743,0.00294895006119944
3.3029885287798857,-1.0060109565269502,9.53205178796435,0.998,2.821857142857143,1366.0,-0.0002449246191402743,0.002948950061197664
3.3027436041607454,-1.005967897025374,9.535000738025548,0.998,2.8216428571428573,1367.0,-0.0002449246191402743,0.002948950061197664
3.302498679541605,-1.005924837523798,9.537949688086746,0.998,2.8214285714285716,1368.0,-0.0002449246191402743,0.002948950061197664
3.302253754922465,-1.0058817780222216,9.540898638147945,0.998,2.821214285714286,1369.0,-0.0002449246191402743,0.00294895006119944
3.3020088303033246,-1.0058387185206454,9.543847588209143,0.998,2.821,1370.0,-0.0002449246191402743,0.002948950061197664
3.3017638229573403,-1.0059250182245867,9.54674677249176,0.9979857142857143,2.8207857142857145,1371.0,-0.00024500734598431606,0.002899184282616929
3.301518815611356,-1.0060113179285277,9.549645956774377,0.9979714285714286,2.8205714285714287,1372.0,-0.00024500734598431606,0.002899184282616929
3.3012738082653716,-1.006097617632469,9.552545141056994,0.9979571428571429,2.820357142857143,1373.0,-0.00024500734598431606,0.002899184282616929
3.3010288009193873,-1.0061839173364102,9.555444325339609,0.9979428571428571,2.8201428571428573,1374.0,-0.00024500734598431606,0.0028991842826151526
3.300783793573403,-1.0062702170403515,9.558343509622226,0.9979285714285714,2.8199285714285716,1375.0,-0.00024500734598431606,0.002899184282616929
3.3005387862274187,-1.0063565167442925,9.561242693904843,0.9979142857142858,2.819714285714286,1376.0,-0.00024500734598431606,0.002899184282616929
3.3002937788814344,-1.0064428164482337,9.56414187818746,0.9979,2.8195,1377.0,-0.00024500734598431606,0.002899184282616929
3.30004877153545,-1.006529116152175,9.567041062470077,0.9978857142857143,2.8192857142857144,1378.0,-0.00024500734598431606,0.002899184282616929
3.2998037641894657,-1.006615415856116,9.569940246752694,0.9978714285714286,2.8190714285714287,1379.0,-0.00024500734598431606,0.002899184282616929
3.2995587568434814,-1.0067017155600573,9.57283943103531,0.9978571428571429,2.818857142857143,1380.0,-0.00024500734598431606,0.002899184282616929
3.299313749497497,-1.0067880152639985,9.575738615317926,0.9978428571428571,2.8186428571428572,1381.0,-0.00024500734598431606,0.0028991842826151526
3.299068742151513,-1.0068743149679398,9.578637799600543,0.9978285714285714,2.8184285714285715,1382.0,-0.00024500734598431606,0.002899184282616929
3.2988237348055285,-1.0069606146718808,9.58153698388316,0.9978142857142858,2.818214285714286,1383.0,-0.00024500734598431606,0.002899184282616929
3.298578727459544,-1.007046914375822,9.584436168165777,0.9978,2.818,1384.0,-0.00024500734598431606,0.002899184282616929
3.298346293333063,-1.006993283044698,9.58781604002984,0.9978142857142858,2.8177142857142856,1385.0,-0.00023243412648099593,0.0033798718640625225
3.2981138592065817,-1.0069396517135738,9.591195911893902,0.9978285714285714,2.8174285714285716,1386.0,-0.00023243412648144002,0.0033798718640625225
3.2978814250801007,-1.0068860203824497,9.594575783757964,0.9978428571428571,2.817142857142857,1387.0,-0.00023243412648099593,0.0033798718640625225
3.2976489909536197,-1.0068323890513255,9.597955655622025,0.9978571428571429,2.8168571428571427,1388.0,-0.00023243412648099593,0.003379871864060746
3.2974165568271387,-1.0067787577202014,9.601335527486087,0.9978714285714286,2.8165714285714287,1389.0,-0.00023243412648099593,0.0033798718640625225
3.2971841227006573,-1.0067251263890773,9.60471539935015,0.9978857142857143,2.8162857142857143,1390.0,-0.00023243412648144002,0.0033798718640625225
3.2969516885741763,-1.0066714950579534,9.608095271214212,0.9979,2.8160000000000003,1391.0,-0.00023243412648099593,0.0033798718640625225
3.2967192544476953,-1.0066178637268293,9.611475143078275,0.9979142857142858,2.815714285714286,1392.0,-0.00023243412648099593,0.0033798718640625225
3.296486820321214,-1.0065642323957051,9.614855014942338,0.9979285714285714,2.8154285714285714,1393.0,-0.00023243412648144002,0.0033798718640625225
3.296254386194733,-1.006510601064581,9.6182348868064,0.9979428571428571,2.8151428571428574,1394.0,-0.00023243412648099593,0.0033798718640625225
3.296021952068252,-1.0064569697334569,9.62161475867046,0.9979571428571429,2.814857142857143,1395.0,-0.00023243412648099593,0.003379871864060746
3.295789517941771,-1.0064033384023328,9.624994630534523,0.9979714285714286,2.8145714285714285,1396.0,-0.00023243412648099593,0.0033798718640625225
3.2955570838152894,-1.0063497070712086,9.628374502398586,0.9979857142857143,2.8142857142857145,1397.0,-0.00023243412648144002,0.0033798718640625225
3.2953246496888084,-1.0062960757400845,9.631754374262648,0.998,2.814,1398.0,-0.00023243412648099593,0.0033798718640625225
3.2950708437043885,-1.0062629184502054,9.635021547213768,0.998,2.8137857142857143,1399.0,-0.0002538059844199303,0.003267172951119335
3.294817037719968,-1.0062297611603261,9.638288720164889,0.998,2.8135714285714286,1400.0,-0.0002538059844203744,0.003267172951121111
3.294563231735548,-1.006196603870447,9.641555893116008,0.998,2.813357142857143,1401.0,-0.0002538059844199303,0.003267172951119335
3.2943094257511283,-1.006163446580568,9.644823066067127,0.998,2.813142857142857,1402.0,-0.0002538059844199303,0.003267172951119335
3.294055619766708,-1.0061302892906887,9.648090239018247,0.998,2.8129285714285714,1403.0,-0.0002538059844203744,0.003267172951119335
3.293801813782288,-1.0060971320008096,9.651357411969368,0.998,2.8127142857142857,1404.0,-0.0002538059844199303,0.003267172951121111
3.2935480077978676,-1.0060639747109303,9.654624584920487,0.998,2.8125,1405.0,-0.0002538059844203744,0.003267172951119335
3.2932942018134477,-1.0060308174210513,9.657891757871607,0.998,2.8122857142857143,1406.0,-0.0002538059844199303,0.003267172951119335
3.2930403958290277,-1.0059976601311722,9.661158930822728,0.998,2.8120714285714286,1407.0,-0.0002538059844199303,0.003267172951121111
3.2927865898446074,-1.005964502841293,9.664426103773847,0.998,2.811857142857143,1408.0,-0.0002538059844203744,0.003267172951119335
3.2925327838601874,-1.0059313455514138,9.667693276724966,0.998,2.811642857142857,1409.0,-0.0002538059844199303,0.003267172951119335
3.2922789778757675,-1.0058981882615348,9.670960449676086,0.998,2.8114285714285714,1410.0,-0.0002538059844199303,0.003267172951119335
3.292025171891347,-1.0058650309716555,9.674227622627207,0.998,2.8112142857142857,1411.0,-0.0002538059844203744,0.003267172951121111
3.291771365906927,-1.0058318736817764,9.677494795578326,0.998,2.811,1412.0,-0.0002538059844199303,0.003267172951119335
3.291538448849143,-1.005851579709494,9.682356375268892,0.998,2.8107142857142855,1413.0,-0.00023291705778438754,0.004861579690565776
3.2913055317913584,-1.0058712857372116,9.68721795495946,0.998,2.8104285714285715,1414.0,-0.00023291705778438754,0.004861579690567552
3.291072614733574,-1.0058909917649292,9.692079534650027,0.998,2.810142857142857,1415.0,-0.00023291705778438754,0.004861579690567552
3.2908396976757897,-1.0059106977926469,9.696941114340593,0.998,2.8098571428571426,1416.0,-0.00023291705778438754,0.004861579690565776
3.2906067806180053,-1.0059304038203645,9.701802694031159,0.998,2.8095714285714286,1417.0,-0.00023291705778438754,0.004861579690565776
3.290373863560221,-1.005950109848082,9.706664273721726,0.998,2.809285714285714,1418.0,-0.00023291705778438754,0.004861579690567552
3.2901409465024365,-1.0059698158757997,9.711525853412294,0.998,2.809,1419.0,-0.00023291705778438754,0.004861579690567552
3.289908029444652,-1.0059895219035175,9.71638743310286,0.998,2.8087142857142857,1420.0,-0.00023291705778438754,0.004861579690565776
3.2896751123868677,-1.0060092279312352,9.721249012793425,0.998,2.8084285714285713,1421.0,-0.00023291705778438754,0.004861579690565776
3.2894421953290833,-1.0060289339589528,9.726110592483993,0.998,2.8081428571428573,1422.0,-0.00023291705778438754,0.004861579690567552
3.289209278271299,-1.0060486399866704,9.73097217217456,0.998,2.807857142857143,1423.0,-0.00023291705778438754,0.004861579690567552
3.2889763612135146,-1.006068346014388,9.735833751865126,0.998,2.8075714285714284,1424.0,-0.00023291705778438754,0.004861579690565776
3.28874344415573,-1.0060880520421056,9.740695331555692,0.998,2.8072857142857144,1425.0,-0.00023291705778438754,0.004861579690565776
3.288510527097946,-1.0061077580698232,9.74555691124626,0.998,2.807,1426.0,-0.00023291705778438754,0.004861579690567552
3.2882459311539987,-1.0062371602973947,9.747436077313704,0.998,2.806785714285714,1427.0,-0.00026459594394712127,0.0018791660674448707
3.2879813352100515,-1.0063665625249663,9.74931524338115,0.998,2.8065714285714285,1428.0,-0.00026459594394712127,0.0018791660674448707
3.2877167392661044,-1.0064959647525378,9.751194409448594,0.998,2.8063571428571428,1429.0,-0.00026459594394712127,0.0018791660674448707
3.2874521433221573,-1.0066253669801093,9.753073575516039,0.998,2.806142857142857,1430.0,-0.00026459594394712127,0.0018791660674448707
3.28718754737821,-1.0067547692076808,9.754952741583484,0.998,2.8059285714285713,1431.0,-0.00026459594394712127,0.0018791660674448707
3.286922951434263,-1.0068841714352523,9.756831907650929,0.998,2.8057142857142856,1432.0,-0.00026459594394712127,0.0018791660674448707
3.286658355490316,-1.0070135736628238,9.758711073718374,0.998,2.8055,1433.0,-0.00026459594394712127,0.0018791660674448707
3.2863937595463684,-1.0071429758903954,9.760590239785818,0.998,2.805285714285714,1434.0,-0.00026459594394756536,0.0018791660674448707
3.2861291636024212,-1.0072723781179669,9.762469405853263,0.998,2.8050714285714284,1435.0,-0.00026459594394712127,0.0018791660674448707
3.285864567658474,-1.0074017803455384,9.764348571920708,0.998,2.8048571428571427,1436.0,-0.00026459594394712127,0.0018791660674448707
3.285599971714527,-1.00753118257311,9.766227737988153,0.998,2.804642857142857,1437.0,-0.00026459594394712127,0.0018791660674448707
3.28533537577058,-1.0076605848006814,9.768106904055598,0.998,2.8044285714285713,1438.0,-0.00026459594394712127,0.0018791660674448707
3.2850707798266328,-1.007789987028253,9.769986070123043,0.998,2.8042142857142855,1439.0,-0.00026459594394712127,0.0018791660674448707
3.2848061838826856,-1.0079193892558245,9.771865236190488,0.998,2.804,1440.0,-0.00026459594394712127,0.0018791660674448707
3.2845625089792776,-1.0078762869968791,9.773736014407888,0.998,2.803785714285714,1441.0,-0.0002436749034080421,0.0018707782174001153
3.2843188340758696,-1.0078331847379338,9.77560679262529,0.998,2.8035714285714284,1442.0,-0.0002436749034080421,0.0018707782174018917
3.2840751591724615,-1.0077900824789887,9.777477570842692,0.998,2.8033571428571427,1443.0,-0.0002436749034080421,0.0018707782174018917
3.283831484269053,-1.0077469802200434,9.779348349060092,0.998,2.803142857142857,1444.0,-0.0002436749034084862,0.0018707782174001153
3.283587809365645,-1.007703877961098,9.781219127277492,0.998,2.802928571428571,1445.0,-0.0002436749034080421,0.0018707782174001153
3.283344134462237,-1.0076607757021527,9.783089905494894,0.998,2.8027142857142855,1446.0,-0.0002436749034080421,0.0018707782174018917
3.283100459558829,-1.0076176734432076,9.784960683712296,0.998,2.8024999999999998,1447.0,-0.0002436749034080421,0.0018707782174018917
3.282856784655421,-1.0075745711842623,9.786831461929696,0.998,2.8022857142857145,1448.0,-0.0002436749034080421,0.0018707782174001153
3.282613109752013,-1.007531468925317,9.788702240147096,0.998,2.8020714285714288,1449.0,-0.0002436749034080421,0.0018707782174001153
3.2823694348486048,-1.0074883666663716,9.790573018364498,0.998,2.801857142857143,1450.0,-0.0002436749034080421,0.0018707782174018917
3.2821257599451963,-1.0074452644074263,9.7924437965819,0.998,2.8016428571428573,1451.0,-0.0002436749034084862,0.0018707782174018917
3.2818820850417882,-1.0074021621484812,9.7943145747993,0.998,2.8014285714285716,1452.0,-0.0002436749034080421,0.0018707782174001153
3.28163841013838,-1.007359059889536,9.7961853530167,0.998,2.801214285714286,1453.0,-0.0002436749034080421,0.0018707782174001153
3.281394735234972,-1.0073159576305906,9.798056131234102,0.998,2.801,1454.0,-0.0002436749034080421,0.0018707782174018917
3.2811637358766816,-1.0071894084368975,9.801684623417888,0.998,2.8007142857142857,1455.0,-0.00023099935829051788,0.003628492183786136
3.280932736518391,-1.0070628592432043,9.805313115601672,0.998,2.8004285714285717,1456.0,-0.00023099935829051788,0.0036284921837843598
3.2807017371601006,-1.0069363100495112,9.808941607785458,0.998,2.8001428571428573,1457.0,-0.00023099935829051788,0.003628492183786136
3.2804707378018096,-1.0068097608558182,9.812570099969244,0.998,2.799857142857143,1458.0,-0.00023099935829096196,0.003628492183786136
3.280239738443519,-1.006683211662125,9.81619859215303,0.998,2.799571428571429,1459.0,-0.00023099935829051788,0.003628492183786136
3.2800087390852286,-1.006556662468432,9.819827084336815,0.998,2.7992857142857144,1460.0,-0.00023099935829051788,0.0036284921837843598
3.279777739726938,-1.0064301132747386,9.823455576520601,0.998,2.7990000000000004,1461.0,-0.00023099935829051788,0.003628492183786136
3.2795467403686476,-1.0063035640810456,9.827084068704387,0.998,2.798714285714286,1462.0,-0.00023099935829051788,0.003628492183786136
3.279315741010357,-1.0061770148873526,9.830712560888172,0.998,2.7984285714285715,1463.0,-0.00023099935829051788,0.0036284921837843598
3.2790847416520665,-1.0060504656936593,9.834341053071958,0.998,2.7981428571428575,1464.0,-0.00023099935829051788,0.003628492183786136
3.2788537422937756,-1.0059239164999663,9.837969545255744,0.998,2.797857142857143,1465.0,-0.00023099935829096196,0.003628492183786136
3.278622742935485,-1.0057973673062732,9.84159803743953,0.998,2.7975714285714286,1466.0,-0.00023099935829051788,0.003628492183786136
3.2783917435771945,-1.00567081811258,9.845226529623314,0.998,2.7972857142857146,1467.0,-0.00023099935829051788,0.0036284921837843598
3.278160744218904,-1.005544268918887,9.8488550218071,0.998,2.797,1468.0,-0.00023099935829051788,0.003628492183786136
3.277912205533483,-1.0055273273638767,9.853541500232433,0.998,2.7967857142857144,1469.0,-0.0002485386854211846,0.004686478425332652
3.2776636668480617,-1.0055103858088663,9.858227978657764,0.998,2.7965714285714287,1470.0,-0.0002485386854211846,0.0046864784253308756
3.27741512816264,-1.0054934442538561,9.862914457083097,0.998,2.796357142857143,1471.0,-0.0002485386854216287,0.004686478425332652
3.277166589477219,-1.0054765026988457,9.86760093550843,0.998,2.7961428571428573,1472.0,-0.0002485386854211846,0.004686478425332652
3.2769180507917977,-1.0054595611438355,9.87228741393376,0.998,2.7959285714285715,1473.0,-0.0002485386854211846,0.0046864784253308756
3.2766695121063765,-1.005442619588825,9.876973892359093,0.998,2.795714285714286,1474.0,-0.0002485386854211846,0.004686478425332652
3.2764209734209553,-1.0054256780338149,9.881660370784425,0.998,2.7955,1475.0,-0.0002485386854211846,0.004686478425332652
3.2761724347355337,-1.0054087364788047,9.886346849209756,0.998,2.7952857142857144,1476.0,-0.0002485386854216287,0.0046864784253308756
3.2759238960501125,-1.0053917949237943,9.891033327635089,0.998,2.7950714285714287,1477.0,-0.0002485386854211846,0.004686478425332652
3.2756753573646913,-1.005374853368784,9.89571980606042,0.998,2.794857142857143,1478.0,-0.0002485386854211846,0.0046864784253308756
3.27542681867927,-1.0053579118137737,9.900406284485753,0.998,2.794642857142857,1479.0,-0.0002485386854211846,0.004686478425332652
3.2751782799938485,-1.0053409702587635,9.905092762911085,0.998,2.7944285714285715,1480.0,-0.0002485386854216287,0.004686478425332652
3.2749297413084273,-1.005324028703753,9.909779241336416,0.998,2.7942142857142858,1481.0,-0.0002485386854211846,0.0046864784253308756
3.274681202623006,-1.0053070871487428,9.914465719761749,0.998,2.794,1482.0,-0.0002485386854211846,0.004686478425332652
3.2744139036577566,-1.0052795291255037,9.915328476930771,0.998,2.7937857142857143,1483.0,-0.00026729896524946284,0.0008627571690222879
3.2741466046925067,-1.0052519711022645,9.916191234099793,0.998,2.7935714285714286,1484.0,-0.00026729896524990693,0.0008627571690222879
3.2738793057272573,-1.0052244130790253,9.917053991268814,0.998,2.793357142857143,1485.0,-0.00026729896524946284,0.0008627571690205116
3.273612006762008,-1.005196855055786,9.917916748437836,0.998,2.793142857142857,1486.0,-0.00026729896524946284,0.0008627571690222879
3.273344707796758,-1.0051692970325468,9.918779505606858,0.998,2.7929285714285714,1487.0,-0.00026729896524990693,0.0008627571690222879
3.2730774088315084,-1.0051417390093076,9.91964226277588,0.998,2.7927142857142857,1488.0,-0.00026729896524946284,0.0008627571690222879
3.2728101098662585,-1.0051141809860684,9.920505019944901,0.998,2.7925,1489.0,-0.00026729896524990693,0.0008627571690205116
3.272542810901009,-1.0050866229628292,9.921367777113923,0.998,2.7922857142857143,1490.0,-0.00026729896524946284,0.0008627571690222879
3.2722755119357596,-1.00505906493959,9.922230534282946,0.998,2.7920714285714285,1491.0,-0.00026729896524946284,0.0008627571690222879
3.2720082129705097,-1.005031506916351,9.923093291451968,0.998,2.791857142857143,1492.0,-0.00026729896524990693,0.0008627571690222879
3.2717409140052602,-1.0050039488931115,9.92395604862099,0.998,2.791642857142857,1493.0,-0.00026729896524946284,0.0008627571690222879
3.2714736150400108,-1.0049763908698723,9.92481880579001,0.998,2.7914285714285714,1494.0,-0.00026729896524946284,0.0008627571690205116
3.271206316074761,-1.0049488328466332,9.925681562959033,0.998,2.7912142857142856,1495.0,-0.00026729896524990693,0.0008627571690222879
3.2709390171095114,-1.004921274823394,9.926544320128055,0.998,2.791,1496.0,-0.00026729896524946284,0.0008627571690222879
3.2706957208891616,-1.0049610017487192,9.931410052205825,0.998,2.7907142857142855,1497.0,-0.00024329622034979792,0.0048657320777696356
3.2704524246688114,-1.0050007286740446,9.936275784283593,0.998,2.7904285714285715,1498.0,-0.000243296220350242,0.004865732077767859
3.2702091284484616,-1.00504045559937,9.941141516361363,0.998,2.790142857142857,1499.0,-0.00024329622034979792,0.0048657320777696356
3.2699658322281113,-1.005080182524695,9.946007248439132,0.998,2.7898571428571426,1500.0,-0.000243296220350242,0.0048657320777696356
3.2697225360077615,-1.0051199094500203,9.950872980516902,0.998,2.7895714285714286,1501.0,-0.00024329622034979792,0.0048657320777696356
3.2694792397874113,-1.0051596363753457,9.95573871259467,0.998,2.789285714285714,1502.0,-0.000243296220350242,0.004865732077767859
3.2692359435670615,-1.005199363300671,9.96060444467244,0.998,2.789,1503.0,-0.00024329622034979792,0.0048657320777696356
3.2689926473467117,-1.0052390902259962,9.965470176750209,0.998,2.7887142857142857,1504.0,-0.00024329622034979792,0.0048657320777696356
3.2687493511263614,-1.0052788171513214,9.970335908827977,0.998,2.7884285714285713,1505.0,-0.000243296220350242,0.004865732077767859
3.2685060549060116,-1.0053185440766468,9.975201640905746,0.998,2.7881428571428573,1506.0,-0.00024329622034979792,0.0048657320777696356
3.2682627586856614,-1.0053582710019722,9.980067372983516,0.998,2.787857142857143,1507.0,-0.000243296220350242,0.0048657320777696356
3.2680194624653116,-1.0053979979272973,9.984933105061286,0.998,2.7875714285714284,1508.0,-0.00024329622034979792,0.0048657320777696356
3.2677761662449614,-1.0054377248526225,9.989798837139054,0.998,2.7872857142857144,1509.0,-0.000243296220350242,0.004865732077767859
3.2675328700246116,-1.005477451777948,9.994664569216823,0.998,2.787,1510.0,-0.00024329622034979792,0.0048657320777696356
3.267287135401213,-1.005465256211711,9.99765306442796,0.998,2.7867142857142855,1511.0,-0.00024573462339860797,0.0029884952111363106
3.2670414007778144,-1.0054530606454741,10.000641559639096,0.998,2.7864285714285715,1512.0,-0.00024573462339860797,0.0029884952111363106
3.2667956661544157,-1.0054408650792372,10.003630054850232,0.998,2.786142857142857,1513.0,-0.00024573462339860797,0.0029884952111363106
3.266549931531017,-1.0054286695130004,10.006618550061368,0.998,2.7858571428571426,1514.0,-0.00024573462339860797,0.0029884952111363106
3.2663041969076185,-1.0054164739467635,10.009607045272505,0.998,2.7855714285714286,1515.0,-0.00024573462339860797,0.0029884952111363106
3.26605846228422,-1.0054042783805266,10.012595540483641,0.998,2.785285714285714,1516.0,-0.00024573462339860797,0.0029884952111363106
3.2658127276608213,-1.0053920828142897,10.015584035694777,0.998,2.785,1517.0,-0.00024573462339860797,0.0029884952111363106
3.2655669930374227,-1.0053798872480526,10.018572530905914,0.998,2.7847142857142857,1518.0,-0.00024573462339860797,0.0029884952111363106
3.265321258414024,-1.0053676916818157,10.02156102611705,0.998,2.7844285714285713,1519.0,-0.00024573462339860797,0.0029884952111363106
3.2650755237906255,-1.0053554961155788,10.024549521328186,0.998,2.7841428571428573,1520.0,-0.00024573462339860797,0.0029884952111363106
3.264829789167227,-1.005343300549342,10.027538016539323,0.998,2.783857142857143,1521.0,-0.00024573462339860797,0.0029884952111363106
3.2645840545438283,-1.005331104983105,10.030526511750459,0.998,2.7835714285714284,1522.0,-0.00024573462339860797,0.0029884952111363106
3.2643383199204297,-1.0053189094168682,10.033515006961595,0.998,2.7832857142857144,1523.0,-0.00024573462339860797,0.0029884952111363106
3.264092585297031,-1.0053067138506313,10.036503502172732,0.998,2.783,1524.0,-0.00024573462339860797,0.0029884952111363106
3.263838214448448,-1.0053313203291276,10.03972418947033,0.998,2.782785714285714,1525.0,-0.0002543708485829299,0.0032206872975990564
3.2635838435998648,-1.005355926807624,10.04294487676793,0.998,2.7825714285714285,1526.0,-0.000254370848583374,0.0032206872975990564
3.263329472751282,-1.0053805332861203,10.04616556406553,0.998,2.7823571428571428,1527.0,-0.0002543708485829299,0.0032206872976008327
3.2630751019026984,-1.0054051397646169,10.04938625136313,0.998,2.782142857142857,1528.0,-0.000254370848583374,0.0032206872975990564
3.2628207310541155,-1.0054297462431132,10.052606938660729,0.998,2.7819285714285713,1529.0,-0.0002543708485829299,0.0032206872975990564
3.262566360205532,-1.0054543527216095,10.055827625958328,0.998,2.7817142857142856,1530.0,-0.000254370848583374,0.0032206872975990564
3.262311989356949,-1.0054789592001059,10.059048313255929,0.998,2.7815,1531.0,-0.0002543708485829299,0.0032206872976008327
3.2620576185083663,-1.0055035656786022,10.062269000553528,0.998,2.781285714285714,1532.0,-0.0002543708485829299,0.0032206872975990564
3.261803247659783,-1.0055281721570986,10.065489687851127,0.998,2.7810714285714284,1533.0,-0.000254370848583374,0.0032206872975990564
3.2615488768112,-1.005552778635595,10.068710375148726,0.998,2.7808571428571427,1534.0,-0.0002543708485829299,0.0032206872975990564
3.2612945059626166,-1.0055773851140914,10.071931062446325,0.998,2.780642857142857,1535.0,-0.000254370848583374,0.0032206872975990564
3.2610401351140337,-1.0056019915925878,10.075151749743926,0.998,2.7804285714285712,1536.0,-0.0002543708485829299,0.0032206872976008327
3.2607857642654503,-1.0056265980710841,10.078372437041525,0.998,2.7802142857142855,1537.0,-0.000254370848583374,0.0032206872975990564
3.2605313934168674,-1.0056512045495805,10.081593124339124,0.998,2.78,1538.0,-0.0002543708485829299,0.0032206872975990564
3.2602834528352056,-1.00560619149227,10.08495095576202,0.998,2.779785714285714,1539.0,-0.00024794058166177635,0.0033578314228961403
3.260035512253544,-1.0055611784349594,10.088308787184914,0.998,2.7795714285714284,1540.0,-0.00024794058166177635,0.003357831422894364
3.259787571671882,-1.005516165377649,10.09166661860781,0.998,2.7793571428571426,1541.0,-0.00024794058166177635,0.0033578314228961403
3.25953963109022,-1.0054711523203383,10.095024450030706,0.998,2.779142857142857,1542.0,-0.00024794058166222044,0.0033578314228961403
3.259291690508558,-1.005426139263028,10.0983822814536,0.998,2.778928571428571,1543.0,-0.00024794058166177635,0.003357831422894364
3.2590437499268963,-1.0053811262057173,10.101740112876497,0.998,2.7787142857142855,1544.0,-0.00024794058166177635,0.0033578314228961403
3.2587958093452345,-1.0053361131484069,10.105097944299391,0.998,2.7784999999999997,1545.0,-0.00024794058166177635,0.003357831422894364
3.2585478687635727,-1.0052911000910965,10.108455775722287,0.998,2.7782857142857145,1546.0,-0.00024794058166177635,0.0033578314228961403
3.258299928181911,-1.0052460870337858,10.111813607145184,0.998,2.7780714285714287,1547.0,-0.00024794058166177635,0.0033578314228961403
3.258051987600249,-1.0052010739764754,10.115171438568078,0.998,2.777857142857143,1548.0,-0.00024794058166177635,0.003357831422894364
3.257804047018587,-1.0051560609191648,10.118529269990974,0.998,2.7776428571428573,1549.0,-0.00024794058166222044,0.0033578314228961403
3.257556106436925,-1.0051110478618543,10.12188710141387,0.998,2.7774285714285716,1550.0,-0.00024794058166177635,0.0033578314228961403
3.2573081658552634,-1.0050660348045437,10.125244932836765,0.998,2.777214285714286,1551.0,-0.00024794058166177635,0.003357831422894364
3.2570602252736016,-1.0050210217472333,10.12860276425966,0.998,2.777,1552.0,-0.00024794058166177635,0.0033578314228961403
3.2567901219600963,-1.0051004656553855,10.131477746807306,0.998,2.7767142857142857,1553.0,-0.0002701033135052988,0.0028749825476452884
3.2565200186465915,-1.0051799095635376,10.13435272935495,0.998,2.7764285714285717,1554.0,-0.0002701033135048547,0.002874982547643512
3.256249915333086,-1.0052593534716896,10.137227711902595,0.998,2.7761428571428572,1555.0,-0.0002701033135052988,0.0028749825476452884
3.2559798120195813,-1.0053387973798418,10.14010269445024,0.998,2.775857142857143,1556.0,-0.0002701033135048547,0.0028749825476452884
3.255709708706076,-1.005418241287994,10.142977676997884,0.998,2.775571428571429,1557.0,-0.0002701033135052988,0.002874982547643512
3.255439605392571,-1.0054976851961461,10.145852659545529,0.998,2.7752857142857144,1558.0,-0.0002701033135048547,0.0028749825476452884
3.255169502079066,-1.005577129104298,10.148727642093172,0.998,2.7750000000000004,1559.0,-0.0002701033135052988,0.002874982547643512
3.2548993987655606,-1.0056565730124503,10.151602624640818,0.998,2.774714285714286,1560.0,-0.0002701033135052988,0.0028749825476452884
3.2546292954520557,-1.0057360169206024,10.154477607188463,0.998,2.7744285714285715,1561.0,-0.0002701033135048547,0.0028749825476452884
3.2543591921385504,-1.0058154608287546,10.157352589736107,0.998,2.7741428571428575,1562.0,-0.0002701033135052988,0.002874982547643512
3.2540890888250456,-1.0058949047369068,10.160227572283752,0.998,2.773857142857143,1563.0,-0.0002701033135048547,0.0028749825476452884
3.2538189855115403,-1.0059743486450587,10.163102554831397,0.998,2.7735714285714286,1564.0,-0.0002701033135052988,0.0028749825476452884
3.2535488821980354,-1.006053792553211,10.16597753737904,0.998,2.7732857142857146,1565.0,-0.0002701033135048547,0.002874982547643512
3.25327877888453,-1.006133236461363,10.168852519926686,0.998,2.773,1566.0,-0.0002701033135052988,0.0028749825476452884
3.253020937372407,-1.0060980073389685,10.173089439164851,0.998,2.7727142857142857,1567.0,-0.00025784151212304707,0.004236919238165271
3.252763095860284,-1.0060627782165736,10.177326358403015,0.998,2.7724285714285717,1568.0,-0.00025784151212304707,0.004236919238163495
3.252505254348161,-1.006027549094179,10.18156327764118,0.998,2.7721428571428572,1569.0,-0.00025784151212304707,0.004236919238165271
3.2522474128360375,-1.0059923199717844,10.185800196879345,0.998,2.771857142857143,1570.0,-0.00025784151212349116,0.004236919238165271
3.2519895713239144,-1.0059570908493898,10.190037116117509,0.998,2.771571428571429,1571.0,-0.00025784151212304707,0.004236919238163495
3.2517317298117914,-1.005921861726995,10.194274035355674,0.998,2.7712857142857144,1572.0,-0.00025784151212304707,0.004236919238165271
3.2514738882996683,-1.0058866326046003,10.19851095459384,0.998,2.7710000000000004,1573.0,-0.00025784151212304707,0.004236919238165271
3.2512160467875453,-1.0058514034822057,10.202747873832003,0.998,2.770714285714286,1574.0,-0.00025784151212304707,0.004236919238163495
3.2509582052754222,-1.0058161743598109,10.206984793070168,0.998,2.7704285714285715,1575.0,-0.00025784151212304707,0.004236919238165271
3.250700363763299,-1.0057809452374162,10.211221712308332,0.998,2.7701428571428575,1576.0,-0.00025784151212304707,0.004236919238163495
3.2504425222511757,-1.0057457161150216,10.215458631546497,0.998,2.769857142857143,1577.0,-0.00025784151212349116,0.004236919238165271
3.2501846807390526,-1.005710486992627,10.219695550784662,0.998,2.7695714285714286,1578.0,-0.00025784151212304707,0.004236919238165271
3.2499268392269296,-1.0056752578702322,10.223932470022826,0.998,2.7692857142857146,1579.0,-0.00025784151212304707,0.004236919238163495
3.2496689977148066,-1.0056400287478375,10.22816938926099,0.998,2.769,1580.0,-0.00025784151212304707,0.004236919238165271
3.249404171981073,-1.0056111272756723,10.229135719901153,0.998,2.7687142857142857,1581.0,-0.00026482573373343143,0.0009663306401623828
3.2491393462473397,-1.0055822258035072,10.230102050541314,0.998,2.7684285714285717,1582.0,-0.00026482573373343143,0.0009663306401606064
3.2488745205136063,-1.005553324331342,10.231068381181476,0.998,2.7681428571428572,1583.0,-0.00026482573373343143,0.0009663306401623828
3.2486096947798733,-1.0055244228591766,10.232034711821639,0.998,2.767857142857143,1584.0,-0.00026482573373298735,0.0009663306401623828
3.24834486904614,-1.0054955213870116,10.2330010424618,0.998,2.767571428571429,1585.0,-0.00026482573373343143,0.0009663306401606064
3.2480800433124064,-1.0054666199148463,10.233967373101962,0.998,2.7672857142857143,1586.0,-0.00026482573373343143,0.0009663306401623828
3.247815217578673,-1.0054377184426813,10.234933703742124,0.998,2.7670000000000003,1587.0,-0.00026482573373343143,0.0009663306401623828
3.2475503918449395,-1.005408816970516,10.235900034382285,0.998,2.766714285714286,1588.0,-0.00026482573373343143,0.0009663306401606064
3.247285566111206,-1.0053799154983507,10.236866365022447,0.998,2.7664285714285715,1589.0,-0.00026482573373343143,0.0009663306401623828
3.2470207403774727,-1.0053510140261857,10.237832695662608,0.998,2.7661428571428575,1590.0,-0.00026482573373343143,0.0009663306401606064
3.2467559146437397,-1.0053221125540204,10.23879902630277,0.998,2.765857142857143,1591.0,-0.00026482573373298735,0.0009663306401623828
3.2464910889100063,-1.005293211081855,10.239765356942932,0.998,2.7655714285714286,1592.0,-0.00026482573373343143,0.0009663306401623828
3.246226263176273,-1.00526430960969,10.240731687583093,0.998,2.7652857142857146,1593.0,-0.00026482573373343143,0.0009663306401606064
3.2459614374425394,-1.0052354081375248,10.241698018223255,0.998,2.765,1594.0,-0.00026482573373343143,0.0009663306401623828
3.2456917598261494,-1.0052967334894005,10.245629655665551,0.998,2.7647857142857144,1595.0,-0.0002696776163899628,0.0039316374422959655
3.2454220822097595,-1.005358058841276,10.249561293107847,0.998,2.7645714285714287,1596.0,-0.0002696776163899628,0.0039316374422959655
3.2451524045933695,-1.0054193841931518,10.253492930550143,0.998,2.764357142857143,1597.0,-0.0002696776163899628,0.0039316374422959655
3.2448827269769795,-1.0054807095450273,10.257424567992437,0.998,2.7641428571428572,1598.0,-0.0002696776163899628,0.003931637442294189
3.2446130493605896,-1.005542034896903,10.261356205434733,0.998,2.7639285714285715,1599.0,-0.0002696776163899628,0.0039316374422959655
3.2443433717441996,-1.0056033602487786,10.26528784287703,0.998,2.763714285714286,1600.0,-0.0002696776163899628,0.0039316374422959655
3.2440736941278097,-1.0056646856006544,10.269219480319325,0.998,2.7635,1601.0,-0.0002696776163899628,0.0039316374422959655
3.2438040165114197,-1.0057260109525301,10.273151117761621,0.998,2.7632857142857143,1602.0,-0.0002696776163899628,0.0039316374422959655
3.2435343388950297,-1.0057873363044056,10.277082755203917,0.998,2.7630714285714286,1603.0,-0.0002696776163899628,0.0039316374422959655
3.2432646612786398,-1.0058486616562814,10.281014392646213,0.998,2.762857142857143,1604.0,-0.0002696776163899628,0.0039316374422959655
3.24299498366225,-1.005909987008157,10.284946030088507,0.998,2.762642857142857,1605.0,-0.0002696776163899628,0.003931637442294189
3.24272530604586,-1.0059713123600327,10.288877667530803,0.998,2.7624285714285715,1606.0,-0.0002696776163899628,0.0039316374422959655
3.24245562842947,-1.0060326377119082,10.2928093049731,0.998,2.7622142857142857,1607.0,-0.0002696776163899628,0.0039316374422959655
3.24218595081308,-1.006093963063784,10.296740942415395,0.998,2.762,1608.0,-0.0002696776163899628,0.0039316374422959655
3.241920723439501,-1.006121643318058,10.30147940353549,0.998,2.7617142857142856,1609.0,-0.00026522737357881354,0.0047384611200946836
3.241655496065922,-1.006149323572332,10.306217864655585,0.998,2.7614285714285716,1610.0,-0.00026522737357925763,0.0047384611200946836
3.241390268692343,-1.006177003826606,10.310956325775678,0.998,2.761142857142857,1611.0,-0.00026522737357881354,0.004738461120092907
3.241125041318764,-1.00620468408088,10.315694786895772,0.998,2.7608571428571427,1612.0,-0.00026522737357881354,0.0047384611200946836
3.2408598139451854,-1.006232364335154,10.320433248015867,0.998,2.7605714285714287,1613.0,-0.00026522737357881354,0.0047384611200946836
3.240594586571606,-1.006260044589428,10.325171709135962,0.998,2.7602857142857142,1614.0,-0.00026522737357925763,0.0047384611200946836
3.2403293591980273,-1.006287724843702,10.329910170256055,0.998,2.7600000000000002,1615.0,-0.00026522737357881354,0.004738461120092907
3.2400641318244485,-1.0063154050979763,10.33464863137615,0.998,2.759714285714286,1616.0,-0.00026522737357881354,0.0047384611200946836
3.2397989044508693,-1.0063430853522504,10.339387092496244,0.998,2.7594285714285713,1617.0,-0.00026522737357925763,0.0047384611200946836
3.2395336770772905,-1.0063707656065244,10.344125553616339,0.998,2.7591428571428573,1618.0,-0.00026522737357881354,0.0047384611200946836
3.2392684497037116,-1.0063984458607984,10.348864014736433,0.998,2.758857142857143,1619.0,-0.00026522737357881354,0.0047384611200946836
3.239003222330133,-1.0064261261150724,10.353602475856526,0.998,2.7585714285714285,1620.0,-0.00026522737357881354,0.004738461120092907
3.2387379949565536,-1.0064538063693464,10.35834093697662,0.998,2.7582857142857145,1621.0,-0.00026522737357925763,0.0047384611200946836
3.2384727675829748,-1.0064814866236205,10.363079398096716,0.998,2.758,1622.0,-0.00026522737357881354,0.0047384611200946836
3.2382004400627267,-1.006399357438702,10.367434569041356,0.998,2.7577857142857143,1623.0,-0.0002723275202480835,0.004355170944640108
3.2379281125424786,-1.0063172282537836,10.371789739985994,0.998,2.7575714285714286,1624.0,-0.0002723275202480835,0.004355170944638331
3.237655785022231,-1.0062350990688653,10.376144910930634,0.998,2.757357142857143,1625.0,-0.0002723275202476394,0.004355170944640108
3.237383457501983,-1.0061529698839469,10.380500081875274,0.998,2.757142857142857,1626.0,-0.0002723275202480835,0.004355170944640108
3.237111129981735,-1.0060708406990284,10.384855252819913,0.998,2.7569285714285714,1627.0,-0.0002723275202480835,0.004355170944638331
3.2368388024614867,-1.00598871151411,10.389210423764553,0.998,2.7567142857142857,1628.0,-0.0002723275202480835,0.004355170944640108
3.2365664749412386,-1.0059065823291917,10.393565594709193,0.998,2.7565,1629.0,-0.0002723275202480835,0.004355170944640108
3.236294147420991,-1.0058244531442733,10.397920765653831,0.998,2.7562857142857142,1630.0,-0.0002723275202476394,0.004355170944638331
3.236021819900743,-1.0057423239593548,10.402275936598471,0.998,2.7560714285714285,1631.0,-0.0002723275202480835,0.004355170944640108
3.235749492380495,-1.0056601947744364,10.40663110754311,0.998,2.755857142857143,1632.0,-0.0002723275202480835,0.004355170944638331
3.2354771648602467,-1.005578065589518,10.41098627848775,0.998,2.755642857142857,1633.0,-0.0002723275202480835,0.004355170944640108
3.235204837339999,-1.0054959364045997,10.41534144943239,0.998,2.7554285714285713,1634.0,-0.0002723275202476394,0.004355170944640108
3.234932509819751,-1.0054138072196812,10.419696620377028,0.998,2.7552142857142856,1635.0,-0.0002723275202480835,0.004355170944638331
3.234660182299503,-1.0053316780347628,10.424051791321668,0.998,2.755,1636.0,-0.0002723275202480835,0.004355170944640108
3.234383391368496,-1.0053790207918967,10.425394388917423,0.998,2.7547142857142854,1637.0,-0.0002767909310068539,0.0013425975957552794
3.234106600437489,-1.0054263635490308,10.426736986513179,0.998,2.7544285714285714,1638.0,-0.0002767909310068539,0.0013425975957552794
3.2338298095064824,-1.0054737063061647,10.428079584108934,0.998,2.754142857142857,1639.0,-0.0002767909310068539,0.0013425975957552794
3.2335530185754755,-1.0055210490632989,10.42942218170469,0.998,2.7538571428571426,1640.0,-0.0002767909310068539,0.0013425975957552794
3.2332762276444686,-1.0055683918204328,10.430764779300445,0.998,2.7535714285714286,1641.0,-0.0002767909310068539,0.0013425975957552794
3.232999436713462,-1.005615734577567,10.4321073768962,0.998,2.753285714285714,1642.0,-0.0002767909310068539,0.0013425975957552794
3.232722645782455,-1.0056630773347008,10.433449974491955,0.998,2.753,1643.0,-0.0002767909310068539,0.0013425975957552794
3.232445854851448,-1.0057104200918348,10.434792572087712,0.998,2.7527142857142857,1644.0,-0.0002767909310068539,0.0013425975957570557
3.2321690639204412,-1.005757762848969,10.436135169683467,0.998,2.7524285714285712,1645.0,-0.0002767909310068539,0.0013425975957552794
3.2318922729894344,-1.0058051056061028,10.437477767279223,0.998,2.7521428571428572,1646.0,-0.0002767909310068539,0.0013425975957552794
3.2316154820584275,-1.005852448363237,10.438820364874978,0.998,2.751857142857143,1647.0,-0.0002767909310068539,0.0013425975957552794
3.2313386911274207,-1.0058997911203709,10.440162962470733,0.998,2.7515714285714283,1648.0,-0.0002767909310068539,0.0013425975957552794
3.231061900196414,-1.005947133877505,10.441505560066489,0.998,2.7512857142857143,1649.0,-0.0002767909310068539,0.0013425975957552794
3.230785109265407,-1.005994476634639,10.442848157662244,0.998,2.751,1650.0,-0.0002767909310068539,0.0013425975957552794
3.230514937947955,-1.0059529007785135,10.448044899047543,0.998,2.7507142857142854,1651.0,-0.0002701713174517728,0.005196741385299575
3.230244766630504,-1.0059113249223879,10.453241640432841,0.998,2.7504285714285714,1652.0,-0.0002701713174513287,0.005196741385297798
3.2299745953130525,-1.0058697490662625,10.45843838181814,0.998,2.750142857142857,1653.0,-0.0002701713174513287,0.005196741385299575
3.2297044239956008,-1.005828173210137,10.463635123203439,0.998,2.7498571428571426,1654.0,-0.0002701713174517728,0.005196741385297798
3.229434252678149,-1.0057865973540117,10.468831864588738,0.998,2.7495714285714286,1655.0,-0.0002701713174517728,0.005196741385299575
3.2291640813606977,-1.005745021497886,10.474028605974036,0.998,2.749285714285714,1656.0,-0.0002701713174513287,0.005196741385297798
3.2288939100432463,-1.0057034456417606,10.479225347359336,0.998,2.749,1657.0,-0.0002701713174513287,0.005196741385299575
3.2286237387257946,-1.0056618697856352,10.484422088744635,0.998,2.7487142857142857,1658.0,-0.0002701713174517728,0.005196741385299575
3.228353567408343,-1.0056202939295096,10.489618830129933,0.998,2.748428571428571,1659.0,-0.0002701713174517728,0.005196741385297798
3.2280833960908915,-1.0055787180733842,10.494815571515232,0.998,2.748142857142857,1660.0,-0.0002701713174513287,0.005196741385299575
3.22781322477344,-1.0055371422172588,10.50001231290053,0.998,2.7478571428571428,1661.0,-0.0002701713174513287,0.005196741385297798
3.2275430534559884,-1.0054955663611334,10.50520905428583,0.998,2.7475714285714283,1662.0,-0.0002701713174517728,0.005196741385299575
3.2272728821385366,-1.0054539905050077,10.510405795671128,0.998,2.7472857142857143,1663.0,-0.0002701713174517728,0.005196741385297798
3.2270027108210853,-1.0054124146488823,10.515602537056427,0.998,2.747,1664.0,-0.0002701713174513287,0.005196741385299575
3.2267088438473834,-1.0054409999293124,10.516705208067643,0.998,2.7467142857142854,1665.0,-0.00029386697370181736,0.001102671011215861
3.2264149768736816,-1.0054695852097426,10.517807879078859,0.998,2.7464285714285714,1666.0,-0.00029386697370181736,0.001102671011215861
3.2261211098999794,-1.0054981704901726,10.518910550090075,0.998,2.746142857142857,1667.0,-0.00029386697370226145,0.001102671011215861
3.2258272429262775,-1.0055267557706027,10.520013221101292,0.998,2.7458571428571426,1668.0,-0.00029386697370181736,0.0011026710112176374
3.2255333759525757,-1.005555341051033,10.521115892112508,0.998,2.7455714285714286,1669.0,-0.00029386697370181736,0.001102671011215861
3.225239508978874,-1.005583926331463,10.522218563123724,0.998,2.745285714285714,1670.0,-0.00029386697370181736,0.001102671011215861
3.224945642005172,-1.0056125116118932,10.52332123413494,0.998,2.745,1671.0,-0.00029386697370181736,0.001102671011215861
3.22465177503147,-1.0056410968923233,10.524423905146156,0.998,2.7447142857142857,1672.0,-0.00029386697370226145,0.001102671011215861
3.224357908057768,-1.0056696821727533,10.525526576157372,0.998,2.744428571428571,1673.0,-0.00029386697370181736,0.001102671011215861
3.224064041084066,-1.0056982674531836,10.526629247168588,0.998,2.744142857142857,1674.0,-0.00029386697370181736,0.001102671011215861
3.2237701741103644,-1.0057268527336136,10.527731918179805,0.998,2.7438571428571428,1675.0,-0.00029386697370181736,0.0011026710112176374
3.223476307136662,-1.0057554380140437,10.528834589191021,0.998,2.7435714285714283,1676.0,-0.00029386697370226145,0.001102671011215861
3.2231824401629603,-1.005784023294474,10.529937260202237,0.998,2.7432857142857143,1677.0,-0.00029386697370181736,0.001102671011215861
3.2228885731892585,-1.005812608574904,10.531039931213453,0.998,2.743,1678.0,-0.00029386697370181736,0.001102671011215861
3.2226173401618188,-1.005776728175361,10.535393387303332,0.998,2.7427142857142854,1679.0,-0.000271233027439699,0.004353456089878804
3.2223461071343786,-1.005740847775818,10.53974684339321,0.998,2.7424285714285714,1680.0,-0.0002712330274401431,0.004353456089878804
3.222074874106939,-1.005704967376275,10.54410029948309,0.998,2.742142857142857,1681.0,-0.000271233027439699,0.004353456089878804
3.2218036410794992,-1.005669086976732,10.548453755572968,0.998,2.7418571428571425,1682.0,-0.000271233027439699,0.004353456089878804
3.2215324080520595,-1.0056332065771891,10.552807211662847,0.998,2.7415714285714285,1683.0,-0.000271233027439699,0.004353456089878804
3.2212611750246194,-1.005597326177646,10.557160667752726,0.998,2.741285714285714,1684.0,-0.0002712330274401431,0.004353456089878804
3.2209899419971797,-1.0055614457781032,10.561514123842604,0.998,2.741,1685.0,-0.000271233027439699,0.004353456089878804
3.22071870896974,-1.0055255653785602,10.565867579932485,0.998,2.7407142857142857,1686.0,-0.000271233027439699,0.004353456089880581
3.2204474759423,-1.0054896849790171,10.570221036022364,0.998,2.740428571428571,1687.0,-0.0002712330274401431,0.004353456089878804
3.22017624291486,-1.0054538045794743,10.574574492112243,0.998,2.740142857142857,1688.0,-0.000271233027439699,0.004353456089878804
3.2199050098874205,-1.0054179241799313,10.578927948202121,0.998,2.7398571428571428,1689.0,-0.000271233027439699,0.004353456089878804
3.2196337768599808,-1.0053820437803882,10.583281404292,0.998,2.7395714285714283,1690.0,-0.000271233027439699,0.004353456089878804
3.2193625438325406,-1.0053461633808454,10.587634860381879,0.998,2.7392857142857143,1691.0,-0.0002712330274401431,0.004353456089878804
3.219091310805101,-1.0053102829813023,10.591988316471758,0.998,2.739,1692.0,-0.000271233027439699,0.004353456089878804
3.2188125069869518,-1.0053006593698068,10.594089373898619,0.998,2.7387333333333332,1693.0,-0.00027880381814915367,0.002101057426861175
3.218533703168803,-1.0052910357583114,10.596190431325478,0.998,2.7384666666666666,1694.0,-0.0002788038181487096,0.0021010574268593984
3.218254899350654,-1.0052814121468159,10.59829148875234,0.998,2.7382,1695.0,-0.00027880381814915367,0.002101057426861175
3.217976095532505,-1.0052717885353204,10.6003925461792,0.998,2.7379333333333333,1696.0,-0.0002788038181487096,0.002101057426861175
3.217697291714356,-1.005262164923825,10.602493603606062,0.998,2.7376666666666667,1697.0,-0.00027880381814915367,0.002101057426861175
3.217418487896207,-1.0052525413123294,10.604594661032921,0.998,2.7374,1698.0,-0.00027880381814915367,0.0021010574268593984
3.217139684078058,-1.005242917700834,10.606695718459783,0.998,2.7371333333333334,1699.0,-0.0002788038181487096,0.002101057426861175
3.216860880259909,-1.0052332940893383,10.608796775886644,0.998,2.7368666666666663,1700.0,-0.00027880381814915367,0.002101057426861175
3.2165820764417603,-1.0052236704778428,10.610897833313505,0.998,2.7365999999999997,1701.0,-0.0002788038181487096,0.002101057426861175
3.216303272623611,-1.0052140468663473,10.612998890740364,0.998,2.736333333333333,1702.0,-0.00027880381814915367,0.0021010574268593984
3.216024468805462,-1.0052044232548518,10.615099948167225,0.998,2.7360666666666664,1703.0,-0.00027880381814915367,0.002101057426861175
3.2157456649873133,-1.0051947996433563,10.617201005594087,0.998,2.7358,1704.0,-0.0002788038181487096,0.002101057426861175
3.215466861169164,-1.0051851760318609,10.619302063020948,0.998,2.735533333333333,1705.0,-0.00027880381814915367,0.002101057426861175
3.2151880573510154,-1.0051755524203654,10.621403120447807,0.998,2.7352666666666665,1706.0,-0.0002788038181487096,0.0021010574268593984
3.2149092535328663,-1.00516592880887,10.623504177874668,0.998,2.735,1707.0,-0.00027880381814915367,0.002101057426861175
3.21459918150876,-1.0051676320888383,10.628363081022052,0.9979846153846154,2.7346923076923075,1708.0,-0.00031007202410648915,0.004858903147383131
3.2142891094846533,-1.0051693353688067,10.633221984169433,0.9979692307692307,2.734384615384615,1709.0,-0.00031007202410648915,0.004858903147381355
3.2139790374605464,-1.0051710386487753,10.638080887316816,0.9979538461538462,2.734076923076923,1710.0,-0.00031007202410693324,0.004858903147383131
3.21366896543644,-1.0051727419287437,10.6429397904642,0.9979384615384616,2.7337692307692305,1711.0,-0.00031007202410648915,0.004858903147383131
3.2133588934123334,-1.0051744452087121,10.64779869361158,0.9979230769230769,2.733461538461538,1712.0,-0.00031007202410648915,0.004858903147381355
3.213048821388227,-1.0051761484886805,10.652657596758964,0.9979076923076923,2.733153846153846,1713.0,-0.00031007202410648915,0.004858903147383131
3.21273874936412,-1.0051778517686492,10.657516499906347,0.9978923076923077,2.732846153846154,1714.0,-0.00031007202410693324,0.004858903147383131
3.2124286773400135,-1.0051795550486176,10.66237540305373,0.9978769230769231,2.7325384615384616,1715.0,-0.00031007202410648915,0.004858903147383131
3.212118605315907,-1.005181258328586,10.667234306201111,0.9978615384615385,2.7322307692307692,1716.0,-0.00031007202410648915,0.004858903147381355
3.2118085332918005,-1.0051829616085544,10.672093209348494,0.9978461538461538,2.731923076923077,1717.0,-0.00031007202410648915,0.004858903147383131
3.2114984612676936,-1.005184664888523,10.676952112495878,0.9978307692307693,2.7316153846153846,1718.0,-0.00031007202410693324,0.004858903147383131
3.211188389243587,-1.0051863681684914,10.681811015643259,0.9978153846153847,2.731307692307692,1719.0,-0.00031007202410648915,0.004858903147381355
3.2108783172194806,-1.0051880714484598,10.686669918790642,0.9978,2.731,1720.0,-0.00031007202410648915,0.004858903147383131
3.210589121885266,-1.0052486506625011,10.68978201594842,0.9978142857142858,2.7307142857142854,1721.0,-0.0002891953342145648,0.003112097157778493
3.210299926551052,-1.0053092298765427,10.6928941131062,0.9978285714285714,2.7304285714285714,1722.0,-0.0002891953342141207,0.003112097157780269
3.2100107312168373,-1.0053698090905843,10.69600621026398,0.9978428571428571,2.730142857142857,1723.0,-0.0002891953342145648,0.003112097157778493
3.209721535882623,-1.0054303883046256,10.699118307421758,0.9978571428571429,2.7298571428571425,1724.0,-0.0002891953342141207,0.003112097157778493
3.2094323405484086,-1.005490967518667,10.702230404579538,0.9978714285714286,2.7295714285714285,1725.0,-0.0002891953342145648,0.003112097157780269
3.2091431452141945,-1.0055515467327085,10.705342501737316,0.9978857142857143,2.729285714285714,1726.0,-0.0002891953342141207,0.003112097157778493
3.20885394987998,-1.00561212594675,10.708454598895097,0.9979,2.729,1727.0,-0.0002891953342145648,0.003112097157780269
3.2085647545457654,-1.0056727051607914,10.711566696052875,0.9979142857142858,2.7287142857142856,1728.0,-0.0002891953342145648,0.003112097157778493
3.2082755592115513,-1.0057332843748328,10.714678793210654,0.9979285714285714,2.728428571428571,1729.0,-0.0002891953342141207,0.003112097157778493
3.2079863638773367,-1.0057938635888743,10.717790890368434,0.9979428571428571,2.728142857142857,1730.0,-0.0002891953342145648,0.003112097157780269
3.2076971685431226,-1.005854442802916,10.720902987526213,0.9979571428571429,2.7278571428571428,1731.0,-0.0002891953342141207,0.003112097157778493
3.207407973208908,-1.0059150220169573,10.724015084683991,0.9979714285714286,2.7275714285714283,1732.0,-0.0002891953342145648,0.003112097157778493
3.207118777874694,-1.0059756012309986,10.727127181841771,0.9979857142857143,2.7272857142857143,1733.0,-0.0002891953342141207,0.003112097157780269
3.2068295825404793,-1.0060361804450402,10.73023927899955,0.998,2.727,1734.0,-0.0002891953342145648,0.003112097157778493
3.2065334434537824,-1.0060627571210898,10.733850434698459,0.998,2.7267142857142854,1735.0,-0.0002961390866969005,0.00361115569890913
3.206237304367085,-1.0060893337971395,10.737461590397368,0.998,2.7264285714285714,1736.0,-0.00029613908669734457,0.00361115569890913
3.205941165280388,-1.0061159104731894,10.741072746096277,0.998,2.726142857142857,1737.0,-0.0002961390866969005,0.00361115569890913
3.205645026193691,-1.006142487149239,10.744683901795186,0.998,2.7258571428571425,1738.0,-0.00029613908669734457,0.00361115569890913
3.205348887106994,-1.0061690638252887,10.748295057494095,0.998,2.7255714285714285,1739.0,-0.0002961390866969005,0.00361115569890913
3.2050527480202966,-1.0061956405013384,10.751906213193005,0.998,2.725285714285714,1740.0,-0.00029613908669734457,0.00361115569890913
3.2047566089335997,-1.006222217177388,10.755517368891915,0.998,2.725,1741.0,-0.0002961390866969005,0.003611155698910906
3.204460469846903,-1.006248793853438,10.759128524590825,0.998,2.7247142857142856,1742.0,-0.0002961390866969005,0.00361115569890913
3.2041643307602055,-1.0062753705294876,10.762739680289734,0.998,2.724428571428571,1743.0,-0.00029613908669734457,0.00361115569890913
3.2038681916735086,-1.0063019472055372,10.766350835988643,0.998,2.724142857142857,1744.0,-0.0002961390866969005,0.00361115569890913
3.203572052586811,-1.006328523881587,10.769961991687552,0.998,2.7238571428571428,1745.0,-0.00029613908669734457,0.00361115569890913
3.2032759135001143,-1.0063551005576368,10.773573147386461,0.998,2.7235714285714283,1746.0,-0.0002961390866969005,0.00361115569890913
3.202979774413417,-1.0063816772336864,10.77718430308537,0.998,2.7232857142857143,1747.0,-0.00029613908669734457,0.00361115569890913
3.20268363532672,-1.006408253909736,10.78079545878428,0.998,2.723,1748.0,-0.0002961390866969005,0.00361115569890913
3.2023853788259067,-1.006377612657237,10.782361913506154,0.998,2.7227333333333332,1749.0,-0.0002982565008133875,0.001566454721874777
3.202087122325093,-1.0063469714047377,10.783928368228027,0.998,2.7224666666666666,1750.0,-0.0002982565008138316,0.0015664547218730007
3.2017888658242795,-1.0063163301522386,10.785494822949902,0.998,2.7222,1751.0,-0.0002982565008133875,0.001566454721874777
3.2014906093234656,-1.0062856888997396,10.787061277671775,0.998,2.7219333333333333,1752.0,-0.0002982565008138316,0.0015664547218730007
3.2011923528226522,-1.0062550476472403,10.78862773239365,0.998,2.7216666666666667,1753.0,-0.0002982565008133875,0.001566454721874777
3.200894096321839,-1.0062244063947412,10.790194187115523,0.998,2.7214,1754.0,-0.0002982565008133875,0.0015664547218730007
3.200595839821025,-1.0061937651422421,10.791760641837397,0.998,2.7211333333333334,1755.0,-0.0002982565008138316,0.001566454721874777
3.2002975833202116,-1.0061631238897428,10.79332709655927,0.998,2.7208666666666663,1756.0,-0.0002982565008133875,0.0015664547218730007
3.199999326819398,-1.0061324826372438,10.794893551281145,0.998,2.7205999999999997,1757.0,-0.0002982565008138316,0.001566454721874777
3.1997010703185844,-1.0061018413847447,10.796460006003018,0.998,2.720333333333333,1758.0,-0.0002982565008133875,0.0015664547218730007
3.199402813817771,-1.0060712001322454,10.798026460724893,0.998,2.7200666666666664,1759.0,-0.0002982565008133875,0.001566454721874777
3.199104557316957,-1.0060405588797463,10.799592915446766,0.998,2.7197999999999998,1760.0,-0.0002982565008138316,0.0015664547218730007
3.198806300816144,-1.0060099176272472,10.80115937016864,0.998,2.719533333333333,1761.0,-0.0002982565008133875,0.001566454721874777
3.19850804431533,-1.005979276374748,10.802725824890514,0.998,2.7192666666666665,1762.0,-0.0002982565008138316,0.0015664547218730007
3.1982097878145166,-1.0059486351222489,10.804292279612389,0.998,2.719,1763.0,-0.0002982565008133875,0.001566454721874777
3.19789116699251,-1.0061124019437717,10.80791514847908,0.998,2.7187142857142854,1764.0,-0.00031862082200673214,0.0036228688666906095
3.1975725461705027,-1.0062761687652944,10.811538017345768,0.998,2.7184285714285714,1765.0,-0.00031862082200717623,0.003622868866688833
3.1972539253484955,-1.0064399355868172,10.815160886212459,0.998,2.718142857142857,1766.0,-0.00031862082200717623,0.0036228688666906095
3.1969353045264888,-1.0066037024083399,10.818783755079147,0.998,2.7178571428571425,1767.0,-0.00031862082200673214,0.003622868866688833
3.196616683704482,-1.0067674692298627,10.822406623945838,0.998,2.7175714285714285,1768.0,-0.00031862082200673214,0.0036228688666906095
3.196298062882475,-1.0069312360513853,10.826029492812527,0.998,2.717285714285714,1769.0,-0.00031862082200717623,0.003622868866688833
3.1959794420604677,-1.0070950028729082,10.829652361679218,0.998,2.717,1770.0,-0.00031862082200717623,0.0036228688666906095
3.195660821238461,-1.007258769694431,10.833275230545908,0.998,2.7167142857142856,1771.0,-0.00031862082200673214,0.0036228688666906095
3.1953422004164542,-1.0074225365159537,10.836898099412597,0.998,2.716428571428571,1772.0,-0.00031862082200673214,0.003622868866688833
3.195023579594447,-1.0075863033374766,10.840520968279288,0.998,2.716142857142857,1773.0,-0.00031862082200717623,0.0036228688666906095
3.19470495877244,-1.0077500701589992,10.844143837145976,0.998,2.7158571428571427,1774.0,-0.00031862082200717623,0.003622868866688833
3.194386337950433,-1.007913836980522,10.847766706012667,0.998,2.7155714285714283,1775.0,-0.00031862082200673214,0.0036228688666906095
3.1940677171284264,-1.0080776038020447,10.851389574879356,0.998,2.7152857142857143,1776.0,-0.00031862082200673214,0.003622868866688833
3.1937490963064192,-1.0082413706235676,10.855012443746046,0.998,2.715,1777.0,-0.00031862082200717623,0.0036228688666906095
3.1934413283530754,-1.008172520525659,10.858803387032374,0.998,2.714642857142857,1778.0,-0.00030776795334386264,0.003790943286327675
3.193133560399731,-1.0081036704277506,10.862594330318702,0.998,2.714285714285714,1779.0,-0.00030776795334430673,0.003790943286327675
3.192825792446387,-1.0080348203298422,10.86638527360503,0.998,2.7139285714285712,1780.0,-0.00030776795334386264,0.003790943286327675
3.192518024493043,-1.0079659702319337,10.870176216891357,0.998,2.7135714285714285,1781.0,-0.00030776795334430673,0.003790943286327675
3.192210256539699,-1.0078971201340252,10.873967160177685,0.998,2.713214285714286,1782.0,-0.00030776795334386264,0.003790943286327675
3.1919024885863547,-1.0078282700361167,10.877758103464013,0.998,2.7128571428571426,1783.0,-0.00030776795334430673,0.003790943286327675
3.191594720633011,-1.0077594199382083,10.881549046750338,0.998,2.7125,1784.0,-0.00030776795334386264,0.0037909432863258985
3.191286952679667,-1.0076905698402996,10.885339990036666,0.998,2.712142857142857,1785.0,-0.00030776795334386264,0.003790943286327675
3.1909791847263227,-1.0076217197423911,10.889130933322994,0.998,2.711785714285714,1786.0,-0.00030776795334430673,0.003790943286327675
3.190671416772979,-1.0075528696444827,10.892921876609321,0.998,2.7114285714285713,1787.0,-0.00030776795334386264,0.003790943286327675
3.1903636488196345,-1.0074840195465742,10.896712819895649,0.998,2.7110714285714286,1788.0,-0.00030776795334430673,0.003790943286327675
3.1900558808662907,-1.0074151694486657,10.900503763181977,0.998,2.710714285714286,1789.0,-0.00030776795334386264,0.003790943286327675
3.1897481129129464,-1.0073463193507572,10.904294706468304,0.998,2.7103571428571427,1790.0,-0.00030776795334430673,0.003790943286327675
3.1894403449596025,-1.0072774692528488,10.908085649754632,0.998,2.71,1791.0,-0.00030776795334386264,0.003790943286327675
3.18910175352138,-1.0070449187419037,10.912726623715114,0.998,2.7096428571428572,1792.0,-0.00033859143822256854,0.004640973960482242
3.1887631620831574,-1.0068123682309584,10.917367597675595,0.998,2.709285714285714,1793.0,-0.00033859143822256854,0.004640973960480466
3.188424570644935,-1.0065798177200134,10.922008571636077,0.998,2.7089285714285714,1794.0,-0.00033859143822256854,0.004640973960482242
3.1880859792067118,-1.006347267209068,10.92664954559656,0.998,2.7085714285714286,1795.0,-0.00033859143822301263,0.004640973960482242
3.187747387768489,-1.006114716698123,10.931290519557042,0.998,2.708214285714286,1796.0,-0.00033859143822256854,0.004640973960482242
3.1874087963302666,-1.0058821661871777,10.935931493517522,0.998,2.7078571428571427,1797.0,-0.00033859143822256854,0.004640973960480466
3.187070204892044,-1.0056496156762327,10.940572467478004,0.998,2.7075,1798.0,-0.00033859143822256854,0.004640973960482242
3.1867316134538215,-1.0054170651652876,10.945213441438487,0.998,2.7071428571428573,1799.0,-0.00033859143822256854,0.004640973960482242
3.186393022015599,-1.0051845146543423,10.949854415398967,0.998,2.706785714285714,1800.0,-0.00033859143822256854,0.004640973960480466
3.1860544305773764,-1.0049519641433973,10.95449538935945,0.998,2.7064285714285714,1801.0,-0.00033859143822256854,0.004640973960482242
3.1857158391391533,-1.004719413632452,10.959136363319931,0.998,2.7060714285714287,1802.0,-0.00033859143822301263,0.004640973960482242
3.185377247700931,-1.004486863121507,10.963777337280414,0.998,2.705714285714286,1803.0,-0.00033859143822256854,0.004640973960482242
3.185038656262708,-1.0042543126105616,10.968418311240894,0.998,2.705357142857143,1804.0,-0.00033859143822256854,0.004640973960480466
3.1847000648244856,-1.0040217620996166,10.973059285201376,0.998,2.705,1805.0,-0.00033859143822256854,0.004640973960482242
3.18439005163632,-1.0041991014789307,10.976856239810518,0.998,2.7047142857142856,1806.0,-0.00031001318816548107,0.003796954609141423
3.1840800384481542,-1.0043764408582447,10.98065319441966,0.998,2.7044285714285716,1807.0,-0.00031001318816592516,0.003796954609141423
3.1837700252599888,-1.0045537802375588,10.9844501490288,0.998,2.704142857142857,1808.0,-0.00031001318816548107,0.003796954609141423
3.1834600120718233,-1.004731119616873,10.988247103637942,0.998,2.7038571428571427,1809.0,-0.00031001318816548107,0.003796954609141423
3.1831499988836574,-1.004908458996187,10.992044058247084,0.998,2.7035714285714287,1810.0,-0.00031001318816592516,0.003796954609141423
3.182839985695492,-1.005085798375501,10.995841012856225,0.998,2.7032857142857143,1811.0,-0.00031001318816548107,0.003796954609141423
3.182529972507326,-1.0052631377548151,10.999637967465366,0.998,2.7030000000000003,1812.0,-0.00031001318816592516,0.003796954609141423
3.1822199593191605,-1.0054404771341294,11.003434922074508,0.998,2.702714285714286,1813.0,-0.00031001318816548107,0.003796954609141423
3.181909946130995,-1.0056178165134435,11.00723187668365,0.998,2.7024285714285714,1814.0,-0.00031001318816548107,0.003796954609141423
3.181599932942829,-1.0057951558927576,11.01102883129279,0.998,2.7021428571428574,1815.0,-0.00031001318816592516,0.003796954609141423
3.1812899197546636,-1.0059724952720717,11.014825785901932,0.998,2.701857142857143,1816.0,-0.00031001318816548107,0.003796954609141423
3.180979906566498,-1.0061498346513857,11.018622740511073,0.998,2.7015714285714285,1817.0,-0.00031001318816548107,0.003796954609141423
3.180669893378332,-1.0063271740306998,11.022419695120215,0.998,2.7012857142857145,1818.0,-0.00031001318816592516,0.003796954609141423
3.1803598801901667,-1.006504513410014,11.026216649729356,0.998,2.701,1819.0,-0.00031001318816548107,0.003796954609141423
3.1800162005455865,-1.006417422177903,11.031200221660548,0.998,2.7006428571428573,1820.0,-0.00034367964458015265,0.004983571931191477
3.179672520901007,-1.006330330945792,11.036183793591738,0.998,2.700285714285714,1821.0,-0.00034367964457970857,0.004983571931189701
3.1793288412564267,-1.0062432397136811,11.041167365522927,0.998,2.6999285714285715,1822.0,-0.00034367964458015265,0.004983571931189701
3.178985161611847,-1.00615614848157,11.046150937454119,0.998,2.6995714285714287,1823.0,-0.00034367964457970857,0.004983571931191477
3.178641481967267,-1.006069057249459,11.05113450938531,0.998,2.699214285714286,1824.0,-0.00034367964458015265,0.004983571931191477
3.178297802322687,-1.0059819660173481,11.0561180813165,0.998,2.698857142857143,1825.0,-0.00034367964457970857,0.004983571931189701
3.177954122678107,-1.0058948747852372,11.06110165324769,0.998,2.6985,1826.0,-0.00034367964458015265,0.004983571931189701
3.177610443033527,-1.0058077835531263,11.066085225178881,0.998,2.6981428571428574,1827.0,-0.00034367964458015265,0.004983571931191477
3.177266763388947,-1.0057206923210154,11.071068797110073,0.998,2.6977857142857142,1828.0,-0.00034367964457970857,0.004983571931191477
3.176923083744367,-1.0056336010889044,11.076052369041262,0.998,2.6974285714285715,1829.0,-0.00034367964458015265,0.004983571931189701
3.1765794040997872,-1.0055465098567933,11.081035940972452,0.998,2.697071428571429,1830.0,-0.00034367964457970857,0.004983571931189701
3.176235724455207,-1.0054594186246824,11.086019512903643,0.998,2.696714285714286,1831.0,-0.00034367964458015265,0.004983571931191477
3.1758920448106274,-1.0053723273925714,11.091003084834835,0.998,2.696357142857143,1832.0,-0.00034367964457970857,0.004983571931191477
3.175548365166047,-1.0052852361604605,11.095986656766025,0.998,2.696,1833.0,-0.00034367964458015265,0.004983571931189701
3.175206941088293,-1.0053401386001637,11.095489548290807,0.998,2.6956428571428575,1834.0,-0.0003414240777543931,-0.0004971084752174448
3.1748655170105384,-1.005395041039867,11.094992439815588,0.998,2.6952857142857143,1835.0,-0.0003414240777543931,-0.0004971084752192212
3.1745240929327845,-1.0054499434795703,11.09449533134037,0.998,2.6949285714285716,1836.0,-0.000341424077753949,-0.0004971084752174448
3.17418266885503,-1.0055048459192735,11.093998222865153,0.998,2.694571428571429,1837.0,-0.0003414240777543931,-0.0004971084752174448
3.1738412447772757,-1.0055597483589769,11.093501114389934,0.998,2.6942142857142857,1838.0,-0.0003414240777543931,-0.0004971084752192212
3.1734998206995213,-1.00561465079868,11.093004005914716,0.998,2.693857142857143,1839.0,-0.0003414240777543931,-0.0004971084752174448
3.173158396621767,-1.0056695532383835,11.092506897439499,0.998,2.6935,1840.0,-0.0003414240777543931,-0.0004971084752174448
3.172816972544013,-1.0057244556780867,11.09200978896428,0.998,2.693142857142857,1841.0,-0.000341424077753949,-0.0004971084752192212
3.1724755484662586,-1.0057793581177898,11.091512680489062,0.998,2.6927857142857143,1842.0,-0.0003414240777543931,-0.0004971084752174448
3.172134124388504,-1.0058342605574933,11.091015572013843,0.998,2.692428571428571,1843.0,-0.0003414240777543931,-0.0004971084752192212
3.17179270031075,-1.0058891629971964,11.090518463538626,0.998,2.6920714285714284,1844.0,-0.0003414240777543931,-0.0004971084752174448
3.171451276232996,-1.0059440654368996,11.090021355063408,0.998,2.6917142857142857,1845.0,-0.000341424077753949,-0.0004971084752174448
3.1711098521552414,-1.005998967876603,11.089524246588189,0.998,2.6913571428571426,1846.0,-0.0003414240777543931,-0.0004971084752192212
3.170768428077487,-1.0060538703163062,11.089027138112971,0.998,2.691,1847.0,-0.0003414240777543931,-0.0004971084752174448
3.170414213805816,-1.005976305941135,11.07835343251782,0.998,2.6907142857142854,1848.0,-0.0003542142716712604,-0.010673705595150906
3.1700599995341445,-1.0058987415659637,11.067679726922668,0.998,2.6904285714285714,1849.0,-0.0003542142716712604,-0.010673705595152683
3.169705785262473,-1.0058211771907926,11.057006021327517,0.998,2.690142857142857,1850.0,-0.0003542142716717045,-0.010673705595150906
3.1693515709908016,-1.0057436128156214,11.046332315732366,0.998,2.6898571428571425,1851.0,-0.0003542142716712604,-0.010673705595150906
3.1689973567191303,-1.0056660484404503,11.035658610137215,0.998,2.6895714285714285,1852.0,-0.0003542142716712604,-0.010673705595150906
3.168643142447459,-1.005588484065279,11.024984904542062,0.998,2.689285714285714,1853.0,-0.0003542142716712604,-0.010673705595152683
3.1682889281757878,-1.0055109196901078,11.014311198946912,0.998,2.689,1854.0,-0.0003542142716712604,-0.010673705595150906
3.167934713904116,-1.0054333553149366,11.00363749335176,0.998,2.6887142857142856,1855.0,-0.0003542142716717045,-0.010673705595150906
3.167580499632445,-1.0053557909397652,10.992963787756608,0.998,2.688428571428571,1856.0,-0.0003542142716712604,-0.010673705595152683
3.1672262853607736,-1.005278226564594,10.982290082161457,0.998,2.688142857142857,1857.0,-0.0003542142716712604,-0.010673705595150906
3.1668720710891023,-1.005200662189423,10.971616376566306,0.998,2.6878571428571427,1858.0,-0.0003542142716712604,-0.010673705595150906
3.1665178568174306,-1.0051230978142518,10.960942670971155,0.998,2.6875714285714283,1859.0,-0.0003542142716717045,-0.010673705595150906
3.1661636425457593,-1.0050455334390804,10.950268965376003,0.998,2.6872857142857143,1860.0,-0.0003542142716712604,-0.010673705595152683
3.165809428274088,-1.0049679690639093,10.939595259780852,0.998,2.687,1861.0,-0.0003542142716712604,-0.010673705595150906
3.1654137100377997,-1.0050658082873802,10.92253570960176,0.998,2.6865714285714284,1862.0,-0.0003957182362883671,-0.017059550179091332
3.1650179918015113,-1.0051636475108512,10.90547615942267,0.998,2.686142857142857,1863.0,-0.0003957182362883671,-0.017059550179089555
3.164622273565223,-1.0052614867343224,10.88841660924358,0.998,2.6857142857142855,1864.0,-0.0003957182362883671,-0.017059550179091332
3.1642265553289346,-1.0053593259577933,10.87135705906449,0.998,2.685285714285714,1865.0,-0.0003957182362883671,-0.017059550179089555
3.1638308370926462,-1.0054571651812643,10.854297508885399,0.998,2.6848571428571426,1866.0,-0.0003957182362883671,-0.017059550179091332
3.163435118856358,-1.0055550044047352,10.837237958706309,0.998,2.684428571428571,1867.0,-0.0003957182362883671,-0.017059550179089555
3.1630394006200695,-1.0056528436282064,10.820178408527218,0.998,2.6839999999999997,1868.0,-0.0003957182362883671,-0.017059550179091332
3.1626436823837807,-1.0057506828516773,10.803118858348126,0.998,2.6835714285714287,1869.0,-0.0003957182362888112,-0.017059550179091332
3.1622479641474923,-1.0058485220751483,10.786059308169037,0.998,2.6831428571428573,1870.0,-0.0003957182362883671,-0.017059550179089555
3.161852245911204,-1.0059463612986193,10.768999757989945,0.998,2.682714285714286,1871.0,-0.0003957182362883671,-0.017059550179091332
3.1614565276749156,-1.0060442005220902,10.751940207810856,0.998,2.6822857142857144,1872.0,-0.0003957182362883671,-0.017059550179089555
3.161060809438627,-1.0061420397455614,10.734880657631765,0.998,2.681857142857143,1873.0,-0.0003957182362883671,-0.017059550179091332
3.160665091202339,-1.0062398789690323,10.717821107452675,0.998,2.6814285714285715,1874.0,-0.0003957182362883671,-0.017059550179089555
3.1602693729660505,-1.0063377181925033,10.700761557273584,0.998,2.681,1875.0,-0.0003957182362883671,-0.017059550179091332
3.1597887851953956,-1.0063050061734484,10.69452021213636,0.998,2.6805714285714286,1876.0,-0.00048058777065485003,-0.0062413451372229645
3.159308197424741,-1.0062722941543936,10.688278866999136,0.998,2.680142857142857,1877.0,-0.00048058777065485003,-0.006241345137224741
3.158827609654086,-1.0062395821353387,10.682037521861913,0.998,2.6797142857142857,1878.0,-0.00048058777065485003,-0.0062413451372229645
3.158347021883431,-1.0062068701162836,10.675796176724688,0.998,2.6792857142857143,1879.0,-0.00048058777065485003,-0.006241345137224741
3.1578664341127762,-1.0061741580972288,10.669554831587465,0.998,2.678857142857143,1880.0,-0.00048058777065485003,-0.0062413451372229645
3.1573858463421214,-1.006141446078174,10.66331348645024,0.998,2.6784285714285714,1881.0,-0.00048058777065485003,-0.006241345137224741
3.1569052585714665,-1.006108734059119,10.657072141313018,0.998,2.678,1882.0,-0.00048058777065485003,-0.0062413451372229645
3.156424670800812,-1.0060760220400642,10.650830796175795,0.998,2.6775714285714285,1883.0,-0.00048058777065440594,-0.0062413451372229645
3.1559440830301573,-1.0060433100210093,10.64458945103857,0.998,2.677142857142857,1884.0,-0.00048058777065485003,-0.006241345137224741
3.1554634952595024,-1.0060105980019545,10.638348105901347,0.998,2.6767142857142856,1885.0,-0.00048058777065485003,-0.0062413451372229645
3.1549829074888476,-1.0059778859828994,10.632106760764122,0.998,2.676285714285714,1886.0,-0.00048058777065485003,-0.006241345137224741
3.1545023197181927,-1.0059451739638445,10.6258654156269,0.998,2.6758571428571427,1887.0,-0.00048058777065485003,-0.0062413451372229645
3.154021731947538,-1.0059124619447897,10.619624070489674,0.998,2.6754285714285713,1888.0,-0.00048058777065485003,-0.006241345137224741
3.153541144176883,-1.0058797499257348,10.613382725352452,0.998,2.675,1889.0,-0.00048058777065485003,-0.0062413451372229645
3.153040497378274,-1.005939649822329,10.602047541896535,0.998,2.6744999999999997,1890.0,-0.0005006467986090612,-0.011335183455916109
3.1525398505796653,-1.005999549718923,10.59071235844062,0.998,2.674,1891.0,-0.0005006467986086172,-0.011335183455916109
3.1520392037810563,-1.0060594496155169,10.579377174984701,0.998,2.6734999999999998,1892.0,-0.0005006467986090612,-0.011335183455917885
3.1515385569824472,-1.006119349512111,10.568041991528785,0.998,2.673,1893.0,-0.0005006467986090612,-0.011335183455916109
3.1510379101838386,-1.0061792494087052,10.55670680807287,0.998,2.6725,1894.0,-0.0005006467986086172,-0.011335183455916109
3.1505372633852295,-1.0062391493052991,10.545371624616953,0.998,2.672,1895.0,-0.0005006467986090612,-0.011335183455916109
3.150036616586621,-1.006299049201893,10.534036441161037,0.998,2.6715,1896.0,-0.0005006467986086172,-0.011335183455916109
3.149535969788012,-1.0063589490984872,10.522701257705119,0.998,2.671,1897.0,-0.0005006467986090612,-0.011335183455917885
3.149035322989403,-1.0064188489950814,10.511366074249203,0.998,2.6705,1898.0,-0.0005006467986090612,-0.011335183455916109
3.148534676190794,-1.0064787488916753,10.500030890793287,0.998,2.67,1899.0,-0.0005006467986086172,-0.011335183455916109
3.148034029392185,-1.0065386487882693,10.48869570733737,0.998,2.6695,1900.0,-0.0005006467986090612,-0.011335183455916109
3.147533382593576,-1.0065985486848634,10.477360523881453,0.998,2.669,1901.0,-0.0005006467986090612,-0.011335183455917885
3.1470327357949675,-1.0066584485814576,10.466025340425537,0.998,2.6685000000000003,1902.0,-0.0005006467986086172,-0.011335183455916109
3.1465320889963584,-1.0067183484780515,10.45469015696962,0.998,2.668,1903.0,-0.0005006467986090612,-0.011335183455916109
3.145990657529127,-1.0067043452786737,10.446652715597102,0.998,2.6675714285714287,1904.0,-0.0005414314672314013,-0.008037441372518828
3.1454492260618956,-1.0066903420792959,10.438615274224585,0.998,2.6671428571428573,1905.0,-0.0005414314672314013,-0.008037441372517051
3.1449077945946637,-1.006676338879918,10.430577832852066,0.998,2.666714285714286,1906.0,-0.0005414314672318454,-0.008037441372518828
3.1443663631274323,-1.00666233568054,10.422540391479547,0.998,2.6662857142857144,1907.0,-0.0005414314672314013,-0.008037441372518828
3.143824931660201,-1.0066483324811621,10.41450295010703,0.998,2.665857142857143,1908.0,-0.0005414314672314013,-0.008037441372517051
3.1432835001929695,-1.0066343292817843,10.406465508734511,0.998,2.6654285714285715,1909.0,-0.0005414314672314013,-0.008037441372518828
3.1427420687257377,-1.0066203260824065,10.398428067361994,0.998,2.665,1910.0,-0.0005414314672318454,-0.008037441372517051
3.1422006372585063,-1.0066063228830286,10.390390625989475,0.998,2.6645714285714286,1911.0,-0.0005414314672314013,-0.008037441372518828
3.141659205791275,-1.0065923196836508,10.382353184616957,0.998,2.664142857142857,1912.0,-0.0005414314672314013,-0.008037441372518828
3.1411177743240435,-1.006578316484273,10.37431574324444,0.998,2.6637142857142857,1913.0,-0.0005414314672314013,-0.008037441372517051
3.140576342856812,-1.006564313284895,10.36627830187192,0.998,2.6632857142857143,1914.0,-0.0005414314672314013,-0.008037441372518828
3.1400349113895802,-1.006550310085517,10.358240860499402,0.998,2.662857142857143,1915.0,-0.0005414314672318454,-0.008037441372518828
3.139493479922349,-1.0065363068861393,10.350203419126885,0.998,2.6624285714285714,1916.0,-0.0005414314672314013,-0.008037441372517051
3.1389520484551174,-1.0065223036867614,10.342165977754366,0.998,2.662,1917.0,-0.0005414314672314013,-0.008037441372518828
3.1383870123819126,-1.006498579483105,10.335614262740032,0.998,2.6614285714285715,1918.0,-0.0005650360732047943,-0.0065517150143339364
3.1378219763087074,-1.0064748552794487,10.3290625477257,0.998,2.6608571428571426,1919.0,-0.0005650360732052384,-0.00655171501433216
3.1372569402355026,-1.0064511310757922,10.322510832711366,0.998,2.660285714285714,1920.0,-0.0005650360732047943,-0.0065517150143339364
3.136691904162298,-1.0064274068721357,10.315959117697032,0.998,2.6597142857142857,1921.0,-0.0005650360732047943,-0.0065517150143339364
3.136126868089093,-1.0064036826684792,10.309407402682698,0.998,2.6591428571428573,1922.0,-0.0005650360732047943,-0.0065517150143339364
3.135561832015888,-1.006379958464823,10.302855687668366,0.998,2.6585714285714284,1923.0,-0.0005650360732052384,-0.00655171501433216
3.134996795942683,-1.0063562342611665,10.296303972654032,0.998,2.658,1924.0,-0.0005650360732047943,-0.0065517150143339364
3.134431759869478,-1.00633251005751,10.289752257639698,0.998,2.6574285714285715,1925.0,-0.0005650360732047943,-0.0065517150143339364
3.133866723796273,-1.0063087858538537,10.283200542625366,0.998,2.6568571428571426,1926.0,-0.0005650360732052384,-0.00655171501433216
3.133301687723068,-1.0062850616501973,10.276648827611032,0.998,2.656285714285714,1927.0,-0.0005650360732047943,-0.0065517150143339364
3.1327366516498634,-1.0062613374465408,10.270097112596698,0.998,2.6557142857142857,1928.0,-0.0005650360732047943,-0.0065517150143339364
3.1321716155766586,-1.0062376132428843,10.263545397582364,0.998,2.6551428571428572,1929.0,-0.0005650360732047943,-0.0065517150143339364
3.1316065795034533,-1.006213889039228,10.256993682568032,0.998,2.6545714285714284,1930.0,-0.0005650360732052384,-0.00655171501433216
3.1310415434302485,-1.0061901648355716,10.250441967553698,0.998,2.654,1931.0,-0.0005650360732047943,-0.0065517150143339364
3.130431964319014,-1.0062277919236993,10.242662940923733,0.998,2.6533571428571427,1932.0,-0.0006095791112343818,-0.007779026629965102
3.12982238520778,-1.006265419011827,10.234883914293766,0.998,2.6527142857142856,1933.0,-0.0006095791112343818,-0.007779026629966879
3.1292128060965454,-1.0063030460999545,10.2271048876638,0.998,2.6520714285714284,1934.0,-0.0006095791112343818,-0.007779026629965102
3.128603226985311,-1.0063406731880822,10.219325861033834,0.998,2.6514285714285712,1935.0,-0.0006095791112343818,-0.007779026629966879
3.1279936478740766,-1.00637830027621,10.211546834403869,0.998,2.650785714285714,1936.0,-0.0006095791112343818,-0.007779026629965102
3.1273840687628423,-1.0064159273643376,10.203767807773902,0.998,2.650142857142857,1937.0,-0.0006095791112343818,-0.007779026629966879
3.1267744896516083,-1.006453554452465,10.195988781143937,0.998,2.6495,1938.0,-0.0006095791112339377,-0.007779026629965102
3.126164910540374,-1.0064911815405928,10.188209754513972,0.998,2.648857142857143,1939.0,-0.0006095791112343818,-0.007779026629965102
3.1255553314291395,-1.0065288086287205,10.180430727884005,0.998,2.648214285714286,1940.0,-0.0006095791112343818,-0.007779026629966879
3.124945752317905,-1.0065664357168482,10.17265170125404,0.998,2.6475714285714287,1941.0,-0.0006095791112343818,-0.007779026629965102
3.124336173206671,-1.006604062804976,10.164872674624073,0.998,2.6469285714285715,1942.0,-0.0006095791112343818,-0.007779026629966879
3.1237265940954364,-1.0066416898931034,10.157093647994108,0.998,2.6462857142857144,1943.0,-0.0006095791112343818,-0.007779026629965102
3.123117014984202,-1.0066793169812311,10.149314621364141,0.998,2.645642857142857,1944.0,-0.0006095791112343818,-0.007779026629966879
3.1225074358729676,-1.0067169440693589,10.141535594734176,0.998,2.645,1945.0,-0.0006095791112343818,-0.007779026629965102
3.121873314293506,-1.0065172059564669,10.138419716538523,0.998,2.644357142857143,1946.0,-0.0006341215794618549,-0.0031158781956523995
3.1212391927140435,-1.0063174678435747,10.135303838342871,0.998,2.6437142857142857,1947.0,-0.000634121579462299,-0.0031158781956523995
3.1206050711345816,-1.0061177297306827,10.132187960147219,0.998,2.6430714285714285,1948.0,-0.0006341215794618549,-0.0031158781956523995
3.1199709495551198,-1.0059179916177907,10.129072081951566,0.998,2.6424285714285713,1949.0,-0.0006341215794618549,-0.0031158781956523995
3.119336827975658,-1.0057182535048985,10.125956203755914,0.998,2.641785714285714,1950.0,-0.0006341215794618549,-0.0031158781956523995
3.1187027063961956,-1.0055185153920065,10.122840325560261,0.998,2.641142857142857,1951.0,-0.000634121579462299,-0.0031158781956523995
3.1180685848167338,-1.0053187772791143,10.11972444736461,0.998,2.6405000000000003,1952.0,-0.0006341215794618549,-0.003115878195650623
3.117434463237272,-1.0051190391662224,10.116608569168958,0.998,2.639857142857143,1953.0,-0.0006341215794618549,-0.0031158781956523995
3.1168003416578096,-1.0049193010533304,10.113492690973306,0.998,2.639214285714286,1954.0,-0.000634121579462299,-0.0031158781956523995
3.1161662200783478,-1.0047195629404382,10.110376812777654,0.998,2.638571428571429,1955.0,-0.0006341215794618549,-0.0031158781956523995
3.115532098498886,-1.0045198248275462,10.107260934582001,0.998,2.6379285714285716,1956.0,-0.0006341215794618549,-0.0031158781956523995
3.114897976919424,-1.0043200867146542,10.104145056386349,0.998,2.6372857142857145,1957.0,-0.0006341215794618549,-0.0031158781956523995
3.1142638553399618,-1.004120348601762,10.101029178190696,0.998,2.6366428571428573,1958.0,-0.000634121579462299,-0.0031158781956523995
3.1136297337605,-1.00392061048887,10.097913299995044,0.998,2.636,1959.0,-0.0006341215794618549,-0.0031158781956523995
3.1129516742298486,-1.004136864318739,10.08752771784656,0.998,2.635357142857143,1960.0,-0.0006780595306512538,-0.010385582148483508
3.112273614699198,-1.004353118148608,10.077142135698077,0.998,2.634714285714286,1961.0,-0.0006780595306508097,-0.010385582148483508
3.1115955551685466,-1.004569371978477,10.066756553549594,0.998,2.6340714285714286,1962.0,-0.0006780595306512538,-0.010385582148483508
3.1109174956378953,-1.0047856258083459,10.056370971401108,0.998,2.6334285714285715,1963.0,-0.0006780595306512538,-0.010385582148485284
3.110239436107244,-1.005001879638215,10.045985389252625,0.998,2.6327857142857143,1964.0,-0.0006780595306512538,-0.010385582148483508
3.1095613765765933,-1.0052181334680839,10.035599807104141,0.998,2.632142857142857,1965.0,-0.0006780595306508097,-0.010385582148483508
3.108883317045942,-1.005434387297953,10.025214224955658,0.998,2.6315,1966.0,-0.0006780595306512538,-0.010385582148483508
3.1082052575152908,-1.0056506411278219,10.014828642807174,0.998,2.630857142857143,1967.0,-0.0006780595306512538,-0.010385582148483508
3.10752719798464,-1.0058668949576908,10.00444306065869,0.998,2.6302142857142856,1968.0,-0.0006780595306508097,-0.010385582148483508
3.1068491384539887,-1.0060831487875599,9.994057478510207,0.998,2.6295714285714284,1969.0,-0.0006780595306512538,-0.010385582148483508
3.1061710789233374,-1.0062994026174288,9.983671896361722,0.998,2.6289285714285713,1970.0,-0.0006780595306512538,-0.010385582148485284
3.105493019392686,-1.0065156564472977,9.973286314213238,0.998,2.628285714285714,1971.0,-0.0006780595306512538,-0.010385582148483508
3.1048149598620354,-1.0067319102771668,9.962900732064755,0.998,2.627642857142857,1972.0,-0.0006780595306508097,-0.010385582148483508
3.104136900331384,-1.0069481641070357,9.952515149916271,0.998,2.627,1973.0,-0.0006780595306512538,-0.010385582148483508
3.103429703712067,-1.0067833230998746,9.948198296082522,0.998,2.6263571428571426,1974.0,-0.0007071966193170631,-0.00431685383374969
3.1027225070927495,-1.0066184820927133,9.943881442248772,0.998,2.6257142857142854,1975.0,-0.0007071966193175072,-0.00431685383374969
3.1020153104734325,-1.0064536410855522,9.939564588415022,0.998,2.6250714285714283,1976.0,-0.0007071966193170631,-0.00431685383374969
3.101308113854115,-1.006288800078391,9.93524773458127,0.998,2.624428571428571,1977.0,-0.0007071966193175072,-0.004316853833751466
3.100600917234798,-1.0061239590712299,9.930930880747521,0.998,2.623785714285714,1978.0,-0.0007071966193170631,-0.00431685383374969
3.0998937206154804,-1.0059591180640686,9.926614026913771,0.998,2.6231428571428568,1979.0,-0.0007071966193175072,-0.00431685383374969
3.0991865239961633,-1.0057942770569075,9.922297173080022,0.998,2.6225,1980.0,-0.0007071966193170631,-0.00431685383374969
3.0984793273768463,-1.0056294360497464,9.917980319246272,0.998,2.621857142857143,1981.0,-0.0007071966193170631,-0.00431685383374969
3.0977721307575288,-1.0054645950425851,9.913663465412522,0.998,2.6212142857142857,1982.0,-0.0007071966193175072,-0.00431685383374969
3.0970649341382117,-1.005299754035424,9.909346611578773,0.998,2.6205714285714286,1983.0,-0.0007071966193170631,-0.00431685383374969
3.096357737518894,-1.0051349130282627,9.905029757745021,0.998,2.6199285714285714,1984.0,-0.0007071966193175072,-0.004316853833751466
3.095650540899577,-1.0049700720211017,9.900712903911272,0.998,2.619285714285714,1985.0,-0.0007071966193170631,-0.00431685383374969
3.0949433442802596,-1.0048052310139404,9.896396050077522,0.998,2.618642857142857,1986.0,-0.0007071966193175072,-0.00431685383374969
3.0942361476609426,-1.0046403900067793,9.892079196243772,0.998,2.618,1987.0,-0.0007071966193170631,-0.00431685383374969
3.0935187267270523,-1.0047002035120587,9.887568236443023,0.998,2.617285714285714,1988.0,-0.0007174209338902671,-0.004510959800748893
3.092801305793162,-1.0047600170173379,9.883057276642274,0.998,2.6165714285714285,1989.0,-0.0007174209338902671,-0.004510959800748893
3.092083884859272,-1.0048198305226173,9.878546316841526,0.998,2.6158571428571427,1990.0,-0.000717420933889823,-0.004510959800748893
3.091366463925382,-1.0048796440278966,9.874035357040778,0.998,2.615142857142857,1991.0,-0.0007174209338902671,-0.004510959800747116
3.0906490429914917,-1.0049394575331758,9.86952439724003,0.998,2.6144285714285713,1992.0,-0.0007174209338902671,-0.004510959800748893
3.0899316220576014,-1.0049992710384552,9.86501343743928,0.998,2.613714285714286,1993.0,-0.0007174209338902671,-0.004510959800748893
3.0892142011237116,-1.0050590845437344,9.860502477638532,0.998,2.613,1994.0,-0.000717420933889823,-0.004510959800748893
3.0884967801898213,-1.0051188980490138,9.855991517837783,0.998,2.612285714285714,1995.0,-0.0007174209338902671,-0.004510959800748893
3.087779359255931,-1.0051787115542932,9.851480558037034,0.998,2.6115714285714287,1996.0,-0.0007174209338902671,-0.004510959800748893
3.087061938322041,-1.0052385250595723,9.846969598236285,0.998,2.6108571428571428,1997.0,-0.0007174209338902671,-0.004510959800748893
3.0863445173881505,-1.0052983385648517,9.842458638435538,0.998,2.6101428571428573,1998.0,-0.0007174209338902671,-0.004510959800747116
3.0856270964542607,-1.0053581520701311,9.837947678634789,0.998,2.6094285714285714,1999.0,-0.000717420933889823,-0.004510959800748893
3.0849096755203704,-1.0054179655754103,9.83343671883404,0.998,2.608714285714286,2000.0,-0.0007174209338902671,-0.004510959800748893
3.08419225458648,-1.0054777790806897,9.828925759033291,0.998,2.608,2001.0,-0.0007174209338902671,-0.004510959800748893
3.0834360037059225,-1.005444700408827,9.822021130287101,0.998,2.607285714285714,2002.0,-0.0007562508805576407,-0.0069046287461898
3.0826797528253644,-1.0054116217369642,9.81511650154091,0.998,2.6065714285714288,2003.0,-0.0007562508805580848,-0.006904628746191577
3.0819235019448064,-1.0053785430651014,9.80821187279472,0.998,2.605857142857143,2004.0,-0.0007562508805580848,-0.0069046287461898
3.0811672510642487,-1.005345464393239,9.801307244048528,0.998,2.605142857142857,2005.0,-0.0007562508805576407,-0.006904628746191577
3.080411000183691,-1.0053123857213762,9.794402615302339,0.998,2.6044285714285715,2006.0,-0.0007562508805576407,-0.0069046287461898
3.079654749303133,-1.0052793070495134,9.787497986556147,0.998,2.6037142857142856,2007.0,-0.0007562508805580848,-0.006904628746191577
3.078898498422575,-1.0052462283776507,9.780593357809957,0.998,2.603,2008.0,-0.0007562508805580848,-0.0069046287461898
3.0781422475420173,-1.005213149705788,9.773688729063768,0.998,2.6022857142857143,2009.0,-0.0007562508805576407,-0.0069046287461898
3.0773859966614596,-1.0051800710339251,9.766784100317576,0.998,2.6015714285714284,2010.0,-0.0007562508805576407,-0.006904628746191577
3.0766297457809015,-1.0051469923620624,9.759879471571386,0.998,2.600857142857143,2011.0,-0.0007562508805580848,-0.0069046287461898
3.0758734949003435,-1.0051139136901999,9.752974842825195,0.998,2.600142857142857,2012.0,-0.0007562508805580848,-0.006904628746191577
3.075117244019786,-1.0050808350183371,9.746070214079005,0.998,2.599428571428571,2013.0,-0.0007562508805576407,-0.0069046287461898
3.074360993139228,-1.0050477563464744,9.739165585332813,0.998,2.5987142857142858,2014.0,-0.0007562508805576407,-0.006904628746191577
3.07360474225867,-1.0050146776746116,9.732260956586623,0.998,2.598,2015.0,-0.0007562508805580848,-0.0069046287461898
3.0728283448691824,-1.0050536035445272,9.725837532574584,0.998,2.597142857142857,2016.0,-0.0007763973894876486,-0.006423424012039547
3.0720519474796952,-1.005092529414443,9.719414108562544,0.998,2.596285714285714,2017.0,-0.0007763973894872045,-0.006423424012039547
3.071275550090208,-1.0051314552843587,9.712990684550505,0.998,2.595428571428571,2018.0,-0.0007763973894872045,-0.006423424012039547
3.0704991527007204,-1.0051703811542743,9.706567260538465,0.998,2.5945714285714283,2019.0,-0.0007763973894876486,-0.006423424012039547
3.0697227553112327,-1.00520930702419,9.700143836526426,0.998,2.5937142857142854,2020.0,-0.0007763973894876486,-0.006423424012039547
3.0689463579217455,-1.0052482328941057,9.693720412514386,0.998,2.5928571428571425,2021.0,-0.0007763973894872045,-0.006423424012039547
3.0681699605322583,-1.0052871587640215,9.687296988502347,0.998,2.592,2022.0,-0.0007763973894872045,-0.006423424012039547
3.0673935631427707,-1.0053260846339371,9.680873564490307,0.998,2.591142857142857,2023.0,-0.0007763973894876486,-0.006423424012039547
3.066617165753283,-1.0053650105038527,9.674450140478267,0.998,2.5902857142857143,2024.0,-0.0007763973894876486,-0.006423424012039547
3.065840768363796,-1.0054039363737686,9.668026716466228,0.998,2.5894285714285714,2025.0,-0.0007763973894872045,-0.006423424012039547
3.0650643709743086,-1.0054428622436842,9.661603292454188,0.998,2.5885714285714285,2026.0,-0.0007763973894872045,-0.006423424012039547
3.064287973584821,-1.0054817881135998,9.655179868442149,0.998,2.5877142857142856,2027.0,-0.0007763973894876486,-0.006423424012039547
3.0635115761953333,-1.0055207139835156,9.64875644443011,0.998,2.5868571428571427,2028.0,-0.0007763973894876486,-0.006423424012039547
3.062735178805846,-1.0055596398534312,9.64233302041807,0.998,2.586,2029.0,-0.0007763973894872045,-0.006423424012039547
3.061954397667824,-1.0055471865210655,9.657177603715894,0.9979857142857143,2.5852142857142857,2030.0,-0.0007807811380220464,0.014844583297824343
3.061173616529802,-1.0055347331887,9.672022187013717,0.9979714285714286,2.5844285714285715,2031.0,-0.0007807811380220464,0.014844583297822567
3.06039283539178,-1.0055222798563341,9.686866770311541,0.9979571428571429,2.583642857142857,2032.0,-0.0007807811380220464,0.014844583297824343
3.059612054253758,-1.0055098265239684,9.701711353609365,0.9979428571428571,2.5828571428571427,2033.0,-0.0007807811380220464,0.014844583297824343
3.058831273115736,-1.0054973731916028,9.71655593690719,0.9979285714285714,2.5820714285714286,2034.0,-0.0007807811380220464,0.014844583297824343
3.058050491977714,-1.005484919859237,9.731400520205012,0.9979142857142858,2.5812857142857144,2035.0,-0.0007807811380220464,0.014844583297822567
3.0572697108396913,-1.0054724665268713,9.746245103502837,0.9979,2.5805,2036.0,-0.0007807811380224905,0.014844583297824343
3.0564889297016693,-1.0054600131945057,9.761089686800661,0.9978857142857143,2.5797142857142856,2037.0,-0.0007807811380220464,0.014844583297824343
3.0557081485636473,-1.00544755986214,9.775934270098483,0.9978714285714286,2.5789285714285715,2038.0,-0.0007807811380220464,0.014844583297822567
3.054927367425625,-1.0054351065297744,9.790778853396308,0.9978571428571429,2.5781428571428573,2039.0,-0.0007807811380220464,0.014844583297824343
3.054146586287603,-1.0054226531974086,9.805623436694132,0.9978428571428571,2.577357142857143,2040.0,-0.0007807811380220464,0.014844583297824343
3.053365805149581,-1.0054101998650429,9.820468019991957,0.9978285714285714,2.5765714285714285,2041.0,-0.0007807811380220464,0.014844583297824343
3.052585024011559,-1.0053977465326773,9.835312603289779,0.9978142857142858,2.5757857142857143,2042.0,-0.0007807811380220464,0.014844583297822567
3.051804242873537,-1.0053852932003116,9.850157186587603,0.9978,2.575,2043.0,-0.0007807811380220464,0.014844583297824343
3.051035952785819,-1.0054573743730435,9.861877664801069,0.9978142857142858,2.574214285714286,2044.0,-0.0007682900877181709,0.011720478213465668
3.0502676626981002,-1.0055294555457754,9.873598143014535,0.9978285714285714,2.5734285714285714,2045.0,-0.000768290087718615,0.011720478213465668
3.049499372610382,-1.0056015367185072,9.885318621228,0.9978428571428571,2.5726428571428572,2046.0,-0.0007682900877181709,0.011720478213465668
3.0487310825226634,-1.005673617891239,9.897039099441468,0.9978571428571429,2.571857142857143,2047.0,-0.000768290087718615,0.011720478213467445
3.0479627924349453,-1.005745699063971,9.908759577654934,0.9978714285714286,2.571071428571429,2048.0,-0.0007682900877181709,0.011720478213465668
3.0471945023472267,-1.005817780236703,9.9204800558684,0.9978857142857143,2.5702857142857143,2049.0,-0.000768290087718615,0.011720478213465668
3.0464262122595085,-1.0058898614094347,9.932200534081865,0.9979,2.5695,2050.0,-0.0007682900877181709,0.011720478213465668
3.0456579221717903,-1.0059619425821666,9.94392101229533,0.9979142857142858,2.568714285714286,2051.0,-0.0007682900877181709,0.011720478213465668
3.0448896320840717,-1.0060340237548986,9.955641490508796,0.9979285714285714,2.5679285714285713,2052.0,-0.000768290087718615,0.011720478213465668
3.0441213419963535,-1.0061061049276305,9.967361968722262,0.9979428571428571,2.567142857142857,2053.0,-0.0007682900877181709,0.011720478213465668
3.043353051908635,-1.0061781861003625,9.97908244693573,0.9979571428571429,2.566357142857143,2054.0,-0.000768290087718615,0.011720478213467445
3.0425847618209167,-1.0062502672730942,9.990802925149195,0.9979714285714286,2.565571428571429,2055.0,-0.0007682900877181709,0.011720478213465668
3.041816471733198,-1.0063223484458261,10.00252340336266,0.9979857142857143,2.5647857142857142,2056.0,-0.000768290087718615,0.011720478213465668
3.04104818164548,-1.006394429618558,10.014243881576126,0.998,2.564,2057.0,-0.0007682900877181709,0.011720478213465668
3.040299732733919,-1.0062812177950364,10.018275246536028,0.998,2.563285714285714,2058.0,-0.000748448911561006,0.004031364959901751
3.039551283822358,-1.0061680059715146,10.022306611495928,0.998,2.5625714285714287,2059.0,-0.000748448911561006,0.0040313649598999746
3.0388028349107965,-1.006054794147993,10.02633797645583,0.998,2.561857142857143,2060.0,-0.0007484489115614501,0.004031364959901751
3.0380543859992355,-1.005941582324471,10.030369341415732,0.998,2.561142857142857,2061.0,-0.000748448911561006,0.004031364959901751
3.0373059370876745,-1.0058283705009494,10.034400706375633,0.998,2.5604285714285715,2062.0,-0.000748448911561006,0.004031364959901751
3.0365574881761135,-1.0057151586774276,10.038432071335533,0.998,2.5597142857142856,2063.0,-0.000748448911561006,0.0040313649598999746
3.035809039264552,-1.005601946853906,10.042463436295435,0.998,2.559,2064.0,-0.0007484489115614501,0.004031364959901751
3.035060590352991,-1.0054887350303843,10.046494801255337,0.998,2.5582857142857143,2065.0,-0.000748448911561006,0.004031364959901751
3.03431214144143,-1.0053755232068624,10.050526166215237,0.998,2.5575714285714284,2066.0,-0.000748448911561006,0.0040313649598999746
3.033563692529869,-1.0052623113833408,10.054557531175139,0.998,2.556857142857143,2067.0,-0.000748448911561006,0.004031364959901751
3.032815243618308,-1.005149099559819,10.05858889613504,0.998,2.556142857142857,2068.0,-0.000748448911561006,0.004031364959901751
3.0320667947067466,-1.0050358877362973,10.062620261094942,0.998,2.555428571428571,2069.0,-0.0007484489115614501,0.004031364959901751
3.0313183457951856,-1.0049226759127754,10.066651626054842,0.998,2.5547142857142857,2070.0,-0.000748448911561006,0.0040313649598999746
3.0305698968836245,-1.0048094640892538,10.070682991014744,0.998,2.554,2071.0,-0.000748448911561006,0.004031364959901751
3.029816827030186,-1.004945113550827,10.07733515349846,0.998,2.553285714285714,2072.0,-0.0007530698534385927,0.00665216248371614
3.029063757176748,-1.0050807630124,10.083987315982176,0.998,2.5525714285714285,2073.0,-0.0007530698534381486,0.00665216248371614
3.028310687323309,-1.005216412473973,10.090639478465892,0.998,2.5518571428571426,2074.0,-0.0007530698534385927,0.00665216248371614
3.0275576174698706,-1.005352061935546,10.097291640949608,0.998,2.551142857142857,2075.0,-0.0007530698534385927,0.00665216248371614
3.0268045476164325,-1.0054877113971192,10.103943803433324,0.998,2.5504285714285713,2076.0,-0.0007530698534381486,0.00665216248371614
3.026051477762994,-1.0056233608586922,10.11059596591704,0.998,2.549714285714286,2077.0,-0.0007530698534385927,0.00665216248371614
3.0252984079095557,-1.0057590103202654,10.117248128400757,0.998,2.549,2078.0,-0.0007530698534381486,0.00665216248371614
3.024545338056117,-1.0058946597818386,10.123900290884475,0.998,2.548285714285714,2079.0,-0.0007530698534385927,0.006652162483717916
3.0237922682026785,-1.0060303092434115,10.13055245336819,0.998,2.5475714285714286,2080.0,-0.0007530698534385927,0.00665216248371614
3.0230391983492404,-1.0061659587049847,10.137204615851907,0.998,2.5468571428571427,2081.0,-0.0007530698534381486,0.00665216248371614
3.022286128495802,-1.0063016081665577,10.143856778335623,0.998,2.5461428571428573,2082.0,-0.0007530698534385927,0.00665216248371614
3.021533058642363,-1.0064372576281309,10.15050894081934,0.998,2.5454285714285714,2083.0,-0.0007530698534385927,0.00665216248371614
3.020779988788925,-1.0065729070897038,10.157161103303055,0.998,2.544714285714286,2084.0,-0.0007530698534381486,0.00665216248371614
3.0200269189354865,-1.006708556551277,10.163813265786771,0.998,2.544,2085.0,-0.0007530698534385927,0.00665216248371614
3.0193027529894882,-1.0065479356983473,10.169928739170658,0.998,2.543214285714286,2086.0,-0.000724165945998223,0.006115473383886183
3.01857858704349,-1.0063873148454179,10.176044212554544,0.998,2.5424285714285713,2087.0,-0.000724165945998223,0.006115473383886183
3.017854421097492,-1.0062266939924882,10.18215968593843,0.998,2.541642857142857,2088.0,-0.000724165945998223,0.006115473383886183
3.017130255151493,-1.0060660731395585,10.188275159322316,0.998,2.540857142857143,2089.0,-0.0007241659459986671,0.006115473383886183
3.016406089205495,-1.0059054522866289,10.194390632706202,0.998,2.5400714285714288,2090.0,-0.000724165945998223,0.006115473383886183
3.0156819232594967,-1.0057448314336994,10.200506106090089,0.998,2.539285714285714,2091.0,-0.000724165945998223,0.006115473383886183
3.0149577573134985,-1.0055842105807697,10.206621579473975,0.998,2.5385,2092.0,-0.000724165945998223,0.006115473383886183
3.0142335913675002,-1.00542358972784,10.212737052857861,0.998,2.537714285714286,2093.0,-0.000724165945998223,0.006115473383886183
3.013509425421502,-1.0052629688749106,10.218852526241747,0.998,2.536928571428571,2094.0,-0.000724165945998223,0.006115473383886183
3.012785259475504,-1.005102348021981,10.224967999625633,0.998,2.536142857142857,2095.0,-0.000724165945998223,0.006115473383886183
3.012061093529505,-1.0049417271690513,10.23108347300952,0.998,2.535357142857143,2096.0,-0.0007241659459986671,0.006115473383886183
3.011336927583507,-1.0047811063161216,10.237198946393406,0.998,2.5345714285714287,2097.0,-0.000724165945998223,0.006115473383886183
3.0106127616375087,-1.0046204854631922,10.243314419777292,0.998,2.533785714285714,2098.0,-0.000724165945998223,0.006115473383886183
3.0098885956915105,-1.0044598646102625,10.249429893161178,0.998,2.533,2099.0,-0.000724165945998223,0.006115473383886183
3.009158504555312,-1.0045237566409917,10.251521899008715,0.998,2.5322142857142858,2100.0,-0.0007300911361984852,0.002092005847536882
3.008428413419113,-1.004587648671721,10.253613904856252,0.998,2.531428571428571,2101.0,-0.0007300911361989293,0.002092005847536882
3.0076983222829146,-1.0046515407024503,10.255705910703789,0.998,2.530642857142857,2102.0,-0.0007300911361984852,0.002092005847536882
3.006968231146716,-1.0047154327331795,10.257797916551324,0.998,2.529857142857143,2103.0,-0.0007300911361984852,0.0020920058475351055
3.0062381400105176,-1.0047793247639087,10.25988992239886,0.998,2.5290714285714286,2104.0,-0.0007300911361984852,0.002092005847536882
3.0055080488743187,-1.004843216794638,10.261981928246398,0.998,2.528285714285714,2105.0,-0.0007300911361989293,0.002092005847536882
3.00477795773812,-1.0049071088253674,10.264073934093934,0.998,2.5275,2106.0,-0.0007300911361984852,0.002092005847536882
3.0040478666019217,-1.0049710008560966,10.266165939941471,0.998,2.5267142857142857,2107.0,-0.0007300911361984852,0.002092005847536882
3.0033177754657228,-1.0050348928868258,10.268257945789008,0.998,2.525928571428571,2108.0,-0.0007300911361989293,0.002092005847536882
3.0025876843295243,-1.005098784917555,10.270349951636545,0.998,2.525142857142857,2109.0,-0.0007300911361984852,0.002092005847536882
3.001857593193326,-1.0051626769482842,10.27244195748408,0.998,2.5243571428571427,2110.0,-0.0007300911361984852,0.0020920058475351055
3.0011275020571273,-1.0052265689790136,10.274533963331617,0.998,2.5235714285714286,2111.0,-0.0007300911361984852,0.002092005847536882
3.0003974109209284,-1.0052904610097428,10.276625969179154,0.998,2.522785714285714,2112.0,-0.0007300911361989293,0.002092005847536882
2.99966731978473,-1.005354353040472,10.27871797502669,0.998,2.522,2113.0,-0.0007300911361984852,0.002092005847536882
2.9989425217582397,-1.0053244562849153,10.282841512324348,0.998,2.521285714285714,2114.0,-0.0007247980264901699,0.00412353729765691
2.9982177237317496,-1.0052945595293583,10.286965049622005,0.998,2.5205714285714285,2115.0,-0.0007247980264901699,0.00412353729765691
2.997492925705259,-1.0052646627738016,10.291088586919662,0.998,2.5198571428571426,2116.0,-0.000724798026490614,0.00412353729765691
2.9967681276787688,-1.0052347660182446,10.295212124217318,0.998,2.519142857142857,2117.0,-0.0007247980264901699,0.00412353729765691
2.9960433296522786,-1.0052048692626878,10.299335661514975,0.998,2.5184285714285712,2118.0,-0.0007247980264901699,0.00412353729765691
2.9953185316257884,-1.0051749725071308,10.303459198812632,0.998,2.517714285714286,2119.0,-0.0007247980264901699,0.00412353729765691
2.994593733599298,-1.005145075751574,10.30758273611029,0.998,2.517,2120.0,-0.000724798026490614,0.00412353729765691
2.9938689355728076,-1.0051151789960173,10.311706273407946,0.998,2.516285714285714,2121.0,-0.0007247980264901699,0.00412353729765691
2.9931441375463175,-1.0050852822404603,10.315829810705603,0.998,2.5155714285714286,2122.0,-0.0007247980264901699,0.00412353729765691
2.9924193395198273,-1.0050553854849036,10.31995334800326,0.998,2.5148571428571427,2123.0,-0.0007247980264901699,0.00412353729765691
2.991694541493337,-1.0050254887293466,10.324076885300917,0.998,2.5141428571428572,2124.0,-0.0007247980264901699,0.00412353729765691
2.9909697434668465,-1.0049955919737898,10.328200422598574,0.998,2.5134285714285713,2125.0,-0.000724798026490614,0.00412353729765691
2.9902449454403564,-1.0049656952182329,10.33232395989623,0.998,2.512714285714286,2126.0,-0.0007247980264901699,0.00412353729765691
2.989520147413866,-1.004935798462676,10.336447497193888,0.998,2.512,2127.0,-0.0007247980264901699,0.00412353729765691
2.9887728415623798,-1.0048807378076334,10.343259218949251,0.998,2.511285714285714,2128.0,-0.0007473058514864128,0.00681172175536382
2.988025535710893,-1.0048256771525907,10.350070940704613,0.998,2.5105714285714287,2129.0,-0.0007473058514868569,0.0068117217553620435
2.9872782298594065,-1.004770616497548,10.356882662459977,0.998,2.509857142857143,2130.0,-0.0007473058514864128,0.00681172175536382
2.98653092400792,-1.0047155558425054,10.36369438421534,0.998,2.509142857142857,2131.0,-0.0007473058514864128,0.0068117217553620435
2.9857836181564332,-1.0046604951874627,10.370506105970703,0.998,2.5084285714285715,2132.0,-0.0007473058514868569,0.00681172175536382
2.985036312304947,-1.00460543453242,10.377317827726065,0.998,2.5077142857142856,2133.0,-0.0007473058514864128,0.0068117217553620435
2.98428900645346,-1.0045503738773771,10.384129549481429,0.998,2.507,2134.0,-0.0007473058514868569,0.00681172175536382
2.9835417006019735,-1.0044953132223344,10.390941271236793,0.998,2.5062857142857142,2135.0,-0.0007473058514864128,0.00681172175536382
2.982794394750487,-1.0044402525672917,10.397752992992155,0.998,2.5055714285714283,2136.0,-0.0007473058514864128,0.0068117217553620435
2.9820470888990003,-1.004385191912249,10.404564714747519,0.998,2.504857142857143,2137.0,-0.0007473058514868569,0.00681172175536382
2.981299783047514,-1.0043301312572064,10.41137643650288,0.998,2.504142857142857,2138.0,-0.0007473058514864128,0.0068117217553620435
2.9805524771960274,-1.0042750706021637,10.418188158258245,0.998,2.503428571428571,2139.0,-0.0007473058514864128,0.00681172175536382
2.9798051713445406,-1.004220009947121,10.424999880013607,0.998,2.5027142857142857,2140.0,-0.0007473058514868569,0.0068117217553620435
2.979057865493054,-1.0041649492920783,10.43181160176897,0.998,2.502,2141.0,-0.0007473058514864128,0.00681172175536382
2.978338704342045,-1.004294459165629,10.438097460734639,0.998,2.501285714285714,2142.0,-0.0007191611510091178,0.006285858965668467
2.977619543191036,-1.0044239690391799,10.444383319700307,0.998,2.5005714285714284,2143.0,-0.0007191611510091178,0.006285858965668467
2.9769003820400273,-1.0045534789127308,10.450669178665976,0.998,2.4998571428571426,2144.0,-0.0007191611510086737,0.006285858965668467
2.976181220889018,-1.0046829887862816,10.456955037631644,0.998,2.499142857142857,2145.0,-0.0007191611510091178,0.006285858965668467
2.975462059738009,-1.0048124986598324,10.463240896597313,0.998,2.498428571428571,2146.0,-0.0007191611510091178,0.006285858965668467
2.974742898587,-1.0049420085333831,10.469526755562981,0.998,2.4977142857142858,2147.0,-0.0007191611510091178,0.006285858965668467
2.9740237374359912,-1.0050715184069339,10.47581261452865,0.998,2.497,2148.0,-0.0007191611510086737,0.006285858965668467
2.973304576284982,-1.0052010282804849,10.482098473494316,0.998,2.496285714285714,2149.0,-0.0007191611510091178,0.006285858965666691
2.972585415133973,-1.0053305381540356,10.488384332459985,0.998,2.4955714285714286,2150.0,-0.0007191611510091178,0.006285858965668467
2.971866253982964,-1.0054600480275864,10.494670191425653,0.998,2.4948571428571427,2151.0,-0.0007191611510091178,0.006285858965668467
2.9711470928319548,-1.0055895579011371,10.500956050391322,0.998,2.494142857142857,2152.0,-0.0007191611510091178,0.006285858965668467
2.970427931680946,-1.0057190677746881,10.50724190935699,0.998,2.4934285714285713,2153.0,-0.0007191611510086737,0.006285858965668467
2.969708770529937,-1.0058485776482389,10.513527768322659,0.998,2.492714285714286,2154.0,-0.0007191611510091178,0.006285858965668467
2.968989609378928,-1.0059780875217896,10.519813627288327,0.998,2.492,2155.0,-0.0007191611510091178,0.006285858965668467
2.968248260311561,-1.005940053902381,10.525240623925054,0.998,2.491285714285714,2156.0,-0.0007413490673666701,0.005426996636726855
2.9675069112441945,-1.0059020202829727,10.53066762056178,0.998,2.4905714285714287,2157.0,-0.0007413490673666701,0.005426996636726855
2.9667655621768274,-1.0058639866635641,10.53609461719851,0.998,2.4898571428571428,2158.0,-0.0007413490673671141,0.0054269966367286315
2.9660242131094607,-1.0058259530441558,10.541521613835236,0.998,2.4891428571428573,2159.0,-0.0007413490673666701,0.005426996636726855
2.965282864042094,-1.0057879194247472,10.546948610471963,0.998,2.4884285714285714,2160.0,-0.0007413490673666701,0.005426996636726855
2.9645415149747274,-1.0057498858053389,10.55237560710869,0.998,2.487714285714286,2161.0,-0.0007413490673666701,0.005426996636726855
2.9638001659073603,-1.0057118521859303,10.557802603745419,0.998,2.487,2162.0,-0.0007413490673671141,0.0054269966367286315
2.9630588168399936,-1.0056738185665217,10.563229600382146,0.998,2.486285714285714,2163.0,-0.0007413490673666701,0.005426996636726855
2.962317467772627,-1.0056357849471134,10.568656597018872,0.998,2.4855714285714288,2164.0,-0.0007413490673666701,0.005426996636726855
2.9615761187052603,-1.0055977513277048,10.5740835936556,0.998,2.484857142857143,2165.0,-0.0007413490673666701,0.005426996636726855
2.9608347696378936,-1.0055597177082964,10.579510590292326,0.998,2.4841428571428574,2166.0,-0.0007413490673666701,0.005426996636726855
2.9600934205705265,-1.0055216840888879,10.584937586929055,0.998,2.4834285714285715,2167.0,-0.0007413490673671141,0.0054269966367286315
2.95935207150316,-1.0054836504694795,10.590364583565782,0.998,2.482714285714286,2168.0,-0.0007413490673666701,0.005426996636726855
2.958610722435793,-1.005445616850071,10.595791580202508,0.998,2.482,2169.0,-0.0007413490673666701,0.005426996636726855
2.9578944732950263,-1.0054723079036605,10.60155795356659,0.998,2.481214285714286,2170.0,-0.0007162491407668448,0.005766373364082256
2.95717822415426,-1.00549899895725,10.607324326930671,0.998,2.4804285714285714,2171.0,-0.0007162491407664007,0.005766373364080479
2.956461975013493,-1.0055256900108396,10.613090700294753,0.998,2.4796428571428573,2172.0,-0.0007162491407668448,0.005766373364082256
2.955745725872726,-1.0055523810644291,10.618857073658836,0.998,2.478857142857143,2173.0,-0.0007162491407668448,0.005766373364082256
2.9550294767319594,-1.0055790721180187,10.624623447022916,0.998,2.478071428571429,2174.0,-0.0007162491407668448,0.005766373364080479
2.954313227591193,-1.0056057631716082,10.630389820386998,0.998,2.4772857142857143,2175.0,-0.0007162491407664007,0.005766373364082256
2.953596978450426,-1.0056324542251978,10.63615619375108,0.998,2.4765,2176.0,-0.0007162491407668448,0.005766373364082256
2.9528807293096593,-1.0056591452787873,10.641922567115161,0.998,2.475714285714286,2177.0,-0.0007162491407668448,0.005766373364080479
2.952164480168893,-1.0056858363323768,10.647688940479243,0.998,2.4749285714285714,2178.0,-0.0007162491407664007,0.005766373364082256
2.951448231028126,-1.0057125273859664,10.653455313843324,0.998,2.474142857142857,2179.0,-0.0007162491407668448,0.005766373364080479
2.950731981887359,-1.005739218439556,10.659221687207406,0.998,2.473357142857143,2180.0,-0.0007162491407668448,0.005766373364082256
2.9500157327465923,-1.0057659094931455,10.664988060571488,0.998,2.472571428571429,2181.0,-0.0007162491407668448,0.005766373364082256
2.949299483605826,-1.005792600546735,10.670754433935569,0.998,2.4717857142857143,2182.0,-0.0007162491407664007,0.005766373364080479
2.948583234465059,-1.0058192916003246,10.676520807299651,0.998,2.471,2183.0,-0.0007162491407668448,0.005766373364082256
2.9478514967251095,-1.005805390991544,10.678480218092476,0.998,2.470285714285714,2184.0,-0.0007317377399496117,0.0019594107928249116
2.94711975898516,-1.0057914903827636,10.680439628885301,0.998,2.4695714285714288,2185.0,-0.0007317377399496117,0.0019594107928249116
2.9463880212452103,-1.0057775897739831,10.682399039678126,0.998,2.468857142857143,2186.0,-0.0007317377399496117,0.0019594107928249116
2.94565628350526,-1.0057636891652024,10.68435845047095,0.998,2.468142857142857,2187.0,-0.0007317377399500558,0.0019594107928249116
2.9449245457653106,-1.005749788556422,10.686317861263776,0.998,2.4674285714285715,2188.0,-0.0007317377399496117,0.0019594107928249116
2.944192808025361,-1.0057358879476415,10.6882772720566,0.998,2.4667142857142856,2189.0,-0.0007317377399496117,0.0019594107928249116
2.9434610702854114,-1.005721987338861,10.690236682849426,0.998,2.466,2190.0,-0.0007317377399496117,0.0019594107928249116
2.9427293325454618,-1.0057080867300805,10.69219609364225,0.998,2.4652857142857143,2191.0,-0.0007317377399496117,0.0019594107928249116
2.941997594805512,-1.0056941861213,10.694155504435075,0.998,2.4645714285714284,2192.0,-0.0007317377399496117,0.0019594107928249116
2.9412658570655625,-1.0056802855125195,10.6961149152279,0.998,2.463857142857143,2193.0,-0.0007317377399496117,0.0019594107928249116
2.9405341193256125,-1.0056663849037388,10.698074326020725,0.998,2.463142857142857,2194.0,-0.0007317377399500558,0.0019594107928249116
2.939802381585663,-1.0056524842949583,10.70003373681355,0.998,2.462428571428571,2195.0,-0.0007317377399496117,0.0019594107928249116
2.9390706438457133,-1.0056385836861779,10.701993147606375,0.998,2.4617142857142857,2196.0,-0.0007317377399496117,0.0019594107928249116
2.9383389061057636,-1.0056246830773974,10.7039525583992,0.998,2.461,2197.0,-0.0007317377399496117,0.0019594107928249116
2.937594047755492,-1.0055888429979645,10.711586227666293,0.998,2.460285714285714,2198.0,-0.0007448583502718265,0.0076336692670935236
2.93684918940522,-1.0055530029185316,10.719219896933387,0.998,2.4595714285714285,2199.0,-0.0007448583502718265,0.0076336692670935236
2.936104331054948,-1.0055171628390986,10.726853566200479,0.998,2.4588571428571426,2200.0,-0.0007448583502718265,0.007633669267091747
2.9353594727046763,-1.0054813227596657,10.734487235467572,0.998,2.458142857142857,2201.0,-0.0007448583502718265,0.0076336692670935236
2.9346146143544045,-1.0054454826802328,10.742120904734666,0.998,2.4574285714285713,2202.0,-0.0007448583502718265,0.0076336692670935236
2.9338697560041327,-1.0054096426008,10.74975457400176,0.998,2.456714285714286,2203.0,-0.0007448583502718265,0.0076336692670935236
2.933124897653861,-1.005373802521367,10.757388243268851,0.998,2.456,2204.0,-0.0007448583502718265,0.007633669267091747
2.932380039303589,-1.005337962441934,10.765021912535945,0.998,2.455285714285714,2205.0,-0.0007448583502718265,0.0076336692670935236
2.931635180953317,-1.0053021223625012,10.772655581803038,0.998,2.4545714285714286,2206.0,-0.0007448583502718265,0.0076336692670935236
2.9308903226030454,-1.0052662822830682,10.780289251070132,0.998,2.4538571428571427,2207.0,-0.0007448583502718265,0.0076336692670935236
2.9301454642527736,-1.0052304422036353,10.787922920337225,0.998,2.4531428571428573,2208.0,-0.0007448583502718265,0.0076336692670935236
2.9294006059025017,-1.0051946021242024,10.795556589604317,0.998,2.4524285714285714,2209.0,-0.0007448583502718265,0.007633669267091747
2.92865574755223,-1.0051587620447695,10.80319025887141,0.998,2.451714285714286,2210.0,-0.0007448583502718265,0.0076336692670935236
2.927910889201958,-1.0051229219653366,10.810823928138504,0.998,2.451,2211.0,-0.0007448583502718265,0.0076336692670935236
2.927178066585285,-1.0051094219516803,10.814497514761895,0.998,2.450214285714286,2212.0,-0.0007328226166731788,0.00367358662339079
2.9264452439686117,-1.005095921938024,10.818171101385285,0.998,2.4494285714285713,2213.0,-0.0007328226166731788,0.00367358662339079
2.9257124213519385,-1.005082421924368,10.821844688008676,0.998,2.448642857142857,2214.0,-0.0007328226166731788,0.00367358662339079
2.9249795987352654,-1.0050689219107116,10.825518274632065,0.998,2.447857142857143,2215.0,-0.0007328226166731788,0.0036735866233890135
2.924246776118592,-1.0050554218970553,10.829191861255456,0.998,2.447071428571429,2216.0,-0.0007328226166731788,0.00367358662339079
2.923513953501919,-1.005041921883399,10.832865447878847,0.998,2.446285714285714,2217.0,-0.0007328226166731788,0.00367358662339079
2.9227811308852454,-1.005028421869743,10.836539034502238,0.998,2.4455,2218.0,-0.0007328226166736229,0.00367358662339079
2.922048308268572,-1.0050149218560867,10.840212621125628,0.998,2.444714285714286,2219.0,-0.0007328226166731788,0.00367358662339079
2.921315485651899,-1.0050014218424304,10.84388620774902,0.998,2.4439285714285712,2220.0,-0.0007328226166731788,0.00367358662339079
2.920582663035226,-1.004987921828774,10.84755979437241,0.998,2.443142857142857,2221.0,-0.0007328226166731788,0.00367358662339079
2.9198498404185527,-1.0049744218151178,10.851233380995799,0.998,2.442357142857143,2222.0,-0.0007328226166731788,0.0036735866233890135
2.9191170178018795,-1.0049609218014617,10.85490696761919,0.998,2.4415714285714287,2223.0,-0.0007328226166731788,0.00367358662339079
2.9183841951852063,-1.0049474217878054,10.85858055424258,0.998,2.440785714285714,2224.0,-0.0007328226166731788,0.00367358662339079
2.917651372568533,-1.004933921774149,10.862254140865971,0.998,2.44,2225.0,-0.0007328226166731788,0.00367358662339079
2.9169002003516145,-1.0049209499783411,10.867380220172217,0.998,2.439285714285714,2226.0,-0.0007511722169186719,0.005126079306245757
2.9161490281346962,-1.0049079781825332,10.872506299478463,0.998,2.4385714285714286,2227.0,-0.0007511722169182278,0.005126079306245757
2.9153978559177776,-1.0048950063867252,10.877632378784709,0.998,2.4378571428571427,2228.0,-0.0007511722169186719,0.005126079306245757
2.914646683700859,-1.0048820345909173,10.882758458090954,0.998,2.4371428571428573,2229.0,-0.0007511722169186719,0.005126079306245757
2.9138955114839407,-1.0048690627951093,10.8878845373972,0.998,2.4364285714285714,2230.0,-0.0007511722169182278,0.005126079306245757
2.913144339267022,-1.0048560909993014,10.893010616703446,0.998,2.435714285714286,2231.0,-0.0007511722169186719,0.005126079306245757
2.9123931670501038,-1.0048431192034935,10.898136696009692,0.998,2.435,2232.0,-0.0007511722169182278,0.005126079306245757
2.911641994833185,-1.0048301474076855,10.903262775315936,0.998,2.434285714285714,2233.0,-0.0007511722169186719,0.00512607930624398
2.9108908226162664,-1.0048171756118776,10.908388854622181,0.998,2.4335714285714287,2234.0,-0.0007511722169186719,0.005126079306245757
2.910139650399348,-1.0048042038160696,10.913514933928427,0.998,2.432857142857143,2235.0,-0.0007511722169182278,0.005126079306245757
2.9093884781824295,-1.0047912320202617,10.918641013234673,0.998,2.4321428571428574,2236.0,-0.0007511722169186719,0.005126079306245757
2.908637305965511,-1.0047782602244537,10.923767092540919,0.998,2.4314285714285715,2237.0,-0.0007511722169186719,0.005126079306245757
2.9078861337485926,-1.0047652884286458,10.928893171847164,0.998,2.430714285714286,2238.0,-0.0007511722169182278,0.005126079306245757
2.907134961531674,-1.0047523166328378,10.93401925115341,0.998,2.43,2239.0,-0.0007511722169186719,0.005126079306245757
2.906374154230044,-1.0047949132177534,10.9386654632002,0.998,2.4292857142857143,2240.0,-0.0007608073016300843,0.004646212046790055
2.9056133469284133,-1.0048375098026687,10.94331167524699,0.998,2.428571428571429,2241.0,-0.0007608073016305283,0.004646212046790055
2.9048525396267832,-1.0048801063875843,10.947957887293782,0.998,2.427857142857143,2242.0,-0.0007608073016300843,0.004646212046791831
2.9040917323251527,-1.0049227029724999,10.952604099340572,0.998,2.427142857142857,2243.0,-0.0007608073016305283,0.004646212046790055
2.9033309250235226,-1.0049652995574154,10.957250311387362,0.998,2.4264285714285716,2244.0,-0.0007608073016300843,0.004646212046790055
2.902570117721892,-1.0050078961423308,10.961896523434152,0.998,2.4257142857142857,2245.0,-0.0007608073016305283,0.004646212046790055
2.901809310420262,-1.0050504927272463,10.966542735480944,0.998,2.4250000000000003,2246.0,-0.0007608073016300843,0.004646212046791831
2.901048503118632,-1.005093089312162,10.971188947527734,0.998,2.4242857142857144,2247.0,-0.0007608073016300843,0.004646212046790055
2.9002876958170014,-1.0051356858970772,10.975835159574524,0.998,2.4235714285714285,2248.0,-0.0007608073016305283,0.004646212046790055
2.8995268885153713,-1.0051782824819928,10.980481371621314,0.998,2.422857142857143,2249.0,-0.0007608073016300843,0.004646212046790055
2.898766081213741,-1.0052208790669084,10.985127583668104,0.998,2.422142857142857,2250.0,-0.0007608073016305283,0.004646212046790055
2.8980052739121107,-1.005263475651824,10.989773795714896,0.998,2.4214285714285713,2251.0,-0.0007608073016300843,0.004646212046791831
2.89724446661048,-1.0053060722367393,10.994420007761686,0.998,2.420714285714286,2252.0,-0.0007608073016305283,0.004646212046790055
2.89648365930885,-1.0053486688216549,10.999066219808476,0.998,2.42,2253.0,-0.0007608073016300843,0.004646212046790055
2.8957013603057242,-1.0053920074159488,11.005894429233983,0.9979857142857143,2.419142857142857,2254.0,-0.0007822990031258747,0.0068282094255067705
2.8949190613025984,-1.005435346010243,11.012722638659492,0.9979714285714286,2.418285714285714,2255.0,-0.0007822990031258747,0.006828209425508547
2.894136762299472,-1.005478684604537,11.019550848084998,0.9979571428571429,2.4174285714285713,2256.0,-0.0007822990031263188,0.0068282094255067705
2.893354463296346,-1.005522023198831,11.026379057510507,0.9979428571428571,2.4165714285714284,2257.0,-0.0007822990031258747,0.006828209425508547
2.8925721642932203,-1.005565361793125,11.033207266936014,0.9979285714285714,2.4157142857142855,2258.0,-0.0007822990031258747,0.0068282094255067705
2.8917898652900944,-1.0056087003874192,11.040035476361522,0.9979142857142858,2.4148571428571426,2259.0,-0.0007822990031258747,0.006828209425508547
2.891007566286968,-1.0056520389817132,11.046863685787029,0.9979,2.414,2260.0,-0.0007822990031263188,0.0068282094255067705
2.890225267283842,-1.0056953775760071,11.053691895212536,0.9978857142857143,2.4131428571428573,2261.0,-0.0007822990031258747,0.0068282094255067705
2.8894429682807163,-1.0057387161703013,11.060520104638044,0.9978714285714286,2.4122857142857144,2262.0,-0.0007822990031258747,0.006828209425508547
2.8886606692775905,-1.0057820547645953,11.067348314063551,0.9978571428571429,2.4114285714285715,2263.0,-0.0007822990031258747,0.0068282094255067705
2.8878783702744646,-1.0058253933588894,11.07417652348906,0.9978428571428571,2.4105714285714286,2264.0,-0.0007822990031258747,0.006828209425508547
2.8870960712713383,-1.0058687319531834,11.081004732914566,0.9978285714285714,2.4097142857142857,2265.0,-0.0007822990031263188,0.0068282094255067705
2.8863137722682124,-1.0059120705474776,11.087832942340075,0.9978142857142858,2.408857142857143,2266.0,-0.0007822990031258747,0.006828209425508547
2.8855314732650865,-1.0059554091417715,11.094661151765582,0.9978,2.408,2267.0,-0.0007822990031258747,0.0068282094255067705
2.8847589355028953,-1.0058813461484322,11.098800179705579,0.9978142857142858,2.407285714285714,2268.0,-0.0007725377621912166,0.0041390279399973195
2.8839863977407036,-1.0058072831550926,11.102939207645576,0.9978285714285714,2.4065714285714286,2269.0,-0.0007725377621916607,0.0041390279399973195
2.8832138599785124,-1.0057332201617533,11.107078235585574,0.9978428571428571,2.4058571428571427,2270.0,-0.0007725377621912166,0.0041390279399973195
2.8824413222163208,-1.0056591571684137,11.111217263525571,0.9978571428571429,2.4051428571428572,2271.0,-0.0007725377621916607,0.0041390279399973195
2.8816687844541296,-1.0055850941750744,11.115356291465568,0.9978714285714286,2.4044285714285714,2272.0,-0.0007725377621912166,0.0041390279399973195
2.880896246691938,-1.0055110311817348,11.119495319405566,0.9978857142857143,2.403714285714286,2273.0,-0.0007725377621916607,0.0041390279399973195
2.8801237089297467,-1.0054369681883955,11.123634347345563,0.9979,2.403,2274.0,-0.0007725377621912166,0.0041390279399973195
2.8793511711675555,-1.0053629051950561,11.127773375285562,0.9979142857142858,2.402285714285714,2275.0,-0.0007725377621912166,0.004139027939999096
2.878578633405364,-1.0052888422017165,11.13191240322556,0.9979285714285714,2.4015714285714287,2276.0,-0.0007725377621916607,0.0041390279399973195
2.8778060956431726,-1.0052147792083772,11.136051431165557,0.9979428571428571,2.400857142857143,2277.0,-0.0007725377621912166,0.0041390279399973195
2.877033557880981,-1.0051407162150376,11.140190459105554,0.9979571428571429,2.4001428571428574,2278.0,-0.0007725377621916607,0.0041390279399973195
2.8762610201187897,-1.0050666532216983,11.144329487045551,0.9979714285714286,2.3994285714285715,2279.0,-0.0007725377621912166,0.0041390279399973195
2.875488482356598,-1.0049925902283587,11.148468514985549,0.9979857142857143,2.398714285714286,2280.0,-0.0007725377621916607,0.0041390279399973195
2.874715944594407,-1.0049185272350194,11.152607542925546,0.998,2.398,2281.0,-0.0007725377621912166,0.0041390279399973195
2.8739421262638865,-1.0049947856373886,11.158775646061008,0.998,2.397214285714286,2282.0,-0.0007738183305203705,0.006168103135461678
2.873168307933366,-1.005071044039758,11.164943749196471,0.998,2.3964285714285714,2283.0,-0.0007738183305203705,0.006168103135463454
2.8723944896028457,-1.0051473024421274,11.171111852331933,0.998,2.395642857142857,2284.0,-0.0007738183305203705,0.006168103135461678
2.871620671272325,-1.0052235608444968,11.177279955467395,0.998,2.394857142857143,2285.0,-0.0007738183305208146,0.006168103135461678
2.8708468529418045,-1.005299819246866,11.183448058602858,0.998,2.394071428571429,2286.0,-0.0007738183305203705,0.006168103135463454
2.870073034611284,-1.0053760776492355,11.18961616173832,0.998,2.3932857142857142,2287.0,-0.0007738183305203705,0.006168103135461678
2.869299216280764,-1.0054523360516048,11.195784264873781,0.998,2.3925,2288.0,-0.0007738183305203705,0.006168103135461678
2.8685253979502434,-1.005528594453974,11.201952368009245,0.998,2.391714285714286,2289.0,-0.0007738183305203705,0.006168103135463454
2.867751579619723,-1.0056048528563435,11.208120471144706,0.998,2.3909285714285713,2290.0,-0.0007738183305203705,0.006168103135461678
2.8669777612892027,-1.0056811112587127,11.21428857428017,0.998,2.390142857142857,2291.0,-0.0007738183305203705,0.006168103135463454
2.866203942958682,-1.0057573696610822,11.220456677415632,0.998,2.389357142857143,2292.0,-0.0007738183305208146,0.006168103135461678
2.8654301246281615,-1.0058336280634514,11.226624780551093,0.998,2.388571428571429,2293.0,-0.0007738183305203705,0.006168103135461678
2.864656306297641,-1.005909886465821,11.232792883686557,0.998,2.387785714285714,2294.0,-0.0007738183305203705,0.006168103135463454
2.8638824879671207,-1.0059861448681902,11.238960986822018,0.998,2.387,2295.0,-0.0007738183305203705,0.006168103135461678
2.863096623215434,-1.0059721574569749,11.245124340583502,0.998,2.386214285714286,2296.0,-0.0007858647516867379,0.006163353761483137
2.8623107584637477,-1.0059581700457596,11.251287694344986,0.998,2.3854285714285712,2297.0,-0.0007858647516862938,0.006163353761484913
2.861524893712061,-1.0059441826345443,11.25745104810647,0.998,2.384642857142857,2298.0,-0.0007858647516867379,0.006163353761483137
2.8607390289603742,-1.005930195223329,11.263614401867953,0.998,2.383857142857143,2299.0,-0.0007858647516867379,0.006163353761483137
2.8599531642086875,-1.0059162078121138,11.269777755629436,0.998,2.3830714285714287,2300.0,-0.0007858647516867379,0.006163353761483137
2.859167299457001,-1.0059022204008985,11.27594110939092,0.998,2.382285714285714,2301.0,-0.0007858647516862938,0.006163353761484913
2.8583814347053145,-1.0058882329896832,11.282104463152404,0.998,2.3815,2302.0,-0.0007858647516867379,0.006163353761483137
2.8575955699536277,-1.0058742455784682,11.288267816913887,0.998,2.380714285714286,2303.0,-0.0007858647516867379,0.006163353761483137
2.8568097052019414,-1.0058602581672529,11.294431170675372,0.998,2.379928571428571,2304.0,-0.0007858647516862938,0.006163353761484913
2.8560238404502547,-1.0058462707560376,11.300594524436855,0.998,2.379142857142857,2305.0,-0.0007858647516867379,0.006163353761483137
2.855237975698568,-1.0058322833448223,11.306757878198338,0.998,2.378357142857143,2306.0,-0.0007858647516867379,0.006163353761483137
2.8544521109468812,-1.005818295933607,11.312921231959821,0.998,2.3775714285714287,2307.0,-0.0007858647516867379,0.006163353761483137
2.853666246195195,-1.0058043085223918,11.319084585721306,0.998,2.376785714285714,2308.0,-0.0007858647516862938,0.006163353761484913
2.852880381443508,-1.0057903211111765,11.32524793948279,0.998,2.376,2309.0,-0.0007858647516867379,0.006163353761483137
2.852087262044256,-1.005876216785291,11.33497856457546,0.998,2.3752142857142857,2310.0,-0.0007931193992520846,0.009730625092670309
2.8512941426450045,-1.0059621124594056,11.344709189668132,0.998,2.3744285714285716,2311.0,-0.0007931193992516405,0.009730625092672085
2.8505010232457524,-1.0060480081335201,11.354439814760802,0.998,2.373642857142857,2312.0,-0.0007931193992520846,0.009730625092670309
2.8497079038465007,-1.0061339038076345,11.364170439853472,0.998,2.3728571428571428,2313.0,-0.0007931193992516405,0.009730625092670309
2.8489147844472487,-1.006219799481749,11.373901064946143,0.998,2.3720714285714286,2314.0,-0.0007931193992520846,0.009730625092670309
2.848121665047997,-1.0063056951558635,11.383631690038815,0.998,2.3712857142857144,2315.0,-0.0007931193992516405,0.009730625092672085
2.847328545648745,-1.006391590829978,11.393362315131485,0.998,2.3705,2316.0,-0.0007931193992520846,0.009730625092670309
2.846535426249493,-1.0064774865040926,11.403092940224155,0.998,2.3697142857142857,2317.0,-0.0007931193992520846,0.009730625092670309
2.845742306850241,-1.0065633821782072,11.412823565316828,0.998,2.3689285714285715,2318.0,-0.0007931193992516405,0.009730625092672085
2.844949187450989,-1.0066492778523217,11.422554190409498,0.998,2.3681428571428573,2319.0,-0.0007931193992520846,0.009730625092670309
2.8441560680517375,-1.006735173526436,11.432284815502168,0.998,2.367357142857143,2320.0,-0.0007931193992516405,0.009730625092670309
2.8433629486524854,-1.0068210692005506,11.442015440594838,0.998,2.3665714285714285,2321.0,-0.0007931193992520846,0.009730625092670309
2.8425698292532338,-1.0069069648746651,11.45174606568751,0.998,2.3657857142857144,2322.0,-0.0007931193992516405,0.009730625092672085
2.8417767098539817,-1.0069928605487797,11.46147669078018,0.998,2.365,2323.0,-0.0007931193992520846,0.009730625092670309
2.840970599340539,-1.006818073310823,11.467438741405871,0.998,2.364214285714286,2324.0,-0.0008061105134427038,0.0059620506256905514
2.8401644888270963,-1.0066432860728662,11.473400792031562,0.998,2.3634285714285714,2325.0,-0.0008061105134427038,0.0059620506256905514
2.839358378313654,-1.0064684988349095,11.47936284265725,0.998,2.3626428571428573,2326.0,-0.0008061105134422597,0.005962050625688775
2.8385522678002113,-1.0062937115969526,11.485324893282941,0.998,2.361857142857143,2327.0,-0.0008061105134427038,0.0059620506256905514
2.8377461572867686,-1.0061189243589959,11.491286943908632,0.998,2.361071428571429,2328.0,-0.0008061105134427038,0.0059620506256905514
2.836940046773326,-1.0059441371210391,11.497248994534322,0.998,2.3602857142857143,2329.0,-0.0008061105134427038,0.0059620506256905514
2.8361339362598836,-1.0057693498830824,11.503211045160011,0.998,2.3595,2330.0,-0.0008061105134422597,0.005962050625688775
2.835327825746441,-1.0055945626451257,11.509173095785702,0.998,2.358714285714286,2331.0,-0.0008061105134427038,0.0059620506256905514
2.8345217152329982,-1.005419775407169,11.515135146411392,0.998,2.3579285714285714,2332.0,-0.0008061105134427038,0.0059620506256905514
2.8337156047195555,-1.0052449881692123,11.521097197037083,0.998,2.357142857142857,2333.0,-0.0008061105134427038,0.0059620506256905514
2.832909494206113,-1.0050702009312553,11.527059247662773,0.998,2.356357142857143,2334.0,-0.0008061105134427038,0.0059620506256905514
2.8321033836926706,-1.0048954136932986,11.533021298288462,0.998,2.355571428571429,2335.0,-0.0008061105134422597,0.005962050625688775
2.831297273179228,-1.0047206264553419,11.538983348914153,0.998,2.3547857142857143,2336.0,-0.0008061105134427038,0.0059620506256905514
2.830491162665785,-1.0045458392173852,11.544945399539843,0.998,2.354,2337.0,-0.0008061105134427038,0.0059620506256905514
2.8296533894866065,-1.0045725239826107,11.550707281092143,0.998,2.353142857142857,2338.0,-0.000837773179178658,0.005761881552299286
2.828815616307428,-1.004599208747836,11.556469162644442,0.998,2.3522857142857143,2339.0,-0.000837773179178658,0.005761881552299286
2.827977843128249,-1.0046258935130614,11.562231044196741,0.998,2.3514285714285714,2340.0,-0.000837773179178658,0.005761881552299286
2.827140069949071,-1.0046525782782867,11.567992925749042,0.998,2.3505714285714285,2341.0,-0.0008377731791782139,0.0057618815523010625
2.8263022967698923,-1.0046792630435122,11.573754807301341,0.998,2.3497142857142856,2342.0,-0.000837773179178658,0.005761881552299286
2.8254645235907137,-1.0047059478087375,11.57951668885364,0.998,2.3488571428571428,2343.0,-0.000837773179178658,0.005761881552299286
2.824626750411535,-1.004732632573963,11.58527857040594,0.998,2.3480000000000003,2344.0,-0.000837773179178658,0.005761881552299286
2.8237889772323563,-1.0047593173391884,11.59104045195824,0.998,2.3471428571428574,2345.0,-0.000837773179178658,0.005761881552299286
2.8229512040531777,-1.0047860021044137,11.596802333510539,0.998,2.3462857142857145,2346.0,-0.000837773179178658,0.005761881552299286
2.822113430873999,-1.0048126868696392,11.602564215062838,0.998,2.3454285714285716,2347.0,-0.000837773179178658,0.005761881552299286
2.821275657694821,-1.0048393716348645,11.608326096615139,0.998,2.3445714285714288,2348.0,-0.0008377731791782139,0.0057618815523010625
2.820437884515642,-1.00486605640009,11.614087978167438,0.998,2.343714285714286,2349.0,-0.000837773179178658,0.005761881552299286
2.8196001113364635,-1.0048927411653152,11.619849859719737,0.998,2.342857142857143,2350.0,-0.000837773179178658,0.005761881552299286
2.818762338157285,-1.0049194259305407,11.625611741272037,0.998,2.342,2351.0,-0.000837773179178658,0.005761881552299286
2.8179238100044675,-1.004934570451628,11.632461040495869,0.998,2.341214285714286,2352.0,-0.0008385281528173749,0.006849299223832261
2.8170852818516505,-1.0049497149727153,11.639310339719701,0.998,2.3404285714285713,2353.0,-0.0008385281528169308,0.006849299223832261
2.816246753698833,-1.0049648594938025,11.646159638943535,0.998,2.339642857142857,2354.0,-0.0008385281528173749,0.006849299223834038
2.8154082255460158,-1.00498000401489,11.653008938167368,0.998,2.338857142857143,2355.0,-0.0008385281528173749,0.006849299223832261
2.814569697393199,-1.0049951485359772,11.6598582373912,0.998,2.338071428571429,2356.0,-0.0008385281528169308,0.006849299223832261
2.8137311692403815,-1.0050102930570646,11.666707536615032,0.998,2.337285714285714,2357.0,-0.0008385281528173749,0.006849299223832261
2.8128926410875645,-1.0050254375781518,11.673556835838866,0.998,2.3365,2358.0,-0.0008385281528169308,0.006849299223834038
2.812054112934747,-1.005040582099239,11.680406135062698,0.998,2.335714285714286,2359.0,-0.0008385281528173749,0.006849299223832261
2.81121558478193,-1.0050557266203264,11.68725543428653,0.998,2.3349285714285712,2360.0,-0.0008385281528173749,0.006849299223832261
2.810377056629113,-1.0050708711414136,11.694104733510363,0.998,2.334142857142857,2361.0,-0.0008385281528169308,0.006849299223832261
2.8095385284762955,-1.005086015662501,11.700954032734195,0.998,2.333357142857143,2362.0,-0.0008385281528173749,0.006849299223832261
2.808700000323478,-1.0051011601835882,11.70780333195803,0.998,2.3325714285714287,2363.0,-0.0008385281528173749,0.006849299223834038
2.807861472170661,-1.0051163047046756,11.714652631181862,0.998,2.331785714285714,2364.0,-0.0008385281528169308,0.006849299223832261
2.807022944017844,-1.0051314492257628,11.721501930405694,0.998,2.331,2365.0,-0.0008385281528173749,0.006849299223832261
2.8061746030082126,-1.0052496197845933,11.728291036317744,0.998,2.330142857142857,2366.0,-0.0008483410096311594,0.006789105912050175
2.8053262619985815,-1.0053677903434235,11.735080142229792,0.998,2.329285714285714,2367.0,-0.0008483410096311594,0.006789105912048399
2.8044779209889508,-1.005485960902254,11.741869248141843,0.998,2.3284285714285713,2368.0,-0.0008483410096307153,0.006789105912050175
2.8036295799793196,-1.0056041314610842,11.748658354053893,0.998,2.3275714285714284,2369.0,-0.0008483410096311594,0.006789105912050175
2.8027812389696884,-1.0057223020199146,11.755447459965943,0.998,2.3267142857142855,2370.0,-0.0008483410096311594,0.006789105912050175
2.8019328979600573,-1.0058404725787449,11.762236565877991,0.998,2.3258571428571426,2371.0,-0.0008483410096311594,0.006789105912048399
2.8010845569504266,-1.0059586431375753,11.769025671790041,0.998,2.325,2372.0,-0.0008483410096307153,0.006789105912050175
2.8002362159407954,-1.0060768136964058,11.775814777702092,0.998,2.3241428571428573,2373.0,-0.0008483410096311594,0.006789105912050175
2.7993878749311643,-1.006194984255236,11.78260388361414,0.998,2.3232857142857144,2374.0,-0.0008483410096311594,0.006789105912048399
2.798539533921533,-1.0063131548140665,11.78939298952619,0.998,2.3224285714285715,2375.0,-0.0008483410096311594,0.006789105912050175
2.797691192911902,-1.0064313253728967,11.79618209543824,0.998,2.3215714285714286,2376.0,-0.0008483410096311594,0.006789105912050175
2.796842851902271,-1.0065494959317272,11.80297120135029,0.998,2.3207142857142857,2377.0,-0.0008483410096307153,0.006789105912050175
2.79599451089264,-1.0066676664905574,11.809760307262339,0.998,2.319857142857143,2378.0,-0.0008483410096311594,0.006789105912048399
2.795146169883009,-1.0067858370493878,11.81654941317439,0.998,2.319,2379.0,-0.0008483410096311594,0.006789105912050175
2.794290034708469,-1.0066733285810319,11.820326165116041,0.998,2.318142857142857,2380.0,-0.0008561351745397516,0.003776751941652279
2.7934338995339294,-1.0065608201126757,11.824102917057692,0.998,2.317285714285714,2381.0,-0.0008561351745397516,0.0037767519416505024
2.7925777643593896,-1.0064483116443197,11.827879668999344,0.998,2.3164285714285713,2382.0,-0.0008561351745397516,0.003776751941652279
2.7917216291848503,-1.0063358031759635,11.831656420940995,0.998,2.3155714285714284,2383.0,-0.0008561351745393075,0.0037767519416505024
2.7908654940103106,-1.0062232947076075,11.835433172882647,0.998,2.3147142857142855,2384.0,-0.0008561351745397516,0.003776751941652279
2.790009358835771,-1.0061107862392513,11.839209924824297,0.998,2.3138571428571426,2385.0,-0.0008561351745397516,0.0037767519416505024
2.789153223661231,-1.0059982777708953,11.84298667676595,0.998,2.313,2386.0,-0.0008561351745397516,0.003776751941652279
2.7882970884866913,-1.0058857693025394,11.846763428707602,0.998,2.3121428571428573,2387.0,-0.0008561351745397516,0.003776751941652279
2.7874409533121516,-1.0057732608341832,11.850540180649253,0.998,2.3112857142857144,2388.0,-0.0008561351745397516,0.0037767519416505024
2.786584818137612,-1.0056607523658272,11.854316932590905,0.998,2.3104285714285715,2389.0,-0.0008561351745397516,0.003776751941652279
2.7857286829630725,-1.005548243897471,11.858093684532555,0.998,2.3095714285714286,2390.0,-0.0008561351745393075,0.0037767519416505024
2.7848725477885328,-1.005435735429115,11.861870436474208,0.998,2.3087142857142857,2391.0,-0.0008561351745397516,0.003776751941652279
2.784016412613993,-1.0053232269607588,11.865647188415858,0.998,2.307857142857143,2392.0,-0.0008561351745397516,0.0037767519416505024
2.7831602774394533,-1.0052107184924028,11.86942394035751,0.998,2.307,2393.0,-0.0008561351745397516,0.003776751941652279
2.782263635190003,-1.0052803811731552,11.874546190058213,0.998,2.306142857142857,2394.0,-0.0008966422494500748,0.005122249700702852
2.781366992940553,-1.0053500438539078,11.879668439758916,0.998,2.305285714285714,2395.0,-0.0008966422494500748,0.005122249700702852
2.7804703506911026,-1.0054197065346602,11.884790689459619,0.998,2.3044285714285713,2396.0,-0.0008966422494505188,0.005122249700702852
2.7795737084416525,-1.0054893692154125,11.889912939160322,0.998,2.3035714285714284,2397.0,-0.0008966422494500748,0.005122249700702852
2.7786770661922024,-1.005559031896165,11.895035188861025,0.998,2.3027142857142855,2398.0,-0.0008966422494500748,0.005122249700702852
2.7777804239427524,-1.0056286945769175,11.900157438561727,0.998,2.3018571428571426,2399.0,-0.0008966422494500748,0.005122249700702852
2.776883781693302,-1.0056983572576699,11.90527968826243,0.998,2.301,2400.0,-0.0008966422494505188,0.005122249700702852
2.775987139443852,-1.0057680199384222,11.910401937963131,0.998,2.3001428571428573,2401.0,-0.0008966422494500748,0.005122249700701076
2.7750904971944017,-1.0058376826191748,11.915524187663834,0.998,2.2992857142857144,2402.0,-0.0008966422494500748,0.005122249700702852
2.7741938549449516,-1.0059073452999272,11.920646437364537,0.998,2.2984285714285715,2403.0,-0.0008966422494500748,0.005122249700702852
2.7732972126955016,-1.0059770079806796,11.92576868706524,0.998,2.2975714285714286,2404.0,-0.0008966422494500748,0.005122249700702852
2.772400570446051,-1.006046670661432,11.930890936765943,0.998,2.2967142857142857,2405.0,-0.0008966422494505188,0.005122249700702852
2.771503928196601,-1.0061163333421845,11.936013186466646,0.998,2.295857142857143,2406.0,-0.0008966422494500748,0.005122249700702852
2.770607285947151,-1.006185996022937,11.941135436167349,0.998,2.295,2407.0,-0.0008966422494500748,0.005122249700702852
2.769719315539046,-1.0061526192310297,11.95031466268714,0.998,2.2940714285714283,2408.0,-0.0008879704081050654,0.009179226519790973
2.7688313451309403,-1.0061192424391225,11.95949388920693,0.998,2.293142857142857,2409.0,-0.0008879704081055095,0.009179226519790973
2.7679433747228352,-1.0060858656472154,11.96867311572672,0.998,2.2922142857142855,2410.0,-0.0008879704081050654,0.009179226519789196
2.76705540431473,-1.0060524888553082,11.97785234224651,0.998,2.2912857142857144,2411.0,-0.0008879704081050654,0.009179226519790973
2.766167433906625,-1.006019112063401,11.987031568766302,0.998,2.2903571428571428,2412.0,-0.0008879704081050654,0.009179226519790973
2.7652794634985196,-1.0059857352714938,11.996210795286093,0.998,2.2894285714285716,2413.0,-0.0008879704081055095,0.009179226519790973
2.7643914930904145,-1.0059523584795866,12.005390021805884,0.998,2.2885,2414.0,-0.0008879704081050654,0.009179226519790973
2.7635035226823095,-1.0059189816876795,12.014569248325673,0.998,2.2875714285714284,2415.0,-0.0008879704081050654,0.009179226519789196
2.762615552274204,-1.0058856048957723,12.023748474845464,0.998,2.286642857142857,2416.0,-0.0008879704081055095,0.009179226519790973
2.761727581866099,-1.005852228103865,12.032927701365255,0.998,2.2857142857142856,2417.0,-0.0008879704081050654,0.009179226519790973
2.760839611457994,-1.005818851311958,12.042106927885046,0.998,2.2847857142857144,2418.0,-0.0008879704081050654,0.009179226519790973
2.7599516410498888,-1.0057854745200507,12.051286154404835,0.998,2.283857142857143,2419.0,-0.0008879704081050654,0.009179226519789196
2.7590636706417833,-1.0057520977281436,12.060465380924626,0.998,2.2829285714285716,2420.0,-0.0008879704081055095,0.009179226519790973
2.758175700233678,-1.0057187209362364,12.069644607444417,0.998,2.282,2421.0,-0.0008879704081050654,0.009179226519790973
2.757243450526763,-1.0058274301976629,12.07912389560223,0.998,2.2810714285714284,2422.0,-0.0009322497069153002,0.00947928815781296
2.756311200819847,-1.0059361394590893,12.088603183760045,0.998,2.2801428571428572,2423.0,-0.0009322497069157443,0.009479288157814736
2.755378951112932,-1.0060448487205158,12.098082471917857,0.998,2.2792142857142856,2424.0,-0.0009322497069153002,0.00947928815781296
2.7544467014060166,-1.0061535579819423,12.10756176007567,0.998,2.2782857142857145,2425.0,-0.0009322497069153002,0.00947928815781296
2.7535144516991013,-1.0062622672433688,12.117041048233485,0.998,2.277357142857143,2426.0,-0.0009322497069153002,0.009479288157814736
2.7525822019921855,-1.0063709765047952,12.126520336391298,0.998,2.2764285714285717,2427.0,-0.0009322497069157443,0.00947928815781296
2.75164995228527,-1.0064796857662217,12.135999624549113,0.998,2.2755,2428.0,-0.0009322497069153002,0.009479288157814736
2.750717702578355,-1.0065883950276482,12.145478912706926,0.998,2.2745714285714285,2429.0,-0.0009322497069153002,0.00947928815781296
2.749785452871439,-1.0066971042890747,12.154958200864739,0.998,2.2736428571428573,2430.0,-0.0009322497069157443,0.00947928815781296
2.748853203164524,-1.0068058135505011,12.164437489022554,0.998,2.2727142857142857,2431.0,-0.0009322497069153002,0.009479288157814736
2.7479209534576086,-1.0069145228119276,12.173916777180366,0.998,2.2717857142857145,2432.0,-0.0009322497069153002,0.00947928815781296
2.7469887037506933,-1.007023232073354,12.18339606533818,0.998,2.270857142857143,2433.0,-0.0009322497069153002,0.00947928815781296
2.7460564540437775,-1.0071319413347806,12.192875353495994,0.998,2.2699285714285717,2434.0,-0.0009322497069157443,0.009479288157814736
2.745124204336862,-1.007240650596207,12.202354641653807,0.998,2.269,2435.0,-0.0009322497069153002,0.00947928815781296
2.7441857208738862,-1.006971717195332,12.206889432481491,0.998,2.2680714285714285,2436.0,-0.0009384834629759808,0.004534790827683821
2.74324723741091,-1.006702783794457,12.211424223309173,0.998,2.2671428571428573,2437.0,-0.0009384834629764249,0.004534790827682045
2.742308753947934,-1.0064338503935821,12.215959014136857,0.998,2.2662142857142857,2438.0,-0.0009384834629759808,0.004534790827683821
2.7413702704849574,-1.0061649169927074,12.22049380496454,0.998,2.265285714285714,2439.0,-0.0009384834629764249,0.004534790827683821
2.7404317870219814,-1.0058959835918324,12.225028595792223,0.998,2.264357142857143,2440.0,-0.0009384834629759808,0.004534790827682045
2.739493303559005,-1.0056270501909574,12.229563386619906,0.998,2.2634285714285713,2441.0,-0.0009384834629764249,0.004534790827683821
2.738554820096029,-1.0053581167900825,12.23409817744759,0.998,2.2625,2442.0,-0.0009384834629759808,0.004534790827683821
2.737616336633053,-1.0050891833892075,12.238632968275272,0.998,2.2615714285714286,2443.0,-0.0009384834629759808,0.004534790827682045
2.7366778531700766,-1.0048202499883325,12.243167759102956,0.998,2.260642857142857,2444.0,-0.0009384834629764249,0.004534790827683821
2.7357393697071006,-1.0045513165874576,12.247702549930638,0.998,2.259714285714286,2445.0,-0.0009384834629759808,0.004534790827682045
2.734800886244124,-1.0042823831865828,12.252237340758322,0.998,2.258785714285714,2446.0,-0.0009384834629764249,0.004534790827683821
2.7338624027811482,-1.0040134497857078,12.256772131586006,0.998,2.2578571428571426,2447.0,-0.0009384834629759808,0.004534790827683821
2.732923919318172,-1.0037445163848329,12.261306922413688,0.998,2.2569285714285714,2448.0,-0.0009384834629764249,0.004534790827682045
2.731985435855196,-1.003475582983958,12.265841713241372,0.998,2.256,2449.0,-0.0009384834629759808,0.004534790827683821
2.731019715929374,-1.003583972268542,12.27077869460987,0.998,2.255071428571428,2450.0,-0.0009657199258219507,0.004936981368498294
2.730053996003552,-1.0036923615531261,12.275715675978367,0.998,2.254142857142857,2451.0,-0.0009657199258219507,0.004936981368496518
2.72908827607773,-1.0038007508377103,12.280652657346863,0.998,2.2532142857142854,2452.0,-0.0009657199258219507,0.004936981368496518
2.728122556151908,-1.0039091401222946,12.285589638715361,0.998,2.2522857142857142,2453.0,-0.0009657199258219507,0.004936981368498294
2.727156836226086,-1.0040175294068787,12.29052662008386,0.998,2.2513571428571426,2454.0,-0.0009657199258219507,0.004936981368498294
2.726191116300264,-1.0041259186914628,12.295463601452356,0.998,2.2504285714285714,2455.0,-0.0009657199258219507,0.004936981368496518
2.7252253963744417,-1.004234307976047,12.300400582820853,0.998,2.2495,2456.0,-0.0009657199258223947,0.004936981368496518
2.7242596764486198,-1.004342697260631,12.305337564189351,0.998,2.248571428571428,2457.0,-0.0009657199258219507,0.004936981368498294
2.723293956522798,-1.0044510865452152,12.31027454555785,0.998,2.247642857142857,2458.0,-0.0009657199258219507,0.004936981368498294
2.722328236596976,-1.0045594758297993,12.315211526926346,0.998,2.2467142857142854,2459.0,-0.0009657199258219507,0.004936981368496518
2.721362516671154,-1.0046678651143837,12.320148508294842,0.998,2.2457857142857143,2460.0,-0.0009657199258219507,0.004936981368496518
2.720396796745332,-1.0047762543989678,12.32508548966334,0.998,2.2448571428571427,2461.0,-0.0009657199258219507,0.004936981368498294
2.71943107681951,-1.004884643683552,12.330022471031839,0.998,2.2439285714285715,2462.0,-0.0009657199258219507,0.004936981368498294
2.718465356893688,-1.004993032968136,12.334959452400335,0.998,2.243,2463.0,-0.0009657199258219507,0.004936981368496518
2.7175094346168644,-1.0050267994564193,12.345868269696458,0.998,2.242,2464.0,-0.0009559222768236175,0.010908817296122919
2.716553512340041,-1.0050605659447025,12.356777086992581,0.998,2.241,2465.0,-0.0009559222768236175,0.010908817296122919
2.715597590063217,-1.0050943324329857,12.367685904288704,0.998,2.2399999999999998,2466.0,-0.0009559222768236175,0.010908817296122919
2.714641667786394,-1.005128098921269,12.378594721584827,0.998,2.239,2467.0,-0.0009559222768231734,0.010908817296122919
2.7136857455095704,-1.0051618654095522,12.38950353888095,0.998,2.238,2468.0,-0.0009559222768236175,0.010908817296122919
2.712729823232747,-1.0051956318978355,12.400412356177073,0.998,2.237,2469.0,-0.0009559222768236175,0.010908817296122919
2.711773900955923,-1.0052293983861187,12.411321173473196,0.998,2.2359999999999998,2470.0,-0.0009559222768236175,0.010908817296122919
2.7108179786790996,-1.005263164874402,12.422229990769319,0.998,2.235,2471.0,-0.0009559222768236175,0.010908817296122919
2.709862056402276,-1.0052969313626852,12.433138808065442,0.998,2.234,2472.0,-0.0009559222768236175,0.010908817296122919
2.7089061341254523,-1.0053306978509684,12.444047625361565,0.998,2.233,2473.0,-0.0009559222768236175,0.010908817296122919
2.707950211848629,-1.0053644643392516,12.454956442657688,0.998,2.232,2474.0,-0.0009559222768231734,0.010908817296122919
2.7069942895718055,-1.0053982308275349,12.46586525995381,0.998,2.231,2475.0,-0.0009559222768236175,0.010908817296122919
2.706038367294982,-1.0054319973158181,12.476774077249933,0.998,2.23,2476.0,-0.0009559222768236175,0.010908817296122919
2.7050824450181583,-1.0054657638041014,12.487682894546056,0.998,2.229,2477.0,-0.0009559222768236175,0.010908817296122919
2.7040903355448633,-1.0054562947901147,12.493535223561313,0.998,2.228,2478.0,-0.0009921094732949776,0.005852329015256785
2.703098226071568,-1.005446825776128,12.499387552576568,0.998,2.227,2479.0,-0.0009921094732954217,0.005852329015255009
2.702106116598273,-1.005437356762141,12.505239881591825,0.998,2.226,2480.0,-0.0009921094732949776,0.005852329015256785
2.7011140071249775,-1.0054278877481544,12.51109221060708,0.998,2.225,2481.0,-0.0009921094732954217,0.005852329015255009
2.7001218976516825,-1.0054184187341677,12.516944539622337,0.998,2.224,2482.0,-0.0009921094732949776,0.005852329015256785
2.699129788178387,-1.005408949720181,12.522796868637592,0.998,2.223,2483.0,-0.0009921094732954217,0.005852329015255009
2.698137678705092,-1.0053994807061941,12.528649197652848,0.998,2.222,2484.0,-0.0009921094732949776,0.005852329015256785
2.697145569231797,-1.0053900116922074,12.534501526668105,0.998,2.221,2485.0,-0.0009921094732949776,0.005852329015256785
2.6961534597585017,-1.0053805426782207,12.54035385568336,0.998,2.2199999999999998,2486.0,-0.0009921094732954217,0.005852329015255009
2.6951613502852068,-1.005371073664234,12.546206184698617,0.998,2.219,2487.0,-0.0009921094732949776,0.005852329015256785
2.6941692408119113,-1.0053616046502474,12.552058513713872,0.998,2.218,2488.0,-0.0009921094732954217,0.005852329015255009
2.6931771313386164,-1.0053521356362605,12.557910842729129,0.998,2.217,2489.0,-0.0009921094732949776,0.005852329015256785
2.692185021865321,-1.0053426666222738,12.563763171744384,0.998,2.2159999999999997,2490.0,-0.0009921094732954217,0.005852329015255009
2.691192912392026,-1.005333197608287,12.56961550075964,0.998,2.215,2491.0,-0.0009921094732949776,0.005852329015256785
2.6901629830645124,-1.0054106421700677,12.580021458444334,0.998,2.214,2492.0,-0.0010299293275135568,0.01040595768469288
2.6891330537369993,-1.0054880867318485,12.590427416129028,0.998,2.213,2493.0,-0.0010299293275131127,0.010405957684694656
2.688103124409486,-1.0055655312936294,12.600833373813721,0.998,2.2119999999999997,2494.0,-0.0010299293275131127,0.01040595768469288
2.6870731950819726,-1.00564297585541,12.611239331498416,0.998,2.211,2495.0,-0.0010299293275135568,0.010405957684694656
2.686043265754459,-1.0057204204171906,12.621645289183109,0.998,2.21,2496.0,-0.0010299293275135568,0.01040595768469288
2.685013336426946,-1.0057978649789714,12.632051246867803,0.998,2.209,2497.0,-0.0010299293275131127,0.010405957684694656
2.683983407099433,-1.0058753095407522,12.642457204552496,0.998,2.2079999999999997,2498.0,-0.0010299293275131127,0.01040595768469288
2.6829534777719193,-1.0059527541025328,12.652863162237189,0.998,2.207,2499.0,-0.0010299293275135568,0.01040595768469288
2.6819235484444057,-1.0060301986643134,12.663269119921884,0.998,2.206,2500.0,-0.0010299293275135568,0.010405957684694656
2.6808936191168926,-1.0061076432260943,12.673675077606577,0.998,2.205,2501.0,-0.0010299293275131127,0.01040595768469288
2.6798636897893795,-1.006185087787875,12.684081035291271,0.998,2.204,2502.0,-0.0010299293275131127,0.010405957684694656
2.678833760461866,-1.0062625323496557,12.694486992975964,0.998,2.203,2503.0,-0.0010299293275135568,0.01040595768469288
2.6778038311343524,-1.0063399769114363,12.704892950660659,0.998,2.202,2504.0,-0.0010299293275135568,0.010405957684694656
2.6767739018068393,-1.006417421473217,12.715298908345352,0.998,2.201,2505.0,-0.0010299293275131127,0.01040595768469288
2.6757363772305722,-1.0063907818190203,12.718035914380495,0.998,2.2,2506.0,-0.001037524576267046,0.0027370060351437075
2.674698852654305,-1.0063641421648237,12.720772920415637,0.998,2.199,2507.0,-0.001037524576267046,0.002737006035141931
2.673661328078038,-1.0063375025106271,12.723509926450781,0.998,2.198,2508.0,-0.001037524576267046,0.0027370060351437075
2.6726238035017715,-1.0063108628564303,12.726246932485925,0.998,2.197,2509.0,-0.0010375245762666019,0.0027370060351437075
2.6715862789255045,-1.0062842232022335,12.728983938521068,0.998,2.196,2510.0,-0.001037524576267046,0.0027370060351437075
2.6705487543492374,-1.006257583548037,12.73172094455621,0.998,2.195,2511.0,-0.001037524576267046,0.002737006035141931
2.6695112297729704,-1.0062309438938404,12.734457950591354,0.998,2.194,2512.0,-0.001037524576267046,0.0027370060351437075
2.6684737051967033,-1.0062043042396436,12.737194956626498,0.998,2.193,2513.0,-0.001037524576267046,0.0027370060351437075
2.6674361806204363,-1.0061776645854468,12.73993196266164,0.998,2.1919999999999997,2514.0,-0.001037524576267046,0.002737006035141931
2.6663986560441693,-1.0061510249312502,12.742668968696783,0.998,2.191,2515.0,-0.001037524576267046,0.0027370060351437075
2.6653611314679027,-1.0061243852770536,12.745405974731927,0.998,2.19,2516.0,-0.0010375245762666019,0.0027370060351437075
2.6643236068916356,-1.0060977456228568,12.74814298076707,0.998,2.189,2517.0,-0.001037524576267046,0.0027370060351437075
2.6632860823153686,-1.00607110596866,12.750879986802213,0.998,2.1879999999999997,2518.0,-0.001037524576267046,0.002737006035141931
2.6622485577391015,-1.0060444663144634,12.753616992837356,0.998,2.187,2519.0,-0.001037524576267046,0.0027370060351437075
2.6611841717449893,-1.0060084735891708,12.762192705996664,0.998,2.185928571428571,2520.0,-0.0010643859941121825,0.008575713159308052
2.660119785750877,-1.0059724808638781,12.770768419155972,0.998,2.1848571428571426,2521.0,-0.0010643859941121825,0.008575713159308052
2.6590553997567645,-1.0059364881385855,12.77934413231528,0.998,2.183785714285714,2522.0,-0.0010643859941126266,0.008575713159308052
2.6579910137626523,-1.0059004954132928,12.787919845474587,0.998,2.182714285714286,2523.0,-0.0010643859941121825,0.008575713159306275
2.65692662776854,-1.0058645026880002,12.796495558633895,0.998,2.181642857142857,2524.0,-0.0010643859941121825,0.008575713159308052
2.655862241774428,-1.0058285099627076,12.805071271793203,0.998,2.1805714285714286,2525.0,-0.0010643859941121825,0.008575713159308052
2.6547978557803154,-1.005792517237415,12.813646984952511,0.998,2.1795,2526.0,-0.0010643859941126266,0.008575713159308052
2.653733469786203,-1.0057565245121223,12.822222698111819,0.998,2.1784285714285714,2527.0,-0.0010643859941121825,0.008575713159308052
2.652669083792091,-1.0057205317868296,12.830798411271127,0.998,2.1773571428571428,2528.0,-0.0010643859941121825,0.008575713159308052
2.651604697797979,-1.005684539061537,12.839374124430435,0.998,2.176285714285714,2529.0,-0.0010643859941121825,0.008575713159308052
2.6505403118038666,-1.0056485463362443,12.847949837589741,0.998,2.175214285714286,2530.0,-0.0010643859941121825,0.008575713159306275
2.649475925809754,-1.0056125536109517,12.85652555074905,0.998,2.1741428571428574,2531.0,-0.0010643859941126266,0.008575713159308052
2.648411539815642,-1.005576560885659,12.865101263908358,0.998,2.1730714285714288,2532.0,-0.0010643859941121825,0.008575713159308052
2.6473471538215296,-1.0055405681603664,12.873676977067666,0.998,2.172,2533.0,-0.0010643859941121825,0.008575713159308052
2.646265024062087,-1.0055071360599694,12.880431935873913,0.998,2.1709285714285715,2534.0,-0.0010821297594425516,0.006754958806247657
2.645182894302645,-1.0054737039595723,12.887186894680163,0.998,2.169857142857143,2535.0,-0.0010821297594421075,0.006754958806249434
2.6441007645432024,-1.0054402718591753,12.89394185348641,0.998,2.1687857142857143,2536.0,-0.0010821297594425516,0.006754958806247657
2.64301863478376,-1.0054068397587783,12.900696812292658,0.998,2.1677142857142857,2537.0,-0.0010821297594425516,0.006754958806247657
2.6419365050243178,-1.0053734076583813,12.907451771098907,0.998,2.166642857142857,2538.0,-0.0010821297594421075,0.006754958806249434
2.640854375264875,-1.0053399755579842,12.914206729905155,0.998,2.1655714285714285,2539.0,-0.0010821297594425516,0.006754958806247657
2.6397722455054327,-1.0053065434575872,12.920961688711403,0.998,2.1645,2540.0,-0.0010821297594425516,0.006754958806247657
2.6386901157459905,-1.0052731113571902,12.927716647517652,0.998,2.1634285714285717,2541.0,-0.0010821297594421075,0.006754958806249434
2.637607985986548,-1.005239679256793,12.9344716063239,0.998,2.162357142857143,2542.0,-0.0010821297594425516,0.006754958806247657
2.636525856227106,-1.005206247156396,12.94122656513015,0.998,2.1612857142857145,2543.0,-0.0010821297594421075,0.006754958806249434
2.6354437264676633,-1.005172815055999,12.947981523936397,0.998,2.160214285714286,2544.0,-0.0010821297594425516,0.006754958806247657
2.634361596708221,-1.0051393829556021,12.954736482742645,0.998,2.1591428571428573,2545.0,-0.0010821297594425516,0.006754958806247657
2.6332794669487787,-1.005105950855205,12.961491441548894,0.998,2.1580714285714286,2546.0,-0.0010821297594421075,0.006754958806249434
2.632197337189336,-1.005072518754808,12.968246400355142,0.998,2.157,2547.0,-0.0010821297594425516,0.006754958806247657
2.6310900882807404,-1.0051553068831636,12.976867540714451,0.998,2.1559285714285714,2548.0,-0.0011072489085957038,0.00862114035930972
2.6299828393721443,-1.0052380950115192,12.985488681073761,0.998,2.154857142857143,2549.0,-0.0011072489085961479,0.00862114035930972
2.6288755904635486,-1.0053208831398746,12.99410982143307,0.998,2.153785714285714,2550.0,-0.0011072489085957038,0.00862114035930972
2.6277683415549524,-1.0054036712682302,13.00273096179238,0.998,2.1527142857142856,2551.0,-0.0011072489085961479,0.00862114035930972
2.6266610926463567,-1.0054864593965858,13.01135210215169,0.998,2.151642857142857,2552.0,-0.0011072489085957038,0.00862114035930972
2.6255538437377606,-1.0055692475249414,13.019973242511,0.998,2.1505714285714284,2553.0,-0.0011072489085961479,0.00862114035930972
2.624446594829165,-1.0056520356532967,13.02859438287031,0.998,2.1494999999999997,2554.0,-0.0011072489085957038,0.00862114035930972
2.623339345920569,-1.0057348237816524,13.037215523229621,0.998,2.1484285714285716,2555.0,-0.0011072489085957038,0.008621140359311497
2.622232097011973,-1.005817611910008,13.045836663588931,0.998,2.147357142857143,2556.0,-0.0011072489085961479,0.00862114035930972
2.6211248481033773,-1.0059004000383636,13.05445780394824,0.998,2.1462857142857144,2557.0,-0.0011072489085957038,0.00862114035930972
2.620017599194781,-1.0059831881667192,13.06307894430755,0.998,2.1452142857142857,2558.0,-0.0011072489085961479,0.00862114035930972
2.6189103502861855,-1.0060659762950745,13.07170008466686,0.998,2.144142857142857,2559.0,-0.0011072489085957038,0.00862114035930972
2.6178031013775893,-1.0061487644234302,13.08032122502617,0.998,2.1430714285714285,2560.0,-0.0011072489085961479,0.00862114035930972
2.6166958524689936,-1.0062315525517858,13.08894236538548,0.998,2.142,2561.0,-0.0011072489085957038,0.00862114035930972
2.6156492898207953,-1.0062421502242995,13.09580937494332,0.998,2.1409333333333334,2562.0,-0.001046562648198357,0.0068670095578404755
2.614602727172597,-1.0062527478968133,13.102676384501159,0.998,2.1398666666666664,2563.0,-0.001046562648198357,0.006867009557838699
2.6135561645243985,-1.006263345569327,13.109543394059,0.998,2.1388,2564.0,-0.001046562648198357,0.0068670095578404755
2.6125096018762,-1.006273943241841,13.11641040361684,0.998,2.1377333333333333,2565.0,-0.001046562648198357,0.0068670095578404755
2.611463039228002,-1.0062845409143548,13.123277413174678,0.998,2.1366666666666667,2566.0,-0.001046562648198357,0.006867009557838699
2.6104164765798035,-1.0062951385868686,13.130144422732519,0.998,2.1355999999999997,2567.0,-0.001046562648198357,0.0068670095578404755
2.609369913931605,-1.0063057362593824,13.13701143229036,0.998,2.134533333333333,2568.0,-0.001046562648198357,0.0068670095578404755
2.6083233512834063,-1.0063163339318961,13.143878441848198,0.998,2.1334666666666666,2569.0,-0.001046562648198801,0.006867009557838699
2.607276788635208,-1.00632693160441,13.150745451406038,0.998,2.1324,2570.0,-0.001046562648198357,0.0068670095578404755
2.6062302259870096,-1.0063375292769237,13.157612460963879,0.998,2.131333333333333,2571.0,-0.001046562648198357,0.0068670095578404755
2.6051836633388112,-1.0063481269494374,13.164479470521718,0.998,2.1302666666666665,2572.0,-0.001046562648198357,0.006867009557838699
2.604137100690613,-1.0063587246219514,13.171346480079558,0.998,2.1292,2573.0,-0.001046562648198357,0.0068670095578404755
2.6030905380424145,-1.0063693222944652,13.178213489637399,0.998,2.1281333333333334,2574.0,-0.001046562648198357,0.0068670095578404755
2.602043975394216,-1.006379919966979,13.185080499195237,0.998,2.1270666666666664,2575.0,-0.001046562648198357,0.006867009557838699
2.600997412746018,-1.0063905176394927,13.191947508753078,0.998,2.126,2576.0,-0.001046562648198357,0.0068670095578404755
2.59983458272844,-1.0063391050706127,13.19827016465181,0.998,2.1248571428571426,2577.0,-0.0011628300175776651,0.0063226558987317105
2.598671752710863,-1.0062876925017328,13.20459282055054,0.998,2.1237142857142857,2578.0,-0.001162830017577221,0.006322655898729934
2.5975089226932853,-1.0062362799328528,13.210915476449271,0.998,2.1225714285714283,2579.0,-0.0011628300175776651,0.0063226558987317105
2.5963460926757076,-1.0061848673639728,13.217238132348003,0.998,2.1214285714285714,2580.0,-0.0011628300175776651,0.0063226558987317105
2.5951832626581304,-1.0061334547950929,13.223560788246733,0.998,2.120285714285714,2581.0,-0.001162830017577221,0.006322655898729934
2.5940204326405527,-1.006082042226213,13.229883444145464,0.998,2.119142857142857,2582.0,-0.0011628300175776651,0.0063226558987317105
2.592857602622975,-1.0060306296573327,13.236206100044196,0.998,2.118,2583.0,-0.0011628300175776651,0.0063226558987317105
2.591694772605398,-1.0059792170884527,13.242528755942926,0.998,2.1168571428571425,2584.0,-0.001162830017577221,0.006322655898729934
2.59053194258782,-1.0059278045195728,13.248851411841658,0.998,2.1157142857142857,2585.0,-0.0011628300175776651,0.0063226558987317105
2.589369112570243,-1.0058763919506928,13.255174067740388,0.998,2.1145714285714283,2586.0,-0.001162830017577221,0.006322655898729934
2.5882062825526653,-1.0058249793818128,13.26149672363912,0.998,2.1134285714285714,2587.0,-0.0011628300175776651,0.0063226558987317105
2.5870434525350876,-1.0057735668129328,13.267819379537851,0.998,2.112285714285714,2588.0,-0.0011628300175776651,0.0063226558987317105
2.5858806225175104,-1.0057221542440529,13.274142035436581,0.998,2.111142857142857,2589.0,-0.001162830017577221,0.006322655898729934
2.5847177924999327,-1.005670741675173,13.280464691335313,0.998,2.11,2590.0,-0.0011628300175776651,0.0063226558987317105
2.583506890037645,-1.005647091838458,13.288496687423397,0.998,2.1087857142857143,2591.0,-0.0012109024622874998,0.008031996088083915
2.5822959875753577,-1.0056234420017427,13.29652868351148,0.998,2.1075714285714287,2592.0,-0.0012109024622874998,0.008031996088083915
2.5810850851130698,-1.0055997921650277,13.304560679599563,0.998,2.1063571428571426,2593.0,-0.0012109024622879438,0.008031996088082138
2.5798741826507823,-1.0055761423283127,13.312592675687647,0.998,2.105142857142857,2594.0,-0.0012109024622874998,0.008031996088083915
2.5786632801884948,-1.0055524924915977,13.32062467177573,0.998,2.1039285714285714,2595.0,-0.0012109024622874998,0.008031996088083915
2.5774523777262073,-1.0055288426548825,13.328656667863815,0.998,2.1027142857142858,2596.0,-0.0012109024622874998,0.008031996088083915
2.5762414752639193,-1.0055051928181675,13.336688663951898,0.998,2.1014999999999997,2597.0,-0.0012109024622879438,0.008031996088083915
2.575030572801632,-1.0054815429814525,13.34472066003998,0.998,2.100285714285714,2598.0,-0.0012109024622874998,0.008031996088082138
2.5738196703393443,-1.0054578931447373,13.352752656128065,0.998,2.0990714285714285,2599.0,-0.0012109024622874998,0.008031996088083915
2.572608767877057,-1.0054342433080223,13.360784652216148,0.998,2.097857142857143,2600.0,-0.0012109024622874998,0.008031996088083915
2.5713978654147693,-1.0054105934713073,13.368816648304232,0.998,2.0966428571428573,2601.0,-0.0012109024622874998,0.008031996088083915
2.5701869629524814,-1.0053869436345924,13.376848644392314,0.998,2.095428571428571,2602.0,-0.0012109024622879438,0.008031996088082138
2.568976060490194,-1.0053632937978771,13.384880640480398,0.998,2.0942142857142856,2603.0,-0.0012109024622874998,0.008031996088083915
2.5677651580279064,-1.0053396439611622,13.392912636568482,0.998,2.093,2604.0,-0.0012109024622874998,0.008031996088083915
2.5665526900578044,-1.0053195520357998,13.400612471865172,0.998,2.0917857142857144,2605.0,-0.0012124679701019936,0.0076998352966892725
2.565340222087703,-1.0052994601104375,13.40831230716186,0.998,2.0905714285714287,2606.0,-0.0012124679701015495,0.0076998352966892725
2.564127754117601,-1.0052793681850751,13.41601214245855,0.998,2.0893571428571427,2607.0,-0.0012124679701019936,0.0076998352966892725
2.562915286147499,-1.005259276259713,13.42371197775524,0.998,2.088142857142857,2608.0,-0.0012124679701019936,0.0076998352966892725
2.561702818177397,-1.0052391843343507,13.431411813051929,0.998,2.0869285714285715,2609.0,-0.0012124679701019936,0.0076998352966892725
2.5604903502072953,-1.0052190924089883,13.439111648348618,0.998,2.085714285714286,2610.0,-0.0012124679701015495,0.0076998352966892725
2.5592778822371933,-1.005199000483626,13.446811483645307,0.998,2.0845,2611.0,-0.0012124679701019936,0.0076998352966892725
2.5580654142670913,-1.0051789085582636,13.454511318941996,0.998,2.083285714285714,2612.0,-0.0012124679701019936,0.0076998352966892725
2.55685294629699,-1.0051588166329013,13.462211154238686,0.998,2.0820714285714286,2613.0,-0.0012124679701015495,0.0076998352966892725
2.555640478326888,-1.005138724707539,13.469910989535375,0.998,2.080857142857143,2614.0,-0.0012124679701019936,0.0076998352966892725
2.554428010356786,-1.0051186327821768,13.477610824832064,0.998,2.0796428571428573,2615.0,-0.0012124679701019936,0.0076998352966892725
2.553215542386684,-1.0050985408568145,13.485310660128754,0.998,2.0784285714285713,2616.0,-0.0012124679701019936,0.0076998352966892725
2.5520030744165823,-1.0050784489314522,13.493010495425443,0.998,2.0772142857142857,2617.0,-0.0012124679701015495,0.0076998352966892725
2.5507906064464803,-1.0050583570060898,13.500710330722132,0.998,2.076,2618.0,-0.0012124679701019936,0.0076998352966892725
2.5495510394927345,-1.0051467345362903,13.509864541386499,0.998,2.0747857142857145,2619.0,-0.0012395669537457188,0.009154210664366502
2.548311472538989,-1.0052351120664909,13.519018752050867,0.998,2.073571428571429,2620.0,-0.0012395669537457188,0.009154210664368279
2.5470719055852435,-1.0053234895966912,13.528172962715235,0.998,2.072357142857143,2621.0,-0.0012395669537452747,0.009154210664368279
2.545832338631498,-1.0054118671268917,13.537327173379602,0.998,2.071142857142857,2622.0,-0.0012395669537457188,0.009154210664366502
2.544592771677752,-1.0055002446570922,13.546481384043968,0.998,2.0699285714285716,2623.0,-0.0012395669537457188,0.009154210664366502
2.5433532047240064,-1.0055886221872927,13.555635594708336,0.998,2.068714285714286,2624.0,-0.0012395669537457188,0.009154210664368279
2.542113637770261,-1.005676999717493,13.564789805372705,0.998,2.0675,2625.0,-0.0012395669537452747,0.009154210664368279
2.5408740708165154,-1.0057653772476935,13.573944016037071,0.998,2.0662857142857143,2626.0,-0.0012395669537457188,0.009154210664366502
2.5396345038627697,-1.005853754777894,13.583098226701438,0.998,2.0650714285714287,2627.0,-0.0012395669537457188,0.009154210664366502
2.538394936909024,-1.0059421323080946,13.592252437365806,0.998,2.063857142857143,2628.0,-0.0012395669537457188,0.009154210664368279
2.5371553699552782,-1.0060305098382951,13.601406648030174,0.998,2.0626428571428574,2629.0,-0.0012395669537457188,0.009154210664368279
2.535915803001533,-1.0061188873684954,13.61056085869454,0.998,2.0614285714285714,2630.0,-0.0012395669537452747,0.009154210664366502
2.5346762360477872,-1.006207264898696,13.619715069358907,0.998,2.0602142857142858,2631.0,-0.0012395669537457188,0.009154210664366502
2.5334366690940415,-1.0062956424288965,13.628869280023276,0.998,2.059,2632.0,-0.0012395669537457188,0.009154210664368279
2.532164134825647,-1.0061961204720538,13.63536590014201,0.998,2.057714285714286,2633.0,-0.0012725342683945762,0.006496620118735308
2.5308916005572524,-1.0060965985152108,13.641862520260746,0.998,2.0564285714285715,2634.0,-0.0012725342683945762,0.006496620118735308
2.529619066288858,-1.0059970765583681,13.648359140379483,0.998,2.055142857142857,2635.0,-0.0012725342683945762,0.006496620118737084
2.5283465320204632,-1.0058975546015254,13.654855760498219,0.998,2.053857142857143,2636.0,-0.0012725342683945762,0.006496620118735308
2.5270739977520686,-1.0057980326446827,13.661352380616954,0.998,2.0525714285714285,2637.0,-0.0012725342683945762,0.006496620118735308
2.525801463483674,-1.0056985106878398,13.66784900073569,0.998,2.051285714285714,2638.0,-0.0012725342683945762,0.006496620118735308
2.5245289292152795,-1.005598988730997,13.674345620854426,0.998,2.05,2639.0,-0.0012725342683945762,0.006496620118737084
2.523256394946885,-1.0054994667741544,13.680842240973162,0.998,2.048714285714286,2640.0,-0.0012725342683945762,0.006496620118735308
2.5219838606784903,-1.0053999448173114,13.687338861091897,0.998,2.0474285714285716,2641.0,-0.0012725342683945762,0.006496620118735308
2.5207113264100958,-1.0053004228604687,13.693835481210632,0.998,2.0461428571428573,2642.0,-0.0012725342683945762,0.006496620118735308
2.519438792141701,-1.005200900903626,13.700332101329368,0.998,2.044857142857143,2643.0,-0.0012725342683945762,0.006496620118735308
2.5181662578733066,-1.0051013789467833,13.706828721448105,0.998,2.0435714285714286,2644.0,-0.0012725342683945762,0.006496620118737084
2.516893723604912,-1.0050018569899404,13.71332534156684,0.998,2.0422857142857143,2645.0,-0.0012725342683945762,0.006496620118735308
2.5156211893365175,-1.0049023350330977,13.719821961685575,0.998,2.041,2646.0,-0.0012725342683945762,0.006496620118735308
2.5143058651757526,-1.0050620606113712,13.728451245141311,0.998,2.0397142857142856,2647.0,-0.0013153241607648525,0.008629283455736214
2.5129905410149873,-1.0052217861896444,13.737080528597046,0.998,2.0384285714285713,2648.0,-0.0013153241607652966,0.008629283455734438
2.5116752168542225,-1.005381511767918,13.74570981205278,0.998,2.037142857142857,2649.0,-0.0013153241607648525,0.008629283455734438
2.5103598926934576,-1.0055412373461912,13.754339095508517,0.998,2.035857142857143,2650.0,-0.0013153241607648525,0.008629283455736214
2.5090445685326923,-1.0057009629244646,13.762968378964253,0.998,2.0345714285714287,2651.0,-0.0013153241607652966,0.008629283455736214
2.5077292443719275,-1.005860688502738,13.771597662419987,0.998,2.0332857142857144,2652.0,-0.0013153241607648525,0.008629283455734438
2.5064139202111626,-1.0060204140810114,13.780226945875722,0.998,2.032,2653.0,-0.0013153241607648525,0.008629283455734438
2.5050985960503973,-1.0061801396592849,13.788856229331458,0.998,2.0307142857142857,2654.0,-0.0013153241607652966,0.008629283455736214
2.5037832718896325,-1.0063398652375581,13.797485512787194,0.998,2.0294285714285714,2655.0,-0.0013153241607648525,0.008629283455736214
2.502467947728867,-1.0064995908158316,13.806114796242928,0.998,2.028142857142857,2656.0,-0.0013153241607652966,0.008629283455734438
2.5011526235681023,-1.0066593163941049,13.814744079698663,0.998,2.026857142857143,2657.0,-0.0013153241607648525,0.008629283455734438
2.4998372994073375,-1.0068190419723784,13.8233733631544,0.998,2.025571428571429,2658.0,-0.0013153241607648525,0.008629283455736214
2.498521975246572,-1.0069787675506516,13.832002646610135,0.998,2.0242857142857145,2659.0,-0.0013153241607652966,0.008629283455736214
2.4972066510858073,-1.0071384931289251,13.84063193006587,0.998,2.023,2660.0,-0.0013153241607648525,0.008629283455734438
2.4958104317860266,-1.0070051865029706,13.846157909319174,0.998,2.021642857142857,2661.0,-0.0013962192997807321,0.005525979253304669
2.494414212486246,-1.0068718798770158,13.851683888572481,0.998,2.0202857142857145,2662.0,-0.0013962192997807321,0.005525979253306446
2.4930179931864647,-1.0067385732510612,13.857209867825787,0.998,2.0189285714285714,2663.0,-0.0013962192997811762,0.005525979253306446
2.491621773886684,-1.0066052666251066,13.862735847079092,0.998,2.017571428571429,2664.0,-0.0013962192997807321,0.005525979253304669
2.490225554586903,-1.0064719599991518,13.868261826332397,0.998,2.0162142857142857,2665.0,-0.0013962192997807321,0.005525979253304669
2.4888293352871225,-1.0063386533731973,13.873787805585703,0.998,2.014857142857143,2666.0,-0.0013962192997807321,0.005525979253306446
2.4874331159873413,-1.0062053467472425,13.87931378483901,0.998,2.0135,2667.0,-0.0013962192997811762,0.005525979253306446
2.4860368966875606,-1.006072040121288,13.884839764092314,0.998,2.012142857142857,2668.0,-0.0013962192997807321,0.005525979253304669
2.48464067738778,-1.0059387334953334,13.890365743345619,0.998,2.0107857142857144,2669.0,-0.0013962192997807321,0.005525979253304669
2.483244458087999,-1.0058054268693786,13.895891722598925,0.998,2.0094285714285713,2670.0,-0.0013962192997807321,0.005525979253306446
2.4818482387882184,-1.005672120243424,13.901417701852232,0.998,2.0080714285714287,2671.0,-0.0013962192997807321,0.005525979253306446
2.480452019488437,-1.0055388136174694,13.906943681105536,0.998,2.0067142857142857,2672.0,-0.0013962192997811762,0.005525979253304669
2.4790558001886565,-1.0054055069915147,13.912469660358841,0.998,2.005357142857143,2673.0,-0.0013962192997807321,0.005525979253304669
2.4776595808888757,-1.00527220036556,13.917995639612148,0.998,2.004,2674.0,-0.0013962192997807321,0.005525979253306446
2.4762702113173494,-1.0053176078579105,13.930357630702266,0.998,2.0025714285714287,2675.0,-0.0013893695715263554,0.012361991090118707
2.4748808417458235,-1.005363015350261,13.942719621792387,0.998,2.0011428571428573,2676.0,-0.0013893695715259113,0.012361991090120483
2.473491472174297,-1.0054084228426117,13.955081612882505,0.998,1.9997142857142858,2677.0,-0.0013893695715263554,0.012361991090118707
2.472102102602771,-1.005453830334962,13.967443603972624,0.998,1.9982857142857142,2678.0,-0.0013893695715259113,0.012361991090118707
2.470712733031245,-1.0054992378273124,13.979805595062743,0.998,1.9968571428571429,2679.0,-0.0013893695715263554,0.012361991090118707
2.469323363459719,-1.005544645319663,13.992167586152863,0.998,1.9954285714285713,2680.0,-0.0013893695715259113,0.012361991090120483
2.4679339938881926,-1.0055900528120136,14.004529577242982,0.998,1.994,2681.0,-0.0013893695715263554,0.012361991090118707
2.466544624316666,-1.005635460304364,14.0168915683331,0.998,1.9925714285714287,2682.0,-0.0013893695715263554,0.012361991090118707
2.4651552547451403,-1.0056808677967144,14.029253559423221,0.998,1.991142857142857,2683.0,-0.0013893695715259113,0.012361991090120483
2.463765885173614,-1.005726275289065,14.04161555051334,0.998,1.9897142857142858,2684.0,-0.0013893695715263554,0.012361991090118707
2.462376515602088,-1.0057716827814156,14.053977541603459,0.998,1.9882857142857142,2685.0,-0.0013893695715259113,0.012361991090118707
2.4609871460305617,-1.005817090273766,14.066339532693577,0.998,1.9868571428571429,2686.0,-0.0013893695715263554,0.012361991090118707
2.4595977764590358,-1.0058624977661164,14.078701523783698,0.998,1.9854285714285713,2687.0,-0.0013893695715259113,0.012361991090120483
2.4582084068875094,-1.005907905258467,14.091063514873817,0.998,1.984,2688.0,-0.0013893695715263554,0.012361991090118707
2.4567551609292884,-1.0058860272450898,14.098250581449024,0.998,1.9826428571428572,2689.0,-0.00145324595822105,0.0071870665752076235
2.4553019149710673,-1.0058641492317124,14.105437648024232,0.998,1.9812857142857143,2690.0,-0.00145324595822105,0.0071870665752076235
2.4538486690128467,-1.0058422712183352,14.11262471459944,0.998,1.9799285714285715,2691.0,-0.0014532459582206059,0.0071870665752076235
2.4523954230546257,-1.005820393204958,14.119811781174647,0.998,1.9785714285714286,2692.0,-0.00145324595822105,0.0071870665752076235
2.4509421770964046,-1.005798515191581,14.126998847749855,0.998,1.9772142857142858,2693.0,-0.00145324595822105,0.0071870665752076235
2.4494889311381836,-1.0057766371782035,14.134185914325062,0.998,1.975857142857143,2694.0,-0.00145324595822105,0.0071870665752076235
2.448035685179963,-1.0057547591648264,14.14137298090027,0.998,1.9745000000000001,2695.0,-0.0014532459582206059,0.0071870665752076235
2.446582439221742,-1.0057328811514492,14.148560047475478,0.998,1.973142857142857,2696.0,-0.00145324595822105,0.0071870665752076235
2.445129193263521,-1.0057110031380718,14.155747114050685,0.998,1.9717857142857143,2697.0,-0.00145324595822105,0.0071870665752076235
2.4436759473053,-1.0056891251246947,14.162934180625893,0.998,1.9704285714285714,2698.0,-0.00145324595822105,0.0071870665752076235
2.4422227013470788,-1.0056672471113175,14.1701212472011,0.998,1.9690714285714286,2699.0,-0.00145324595822105,0.0071870665752076235
2.440769455388858,-1.0056453690979403,14.177308313776308,0.998,1.9677142857142857,2700.0,-0.0014532459582206059,0.0071870665752076235
2.439316209430637,-1.005623491084563,14.184495380351516,0.998,1.966357142857143,2701.0,-0.00145324595822105,0.0071870665752076235
2.437862963472416,-1.0056016130711858,14.191682446926723,0.998,1.965,2702.0,-0.00145324595822105,0.0071870665752076235
2.4363644390689316,-1.0055674498012832,14.196780940074454,0.998,1.9635,2703.0,-0.0014985244034844136,0.00509849314773092
2.4348659146654468,-1.0055332865313804,14.201879433222185,0.998,1.962,2704.0,-0.0014985244034848577,0.00509849314773092
2.4333673902619624,-1.0054991232614778,14.206977926369916,0.998,1.9605000000000001,2705.0,-0.0014985244034844136,0.00509849314773092
2.431868865858478,-1.0054649599915753,14.212076419517647,0.998,1.959,2706.0,-0.0014985244034844136,0.00509849314773092
2.4303703414549935,-1.0054307967216725,14.217174912665378,0.998,1.9575,2707.0,-0.0014985244034844136,0.00509849314773092
2.4288718170515087,-1.0053966334517699,14.222273405813109,0.998,1.956,2708.0,-0.0014985244034848577,0.00509849314773092
2.4273732926480243,-1.005362470181867,14.22737189896084,0.998,1.9545,2709.0,-0.0014985244034844136,0.00509849314773092
2.42587476824454,-1.0053283069119645,14.232470392108572,0.998,1.953,2710.0,-0.0014985244034844136,0.005098493147732697
2.424376243841055,-1.005294143642062,14.237568885256303,0.998,1.9515,2711.0,-0.0014985244034848577,0.00509849314773092
2.4228777194375706,-1.0052599803721591,14.242667378404034,0.998,1.95,2712.0,-0.0014985244034844136,0.00509849314773092
2.421379195034086,-1.0052258171022566,14.247765871551765,0.998,1.9485,2713.0,-0.0014985244034844136,0.00509849314773092
2.4198806706306017,-1.005191653832354,14.252864364699496,0.998,1.947,2714.0,-0.0014985244034844136,0.00509849314773092
2.418382146227117,-1.0051574905624512,14.257962857847227,0.998,1.9455,2715.0,-0.0014985244034848577,0.00509849314773092
2.4168836218236325,-1.0051233272925486,14.263061350994958,0.998,1.944,2716.0,-0.0014985244034844136,0.00509849314773092
2.4153291565085087,-1.0052602113587823,14.272874777612662,0.998,1.9424285714285714,2717.0,-0.0015544653151238208,0.009813426617704124
2.4137746911933844,-1.0053970954250162,14.282688204230366,0.998,1.9408571428571428,2718.0,-0.0015544653151242649,0.009813426617704124
2.4122202258782606,-1.00553397949125,14.29250163084807,0.998,1.9392857142857143,2719.0,-0.0015544653151238208,0.009813426617704124
2.4106657605631368,-1.0056708635574836,14.302315057465774,0.998,1.9377142857142857,2720.0,-0.0015544653151238208,0.009813426617704124
2.409111295248013,-1.0058077476237175,14.312128484083479,0.998,1.9361428571428572,2721.0,-0.0015544653151238208,0.009813426617704124
2.4075568299328887,-1.0059446316899512,14.321941910701183,0.998,1.9345714285714286,2722.0,-0.0015544653151242649,0.009813426617704124
2.406002364617765,-1.006081515756185,14.331755337318887,0.998,1.933,2723.0,-0.0015544653151238208,0.009813426617704124
2.404447899302641,-1.0062183998224188,14.341568763936591,0.998,1.9314285714285713,2724.0,-0.0015544653151238208,0.009813426617704124
2.4028934339875168,-1.0063552838886525,14.351382190554295,0.998,1.9298571428571427,2725.0,-0.0015544653151242649,0.009813426617704124
2.401338968672393,-1.0064921679548864,14.361195617172,0.998,1.9282857142857142,2726.0,-0.0015544653151238208,0.009813426617704124
2.399784503357269,-1.00662905202112,14.371009043789703,0.998,1.9267142857142856,2727.0,-0.0015544653151238208,0.009813426617704124
2.3982300380421453,-1.0067659360873538,14.380822470407407,0.998,1.925142857142857,2728.0,-0.0015544653151238208,0.009813426617704124
2.396675572727021,-1.0069028201535877,14.390635897025112,0.998,1.9235714285714285,2729.0,-0.0015544653151242649,0.009813426617704124
2.395121107411897,-1.0070397042198214,14.400449323642816,0.998,1.922,2730.0,-0.0015544653151238208,0.009813426617704124
2.3935128269789483,-1.0067724691956055,14.409005054487542,0.998,1.9204285714285714,2731.0,-0.0016082804329489164,0.008555730844726384
2.3919045465459994,-1.0065052341713894,14.417560785332268,0.998,1.9188571428571428,2732.0,-0.0016082804329489164,0.008555730844726384
2.3902962661130505,-1.0062379991471735,14.426116516176995,0.998,1.9172857142857143,2733.0,-0.0016082804329489164,0.008555730844726384
2.388687985680101,-1.0059707641229574,14.434672247021723,0.998,1.9157142857142857,2734.0,-0.0016082804329493605,0.00855573084472816
2.387079705247152,-1.0057035290987415,14.44322797786645,0.998,1.9141428571428571,2735.0,-0.0016082804329489164,0.008555730844726384
2.3854714248142033,-1.0054362940745254,14.451783708711176,0.998,1.9125714285714286,2736.0,-0.0016082804329489164,0.008555730844726384
2.3838631443812544,-1.0051690590503095,14.460339439555902,0.998,1.911,2737.0,-0.0016082804329489164,0.008555730844726384
2.3822548639483054,-1.0049018240260936,14.468895170400629,0.998,1.9094285714285713,2738.0,-0.0016082804329489164,0.008555730844726384
2.3806465835153565,-1.0046345890018775,14.477450901245355,0.998,1.9078571428571427,2739.0,-0.0016082804329489164,0.008555730844726384
2.3790383030824076,-1.0043673539776616,14.486006632090081,0.998,1.9062857142857141,2740.0,-0.0016082804329489164,0.008555730844726384
2.3774300226494582,-1.0041001189534455,14.49456236293481,0.998,1.9047142857142856,2741.0,-0.0016082804329493605,0.00855573084472816
2.3758217422165093,-1.0038328839292296,14.503118093779536,0.998,1.903142857142857,2742.0,-0.0016082804329489164,0.008555730844726384
2.3742134617835604,-1.0035656489050135,14.511673824624262,0.998,1.9015714285714285,2743.0,-0.0016082804329489164,0.008555730844726384
2.3726051813506115,-1.0032984138807977,14.520229555468989,0.998,1.9,2744.0,-0.0016082804329489164,0.008555730844726384
2.370937003472556,-1.0034737636834705,14.533809834347887,0.998,1.8983571428571429,2745.0,-0.001668177878055399,0.0135802788788979
2.3692688255945002,-1.0036491134861434,14.547390113226784,0.998,1.8967142857142856,2746.0,-0.0016681778780558432,0.0135802788788979
2.3676006477164444,-1.0038244632888165,14.560970392105682,0.998,1.8950714285714285,2747.0,-0.0016681778780558432,0.0135802788788979
2.365932469838389,-1.0039998130914893,14.574550670984578,0.998,1.8934285714285715,2748.0,-0.001668177878055399,0.013580278878896124
2.3642642919603336,-1.0041751628941622,14.588130949863476,0.998,1.8917857142857142,2749.0,-0.001668177878055399,0.0135802788788979
2.3625961140822778,-1.004350512696835,14.601711228742374,0.998,1.8901428571428571,2750.0,-0.0016681778780558432,0.0135802788788979
2.360927936204222,-1.004525862499508,14.615291507621272,0.998,1.8884999999999998,2751.0,-0.0016681778780558432,0.0135802788788979
2.3592597583261665,-1.004701212302181,14.62887178650017,0.998,1.8868571428571428,2752.0,-0.001668177878055399,0.0135802788788979
2.357591580448111,-1.0048765621048539,14.642452065379068,0.998,1.8852142857142857,2753.0,-0.001668177878055399,0.0135802788788979
2.3559234025700553,-1.0050519119075267,14.656032344257966,0.998,1.8835714285714285,2754.0,-0.0016681778780558432,0.0135802788788979
2.3542552246919994,-1.0052272617101996,14.669612623136862,0.998,1.8819285714285714,2755.0,-0.0016681778780558432,0.013580278878896124
2.352587046813944,-1.0054026115128727,14.68319290201576,0.998,1.8802857142857143,2756.0,-0.001668177878055399,0.0135802788788979
2.3509188689358886,-1.0055779613155456,14.696773180894658,0.998,1.878642857142857,2757.0,-0.001668177878055399,0.0135802788788979
2.349250691057833,-1.0057533111182184,14.710353459773556,0.998,1.877,2758.0,-0.0016681778780558432,0.0135802788788979
2.347518659973957,-1.0057967557744085,14.717918974551527,0.998,1.8752857142857142,2759.0,-0.0017320310838759845,0.007565514777970961
2.345786628890081,-1.0058402004305986,14.725484489329496,0.998,1.8735714285714287,2760.0,-0.0017320310838759845,0.0075655147779691845
2.344054597806205,-1.0058836450867887,14.733050004107465,0.998,1.8718571428571429,2761.0,-0.0017320310838759845,0.0075655147779691845
2.342322566722329,-1.0059270897429788,14.740615518885436,0.998,1.870142857142857,2762.0,-0.0017320310838759845,0.007565514777970961
2.340590535638453,-1.005970534399169,14.748181033663407,0.998,1.8684285714285713,2763.0,-0.0017320310838759845,0.007565514777970961
2.338858504554577,-1.006013979055359,14.755746548441376,0.998,1.8667142857142858,2764.0,-0.0017320310838759845,0.0075655147779691845
2.337126473470701,-1.006057423711549,14.763312063219345,0.998,1.865,2765.0,-0.0017320310838759845,0.0075655147779691845
2.335394442386825,-1.006100868367739,14.770877577997316,0.998,1.8632857142857142,2766.0,-0.0017320310838759845,0.007565514777970961
2.333662411302949,-1.0061443130239291,14.778443092775287,0.998,1.8615714285714287,2767.0,-0.0017320310838759845,0.007565514777970961
2.331930380219073,-1.0061877576801193,14.786008607553256,0.998,1.8598571428571429,2768.0,-0.0017320310838759845,0.0075655147779691845
2.330198349135197,-1.0062312023363094,14.793574122331226,0.998,1.858142857142857,2769.0,-0.0017320310838759845,0.0075655147779691845
2.328466318051321,-1.0062746469924995,14.801139637109197,0.998,1.8564285714285713,2770.0,-0.0017320310838759845,0.007565514777970961
2.326734286967445,-1.0063180916486896,14.808705151887168,0.998,1.8547142857142858,2771.0,-0.0017320310838759845,0.007565514777970961
2.325002255883569,-1.0063615363048797,14.816270666665137,0.998,1.853,2772.0,-0.0017320310838759845,0.0075655147779691845
2.3232238725817553,-1.0063453849340103,14.822932953147367,0.998,1.8512142857142857,2773.0,-0.0017783833018136797,0.0066622864822303285
2.3214454892799417,-1.0063292335631409,14.829595239629596,0.998,1.8494285714285714,2774.0,-0.0017783833018136797,0.006662286482228552
2.3196671059781284,-1.0063130821922714,14.836257526111826,0.998,1.8476428571428571,2775.0,-0.0017783833018132356,0.0066622864822303285
2.3178887226763147,-1.0062969308214023,14.842919812594056,0.998,1.8458571428571429,2776.0,-0.0017783833018136797,0.0066622864822303285
2.316110339374501,-1.0062807794505328,14.849582099076287,0.998,1.8440714285714286,2777.0,-0.0017783833018136797,0.0066622864822303285
2.3143319560726874,-1.0062646280796634,14.856244385558515,0.998,1.8422857142857143,2778.0,-0.0017783833018136797,0.006662286482228552
2.312553572770874,-1.006248476708794,14.862906672040745,0.998,1.8405,2779.0,-0.0017783833018132356,0.0066622864822303285
2.3107751894690605,-1.0062323253379246,14.869568958522976,0.998,1.8387142857142857,2780.0,-0.0017783833018136797,0.0066622864822303285
2.308996806167247,-1.0062161739670552,14.876231245005204,0.998,1.8369285714285715,2781.0,-0.0017783833018136797,0.006662286482228552
2.307218422865433,-1.0062000225961858,14.882893531487435,0.998,1.8351428571428572,2782.0,-0.0017783833018136797,0.0066622864822303285
2.3054400395636194,-1.0061838712253166,14.889555817969665,0.998,1.833357142857143,2783.0,-0.0017783833018136797,0.0066622864822303285
2.303661656261806,-1.0061677198544472,14.896218104451895,0.998,1.8315714285714286,2784.0,-0.0017783833018132356,0.0066622864822303285
2.3018832729599925,-1.0061515684835778,14.902880390934124,0.998,1.8297857142857143,2785.0,-0.0017783833018136797,0.006662286482228552
2.300104889658179,-1.0061354171127084,14.909542677416354,0.998,1.828,2786.0,-0.0017783833018136797,0.0066622864822303285
2.298251579303244,-1.0060338799315147,14.918752118045994,0.998,1.8262142857142858,2787.0,-0.0018533103549347452,0.009209440629639687
2.29639826894831,-1.005932342750321,14.927961558675634,0.998,1.8244285714285715,2788.0,-0.001853310354934301,0.009209440629639687
2.294544958593375,-1.0058308055691274,14.937170999305273,0.998,1.8226428571428572,2789.0,-0.0018533103549347452,0.009209440629639687
2.2926916482384403,-1.0057292683879338,14.946380439934913,0.998,1.820857142857143,2790.0,-0.0018533103549347452,0.009209440629639687
2.2908383378835055,-1.00562773120674,14.955589880564553,0.998,1.8190714285714287,2791.0,-0.0018533103549347452,0.009209440629639687
2.2889850275285712,-1.0055261940255464,14.964799321194192,0.998,1.8172857142857144,2792.0,-0.001853310354934301,0.009209440629639687
2.2871317171736365,-1.0054246568443528,14.974008761823832,0.998,1.8155000000000001,2793.0,-0.0018533103549347452,0.009209440629639687
2.2852784068187018,-1.005323119663159,14.98321820245347,0.998,1.8137142857142856,2794.0,-0.0018533103549347452,0.00920944062963791
2.2834250964637675,-1.0052215824819652,14.99242764308311,0.998,1.8119285714285713,2795.0,-0.001853310354934301,0.009209440629639687
2.2815717861088327,-1.0051200453007716,15.00163708371275,0.998,1.810142857142857,2796.0,-0.0018533103549347452,0.009209440629639687
2.279718475753898,-1.005018508119578,15.010846524342389,0.998,1.8083571428571428,2797.0,-0.0018533103549347452,0.009209440629639687
2.277865165398963,-1.0049169709383843,15.020055964972029,0.998,1.8065714285714285,2798.0,-0.0018533103549347452,0.009209440629639687
2.276011855044029,-1.0048154337571906,15.029265405601668,0.998,1.8047857142857142,2799.0,-0.001853310354934301,0.009209440629639687
2.274158544689094,-1.004713896575997,15.038474846231308,0.998,1.803,2800.0,-0.0018533103549347452,0.009209440629639687
2.2722379606744743,-1.004801457006181,15.045263954972551,0.998,1.8010714285714284,2801.0,-0.0019205840146199193,0.006789108741243055
2.2703173766598543,-1.0048890174363647,15.052053063713796,0.998,1.7991428571428572,2802.0,-0.0019205840146199193,0.0067891087412448314
2.268396792645235,-1.0049765778665487,15.05884217245504,0.998,1.7972142857142857,2803.0,-0.0019205840146194753,0.0067891087412448314
2.266476208630615,-1.0050641382967327,15.065631281196284,0.998,1.7952857142857142,2804.0,-0.0019205840146199193,0.006789108741243055
2.264555624615995,-1.0051516987269165,15.072420389937527,0.998,1.7933571428571429,2805.0,-0.0019205840146199193,0.006789108741243055
2.262635040601375,-1.0052392591571004,15.079209498678772,0.998,1.7914285714285714,2806.0,-0.0019205840146199193,0.0067891087412448314
2.2607144565867556,-1.0053268195872844,15.085998607420017,0.998,1.7895,2807.0,-0.0019205840146194753,0.0067891087412448314
2.2587938725721357,-1.0054143800174682,15.09278771616126,0.998,1.7875714285714286,2808.0,-0.0019205840146199193,0.006789108741243055
2.256873288557516,-1.0055019404476522,15.099576824902503,0.998,1.785642857142857,2809.0,-0.0019205840146199193,0.006789108741243055
2.254952704542896,-1.005589500877836,15.106365933643747,0.998,1.7837142857142858,2810.0,-0.0019205840146199193,0.0067891087412448314
2.253032120528276,-1.00567706130802,15.113155042384992,0.998,1.7817857142857143,2811.0,-0.0019205840146199193,0.0067891087412448314
2.2511115365136565,-1.005764621738204,15.119944151126235,0.998,1.7798571428571428,2812.0,-0.0019205840146194753,0.006789108741243055
2.2491909524990366,-1.0058521821683877,15.126733259867478,0.998,1.7779285714285715,2813.0,-0.0019205840146199193,0.006789108741243055
2.2472703684844166,-1.0059397425985717,15.133522368608723,0.998,1.776,2814.0,-0.0019205840146199193,0.0067891087412448314
2.2452713911040845,-1.0058813209445743,15.14044877586198,0.998,1.7740714285714285,2815.0,-0.0019989773803321675,0.006926407253256883
2.2432724137237523,-1.005822899290577,15.147375183115237,0.998,1.7721428571428572,2816.0,-0.0019989773803321675,0.006926407253256883
2.24127343634342,-1.0057644776365797,15.154301590368494,0.998,1.7702142857142857,2817.0,-0.0019989773803321675,0.006926407253256883
2.2392744589630884,-1.0057060559825826,15.161227997621753,0.998,1.7682857142857142,2818.0,-0.0019989773803317235,0.00692640725325866
2.2372754815827562,-1.0056476343285852,15.16815440487501,0.998,1.766357142857143,2819.0,-0.0019989773803321675,0.006926407253256883
2.235276504202424,-1.005589212674588,15.175080812128266,0.998,1.7644285714285715,2820.0,-0.0019989773803321675,0.006926407253256883
2.233277526822092,-1.0055307910205906,15.182007219381523,0.998,1.7625000000000002,2821.0,-0.0019989773803321675,0.006926407253256883
2.2312785494417597,-1.0054723693665932,15.18893362663478,0.998,1.7605714285714287,2822.0,-0.0019989773803321675,0.006926407253256883
2.2292795720614276,-1.005413947712596,15.195860033888037,0.998,1.7586428571428572,2823.0,-0.0019989773803321675,0.006926407253256883
2.2272805946810954,-1.0053555260585987,15.202786441141294,0.998,1.756714285714286,2824.0,-0.0019989773803321675,0.006926407253256883
2.2252816173007637,-1.0052971044046015,15.209712848394553,0.998,1.7547857142857144,2825.0,-0.0019989773803317235,0.00692640725325866
2.2232826399204315,-1.0052386827506041,15.21663925564781,0.998,1.752857142857143,2826.0,-0.0019989773803321675,0.006926407253256883
2.2212836625400993,-1.005180261096607,15.223565662901066,0.998,1.7509285714285716,2827.0,-0.0019989773803321675,0.006926407253256883
2.219284685159767,-1.0051218394426096,15.230492070154323,0.998,1.749,2828.0,-0.0019989773803321675,0.006926407253256883
2.217232409952295,-1.005186023337684,15.245475310582632,0.998,1.7469285714285716,2829.0,-0.0020522752074723094,0.01498324042830923
2.2151801347448226,-1.005250207232758,15.26045855101094,0.998,1.7448571428571429,2830.0,-0.0020522752074723094,0.014983240428307454
2.2131278595373503,-1.0053143911278324,15.275441791439249,0.998,1.7427857142857144,2831.0,-0.0020522752074723094,0.01498324042830923
2.211075584329878,-1.0053785750229067,15.290425031867557,0.998,1.7407142857142859,2832.0,-0.0020522752074723094,0.014983240428307454
2.2090233091224056,-1.0054427589179808,15.305408272295866,0.998,1.7386428571428572,2833.0,-0.0020522752074723094,0.01498324042830923
2.2069710339149333,-1.0055069428130552,15.320391512724173,0.998,1.7365714285714287,2834.0,-0.0020522752074723094,0.014983240428307454
2.204918758707461,-1.0055711267081295,15.335374753152482,0.998,1.7345,2835.0,-0.0020522752074723094,0.01498324042830923
2.202866483499989,-1.0056353106032037,15.350357993580792,0.998,1.7324285714285714,2836.0,-0.0020522752074718653,0.01498324042830923
2.200814208292517,-1.005699494498278,15.3653412340091,0.998,1.730357142857143,2837.0,-0.0020522752074723094,0.014983240428307454
2.1987619330850445,-1.0057636783933521,15.380324474437408,0.998,1.7282857142857142,2838.0,-0.0020522752074723094,0.01498324042830923
2.196709657877572,-1.0058278622884265,15.395307714865716,0.998,1.7262142857142857,2839.0,-0.0020522752074723094,0.014983240428307454
2.1946573826701,-1.0058920461835008,15.410290955294025,0.998,1.7241428571428572,2840.0,-0.0020522752074723094,0.01498324042830923
2.1926051074626276,-1.005956230078575,15.425274195722332,0.998,1.7220714285714285,2841.0,-0.0020522752074723094,0.014983240428307454
2.1905528322551553,-1.0060204139736493,15.440257436150642,0.998,1.72,2842.0,-0.0020522752074723094,0.01498324042830923
2.1884338453447367,-1.0059322965334114,15.451369018353732,0.9979857142857143,1.7178571428571427,2843.0,-0.0021189869104185632,0.01111158220309072
2.1863148584343186,-1.0058441790931738,15.462480600556823,0.9979714285714286,1.7157142857142857,2844.0,-0.002118986910418119,0.01111158220309072
2.1841958715239,-1.005756061652936,15.473592182759912,0.9979571428571429,1.7135714285714285,2845.0,-0.0021189869104185632,0.011111582203088943
2.182076884613482,-1.0056679442126983,15.484703764963003,0.9979428571428571,1.7114285714285713,2846.0,-0.002118986910418119,0.01111158220309072
2.1799578977030634,-1.0055798267724605,15.495815347166094,0.9979285714285714,1.7092857142857143,2847.0,-0.0021189869104185632,0.01111158220309072
2.1778389107926452,-1.0054917093322229,15.506926929369184,0.9979142857142858,1.707142857142857,2848.0,-0.002118986910418119,0.01111158220309072
2.1757199238822267,-1.005403591891985,15.518038511572275,0.9979,1.705,2849.0,-0.0021189869104185632,0.01111158220309072
2.173600936971808,-1.0053154744517472,15.529150093775364,0.9978857142857143,1.7028571428571428,2850.0,-0.0021189869104185632,0.011111582203088943
2.17148195006139,-1.0052273570115096,15.540261675978455,0.9978714285714286,1.7007142857142856,2851.0,-0.002118986910418119,0.01111158220309072
2.1693629631509714,-1.0051392395712717,15.551373258181545,0.9978571428571429,1.6985714285714286,2852.0,-0.0021189869104185632,0.01111158220309072
2.1672439762405533,-1.005051122131034,15.562484840384636,0.9978428571428571,1.6964285714285714,2853.0,-0.002118986910418119,0.01111158220309072
2.1651249893301348,-1.0049630046907962,15.573596422587725,0.9978285714285714,1.6942857142857142,2854.0,-0.0021189869104185632,0.011111582203088943
2.1630060024197166,-1.0048748872505586,15.584708004790816,0.9978142857142858,1.6921428571428572,2855.0,-0.002118986910418119,0.01111158220309072
2.160887015509298,-1.0047867698103208,15.595819586993906,0.9978,1.69,2856.0,-0.0021189869104185632,0.01111158220309072
2.158701657778389,-1.0048522286208614,15.604871716368496,0.9978142857142858,1.6879285714285714,2857.0,-0.002185357730909221,0.009052129374589768
2.15651630004748,-1.0049176874314023,15.613923845743088,0.9978285714285714,1.6858571428571427,2858.0,-0.002185357730908777,0.009052129374591544
2.154330942316571,-1.004983146241943,15.62297597511768,0.9978428571428571,1.6837857142857142,2859.0,-0.002185357730909221,0.009052129374591544
2.1521455845856616,-1.0050486050524836,15.632028104492269,0.9978571428571429,1.6817142857142857,2860.0,-0.002185357730909221,0.009052129374589768
2.149960226854753,-1.0051140638630243,15.641080233866859,0.9978714285714286,1.6796428571428572,2861.0,-0.002185357730908777,0.009052129374589768
2.1477748691238436,-1.0051795226735651,15.65013236324145,0.9978857142857143,1.6775714285714285,2862.0,-0.002185357730909221,0.009052129374591544
2.145589511392935,-1.0052449814841058,15.659184492616042,0.9979,1.6755,2863.0,-0.002185357730908777,0.009052129374591544
2.1434041536620256,-1.0053104402946464,15.668236621990632,0.9979142857142858,1.6734285714285715,2864.0,-0.002185357730909221,0.009052129374589768
2.1412187959311164,-1.0053758991051873,15.677288751365221,0.9979285714285714,1.6713571428571428,2865.0,-0.002185357730909221,0.009052129374589768
2.1390334382002076,-1.005441357915728,15.686340880739813,0.9979428571428571,1.6692857142857143,2866.0,-0.002185357730908777,0.009052129374591544
2.1368480804692984,-1.0055068167262686,15.695393010114405,0.9979571428571429,1.6672142857142858,2867.0,-0.002185357730909221,0.009052129374591544
2.134662722738389,-1.0055722755368093,15.704445139488994,0.9979714285714286,1.6651428571428573,2868.0,-0.002185357730909221,0.009052129374589768
2.1324773650074804,-1.0056377343473502,15.713497268863584,0.9979857142857143,1.6630714285714285,2869.0,-0.002185357730908777,0.009052129374589768
2.130292007276571,-1.0057031931578908,15.722549398238176,0.998,1.661,2870.0,-0.002185357730909221,0.009052129374591544
2.128041847084089,-1.005714322540208,15.72777221562794,0.998,1.6587142857142858,2871.0,-0.0022501601924820314,0.0052228173897646
2.1257916868916067,-1.0057254519225256,15.732995033017707,0.998,1.6564285714285714,2872.0,-0.0022501601924824755,0.0052228173897663766
2.1235415266991247,-1.005736581304843,15.738217850407471,0.998,1.6541428571428571,2873.0,-0.0022501601924820314,0.0052228173897646
2.1212913665066426,-1.0057477106871604,15.743440667797238,0.998,1.651857142857143,2874.0,-0.0022501601924820314,0.0052228173897663766
2.11904120631416,-1.0057588400694777,15.748663485187002,0.998,1.6495714285714287,2875.0,-0.0022501601924824755,0.0052228173897646
2.116791046121678,-1.0057699694517952,15.753886302576769,0.998,1.6472857142857142,2876.0,-0.0022501601924820314,0.0052228173897663766
2.1145408859291956,-1.0057810988341125,15.759109119966533,0.998,1.645,2877.0,-0.0022501601924824755,0.0052228173897646
2.1122907257367136,-1.0057922282164298,15.764331937356298,0.998,1.6427142857142858,2878.0,-0.0022501601924820314,0.0052228173897646
2.1100405655442316,-1.0058033575987473,15.769554754746064,0.998,1.6404285714285713,2879.0,-0.0022501601924820314,0.0052228173897663766
2.107790405351749,-1.0058144869810646,15.774777572135829,0.998,1.6381428571428571,2880.0,-0.0022501601924824755,0.0052228173897646
2.105540245159267,-1.005825616363382,15.780000389525595,0.998,1.635857142857143,2881.0,-0.0022501601924820314,0.0052228173897663766
2.103290084966785,-1.0058367457456994,15.78522320691536,0.998,1.6335714285714287,2882.0,-0.0022501601924820314,0.0052228173897646
2.1010399247743026,-1.0058478751280169,15.790446024305126,0.998,1.6312857142857142,2883.0,-0.0022501601924824755,0.0052228173897663766
2.0987897645818205,-1.0058590045103342,15.79566884169489,0.998,1.629,2884.0,-0.0022501601924820314,0.0052228173897646
2.096494638902321,-1.0057356999690814,15.801401006670671,0.998,1.6267142857142858,2885.0,-0.00229512567949941,0.0057321649757806625
2.0941995132228217,-1.0056123954278284,15.807133171646452,0.998,1.6244285714285713,2886.0,-0.00229512567949941,0.0057321649757806625
2.0919043875433223,-1.0054890908865755,15.812865336622233,0.998,1.622142857142857,2887.0,-0.00229512567949941,0.0057321649757806625
2.0896092618638225,-1.0053657863453227,15.818597501598013,0.998,1.6198571428571429,2888.0,-0.0022951256794998542,0.0057321649757806625
2.087314136184323,-1.00524248180407,15.824329666573794,0.998,1.6175714285714287,2889.0,-0.00229512567949941,0.0057321649757806625
2.0850190105048236,-1.005119177262817,15.830061831549575,0.998,1.6152857142857142,2890.0,-0.00229512567949941,0.0057321649757806625
2.0827238848253242,-1.004995872721564,15.835793996525355,0.998,1.613,2891.0,-0.00229512567949941,0.0057321649757806625
2.080428759145825,-1.0048725681803112,15.841526161501136,0.998,1.6107142857142858,2892.0,-0.00229512567949941,0.0057321649757806625
2.0781336334663254,-1.0047492636390585,15.847258326476917,0.998,1.6084285714285713,2893.0,-0.00229512567949941,0.0057321649757806625
2.075838507786826,-1.0046259590978055,15.852990491452697,0.998,1.606142857142857,2894.0,-0.00229512567949941,0.0057321649757806625
2.073543382107326,-1.0045026545565525,15.858722656428478,0.998,1.6038571428571429,2895.0,-0.0022951256794998542,0.0057321649757806625
2.0712482564278267,-1.0043793500152998,15.864454821404259,0.998,1.6015714285714286,2896.0,-0.00229512567949941,0.0057321649757806625
2.0689531307483273,-1.004256045474047,15.87018698638004,0.998,1.5992857142857142,2897.0,-0.00229512567949941,0.0057321649757806625
2.066658005068828,-1.004132740932794,15.87591915135582,0.998,1.597,2898.0,-0.00229512567949941,0.0057321649757806625
2.0642814002368324,-1.004214443633563,15.892377004328752,0.998,1.5945714285714285,2899.0,-0.0023766048319955324,0.01645785297293223
2.0619047954048364,-1.0042961463343318,15.908834857301683,0.998,1.592142857142857,2900.0,-0.0023766048319959765,0.016457852972930453
2.0595281905728404,-1.0043778490351007,15.925292710274615,0.998,1.5897142857142856,2901.0,-0.0023766048319959765,0.01645785297293223
2.057151585740845,-1.0044595517358696,15.941750563247547,0.998,1.5872857142857142,2902.0,-0.0023766048319955324,0.01645785297293223
2.0547749809088494,-1.0045412544366386,15.95820841622048,0.998,1.5848571428571427,2903.0,-0.0023766048319955324,0.01645785297293223
2.0523983760768534,-1.0046229571374075,15.97466626919341,0.998,1.5824285714285713,2904.0,-0.0023766048319959765,0.016457852972930453
2.0500217712448574,-1.0047046598381764,15.991124122166342,0.998,1.58,2905.0,-0.0023766048319959765,0.01645785297293223
2.047645166412862,-1.004786362538945,16.007581975139274,0.998,1.5775714285714286,2906.0,-0.0023766048319955324,0.01645785297293223
2.0452685615808663,-1.004868065239714,16.024039828112205,0.998,1.5751428571428572,2907.0,-0.0023766048319955324,0.016457852972930453
2.0428919567488704,-1.0049497679404829,16.04049768108514,0.998,1.5727142857142857,2908.0,-0.0023766048319959765,0.016457852972934006
2.0405153519168744,-1.0050314706412518,16.05695553405807,0.998,1.5702857142857143,2909.0,-0.0023766048319959765,0.016457852972930453
2.038138747084879,-1.0051131733420207,16.073413387031,0.998,1.5678571428571428,2910.0,-0.0023766048319955324,0.016457852972930453
2.0357621422528833,-1.0051948760427896,16.089871240003934,0.998,1.5654285714285714,2911.0,-0.0023766048319955324,0.016457852972934006
2.0333855374208873,-1.0052765787435585,16.106329092976864,0.998,1.563,2912.0,-0.0023766048319959765,0.016457852972930453
2.0309553535882623,-1.0052719728135537,16.11471324715172,0.998,1.560642857142857,2913.0,-0.0024301838326250547,0.008384154174855496
2.028525169755637,-1.005267366883549,16.123097401326575,0.998,1.5582857142857143,2914.0,-0.0024301838326254988,0.008384154174855496
2.0260949859230117,-1.0052627609535445,16.13148155550143,0.998,1.5559285714285713,2915.0,-0.0024301838326250547,0.008384154174855496
2.0236648020903862,-1.0052581550235398,16.139865709676286,0.998,1.5535714285714286,2916.0,-0.0024301838326254988,0.008384154174855496
2.021234618257761,-1.005253549093535,16.14824986385114,0.998,1.5512142857142857,2917.0,-0.0024301838326250547,0.008384154174855496
2.0188044344251357,-1.0052489431635303,16.156634018025997,0.998,1.548857142857143,2918.0,-0.0024301838326254988,0.008384154174855496
2.0163742505925106,-1.0052443372335258,16.165018172200853,0.998,1.5465,2919.0,-0.0024301838326250547,0.008384154174855496
2.013944066759885,-1.005239731303521,16.173402326375708,0.998,1.544142857142857,2920.0,-0.0024301838326254988,0.008384154174855496
2.01151388292726,-1.0052351253735163,16.181786480550564,0.998,1.5417857142857143,2921.0,-0.0024301838326250547,0.008384154174855496
2.0090836990946346,-1.0052305194435116,16.19017063472542,0.998,1.5394285714285714,2922.0,-0.0024301838326254988,0.008384154174855496
2.0066535152620095,-1.0052259135135069,16.198554788900275,0.998,1.5370714285714286,2923.0,-0.0024301838326250547,0.008384154174855496
2.004223331429384,-1.0052213075835024,16.20693894307513,0.998,1.5347142857142857,2924.0,-0.0024301838326254988,0.008384154174855496
2.001793147596759,-1.0052167016534976,16.215323097249986,0.998,1.532357142857143,2925.0,-0.0024301838326250547,0.008384154174855496
1.9993629637641337,-1.005212095723493,16.22370725142484,0.998,1.53,2926.0,-0.0024301838326252767,0.008384154174855496
2.0626717107952808,-0.9335641641716732,16.232997483573886,0.9267428571428571,1.4207142857142858,2927.0,0.06330874703114708,0.009290232149044897
2.1259804578264276,-0.8619162326198535,16.24228771572293,0.8554857142857143,1.3114285714285714,2928.0,0.06330874703114686,0.009290232149044897
2.1892892048575745,-0.7902683010680338,16.251577947871976,0.7842285714285714,1.2021428571428572,2929.0,0.06330874703114686,0.009290232149044897
2.2525979518887214,-0.7186203695162141,16.260868180021017,0.7129714285714286,1.092857142857143,2930.0,0.06330874703114686,0.009290232149041344
2.3159066989198682,-0.6469724379643943,16.270158412170062,0.6417142857142857,0.9835714285714285,2931.0,0.06330874703114686,0.009290232149044897
2.379215445951015,-0.5753245064125746,16.279448644319107,0.5704571428571428,0.8742857142857143,2932.0,0.06330874703114686,0.009290232149044897
2.442524192982162,-0.5036765748607549,16.28873887646815,0.4991999999999999,0.765,2933.0,0.06330874703114686,0.009290232149044897
2.505832940013309,-0.4320286433089352,16.298029108617197,0.42794285714285707,0.6557142857142857,2934.0,0.06330874703114686,0.009290232149044897
2.5691416870444557,-0.3603807117571155,16.30731934076624,0.3566857142857142,0.5464285714285714,2935.0,0.06330874703114686,0.009290232149044897
2.6324504340756025,-0.2887327802052958,16.316609572915286,0.28542857142857136,0.4371428571428571,2936.0,0.06330874703114686,0.009290232149044897
2.6957591811067494,-0.21708484865347605,16.325899805064328,0.21417142857142846,0.32785714285714285,2937.0,0.06330874703114686,0.009290232149041344
2.7590679281378963,-0.14543691710165635,16.335190037213373,0.1429142857142856,0.21857142857142853,2938.0,0.06330874703114686,0.009290232149044897
2.822376675169043,-0.07378898554983664,16.344480269362418,0.07165714285714274,0.10928571428571424,2939.0,0.06330874703114686,0.009290232149044897
2.88568542220019,-0.0021410539980168,16.353770501511462,0.0004,0.0,2940.0,0.06330874703114686,0.009290232149044897
2.9053255259523136,-0.002011757889918414,16.340269454710423,0.0003857142857142857,0.0,2941.0,0.01964010375212366,-0.013501046801039251
2.9249656297044373,-0.0018824617818200284,16.326768407909384,0.00037142857142857143,0.0,2942.0,0.01964010375212366,-0.013501046801039251
2.944605733456561,-0.0017531656737216428,16.313267361108345,0.00035714285714285714,0.0,2943.0,0.01964010375212366,-0.013501046801039251
2.9642458372086846,-0.001623869565623257,16.299766314307305,0.00034285714285714285,0.0,2944.0,0.01964010375212366,-0.013501046801039251
2.9838859409608083,-0.0014945734575248712,16.286265267506266,0.00032857142857142856,0.0,2945.0,0.01964010375212366,-0.013501046801039251
3.003526044712932,-0.0013652773494264856,16.272764220705227,0.0003142857142857143,0.0,2946.0,0.01964010375212366,-0.013501046801039251
3.0231661484650556,-0.0012359812413281,16.259263173904188,0.00030000000000000003,0.0,2947.0,0.01964010375212366,-0.013501046801039251
3.0428062522171797,-0.0011066851332297142,16.24576212710315,0.00028571428571428574,0.0,2948.0,0.019640103752124105,-0.013501046801039251
3.0624463559693034,-0.0009773890251313284,16.23226108030211,0.00027142857142857144,0.0,2949.0,0.01964010375212366,-0.013501046801039251
3.082086459721427,-0.0008480929170329428,16.21876003350107,0.00025714285714285715,0.0,2950.0,0.01964010375212366,-0.013501046801039251
3.1017265634735507,-0.0007187968089345571,16.20525898670003,0.00024285714285714286,0.0,2951.0,0.01964010375212366,-0.013501046801039251
3.1213666672256744,-0.0005895007008361714,16.19175793989899,0.00022857142857142857,0.0,2952.0,0.01964010375212366,-0.013501046801039251
3.141006770977798,-0.0004602045927377857,16.178256893097952,0.00021428571428571427,0.0,2953.0,0.01964010375212366,-0.013501046801039251
3.1606468747299217,-0.0003309084846394,16.164755846296913,0.0002,0.0,2954.0,0.01964010375212366,-0.013501046801039251
3.1667941231399976,-0.0004126645109131866,16.153997459159736,0.0002,0.0,2955.0,0.006147248410075967,-0.010758387137176584
3.172941371550073,-0.0004944205371869733,16.143239072022556,0.0002,0.0,2956.0,0.006147248410075523,-0.010758387137180137
3.179088619960149,-0.00057617656346076,16.13248068488538,0.0002,0.0,2957.0,0.006147248410075967,-0.010758387137176584
3.1852358683702247,-0.0006579325897345466,16.121722297748203,0.0002,0.0,2958.0,0.006147248410075523,-0.010758387137176584
3.1913831167803006,-0.0007396886160083333,16.110963910611027,0.0002,0.0,2959.0,0.006147248410075967,-0.010758387137176584
3.1975303651903766,-0.00082144464228212,16.100205523473846,0.0002,0.0,2960.0,0.006147248410075967,-0.010758387137180137
3.203677613600452,-0.0009032006685559067,16.08944713633667,0.0002,0.0,2961.0,0.006147248410075523,-0.010758387137176584
3.209824862010528,-0.0009849566948296933,16.078688749199493,0.0002,0.0,2962.0,0.006147248410075967,-0.010758387137176584
3.2159721104206036,-0.00106671272110348,16.067930362062317,0.0002,0.0,2963.0,0.006147248410075523,-0.010758387137176584
3.2221193588306796,-0.0011484687473772666,16.057171974925136,0.0002,0.0,2964.0,0.006147248410075967,-0.010758387137180137
3.2282666072407555,-0.0012302247736510532,16.04641358778796,0.0002,0.0,2965.0,0.006147248410075967,-0.010758387137176584
3.234413855650831,-0.0013119807999248398,16.035655200650783,0.0002,0.0,2966.0,0.006147248410075523,-0.010758387137176584
3.240561104060907,-0.0013937368261986267,16.024896813513607,0.0002,0.0,2967.0,0.006147248410075967,-0.010758387137176584
3.2467083524709826,-0.0014754928524724133,16.014138426376427,0.0002,0.0,2968.0,0.006147248410075523,-0.010758387137180137
3.2528556008810585,-0.0015572488787462,16.00338003923925,0.0002,0.0,2969.0,0.006147248410075967,-0.010758387137176584
3.2570768856914487,-0.0015206259683602642,15.990961097434091,0.0002,0.0,2970.0,0.004221284810390191,-0.012418941805158568
3.2612981705018393,-0.0014840030579743285,15.978542155628933,0.0002,0.0,2971.0,0.004221284810390635,-0.012418941805158568
3.2655194553122295,-0.0014473801475883927,15.966123213823776,0.0002,0.0,2972.0,0.004221284810390191,-0.012418941805156791
3.2697407401226197,-0.0014107572372024572,15.953704272018618,0.0002,0.0,2973.0,0.004221284810390191,-0.012418941805158568
3.2739620249330104,-0.0013741343268165215,15.941285330213459,0.0002,0.0,2974.0,0.004221284810390635,-0.012418941805158568
3.2781833097434006,-0.0013375114164305858,15.9288663884083,0.0002,0.0,2975.0,0.004221284810390191,-0.012418941805158568
3.282404594553791,-0.00130088850604465,15.916447446603142,0.0002,0.0,2976.0,0.004221284810390635,-0.012418941805158568
3.2866258793641814,-0.0012642655956587143,15.904028504797985,0.0002,0.0,2977.0,0.004221284810390191,-0.012418941805156791
3.2908471641745716,-0.0012276426852727786,15.891609562992826,0.0002,0.0,2978.0,0.004221284810390191,-0.012418941805158568
3.295068448984962,-0.001191019774886843,15.879190621187668,0.0002,0.0,2979.0,0.004221284810390635,-0.012418941805158568
3.2992897337953524,-0.0011543968645009073,15.86677167938251,0.0002,0.0,2980.0,0.004221284810390191,-0.012418941805158568
3.3035110186057426,-0.0011177739541149716,15.854352737577353,0.0002,0.0,2981.0,0.004221284810390191,-0.012418941805156791
3.3077323034161332,-0.0010811510437290358,15.841933795772194,0.0002,0.0,2982.0,0.004221284810390635,-0.012418941805158568
3.3119535882265234,-0.0010445281333431,15.829514853967035,0.0002,0.0,2983.0,0.004221284810390191,-0.012418941805158568
3.315099344337304,-0.00108351111920745,15.81380268336983,0.0002142857142857143,0.0,2984.0,0.0031457561107806065,-0.015712170597204533
3.3182451004480846,-0.0011224941050718001,15.798090512772626,0.0002285714285714286,0.0,2985.0,0.0031457561107806065,-0.015712170597204533
3.3213908565588652,-0.00116147709093615,15.782378342175422,0.00024285714285714286,0.0,2986.0,0.0031457561107806065,-0.015712170597204533
3.3245366126696454,-0.0012004600768005,15.766666171578217,0.00025714285714285715,0.0,2987.0,0.0031457561107801624,-0.015712170597204533
3.327682368780426,-0.00123944306266485,15.750954000981013,0.00027142857142857144,0.0,2988.0,0.0031457561107806065,-0.015712170597204533
3.3308281248912066,-0.0012784260485292,15.735241830383808,0.00028571428571428574,0.0,2989.0,0.0031457561107806065,-0.015712170597204533
3.333973881001987,-0.00131740903439355,15.719529659786605,0.00030000000000000003,0.0,2990.0,0.0031457561107806065,-0.015712170597202757
3.337119637112768,-0.0013563920202579,15.703817489189401,0.0003142857142857143,0.0,2991.0,0.0031457561107806065,-0.015712170597204533
3.3402653932235484,-0.00139537500612225,15.688105318592196,0.0003285714285714286,0.0,2992.0,0.0031457561107806065,-0.015712170597204533
3.343411149334329,-0.0014343579919865999,15.672393147994992,0.0003428571428571429,0.0,2993.0,0.0031457561107806065,-0.015712170597204533
3.346556905445109,-0.00147334097785095,15.656680977397787,0.00035714285714285714,0.0,2994.0,0.0031457561107801624,-0.015712170597204533
3.34970266155589,-0.0015123239637153,15.640968806800583,0.00037142857142857143,0.0,2995.0,0.0031457561107806065,-0.015712170597204533
3.3528484176666704,-0.0015513069495796498,15.625256636203378,0.0003857142857142857,0.0,2996.0,0.0031457561107806065,-0.015712170597204533
3.355994173777451,-0.001590289935444,15.609544465606174,0.0004,0.0,2997.0,0.0031457561107806065,-0.015712170597204533
3.3584642617504423,-0.0015581483045239714,15.593462368008149,0.0004,0.0,2998.0,0.0024700879729913083,-0.016082097598024703
3.360934349723434,-0.001526006673603943,15.577380270410123,0.0004,0.0,2999.0,0.0024700879729917524,-0.01608209759802648
3.363404437696426,-0.0014938650426839144,15.561298172812098,0.0004,0.0,3000.0,0.0024700879729917524,-0.016082097598024703
3.365874525669417,-0.0014617234117638856,15.545216075214073,0.0004,0.0,3001.0,0.0024700879729913083,-0.016082097598024703
3.3683446136424084,-0.001429581780843857,15.529133977616048,0.0004,0.0,3002.0,0.0024700879729913083,-0.016082097598024703
3.3708147016154,-0.0013974401499238286,15.513051880018022,0.0004,0.0,3003.0,0.0024700879729917524,-0.01608209759802648
3.373284789588392,-0.0013652985190038,15.496969782419997,0.0004,0.0,3004.0,0.0024700879729917524,-0.016082097598024703
3.3757548775613833,-0.0013331568880837715,15.480887684821973,0.0004,0.0,3005.0,0.0024700879729913083,-0.016082097598024703
3.3782249655343746,-0.001301015257163743,15.464805587223946,0.0004,0.0,3006.0,0.0024700879729913083,-0.01608209759802648
3.3806950535073663,-0.0012688736262437142,15.448723489625921,0.0004,0.0,3007.0,0.0024700879729917524,-0.016082097598024703
3.383165141480358,-0.0012367319953236857,15.432641392027897,0.0004,0.0,3008.0,0.0024700879729917524,-0.016082097598024703
3.3856352294533494,-0.0012045903644036572,15.416559294429872,0.0004,0.0,3009.0,0.0024700879729913083,-0.016082097598024703
3.3881053174263407,-0.0011724487334836286,15.400477196831845,0.0004,0.0,3010.0,0.0024700879729913083,-0.01608209759802648
3.3905754053993324,-0.0011403071025636,15.38439509923382,0.0004,0.0,3011.0,0.0024700879729917524,-0.016082097598024703
3.3925901122124045,-0.0011490800882654286,15.369876183410112,0.0003857142857142857,0.0,3012.0,0.0020147068130720314,-0.014518915823709122
3.3946048190254765,-0.0011578530739672572,15.355357267586403,0.00037142857142857143,0.0,3013.0,0.0020147068130720314,-0.014518915823709122
3.396619525838548,-0.0011666260596690857,15.340838351762693,0.00035714285714285714,0.0,3014.0,0.0020147068130715873,-0.014518915823709122
3.39863423265162,-0.0011753990453709144,15.326319435938984,0.00034285714285714285,0.0,3015.0,0.0020147068130720314,-0.014518915823709122
3.400648939464692,-0.001184172031072743,15.311800520115275,0.00032857142857142856,0.0,3016.0,0.0020147068130720314,-0.014518915823709122
3.402663646277764,-0.0011929450167745715,15.297281604291566,0.0003142857142857143,0.0,3017.0,0.0020147068130720314,-0.014518915823709122
3.404678353090836,-0.0012017180024764,15.282762688467857,0.00030000000000000003,0.0,3018.0,0.0020147068130720314,-0.014518915823709122
3.406693059903908,-0.0012104909881782285,15.268243772644146,0.00028571428571428574,0.0,3019.0,0.0020147068130715873,-0.014518915823710898
3.40870776671698,-0.001219263973880057,15.253724856820437,0.00027142857142857144,0.0,3020.0,0.0020147068130720314,-0.014518915823709122
3.410722473530052,-0.0012280369595818856,15.239205940996728,0.00025714285714285715,0.0,3021.0,0.0020147068130720314,-0.014518915823709122
3.412737180343124,-0.0012368099452837143,15.224687025173019,0.00024285714285714286,0.0,3022.0,0.0020147068130720314,-0.014518915823709122
3.4147518871561955,-0.0012455829309855429,15.21016810934931,0.00022857142857142857,0.0,3023.0,0.0020147068130715873,-0.014518915823709122
3.4167665939692675,-0.0012543559166873714,15.1956491935256,0.00021428571428571427,0.0,3024.0,0.0020147068130720314,-0.014518915823709122
3.4187813007823395,-0.0012631289023892,15.181130277701891,0.0002,0.0,3025.0,0.0020147068130720314,-0.014518915823709122
3.420492888906169,-0.0011737184269245745,15.164179997936078,0.0002,0.0,3026.0,0.0017115881238294328,-0.016950279765813647
3.422204477029999,-0.0010843079514599493,15.147229718170262,0.0002,0.0,3027.0,0.001711588123829877,-0.016950279765815424
3.4239160651538283,-0.000994897475995324,15.130279438404449,0.0002,0.0,3028.0,0.0017115881238294328,-0.016950279765813647
3.4256276532776577,-0.0009054870005306987,15.113329158638633,0.0002,0.0,3029.0,0.0017115881238294328,-0.016950279765815424
3.4273392414014876,-0.0008160765250660733,15.09637887887282,0.0002,0.0,3030.0,0.001711588123829877,-0.016950279765813647
3.429050829525317,-0.000726666049601448,15.079428599107004,0.0002,0.0,3031.0,0.0017115881238294328,-0.016950279765815424
3.4307624176491465,-0.0006372555741368227,15.06247831934119,0.0002,0.0,3032.0,0.0017115881238294328,-0.016950279765813647
3.4324740057729763,-0.0005478450986721974,15.045528039575377,0.0002,0.0,3033.0,0.001711588123829877,-0.016950279765813647
3.4341855938968058,-0.0004584346232075721,15.028577759809561,0.0002,0.0,3034.0,0.0017115881238294328,-0.016950279765815424
3.4358971820206357,-0.0003690241477429468,15.011627480043748,0.0002,0.0,3035.0,0.001711588123829877,-0.016950279765813647
3.437608770144465,-0.00027961367227832145,14.994677200277932,0.0002,0.0,3036.0,0.0017115881238294328,-0.016950279765815424
3.4393203582682945,-0.00019020319681369615,14.977726920512119,0.0002,0.0,3037.0,0.0017115881238294328,-0.016950279765813647
3.4410319463921244,-0.00010079272134907084,14.960776640746303,0.0002,0.0,3038.0,0.001711588123829877,-0.016950279765815424
3.442743534515954,-1.1382245884445495e-05,14.94382636098049,0.0002,0.0,3039.0,0.0017115881238294328,-0.016950279765813647
3.444204862153468,-0.00013435527192010653,14.932061163607257,0.0002142857142857143,0.0,3040.0,0.0014613276375143869,-0.011765197373232894
3.445666189790982,-0.00025732829795576756,14.920295966234026,0.0002285714285714286,0.0,3041.0,0.0014613276375139428,-0.011765197373231118
3.4471275174284965,-0.00038030132399142856,14.908530768860793,0.00024285714285714286,0.0,3042.0,0.0014613276375143869,-0.011765197373232894
3.448588845066011,-0.0005032743500270896,14.896765571487562,0.00025714285714285715,0.0,3043.0,0.0014613276375143869,-0.011765197373231118
3.450050172703525,-0.0006262473760627506,14.885000374114329,0.00027142857142857144,0.0,3044.0,0.0014613276375139428,-0.011765197373232894
3.4515115003410393,-0.0007492204020984116,14.873235176741098,0.00028571428571428574,0.0,3045.0,0.0014613276375143869,-0.011765197373231118
3.4529728279785536,-0.0008721934281340727,14.861469979367865,0.00030000000000000003,0.0,3046.0,0.0014613276375143869,-0.011765197373232894
3.4544341556160676,-0.0009951664541697337,14.849704781994632,0.0003142857142857143,0.0,3047.0,0.0014613276375139428,-0.011765197373232894
3.455895483253582,-0.0011181394802053947,14.8379395846214,0.0003285714285714286,0.0,3048.0,0.0014613276375143869,-0.011765197373231118
3.457356810891096,-0.0012411125062410557,14.826174387248168,0.0003428571428571429,0.0,3049.0,0.0014613276375139428,-0.011765197373232894
3.4588181385286103,-0.0013640855322767168,14.814409189874937,0.00035714285714285714,0.0,3050.0,0.0014613276375143869,-0.011765197373231118
3.4602794661661247,-0.0014870585583123778,14.802643992501704,0.00037142857142857143,0.0,3051.0,0.0014613276375143869,-0.011765197373232894
3.4617407938036386,-0.001610031584348039,14.790878795128473,0.0003857142857142857,0.0,3052.0,0.0014613276375139428,-0.011765197373231118
3.463202121441153,-0.0017330046103837,14.77911359775524,0.0004,0.0,3053.0,0.0014613276375143869,-0.011765197373232894
3.464399906475414,-0.0017053658137273467,14.76345047641172,0.0004,0.0,3054.0,0.0011977850342610452,-0.015663121343520103
3.465597691509675,-0.0016777270170709932,14.747787355068201,0.0004,0.0,3055.0,0.0011977850342610452,-0.015663121343518327
3.466795476543936,-0.00165008822041464,14.732124233724681,0.0004,0.0,3056.0,0.0011977850342610452,-0.015663121343520103
3.467993261578197,-0.0016224494237582867,14.716461112381163,0.0004,0.0,3057.0,0.0011977850342610452,-0.015663121343518327
3.4691910466124583,-0.0015948106271019334,14.700797991037643,0.0004,0.0,3058.0,0.0011977850342610452,-0.015663121343520103
3.4703888316467193,-0.00156717183044558,14.685134869694123,0.0004,0.0,3059.0,0.0011977850342610452,-0.015663121343520103
3.4715866166809803,-0.0015395330337892267,14.669471748350604,0.0004,0.0,3060.0,0.0011977850342610452,-0.015663121343518327
3.472784401715241,-0.0015118942371328734,14.653808627007084,0.0004,0.0,3061.0,0.0011977850342606011,-0.015663121343520103
3.473982186749502,-0.0014842554404765201,14.638145505663566,0.0004,0.0,3062.0,0.0011977850342610452,-0.015663121343518327
3.475179971783763,-0.0014566166438201667,14.622482384320046,0.0004,0.0,3063.0,0.0011977850342610452,-0.015663121343520103
3.476377756818024,-0.0014289778471638134,14.606819262976526,0.0004,0.0,3064.0,0.0011977850342610452,-0.015663121343520103
3.477575541852285,-0.0014013390505074601,14.591156141633007,0.0004,0.0,3065.0,0.0011977850342610452,-0.015663121343518327
3.478773326886546,-0.0013737002538511069,14.575493020289487,0.0004,0.0,3066.0,0.0011977850342610452,-0.015663121343520103
3.479971111920807,-0.0013460614571947534,14.559829898945969,0.0004,0.0,3067.0,0.0011977850342610452,-0.015663121343518327
3.4811688969550683,-0.0013184226605384,14.544166777602449,0.0004,0.0,3068.0,0.0011977850342610452,-0.015663121343520103
3.482303299232428,-0.0013627216722571357,14.53038718909025,0.0003857142857142857,0.0,3069.0,0.0011344022773598361,-0.013779588512198515
3.4834377015097884,-0.0014070206839758715,14.516607600578054,0.00037142857142857143,0.0,3070.0,0.0011344022773602802,-0.013779588512196739
3.484572103787148,-0.0014513196956946074,14.502828012065855,0.00035714285714285714,0.0,3071.0,0.0011344022773598361,-0.013779588512198515
3.485706506064508,-0.001495618707413343,14.489048423553657,0.00034285714285714285,0.0,3072.0,0.0011344022773598361,-0.013779588512198515
3.486840908341868,-0.0015399177191320786,14.47526883504146,0.00032857142857142856,0.0,3073.0,0.0011344022773598361,-0.013779588512196739
3.487975310619228,-0.0015842167308508144,14.461489246529261,0.0003142857142857143,0.0,3074.0,0.0011344022773602802,-0.013779588512198515
3.489109712896588,-0.0016285157425695502,14.447709658017065,0.00030000000000000003,0.0,3075.0,0.0011344022773598361,-0.013779588512196739
3.490244115173948,-0.0016728147542882858,14.433930069504866,0.00028571428571428574,0.0,3076.0,0.0011344022773598361,-0.013779588512198515
3.491378517451308,-0.0017171137660070214,14.420150480992667,0.00027142857142857144,0.0,3077.0,0.0011344022773602802,-0.013779588512198515
3.492512919728668,-0.0017614127777257572,14.40637089248047,0.00025714285714285715,0.0,3078.0,0.0011344022773598361,-0.013779588512196739
3.493647322006028,-0.001805711789444493,14.392591303968272,0.00024285714285714286,0.0,3079.0,0.0011344022773598361,-0.013779588512198515
3.4947817242833876,-0.0018500108011632287,14.378811715456074,0.00022857142857142857,0.0,3080.0,0.0011344022773598361,-0.013779588512198515
3.495916126560748,-0.0018943098128819643,14.365032126943877,0.00021428571428571427,0.0,3081.0,0.0011344022773602802,-0.013779588512196739
3.4970505288381077,-0.0019386088246007,14.351252538431678,0.0002,0.0,3082.0,0.0011344022773598361,-0.013779588512198515
3.498056788413716,-0.0019163938876907215,14.336764123116653,0.0002142857142857143,0.0,3083.0,0.0010062595756084036,-0.014488415315025094
3.499063047989325,-0.001894178950780743,14.322275707801628,0.0002285714285714286,0.0,3084.0,0.0010062595756088477,-0.014488415315025094
3.5000693075649334,-0.0018719640138707644,14.307787292486603,0.00024285714285714286,0.0,3085.0,0.0010062595756084036,-0.014488415315025094
3.501075567140542,-0.0018497490769607858,14.293298877171578,0.00025714285714285715,0.0,3086.0,0.0010062595756084036,-0.014488415315025094
3.5020818267161506,-0.0018275341400508071,14.278810461856553,0.00027142857142857144,0.0,3087.0,0.0010062595756088477,-0.014488415315025094
3.503088086291759,-0.0018053192031408287,14.264322046541528,0.00028571428571428574,0.0,3088.0,0.0010062595756084036,-0.014488415315025094
3.5040943458673675,-0.00178310426623085,14.249833631226503,0.00030000000000000003,0.0,3089.0,0.0010062595756084036,-0.014488415315025094
3.5051006054429763,-0.0017608893293208714,14.235345215911478,0.0003142857142857143,0.0,3090.0,0.0010062595756088477,-0.014488415315025094
3.5061068650185847,-0.001738674392410893,14.220856800596453,0.0003285714285714286,0.0,3091.0,0.0010062595756084036,-0.014488415315025094
3.5071131245941936,-0.0017164594555009144,14.206368385281428,0.0003428571428571429,0.0,3092.0,0.0010062595756088477,-0.014488415315025094
3.508119384169802,-0.0016942445185909357,14.191879969966402,0.00035714285714285714,0.0,3093.0,0.0010062595756084036,-0.014488415315025094
3.5091256437454104,-0.001672029581680957,14.177391554651377,0.00037142857142857143,0.0,3094.0,0.0010062595756084036,-0.014488415315025094
3.510131903321019,-0.0016498146447709787,14.162903139336352,0.0003857142857142857,0.0,3095.0,0.0010062595756088477,-0.014488415315025094
3.5111381628966276,-0.001627599707861,14.148414724021327,0.0004,0.0,3096.0,0.0010062595756084036,-0.014488415315025094
3.5120437055967986,-0.0016139956634730857,14.13437396035708,0.0003857142857142857,0.0,3097.0,0.0009055427001709582,-0.01404076366424789
3.51294924829697,-0.0016003916190851714,14.120333196692831,0.00037142857142857143,0.0,3098.0,0.0009055427001714023,-0.01404076366424789
3.513854790997141,-0.001586787574697257,14.106292433028585,0.00035714285714285714,0.0,3099.0,0.0009055427001709582,-0.014040763664246114
3.5147603336973123,-0.0015731835303093428,14.092251669364337,0.00034285714285714285,0.0,3100.0,0.0009055427001714023,-0.01404076366424789
3.5156658763974833,-0.0015595794859214285,14.07821090570009,0.00032857142857142856,0.0,3101.0,0.0009055427001709582,-0.01404076366424789
3.5165714190976547,-0.0015459754415335142,14.064170142035842,0.0003142857142857143,0.0,3102.0,0.0009055427001714023,-0.01404076366424789
3.5174769617978257,-0.0015323713971455999,14.050129378371594,0.00030000000000000003,0.0,3103.0,0.0009055427001709582,-0.01404076366424789
3.5183825044979966,-0.0015187673527576858,14.036088614707348,0.00028571428571428574,0.0,3104.0,0.0009055427001709582,-0.014040763664246114
3.519288047198168,-0.0015051633083697715,14.0220478510431,0.00027142857142857144,0.0,3105.0,0.0009055427001714023,-0.01404076366424789
3.520193589898339,-0.0014915592639818571,14.008007087378852,0.00025714285714285715,0.0,3106.0,0.0009055427001709582,-0.01404076366424789
3.5210991325985104,-0.0014779552195939428,13.993966323714604,0.00024285714285714286,0.0,3107.0,0.0009055427001714023,-0.01404076366424789
3.5220046752986813,-0.0014643511752060285,13.979925560050358,0.00022857142857142857,0.0,3108.0,0.0009055427001709582,-0.014040763664246114
3.5229102179988527,-0.0014507471308181142,13.96588479638611,0.00021428571428571427,0.0,3109.0,0.0009055427001714023,-0.01404076366424789
3.5238157606990237,-0.0014371430864302,13.951844032721862,0.0002,0.0,3110.0,0.0009055427001709582,-0.01404076366424789
3.524627706466044,-0.0013944348280077927,13.936110656222679,0.0002142857142857143,0.0,3111.0,0.0008119457670203722,-0.01573337649918294
3.525439652233065,-0.0013517265695853857,13.920377279723496,0.0002285714285714286,0.0,3112.0,0.0008119457670208163,-0.01573337649918294
3.5262515980000853,-0.0013090183111629785,13.904643903224313,0.00024285714285714286,0.0,3113.0,0.0008119457670203722,-0.01573337649918294
3.5270635437671056,-0.0012663100527405713,13.88891052672513,0.00025714285714285715,0.0,3114.0,0.0008119457670203722,-0.01573337649918294
3.5278754895341264,-0.0012236017943181641,13.873177150225947,0.00027142857142857144,0.0,3115.0,0.0008119457670208163,-0.01573337649918294
3.528687435301147,-0.0011808935358957572,13.857443773726764,0.00028571428571428574,0.0,3116.0,0.0008119457670203722,-0.01573337649918294
3.5294993810681676,-0.00113818527747335,13.841710397227581,0.00030000000000000003,0.0,3117.0,0.0008119457670208163,-0.01573337649918294
3.530311326835188,-0.0010954770190509428,13.825977020728399,0.0003142857142857143,0.0,3118.0,0.0008119457670203722,-0.01573337649918294
3.5311232726022084,-0.0010527687606285358,13.810243644229216,0.0003285714285714286,0.0,3119.0,0.0008119457670203722,-0.01573337649918294
3.531935218369229,-0.0010100605022061286,13.794510267730033,0.0003428571428571429,0.0,3120.0,0.0008119457670208163,-0.01573337649918294
3.5327471641362496,-0.0009673522437837214,13.77877689123085,0.00035714285714285714,0.0,3121.0,0.0008119457670203722,-0.01573337649918294
3.53355910990327,-0.0009246439853613143,13.763043514731667,0.00037142857142857143,0.0,3122.0,0.0008119457670203722,-0.01573337649918294
3.5343710556702908,-0.0008819357269389071,13.747310138232484,0.0003857142857142857,0.0,3123.0,0.0008119457670208163,-0.01573337649918294
3.535183001437311,-0.0008392274685165,13.7315767617333,0.0004,0.0,3124.0,0.0008119457670203722,-0.01573337649918294
3.5359354432152226,-0.0009090746813863714,13.71513837929704,0.0004,0.0,3125.0,0.0007524417779114501,-0.01643838243626128
3.536687884993134,-0.0009789218942562428,13.69869999686078,0.0004,0.0,3126.0,0.0007524417779114501,-0.016438382436259502
3.5374403267710455,-0.0010487691071261144,13.682261614424519,0.0004,0.0,3127.0,0.0007524417779114501,-0.01643838243626128
3.538192768548957,-0.0011186163199959857,13.665823231988258,0.0004,0.0,3128.0,0.0007524417779114501,-0.01643838243626128
3.5389452103268684,-0.0011884635328658572,13.649384849551998,0.0004,0.0,3129.0,0.0007524417779114501,-0.016438382436259502
3.53969765210478,-0.0012583107457357285,13.632946467115737,0.0004,0.0,3130.0,0.0007524417779114501,-0.01643838243626128
3.540450093882691,-0.0013281579586056,13.616508084679477,0.0004,0.0,3131.0,0.000752441777911006,-0.016438382436259502
3.5412025356606023,-0.0013980051714754713,13.600069702243216,0.0004,0.0,3132.0,0.0007524417779114501,-0.01643838243626128
3.5419549774385137,-0.0014678523843453428,13.583631319806955,0.0004,0.0,3133.0,0.0007524417779114501,-0.01643838243626128
3.542707419216425,-0.0015376995972152144,13.567192937370695,0.0004,0.0,3134.0,0.0007524417779114501,-0.016438382436259502
3.5434598609943366,-0.0016075468100850857,13.550754554934434,0.0004,0.0,3135.0,0.0007524417779114501,-0.01643838243626128
3.544212302772248,-0.0016773940229549572,13.534316172498173,0.0004,0.0,3136.0,0.0007524417779114501,-0.01643838243626128
3.5449647445501595,-0.0017472412358248285,13.517877790061913,0.0004,0.0,3137.0,0.0007524417779114501,-0.016438382436259502
3.545717186328071,-0.0018170884486947,13.501439407625652,0.0004,0.0,3138.0,0.0007524417779114501,-0.01643838243626128
3.5463583914828685,-0.00165257699529416,13.469959975365958,0.00038666666666666667,0.0,3139.0,0.0006412051547974862,-0.03147943225969385
3.546999596637666,-0.00148806554189362,13.438480543106266,0.0003733333333333334,0.0,3140.0,0.0006412051547974862,-0.031479432259692075
3.547640801792463,-0.00132355408849308,13.407001110846572,0.00036,0.0,3141.0,0.0006412051547970421,-0.03147943225969385
3.5482820069472605,-0.00115904263509254,13.375521678586878,0.00034666666666666667,0.0,3142.0,0.0006412051547974862,-0.03147943225969385
3.548923212102058,-0.0009945311816919999,13.344042246327184,0.0003333333333333334,0.0,3143.0,0.0006412051547974862,-0.03147943225969385
3.5495644172568555,-0.0008300197282914599,13.312562814067492,0.00032,0.0,3144.0,0.0006412051547974862,-0.031479432259692075
3.550205622411653,-0.0006655082748909199,13.281083381807798,0.0003066666666666667,0.0,3145.0,0.0006412051547974862,-0.03147943225969385
3.55084682756645,-0.0005009968214903799,13.249603949548105,0.0002933333333333334,0.0,3146.0,0.0006412051547970421,-0.03147943225969385
3.5514880327212475,-0.00033648536808983994,13.21812451728841,0.00028000000000000003,0.0,3147.0,0.0006412051547974862,-0.03147943225969385
3.552129237876045,-0.0001719739146892999,13.186645085028719,0.0002666666666666667,0.0,3148.0,0.0006412051547974862,-0.031479432259692075
3.5527704430308424,-7.462461288759893e-06,13.155165652769025,0.00025333333333333333,0.0,3149.0,0.0006412051547974862,-0.03147943225969385
3.55341164818564,0.00015704899211178012,13.123686220509331,0.00024000000000000003,0.0,3150.0,0.0006412051547974862,-0.03147943225969385
3.554052853340437,0.0003215604455123201,13.092206788249637,0.00022666666666666668,0.0,3151.0,0.0006412051547970421,-0.03147943225969385
3.5546940584952345,0.00048607189891286014,13.060727355989945,0.00021333333333333336,0.0,3152.0,0.0006412051547974862,-0.031479432259692075
3.555335263650032,0.0006505833523134,13.029247923730251,0.0002,0.0,3153.0,0.0006412051547974862,-0.03147943225969385
3.555966303413171,0.00041460255589216425,12.996464675233616,0.0002,0.0,3154.0,0.0006310397631392739,-0.032783248496635053
3.556597343176311,0.00017862175947092848,12.96368142673698,0.0002,0.0,3155.0,0.000631039763139718,-0.03278324849663683
3.55722838293945,-5.735903695030725e-05,12.930898178240344,0.0002,0.0,3156.0,0.0006310397631392739,-0.032783248496635053
3.5578594227025895,-0.000293339833371543,12.89811492974371,0.0002,0.0,3157.0,0.0006310397631392739,-0.032783248496635053
3.558490462465729,-0.0005293206297927787,12.865331681247072,0.0002,0.0,3158.0,0.000631039763139718,-0.03278324849663683
3.5591215022288685,-0.0007653014262140145,12.832548432750437,0.0002,0.0,3159.0,0.0006310397631392739,-0.032783248496635053
3.559752541992008,-0.0010012822226352501,12.799765184253802,0.0002,0.0,3160.0,0.000631039763139718,-0.032783248496635053
3.5603835817551475,-0.001237263019056486,12.766981935757165,0.0002,0.0,3161.0,0.0006310397631392739,-0.03278324849663683
3.5610146215182867,-0.0014732438154777218,12.73419868726053,0.0002,0.0,3162.0,0.0006310397631392739,-0.032783248496635053
3.5616456612814265,-0.0017092246118989574,12.701415438763894,0.0002,0.0,3163.0,0.000631039763139718,-0.03278324849663683
3.5622767010445657,-0.0019452054083201932,12.668632190267259,0.0002,0.0,3164.0,0.0006310397631392739,-0.032783248496635053
3.562907740807705,-0.002181186204741429,12.635848941770623,0.0002,0.0,3165.0,0.0006310397631392739,-0.032783248496635053
3.5635387805708447,-0.0024171670011626646,12.603065693273987,0.0002,0.0,3166.0,0.000631039763139718,-0.03278324849663683
3.564169820333984,-0.0026531477975839,12.570282444777352,0.0002,0.0,3167.0,0.0006310397631392739,-0.032783248496635053
3.564756925017465,-0.002534475510784879,12.542922090275342,0.0002,0.0,3168.0,0.000587104683480888,-0.027360354502009798
3.565344029700946,-0.0024158032239858574,12.515561735773334,0.0002,0.0,3169.0,0.000587104683481332,-0.027360354502008022
3.565931134384427,-0.002297130937186836,12.488201381271324,0.0002,0.0,3170.0,0.000587104683480888,-0.027360354502009798
3.5665182390679084,-0.0021784586503878142,12.460841026769314,0.0002,0.0,3171.0,0.000587104683481332,-0.027360354502009798
3.5671053437513893,-0.002059786363588793,12.433480672267306,0.0002,0.0,3172.0,0.000587104683480888,-0.027360354502008022
3.5676924484348707,-0.0019411140767897715,12.406120317765296,0.0002,0.0,3173.0,0.000587104683481332,-0.027360354502009798
3.5682795531183515,-0.00182244178999075,12.378759963263288,0.0002,0.0,3174.0,0.000587104683480888,-0.027360354502008022
3.5688666578018324,-0.0017037695031917287,12.351399608761279,0.0002,0.0,3175.0,0.000587104683480888,-0.027360354502009798
3.5694537624853138,-0.001585097216392707,12.324039254259269,0.0002,0.0,3176.0,0.000587104683481332,-0.027360354502009798
3.5700408671687947,-0.0014664249295936857,12.29667889975726,0.0002,0.0,3177.0,0.000587104683480888,-0.027360354502008022
3.570627971852276,-0.0013477526427946643,12.269318545255251,0.0002,0.0,3178.0,0.000587104683481332,-0.027360354502009798
3.571215076535757,-0.0012290803559956427,12.241958190753241,0.0002,0.0,3179.0,0.000587104683480888,-0.027360354502009798
3.571802181219238,-0.0011104080691966213,12.214597836251233,0.0002,0.0,3180.0,0.000587104683481332,-0.027360354502008022
3.572389285902719,-0.0009917357823976,12.187237481749223,0.0002,0.0,3181.0,0.000587104683480888,-0.027360354502009798
3.5729384789712975,-0.0009380267153848285,12.167929560258234,0.0002142857142857143,0.0,3182.0,0.0005491930685783686,-0.0193079214909897
3.5734876720398763,-0.0008843176483720571,12.148621638767244,0.0002285714285714286,0.0,3183.0,0.0005491930685788127,-0.0193079214909897
3.5740368651084546,-0.0008306085813592856,12.129313717276254,0.00024285714285714286,0.0,3184.0,0.0005491930685783686,-0.0193079214909897
3.5745860581770335,-0.0007768995143465142,12.110005795785264,0.00025714285714285715,0.0,3185.0,0.0005491930685788127,-0.0193079214909897
3.575135251245612,-0.0007231904473337428,12.090697874294275,0.00027142857142857144,0.0,3186.0,0.0005491930685783686,-0.0193079214909897
3.5756844443141906,-0.0006694813803209714,12.071389952803285,0.00028571428571428574,0.0,3187.0,0.0005491930685788127,-0.0193079214909897
3.576233637382769,-0.0006157723133082,12.052082031312295,0.00030000000000000003,0.0,3188.0,0.0005491930685783686,-0.0193079214909897
3.5767828304513474,-0.0005620632462954285,12.032774109821306,0.0003142857142857143,0.0,3189.0,0.0005491930685783686,-0.0193079214909897
3.577332023519926,-0.0005083541792826571,12.013466188330316,0.0003285714285714286,0.0,3190.0,0.0005491930685788127,-0.0193079214909897
3.5778812165885046,-0.0004546451122698857,11.994158266839326,0.0003428571428571429,0.0,3191.0,0.0005491930685783686,-0.0193079214909897
3.5784304096570834,-0.0004009360452571143,11.974850345348337,0.00035714285714285714,0.0,3192.0,0.0005491930685788127,-0.0193079214909897
3.5789796027256617,-0.0003472269782443429,11.955542423857347,0.00037142857142857143,0.0,3193.0,0.0005491930685783686,-0.0193079214909897
3.5795287957942405,-0.00029351791123157146,11.936234502366357,0.0003857142857142857,0.0,3194.0,0.0005491930685788127,-0.0193079214909897
3.580077988862819,-0.0002398088442188,11.916926580875367,0.0004,0.0,3195.0,0.0005491930685783686,-0.0193079214909897
3.580566298846188,-0.0002790980608089786,11.893646508618204,0.0004,0.0,3196.0,0.0004883099833690174,-0.023280072257163553
3.5810546088295574,-0.00031838727739915714,11.87036643636104,0.0004,0.0,3197.0,0.0004883099833694615,-0.023280072257163553
3.5815429188129264,-0.00035767649398933573,11.847086364103875,0.0004,0.0,3198.0,0.0004883099833690174,-0.02328007225716533
3.5820312287962954,-0.0003969657105795143,11.823806291846712,0.0004,0.0,3199.0,0.0004883099833690174,-0.023280072257163553
3.582519538779665,-0.00043625492716969287,11.800526219589548,0.0004,0.0,3200.0,0.0004883099833694615,-0.023280072257163553
3.583007848763034,-0.00047554414375987147,11.777246147332384,0.0004,0.0,3201.0,0.0004883099833690174,-0.023280072257163553
3.5834961587464034,-0.0005148333603500501,11.753966075075219,0.0004,0.0,3202.0,0.0004883099833694615,-0.02328007225716533
3.5839844687297724,-0.0005541225769402287,11.730686002818056,0.0004,0.0,3203.0,0.0004883099833690174,-0.023280072257163553
3.5844727787131414,-0.0005934117935304071,11.707405930560892,0.0004,0.0,3204.0,0.0004883099833690174,-0.023280072257163553
3.584961088696511,-0.0006327010101205857,11.684125858303728,0.0004,0.0,3205.0,0.0004883099833694615,-0.023280072257163553
3.58544939867988,-0.0006719902267107643,11.660845786046565,0.0004,0.0,3206.0,0.0004883099833690174,-0.023280072257163553
3.585937708663249,-0.0007112794433009429,11.6375657137894,0.0004,0.0,3207.0,0.0004883099833690174,-0.02328007225716533
3.5864260186466184,-0.0007505686598911215,11.614285641532236,0.0004,0.0,3208.0,0.0004883099833694615,-0.023280072257163553
3.5869143286299874,-0.0007898578764813,11.591005569275072,0.0004,0.0,3209.0,0.0004883099833690174,-0.023280072257163553
3.5873716955093036,-0.0008074047719361214,11.567815469449874,0.0004,0.0,3210.0,0.00045736687931619,-0.023190099825198374
3.5878290623886198,-0.0008249516673909428,11.544625369624676,0.0004,0.0,3211.0,0.00045736687931619,-0.023190099825198374
3.588286429267936,-0.0008424985628457643,11.521435269799476,0.0004,0.0,3212.0,0.00045736687931619,-0.02319009982520015
3.588743796147252,-0.0008600454583005858,11.498245169974277,0.0004,0.0,3213.0,0.00045736687931619,-0.023190099825198374
3.5892011630265683,-0.0008775923537554072,11.475055070149079,0.0004,0.0,3214.0,0.00045736687931619,-0.023190099825198374
3.5896585299058845,-0.0008951392492102286,11.45186497032388,0.0004,0.0,3215.0,0.00045736687931619,-0.023190099825198374
3.5901158967852007,-0.00091268614466505,11.42867487049868,0.0004,0.0,3216.0,0.00045736687931619,-0.02319009982520015
3.590573263664517,-0.0009302330401198714,11.405484770673482,0.0004,0.0,3217.0,0.00045736687931619,-0.023190099825198374
3.591030630543833,-0.0009477799355746929,11.382294670848284,0.0004,0.0,3218.0,0.00045736687931619,-0.023190099825198374
3.5914879974231493,-0.0009653268310295144,11.359104571023085,0.0004,0.0,3219.0,0.00045736687931619,-0.023190099825198374
3.5919453643024655,-0.0009828737264843358,11.335914471197887,0.0004,0.0,3220.0,0.00045736687931619,-0.023190099825198374
3.5924027311817817,-0.0010004206219391572,11.312724371372687,0.0004,0.0,3221.0,0.00045736687931619,-0.02319009982520015
3.592860098061098,-0.0010179675173939786,11.289534271547488,0.0004,0.0,3222.0,0.00045736687931619,-0.023190099825198374
3.593317464940414,-0.0010355144128488,11.26634417172229,0.0004,0.0,3223.0,0.00045736687931619,-0.023190099825198374
3.5937429213346777,-0.0010202871246432856,11.239090555483159,0.0004,0.0,3224.0,0.0004254563942636125,-0.027253616239130807
3.594168377728941,-0.0010050598364377715,11.21183693924403,0.0004,0.0,3225.0,0.0004254563942631684,-0.02725361623912903
3.5945938341232044,-0.0009898325482322573,11.1845833230049,0.0004,0.0,3226.0,0.0004254563942636125,-0.027253616239130807
3.595019290517468,-0.0009746052600267429,11.157329706765768,0.0004,0.0,3227.0,0.0004254563942636125,-0.027253616239130807
3.5954447469117317,-0.0009593779718212286,11.130076090526638,0.0004,0.0,3228.0,0.0004254563942636125,-0.027253616239130807
3.595870203305995,-0.0009441506836157143,11.102822474287509,0.0004,0.0,3229.0,0.0004254563942631684,-0.02725361623912903
3.5962956597002584,-0.0009289233954102,11.075568858048378,0.0004,0.0,3230.0,0.0004254563942636125,-0.027253616239130807
3.596721116094522,-0.0009136961072046857,11.048315241809247,0.0004,0.0,3231.0,0.0004254563942636125,-0.027253616239130807
3.597146572488785,-0.0008984688189991715,11.021061625570118,0.0004,0.0,3232.0,0.0004254563942631684,-0.02725361623912903
3.597572028883049,-0.0008832415307936572,10.993808009330987,0.0004,0.0,3233.0,0.0004254563942636125,-0.027253616239130807
3.5979974852773124,-0.0008680142425881429,10.966554393091856,0.0004,0.0,3234.0,0.0004254563942636125,-0.027253616239130807
3.598422941671576,-0.0008527869543826286,10.939300776852726,0.0004,0.0,3235.0,0.0004254563942636125,-0.027253616239130807
3.5988483980658392,-0.0008375596661771143,10.912047160613596,0.0004,0.0,3236.0,0.0004254563942631684,-0.02725361623912903
3.599273854460103,-0.0008223323779716,10.884793544374466,0.0004,0.0,3237.0,0.0004254563942636125,-0.027253616239130807
3.599640826156126,-0.0008580753449403667,10.865649885235962,0.00038666666666666667,0.0,3238.0,0.0003669716960232883,-0.019143659138503466
3.6000077978521494,-0.0008938183119091334,10.846506226097459,0.0003733333333333334,0.0,3239.0,0.0003669716960232883,-0.019143659138503466
3.6003747695481727,-0.0009295612788779,10.827362566958955,0.00036,0.0,3240.0,0.0003669716960232883,-0.019143659138503466
3.6007417412441964,-0.0009653042458466668,10.808218907820452,0.00034666666666666667,0.0,3241.0,0.00036697169602373236,-0.019143659138503466
3.6011087129402197,-0.0010010472128154334,10.789075248681948,0.0003333333333333334,0.0,3242.0,0.0003669716960232883,-0.019143659138503466
3.601475684636243,-0.0010367901797842,10.769931589543445,0.00032,0.0,3243.0,0.0003669716960232883,-0.019143659138503466
3.6018426563322663,-0.0010725331467529666,10.750787930404941,0.0003066666666666667,0.0,3244.0,0.0003669716960232883,-0.019143659138503466
3.6022096280282896,-0.0011082761137217335,10.731644271266438,0.0002933333333333334,0.0,3245.0,0.0003669716960232883,-0.019143659138503466
3.602576599724313,-0.0011440190806905,10.712500612127934,0.00028000000000000003,0.0,3246.0,0.0003669716960232883,-0.019143659138503466
3.602943571420336,-0.0011797620476592667,10.693356952989431,0.0002666666666666667,0.0,3247.0,0.0003669716960232883,-0.019143659138503466
3.6033105431163595,-0.0012155050146280333,10.674213293850928,0.00025333333333333333,0.0,3248.0,0.0003669716960232883,-0.019143659138503466
3.603677514812383,-0.0012512479815968,10.655069634712424,0.00024000000000000003,0.0,3249.0,0.00036697169602373236,-0.019143659138503466
3.6040444865084065,-0.0012869909485655666,10.63592597557392,0.00022666666666666668,0.0,3250.0,0.0003669716960232883,-0.019143659138503466
3.6044114582044298,-0.0013227339155343334,10.616782316435417,0.00021333333333333336,0.0,3251.0,0.0003669716960232883,-0.019143659138503466
3.604778429900453,-0.0013584768825031,10.597638657296914,0.0002,0.0,3252.0,0.0003669716960232883,-0.019143659138503466
3.6051474203573624,-0.0014368582546586573,10.579360052786747,0.0002142857142857143,0.0,3253.0,0.00036899045690930166,-0.01827860451016683
3.605516410814271,-0.0015152396268142143,10.561081448276578,0.0002285714285714286,0.0,3254.0,0.00036899045690885757,-0.018278604510168606
3.6058854012711805,-0.0015936209989697715,10.542802843766411,0.00024285714285714286,0.0,3255.0,0.00036899045690930166,-0.01827860451016683
3.6062543917280894,-0.0016720023711253285,10.524524239256243,0.00025714285714285715,0.0,3256.0,0.00036899045690885757,-0.018278604510168606
3.6066233821849987,-0.0017503837432808857,10.506245634746076,0.00027142857142857144,0.0,3257.0,0.00036899045690930166,-0.01827860451016683
3.6069923726419075,-0.0018287651154364427,10.487967030235907,0.00028571428571428574,0.0,3258.0,0.00036899045690885757,-0.018278604510168606
3.607361363098817,-0.001907146487592,10.46968842572574,0.00030000000000000003,0.0,3259.0,0.00036899045690930166,-0.01827860451016683
3.607730353555726,-0.001985527859747557,10.451409821215574,0.0003142857142857143,0.0,3260.0,0.00036899045690930166,-0.01827860451016683
3.608099344012635,-0.0020639092319031144,10.433131216705405,0.0003285714285714286,0.0,3261.0,0.00036899045690885757,-0.018278604510168606
3.6084683344695443,-0.0021422906040586714,10.414852612195238,0.0003428571428571429,0.0,3262.0,0.00036899045690930166,-0.01827860451016683
3.608837324926453,-0.0022206719762142284,10.39657400768507,0.00035714285714285714,0.0,3263.0,0.00036899045690885757,-0.018278604510168606
3.6092063153833625,-0.0022990533483697854,10.378295403174903,0.00037142857142857143,0.0,3264.0,0.00036899045690930166,-0.01827860451016683
3.6095753058402713,-0.002377434720525343,10.360016798664734,0.0003857142857142857,0.0,3265.0,0.00036899045690885757,-0.018278604510168606
3.6099442962971806,-0.0024558160926809,10.341738194154567,0.0004,0.0,3266.0,0.00036899045690930166,-0.01827860451016683
3.6102945721801514,-0.002362256654402407,10.318749703741897,0.0004,0.0,3267.0,0.00035027588297076306,-0.02298849041267026
3.610644848063122,-0.002268697216123914,10.295761213329227,0.0004,0.0,3268.0,0.00035027588297076306,-0.02298849041267026
3.610995123946093,-0.0021751377778454215,10.272772722916555,0.0004,0.0,3269.0,0.00035027588297076306,-0.022988490412672036
3.611345399829063,-0.0020815783395669286,10.249784232503885,0.0004,0.0,3270.0,0.000350275882970319,-0.02298849041267026
3.611695675712034,-0.0019880189012884356,10.226795742091214,0.0004,0.0,3271.0,0.00035027588297076306,-0.02298849041267026
3.6120459515950047,-0.0018944594630099427,10.203807251678544,0.0004,0.0,3272.0,0.00035027588297076306,-0.02298849041267026
3.6123962274779755,-0.00180090002473145,10.180818761265872,0.0004,0.0,3273.0,0.00035027588297076306,-0.022988490412672036
3.6127465033609463,-0.001707340586452957,10.157830270853202,0.0004,0.0,3274.0,0.00035027588297076306,-0.02298849041267026
3.613096779243917,-0.0016137811481744641,10.134841780440532,0.0004,0.0,3275.0,0.00035027588297076306,-0.02298849041267026
3.613447055126888,-0.0015202217098959714,10.111853290027861,0.0004,0.0,3276.0,0.00035027588297076306,-0.02298849041267026
3.613797331009858,-0.0014266622716174785,10.088864799615191,0.0004,0.0,3277.0,0.000350275882970319,-0.02298849041267026
3.614147606892829,-0.0013331028333389856,10.065876309202519,0.0004,0.0,3278.0,0.00035027588297076306,-0.022988490412672036
3.6144978827757996,-0.0012395433950604929,10.042887818789849,0.0004,0.0,3279.0,0.00035027588297076306,-0.02298849041267026
3.6148481586587704,-0.001145983956782,10.019899328377178,0.0004,0.0,3280.0,0.00035027588297076306,-0.02298849041267026
3.61516814326346,-0.001075583601203457,10.003166612826373,0.0004,0.0,3281.0,0.00031998460468951606,-0.016732715550805466
3.6154881278681494,-0.0010051832456249143,9.986433897275568,0.0004,0.0,3282.0,0.00031998460468951606,-0.016732715550805466
3.6158081124728394,-0.0009347828900463713,9.969701181724764,0.0004,0.0,3283.0,0.00031998460468996015,-0.01673271555080369
3.616128097077529,-0.0008643825344678285,9.952968466173958,0.0004,0.0,3284.0,0.00031998460468951606,-0.016732715550805466
3.6164480816822184,-0.0007939821788892857,9.936235750623153,0.0004,0.0,3285.0,0.00031998460468951606,-0.016732715550805466
3.616768066286908,-0.0007235818233107428,9.919503035072347,0.0004,0.0,3286.0,0.00031998460468951606,-0.016732715550805466
3.6170880508915975,-0.0006531814677321999,9.902770319521544,0.0004,0.0,3287.0,0.00031998460468951606,-0.01673271555080369
3.6174080354962874,-0.0005827811121536571,9.886037603970738,0.0004,0.0,3288.0,0.00031998460468996015,-0.016732715550805466
3.617728020100977,-0.0005123807565751143,9.869304888419933,0.0004,0.0,3289.0,0.00031998460468951606,-0.016732715550805466
3.6180480047056665,-0.0004419804009965714,9.852572172869127,0.0004,0.0,3290.0,0.00031998460468951606,-0.016732715550805466
3.618367989310356,-0.00037158004541802854,9.835839457318322,0.0004,0.0,3291.0,0.00031998460468951606,-0.016732715550805466
3.618687973915046,-0.0003011796898394857,9.819106741767518,0.0004,0.0,3292.0,0.00031998460468996015,-0.01673271555080369
3.6190079585197354,-0.00023077933426094287,9.802374026216713,0.0004,0.0,3293.0,0.00031998460468951606,-0.016732715550805466
3.619327943124425,-0.0001603789786824,9.785641310665907,0.0004,0.0,3294.0,0.00031998460468951606,-0.016732715550805466
3.619623844479864,-0.0002169038720324,9.767164334585663,0.0004,0.0,3295.0,0.0002959013554391099,-0.0184769760802439
3.619919745835303,-0.00027342876538239997,9.74868735850542,0.0004,0.0,3296.0,0.0002959013554391099,-0.0184769760802439
3.6202156471907423,-0.0003299536587324,9.730210382425174,0.0004,0.0,3297.0,0.0002959013554391099,-0.018476976080245677
3.6205115485461814,-0.0003864785520824,9.71173340634493,0.0004,0.0,3298.0,0.0002959013554391099,-0.0184769760802439
3.6208074499016205,-0.00044300344543240003,9.693256430264686,0.0004,0.0,3299.0,0.0002959013554391099,-0.0184769760802439
3.6211033512570596,-0.0004995283387824,9.674779454184442,0.0004,0.0,3300.0,0.0002959013554391099,-0.0184769760802439
3.6213992526124987,-0.0005560532321324,9.656302478104196,0.0004,0.0,3301.0,0.0002959013554391099,-0.018476976080245677
3.6216951539679374,-0.0006125781254824,9.637825502023952,0.0004,0.0,3302.0,0.0002959013554386658,-0.0184769760802439
3.6219910553233765,-0.0006691030188324,9.619348525943709,0.0004,0.0,3303.0,0.0002959013554391099,-0.0184769760802439
3.6222869566788156,-0.0007256279121824,9.600871549863465,0.0004,0.0,3304.0,0.0002959013554391099,-0.0184769760802439
3.6225828580342547,-0.0007821528055324,9.58239457378322,0.0004,0.0,3305.0,0.0002959013554391099,-0.0184769760802439
3.622878759389694,-0.0008386776988824,9.563917597702975,0.0004,0.0,3306.0,0.0002959013554391099,-0.018476976080245677
3.623174660745133,-0.0008952025922324001,9.545440621622731,0.0004,0.0,3307.0,0.0002959013554391099,-0.0184769760802439
3.623470562100572,-0.0009517274855824,9.526963645542487,0.0004,0.0,3308.0,0.0002959013554391099,-0.0184769760802439
3.6237473608350954,-0.0012464005615682,9.5242638404313,0.0004,0.0,3309.0,0.0002767987345233536,-0.0026998051111881693
3.6240241595696183,-0.001541073637554,9.52156403532011,0.0004,0.0,3310.0,0.0002767987345229095,-0.0026998051111899457
3.6243009583041417,-0.0018357467135398,9.518864230208921,0.0004,0.0,3311.0,0.0002767987345233536,-0.0026998051111881693
3.624577757038665,-0.0021304197895256,9.516164425097731,0.0004,0.0,3312.0,0.0002767987345233536,-0.0026998051111899457
3.624854555773188,-0.0024250928655114,9.513464619986543,0.0004,0.0,3313.0,0.0002767987345229095,-0.0026998051111881693
3.6251313545077113,-0.0027197659414972004,9.510764814875353,0.0004,0.0,3314.0,0.0002767987345233536,-0.0026998051111899457
3.625408153242234,-0.003014439017483,9.508065009764165,0.0004,0.0,3315.0,0.0002767987345229095,-0.0026998051111881693
3.6256849519767576,-0.0033091120934688003,9.505365204652977,0.0004,0.0,3316.0,0.0002767987345233536,-0.0026998051111881693
3.625961750711281,-0.0036037851694546,9.502665399541787,0.0004,0.0,3317.0,0.0002767987345233536,-0.0026998051111899457
3.626238549445804,-0.0038984582454404003,9.499965594430599,0.0004,0.0,3318.0,0.0002767987345229095,-0.0026998051111881693
3.626515348180327,-0.0041931313214262,9.497265789319409,0.0004,0.0,3319.0,0.0002767987345233536,-0.0026998051111899457
3.6267921469148505,-0.004487804397412001,9.49456598420822,0.0004,0.0,3320.0,0.0002767987345233536,-0.0026998051111881693
3.6270689456493734,-0.0047824774733978,9.49186617909703,0.0004,0.0,3321.0,0.0002767987345229095,-0.0026998051111899457
3.627345744383897,-0.0050771505493836,9.489166373985842,0.0004,0.0,3322.0,0.0002767987345233536,-0.0026998051111881693
3.6275833751653415,-0.0048729528344957735,9.48464624142384,0.0004,0.0,3323.0,0.00023763078144467542,-0.0045201325620016775
3.627821005946786,-0.004668755119607947,9.480126108861837,0.0004,0.0,3324.0,0.00023763078144467542,-0.004520132562003454
3.628058636728231,-0.00446455740472012,9.475605976299835,0.0004,0.0,3325.0,0.00023763078144467542,-0.0045201325620016775
3.628296267509675,-0.004260359689832294,9.471085843737832,0.0004,0.0,3326.0,0.00023763078144423133,-0.004520132562003454
3.6285338982911197,-0.004056161974944467,9.46656571117583,0.0004,0.0,3327.0,0.00023763078144467542,-0.0045201325620016775
3.6287715290725644,-0.00385196426005664,9.462045578613827,0.0004,0.0,3328.0,0.00023763078144467542,-0.004520132562003454
3.629009159854009,-0.0036477665451688135,9.457525446051825,0.0004,0.0,3329.0,0.00023763078144467542,-0.0045201325620016775
3.6292467906354537,-0.0034435688302809865,9.453005313489822,0.0004,0.0,3330.0,0.00023763078144467542,-0.004520132562003454
3.6294844214168984,-0.00323937111539316,9.44848518092782,0.0004,0.0,3331.0,0.00023763078144467542,-0.0045201325620016775
3.629722052198343,-0.0030351734005053333,9.443965048365817,0.0004,0.0,3332.0,0.00023763078144467542,-0.004520132562003454
3.6299596829797878,-0.0028309756856175067,9.439444915803815,0.0004,0.0,3333.0,0.00023763078144467542,-0.0045201325620016775
3.630197313761232,-0.00262677797072968,9.434924783241811,0.0004,0.0,3334.0,0.00023763078144423133,-0.004520132562003454
3.6304349445426767,-0.0024225802558418535,9.43040465067981,0.0004,0.0,3335.0,0.00023763078144467542,-0.0045201325620016775
3.6306725753241214,-0.0022183825409540264,9.425884518117806,0.0004,0.0,3336.0,0.00023763078144467542,-0.004520132562003454
3.630910206105566,-0.0020141848260662,9.421364385555805,0.0004,0.0,3337.0,0.00023763078144467542,-0.0045201325620016775
3.6311509845953123,-0.0017620243279033213,9.414202489769995,0.0004,0.0,3338.0,0.0002407784897462406,-0.007161895785809946
3.631391763085059,-0.0015098638297404428,9.407040593984187,0.0004,0.0,3339.0,0.0002407784897466847,-0.00716189578580817
3.631632541574805,-0.0012577033315775642,9.399878698198377,0.0004,0.0,3340.0,0.0002407784897462406,-0.007161895785809946
3.631873320064552,-0.0010055428334146857,9.392716802412567,0.0004,0.0,3341.0,0.0002407784897466847,-0.007161895785809946
3.632114098554298,-0.0007533823352518071,9.385554906626759,0.0004,0.0,3342.0,0.0002407784897462406,-0.00716189578580817
3.632354877044045,-0.0005012218370889286,9.378393010840949,0.0004,0.0,3343.0,0.0002407784897466847,-0.007161895785809946
3.632595655533791,-0.00024906133892605006,9.371231115055139,0.0004,0.0,3344.0,0.0002407784897462406,-0.007161895785809946
3.6328364340235373,3.099159236828481e-06,9.36406921926933,0.0004,0.0,3345.0,0.0002407784897462406,-0.00716189578580817
3.633077212513284,0.000255259657399707,9.35690732348352,0.0004,0.0,3346.0,0.0002407784897466847,-0.007161895785809946
3.63331799100303,0.0005074201555625856,9.349745427697712,0.0004,0.0,3347.0,0.0002407784897462406,-0.00716189578580817
3.633558769492777,0.0007595806537254641,9.342583531911902,0.0004,0.0,3348.0,0.0002407784897466847,-0.007161895785809946
3.633799547982523,0.0010117411518883426,9.335421636126092,0.0004,0.0,3349.0,0.0002407784897462406,-0.007161895785809946
3.63404032647227,0.0012639016500512212,9.328259740340284,0.0004,0.0,3350.0,0.0002407784897466847,-0.00716189578580817
3.634281104962016,0.0015160621482141,9.321097844554474,0.0004,0.0,3351.0,0.0002407784897462406,-0.007161895785809946
3.634511843756568,0.0015748537156835285,9.315160052316056,0.0004,0.0,3352.0,0.00023073879455193236,-0.005937792238418282
3.6347425825511195,0.001633645283152957,9.309222260077638,0.0004,0.0,3353.0,0.00023073879455148827,-0.005937792238418282
3.6349733213456714,0.0016924368506223858,9.30328446783922,0.0004,0.0,3354.0,0.00023073879455193236,-0.005937792238418282
3.6352040601402233,0.0017512284180918143,9.297346675600803,0.0004,0.0,3355.0,0.00023073879455193236,-0.005937792238416506
3.635434798934775,0.0018100199855612428,9.291408883362385,0.0004,0.0,3356.0,0.00023073879455148827,-0.005937792238418282
3.6356655377293268,0.0018688115530306713,9.285471091123966,0.0004,0.0,3357.0,0.00023073879455193236,-0.005937792238418282
3.6358962765238787,0.0019276031205001,9.279533298885548,0.0004,0.0,3358.0,0.00023073879455193236,-0.005937792238418282
3.63612701531843,0.0019863946879695284,9.27359550664713,0.0004,0.0,3359.0,0.00023073879455148827,-0.005937792238418282
3.636357754112982,0.002045186255438957,9.267657714408712,0.0004,0.0,3360.0,0.00023073879455193236,-0.005937792238418282
3.6365884929075336,0.002103977822908386,9.261719922170293,0.0004,0.0,3361.0,0.00023073879455148827,-0.005937792238418282
3.6368192317020855,0.0021627693903778144,9.255782129931877,0.0004,0.0,3362.0,0.00023073879455193236,-0.005937792238416506
3.6370499704966375,0.002221560957847243,9.249844337693458,0.0004,0.0,3363.0,0.00023073879455193236,-0.005937792238418282
3.637280709291189,0.0022803525253166715,9.24390654545504,0.0004,0.0,3364.0,0.00023073879455148827,-0.005937792238418282
3.637511448085741,0.0023391440927861,9.237968753216622,0.0004,0.0,3365.0,0.00023073879455193236,-0.005937792238418282
3.637720089392044,0.0021731030655879227,9.231760210430792,0.0004,0.0,3366.0,0.00020864130630293687,-0.006208542785829607
3.6379287306983468,0.0020070620383897454,9.225551667644964,0.0004,0.0,3367.0,0.00020864130630293687,-0.006208542785827831
3.6381373720046493,0.0018410210111915678,9.219343124859135,0.0004,0.0,3368.0,0.00020864130630249278,-0.006208542785829607
3.638346013310952,0.0016749799839933903,9.213134582073307,0.0004,0.0,3369.0,0.00020864130630293687,-0.006208542785827831
3.638554654617255,0.001508938956795213,9.206926039287477,0.0004,0.0,3370.0,0.00020864130630293687,-0.006208542785829607
3.638763295923558,0.0013428979295970356,9.20071749650165,0.0004,0.0,3371.0,0.00020864130630293687,-0.006208542785827831
3.6389719372298606,0.001176856902398858,9.19450895371582,0.0004,0.0,3372.0,0.00020864130630249278,-0.006208542785829607
3.6391805785361635,0.0010108158752006808,9.18830041092999,0.0004,0.0,3373.0,0.00020864130630293687,-0.006208542785829607
3.6393892198424664,0.0008447748480025034,9.182091868144163,0.0004,0.0,3374.0,0.00020864130630293687,-0.006208542785827831
3.6395978611487694,0.0006787338208043259,9.175883325358333,0.0004,0.0,3375.0,0.00020864130630293687,-0.006208542785829607
3.6398065024550723,0.0005126927936061486,9.169674782572505,0.0004,0.0,3376.0,0.00020864130630293687,-0.006208542785827831
3.640015143761375,0.00034665176640797117,9.163466239786676,0.0004,0.0,3377.0,0.00020864130630249278,-0.006208542785829607
3.6402237850676777,0.00018061073920979377,9.157257697000848,0.0004,0.0,3378.0,0.00020864130630293687,-0.006208542785827831
3.6404324263739807,1.4569712011616066e-05,9.151049154215018,0.0004,0.0,3379.0,0.00020864130630293687,-0.006208542785829607
3.6406289236060783,-4.3239813780170804e-05,9.143365710203346,0.0003857142857142857,0.0,3380.0,0.00019649723209758108,-0.00768344401167198
3.640825420838176,-0.00010104933957195767,9.135682266191674,0.00037142857142857143,0.0,3381.0,0.00019649723209758108,-0.00768344401167198
3.641021918070273,-0.00015885886536374453,9.127998822180002,0.00035714285714285714,0.0,3382.0,0.000196497232097137,-0.00768344401167198
3.6412184153023706,-0.0002166683911555314,9.120315378168332,0.00034285714285714285,0.0,3383.0,0.00019649723209758108,-0.007683444011670204
3.641414912534468,-0.0002744779169473183,9.11263193415666,0.00032857142857142856,0.0,3384.0,0.00019649723209758108,-0.00768344401167198
3.6416114097665657,-0.00033228744273910516,9.104948490144988,0.0003142857142857143,0.0,3385.0,0.00019649723209758108,-0.00768344401167198
3.641807906998663,-0.00039009696853089203,9.097265046133316,0.00030000000000000003,0.0,3386.0,0.000196497232097137,-0.00768344401167198
3.6420044042307604,-0.00044790649432267885,9.089581602121644,0.00028571428571428574,0.0,3387.0,0.00019649723209758108,-0.00768344401167198
3.642200901462858,-0.0005057160201144658,9.081898158109972,0.00027142857142857144,0.0,3388.0,0.00019649723209758108,-0.00768344401167198
3.6423973986949556,-0.0005635255459062527,9.0742147140983,0.00025714285714285715,0.0,3389.0,0.00019649723209758108,-0.00768344401167198
3.642593895927053,-0.0006213350716980395,9.06653127008663,0.00024285714285714286,0.0,3390.0,0.00019649723209758108,-0.007683444011670204
3.6427903931591503,-0.0006791445974898263,9.058847826074958,0.00022857142857142857,0.0,3391.0,0.000196497232097137,-0.00768344401167198
3.642986890391248,-0.0007369541232816132,9.051164382063286,0.00021428571428571427,0.0,3392.0,0.00019649723209758108,-0.00768344401167198
3.6431833876233455,-0.0007947636490734,9.043480938051614,0.0002,0.0,3393.0,0.00019649723209758108,-0.00768344401167198
3.643389914936813,-0.0007309643121540333,9.037946228092848,0.0002142857142857143,0.0,3394.0,0.0002065273134674861,-0.005534709958766371
3.6435964422502805,-0.0006671649752346666,9.032411518134081,0.0002285714285714286,0.0,3395.0,0.0002065273134674861,-0.005534709958766371
3.643802969563748,-0.0006033656383152998,9.026876808175317,0.00024285714285714286,0.0,3396.0,0.0002065273134674861,-0.005534709958764594
3.644009496877216,-0.0005395663013959332,9.02134209821655,0.00025714285714285715,0.0,3397.0,0.00020652731346793018,-0.005534709958766371
3.6442160241906834,-0.0004757669644765664,9.015807388257784,0.00027142857142857144,0.0,3398.0,0.0002065273134674861,-0.005534709958766371
3.644422551504151,-0.00041196762755719963,9.010272678299017,0.00028571428571428574,0.0,3399.0,0.0002065273134674861,-0.005534709958766371
3.6446290788176183,-0.0003481682906378329,9.004737968340253,0.00030000000000000003,0.0,3400.0,0.0002065273134674861,-0.005534709958764594
3.644835606131086,-0.0002843689537184662,8.999203258381486,0.0003142857142857143,0.0,3401.0,0.0002065273134674861,-0.005534709958766371
3.6450421334445533,-0.00022056961679909947,8.99366854842272,0.0003285714285714286,0.0,3402.0,0.0002065273134674861,-0.005534709958766371
3.645248660758021,-0.00015677027987973273,8.988133838463954,0.0003428571428571429,0.0,3403.0,0.0002065273134674861,-0.005534709958766371
3.6454551880714887,-9.2970942960366e-05,8.982599128505187,0.00035714285714285714,0.0,3404.0,0.00020652731346793018,-0.005534709958766371
3.645661715384956,-2.9171606040999268e-05,8.977064418546423,0.00037142857142857143,0.0,3405.0,0.0002065273134674861,-0.005534709958764594
3.6458682426984237,3.462773087836746e-05,8.971529708587656,0.0003857142857142857,0.0,3406.0,0.0002065273134674861,-0.005534709958766371
3.646074770011891,9.842706779773409e-05,8.96599499862889,0.0004,0.0,3407.0,0.0002065273134674861,-0.005534709958766371
3.6462398960124207,0.0002868911862850959,8.956842812243776,0.0004,0.0,3408.0,0.0001651260005295363,-0.009152186385113836
3.6464050220129502,0.0004753553047724578,8.94769062585866,0.0004,0.0,3409.0,0.0001651260005295363,-0.009152186385115613
3.6465701480134793,0.0006638194232598196,8.938538439473547,0.0004,0.0,3410.0,0.0001651260005290922,-0.009152186385113836
3.646735274014009,0.0008522835417471815,8.929386253088431,0.0004,0.0,3411.0,0.0001651260005295363,-0.009152186385115613
3.6469004000145384,0.0010407476602345433,8.920234066703317,0.0004,0.0,3412.0,0.0001651260005295363,-0.009152186385113836
3.647065526015068,0.0012292117787219051,8.911081880318202,0.0004,0.0,3413.0,0.0001651260005295363,-0.009152186385115613
3.647230652015597,0.0014176758972092671,8.901929693933088,0.0004,0.0,3414.0,0.0001651260005290922,-0.009152186385113836
3.6473957780161266,0.001606140015696629,8.892777507547974,0.0004,0.0,3415.0,0.0001651260005295363,-0.009152186385113836
3.647560904016656,0.0017946041341839907,8.883625321162858,0.0004,0.0,3416.0,0.0001651260005295363,-0.009152186385115613
3.6477260300171856,0.0019830682526713527,8.874473134777745,0.0004,0.0,3417.0,0.0001651260005295363,-0.009152186385113836
3.647891156017715,0.0021715323711587143,8.865320948392629,0.0004,0.0,3418.0,0.0001651260005295363,-0.009152186385115613
3.6480562820182443,0.0023599964896460763,8.856168762007515,0.0004,0.0,3419.0,0.0001651260005290922,-0.009152186385113836
3.648221408018774,0.0025484606081334384,8.8470165756224,0.0004,0.0,3420.0,0.0001651260005295363,-0.009152186385115613
3.6483865340193034,0.0027369247266208,8.837864389237286,0.0004,0.0,3421.0,0.0001651260005295363,-0.009152186385113836
3.6485337650876146,0.00260574820928546,8.83273504531318,0.00038666666666666667,0.0,3422.0,0.00014723106831127097,-0.005129343924105356
3.648680996155926,0.00247457169195012,8.827605701389075,0.0003733333333333334,0.0,3423.0,0.00014723106831127097,-0.005129343924105356
3.6488282272242376,0.00234339517461478,8.82247635746497,0.00036,0.0,3424.0,0.00014723106831171506,-0.005129343924105356
3.648975458292549,0.00221221865727944,8.817347013540866,0.00034666666666666667,0.0,3425.0,0.00014723106831127097,-0.00512934392410358
3.64912268936086,0.0020810421399441,8.81221766961676,0.0003333333333333334,0.0,3426.0,0.00014723106831127097,-0.005129343924105356
3.6492699204291714,0.00194986562260876,8.807088325692655,0.00032,0.0,3427.0,0.00014723106831127097,-0.005129343924105356
3.6494171514974827,0.0018186891052734198,8.80195898176855,0.0003066666666666667,0.0,3428.0,0.00014723106831127097,-0.005129343924105356
3.6495643825657944,0.00168751258793808,8.796829637844445,0.0002933333333333334,0.0,3429.0,0.00014723106831171506,-0.005129343924105356
3.6497116136341057,0.00155633607060274,8.79170029392034,0.00028000000000000003,0.0,3430.0,0.00014723106831127097,-0.005129343924105356
3.649858844702417,0.0014251595532673998,8.786570949996234,0.0002666666666666667,0.0,3431.0,0.00014723106831127097,-0.005129343924105356
3.650006075770728,0.00129398303593206,8.781441606072129,0.00025333333333333333,0.0,3432.0,0.00014723106831127097,-0.005129343924105356
3.6501533068390395,0.00116280651859672,8.776312262148025,0.00024000000000000003,0.0,3433.0,0.00014723106831127097,-0.00512934392410358
3.650300537907351,0.0010316300012613798,8.77118291822392,0.00022666666666666668,0.0,3434.0,0.00014723106831171506,-0.005129343924105356
3.6504477689756625,0.0009004534839260399,8.766053574299814,0.00021333333333333336,0.0,3435.0,0.00014723106831127097,-0.005129343924105356
3.6505950000439737,0.0007692769665907,8.760924230375709,0.0002,0.0,3436.0,0.00014723106831127097,-0.005129343924105356
3.650774467130077,0.0005439043148301071,8.752097306771754,0.0002142857142857143,0.0,3437.0,0.00017946708610327988,-0.008826923603955095
3.65095393421618,0.00031853166306951427,8.743270383167799,0.0002285714285714286,0.0,3438.0,0.0001794670861028358,-0.008826923603955095
3.651133401302283,9.31590113089214e-05,8.734443459563842,0.00024285714285714286,0.0,3439.0,0.00017946708610327988,-0.008826923603956871
3.6513128683883864,-0.00013221364045167146,8.725616535959887,0.00025714285714285715,0.0,3440.0,0.00017946708610327988,-0.008826923603955095
3.6514923354744893,-0.00035758629221226433,8.716789612355932,0.00027142857142857144,0.0,3441.0,0.0001794670861028358,-0.008826923603955095
3.6516718025605925,-0.0005829589439728572,8.707962688751977,0.00028571428571428574,0.0,3442.0,0.00017946708610327988,-0.008826923603955095
3.651851269646696,-0.00080833159573345,8.699135765148021,0.00030000000000000003,0.0,3443.0,0.00017946708610327988,-0.008826923603955095
3.6520307367327987,-0.001033704247494043,8.690308841544065,0.0003142857142857143,0.0,3444.0,0.0001794670861028358,-0.008826923603956871
3.652210203818902,-0.0012590768992546358,8.68148191794011,0.0003285714285714286,0.0,3445.0,0.00017946708610327988,-0.008826923603955095
3.6523896709050048,-0.0014844495510152288,8.672654994336154,0.0003428571428571429,0.0,3446.0,0.0001794670861028358,-0.008826923603955095
3.652569137991108,-0.0017098222027758215,8.6638280707322,0.00035714285714285714,0.0,3447.0,0.00017946708610327988,-0.008826923603955095
3.6527486050772113,-0.0019351948545364144,8.655001147128242,0.00037142857142857143,0.0,3448.0,0.00017946708610327988,-0.008826923603956871
3.652928072163314,-0.0021605675062970073,8.646174223524287,0.0003857142857142857,0.0,3449.0,0.0001794670861028358,-0.008826923603955095
3.6531075392494174,-0.0023859401580576,8.637347299920332,0.0004,0.0,3450.0,0.00017946708610327988,-0.008826923603955095
3.6532486857675694,-0.002416996750159579,8.629521967880098,0.0003857142857142857,0.0,3451.0,0.0001411465181520022,-0.007825332040233945
3.6533898322857215,-0.002448053342261557,8.621696635839863,0.00037142857142857143,0.0,3452.0,0.0001411465181520022,-0.007825332040235722
3.653530978803873,-0.0024791099343635355,8.613871303799629,0.00035714285714285714,0.0,3453.0,0.0001411465181515581,-0.007825332040233945
3.653672125322025,-0.0025101665264655143,8.606045971759393,0.00034285714285714285,0.0,3454.0,0.0001411465181520022,-0.007825332040235722
3.653813271840177,-0.002541223118567493,8.598220639719159,0.00032857142857142856,0.0,3455.0,0.0001411465181520022,-0.007825332040233945
3.653954418358329,-0.0025722797106694714,8.590395307678923,0.0003142857142857143,0.0,3456.0,0.0001411465181520022,-0.007825332040235722
3.6540955648764806,-0.0026033363027714498,8.58256997563869,0.00030000000000000003,0.0,3457.0,0.0001411465181515581,-0.007825332040233945
3.6542367113946326,-0.0026343928948734286,8.574744643598455,0.00028571428571428574,0.0,3458.0,0.0001411465181520022,-0.007825332040233945
3.6543778579127846,-0.0026654494869754073,8.56691931155822,0.00027142857142857144,0.0,3459.0,0.0001411465181520022,-0.007825332040235722
3.6545190044309366,-0.0026965060790773857,8.559093979517986,0.00025714285714285715,0.0,3460.0,0.0001411465181520022,-0.007825332040233945
3.6546601509490886,-0.002727562671179364,8.55126864747775,0.00024285714285714286,0.0,3461.0,0.0001411465181520022,-0.007825332040235722
3.65480129746724,-0.002758619263281343,8.543443315437516,0.00022857142857142857,0.0,3462.0,0.0001411465181515581,-0.007825332040233945
3.654942443985392,-0.0027896758553833216,8.53561798339728,0.00021428571428571427,0.0,3463.0,0.0001411465181520022,-0.007825332040235722
3.655083590503544,-0.0028207324474853,8.527792651357046,0.0002,0.0,3464.0,0.0001411465181520022,-0.007825332040233945
3.655222051618898,-0.0028188742804068144,8.522596038731843,0.0002142857142857143,0.0,3465.0,0.0001384611153536497,-0.005196612625203656
3.6553605127342514,-0.0028170161133283284,8.517399426106637,0.0002285714285714286,0.0,3466.0,0.0001384611153536497,-0.005196612625205432
3.655498973849605,-0.002815157946249843,8.512202813481434,0.00024285714285714286,0.0,3467.0,0.0001384611153536497,-0.005196612625203656
3.6556374349649587,-0.0028132997791713572,8.507006200856228,0.00025714285714285715,0.0,3468.0,0.0001384611153536497,-0.005196612625205432
3.6557758960803124,-0.0028114416120928716,8.501809588231025,0.00027142857142857144,0.0,3469.0,0.0001384611153536497,-0.005196612625203656
3.655914357195666,-0.0028095834450143856,8.496612975605819,0.00028571428571428574,0.0,3470.0,0.0001384611153536497,-0.005196612625205432
3.6560528183110197,-0.0028077252779359,8.491416362980615,0.00030000000000000003,0.0,3471.0,0.0001384611153536497,-0.005196612625203656
3.656191279426373,-0.0028058671108574145,8.486219750355412,0.0003142857142857143,0.0,3472.0,0.0001384611153532056,-0.005196612625203656
3.6563297405417265,-0.0028040089437789285,8.481023137730206,0.0003285714285714286,0.0,3473.0,0.0001384611153536497,-0.005196612625205432
3.65646820165708,-0.002802150776700443,8.475826525105003,0.0003428571428571429,0.0,3474.0,0.0001384611153536497,-0.005196612625203656
3.656606662772434,-0.0028002926096219573,8.470629912479797,0.00035714285714285714,0.0,3475.0,0.0001384611153536497,-0.005196612625205432
3.6567451238877875,-0.0027984344425434717,8.465433299854594,0.00037142857142857143,0.0,3476.0,0.0001384611153536497,-0.005196612625203656
3.656883585003141,-0.0027965762754649857,8.460236687229388,0.0003857142857142857,0.0,3477.0,0.0001384611153536497,-0.005196612625205432
3.657022046118495,-0.0027947181083865,8.455040074604184,0.0004,0.0,3478.0,0.0001384611153536497,-0.005196612625203656
3.657173849325143,-0.0027034958685735718,8.449649241429494,0.0004,0.0,3479.0,0.00015180320664809344,-0.005390833174690357
3.6573256525317914,-0.002612273628760643,8.444258408254804,0.0004,0.0,3480.0,0.00015180320664853753,-0.005390833174690357
3.6574774557384395,-0.0025210513889477146,8.438867575080113,0.0004,0.0,3481.0,0.00015180320664809344,-0.005390833174690357
3.6576292589450876,-0.002429829149134786,8.433476741905423,0.0004,0.0,3482.0,0.00015180320664809344,-0.005390833174690357
3.6577810621517357,-0.0023386069093218574,8.428085908730733,0.0004,0.0,3483.0,0.00015180320664809344,-0.005390833174690357
3.6579328653583842,-0.0022473846695089286,8.422695075556042,0.0004,0.0,3484.0,0.00015180320664853753,-0.005390833174690357
3.6580846685650323,-0.0021561624296960002,8.417304242381352,0.0004,0.0,3485.0,0.00015180320664809344,-0.005390833174690357
3.6582364717716804,-0.0020649401898830714,8.411913409206663,0.0004,0.0,3486.0,0.00015180320664809344,-0.005390833174688581
3.658388274978329,-0.001973717950070143,8.406522576031973,0.0004,0.0,3487.0,0.00015180320664853753,-0.005390833174690357
3.658540078184977,-0.0018824957102572145,8.401131742857283,0.0004,0.0,3488.0,0.00015180320664809344,-0.005390833174690357
3.658691881391625,-0.0017912734704442859,8.395740909682592,0.0004,0.0,3489.0,0.00015180320664809344,-0.005390833174690357
3.6588436845982732,-0.0017000512306313573,8.390350076507902,0.0004,0.0,3490.0,0.00015180320664809344,-0.005390833174690357
3.658995487804922,-0.0016088289908184287,8.384959243333212,0.0004,0.0,3491.0,0.00015180320664853753,-0.005390833174690357
3.65914729101157,-0.0015176067510055,8.379568410158521,0.0004,0.0,3492.0,0.00015180320664809344,-0.005390833174690357
3.6592804316905387,-0.0016017853725343787,8.3737357133673,0.0004,0.0,3493.0,0.00013314067896885717,-0.005832696791221892
3.659413572369507,-0.0016859639940632572,8.367903016576076,0.0004,0.0,3494.0,0.00013314067896841308,-0.005832696791223668
3.659546713048476,-0.0017701426155921358,8.362070319784852,0.0004,0.0,3495.0,0.00013314067896885717,-0.005832696791223668
3.659679853727445,-0.0018543212371210144,8.35623762299363,0.0004,0.0,3496.0,0.00013314067896885717,-0.005832696791221892
3.6598129944064137,-0.001938499858649893,8.350404926202408,0.0004,0.0,3497.0,0.00013314067896885717,-0.005832696791221892
3.659946135085382,-0.0020226784801787713,8.344572229411185,0.0004,0.0,3498.0,0.00013314067896841308,-0.005832696791223668
3.660079275764351,-0.00210685710170765,8.338739532619961,0.0004,0.0,3499.0,0.00013314067896885717,-0.005832696791223668
3.66021241644332,-0.0021910357232365284,8.332906835828739,0.0004,0.0,3500.0,0.00013314067896885717,-0.005832696791221892
3.6603455571222883,-0.002275214344765407,8.327074139037517,0.0004,0.0,3501.0,0.00013314067896841308,-0.005832696791221892
3.660478697801257,-0.0023593929662942856,8.321241442246293,0.0004,0.0,3502.0,0.00013314067896885717,-0.005832696791223668
3.660611838480226,-0.002443571587823164,8.31540874545507,0.0004,0.0,3503.0,0.00013314067896885717,-0.005832696791223668
3.660744979159195,-0.0025277502093520427,8.309576048663848,0.0004,0.0,3504.0,0.00013314067896885717,-0.005832696791221892
3.6608781198381632,-0.0026119288308809213,8.303743351872626,0.0004,0.0,3505.0,0.00013314067896841308,-0.005832696791221892
3.661011260517132,-0.0026961074524098,8.297910655081402,0.0004,0.0,3506.0,0.00013314067896885717,-0.005832696791223668
3.6611212916861438,-0.0026545409027461855,8.293577651432678,0.0003857142857142857,0.0,3507.0,0.00011003116901164844,-0.004333003648724798
3.661231322855156,-0.002612974353082571,8.289244647783953,0.00037142857142857143,0.0,3508.0,0.00011003116901209253,-0.004333003648724798
3.6613413540241675,-0.002571407803418957,8.284911644135226,0.00035714285714285714,0.0,3509.0,0.00011003116901164844,-0.004333003648726574
3.661451385193179,-0.002529841253755343,8.280578640486501,0.00034285714285714285,0.0,3510.0,0.00011003116901164844,-0.004333003648724798
3.6615614163621912,-0.0024882747040917285,8.276245636837777,0.00032857142857142856,0.0,3511.0,0.00011003116901209253,-0.004333003648724798
3.661671447531203,-0.002446708154428114,8.271912633189052,0.0003142857142857143,0.0,3512.0,0.00011003116901164844,-0.004333003648724798
3.661781478700215,-0.0024051416047645,8.267579629540325,0.00030000000000000003,0.0,3513.0,0.00011003116901209253,-0.004333003648726574
3.6618915098692266,-0.002363575055100886,8.2632466258916,0.00028571428571428574,0.0,3514.0,0.00011003116901164844,-0.004333003648724798
3.6620015410382383,-0.0023220085054372714,8.258913622242876,0.00027142857142857144,0.0,3515.0,0.00011003116901164844,-0.004333003648724798
3.6621115722072504,-0.002280441955773657,8.25458061859415,0.00025714285714285715,0.0,3516.0,0.00011003116901209253,-0.004333003648724798
3.662221603376262,-0.0022388754061100427,8.250247614945426,0.00024285714285714286,0.0,3517.0,0.00011003116901164844,-0.004333003648724798
3.6623316345452737,-0.0021973088564464288,8.2459146112967,0.00022857142857142857,0.0,3518.0,0.00011003116901164844,-0.004333003648726574
3.6624416657142858,-0.0021557423067828144,8.241581607647975,0.00021428571428571427,0.0,3519.0,0.00011003116901209253,-0.004333003648724798
3.6625516968832974,-0.0021141757571192,8.23724860399925,0.0002,0.0,3520.0,0.00011003116901164844,-0.004333003648724798
3.6626467917636623,-0.0019483521913383867,8.230745962234344,0.00021333333333333333,0.0,3521.0,9.509488036485436e-05,-0.006502641764905448
3.6627418866440267,-0.0017825286255575734,8.224243320469439,0.00022666666666666668,0.0,3522.0,9.509488036441027e-05,-0.006502641764905448
3.6628369815243915,-0.0016167050597767601,8.217740678704534,0.00024,0.0,3523.0,9.509488036485436e-05,-0.006502641764905448
3.6629320764047564,-0.0014508814939959468,8.211238036939628,0.00025333333333333333,0.0,3524.0,9.509488036485436e-05,-0.006502641764905448
3.663027171285121,-0.0012850579282151333,8.204735395174723,0.0002666666666666667,0.0,3525.0,9.509488036441027e-05,-0.006502641764905448
3.6631222661654856,-0.00111923436243432,8.198232753409817,0.00028000000000000003,0.0,3526.0,9.509488036485436e-05,-0.006502641764905448
3.6632173610458505,-0.0009534107966535066,8.191730111644912,0.0002933333333333333,0.0,3527.0,9.509488036485436e-05,-0.006502641764905448
3.663312455926215,-0.0007875872308726933,8.185227469880008,0.0003066666666666667,0.0,3528.0,9.509488036441027e-05,-0.006502641764903672
3.6634075508065798,-0.00062176366509188,8.178724828115103,0.00032,0.0,3529.0,9.509488036485436e-05,-0.006502641764905448
3.6635026456869446,-0.00045594009931106664,8.172222186350197,0.0003333333333333333,0.0,3530.0,9.509488036485436e-05,-0.006502641764905448
3.663597740567309,-0.0002901165335302533,8.165719544585292,0.00034666666666666667,0.0,3531.0,9.509488036441027e-05,-0.006502641764905448
3.663692835447674,-0.00012429296774943996,8.159216902820386,0.00036,0.0,3532.0,9.509488036485436e-05,-0.006502641764905448
3.6637879303280387,4.153059803137338e-05,8.15271426105548,0.0003733333333333333,0.0,3533.0,9.509488036485436e-05,-0.006502641764905448
3.663883025208403,0.00020735416381218672,8.146211619290575,0.00038666666666666667,0.0,3534.0,9.509488036441027e-05,-0.006502641764905448
3.663978120088768,0.000373177729593,8.13970897752567,0.0004,0.0,3535.0,9.509488036485436e-05,-0.006502641764905448
3.6641069033970437,0.00016347376040516426,8.13707481392111,0.0004,0.0,3536.0,0.00012878330827570394,-0.0026341636045597028
3.66423568670532,-4.623020878267146e-05,8.13444065031655,0.0004,0.0,3537.0,0.00012878330827614803,-0.0026341636045597028
3.6643644700135956,-0.0002559341779705072,8.131806486711993,0.0004,0.0,3538.0,0.00012878330827570394,-0.0026341636045579264
3.6644932533218717,-0.0004656381471583429,8.129172323107433,0.0004,0.0,3539.0,0.00012878330827614803,-0.0026341636045597028
3.6646220366301474,-0.0006753421163461786,8.126538159502873,0.0004,0.0,3540.0,0.00012878330827570394,-0.0026341636045597028
3.6647508199384236,-0.0008850460855340143,8.123903995898313,0.0004,0.0,3541.0,0.00012878330827614803,-0.0026341636045597028
3.6648796032466993,-0.0010947500547218501,8.121269832293756,0.0004,0.0,3542.0,0.00012878330827570394,-0.0026341636045579264
3.665008386554975,-0.001304454023909686,8.118635668689196,0.0004,0.0,3543.0,0.00012878330827570394,-0.0026341636045597028
3.665137169863251,-0.0015141579930975215,8.116001505084636,0.0004,0.0,3544.0,0.00012878330827614803,-0.0026341636045597028
3.665265953171527,-0.0017238619622853572,8.113367341480076,0.0004,0.0,3545.0,0.00012878330827570394,-0.0026341636045597028
3.665394736479803,-0.001933565931473193,8.110733177875517,0.0004,0.0,3546.0,0.00012878330827614803,-0.0026341636045597028
3.6655235197880787,-0.0021432699006610286,8.108099014270959,0.0004,0.0,3547.0,0.00012878330827570394,-0.0026341636045579264
3.665652303096355,-0.0023529738698488643,8.105464850666399,0.0004,0.0,3548.0,0.00012878330827614803,-0.0026341636045597028
3.6657810864046305,-0.0025626778390367,8.10283068706184,0.0004,0.0,3549.0,0.00012878330827570394,-0.0026341636045597028
3.6659009869124275,-0.0024592541434749287,8.097476710967602,0.0003857142857142857,0.0,3550.0,0.00011990050779697725,-0.005353976094237822
3.6660208874202245,-0.0023558304479131572,8.092122734873362,0.00037142857142857143,0.0,3551.0,0.00011990050779697725,-0.005353976094239599
3.6661407879280214,-0.002252406752351386,8.086768758779124,0.00035714285714285714,0.0,3552.0,0.00011990050779697725,-0.005353976094237822
3.6662606884358184,-0.0021489830567896144,8.081414782684886,0.00034285714285714285,0.0,3553.0,0.00011990050779697725,-0.005353976094237822
3.6663805889436154,-0.002045559361227843,8.076060806590649,0.00032857142857142856,0.0,3554.0,0.00011990050779697725,-0.005353976094237822
3.6665004894514124,-0.0019421356656660715,8.070706830496409,0.0003142857142857143,0.0,3555.0,0.00011990050779697725,-0.005353976094239599
3.6666203899592094,-0.0018387119701043,8.065352854402171,0.00030000000000000003,0.0,3556.0,0.00011990050779697725,-0.005353976094237822
3.6667402904670063,-0.0017352882745425287,8.059998878307933,0.00028571428571428574,0.0,3557.0,0.00011990050779697725,-0.005353976094237822
3.6668601909748033,-0.0016318645789807572,8.054644902213694,0.00027142857142857144,0.0,3558.0,0.00011990050779697725,-0.005353976094239599
3.6669800914826003,-0.0015284408834189858,8.049290926119456,0.00025714285714285715,0.0,3559.0,0.00011990050779697725,-0.005353976094237822
3.6670999919903973,-0.0014250171878572144,8.043936950025218,0.00024285714285714286,0.0,3560.0,0.00011990050779697725,-0.005353976094237822
3.6672198924981942,-0.001321593492295443,8.03858297393098,0.00022857142857142857,0.0,3561.0,0.00011990050779697725,-0.005353976094237822
3.667339793005991,-0.0012181697967336715,8.03322899783674,0.00021428571428571427,0.0,3562.0,0.00011990050779697725,-0.005353976094239599
3.667459693513788,-0.0011147461011719,8.027875021742503,0.0002,0.0,3563.0,0.00011990050779697725,-0.005353976094237822
3.6675729720992285,-0.0010555387021444216,8.024017915741258,0.0002,0.0,3564.0,0.00011327858544030178,-0.003857106001245114
3.667686250684669,-0.0009963313031169428,8.020160809740014,0.0002,0.0,3565.0,0.00011327858544030178,-0.003857106001243338
3.667799529270109,-0.0009371239040894643,8.01630370373877,0.0002,0.0,3566.0,0.00011327858544030178,-0.003857106001245114
3.6679128078555494,-0.0008779165050619858,8.012446597737524,0.0002,0.0,3567.0,0.00011327858544030178,-0.003857106001245114
3.6680260864409897,-0.0008187091060345072,8.00858949173628,0.0002,0.0,3568.0,0.00011327858544030178,-0.003857106001243338
3.66813936502643,-0.0007595017070070287,8.004732385735036,0.0002,0.0,3569.0,0.00011327858544030178,-0.003857106001245114
3.6682526436118708,-0.00070029430797955,8.00087527973379,0.0002,0.0,3570.0,0.00011327858544074587,-0.003857106001245114
3.668365922197311,-0.0006410869089520715,7.997018173732546,0.0002,0.0,3571.0,0.00011327858544030178,-0.003857106001244226
3.6684792007827514,-0.0005818795099245929,7.993161067731302,0.0002,0.0,3572.0,0.00011327858544030178,-0.003857106001244226
3.6685924793681917,-0.0005226721108971143,7.989303961730057,0.0002,0.0,3573.0,0.00011327858544030178,-0.003857106001245114
3.668705757953632,-0.00046346471186963574,7.985446855728813,0.0002,0.0,3574.0,0.00011327858544030178,-0.003857106001244226
3.6688190365390723,-0.0004042573128421571,7.9815897497275685,0.0002,0.0,3575.0,0.00011327858544030178,-0.003857106001244226
3.6689323151245126,-0.00034504991381467855,7.977732643726323,0.0002,0.0,3576.0,0.00011327858544030178,-0.003857106001245114
3.669045593709953,-0.0002858425147872,7.973875537725079,0.0002,0.0,3577.0,0.00011327858544030178,-0.003857106001244226
3.6691500059465216,-0.00023276298139769997,7.970731388317714,0.0002,0.0,3578.0,0.00010441223656876275,-0.003144149407365404
3.66925441818309,-0.00017968344800819996,7.967587238910348,0.0002,0.0,3579.0,0.00010441223656831866,-0.003144149407365404
3.6693588304196587,-0.00012660391461869998,7.964443089502983,0.0002,0.0,3580.0,0.00010441223656876275,-0.003144149407365404
3.6694632426562275,-7.352438122919998e-05,7.961298940095618,0.0002,0.0,3581.0,0.00010441223656876275,-0.003144149407365404
3.6695676548927962,-2.044484783969998e-05,7.958154790688252,0.0002,0.0,3582.0,0.00010441223656876275,-0.003144149407365404
3.6696720671293646,3.263468554980002e-05,7.955010641280887,0.0002,0.0,3583.0,0.00010441223656831866,-0.003144149407365404
3.6697764793659333,8.571421893930001e-05,7.951866491873521,0.0002,0.0,3584.0,0.00010441223656876275,-0.003144149407365404
3.669880891602502,0.00013879375232880002,7.948722342466155,0.0002,0.0,3585.0,0.00010441223656876275,-0.0031441494073662923
3.6699853038390704,0.00019187328571830002,7.94557819305879,0.0002,0.0,3586.0,0.00010441223656831866,-0.003144149407365404
3.670089716075639,0.00024495281910780003,7.942434043651424,0.0002,0.0,3587.0,0.00010441223656876275,-0.003144149407365404
3.670194128312208,0.0002980323524973,7.939289894244059,0.0002,0.0,3588.0,0.00010441223656876275,-0.003144149407365404
3.6702985405487767,0.0003511118858868,7.936145744836693,0.0002,0.0,3589.0,0.00010441223656876275,-0.003144149407365404
3.670402952785345,0.0004041914192763,7.933001595429328,0.0002,0.0,3590.0,0.00010441223656831866,-0.003144149407365404
3.6705073650219138,0.0004572709526658,7.929857446021963,0.0002,0.0,3591.0,0.00010441223656876275,-0.003144149407365404
3.6706121052334706,0.0005005419583428714,7.925768036153684,0.0002,0.0,3592.0,0.00010474021155681967,-0.0040894098682784374
3.6707168454450274,0.0005438129640199428,7.921678626285406,0.0002,0.0,3593.0,0.00010474021155681967,-0.0040894098682784374
3.6708215856565847,0.0005870839696970143,7.917589216417128,0.0002,0.0,3594.0,0.00010474021155726376,-0.004089409868277549
3.6709263258681415,0.0006303549753740857,7.91349980654885,0.0002,0.0,3595.0,0.00010474021155681967,-0.0040894098682784374
3.6710310660796983,0.0006736259810511572,7.909410396680571,0.0002,0.0,3596.0,0.00010474021155681967,-0.0040894098682784374
3.671135806291255,0.0007168969867282286,7.905320986812293,0.0002,0.0,3597.0,0.00010474021155681967,-0.0040894098682784374
3.6712405465028124,0.0007601679924053,7.9012315769440145,0.0002,0.0,3598.0,0.00010474021155726376,-0.0040894098682784374
3.671345286714369,0.0008034389980823714,7.897142167075737,0.0002,0.0,3599.0,0.00010474021155681967,-0.004089409868277549
3.671450026925926,0.0008467100037594428,7.8930527572074585,0.0002,0.0,3600.0,0.00010474021155681967,-0.0040894098682784374
3.671554767137483,0.0008899810094365143,7.88896334733918,0.0002,0.0,3601.0,0.00010474021155681967,-0.0040894098682784374
3.6716595073490397,0.0009332520151135857,7.884873937470902,0.0002,0.0,3602.0,0.00010474021155681967,-0.0040894098682784374
3.671764247560597,0.0009765230207906571,7.880784527602624,0.0002,0.0,3603.0,0.00010474021155726376,-0.004089409868277549
3.6718689877721538,0.0010197940264677285,7.876695117734346,0.0002,0.0,3604.0,0.00010474021155681967,-0.0040894098682784374
3.6719737279837106,0.0010630650321448,7.872605707866067,0.0002,0.0,3605.0,0.00010474021155681967,-0.0040894098682784374
3.6720591201226966,0.0009058400325981929,7.87085594922814,0.0002142857142857143,0.0,3606.0,8.539213898606235e-05,-0.0017497586379269237
3.6721445122616827,0.0007486150330515858,7.869106190590213,0.0002285714285714286,0.0,3607.0,8.539213898606235e-05,-0.0017497586379269237
3.6722299044006688,0.0005913900335049785,7.867356431952286,0.00024285714285714286,0.0,3608.0,8.539213898606235e-05,-0.0017497586379269237
3.672315296539655,0.0004341650339583714,7.86560667331436,0.00025714285714285715,0.0,3609.0,8.539213898606235e-05,-0.0017497586379260355
3.672400688678641,0.0002769400344117643,7.863856914676433,0.00027142857142857144,0.0,3610.0,8.539213898606235e-05,-0.0017497586379269237
3.672486080817627,0.0001197150348651571,7.8621071560385065,0.00028571428571428574,0.0,3611.0,8.539213898606235e-05,-0.0017497586379269237
3.6725714729566126,-3.750996468145006e-05,7.86035739740058,0.00030000000000000003,0.0,3612.0,8.539213898561826e-05,-0.0017497586379269237
3.6726568650955986,-0.00019473496422805722,7.858607638762653,0.0003142857142857143,0.0,3613.0,8.539213898606235e-05,-0.0017497586379269237
3.6727422572345847,-0.00035195996377466435,7.856857880124726,0.0003285714285714286,0.0,3614.0,8.539213898606235e-05,-0.0017497586379269237
3.6728276493735708,-0.0005091849633212715,7.855108121486799,0.0003428571428571429,0.0,3615.0,8.539213898606235e-05,-0.0017497586379269237
3.672913041512557,-0.0006664099628678787,7.853358362848873,0.00035714285714285714,0.0,3616.0,8.539213898606235e-05,-0.0017497586379260355
3.672998433651543,-0.0008236349624144858,7.851608604210946,0.00037142857142857143,0.0,3617.0,8.539213898606235e-05,-0.0017497586379269237
3.673083825790529,-0.000980859961961093,7.849858845573019,0.0003857142857142857,0.0,3618.0,8.539213898606235e-05,-0.0017497586379269237
3.673169217929515,-0.0011380849615077,7.848109086935092,0.0004,0.0,3619.0,8.539213898606235e-05,-0.0017497586379269237
3.6732648261030447,-0.0011173882602371213,7.843553935789168,0.0003857142857142857,0.0,3620.0,9.56081735297154e-05,-0.004555151145924086
3.6733604342765744,-0.0010966915589665429,7.838998784643244,0.00037142857142857143,0.0,3621.0,9.56081735297154e-05,-0.004555151145924086
3.673456042450104,-0.0010759948576959642,7.83444363349732,0.00035714285714285714,0.0,3622.0,9.56081735297154e-05,-0.004555151145924086
3.6735516506236343,-0.0010552981564253858,7.829888482351396,0.00034285714285714285,0.0,3623.0,9.560817353015949e-05,-0.004555151145924086
3.673647258797164,-0.001034601455154807,7.825333331205472,0.00032857142857142856,0.0,3624.0,9.56081735297154e-05,-0.004555151145924086
3.6737428669706937,-0.0010139047538842286,7.8207781800595475,0.0003142857142857143,0.0,3625.0,9.56081735297154e-05,-0.004555151145924086
3.6738384751442235,-0.00099320805261365,7.816223028913623,0.00030000000000000003,0.0,3626.0,9.56081735297154e-05,-0.004555151145924086
3.673934083317753,-0.0009725113513430715,7.811667877767698,0.00028571428571428574,0.0,3627.0,9.56081735297154e-05,-0.004555151145924974
3.674029691491283,-0.0009518146500724928,7.807112726621774,0.00027142857142857144,0.0,3628.0,9.56081735297154e-05,-0.004555151145924086
3.6741252996648126,-0.0009311179488019143,7.80255757547585,0.00025714285714285715,0.0,3629.0,9.56081735297154e-05,-0.004555151145924086
3.6742209078383428,-0.0009104212475313357,7.798002424329926,0.00024285714285714286,0.0,3630.0,9.560817353015949e-05,-0.004555151145924086
3.6743165160118725,-0.0008897245462607572,7.793447273184002,0.00022857142857142857,0.0,3631.0,9.56081735297154e-05,-0.004555151145924086
3.674412124185402,-0.0008690278449901786,7.788892122038078,0.00021428571428571427,0.0,3632.0,9.56081735297154e-05,-0.004555151145924086
3.674507732358932,-0.0008483311437196,7.784336970892154,0.0002,0.0,3633.0,9.56081735297154e-05,-0.004555151145924086
3.674579287497155,-0.0009182993241078668,7.780193204701491,0.0002,0.0,3634.0,7.155513822310056e-05,-0.004143766190662923
3.6746508426353786,-0.0009882675044961334,7.776049438510828,0.0002,0.0,3635.0,7.155513822354465e-05,-0.004143766190662923
3.6747223977736017,-0.0010582356848844,7.771905672320164,0.0002,0.0,3636.0,7.155513822310056e-05,-0.004143766190663811
3.6747939529118248,-0.0011282038652726668,7.767761906129501,0.0002,0.0,3637.0,7.155513822310056e-05,-0.004143766190662923
3.674865508050048,-0.0011981720456609335,7.763618139938838,0.0002,0.0,3638.0,7.155513822310056e-05,-0.004143766190662923
3.6749370631882714,-0.0012681402260492,7.7594743737481755,0.0002,0.0,3639.0,7.155513822354465e-05,-0.004143766190662923
3.6750086183264945,-0.0013381084064374668,7.755330607557513,0.0002,0.0,3640.0,7.155513822310056e-05,-0.004143766190662923
3.6750801734647176,-0.0014080765868257335,7.751186841366849,0.0002,0.0,3641.0,7.155513822310056e-05,-0.004143766190663811
3.6751517286029407,-0.0014780447672140002,7.747043075176186,0.0002,0.0,3642.0,7.155513822310056e-05,-0.004143766190662923
3.6752232837411642,-0.001548012947602267,7.742899308985523,0.0002,0.0,3643.0,7.155513822354465e-05,-0.004143766190662923
3.6752948388793873,-0.0016179811279905334,7.73875554279486,0.0002,0.0,3644.0,7.155513822310056e-05,-0.004143766190662923
3.6753663940176104,-0.0016879493083788001,7.734611776604197,0.0002,0.0,3645.0,7.155513822310056e-05,-0.004143766190662923
3.6754379491558336,-0.0017579174887670669,7.730468010413533,0.0002,0.0,3646.0,7.155513822310056e-05,-0.004143766190663811
3.675509504294057,-0.0018278856691553336,7.72632424422287,0.0002,0.0,3647.0,7.155513822354465e-05,-0.004143766190662923
3.67558105943228,-0.0018978538495436,7.722180478032207,0.0002,0.0,3648.0,7.155513822310056e-05,-0.004143766190662923
3.675666157890969,-0.0018114150903421002,7.718345123564403,0.0002,0.0,3649.0,8.509845868864829e-05,-0.0038353544678040308
3.675751256349657,-0.0017249763311406,7.714509769096599,0.0002,0.0,3650.0,8.50984586882042e-05,-0.0038353544678040308
3.6758363548083457,-0.0016385375719391,7.710674414628794,0.0002,0.0,3651.0,8.509845868864829e-05,-0.003835354467804919
3.675921453267034,-0.0015520988127376001,7.70683906016099,0.0002,0.0,3652.0,8.50984586882042e-05,-0.0038353544678040308
3.6760065517257225,-0.0014656600535361,7.703003705693186,0.0002,0.0,3653.0,8.509845868864829e-05,-0.0038353544678040308
3.6760916501844108,-0.0013792212943346,7.699168351225382,0.0002,0.0,3654.0,8.50984586882042e-05,-0.0038353544678040308
3.6761767486430994,-0.0012927825351331,7.695332996757577,0.0002,0.0,3655.0,8.509845868864829e-05,-0.003835354467804919
3.676261847101788,-0.0012063437759316001,7.691497642289773,0.0002,0.0,3656.0,8.509845868864829e-05,-0.0038353544678040308
3.6763469455604763,-0.0011199050167301,7.687662287821969,0.0002,0.0,3657.0,8.50984586882042e-05,-0.0038353544678040308
3.676432044019165,-0.0010334662575286,7.683826933354165,0.0002,0.0,3658.0,8.509845868864829e-05,-0.0038353544678040308
3.676517142477853,-0.0009470274983271,7.679991578886361,0.0002,0.0,3659.0,8.50984586882042e-05,-0.0038353544678040308
3.6766022409365418,-0.0008605887391255999,7.676156224418556,0.0002,0.0,3660.0,8.509845868864829e-05,-0.003835354467804919
3.67668733939523,-0.0007741499799241,7.672320869950752,0.0002,0.0,3661.0,8.50984586882042e-05,-0.0038353544678040308
3.6767724378539186,-0.0006877112207226,7.668485515482948,0.0002,0.0,3662.0,8.509845868864829e-05,-0.0038353544678040308
3.676860559958797,-0.0007209417352647642,7.667286997150807,0.0002142857142857143,0.0,3663.0,8.812210487851857e-05,-0.0011985183321412407
3.6769486820636756,-0.0007541722498069285,7.666088478818666,0.0002285714285714286,0.0,3664.0,8.812210487851857e-05,-0.0011985183321412407
3.677036804168554,-0.0007874027643490928,7.6648899604865255,0.00024285714285714286,0.0,3665.0,8.812210487851857e-05,-0.0011985183321403525
3.6771249262734327,-0.0008206332788912571,7.663691442154384,0.00025714285714285715,0.0,3666.0,8.812210487851857e-05,-0.0011985183321412407
3.677213048378311,-0.0008538637934334213,7.662492923822243,0.00027142857142857144,0.0,3667.0,8.812210487851857e-05,-0.0011985183321412407
3.6773011704831897,-0.0008870943079755856,7.661294405490102,0.00028571428571428574,0.0,3668.0,8.812210487851857e-05,-0.0011985183321412407
3.6773892925880682,-0.0009203248225177499,7.660095887157961,0.00030000000000000003,0.0,3669.0,8.812210487851857e-05,-0.0011985183321403525
3.6774774146929468,-0.0009535553370599143,7.65889736882582,0.0003142857142857143,0.0,3670.0,8.812210487851857e-05,-0.0011985183321412407
3.6775655367978253,-0.0009867858516020786,7.657698850493679,0.0003285714285714286,0.0,3671.0,8.812210487851857e-05,-0.0011985183321412407
3.677653658902704,-0.0010200163661442429,7.656500332161538,0.0003428571428571429,0.0,3672.0,8.812210487851857e-05,-0.0011985183321412407
3.6777417810075823,-0.0010532468806864071,7.6553018138293965,0.00035714285714285714,0.0,3673.0,8.812210487851857e-05,-0.0011985183321412407
3.677829903112461,-0.0010864773952285714,7.654103295497256,0.00037142857142857143,0.0,3674.0,8.812210487851857e-05,-0.0011985183321403525
3.6779180252173393,-0.0011197079097707357,7.652904777165115,0.0003857142857142857,0.0,3675.0,8.812210487851857e-05,-0.0011985183321412407
3.678006147322218,-0.0011529384243129,7.651706258832974,0.0004,0.0,3676.0,8.812210487851857e-05,-0.0011985183321412407
3.678074543759938,-0.00112295152915715,7.648058218718746,0.0004,0.0,3677.0,6.839643772016402e-05,-0.003648040114227591
3.6781429401976578,-0.0010929646340014,7.644410178604519,0.0004,0.0,3678.0,6.839643771971993e-05,-0.0036480401142267027
3.678211336635378,-0.00106297773884565,7.640762138490292,0.0004,0.0,3679.0,6.839643772016402e-05,-0.003648040114227591
3.6782797330730976,-0.0010329908436899,7.637114098376064,0.0004,0.0,3680.0,6.839643771971993e-05,-0.003648040114227591
3.678348129510818,-0.00100300394853415,7.6334660582618366,0.0004,0.0,3681.0,6.839643772016402e-05,-0.003648040114227591
3.6784165259485375,-0.0009730170533784,7.62981801814761,0.0004,0.0,3682.0,6.839643771971993e-05,-0.0036480401142267027
3.6784849223862577,-0.0009430301582226499,7.626169978033382,0.0004,0.0,3683.0,6.839643772016402e-05,-0.003648040114227591
3.678553318823978,-0.0009130432630669,7.622521937919155,0.0004,0.0,3684.0,6.839643772016402e-05,-0.003648040114227591
3.6786217152616976,-0.00088305636791115,7.618873897804928,0.0004,0.0,3685.0,6.839643771971993e-05,-0.0036480401142267027
3.6786901116994177,-0.0008530694727554,7.6152258576907,0.0004,0.0,3686.0,6.839643772016402e-05,-0.003648040114227591
3.6787585081371375,-0.0008230825775996499,7.611577817576473,0.0004,0.0,3687.0,6.839643771971993e-05,-0.003648040114227591
3.6788269045748576,-0.0007930956824439,7.607929777462245,0.0004,0.0,3688.0,6.839643772016402e-05,-0.003648040114227591
3.6788953010125773,-0.00076310878728815,7.6042817373480185,0.0004,0.0,3689.0,6.839643771971993e-05,-0.0036480401142267027
3.6789636974502975,-0.0007331218921324,7.600633697233791,0.0004,0.0,3690.0,6.839643772016402e-05,-0.003648040114227591
3.679047112401546,-0.0006832294618392765,7.597870431769091,0.0004,0.0,3691.0,8.341495124852827e-05,-0.002763265464699849
3.679130527352795,-0.0006333370315461532,7.595107166304391,0.0004,0.0,3692.0,8.341495124897236e-05,-0.002763265464699849
3.6792139423040435,-0.0005834446012530298,7.592343900839692,0.0004,0.0,3693.0,8.341495124852827e-05,-0.0027632654646989607
3.679297357255292,-0.0005335521709599064,7.589580635374992,0.0004,0.0,3694.0,8.341495124852827e-05,-0.002763265464699849
3.679380772206541,-0.00048365974066678295,7.5868173699102925,0.0004,0.0,3695.0,8.341495124897236e-05,-0.002763265464699849
3.6794641871577896,-0.00043376731037365955,7.584054104445593,0.0004,0.0,3696.0,8.341495124852827e-05,-0.002763265464699849
3.6795476021090385,-0.00038387488008053615,7.581290838980894,0.0004,0.0,3697.0,8.341495124897236e-05,-0.0027632654646989607
3.679631017060287,-0.00033398244978741275,7.578527573516194,0.0004,0.0,3698.0,8.341495124852827e-05,-0.002763265464699849
3.6797144320115356,-0.00028409001949428935,7.575764308051494,0.0004,0.0,3699.0,8.341495124852827e-05,-0.002763265464699849
3.6797978469627846,-0.00023419758920116595,7.573001042586794,0.0004,0.0,3700.0,8.341495124897236e-05,-0.002763265464699849
3.679881261914033,-0.00018430515890804255,7.570237777122094,0.0004,0.0,3701.0,8.341495124852827e-05,-0.002763265464699849
3.6799646768652816,-0.00013441272861491914,7.567474511657395,0.0004,0.0,3702.0,8.341495124852827e-05,-0.0027632654646989607
3.6800480918165306,-8.452029832179574e-05,7.5647112461926955,0.0004,0.0,3703.0,8.341495124897236e-05,-0.002763265464699849
3.680131506767779,-3.462786802867237e-05,7.561947980727996,0.0004,0.0,3704.0,8.341495124852827e-05,-0.002763265464699849
3.6801991003032173,-0.00014605678880638088,7.559612870083226,0.00038666666666666667,0.0,3705.0,6.75935354381707e-05,-0.0023351106447693226
3.680266693838656,-0.0002574857095840894,7.557277759438457,0.0003733333333333334,0.0,3706.0,6.75935354386148e-05,-0.0023351106447693226
3.680334287374094,-0.0003689146303617979,7.554942648793688,0.00036,0.0,3707.0,6.75935354381707e-05,-0.0023351106447693226
3.6804018809095327,-0.00048034355113950637,7.552607538148918,0.00034666666666666667,0.0,3708.0,6.75935354386148e-05,-0.0023351106447693226
3.680469474444971,-0.0005917724719172149,7.550272427504149,0.0003333333333333334,0.0,3709.0,6.75935354381707e-05,-0.0023351106447693226
3.6805370679804095,-0.0007032013926949234,7.54793731685938,0.00032,0.0,3710.0,6.75935354386148e-05,-0.0023351106447693226
3.6806046615158476,-0.000814630313472632,7.54560220621461,0.0003066666666666667,0.0,3711.0,6.75935354381707e-05,-0.0023351106447693226
3.6806722550512863,-0.0009260592342503404,7.54326709556984,0.0002933333333333334,0.0,3712.0,6.75935354386148e-05,-0.002335110644770211
3.6807398485867244,-0.001037488155028049,7.540931984925071,0.00028000000000000003,0.0,3713.0,6.75935354381707e-05,-0.0023351106447693226
3.680807442122163,-0.0011489170758057575,7.538596874280302,0.0002666666666666667,0.0,3714.0,6.75935354386148e-05,-0.0023351106447693226
3.680875035657601,-0.0012603459965834659,7.536261763635532,0.00025333333333333333,0.0,3715.0,6.75935354381707e-05,-0.0023351106447693226
3.68094262919304,-0.0013717749173611745,7.533926652990763,0.00024000000000000003,0.0,3716.0,6.75935354386148e-05,-0.0023351106447693226
3.681010222728478,-0.001483203838138883,7.531591542345994,0.00022666666666666668,0.0,3717.0,6.75935354381707e-05,-0.0023351106447693226
3.6810778162639166,-0.0015946327589165914,7.529256431701224,0.00021333333333333336,0.0,3718.0,6.75935354386148e-05,-0.0023351106447693226
3.681145409799355,-0.0017060616796943,7.526921321056455,0.0002,0.0,3719.0,6.75935354381707e-05,-0.0023351106447693226
3.6812048475678045,-0.0016889918942979785,7.524652238206826,0.0002,0.0,3720.0,5.94377684497438e-05,-0.0022690828496285675
3.6812642853362547,-0.0016719221089016572,7.522383155357197,0.0002,0.0,3721.0,5.943776845018789e-05,-0.0022690828496294557
3.681323723104705,-0.0016548523235053356,7.520114072507568,0.0002,0.0,3722.0,5.943776845018789e-05,-0.0022690828496285675
3.6813831608731546,-0.0016377825381090143,7.51784498965794,0.0002,0.0,3723.0,5.94377684497438e-05,-0.0022690828496285675
3.6814425986416044,-0.0016207127527126928,7.515575906808311,0.0002,0.0,3724.0,5.94377684497438e-05,-0.0022690828496285675
3.6815020364100546,-0.0016036429673163715,7.513306823958682,0.0002,0.0,3725.0,5.943776845018789e-05,-0.0022690828496294557
3.6815614741785048,-0.00158657318192005,7.511037741109053,0.0002,0.0,3726.0,5.943776845018789e-05,-0.0022690828496285675
3.6816209119469545,-0.0015695033965237284,7.508768658259425,0.0002,0.0,3727.0,5.94377684497438e-05,-0.0022690828496285675
3.6816803497154043,-0.0015524336111274071,7.506499575409795,0.0002,0.0,3728.0,5.94377684497438e-05,-0.0022690828496294557
3.6817397874838544,-0.0015353638257310856,7.504230492560167,0.0002,0.0,3729.0,5.943776845018789e-05,-0.0022690828496285675
3.6817992252523046,-0.0015182940403347643,7.501961409710538,0.0002,0.0,3730.0,5.943776845018789e-05,-0.0022690828496285675
3.6818586630207544,-0.0015012242549384428,7.4996923268609095,0.0002,0.0,3731.0,5.94377684497438e-05,-0.0022690828496285675
3.681918100789204,-0.0014841544695421212,7.49742324401128,0.0002,0.0,3732.0,5.94377684497438e-05,-0.0022690828496294557
3.6819775385576543,-0.0014670846841458,7.4951541611616515,0.0002,0.0,3733.0,5.943776845018789e-05,-0.0022690828496285675
3.6820446151939965,-0.0014419738078898356,7.4934644452483585,0.0002142857142857143,0.0,3734.0,6.70766363422004e-05,-0.0016897159132929218
3.6821116918303383,-0.0014168629316338715,7.4917747293350665,0.0002285714285714286,0.0,3735.0,6.707663634175631e-05,-0.0016897159132920336
3.68217876846668,-0.0013917520553779071,7.4900850134217745,0.00024285714285714286,0.0,3736.0,6.707663634175631e-05,-0.0016897159132920336
3.682245845103022,-0.0013666411791219428,7.4883952975084815,0.00025714285714285715,0.0,3737.0,6.70766363422004e-05,-0.0016897159132929218
3.6823129217393644,-0.0013415303028659785,7.486705581595189,0.00027142857142857144,0.0,3738.0,6.70766363422004e-05,-0.0016897159132929218
3.682379998375706,-0.0013164194266100143,7.485015865681897,0.00028571428571428574,0.0,3739.0,6.707663634175631e-05,-0.0016897159132920336
3.682447075012048,-0.00129130855035405,7.4833261497686046,0.00030000000000000003,0.0,3740.0,6.707663634175631e-05,-0.0016897159132920336
3.68251415164839,-0.0012661976740980857,7.481636433855312,0.0003142857142857143,0.0,3741.0,6.70766363422004e-05,-0.0016897159132929218
3.6825812282847323,-0.0012410867978421215,7.479946717942019,0.0003285714285714286,0.0,3742.0,6.70766363422004e-05,-0.0016897159132929218
3.682648304921074,-0.0012159759215861572,7.478257002028727,0.0003428571428571429,0.0,3743.0,6.707663634175631e-05,-0.0016897159132920336
3.682715381557416,-0.0011908650453301929,7.476567286115435,0.00035714285714285714,0.0,3744.0,6.707663634175631e-05,-0.0016897159132920336
3.682782458193758,-0.0011657541690742285,7.474877570202142,0.00037142857142857143,0.0,3745.0,6.70766363422004e-05,-0.0016897159132929218
3.6828495348301002,-0.0011406432928182644,7.473187854288849,0.0003857142857142857,0.0,3746.0,6.70766363422004e-05,-0.0016897159132929218
3.682916611466442,-0.0011155324165623,7.471498138375557,0.0004,0.0,3747.0,6.707663634175631e-05,-0.0016897159132920336
3.682991398723013,-0.001221513182925743,7.468208202071136,0.0004,0.0,3748.0,7.47872565711738e-05,-0.0032899363044212038
3.683066185979585,-0.0013274939492891858,7.464918265766715,0.0004,0.0,3749.0,7.478725657161789e-05,-0.0032899363044203156
3.683140973236156,-0.0014334747156526286,7.461628329462294,0.0004,0.0,3750.0,7.47872565711738e-05,-0.0032899363044212038
3.683215760492727,-0.0015394554820160715,7.458338393157873,0.0004,0.0,3751.0,7.47872565711738e-05,-0.0032899363044212038
3.6832905477492988,-0.0016454362483795143,7.4550484568534525,0.0004,0.0,3752.0,7.478725657161789e-05,-0.0032899363044203156
3.68336533500587,-0.0017514170147429572,7.451758520549031,0.0004,0.0,3753.0,7.47872565711738e-05,-0.0032899363044212038
3.6834401222624416,-0.0018573977811064,7.44846858424461,0.0004,0.0,3754.0,7.478725657161789e-05,-0.0032899363044212038
3.6835149095190127,-0.001963378547469843,7.44517864794019,0.0004,0.0,3755.0,7.47872565711738e-05,-0.0032899363044203156
3.683589696775584,-0.0020693593138332855,7.441888711635769,0.0004,0.0,3756.0,7.47872565711738e-05,-0.0032899363044212038
3.6836644840321555,-0.0021753400801967286,7.438598775331348,0.0004,0.0,3757.0,7.478725657161789e-05,-0.0032899363044203156
3.6837392712887267,-0.0022813208465601717,7.435308839026927,0.0004,0.0,3758.0,7.47872565711738e-05,-0.0032899363044212038
3.683814058545298,-0.0023873016129236143,7.432018902722506,0.0004,0.0,3759.0,7.47872565711738e-05,-0.0032899363044212038
3.6838888458018695,-0.002493282379287057,7.4287289664180856,0.0004,0.0,3760.0,7.478725657161789e-05,-0.0032899363044203156
3.6839636330584407,-0.0025992631456505,7.425439030113664,0.0004,0.0,3761.0,7.47872565711738e-05,-0.0032899363044212038
3.684017584006594,-0.0025326599696830856,7.4236301198983385,0.0003857142857142857,0.0,3762.0,5.395094815341395e-05,-0.0018089102153258096
3.6840715349547475,-0.0024660567937156716,7.421821209683014,0.00037142857142857143,0.0,3763.0,5.395094815341395e-05,-0.0018089102153249215
3.6841254859029013,-0.0023994536177482572,7.420012299467688,0.00035714285714285714,0.0,3764.0,5.3950948153858036e-05,-0.0018089102153258096
3.6841794368510548,-0.002332850441780843,7.418203389252363,0.00034285714285714285,0.0,3765.0,5.395094815341395e-05,-0.0018089102153249215
3.684233387799208,-0.0022662472658134284,7.416394479037037,0.00032857142857142856,0.0,3766.0,5.395094815341395e-05,-0.0018089102153258096
3.6842873387473616,-0.002199644089846014,7.414585568821712,0.0003142857142857143,0.0,3767.0,5.395094815341395e-05,-0.0018089102153249215
3.684341289695515,-0.0021330409138786,7.412776658606386,0.00030000000000000003,0.0,3768.0,5.395094815341395e-05,-0.0018089102153258096
3.684395240643669,-0.0020664377379111857,7.4109677483910605,0.00028571428571428574,0.0,3769.0,5.3950948153858036e-05,-0.0018089102153258096
3.6844491915918223,-0.0019998345619437713,7.409158838175736,0.00027142857142857144,0.0,3770.0,5.395094815341395e-05,-0.0018089102153249215
3.6845031425399757,-0.001933231385976357,7.40734992796041,0.00025714285714285715,0.0,3771.0,5.395094815341395e-05,-0.0018089102153258096
3.684557093488129,-0.001866628210008943,7.405541017745085,0.00024285714285714286,0.0,3772.0,5.395094815341395e-05,-0.0018089102153249215
3.684611044436283,-0.0018000250340415285,7.403732107529759,0.00022857142857142857,0.0,3773.0,5.3950948153858036e-05,-0.0018089102153258096
3.6846649953844364,-0.0017334218580741141,7.401923197314434,0.00021428571428571427,0.0,3774.0,5.395094815341395e-05,-0.0018089102153249215
3.68471894633259,-0.0016668186821067,7.400114287099108,0.0002,0.0,3775.0,5.395094815341395e-05,-0.0018089102153258096
3.684785451048711,-0.0016126394789154333,7.399416387456617,0.00021333333333333333,0.0,3776.0,6.650471612124065e-05,-0.0006978996424917838
3.6848519557648323,-0.0015584602757241666,7.398718487814125,0.00022666666666666668,0.0,3777.0,6.650471612124065e-05,-0.0006978996424917838
3.684918460480954,-0.0015042810725329,7.398020588171633,0.00024,0.0,3778.0,6.650471612168474e-05,-0.0006978996424917838
3.684984965197075,-0.0014501018693416333,7.397322688529141,0.00025333333333333333,0.0,3779.0,6.650471612124065e-05,-0.0006978996424917838
3.6850514699131964,-0.0013959226661503666,7.396624788886649,0.0002666666666666667,0.0,3780.0,6.650471612124065e-05,-0.0006978996424917838
3.6851179746293177,-0.0013417434629591,7.395926889244158,0.00028000000000000003,0.0,3781.0,6.650471612124065e-05,-0.0006978996424917838
3.685184479345439,-0.0012875642597678333,7.395228989601666,0.0002933333333333333,0.0,3782.0,6.650471612124065e-05,-0.0006978996424917838
3.6852509840615606,-0.0012333850565765666,7.394531089959174,0.0003066666666666667,0.0,3783.0,6.650471612168474e-05,-0.0006978996424917838
3.685317488777682,-0.0011792058533853,7.393833190316682,0.00032,0.0,3784.0,6.650471612124065e-05,-0.0006978996424917838
3.685383993493803,-0.0011250266501940333,7.3931352906741905,0.0003333333333333333,0.0,3785.0,6.650471612124065e-05,-0.0006978996424917838
3.6854504982099243,-0.0010708474470027666,7.392437391031699,0.00034666666666666667,0.0,3786.0,6.650471612124065e-05,-0.0006978996424917838
3.6855170029260456,-0.0010166682438115,7.391739491389207,0.00036,0.0,3787.0,6.650471612124065e-05,-0.0006978996424917838
3.6855835076421672,-0.0009624890406202334,7.391041591746715,0.0003733333333333333,0.0,3788.0,6.650471612168474e-05,-0.0006978996424917838
3.6856500123582885,-0.0009083098374289667,7.390343692104223,0.00038666666666666667,0.0,3789.0,6.650471612124065e-05,-0.0006978996424917838
3.6857165170744097,-0.0008541306342377,7.389645792461732,0.0004,0.0,3790.0,6.650471612124065e-05,-0.0006978996424917838
3.685773136385711,-0.0008639183372869714,7.388054451903067,0.0003857142857142857,0.0,3791.0,5.6619311301187025e-05,-0.0015913405586642781
3.685829755697012,-0.0008737060403362428,7.386463111344403,0.00037142857142857143,0.0,3792.0,5.6619311301187025e-05,-0.0015913405586642781
3.685886375008313,-0.0008834937433855143,7.384871770785739,0.00035714285714285714,0.0,3793.0,5.6619311300742936e-05,-0.0015913405586642781
3.685942994319614,-0.0008932814464347857,7.383280430227075,0.00034285714285714285,0.0,3794.0,5.6619311301187025e-05,-0.00159134055866339
3.685999613630915,-0.0009030691494840571,7.381689089668411,0.00032857142857142856,0.0,3795.0,5.6619311301187025e-05,-0.0015913405586642781
3.6860562329422164,-0.0009128568525333285,7.380097749109747,0.0003142857142857143,0.0,3796.0,5.6619311301187025e-05,-0.0015913405586642781
3.6861128522535176,-0.0009226445555826,7.3785064085510825,0.00030000000000000003,0.0,3797.0,5.6619311301187025e-05,-0.0015913405586642781
3.6861694715648183,-0.0009324322586318714,7.376915067992418,0.00028571428571428574,0.0,3798.0,5.6619311300742936e-05,-0.0015913405586642781
3.6862260908761195,-0.0009422199616811428,7.375323727433754,0.00027142857142857144,0.0,3799.0,5.6619311301187025e-05,-0.0015913405586642781
3.6862827101874207,-0.0009520076647304142,7.37373238687509,0.00025714285714285715,0.0,3800.0,5.6619311301187025e-05,-0.0015913405586642781
3.686339329498722,-0.0009617953677796856,7.372141046316426,0.00024285714285714286,0.0,3801.0,5.6619311301187025e-05,-0.00159134055866339
3.6863959488100226,-0.0009715830708289571,7.370549705757762,0.00022857142857142857,0.0,3802.0,5.6619311300742936e-05,-0.0015913405586642781
3.686452568121324,-0.0009813707738782285,7.368958365199098,0.00021428571428571427,0.0,3803.0,5.6619311301187025e-05,-0.0015913405586642781
3.686509187432625,-0.0009911584769275,7.3673670246404335,0.0002,0.0,3804.0,5.6619311301187025e-05,-0.0015913405586642781
3.6865623884838112,-0.0010022574939398642,7.363849701213115,0.0002,0.0,3805.0,5.3201051186224646e-05,-0.003517323427318253
3.6866155895349975,-0.0010133565109522284,7.360332377785798,0.0002,0.0,3806.0,5.3201051186224646e-05,-0.003517323427317365
3.6866687905861837,-0.0010244555279645927,7.35681505435848,0.0002,0.0,3807.0,5.3201051186224646e-05,-0.003517323427318253
3.6867219916373695,-0.0010355545449769572,7.353297730931161,0.0002,0.0,3808.0,5.320105118578056e-05,-0.003517323427318253
3.6867751926885557,-0.0010466535619893214,7.349780407503844,0.0002,0.0,3809.0,5.3201051186224646e-05,-0.003517323427317365
3.686828393739742,-0.0010577525790016857,7.346263084076526,0.0002,0.0,3810.0,5.3201051186224646e-05,-0.003517323427318253
3.686881594790928,-0.00106885159601405,7.3427457606492075,0.0002,0.0,3811.0,5.3201051186224646e-05,-0.003517323427318253
3.6869347958421144,-0.0010799506130264142,7.33922843722189,0.0002,0.0,3812.0,5.3201051186224646e-05,-0.003517323427317365
3.6869879968933006,-0.0010910496300387785,7.335711113794572,0.0002,0.0,3813.0,5.3201051186224646e-05,-0.003517323427318253
3.687041197944487,-0.0011021486470511428,7.3321937903672545,0.0002,0.0,3814.0,5.3201051186224646e-05,-0.003517323427317365
3.6870943989956726,-0.0011132476640635072,7.328676466939936,0.0002,0.0,3815.0,5.320105118578056e-05,-0.003517323427318253
3.687147600046859,-0.0011243466810758715,7.325159143512618,0.0002,0.0,3816.0,5.3201051186224646e-05,-0.003517323427318253
3.687200801098045,-0.0011354456980882358,7.321641820085301,0.0002,0.0,3817.0,5.3201051186224646e-05,-0.003517323427317365
3.6872540021492313,-0.0011465447151006,7.318124496657982,0.0002,0.0,3818.0,5.3201051186224646e-05,-0.003517323427318253
3.687318371365208,-0.0010921941694257715,7.316973989779255,0.0002142857142857143,0.0,3819.0,6.436921597652301e-05,-0.0011505068787274197
3.6873827405811843,-0.001037843623750943,7.3158234829005275,0.0002285714285714286,0.0,3820.0,6.436921597652301e-05,-0.0011505068787274197
3.687447109797161,-0.0009834930780761144,7.3146729760218,0.00024285714285714286,0.0,3821.0,6.436921597652301e-05,-0.0011505068787274197
3.6875114790131374,-0.0009291425324012858,7.313522469143073,0.00025714285714285715,0.0,3822.0,6.436921597652301e-05,-0.0011505068787274197
3.687575848229114,-0.0008747919867264571,7.312371962264345,0.00027142857142857144,0.0,3823.0,6.436921597652301e-05,-0.0011505068787274197
3.6876402174450904,-0.0008204414410516286,7.311221455385618,0.00028571428571428574,0.0,3824.0,6.436921597652301e-05,-0.0011505068787274197
3.6877045866610674,-0.0007660908953768,7.310070948506891,0.00030000000000000003,0.0,3825.0,6.43692159769671e-05,-0.0011505068787265316
3.687768955877044,-0.0007117403497019715,7.308920441628164,0.0003142857142857143,0.0,3826.0,6.436921597652301e-05,-0.0011505068787274197
3.6878333250930204,-0.0006573898040271429,7.3077699347494365,0.0003285714285714286,0.0,3827.0,6.436921597652301e-05,-0.0011505068787274197
3.687897694308997,-0.0006030392583523144,7.306619427870709,0.0003428571428571429,0.0,3828.0,6.436921597652301e-05,-0.0011505068787274197
3.6879620635249735,-0.0005486887126774858,7.305468920991982,0.00035714285714285714,0.0,3829.0,6.436921597652301e-05,-0.0011505068787274197
3.68802643274095,-0.0004943381670026571,7.304318414113254,0.00037142857142857143,0.0,3830.0,6.436921597652301e-05,-0.0011505068787274197
3.6880908019569265,-0.0004399876213278286,7.303167907234527,0.0003857142857142857,0.0,3831.0,6.436921597652301e-05,-0.0011505068787274197
3.688155171172903,-0.000385637075653,7.302017400355799,0.0004,0.0,3832.0,6.436921597652301e-05,-0.0011505068787274197
3.688209553786689,-0.00045642934030408575,7.300308087404955,0.0004,0.0,3833.0,5.438261378598597e-05,-0.0017093129508447547
3.6882639364004755,-0.0005272216049551715,7.298598774454111,0.0004,0.0,3834.0,5.4382613786430056e-05,-0.0017093129508438665
3.6883183190142614,-0.0005980138696062571,7.296889461503266,0.0004,0.0,3835.0,5.438261378598597e-05,-0.0017093129508447547
3.6883727016280474,-0.0006688061342573429,7.295180148552422,0.0004,0.0,3836.0,5.438261378598597e-05,-0.0017093129508438665
3.688427084241834,-0.0007395983989084286,7.293470835601577,0.0004,0.0,3837.0,5.4382613786430056e-05,-0.0017093129508447547
3.68848146685562,-0.0008103906635595142,7.2917615226507335,0.0004,0.0,3838.0,5.438261378598597e-05,-0.0017093129508438665
3.6885358494694063,-0.0008811829282106,7.290052209699889,0.0004,0.0,3839.0,5.4382613786430056e-05,-0.0017093129508447547
3.6885902320831923,-0.0009519751928616857,7.288342896749044,0.0004,0.0,3840.0,5.438261378598597e-05,-0.0017093129508447547
3.6886446146969782,-0.0010227674575127713,7.2866335837982,0.0004,0.0,3841.0,5.438261378598597e-05,-0.0017093129508438665
3.6886989973107647,-0.0010935597221638572,7.284924270847355,0.0004,0.0,3842.0,5.4382613786430056e-05,-0.0017093129508447547
3.6887533799245507,-0.0011643519868149428,7.2832149578965115,0.0004,0.0,3843.0,5.438261378598597e-05,-0.0017093129508438665
3.6888077625383366,-0.0012351442514660286,7.281505644945667,0.0004,0.0,3844.0,5.438261378598597e-05,-0.0017093129508447547
3.688862145152123,-0.0013059365161171143,7.279796331994823,0.0004,0.0,3845.0,5.4382613786430056e-05,-0.0017093129508438665
3.688916527765909,-0.0013767287807682,7.278087019043978,0.0004,0.0,3846.0,5.438261378598597e-05,-0.0017093129508447547
3.6889696497211464,-0.0013088399226711285,7.27538540341848,0.0003857142857142857,0.0,3847.0,5.312195523732299e-05,-0.0027016156254981993
3.6890227716763837,-0.0012409510645740572,7.272683787792983,0.00037142857142857143,0.0,3848.0,5.312195523732299e-05,-0.002701615625497311
3.6890758936316215,-0.0011730622064769856,7.269982172167484,0.00035714285714285714,0.0,3849.0,5.312195523776708e-05,-0.0027016156254981993
3.689129015586859,-0.0011051733483799142,7.267280556541986,0.00034285714285714285,0.0,3850.0,5.312195523732299e-05,-0.0027016156254981993
3.689182137542096,-0.0010372844902828428,7.264578940916488,0.00032857142857142856,0.0,3851.0,5.312195523732299e-05,-0.0027016156254981993
3.6892352594973334,-0.0009693956321857715,7.261877325290991,0.0003142857142857143,0.0,3852.0,5.312195523732299e-05,-0.002701615625497311
3.6892883814525708,-0.0009015067740887,7.2591757096654925,0.00030000000000000003,0.0,3853.0,5.312195523732299e-05,-0.0027016156254981993
3.6893415034078085,-0.0008336179159916286,7.256474094039994,0.00028571428571428574,0.0,3854.0,5.312195523776708e-05,-0.0027016156254981993
3.689394625363046,-0.0007657290578945572,7.253772478414497,0.00027142857142857144,0.0,3855.0,5.312195523732299e-05,-0.002701615625497311
3.689447747318283,-0.0006978401997974858,7.251070862788999,0.00025714285714285715,0.0,3856.0,5.312195523732299e-05,-0.0027016156254981993
3.6895008692735205,-0.0006299513417004144,7.248369247163501,0.00024285714285714286,0.0,3857.0,5.312195523732299e-05,-0.0027016156254981993
3.6895539912287583,-0.000562062483603343,7.245667631538002,0.00022857142857142857,0.0,3858.0,5.312195523776708e-05,-0.0027016156254981993
3.6896071131839956,-0.0004941736255062715,7.242966015912505,0.00021428571428571427,0.0,3859.0,5.312195523732299e-05,-0.002701615625497311
3.689660235139233,-0.0004262847674092,7.240264400287007,0.0002,0.0,3860.0,5.312195523732299e-05,-0.0027016156254981993
3.689701681644099,-0.0005087365114508533,7.239854186906324,0.0002,0.0,3861.0,4.144650486592738e-05,-0.00041021338068247815
3.6897431281489648,-0.0005911882554925067,7.239443973525642,0.0002,0.0,3862.0,4.144650486592738e-05,-0.00041021338068247815
3.6897845746538307,-0.0006736399995341599,7.239033760144959,0.0002,0.0,3863.0,4.144650486592738e-05,-0.0004102133806833663
3.6898260211586966,-0.0007560917435758133,7.238623546764276,0.0002,0.0,3864.0,4.144650486592738e-05,-0.00041021338068247815
3.6898674676635626,-0.0008385434876174667,7.238213333383594,0.0002,0.0,3865.0,4.144650486592738e-05,-0.00041021338068247815
3.6899089141684285,-0.0009209952316591199,7.237803120002911,0.0002,0.0,3866.0,4.144650486592738e-05,-0.00041021338068247815
3.6899503606732944,-0.0010034469757007733,7.237392906622229,0.0002,0.0,3867.0,4.144650486592738e-05,-0.00041021338068247815
3.6899918071781608,-0.0010858987197424265,7.236982693241545,0.0002,0.0,3868.0,4.144650486637147e-05,-0.0004102133806833663
3.6900332536830267,-0.00116835046378408,7.236572479860863,0.0002,0.0,3869.0,4.144650486592738e-05,-0.00041021338068247815
3.6900747001878926,-0.0012508022078257333,7.23616226648018,0.0002,0.0,3870.0,4.144650486592738e-05,-0.00041021338068247815
3.6901161466927586,-0.0013332539518673865,7.235752053099498,0.0002,0.0,3871.0,4.144650486592738e-05,-0.00041021338068247815
3.6901575931976245,-0.0014157056959090398,7.235341839718815,0.0002,0.0,3872.0,4.144650486592738e-05,-0.00041021338068247815
3.6901990397024904,-0.0014981574399506932,7.234931626338132,0.0002,0.0,3873.0,4.144650486592738e-05,-0.0004102133806833663
3.6902404862073563,-0.0015806091839923465,7.2345214129574495,0.0002,0.0,3874.0,4.144650486592738e-05,-0.00041021338068247815
3.6902819327122223,-0.001663060928034,7.234111199576767,0.0002,0.0,3875.0,4.144650486592738e-05,-0.00041021338068247815
3.690335462545444,-0.0016854390976245499,7.232342131217564,0.0002,0.0,3876.0,5.352983322159943e-05,-0.0017690683592030965
3.6903889923786655,-0.0017078172672151,7.230573062858361,0.0002,0.0,3877.0,5.352983322159943e-05,-0.0017690683592030965
3.690442522211887,-0.00173019543680565,7.228803994499159,0.0002,0.0,3878.0,5.352983322159943e-05,-0.0017690683592022083
3.690496052045109,-0.0017525736063962,7.227034926139956,0.0002,0.0,3879.0,5.352983322204352e-05,-0.0017690683592030965
3.6905495818783307,-0.00177495177598675,7.2252658577807525,0.0002,0.0,3880.0,5.352983322159943e-05,-0.0017690683592030965
3.6906031117115523,-0.0017973299455773001,7.223496789421549,0.0002,0.0,3881.0,5.352983322159943e-05,-0.0017690683592030965
3.690656641544774,-0.00181970811516785,7.221727721062347,0.0002,0.0,3882.0,5.352983322159943e-05,-0.0017690683592022083
3.6907101713779955,-0.0018420862847584,7.219958652703144,0.0002,0.0,3883.0,5.352983322159943e-05,-0.0017690683592030965
3.690763701211217,-0.00186446445434895,7.218189584343941,0.0002,0.0,3884.0,5.352983322159943e-05,-0.0017690683592030965
3.6908172310444387,-0.0018868426239395,7.216420515984738,0.0002,0.0,3885.0,5.352983322159943e-05,-0.0017690683592030965
3.6908707608776608,-0.0019092207935300501,7.214651447625535,0.0002,0.0,3886.0,5.352983322204352e-05,-0.0017690683592030965
3.6909242907108823,-0.0019315989631206,7.212882379266333,0.0002,0.0,3887.0,5.352983322159943e-05,-0.0017690683592022083
3.690977820544104,-0.00195397713271115,7.2111133109071295,0.0002,0.0,3888.0,5.352983322159943e-05,-0.0017690683592030965
3.6910313503773255,-0.0019763553023017,7.209344242547926,0.0002,0.0,3889.0,5.352983322159943e-05,-0.0017690683592030965
3.6910801231994874,-0.001971400992798143,7.206615868014041,0.0002,0.0,3890.0,4.8772822161868845e-05,-0.0027283745338850807
3.6911288960216493,-0.001966446683294586,7.203887493480157,0.0002,0.0,3891.0,4.8772822161868845e-05,-0.0027283745338841925
3.691177668843811,-0.0019614923737910285,7.201159118946272,0.0002,0.0,3892.0,4.8772822161868845e-05,-0.0027283745338850807
3.6912264416659726,-0.0019565380642874715,7.198430744412388,0.0002,0.0,3893.0,4.8772822161424756e-05,-0.0027283745338841925
3.6912752144881344,-0.0019515837547839144,7.195702369878503,0.0002,0.0,3894.0,4.8772822161868845e-05,-0.0027283745338850807
3.6913239873102963,-0.0019466294452803571,7.192973995344619,0.0002,0.0,3895.0,4.8772822161868845e-05,-0.0027283745338841925
3.691372760132458,-0.0019416751357768,7.1902456208107335,0.0002,0.0,3896.0,4.8772822161868845e-05,-0.0027283745338850807
3.69142153295462,-0.001936720826273243,7.187517246276848,0.0002,0.0,3897.0,4.8772822161868845e-05,-0.0027283745338850807
3.691470305776782,-0.0019317665167696858,7.184788871742964,0.0002,0.0,3898.0,4.8772822161868845e-05,-0.0027283745338841925
3.691519078598944,-0.0019268122072661287,7.182060497209079,0.0002,0.0,3899.0,4.8772822161868845e-05,-0.0027283745338850807
3.691567851421105,-0.0019218578977625714,7.179332122675195,0.0002,0.0,3900.0,4.8772822161424756e-05,-0.0027283745338841925
3.691616624243267,-0.0019169035882590144,7.17660374814131,0.0002,0.0,3901.0,4.8772822161868845e-05,-0.0027283745338850807
3.691665397065429,-0.0019119492787554571,7.173875373607426,0.0002,0.0,3902.0,4.8772822161868845e-05,-0.0027283745338841925
3.691714169887591,-0.0019069949692519,7.171146999073541,0.0002,0.0,3903.0,4.8772822161868845e-05,-0.0027283745338850807
3.6917644858088123,-0.0018433845732762715,7.172218950003656,0.0002142857142857143,0.0,3904.0,5.031592122151096e-05,0.0010719509301155838
3.691814801730034,-0.001779774177300643,7.173290900933771,0.0002285714285714286,0.0,3905.0,5.031592122151096e-05,0.0010719509301146957
3.6918651176512554,-0.0017161637813250144,7.1743628518638864,0.00024285714285714286,0.0,3906.0,5.031592122151096e-05,0.0010719509301155838
3.6919154335724764,-0.0016525533853493858,7.175434802794001,0.00025714285714285715,0.0,3907.0,5.031592122106687e-05,0.0010719509301146957
3.691965749493698,-0.0015889429893737573,7.176506753724117,0.00027142857142857144,0.0,3908.0,5.031592122151096e-05,0.0010719509301155838
3.6920160654149194,-0.0015253325933981287,7.177578704654231,0.00028571428571428574,0.0,3909.0,5.031592122151096e-05,0.0010719509301146957
3.692066381336141,-0.0014617221974225002,7.178650655584347,0.00030000000000000003,0.0,3910.0,5.031592122151096e-05,0.0010719509301155838
3.6921166972573625,-0.0013981118014468716,7.179722606514463,0.0003142857142857143,0.0,3911.0,5.031592122151096e-05,0.0010719509301155838
3.692167013178584,-0.0013345014054712428,7.180794557444577,0.0003285714285714286,0.0,3912.0,5.031592122151096e-05,0.0010719509301146957
3.6922173290998055,-0.0012708910094956143,7.181866508374693,0.0003428571428571429,0.0,3913.0,5.031592122151096e-05,0.0010719509301155838
3.6922676450210266,-0.0012072806135199857,7.182938459304808,0.00035714285714285714,0.0,3914.0,5.031592122106687e-05,0.0010719509301146957
3.692317960942248,-0.0011436702175443572,7.184010410234923,0.00037142857142857143,0.0,3915.0,5.031592122151096e-05,0.0010719509301155838
3.6923682768634696,-0.0010800598215687286,7.185082361165038,0.0003857142857142857,0.0,3916.0,5.031592122151096e-05,0.0010719509301146957
3.692418592784691,-0.0010164494255931,7.186154312095153,0.0004,0.0,3917.0,5.031592122151096e-05,0.0010719509301155838
3.692459791121668,-0.0010260058701866072,7.184207399129166,0.0004,0.0,3918.0,4.119833697702191e-05,-0.0019469129659874795
3.6925009894586456,-0.0010355623147801144,7.1822604861631785,0.0004,0.0,3919.0,4.1198336977466e-05,-0.0019469129659874795
3.6925421877956226,-0.0010451187593736215,7.18031357319719,0.0004,0.0,3920.0,4.119833697702191e-05,-0.0019469129659883677
3.6925833861325996,-0.0010546752039671285,7.178366660231203,0.0004,0.0,3921.0,4.119833697702191e-05,-0.0019469129659874795
3.6926245844695766,-0.0010642316485606357,7.176419747265215,0.0004,0.0,3922.0,4.119833697702191e-05,-0.0019469129659874795
3.692665782806554,-0.0010737880931541428,7.174472834299228,0.0004,0.0,3923.0,4.1198336977466e-05,-0.0019469129659874795
3.692706981143531,-0.00108334453774765,7.172525921333239,0.0004,0.0,3924.0,4.119833697702191e-05,-0.0019469129659883677
3.692748179480508,-0.0010929009823411572,7.170579008367252,0.0004,0.0,3925.0,4.119833697702191e-05,-0.0019469129659874795
3.6927893778174856,-0.0011024574269346643,7.168632095401264,0.0004,0.0,3926.0,4.1198336977466e-05,-0.0019469129659874795
3.6928305761544626,-0.0011120138715281715,7.166685182435277,0.0004,0.0,3927.0,4.119833697702191e-05,-0.0019469129659874795
3.6928717744914397,-0.0011215703161216784,7.164738269469289,0.0004,0.0,3928.0,4.119833697702191e-05,-0.0019469129659874795
3.6929129728284167,-0.0011311267607151856,7.162791356503301,0.0004,0.0,3929.0,4.119833697702191e-05,-0.0019469129659883677
3.692954171165394,-0.0011406832053086928,7.1608444435373135,0.0004,0.0,3930.0,4.1198336977466e-05,-0.0019469129659874795
3.692995369502371,-0.0011502396499022,7.158897530571326,0.0004,0.0,3931.0,4.119833697702191e-05,-0.0019469129659874795
3.6930335308438385,-0.0012589673129707786,7.157116307648596,0.0003857142857142857,0.0,3932.0,3.81613414672799e-05,-0.0017812229227303078
3.693071692185306,-0.001367694976039357,7.155335084725866,0.00037142857142857143,0.0,3933.0,3.8161341467723986e-05,-0.0017812229227294196
3.6931098535267735,-0.0014764226391079356,7.153553861803136,0.00035714285714285714,0.0,3934.0,3.81613414672799e-05,-0.0017812229227303078
3.6931480148682407,-0.0015851503021765143,7.151772638880407,0.00034285714285714285,0.0,3935.0,3.81613414672799e-05,-0.0017812229227294196
3.693186176209708,-0.0016938779652450927,7.149991415957676,0.00032857142857142856,0.0,3936.0,3.81613414672799e-05,-0.0017812229227303078
3.6932243375511757,-0.0018026056283136714,7.148210193034947,0.0003142857142857143,0.0,3937.0,3.8161341467723986e-05,-0.0017812229227294196
3.693262498892643,-0.0019113332913822498,7.146428970112217,0.00030000000000000003,0.0,3938.0,3.81613414672799e-05,-0.0017812229227303078
3.6933006602341103,-0.0020200609544508284,7.144647747189486,0.00028571428571428574,0.0,3939.0,3.81613414672799e-05,-0.0017812229227303078
3.693338821575578,-0.002128788617519407,7.142866524266757,0.00027142857142857144,0.0,3940.0,3.8161341467723986e-05,-0.0017812229227294196
3.6933769829170453,-0.0022375162805879857,7.1410853013440265,0.00025714285714285715,0.0,3941.0,3.81613414672799e-05,-0.0017812229227303078
3.6934151442585126,-0.002346243943656564,7.139304078421297,0.00024285714285714286,0.0,3942.0,3.81613414672799e-05,-0.0017812229227294196
3.69345330559998,-0.0024549716067251426,7.137522855498567,0.00022857142857142857,0.0,3943.0,3.81613414672799e-05,-0.0017812229227303078
3.6934914669414476,-0.0025636992697937212,7.135741632575837,0.00021428571428571427,0.0,3944.0,3.8161341467723986e-05,-0.0017812229227294196
3.693529628282915,-0.0026724269328623,7.133960409653107,0.0002,0.0,3945.0,3.81613414672799e-05,-0.0017812229227303078
3.693578002215143,-0.0026348189594018133,7.133728852619272,0.0002,0.0,3946.0,4.837393222834052e-05,-0.0002315570338353723
3.693626376147372,-0.0025972109859413264,7.133497295585436,0.0002,0.0,3947.0,4.837393222878461e-05,-0.0002315570338353723
3.6936747500796003,-0.00255960301248084,7.1332657385516,0.0002,0.0,3948.0,4.837393222834052e-05,-0.00023155703383626047
3.6937231240118287,-0.0025219950390203533,7.133034181517765,0.0002,0.0,3949.0,4.837393222834052e-05,-0.0002315570338353723
3.6937714979440575,-0.002484387065559867,7.132802624483929,0.0002,0.0,3950.0,4.837393222878461e-05,-0.0002315570338353723
3.693819871876286,-0.00244677909209938,7.132571067450094,0.0002,0.0,3951.0,4.837393222834052e-05,-0.0002315570338353723
3.693868245808514,-0.0024091711186388933,7.132339510416259,0.0002,0.0,3952.0,4.837393222834052e-05,-0.0002315570338353723
3.693916619740743,-0.0023715631451784068,7.132107953382422,0.0002,0.0,3953.0,4.837393222878461e-05,-0.00023155703383626047
3.6939649936729713,-0.0023339551717179202,7.131876396348587,0.0002,0.0,3954.0,4.837393222834052e-05,-0.0002315570338353723
3.6940133676051996,-0.0022963471982574333,7.131644839314752,0.0002,0.0,3955.0,4.837393222834052e-05,-0.0002315570338353723
3.6940617415374284,-0.0022587392247969467,7.131413282280916,0.0002,0.0,3956.0,4.837393222878461e-05,-0.0002315570338353723
3.6941101154696567,-0.00222113125133646,7.131181725247081,0.0002,0.0,3957.0,4.837393222834052e-05,-0.0002315570338353723
3.694158489401885,-0.0021835232778759737,7.130950168213245,0.0002,0.0,3958.0,4.837393222834052e-05,-0.00023155703383626047
3.694206863334114,-0.0021459153044154867,7.130718611179409,0.0002,0.0,3959.0,4.837393222878461e-05,-0.0002315570338353723
3.694255237266342,-0.002108307330955,7.130487054145574,0.0002,0.0,3960.0,4.837393222834052e-05,-0.0002315570338353723
3.6942990693118554,-0.0019018145151246716,7.129797679067043,0.0002142857142857143,0.0,3961.0,4.3832045513170215e-05,-0.0006893750785303965
3.694342901357368,-0.001695321699294343,7.129108303988513,0.0002285714285714286,0.0,3962.0,4.3832045512726125e-05,-0.0006893750785303965
3.6943867334028813,-0.0014888288834640144,7.128418928909983,0.00024285714285714286,0.0,3963.0,4.3832045513170215e-05,-0.0006893750785303965
3.694430565448394,-0.0012823360676336858,7.127729553831451,0.00025714285714285715,0.0,3964.0,4.3832045512726125e-05,-0.0006893750785312847
3.694474397493907,-0.0010758432518033572,7.127040178752921,0.00027142857142857144,0.0,3965.0,4.3832045513170215e-05,-0.0006893750785303965
3.69451822953942,-0.0008693504359730286,7.1263508036743906,0.00028571428571428574,0.0,3966.0,4.3832045512726125e-05,-0.0006893750785303965
3.694562061584933,-0.0006628576201427,7.12566142859586,0.00030000000000000003,0.0,3967.0,4.3832045513170215e-05,-0.0006893750785303965
3.6946058936304462,-0.0004563648043123714,7.12497205351733,0.0003142857142857143,0.0,3968.0,4.3832045513170215e-05,-0.0006893750785303965
3.694649725675959,-0.0002498719884820428,7.124282678438799,0.0003285714285714286,0.0,3969.0,4.3832045512726125e-05,-0.0006893750785303965
3.694693557721472,-4.337917265171418e-05,7.123593303360269,0.0003428571428571429,0.0,3970.0,4.3832045513170215e-05,-0.0006893750785303965
3.694737389766985,0.00016311364317861442,7.122903928281738,0.00035714285714285714,0.0,3971.0,4.3832045512726125e-05,-0.0006893750785312847
3.694781221812498,0.000369606459008943,7.122214553203207,0.00037142857142857143,0.0,3972.0,4.3832045513170215e-05,-0.0006893750785303965
3.6948250538580107,0.0005760992748392716,7.121525178124677,0.0003857142857142857,0.0,3973.0,4.3832045512726125e-05,-0.0006893750785303965
3.694868885903524,0.0007825920906696,7.1208358030461465,0.0004,0.0,3974.0,4.3832045513170215e-05,-0.0006893750785303965
3.6949117429492593,0.0006364487066960143,7.119824712043451,0.0004,0.0,3975.0,4.2857045735367194e-05,-0.0010110910026952524
3.6949545999949946,0.0004903053227224285,7.118813621040756,0.0004,0.0,3976.0,4.2857045735367194e-05,-0.0010110910026952524
3.6949974570407296,0.00034416193874884293,7.117802530038062,0.0004,0.0,3977.0,4.2857045734923105e-05,-0.0010110910026943642
3.695040314086465,0.0001980185547752572,7.116791439035366,0.0004,0.0,3978.0,4.2857045735367194e-05,-0.0010110910026952524
3.6950831711322003,5.18751708016715e-05,7.115780348032671,0.0004,0.0,3979.0,4.2857045735367194e-05,-0.0010110910026952524
3.6951260281779357,-9.42682131719142e-05,7.114769257029976,0.0004,0.0,3980.0,4.2857045735367194e-05,-0.0010110910026952524
3.695168885223671,-0.0002404115971454999,7.1137581660272815,0.0004,0.0,3981.0,4.2857045735367194e-05,-0.0010110910026943642
3.695211742269406,-0.0003865549811190856,7.112747075024586,0.0004,0.0,3982.0,4.2857045734923105e-05,-0.0010110910026952524
3.6952545993151413,-0.0005326983650926713,7.111735984021891,0.0004,0.0,3983.0,4.2857045735367194e-05,-0.0010110910026952524
3.6952974563608767,-0.0006788417490662571,7.110724893019196,0.0004,0.0,3984.0,4.2857045735367194e-05,-0.0010110910026952524
3.695340313406612,-0.0008249851330398427,7.1097138020165005,0.0004,0.0,3985.0,4.2857045735367194e-05,-0.0010110910026952524
3.695383170452347,-0.0009711285170134284,7.108702711013806,0.0004,0.0,3986.0,4.2857045734923105e-05,-0.0010110910026943642
3.6954260274980824,-0.0011172719009870141,7.107691620011111,0.0004,0.0,3987.0,4.2857045735367194e-05,-0.0010110910026952524
3.6954688845438177,-0.0012634152849606,7.106680529008416,0.0004,0.0,3988.0,4.2857045735367194e-05,-0.0010110910026952524
3.6955028743058134,-0.0012390579584819143,7.104853925805663,0.0004,0.0,3989.0,3.3989761995645296e-05,-0.0018266032027529633
3.695536864067809,-0.0012147006320032286,7.103027322602911,0.0004,0.0,3990.0,3.3989761995645296e-05,-0.001826603202752075
3.6955708538298047,-0.001190343305524543,7.101200719400158,0.0004,0.0,3991.0,3.3989761995645296e-05,-0.0018266032027529633
3.6956048435918,-0.0011659859790458572,7.0993741161974055,0.0004,0.0,3992.0,3.3989761995201206e-05,-0.001826603202752075
3.6956388333537955,-0.0011416286525671713,7.097547512994653,0.0004,0.0,3993.0,3.3989761995645296e-05,-0.0018266032027529633
3.695672823115791,-0.0011172713260884856,7.0957209097919005,0.0004,0.0,3994.0,3.3989761995645296e-05,-0.001826603202752075
3.695706812877787,-0.0010929139996098,7.0938943065891475,0.0004,0.0,3995.0,3.3989761995645296e-05,-0.0018266032027529633
3.6957408026397824,-0.0010685566731311142,7.092067703386395,0.0004,0.0,3996.0,3.3989761995645296e-05,-0.0018266032027529633
3.695774792401778,-0.0010441993466524285,7.0902411001836425,0.0004,0.0,3997.0,3.3989761995645296e-05,-0.001826603202752075
3.6958087821637737,-0.0010198420201737429,7.0884144969808895,0.0004,0.0,3998.0,3.3989761995645296e-05,-0.0018266032027529633
3.695842771925769,-0.0009954846936950572,7.0865878937781375,0.0004,0.0,3999.0,3.3989761995201206e-05,-0.001826603202752075
3.6958767616877646,-0.0009711273672163714,7.0847612905753845,0.0004,0.0,4000.0,3.3989761995645296e-05,-0.0018266032027529633
3.6959107514497602,-0.0009467700407376857,7.082934687372632,0.0004,0.0,4001.0,3.3989761995645296e-05,-0.001826603202752075
3.695944741211756,-0.000922412714259,7.0811080841698795,0.0004,0.0,4002.0,3.3989761995645296e-05,-0.0018266032027529633
3.695987666372864,-0.0009451945452622286,7.080014096843024,0.0003857142857142857,0.0,4003.0,4.292516110826483e-05,-0.0010939873268558387
3.6960305915339724,-0.0009679763762654571,7.078920109516169,0.00037142857142857143,0.0,4004.0,4.292516110826483e-05,-0.0010939873268549505
3.696073516695081,-0.0009907582072686857,7.077826122189313,0.00035714285714285714,0.0,4005.0,4.292516110870892e-05,-0.0010939873268558387
3.6961164418561894,-0.0010135400382719143,7.076732134862458,0.00034285714285714285,0.0,4006.0,4.292516110826483e-05,-0.0010939873268549505
3.6961593670172976,-0.001036321869275143,7.075638147535602,0.00032857142857142856,0.0,4007.0,4.292516110826483e-05,-0.0010939873268558387
3.696202292178406,-0.0010591037002783714,7.074544160208747,0.0003142857142857143,0.0,4008.0,4.292516110826483e-05,-0.0010939873268549505
3.696245217339514,-0.0010818855312816,7.073450172881891,0.00030000000000000003,0.0,4009.0,4.292516110826483e-05,-0.0010939873268558387
3.696288142500623,-0.0011046673622848286,7.072356185555035,0.00028571428571428574,0.0,4010.0,4.292516110870892e-05,-0.0010939873268558387
3.696331067661731,-0.0011274491932880572,7.0712621982281805,0.00027142857142857144,0.0,4011.0,4.292516110826483e-05,-0.0010939873268549505
3.6963739928228394,-0.0011502310242912858,7.070168210901325,0.00025714285714285715,0.0,4012.0,4.292516110826483e-05,-0.0010939873268558387
3.6964169179839477,-0.0011730128552945144,7.06907422357447,0.00024285714285714286,0.0,4013.0,4.292516110826483e-05,-0.0010939873268549505
3.6964598431450564,-0.0011957946862977428,7.067980236247614,0.00022857142857142857,0.0,4014.0,4.292516110870892e-05,-0.0010939873268558387
3.6965027683061646,-0.0012185765173009715,7.066886248920759,0.00021428571428571427,0.0,4015.0,4.292516110826483e-05,-0.0010939873268549505
3.696545693467273,-0.0012413583483042,7.065792261593903,0.0002,0.0,4016.0,4.292516110826483e-05,-0.0010939873268558387
3.696580040322178,-0.00133854909972346,7.065323918669068,0.0002,0.0,4017.0,3.434685490510958e-05,-0.0004683429248348858
3.6966143871770827,-0.00143573985114272,7.064855575744233,0.0002,0.0,4018.0,3.434685490466549e-05,-0.0004683429248348858
3.696648734031988,-0.00153293060256198,7.064387232819398,0.0002,0.0,4019.0,3.434685490510958e-05,-0.0004683429248348858
3.696683080886893,-0.0016301213539812402,7.0639188898945635,0.0002,0.0,4020.0,3.434685490510958e-05,-0.0004683429248348858
3.6967174277417976,-0.0017273121054005001,7.063450546969729,0.0002,0.0,4021.0,3.434685490466549e-05,-0.0004683429248348858
3.6967517745967027,-0.00182450285681976,7.062982204044894,0.0002,0.0,4022.0,3.434685490510958e-05,-0.0004683429248348858
3.696786121451608,-0.00192169360823902,7.062513861120059,0.0002,0.0,4023.0,3.434685490510958e-05,-0.0004683429248348858
3.6968204683065125,-0.00201888435965828,7.062045518195224,0.0002,0.0,4024.0,3.434685490466549e-05,-0.0004683429248348858
3.6968548151614176,-0.00211607511107754,7.061577175270389,0.0002,0.0,4025.0,3.434685490510958e-05,-0.0004683429248348858
3.6968891620163227,-0.0022132658624968,7.061108832345554,0.0002,0.0,4026.0,3.434685490510958e-05,-0.0004683429248348858
3.6969235088712273,-0.00231045661391606,7.060640489420719,0.0002,0.0,4027.0,3.434685490466549e-05,-0.0004683429248348858
3.6969578557261324,-0.00240764736533532,7.060172146495884,0.0002,0.0,4028.0,3.434685490510958e-05,-0.0004683429248348858
3.6969922025810376,-0.00250483811675458,7.0597038035710495,0.0002,0.0,4029.0,3.434685490510958e-05,-0.0004683429248348858
3.697026549435942,-0.00260202886817384,7.059235460646215,0.0002,0.0,4030.0,3.434685490466549e-05,-0.0004683429248348858
3.6970608962908473,-0.0026992196195931,7.05876711772138,0.0002,0.0,4031.0,3.434685490510958e-05,-0.0004683429248348858
3.697101058137887,-0.002471204216636907,7.058286411189917,0.0002,0.0,4032.0,4.016184703958814e-05,-0.0004807065314631487
3.697141219984927,-0.0022431888136807145,7.0578057046584535,0.0002,0.0,4033.0,4.016184704003223e-05,-0.0004807065314631487
3.6971813818319665,-0.0020151734107245215,7.05732499812699,0.0002,0.0,4034.0,4.016184703958814e-05,-0.0004807065314631487
3.697221543679006,-0.0017871580077683286,7.056844291595527,0.0002,0.0,4035.0,4.016184703958814e-05,-0.0004807065314631487
3.697261705526046,-0.0015591426048121358,7.056363585064064,0.0002,0.0,4036.0,4.016184704003223e-05,-0.0004807065314631487
3.6973018673730857,-0.001331127201855943,7.055882878532601,0.0002,0.0,4037.0,4.016184703958814e-05,-0.0004807065314631487
3.697342029220126,-0.0011031117988997501,7.055402172001138,0.0002,0.0,4038.0,4.016184704003223e-05,-0.0004807065314631487
3.6973821910671654,-0.0008750963959435574,7.054921465469675,0.0002,0.0,4039.0,4.016184703958814e-05,-0.0004807065314631487
3.697422352914205,-0.0006470809929873645,7.054440758938211,0.0002,0.0,4040.0,4.016184703958814e-05,-0.0004807065314631487
3.697462514761245,-0.0004190655900311717,7.053960052406748,0.0002,0.0,4041.0,4.016184704003223e-05,-0.0004807065314631487
3.6975026766082846,-0.00019105018707497886,7.053479345875285,0.0002,0.0,4042.0,4.016184703958814e-05,-0.0004807065314631487
3.697542838455324,3.696521588121397e-05,7.052998639343822,0.0002,0.0,4043.0,4.016184703958814e-05,-0.0004807065314631487
3.697583000302364,0.00026498061883740683,7.052517932812359,0.0002,0.0,4044.0,4.016184704003223e-05,-0.0004807065314631487
3.697623162149404,0.0004929960217936,7.052037226280896,0.0002,0.0,4045.0,4.016184703958814e-05,-0.0004807065314631487
3.6976462304442848,0.0004249780079891643,7.051323360722277,0.0002142857142857143,0.0,4046.0,2.3068294880967954e-05,-0.0007138655586187426
3.697669298739166,0.0003569599941847286,7.050609495163658,0.0002285714285714286,0.0,4047.0,2.3068294881412044e-05,-0.0007138655586187426
3.697692367034047,0.00028894198038029287,7.0498956296050395,0.00024285714285714286,0.0,4048.0,2.3068294880967954e-05,-0.0007138655586187426
3.697715435328928,0.00022092396657585715,7.049181764046421,0.00025714285714285715,0.0,4049.0,2.3068294880967954e-05,-0.0007138655586187426
3.697738503623809,0.00015290595277142144,7.048467898487802,0.00027142857142857144,0.0,4050.0,2.3068294880967954e-05,-0.0007138655586187426
3.6977615719186905,8.488793896698572e-05,7.047754032929183,0.00028571428571428574,0.0,4051.0,2.3068294881412044e-05,-0.0007138655586187426
3.6977846402135714,1.6869925162550008e-05,7.0470401673705645,0.00030000000000000003,0.0,4052.0,2.3068294880967954e-05,-0.0007138655586187426
3.6978077085084524,-5.114808864188571e-05,7.046326301811946,0.0003142857142857143,0.0,4053.0,2.3068294880967954e-05,-0.0007138655586187426
3.697830776803334,-0.00011916610244632142,7.045612436253327,0.0003285714285714286,0.0,4054.0,2.3068294881412044e-05,-0.0007138655586187426
3.697853845098215,-0.00018718411625075714,7.044898570694708,0.0003428571428571429,0.0,4055.0,2.3068294880967954e-05,-0.0007138655586187426
3.6978769133930958,-0.00025520213005519285,7.0441847051360895,0.00035714285714285714,0.0,4056.0,2.3068294880967954e-05,-0.0007138655586187426
3.6978999816879767,-0.00032322014385962857,7.043470839577471,0.00037142857142857143,0.0,4057.0,2.3068294880967954e-05,-0.0007138655586187426
3.697923049982858,-0.0003912381576640643,7.042756974018852,0.0003857142857142857,0.0,4058.0,2.3068294881412044e-05,-0.0007138655586187426
3.697946118277739,-0.0004592561714685,7.042043108460233,0.0004,0.0,4059.0,2.3068294880967954e-05,-0.0007138655586187426
3.6979973875159327,-0.0004541742842519286,7.041500609487822,0.0003857142857142857,0.0,4060.0,5.12692381935409e-05,-0.0005424989724112095
3.698048656754126,-0.0004490923970353571,7.04095811051541,0.00037142857142857143,0.0,4061.0,5.12692381935409e-05,-0.0005424989724120977
3.6980999259923193,-0.0004440105098187857,7.040415611542999,0.00035714285714285714,0.0,4062.0,5.126923819309681e-05,-0.0005424989724112095
3.698151195230513,-0.0004389286226022143,7.039873112570588,0.00034285714285714285,0.0,4063.0,5.12692381935409e-05,-0.0005424989724112095
3.6982024644687064,-0.00043384673538564284,7.0393306135981755,0.00032857142857142856,0.0,4064.0,5.12692381935409e-05,-0.0005424989724120977
3.6982537337069,-0.0004287648481690714,7.038788114625764,0.0003142857142857143,0.0,4065.0,5.12692381935409e-05,-0.0005424989724112095
3.6983050029450935,-0.00042368296095249996,7.038245615653352,0.00030000000000000003,0.0,4066.0,5.12692381935409e-05,-0.0005424989724120977
3.6983562721832866,-0.00041860107373592855,7.037703116680941,0.00028571428571428574,0.0,4067.0,5.126923819309681e-05,-0.0005424989724112095
3.69840754142148,-0.00041351918651935714,7.03716061770853,0.00027142857142857144,0.0,4068.0,5.12692381935409e-05,-0.0005424989724112095
3.6984588106596736,-0.0004084372993027857,7.036618118736118,0.00025714285714285715,0.0,4069.0,5.12692381935409e-05,-0.0005424989724120977
3.698510079897867,-0.00040335541208621426,7.036075619763706,0.00024285714285714286,0.0,4070.0,5.12692381935409e-05,-0.0005424989724112095
3.6985613491360603,-0.00039827352486964285,7.035533120791295,0.00022857142857142857,0.0,4071.0,5.126923819309681e-05,-0.0005424989724112095
3.698612618374254,-0.0003931916376530714,7.034990621818883,0.00021428571428571427,0.0,4072.0,5.12692381935409e-05,-0.0005424989724120977
3.6986638876124474,-0.0003881097504365,7.034448122846472,0.0002,0.0,4073.0,5.12692381935409e-05,-0.0005424989724112095
3.698698812506296,-0.00038271548702282143,7.033153949308987,0.0002142857142857143,0.0,4074.0,3.492489384848696e-05,-0.001294173537484511
3.6987337374001443,-0.00037732122360914283,7.031859775771504,0.0002285714285714286,0.0,4075.0,3.492489384848696e-05,-0.0012941735374836227
3.698768662293993,-0.0003719269601954643,7.030565602234019,0.00024285714285714286,0.0,4076.0,3.492489384848696e-05,-0.001294173537484511
3.6988035871878413,-0.0003665326967817857,7.029271428696535,0.00025714285714285715,0.0,4077.0,3.492489384848696e-05,-0.001294173537484511
3.69883851208169,-0.00036113843336810713,7.027977255159051,0.00027142857142857144,0.0,4078.0,3.492489384848696e-05,-0.0012941735374836227
3.6988734369755383,-0.00035574416995442853,7.026683081621567,0.00028571428571428574,0.0,4079.0,3.492489384848696e-05,-0.001294173537484511
3.6989083618693868,-0.00035034990654075,7.025388908084083,0.00030000000000000003,0.0,4080.0,3.492489384848696e-05,-0.0012941735374836227
3.6989432867632357,-0.00034495564312707143,7.0240947345465985,0.0003142857142857143,0.0,4081.0,3.492489384893105e-05,-0.001294173537484511
3.698978211657084,-0.00033956137971339283,7.022800561009114,0.0003285714285714286,0.0,4082.0,3.492489384848696e-05,-0.001294173537484511
3.6990131365509327,-0.0003341671162997143,7.02150638747163,0.0003428571428571429,0.0,4083.0,3.492489384848696e-05,-0.0012941735374836227
3.699048061444781,-0.0003287728528860357,7.020212213934146,0.00035714285714285714,0.0,4084.0,3.492489384848696e-05,-0.001294173537484511
3.6990829863386296,-0.00032337858947235714,7.018918040396661,0.00037142857142857143,0.0,4085.0,3.492489384848696e-05,-0.001294173537484511
3.699117911232478,-0.0003179843260586786,7.017623866859178,0.0003857142857142857,0.0,4086.0,3.492489384848696e-05,-0.0012941735374836227
3.6991528361263266,-0.000312590062645,7.016329693321693,0.0004,0.0,4087.0,3.492489384848696e-05,-0.001294173537484511
3.6991817470505883,-0.00035312759685792144,7.016559501161564,0.0004,0.0,4088.0,2.891092426171582e-05,0.00022980783987058828
3.69921065797485,-0.00039366513107084284,7.016789309001434,0.0004,0.0,4089.0,2.891092426171582e-05,0.00022980783987058828
3.699239568899112,-0.0004342026652837643,7.017019116841305,0.0004,0.0,4090.0,2.891092426215991e-05,0.00022980783987058828
3.699268479823374,-0.00047474019949668574,7.0172489246811764,0.0004,0.0,4091.0,2.891092426171582e-05,0.00022980783987147646
3.6992973907476356,-0.0005152777337096071,7.017478732521047,0.0004,0.0,4092.0,2.891092426171582e-05,0.00022980783987058828
3.6993263016718974,-0.0005558152679225285,7.017708540360918,0.0004,0.0,4093.0,2.891092426171582e-05,0.00022980783987058828
3.6993552125961595,-0.00059635280213545,7.017938348200788,0.0004,0.0,4094.0,2.891092426215991e-05,0.00022980783987058828
3.6993841235204212,-0.0006368903363483714,7.018168156040659,0.0004,0.0,4095.0,2.891092426171582e-05,0.00022980783987058828
3.699413034444683,-0.0006774278705612928,7.018397963880529,0.0004,0.0,4096.0,2.891092426171582e-05,0.00022980783987058828
3.6994419453689447,-0.0007179654047742144,7.0186277717204,0.0004,0.0,4097.0,2.891092426171582e-05,0.00022980783987058828
3.6994708562932064,-0.0007585029389871357,7.0188575795602715,0.0004,0.0,4098.0,2.891092426171582e-05,0.00022980783987147646
3.6994997672174685,-0.0007990404732000571,7.019087387400142,0.0004,0.0,4099.0,2.891092426215991e-05,0.00022980783987058828
3.6995286781417303,-0.0008395780074129787,7.019317195240013,0.0004,0.0,4100.0,2.891092426171582e-05,0.00022980783987058828
3.699557589065992,-0.0008801155416259,7.019547003079883,0.0004,0.0,4101.0,2.891092426171582e-05,0.00022980783987058828
3.6995969211787165,-0.0008010802279593334,7.019286697924079,0.0004,0.0,4102.0,3.9332112724554946e-05,-0.00026030515580455216
3.6996362532914415,-0.0007220449142927667,7.019026392768273,0.0004,0.0,4103.0,3.9332112724999035e-05,-0.00026030515580544034
3.699675585404166,-0.0006430096006262001,7.018766087612469,0.0004,0.0,4104.0,3.9332112724554946e-05,-0.00026030515580455216
3.699714917516891,-0.0005639742869596334,7.018505782456664,0.0004,0.0,4105.0,3.9332112724999035e-05,-0.00026030515580455216
3.6997542496296156,-0.0004849389732930667,7.01824547730086,0.0004,0.0,4106.0,3.9332112724554946e-05,-0.00026030515580455216
3.6997935817423406,-0.0004059036596265,7.017985172145054,0.0004,0.0,4107.0,3.9332112724999035e-05,-0.00026030515580544034
3.699832913855065,-0.00032686834595993335,7.01772486698925,0.0004,0.0,4108.0,3.9332112724554946e-05,-0.00026030515580455216
3.69987224596779,-0.0002478330322933667,7.017464561833445,0.0004,0.0,4109.0,3.9332112724999035e-05,-0.00026030515580455216
3.6999115780805147,-0.00016879771862680004,7.0172042566776405,0.0004,0.0,4110.0,3.9332112724554946e-05,-0.00026030515580455216
3.6999509101932397,-8.976240496023335e-05,7.016943951521835,0.0004,0.0,4111.0,3.9332112724999035e-05,-0.00026030515580544034
3.6999902423059643,-1.0727091293666685e-05,7.0166836463660305,0.0004,0.0,4112.0,3.9332112724554946e-05,-0.00026030515580455216
3.7000295744186893,6.830822237289998e-05,7.016423341210226,0.0004,0.0,4113.0,3.9332112724999035e-05,-0.00026030515580455216
3.700068906531414,0.00014734353603946664,7.016163036054421,0.0004,0.0,4114.0,3.9332112724554946e-05,-0.00026030515580455216
3.700108238644139,0.00022637884970603332,7.015902730898616,0.0004,0.0,4115.0,3.9332112724999035e-05,-0.00026030515580544034
3.7001475707568634,0.0003054141633726,7.015642425742811,0.0004,0.0,4116.0,3.9332112724554946e-05,-0.00026030515580455216
3.7001803892051988,0.00011215459588175,7.01530575523951,0.0003857142857142857,0.0,4117.0,3.281844833535885e-05,-0.0003366705033016615
3.700213207653534,-8.110497160910001e-05,7.014969084736209,0.00037142857142857143,0.0,4118.0,3.281844833535885e-05,-0.0003366705033007733
3.7002460261018695,-0.00027436453909995004,7.014632414232907,0.00035714285714285714,0.0,4119.0,3.281844833535885e-05,-0.0003366705033016615
3.700278844550205,-0.0004676241065908,7.0142957437296065,0.00034285714285714285,0.0,4120.0,3.281844833535885e-05,-0.0003366705033007733
3.70031166299854,-0.00066088367408165,7.013959073226305,0.00032857142857142856,0.0,4121.0,3.281844833535885e-05,-0.0003366705033016615
3.7003444814468756,-0.0008541432415725,7.013622402723004,0.0003142857142857143,0.0,4122.0,3.281844833535885e-05,-0.0003366705033007733
3.700377299895211,-0.00104740280906335,7.013285732219702,0.00030000000000000003,0.0,4123.0,3.281844833535885e-05,-0.0003366705033016615
3.7004101183435463,-0.0012406623765542002,7.012949061716401,0.00028571428571428574,0.0,4124.0,3.281844833535885e-05,-0.0003366705033016615
3.7004429367918816,-0.0014339219440450501,7.0126123912131,0.00027142857142857144,0.0,4125.0,3.281844833535885e-05,-0.0003366705033007733
3.700475755240217,-0.0016271815115359001,7.012275720709798,0.00025714285714285715,0.0,4126.0,3.281844833535885e-05,-0.0003366705033016615
3.7005085736885523,-0.00182044107902675,7.0119390502064975,0.00024285714285714286,0.0,4127.0,3.281844833535885e-05,-0.0003366705033007733
3.7005413921368877,-0.0020137006465176,7.011602379703196,0.00022857142857142857,0.0,4128.0,3.281844833535885e-05,-0.0003366705033016615
3.700574210585223,-0.0022069602140084503,7.011265709199895,0.00021428571428571427,0.0,4129.0,3.281844833535885e-05,-0.0003366705033007733
3.7006070290335584,-0.0024002197814993,7.0109290386965935,0.0002,0.0,4130.0,3.281844833535885e-05,-0.0003366705033016615
3.7006397817158745,-0.002389198612491136,7.011024500948912,0.0002142857142857143,0.0,4131.0,3.2752682316061765e-05,9.546225231815697e-05
3.7006725343981905,-0.0023781774434829717,7.01111996320123,0.0002285714285714286,0.0,4132.0,3.2752682316061765e-05,9.546225231815697e-05
3.7007052870805066,-0.002367156274474807,7.011215425453548,0.00024285714285714286,0.0,4133.0,3.2752682316061765e-05,9.546225231815697e-05
3.7007380397628222,-0.002356135105466643,7.011310887705867,0.00025714285714285715,0.0,4134.0,3.2752682315617676e-05,9.546225231904515e-05
3.7007707924451383,-0.0023451139364584787,7.011406349958185,0.00027142857142857144,0.0,4135.0,3.2752682316061765e-05,9.546225231815697e-05
3.7008035451274544,-0.0023340927674503145,7.011501812210503,0.00028571428571428574,0.0,4136.0,3.2752682316061765e-05,9.546225231815697e-05
3.7008362978097704,-0.00232307159844215,7.011597274462821,0.00030000000000000003,0.0,4137.0,3.2752682316061765e-05,9.546225231815697e-05
3.7008690504920865,-0.0023120504294339857,7.01169273671514,0.0003142857142857143,0.0,4138.0,3.2752682316061765e-05,9.546225231815697e-05
3.7009018031744025,-0.0023010292604258215,7.011788198967458,0.0003285714285714286,0.0,4139.0,3.2752682316061765e-05,9.546225231815697e-05
3.7009345558567186,-0.0022900080914176574,7.011883661219776,0.0003428571428571429,0.0,4140.0,3.2752682316061765e-05,9.546225231815697e-05
3.700967308539034,-0.002278986922409493,7.011979123472095,0.00035714285714285714,0.0,4141.0,3.2752682315617676e-05,9.546225231904515e-05
3.7010000612213503,-0.0022679657534013286,7.012074585724413,0.00037142857142857143,0.0,4142.0,3.2752682316061765e-05,9.546225231815697e-05
3.7010328139036663,-0.0022569445843931644,7.012170047976731,0.0003857142857142857,0.0,4143.0,3.2752682316061765e-05,9.546225231815697e-05
3.7010655665859824,-0.002245923415385,7.012265510229049,0.0004,0.0,4144.0,3.2752682316061765e-05,9.546225231815697e-05
3.701099878199059,-0.0021887067586418645,7.012358479634757,0.0004,0.0,4145.0,3.431161307654307e-05,9.296940570724388e-05
3.701134189812135,-0.002131490101898729,7.012451449040465,0.0004,0.0,4146.0,3.431161307609898e-05,9.296940570813206e-05
3.7011685014252116,-0.002074273445155593,7.012544418446172,0.0004,0.0,4147.0,3.431161307654307e-05,9.296940570724388e-05
3.701202813038288,-0.0020170567884124574,7.01263738785188,0.0004,0.0,4148.0,3.431161307654307e-05,9.296940570813206e-05
3.7012371246513642,-0.0019598401316693217,7.012730357257587,0.0004,0.0,4149.0,3.431161307609898e-05,9.296940570724388e-05
3.7012714362644408,-0.0019026234749261858,7.0128233266632956,0.0004,0.0,4150.0,3.431161307654307e-05,9.296940570813206e-05
3.701305747877517,-0.0018454068181830501,7.012916296069003,0.0004,0.0,4151.0,3.431161307609898e-05,9.296940570724388e-05
3.7013400594905934,-0.0017881901614399144,7.01300926547471,0.0004,0.0,4152.0,3.431161307654307e-05,9.296940570724388e-05
3.70137437110367,-0.0017309735046967787,7.013102234880418,0.0004,0.0,4153.0,3.431161307654307e-05,9.296940570813206e-05
3.701408682716746,-0.0016737568479536428,7.013195204286125,0.0004,0.0,4154.0,3.431161307609898e-05,9.296940570724388e-05
3.7014429943298226,-0.0016165401912105071,7.0132881736918335,0.0004,0.0,4155.0,3.431161307654307e-05,9.296940570813206e-05
3.701477305942899,-0.0015593235344673714,7.013381143097541,0.0004,0.0,4156.0,3.431161307654307e-05,9.296940570724388e-05
3.7015116175559752,-0.0015021068777242358,7.013474112503249,0.0004,0.0,4157.0,3.431161307609898e-05,9.296940570813206e-05
3.701545929169052,-0.0014448902209811,7.013567081908956,0.0004,0.0,4158.0,3.431161307654307e-05,9.296940570724388e-05
3.7015617057057697,-0.0015828486212587358,7.013220046150379,0.0004,0.0,4159.0,1.5776536717915235e-05,-0.0003470357585770856
3.7015774822424876,-0.0017208070215363716,7.012873010391802,0.0004,0.0,4160.0,1.5776536717915235e-05,-0.0003470357585770856
3.7015932587792055,-0.0018587654218140072,7.012525974633225,0.0004,0.0,4161.0,1.5776536717915235e-05,-0.0003470357585770856
3.7016090353159234,-0.0019967238220916428,7.012178938874647,0.0004,0.0,4162.0,1.5776536717915235e-05,-0.00034703575857797375
3.7016248118526414,-0.0021346822223692785,7.01183190311607,0.0004,0.0,4163.0,1.5776536717915235e-05,-0.0003470357585770856
3.7016405883893593,-0.0022726406226469143,7.011484867357493,0.0004,0.0,4164.0,1.5776536717915235e-05,-0.0003470357585770856
3.701656364926077,-0.00241059902292455,7.011137831598916,0.0004,0.0,4165.0,1.5776536717915235e-05,-0.0003470357585770856
3.7016721414627947,-0.002548557423202186,7.010790795840339,0.0004,0.0,4166.0,1.5776536717471146e-05,-0.0003470357585770856
3.7016879179995126,-0.0026865158234798217,7.0104437600817615,0.0004,0.0,4167.0,1.5776536717915235e-05,-0.0003470357585770856
3.7017036945362305,-0.0028244742237574574,7.010096724323184,0.0004,0.0,4168.0,1.5776536717915235e-05,-0.0003470357585770856
3.7017194710729484,-0.0029624326240350932,7.0097496885646065,0.0004,0.0,4169.0,1.5776536717915235e-05,-0.00034703575857797375
3.7017352476096663,-0.003100391024312729,7.009402652806029,0.0004,0.0,4170.0,1.5776536717915235e-05,-0.0003470357585770856
3.7017510241463842,-0.0032383494245903643,7.009055617047452,0.0004,0.0,4171.0,1.5776536717915235e-05,-0.0003470357585770856
3.701766800683102,-0.003376307824868,7.008708581288875,0.0004,0.0,4172.0,1.5776536717915235e-05,-0.0003470357585770856
3.7017983677422874,-0.0032084183751381573,7.008535076159051,0.0003857142857142857,0.0,4173.0,3.156705918527791e-05,-0.0001735051298243917
3.7018299348014723,-0.0030405289254083145,7.0083615710292255,0.00037142857142857143,0.0,4174.0,3.156705918483382e-05,-0.00017350512982527988
3.7018615018606575,-0.0028726394756784716,7.0081880658994,0.00035714285714285714,0.0,4175.0,3.156705918527791e-05,-0.00017350512982527988
3.701893068919843,-0.002704750025948629,7.008014560769576,0.00034285714285714285,0.0,4176.0,3.156705918527791e-05,-0.0001735051298243917
3.701924635979028,-0.002536860576218786,7.0078410556397515,0.00032857142857142856,0.0,4177.0,3.156705918527791e-05,-0.0001735051298243917
3.701956203038213,-0.002368971126488943,7.007667550509926,0.0003142857142857143,0.0,4178.0,3.156705918483382e-05,-0.00017350512982527988
3.701987770097398,-0.0022010816767591003,7.007494045380101,0.00030000000000000003,0.0,4179.0,3.156705918527791e-05,-0.00017350512982527988
3.7020193371565835,-0.002033192227029257,7.0073205402502765,0.00028571428571428574,0.0,4180.0,3.156705918527791e-05,-0.0001735051298243917
3.7020509042157683,-0.0018653027772994144,7.007147035120452,0.00027142857142857144,0.0,4181.0,3.156705918483382e-05,-0.0001735051298243917
3.7020824712749536,-0.0016974133275695716,7.006973529990627,0.00025714285714285715,0.0,4182.0,3.156705918527791e-05,-0.00017350512982527988
3.702114038334139,-0.0015295238778397287,7.006800024860802,0.00024285714285714286,0.0,4183.0,3.156705918527791e-05,-0.00017350512982527988
3.702145605393324,-0.0013616344281098857,7.006626519730977,0.00022857142857142857,0.0,4184.0,3.156705918527791e-05,-0.0001735051298243917
3.702177172452509,-0.0011937449783800428,7.006453014601153,0.00021428571428571427,0.0,4185.0,3.156705918483382e-05,-0.0001735051298243917
3.7022087395116943,-0.0010258555286502,7.0062795094713275,0.0002,0.0,4186.0,3.156705918527791e-05,-0.00017350512982527988
3.702239793761011,-0.0010385625584035866,7.005933167803242,0.0002,0.0,4187.0,3.105424931693079e-05,-0.00034634166808533706
3.702270848010328,-0.0010512695881569733,7.005586826135156,0.0002,0.0,4188.0,3.105424931693079e-05,-0.00034634166808622524
3.702301902259645,-0.00106397661791036,7.005240484467071,0.0002,0.0,4189.0,3.105424931693079e-05,-0.00034634166808533706
3.702332956508962,-0.0010766836476637468,7.004894142798985,0.0002,0.0,4190.0,3.105424931693079e-05,-0.00034634166808533706
3.702364010758279,-0.0010893906774171334,7.0045478011309,0.0002,0.0,4191.0,3.105424931693079e-05,-0.00034634166808533706
3.702395065007596,-0.00110209770717052,7.004201459462814,0.0002,0.0,4192.0,3.105424931693079e-05,-0.00034634166808622524
3.702426119256913,-0.0011148047369239067,7.003855117794728,0.0002,0.0,4193.0,3.105424931693079e-05,-0.00034634166808533706
3.7024571735062293,-0.0011275117666772934,7.003508776126643,0.0002,0.0,4194.0,3.1054249316486704e-05,-0.00034634166808533706
3.702488227755546,-0.00114021879643068,7.003162434458558,0.0002,0.0,4195.0,3.105424931693079e-05,-0.00034634166808533706
3.702519282004863,-0.0011529258261840666,7.0028160927904715,0.0002,0.0,4196.0,3.105424931693079e-05,-0.00034634166808622524
3.70255033625418,-0.0011656328559374533,7.002469751122386,0.0002,0.0,4197.0,3.105424931693079e-05,-0.00034634166808533706
3.702581390503497,-0.0011783398856908401,7.002123409454301,0.0002,0.0,4198.0,3.105424931693079e-05,-0.00034634166808533706
3.702612444752814,-0.0011910469154442268,7.0017770677862154,0.0002,0.0,4199.0,3.105424931693079e-05,-0.00034634166808533706
3.702643499002131,-0.0012037539451976134,7.001430726118129,0.0002,0.0,4200.0,3.105424931693079e-05,-0.00034634166808622524
3.702674553251448,-0.001216460974951,7.001084384450044,0.0002,0.0,4201.0,3.105424931693079e-05,-0.00034634166808533706
3.7027079510303142,-0.0011813811735704,7.000837124300148,0.0002142857142857143,0.0,4202.0,3.339777886646189e-05,-0.00024726014989617795
3.7027413488091807,-0.0011463013721898,7.0005898641502515,0.0002285714285714286,0.0,4203.0,3.339777886646189e-05,-0.00024726014989617795
3.702774746588047,-0.0011112215708092002,7.000342604000355,0.00024285714285714286,0.0,4204.0,3.339777886646189e-05,-0.00024726014989617795
3.702808144366914,-0.0010761417694286001,7.000095343850459,0.00025714285714285715,0.0,4205.0,3.339777886690598e-05,-0.00024726014989617795
3.7028415421457805,-0.001041061968048,6.999848083700563,0.00027142857142857144,0.0,4206.0,3.339777886646189e-05,-0.00024726014989617795
3.702874939924647,-0.0010059821666674,6.999600823550667,0.00028571428571428574,0.0,4207.0,3.339777886646189e-05,-0.00024726014989617795
3.7029083377035135,-0.0009709023652868001,6.999353563400771,0.00030000000000000003,0.0,4208.0,3.339777886646189e-05,-0.00024726014989617795
3.70294173548238,-0.0009358225639062001,6.999106303250875,0.0003142857142857143,0.0,4209.0,3.339777886646189e-05,-0.00024726014989528977
3.7029751332612464,-0.0009007427625256,6.998859043100979,0.0003285714285714286,0.0,4210.0,3.339777886646189e-05,-0.00024726014989617795
3.703008531040113,-0.0008656629611450001,6.998611782951083,0.0003428571428571429,0.0,4211.0,3.339777886646189e-05,-0.00024726014989617795
3.7030419288189798,-0.0008305831597644,6.998364522801187,0.00035714285714285714,0.0,4212.0,3.339777886690598e-05,-0.00024726014989617795
3.703075326597846,-0.0007955033583838,6.998117262651291,0.00037142857142857143,0.0,4213.0,3.339777886646189e-05,-0.00024726014989617795
3.7031087243767127,-0.0007604235570032,6.9978700025013945,0.0003857142857142857,0.0,4214.0,3.339777886646189e-05,-0.00024726014989617795
3.703142122155579,-0.0007253437556226,6.997622742351498,0.0004,0.0,4215.0,3.339777886646189e-05,-0.00024726014989617795
3.703152996374166,-0.0007957305030657,6.9971879497678,0.0003857142857142857,0.0,4216.0,1.0874218586920392e-05,-0.0004347925836984956
3.703163870592753,-0.0008661172505088,6.9967531571841,0.00037142857142857143,0.0,4217.0,1.0874218586920392e-05,-0.0004347925836993838
3.70317474481134,-0.0009365039979519,6.996318364600402,0.00035714285714285714,0.0,4218.0,1.0874218586920392e-05,-0.0004347925836984956
3.7031856190299264,-0.001006890745395,6.995883572016703,0.00034285714285714285,0.0,4219.0,1.0874218586476303e-05,-0.0004347925836984956
3.7031964932485133,-0.0010772774928381,6.995448779433004,0.00032857142857142856,0.0,4220.0,1.0874218586920392e-05,-0.0004347925836993838
3.7032073674671,-0.0011476642402812,6.9950139868493055,0.0003142857142857143,0.0,4221.0,1.0874218586920392e-05,-0.0004347925836984956
3.703218241685687,-0.0012180509877243,6.994579194265607,0.00030000000000000003,0.0,4222.0,1.0874218586920392e-05,-0.0004347925836984956
3.703229115904274,-0.0012884377351674,6.994144401681908,0.00028571428571428574,0.0,4223.0,1.0874218586920392e-05,-0.0004347925836993838
3.703239990122861,-0.0013588244826105,6.993709609098209,0.00027142857142857144,0.0,4224.0,1.0874218586920392e-05,-0.0004347925836984956
3.703250864341448,-0.0014292112300536,6.99327481651451,0.00025714285714285715,0.0,4225.0,1.0874218586920392e-05,-0.0004347925836993838
3.7032617385600344,-0.0014995979774967,6.992840023930811,0.00024285714285714286,0.0,4226.0,1.0874218586476303e-05,-0.0004347925836984956
3.7032726127786213,-0.0015699847249398,6.992405231347113,0.00022857142857142857,0.0,4227.0,1.0874218586920392e-05,-0.0004347925836984956
3.703283486997208,-0.0016403714723829,6.991970438763413,0.00021428571428571427,0.0,4228.0,1.0874218586920392e-05,-0.0004347925836993838
3.703294361215795,-0.001710758219826,6.991535646179715,0.0002,0.0,4229.0,1.0874218586920392e-05,-0.0004347925836984956
3.7033320496492785,-0.0016933239230997857,6.991762192840505,0.0002,0.0,4230.0,3.768843348339601e-05,0.00022654666079002794
3.703369738082762,-0.0016758896263735714,6.991988739501294,0.0002,0.0,4231.0,3.768843348339601e-05,0.00022654666078913976
3.7034074265162453,-0.0016584553296473572,6.992215286162084,0.0002,0.0,4232.0,3.768843348339601e-05,0.00022654666079002794
3.7034451149497283,-0.001641021032921143,6.992441832822874,0.0002,0.0,4233.0,3.768843348295192e-05,0.00022654666079002794
3.7034828033832117,-0.0016235867361949286,6.992668379483663,0.0002,0.0,4234.0,3.768843348339601e-05,0.00022654666078913976
3.703520491816695,-0.0016061524394687143,6.992894926144453,0.0002,0.0,4235.0,3.768843348339601e-05,0.00022654666079002794
3.7035581802501785,-0.0015887181427425001,6.993121472805242,0.0002,0.0,4236.0,3.768843348339601e-05,0.00022654666078913976
3.703595868683662,-0.0015712838460162858,6.9933480194660325,0.0002,0.0,4237.0,3.768843348339601e-05,0.00022654666079002794
3.7036335571171453,-0.0015538495492900715,6.9935745661268225,0.0002,0.0,4238.0,3.768843348339601e-05,0.00022654666079002794
3.7036712455506287,-0.0015364152525638572,6.993801112787612,0.0002,0.0,4239.0,3.768843348339601e-05,0.00022654666078913976
3.7037089339841116,-0.0015189809558376428,6.994027659448402,0.0002,0.0,4240.0,3.768843348295192e-05,0.00022654666079002794
3.703746622417595,-0.0015015466591114287,6.994254206109192,0.0002,0.0,4241.0,3.768843348339601e-05,0.00022654666079002794
3.7037843108510784,-0.0014841123623852144,6.994480752769981,0.0002,0.0,4242.0,3.768843348339601e-05,0.00022654666078913976
3.703821999284562,-0.001466678065659,6.994707299430771,0.0002,0.0,4243.0,3.768843348339601e-05,0.00022654666079002794
3.7038377237585305,-0.0014677591633192359,6.995059316790957,0.0002,0.0,4244.0,1.5724473968692365e-05,0.0003520173601865295
3.7038534482324996,-0.0014688402609794714,6.995411334151143,0.0002,0.0,4245.0,1.5724473969136454e-05,0.00035201736018564134
3.7038691727064683,-0.0014699213586397072,6.9957633515113296,0.0002,0.0,4246.0,1.5724473968692365e-05,0.0003520173601865295
3.7038848971804375,-0.0014710024562999428,6.996115368871516,0.0002,0.0,4247.0,1.5724473969136454e-05,0.0003520173601865295
3.703900621654406,-0.0014720835539601786,6.996467386231702,0.0002,0.0,4248.0,1.5724473968692365e-05,0.00035201736018564134
3.7039163461283753,-0.0014731646516204142,6.996819403591888,0.0002,0.0,4249.0,1.5724473969136454e-05,0.0003520173601865295
3.703932070602344,-0.00147424574928065,6.997171420952075,0.0002,0.0,4250.0,1.5724473968692365e-05,0.0003520173601865295
3.7039477950763127,-0.0014753268469408858,6.99752343831226,0.0002,0.0,4251.0,1.5724473968692365e-05,0.00035201736018564134
3.703963519550282,-0.0014764079446011214,6.997875455672447,0.0002,0.0,4252.0,1.5724473969136454e-05,0.0003520173601865295
3.7039792440242505,-0.0014774890422613572,6.998227473032633,0.0002,0.0,4253.0,1.5724473968692365e-05,0.00035201736018564134
3.7039949684982196,-0.0014785701399215928,6.998579490392819,0.0002,0.0,4254.0,1.5724473969136454e-05,0.0003520173601865295
3.7040106929721883,-0.0014796512375818286,6.998931507753006,0.0002,0.0,4255.0,1.5724473968692365e-05,0.0003520173601865295
3.7040264174461575,-0.0014807323352420642,6.999283525113191,0.0002,0.0,4256.0,1.5724473969136454e-05,0.00035201736018564134
3.704042141920126,-0.0014818134329023,6.999635542473378,0.0002,0.0,4257.0,1.5724473968692365e-05,0.0003520173601865295
3.704075282049889,-0.0014250623672667857,6.99867011185992,0.0002142857142857143,0.0,4258.0,3.314012976263214e-05,-0.0009654306134576629
3.7041084221796514,-0.0013683113016312715,6.997704681246463,0.0002285714285714286,0.0,4259.0,3.314012976263214e-05,-0.0009654306134567747
3.704141562309414,-0.001311560235995757,6.996739250633006,0.00024285714285714286,0.0,4260.0,3.314012976263214e-05,-0.0009654306134576629
3.7041747024391767,-0.0012548091703602428,6.995773820019549,0.00025714285714285715,0.0,4261.0,3.314012976263214e-05,-0.0009654306134567747
3.7042078425689393,-0.0011980581047247286,6.994808389406091,0.00027142857142857144,0.0,4262.0,3.314012976263214e-05,-0.0009654306134576629
3.704240982698702,-0.0011413070390892143,6.9938429587926345,0.00028571428571428574,0.0,4263.0,3.314012976263214e-05,-0.0009654306134567747
3.7042741228284646,-0.0010845559734536999,6.992877528179177,0.00030000000000000003,0.0,4264.0,3.314012976263214e-05,-0.0009654306134576629
3.704307262958227,-0.0010278049078181856,6.991912097565719,0.0003142857142857143,0.0,4265.0,3.314012976263214e-05,-0.0009654306134576629
3.70434040308799,-0.0009710538421826714,6.990946666952262,0.0003285714285714286,0.0,4266.0,3.314012976263214e-05,-0.0009654306134567747
3.7043735432177525,-0.0009143027765471572,6.989981236338805,0.0003428571428571429,0.0,4267.0,3.314012976263214e-05,-0.0009654306134576629
3.704406683347515,-0.0008575517109116428,6.989015805725348,0.00035714285714285714,0.0,4268.0,3.314012976263214e-05,-0.0009654306134567747
3.7044398234772777,-0.0008008006452761286,6.98805037511189,0.00037142857142857143,0.0,4269.0,3.314012976263214e-05,-0.0009654306134576629
3.7044729636070404,-0.0007440495796406143,6.9870849444984335,0.0003857142857142857,0.0,4270.0,3.314012976263214e-05,-0.0009654306134567747
3.704506103736803,-0.0006872985140051,6.986119513884976,0.0004,0.0,4271.0,3.314012976263214e-05,-0.0009654306134576629
3.7045324549246117,-0.0006526685399669,6.986966219130882,0.0004,0.0,4272.0,2.6351187808693055e-05,0.000846705245906243
3.704558806112421,-0.0006180385659287,6.987812924376789,0.0004,0.0,4273.0,2.6351187809137144e-05,0.0008467052459071311
3.7045851573002295,-0.0005834085918905,6.9886596296226955,0.0004,0.0,4274.0,2.6351187808693055e-05,0.000846705245906243
3.7046115084880387,-0.0005487786178523,6.989506334868602,0.0004,0.0,4275.0,2.6351187809137144e-05,0.000846705245906243
3.7046378596758474,-0.0005141486438141,6.990353040114508,0.0004,0.0,4276.0,2.6351187808693055e-05,0.000846705245906243
3.704664210863656,-0.0004795186697759,6.991199745360415,0.0004,0.0,4277.0,2.6351187808693055e-05,0.0008467052459071311
3.704690562051465,-0.00044488869573770004,6.992046450606321,0.0004,0.0,4278.0,2.6351187809137144e-05,0.000846705245906243
3.704716913239274,-0.0004102587216995,6.992893155852228,0.0004,0.0,4279.0,2.6351187808693055e-05,0.000846705245906243
3.704743264427083,-0.0003756287476613,6.993739861098134,0.0004,0.0,4280.0,2.6351187809137144e-05,0.000846705245906243
3.7047696156148917,-0.0003409987736231,6.994586566344041,0.0004,0.0,4281.0,2.6351187808693055e-05,0.0008467052459071311
3.7047959668027004,-0.00030636879958490003,6.995433271589947,0.0004,0.0,4282.0,2.6351187808693055e-05,0.000846705245906243
3.7048223179905095,-0.0002717388255467,6.9962799768358535,0.0004,0.0,4283.0,2.6351187809137144e-05,0.000846705245906243
3.7048486691783182,-0.0002371088515085,6.99712668208176,0.0004,0.0,4284.0,2.6351187808693055e-05,0.000846705245906243
3.7048750203661274,-0.0002024788774703,6.997973387327667,0.0004,0.0,4285.0,2.6351187809137144e-05,0.0008467052459071311
3.704901371553936,-0.0001678489034321,6.998820092573573,0.0004,0.0,4286.0,2.6351187808693055e-05,0.000846705245906243
3.7049333147992893,-0.00017824043789167144,6.998704803572926,0.0003857142857142857,0.0,4287.0,3.1943245353271976e-05,-0.00011528900064750047
3.704965258044643,-0.00018863197235124285,6.998589514572278,0.00037142857142857143,0.0,4288.0,3.1943245353716065e-05,-0.00011528900064750047
3.7049972012899968,-0.00019902350681081429,6.998474225571631,0.00035714285714285714,0.0,4289.0,3.1943245353716065e-05,-0.00011528900064750047
3.70502914453535,-0.00020941504127038572,6.998358936570982,0.00034285714285714285,0.0,4290.0,3.1943245353271976e-05,-0.00011528900064838865
3.7050610877807033,-0.00021980657572995713,6.998243647570335,0.00032857142857142856,0.0,4291.0,3.1943245353271976e-05,-0.00011528900064750047
3.705093031026057,-0.00023019811018952857,6.998128358569687,0.0003142857142857143,0.0,4292.0,3.1943245353716065e-05,-0.00011528900064750047
3.7051249742714107,-0.00024058964464909998,6.99801306956904,0.00030000000000000003,0.0,4293.0,3.1943245353716065e-05,-0.00011528900064750047
3.705156917516764,-0.0002509811791086714,6.997897780568392,0.00028571428571428574,0.0,4294.0,3.1943245353271976e-05,-0.00011528900064750047
3.7051888607621173,-0.00026137271356824286,6.997782491567745,0.00027142857142857144,0.0,4295.0,3.1943245353271976e-05,-0.00011528900064750047
3.705220804007471,-0.0002717642480278143,6.997667202567097,0.00025714285714285715,0.0,4296.0,3.1943245353716065e-05,-0.00011528900064750047
3.7052527472528247,-0.0002821557824873857,6.997551913566449,0.00024285714285714286,0.0,4297.0,3.1943245353716065e-05,-0.00011528900064838865
3.705284690498178,-0.0002925473169469571,6.997436624565801,0.00022857142857142857,0.0,4298.0,3.1943245353271976e-05,-0.00011528900064750047
3.7053166337435313,-0.00030293885140652855,6.997321335565154,0.00021428571428571427,0.0,4299.0,3.1943245353271976e-05,-0.00011528900064750047
3.705348576988885,-0.0003133303858661,6.997206046564506,0.0002,0.0,4300.0,3.1943245353716065e-05,-0.00011528900064750047
3.705364099137331,-0.0003635485885810357,6.997501571752449,0.0002,0.0,4301.0,1.552214844613431e-05,0.00029552518794240257
3.705379621285777,-0.0004137667912959714,6.997797096940392,0.0002,0.0,4302.0,1.552214844569022e-05,0.00029552518794329075
3.705395143434223,-0.0004639849940109071,6.998092622128334,0.0002,0.0,4303.0,1.552214844613431e-05,0.00029552518794240257
3.7054106655826686,-0.0005142031967258428,6.998388147316277,0.0002,0.0,4304.0,1.552214844569022e-05,0.00029552518794240257
3.7054261877311148,-0.0005644213994407785,6.998683672504219,0.0002,0.0,4305.0,1.552214844613431e-05,0.00029552518794240257
3.7054417098795605,-0.0006146396021557142,6.9989791976921625,0.0002,0.0,4306.0,1.552214844569022e-05,0.00029552518794329075
3.7054572320280066,-0.0006648578048706499,6.999274722880105,0.0002,0.0,4307.0,1.552214844613431e-05,0.00029552518794240257
3.7054727541764527,-0.0007150760075855856,6.999570248068047,0.0002,0.0,4308.0,1.552214844613431e-05,0.00029552518794240257
3.7054882763248984,-0.0007652942103005214,6.999865773255991,0.0002,0.0,4309.0,1.552214844569022e-05,0.00029552518794329075
3.7055037984733445,-0.000815512413015457,7.000161298443933,0.0002,0.0,4310.0,1.552214844613431e-05,0.00029552518794240257
3.7055193206217902,-0.0008657306157303928,7.000456823631875,0.0002,0.0,4311.0,1.552214844569022e-05,0.00029552518794240257
3.7055348427702364,-0.0009159488184453284,7.000752348819818,0.0002,0.0,4312.0,1.552214844613431e-05,0.00029552518794240257
3.705550364918682,-0.0009661670211602642,7.001047874007761,0.0002,0.0,4313.0,1.552214844569022e-05,0.00029552518794329075
3.705565887067128,-0.0010163852238752,7.0013433991957035,0.0002,0.0,4314.0,1.552214844613431e-05,0.00029552518794240257
3.7055756838810376,-0.0011781480874971213,7.00175895565153,0.0002142857142857143,0.0,4315.0,9.7968139094462e-06,0.0004155564558265823
3.7055854806949475,-0.0013399109511190428,7.002174512107356,0.0002285714285714286,0.0,4316.0,9.79681390989029e-06,0.0004155564558256941
3.705595277508857,-0.0015016738147409642,7.002590068563182,0.00024285714285714286,0.0,4317.0,9.7968139094462e-06,0.0004155564558265823
3.7056050743227664,-0.0016634366783628857,7.003005625019009,0.00025714285714285715,0.0,4318.0,9.7968139094462e-06,0.0004155564558265823
3.705614871136676,-0.001825199541984807,7.0034211814748355,0.00027142857142857144,0.0,4319.0,9.7968139094462e-06,0.0004155564558265823
3.7056246679505858,-0.0019869624056067284,7.003836737930661,0.00028571428571428574,0.0,4320.0,9.79681390989029e-06,0.0004155564558256941
3.705634464764495,-0.00214872526922865,7.004252294386488,0.00030000000000000003,0.0,4321.0,9.7968139094462e-06,0.0004155564558265823
3.7056442615784047,-0.002310488132850571,7.004667850842314,0.0003142857142857143,0.0,4322.0,9.7968139094462e-06,0.0004155564558265823
3.7056540583923145,-0.0024722509964724927,7.00508340729814,0.0003285714285714286,0.0,4323.0,9.79681390989029e-06,0.0004155564558256941
3.705663855206224,-0.0026340138600944142,7.005498963753967,0.0003428571428571429,0.0,4324.0,9.7968139094462e-06,0.0004155564558265823
3.7056736520201334,-0.002795776723716336,7.005914520209793,0.00035714285714285714,0.0,4325.0,9.7968139094462e-06,0.0004155564558265823
3.705683448834043,-0.002957539587338257,7.00633007666562,0.00037142857142857143,0.0,4326.0,9.7968139094462e-06,0.0004155564558265823
3.7056932456479528,-0.0031193024509601785,7.0067456331214455,0.0003857142857142857,0.0,4327.0,9.79681390989029e-06,0.0004155564558256941
3.705703042461862,-0.0032810653145821,7.007161189577272,0.0004,0.0,4328.0,9.7968139094462e-06,0.0004155564558265823
3.7057466647775765,-0.0032503411783026,7.00757067857976,0.0003857142857142857,0.0,4329.0,4.362231571430897e-05,0.00040948900248771736
3.7057902870932904,-0.0032196170420231,7.0079801675822475,0.00037142857142857143,0.0,4330.0,4.362231571386488e-05,0.00040948900248771736
3.7058339094090047,-0.0031888929057436,7.008389656584735,0.00035714285714285714,0.0,4331.0,4.362231571430897e-05,0.00040948900248771736
3.7058775317247186,-0.0031581687694641,7.008799145587223,0.00034285714285714285,0.0,4332.0,4.362231571386488e-05,0.00040948900248771736
3.705921154040433,-0.0031274446331846,7.009208634589711,0.00032857142857142856,0.0,4333.0,4.362231571430897e-05,0.00040948900248771736
3.7059647763561467,-0.0030967204969051,7.009618123592198,0.0003142857142857143,0.0,4334.0,4.362231571386488e-05,0.00040948900248771736
3.706008398671861,-0.0030659963606256,7.010027612594686,0.00030000000000000003,0.0,4335.0,4.362231571430897e-05,0.00040948900248771736
3.7060520209875754,-0.0030352722243461,7.010437101597175,0.00028571428571428574,0.0,4336.0,4.362231571430897e-05,0.00040948900248860554
3.7060956433032892,-0.0030045480880666,7.010846590599662,0.00027142857142857144,0.0,4337.0,4.362231571386488e-05,0.00040948900248771736
3.7061392656190035,-0.0029738239517871,7.01125607960215,0.00025714285714285715,0.0,4338.0,4.362231571430897e-05,0.00040948900248771736
3.7061828879347174,-0.0029430998155076,7.011665568604638,0.00024285714285714286,0.0,4339.0,4.362231571386488e-05,0.00040948900248771736
3.7062265102504317,-0.0029123756792281,7.012075057607126,0.00022857142857142857,0.0,4340.0,4.362231571430897e-05,0.00040948900248771736
3.7062701325661456,-0.0028816515429486,7.012484546609613,0.00021428571428571427,0.0,4341.0,4.362231571386488e-05,0.00040948900248771736
3.70631375488186,-0.0028509274066691,7.012894035612101,0.0002,0.0,4342.0,4.362231571430897e-05,0.00040948900248771736
3.7063260165984047,-0.002740166830179957,7.014558399961235,0.0002142857142857143,0.0,4343.0,1.2261716544781365e-05,0.0016643643491338622
3.706338278314949,-0.0026294062536908144,7.016222764310369,0.0002285714285714286,0.0,4344.0,1.2261716544337276e-05,0.0016643643491338622
3.706350540031494,-0.0025186456772016714,7.0178871286595035,0.00024285714285714286,0.0,4345.0,1.2261716544781365e-05,0.0016643643491347504
3.706362801748038,-0.0024078851007125284,7.019551493008637,0.00025714285714285715,0.0,4346.0,1.2261716544337276e-05,0.0016643643491338622
3.706375063464583,-0.002297124524223386,7.021215857357771,0.00027142857142857144,0.0,4347.0,1.2261716544781365e-05,0.0016643643491338622
3.7063873251811272,-0.002186363947734243,7.022880221706905,0.00028571428571428574,0.0,4348.0,1.2261716544337276e-05,0.0016643643491338622
3.706399586897672,-0.0020756033712451,7.02454458605604,0.00030000000000000003,0.0,4349.0,1.2261716544781365e-05,0.0016643643491347504
3.706411848614217,-0.001964842794755957,7.026208950405174,0.0003142857142857143,0.0,4350.0,1.2261716544781365e-05,0.0016643643491338622
3.706424110330761,-0.0018540822182668143,7.0278733147543075,0.0003285714285714286,0.0,4351.0,1.2261716544337276e-05,0.0016643643491338622
3.706436372047306,-0.0017433216417776713,7.029537679103441,0.0003428571428571429,0.0,4352.0,1.2261716544781365e-05,0.0016643643491338622
3.7064486337638503,-0.0016325610652885285,7.031202043452575,0.00035714285714285714,0.0,4353.0,1.2261716544337276e-05,0.0016643643491338622
3.706460895480395,-0.0015218004887993858,7.03286640780171,0.00037142857142857143,0.0,4354.0,1.2261716544781365e-05,0.0016643643491347504
3.7064731571969394,-0.0014110399123102428,7.034530772150844,0.0003857142857142857,0.0,4355.0,1.2261716544337276e-05,0.0016643643491338622
3.706485418913484,-0.0013002793358211,7.036195136499978,0.0004,0.0,4356.0,1.2261716544781365e-05,0.0016643643491338622
3.706507561566068,-0.0013674527736947,7.035864943699217,0.00038666666666666667,0.0,4357.0,2.2142652583934108e-05,-0.0003301928007610755
3.706529704218652,-0.0014346262115683,7.035534750898455,0.0003733333333333334,0.0,4358.0,2.2142652583934108e-05,-0.00033019280076196367
3.706551846871236,-0.0015017996494419,7.035204558097694,0.00036,0.0,4359.0,2.2142652583934108e-05,-0.0003301928007610755
3.7065739895238194,-0.0015689730873155,7.0348743652969326,0.00034666666666666667,0.0,4360.0,2.214265258349002e-05,-0.0003301928007610755
3.7065961321764034,-0.0016361465251891,7.0345441724961715,0.0003333333333333334,0.0,4361.0,2.2142652583934108e-05,-0.0003301928007610755
3.7066182748289873,-0.0017033199630627001,7.0342139796954095,0.00032,0.0,4362.0,2.2142652583934108e-05,-0.00033019280076196367
3.7066404174815712,-0.0017704934009363002,7.033883786894648,0.0003066666666666667,0.0,4363.0,2.2142652583934108e-05,-0.0003301928007610755
3.706662560134155,-0.0018376668388099,7.033553594093887,0.0002933333333333334,0.0,4364.0,2.2142652583934108e-05,-0.0003301928007610755
3.706684702786739,-0.0019048402766835,7.033223401293126,0.00028000000000000003,0.0,4365.0,2.2142652583934108e-05,-0.0003301928007610755
3.706706845439323,-0.0019720137145571,7.032893208492364,0.0002666666666666667,0.0,4366.0,2.2142652583934108e-05,-0.00033019280076196367
3.706728988091907,-0.0020391871524307,7.032563015691603,0.00025333333333333333,0.0,4367.0,2.2142652583934108e-05,-0.0003301928007610755
3.7067511307444905,-0.0021063605903043,7.032232822890842,0.00024000000000000003,0.0,4368.0,2.214265258349002e-05,-0.0003301928007610755
3.7067732733970744,-0.0021735340281779,7.031902630090081,0.00022666666666666668,0.0,4369.0,2.2142652583934108e-05,-0.0003301928007610755
3.7067954160496583,-0.0022407074660515,7.031572437289319,0.00021333333333333336,0.0,4370.0,2.2142652583934108e-05,-0.00033019280076196367
3.7068175587022423,-0.0023078809039251,7.031242244488558,0.0002,0.0,4371.0,2.2142652583934108e-05,-0.0003301928007610755
3.706841415480449,-0.002315189137043643,7.033499840891683,0.0002142857142857143,0.0,4372.0,2.385677820671006e-05,0.0022575964031252838
3.7068652722586557,-0.002322497370162186,7.035757437294808,0.0002285714285714286,0.0,4373.0,2.385677820671006e-05,0.0022575964031243956
3.7068891290368624,-0.0023298056032807287,7.038015033697933,0.00024285714285714286,0.0,4374.0,2.385677820671006e-05,0.0022575964031252838
3.7069129858150696,-0.0023371138363992715,7.040272630101058,0.00025714285714285715,0.0,4375.0,2.385677820715415e-05,0.0022575964031252838
3.7069368425932763,-0.0023444220695178143,7.042530226504183,0.00027142857142857144,0.0,4376.0,2.385677820671006e-05,0.0022575964031243956
3.706960699371483,-0.002351730302636357,7.044787822907308,0.00028571428571428574,0.0,4377.0,2.385677820671006e-05,0.0022575964031252838
3.7069845561496897,-0.0023590385357549,7.047045419310433,0.00030000000000000003,0.0,4378.0,2.385677820671006e-05,0.0022575964031252838
3.7070084129278964,-0.002366346768873443,7.049303015713558,0.0003142857142857143,0.0,4379.0,2.385677820671006e-05,0.0022575964031243956
3.707032269706103,-0.0023736550019919857,7.051560612116683,0.0003285714285714286,0.0,4380.0,2.385677820671006e-05,0.0022575964031252838
3.70705612648431,-0.0023809632351105285,7.053818208519807,0.0003428571428571429,0.0,4381.0,2.385677820671006e-05,0.0022575964031243956
3.707079983262517,-0.0023882714682290714,7.056075804922933,0.00035714285714285714,0.0,4382.0,2.385677820715415e-05,0.0022575964031252838
3.7071038400407237,-0.002395579701347614,7.058333401326058,0.00037142857142857143,0.0,4383.0,2.385677820671006e-05,0.0022575964031252838
3.7071276968189304,-0.002402887934466157,7.060590997729182,0.0003857142857142857,0.0,4384.0,2.385677820671006e-05,0.0022575964031243956
3.707151553597137,-0.0024101961675847,7.062848594132308,0.0004,0.0,4385.0,2.385677820671006e-05,0.0022575964031252838
3.707173516316876,-0.0023626521314627858,7.062271907659529,0.0004,0.0,4386.0,2.19627197388661e-05,-0.0005766864727787535
3.707195479036615,-0.0023151080953408712,7.06169522118675,0.0004,0.0,4387.0,2.19627197388661e-05,-0.0005766864727787535
3.7072174417563537,-0.002267564059218957,7.061118534713971,0.0004,0.0,4388.0,2.19627197388661e-05,-0.0005766864727787535
3.7072394044760926,-0.0022200200230970426,7.060541848241192,0.0004,0.0,4389.0,2.19627197388661e-05,-0.0005766864727796417
3.7072613671958314,-0.0021724759869751285,7.059965161768413,0.0004,0.0,4390.0,2.19627197388661e-05,-0.0005766864727787535
3.7072833299155703,-0.0021249319508532143,7.059388475295634,0.0004,0.0,4391.0,2.19627197388661e-05,-0.0005766864727787535
3.707305292635309,-0.0020773879147313,7.058811788822855,0.0004,0.0,4392.0,2.19627197388661e-05,-0.0005766864727787535
3.7073272553550476,-0.0020298438786093857,7.058235102350077,0.0004,0.0,4393.0,2.196271973842201e-05,-0.0005766864727787535
3.7073492180747865,-0.001982299842487471,7.057658415877298,0.0004,0.0,4394.0,2.19627197388661e-05,-0.0005766864727787535
3.7073711807945253,-0.001934755806365557,7.057081729404519,0.0004,0.0,4395.0,2.19627197388661e-05,-0.0005766864727787535
3.707393143514264,-0.0018872117702436427,7.0565050429317395,0.0004,0.0,4396.0,2.19627197388661e-05,-0.0005766864727796417
3.707415106234003,-0.0018396677341217286,7.055928356458961,0.0004,0.0,4397.0,2.19627197388661e-05,-0.0005766864727787535
3.707437068953742,-0.0017921236979998143,7.055351669986182,0.0004,0.0,4398.0,2.19627197388661e-05,-0.0005766864727787535
3.707459031673481,-0.0017445796618779,7.054774983513403,0.0004,0.0,4399.0,2.19627197388661e-05,-0.0005766864727787535
3.707473663486005,-0.0017001493147076072,7.054155520685483,0.0004,0.0,4400.0,1.463181252425727e-05,-0.0006194628279203584
3.7074882952985293,-0.0016557189675373142,7.053536057857563,0.0004,0.0,4401.0,1.463181252425727e-05,-0.0006194628279194703
3.707502927111054,-0.0016112886203670214,7.052916595029643,0.0004,0.0,4402.0,1.463181252470136e-05,-0.0006194628279203584
3.7075175589235783,-0.0015668582731967284,7.052297132201724,0.0004,0.0,4403.0,1.463181252425727e-05,-0.0006194628279194703
3.7075321907361025,-0.0015224279260264357,7.051677669373803,0.0004,0.0,4404.0,1.463181252425727e-05,-0.0006194628279203584
3.7075468225486268,-0.0014779975788561427,7.051058206545884,0.0004,0.0,4405.0,1.463181252425727e-05,-0.0006194628279194703
3.7075614543611515,-0.00143356723168585,7.050438743717963,0.0004,0.0,4406.0,1.463181252470136e-05,-0.0006194628279203584
3.7075760861736757,-0.0013891368845155572,7.049819280890043,0.0004,0.0,4407.0,1.463181252425727e-05,-0.0006194628279203584
3.7075907179862,-0.0013447065373452642,7.049199818062124,0.0004,0.0,4408.0,1.463181252425727e-05,-0.0006194628279194703
3.7076053497987242,-0.0013002761901749714,7.048580355234203,0.0004,0.0,4409.0,1.463181252425727e-05,-0.0006194628279203584
3.7076199816112485,-0.0012558458430046784,7.047960892406284,0.0004,0.0,4410.0,1.463181252425727e-05,-0.0006194628279194703
3.707634613423773,-0.0012114154958343857,7.047341429578363,0.0004,0.0,4411.0,1.463181252470136e-05,-0.0006194628279203584
3.7076492452362975,-0.0011669851486640927,7.046721966750444,0.0004,0.0,4412.0,1.463181252425727e-05,-0.0006194628279194703
3.7076638770488217,-0.0011225548014938,7.046102503922524,0.0004,0.0,4413.0,1.463181252425727e-05,-0.0006194628279203584
3.7076882716742787,-0.0010069769770854713,7.031429785154651,0.0004,0.0,4414.0,2.439462545700266e-05,-0.014672718767872794
3.7077126662997357,-0.0008913991526771428,7.016757066386778,0.0004,0.0,4415.0,2.439462545700266e-05,-0.014672718767872794
3.7077370609251923,-0.0007758213282688143,7.002084347618904,0.0004,0.0,4416.0,2.4394625456558572e-05,-0.014672718767873683
3.7077614555506493,-0.0006602435038604857,6.9874116288510315,0.0004,0.0,4417.0,2.439462545700266e-05,-0.014672718767872794
3.7077858501761063,-0.000544665679452157,6.972738910083159,0.0004,0.0,4418.0,2.439462545700266e-05,-0.014672718767872794
3.7078102448015633,-0.00042908785504382847,6.958066191315286,0.0004,0.0,4419.0,2.439462545700266e-05,-0.014672718767872794
3.70783463942702,-0.0003135100306354999,6.943393472547412,0.0004,0.0,4420.0,2.4394625456558572e-05,-0.014672718767873683
3.707859034052477,-0.00019793220622717135,6.928720753779539,0.0004,0.0,4421.0,2.439462545700266e-05,-0.014672718767872794
3.707883428677934,-8.235438181884278e-05,6.914048035011667,0.0004,0.0,4422.0,2.439462545700266e-05,-0.014672718767872794
3.707907823303391,3.322344258948579e-05,6.899375316243794,0.0004,0.0,4423.0,2.439462545700266e-05,-0.014672718767872794
3.707932217928848,0.00014880126699781437,6.884702597475921,0.0004,0.0,4424.0,2.439462545700266e-05,-0.014672718767872794
3.7079566125543044,0.00026437909140614293,6.870029878708047,0.0004,0.0,4425.0,2.4394625456558572e-05,-0.014672718767873683
3.7079810071797614,0.0003799569158144715,6.855357159940175,0.0004,0.0,4426.0,2.439462545700266e-05,-0.014672718767872794
3.7080054018052184,0.0004955347402228,6.840684441172302,0.0004,0.0,4427.0,2.439462545700266e-05,-0.014672718767872794
3.7080254308796863,0.00037884077774620714,6.817345645805948,0.0003857142857142857,0.0,4428.0,2.0029074467853292e-05,-0.02333879536635397
3.7080454599541546,0.0002621468152696143,6.794006850439594,0.00037142857142857143,0.0,4429.0,2.002907446829738e-05,-0.02333879536635397
3.7080654890286224,0.00014545285279302138,6.77066805507324,0.00035714285714285714,0.0,4430.0,2.0029074467853292e-05,-0.02333879536635397
3.7080855181030903,2.875889031642853e-05,6.747329259706886,0.00034285714285714285,0.0,4431.0,2.0029074467853292e-05,-0.02333879536635397
3.708105547177558,-8.793507216016434e-05,6.723990464340532,0.00032857142857142856,0.0,4432.0,2.0029074467853292e-05,-0.02333879536635397
3.7081255762520264,-0.0002046290346367572,6.700651668974178,0.0003142857142857143,0.0,4433.0,2.002907446829738e-05,-0.02333879536635397
3.7081456053264943,-0.0003213229971133501,6.677312873607824,0.00030000000000000003,0.0,4434.0,2.0029074467853292e-05,-0.02333879536635397
3.708165634400962,-0.00043801695958994294,6.653974078241469,0.00028571428571428574,0.0,4435.0,2.0029074467853292e-05,-0.02333879536635486
3.7081856634754304,-0.0005547109220665358,6.630635282875115,0.00027142857142857144,0.0,4436.0,2.002907446829738e-05,-0.02333879536635397
3.7082056925498983,-0.0006714048845431286,6.607296487508761,0.00025714285714285715,0.0,4437.0,2.0029074467853292e-05,-0.02333879536635397
3.708225721624366,-0.0007880988470197215,6.583957692142407,0.00024285714285714286,0.0,4438.0,2.0029074467853292e-05,-0.02333879536635397
3.708245750698834,-0.0009047928094963143,6.560618896776053,0.00022857142857142857,0.0,4439.0,2.0029074467853292e-05,-0.02333879536635397
3.7082657797733023,-0.0010214867719729073,6.537280101409699,0.00021428571428571427,0.0,4440.0,2.002907446829738e-05,-0.02333879536635397
3.70828580884777,-0.0011381807344495,6.513941306043345,0.0002,0.0,4441.0,2.0029074467853292e-05,-0.02333879536635397
3.7083189304498814,-0.0010455016071549857,6.502032444587678,0.0002,0.0,4442.0,3.312160211121906e-05,-0.011908861455667719
3.7083520520519926,-0.0009528224798604715,6.490123583132009,0.0002,0.0,4443.0,3.312160211121906e-05,-0.011908861455668607
3.7083851736541034,-0.0008601433525659572,6.478214721676341,0.0002,0.0,4444.0,3.312160211077497e-05,-0.011908861455667719
3.7084182952562146,-0.0007674642252714429,6.4663058602206736,0.0002,0.0,4445.0,3.312160211121906e-05,-0.011908861455667719
3.708451416858326,-0.0006747850979769287,6.454396998765006,0.0002,0.0,4446.0,3.312160211121906e-05,-0.011908861455667719
3.708484538460437,-0.0005821059706824143,6.442488137309337,0.0002,0.0,4447.0,3.312160211121906e-05,-0.011908861455668607
3.7085176600625482,-0.0004894268433879,6.4305792758536695,0.0002,0.0,4448.0,3.312160211121906e-05,-0.011908861455667719
3.708550781664659,-0.0003967477160933858,6.418670414398002,0.0002,0.0,4449.0,3.312160211077497e-05,-0.011908861455667719
3.7085839032667702,-0.00030406858879887153,6.406761552942333,0.0002,0.0,4450.0,3.312160211121906e-05,-0.011908861455668607
3.7086170248688815,-0.00021138946150435722,6.3948526914866655,0.0002,0.0,4451.0,3.312160211121906e-05,-0.011908861455667719
3.7086501464709927,-0.00011871033420984294,6.382943830030998,0.0002,0.0,4452.0,3.312160211121906e-05,-0.011908861455667719
3.7086832680731034,-2.6031206915328657e-05,6.37103496857533,0.0002,0.0,4453.0,3.312160211077497e-05,-0.011908861455667719
3.7087163896752147,6.664792037918563e-05,6.359126107119661,0.0002,0.0,4454.0,3.312160211121906e-05,-0.011908861455668607
3.708749511277326,0.0001593270476737,6.347217245663994,0.0002,0.0,4455.0,3.312160211121906e-05,-0.011908861455667719
3.7087708143740157,0.00012368475046234,6.33914038246127,0.00021333333333333333,0.0,4456.0,2.1303096689795353e-05,-0.008076863202723494
3.708792117470705,8.804245325097998e-05,6.331063519258548,0.00022666666666666668,0.0,4457.0,2.1303096689351264e-05,-0.008076863202722606
3.708813420567395,5.240015603961998e-05,6.322986656055824,0.00024,0.0,4458.0,2.1303096689795353e-05,-0.008076863202723494
3.7088347236640846,1.6757858828259976e-05,6.3149097928531015,0.00025333333333333333,0.0,4459.0,2.1303096689795353e-05,-0.008076863202722606
3.7088560267607744,-1.8884438383100028e-05,6.306832929650378,0.0002666666666666667,0.0,4460.0,2.1303096689795353e-05,-0.008076863202723494
3.7088773298574638,-5.452673559446003e-05,6.298756066447655,0.00028000000000000003,0.0,4461.0,2.1303096689351264e-05,-0.008076863202722606
3.7088986329541536,-9.016903280582004e-05,6.290679203244932,0.0002933333333333333,0.0,4462.0,2.1303096689795353e-05,-0.008076863202723494
3.7089199360508434,-0.00012581133001718004,6.282602340042209,0.0003066666666666667,0.0,4463.0,2.1303096689795353e-05,-0.008076863202722606
3.708941239147533,-0.00016145362722854004,6.274525476839486,0.00032,0.0,4464.0,2.1303096689795353e-05,-0.008076863202723494
3.7089625422442225,-0.00019709592443990006,6.266448613636763,0.0003333333333333333,0.0,4465.0,2.1303096689351264e-05,-0.008076863202722606
3.7089838453409123,-0.00023273822165126006,6.25837175043404,0.00034666666666666667,0.0,4466.0,2.1303096689795353e-05,-0.008076863202723494
3.709005148437602,-0.00026838051886262005,6.250294887231317,0.00036,0.0,4467.0,2.1303096689795353e-05,-0.008076863202722606
3.709026451534292,-0.0003040228160739801,6.242218024028594,0.0003733333333333333,0.0,4468.0,2.1303096689795353e-05,-0.008076863202723494
3.7090477546309812,-0.00033966511328534005,6.234141160825871,0.00038666666666666667,0.0,4469.0,2.1303096689351264e-05,-0.008076863202722606
3.709069057727671,-0.0003753074104967,6.2260642976231475,0.0004,0.0,4470.0,2.1303096689795353e-05,-0.008076863202723494
3.709084497212937,-0.0005142610921618858,6.214895332613717,0.0003857142857142857,0.0,4471.0,1.5439485265833497e-05,-0.01116896500943021
3.7090999366982023,-0.0006532147738270715,6.203726367604287,0.00037142857142857143,0.0,4472.0,1.5439485265389408e-05,-0.01116896500943021
3.709115376183468,-0.0007921684554922572,6.192557402594856,0.00035714285714285714,0.0,4473.0,1.5439485265833497e-05,-0.011168965009431098
3.709130815668734,-0.0009311221371574429,6.181388437585426,0.00034285714285714285,0.0,4474.0,1.5439485265833497e-05,-0.01116896500943021
3.7091462551539998,-0.0010700758188226286,6.170219472575996,0.00032857142857142856,0.0,4475.0,1.5439485265833497e-05,-0.01116896500943021
3.709161694639265,-0.0012090295004878143,6.159050507566565,0.0003142857142857143,0.0,4476.0,1.5439485265389408e-05,-0.01116896500943021
3.709177134124531,-0.001347983182153,6.147881542557134,0.00030000000000000003,0.0,4477.0,1.5439485265833497e-05,-0.011168965009431098
3.709192573609797,-0.0014869368638181857,6.136712577547704,0.00028571428571428574,0.0,4478.0,1.5439485265833497e-05,-0.01116896500943021
3.709208013095062,-0.0016258905454833714,6.125543612538274,0.00027142857142857144,0.0,4479.0,1.5439485265389408e-05,-0.01116896500943021
3.709223452580328,-0.0017648442271485571,6.114374647528844,0.00025714285714285715,0.0,4480.0,1.5439485265833497e-05,-0.01116896500943021
3.709238892065594,-0.0019037979088137428,6.103205682519413,0.00024285714285714286,0.0,4481.0,1.5439485265833497e-05,-0.01116896500943021
3.7092543315508597,-0.0020427515904789285,6.092036717509982,0.00022857142857142857,0.0,4482.0,1.5439485265833497e-05,-0.011168965009431098
3.709269771036125,-0.002181705272144114,6.080867752500552,0.00021428571428571427,0.0,4483.0,1.5439485265389408e-05,-0.01116896500943021
3.709285210521391,-0.0023206589538093,6.069698787491122,0.0002,0.0,4484.0,1.5439485265833497e-05,-0.01116896500943021
3.7093074302781575,-0.0023110902501329357,6.05987472499376,0.0002142857142857143,0.0,4485.0,2.221975676652832e-05,-0.009824062497362007
3.7093296500349244,-0.0023015215464565713,6.050050662496397,0.0002285714285714286,0.0,4486.0,2.221975676697241e-05,-0.009824062497362895
3.709351869791691,-0.002291952842780207,6.040226599999035,0.00024285714285714286,0.0,4487.0,2.221975676652832e-05,-0.009824062497362007
3.7093740895484575,-0.0022823841391038427,6.030402537501672,0.00025714285714285715,0.0,4488.0,2.221975676652832e-05,-0.009824062497362895
3.709396309305224,-0.0022728154354274784,6.02057847500431,0.00027142857142857144,0.0,4489.0,2.221975676652832e-05,-0.009824062497362007
3.709418529061991,-0.002263246731751114,6.010754412506947,0.00028571428571428574,0.0,4490.0,2.221975676697241e-05,-0.009824062497362895
3.7094407488187575,-0.00225367802807475,6.000930350009585,0.00030000000000000003,0.0,4491.0,2.221975676652832e-05,-0.009824062497362007
3.709462968575524,-0.002244109324398386,5.991106287512223,0.0003142857142857143,0.0,4492.0,2.221975676652832e-05,-0.009824062497362007
3.709485188332291,-0.0022345406207220217,5.98128222501486,0.0003285714285714286,0.0,4493.0,2.221975676697241e-05,-0.009824062497362895
3.7095074080890575,-0.0022249719170456574,5.971458162517498,0.0003428571428571429,0.0,4494.0,2.221975676652832e-05,-0.009824062497362007
3.709529627845824,-0.002215403213369293,5.961634100020135,0.00035714285714285714,0.0,4495.0,2.221975676652832e-05,-0.009824062497362895
3.7095518476025906,-0.0022058345096929288,5.951810037522773,0.00037142857142857143,0.0,4496.0,2.221975676652832e-05,-0.009824062497362007
3.7095740673593576,-0.0021962658060165645,5.9419859750254105,0.0003857142857142857,0.0,4497.0,2.221975676697241e-05,-0.009824062497362895
3.709596287116124,-0.0021866971023402,5.9321619125280485,0.0004,0.0,4498.0,2.221975676652832e-05,-0.009824062497362007
3.7096239028278495,-0.002155887576146879,5.919390362452301,0.0004,0.0,4499.0,2.7615711725381686e-05,-0.012771550075747484
3.7096515185395753,-0.002125078049953557,5.906618812376554,0.0004,0.0,4500.0,2.7615711725825776e-05,-0.012771550075746596
3.709679134251301,-0.002094268523760236,5.893847262300807,0.0004,0.0,4501.0,2.7615711725825776e-05,-0.012771550075747484
3.7097067499630265,-0.0020634589975669143,5.881075712225059,0.0004,0.0,4502.0,2.7615711725381686e-05,-0.012771550075747484
3.709734365674752,-0.002032649471373593,5.868304162149313,0.0004,0.0,4503.0,2.7615711725381686e-05,-0.012771550075746596
3.7097619813864777,-0.0020018399451802713,5.855532612073565,0.0004,0.0,4504.0,2.7615711725825776e-05,-0.012771550075747484
3.7097895970982036,-0.00197103041898695,5.842761061997819,0.0004,0.0,4505.0,2.7615711725825776e-05,-0.012771550075746596
3.709817212809929,-0.0019402208927936286,5.829989511922071,0.0004,0.0,4506.0,2.7615711725381686e-05,-0.012771550075747484
3.7098448285216543,-0.0019094113666003071,5.817217961846324,0.0004,0.0,4507.0,2.7615711725381686e-05,-0.012771550075747484
3.70987244423338,-0.001878601840406986,5.804446411770577,0.0004,0.0,4508.0,2.7615711725825776e-05,-0.012771550075746596
3.709900059945106,-0.0018477923142136644,5.79167486169483,0.0004,0.0,4509.0,2.7615711725825776e-05,-0.012771550075747484
3.7099276756568313,-0.001816982788020343,5.778903311619082,0.0004,0.0,4510.0,2.7615711725381686e-05,-0.012771550075747484
3.7099552913685567,-0.0017861732618270215,5.766131761543336,0.0004,0.0,4511.0,2.7615711725381686e-05,-0.012771550075746596
3.7099829070802826,-0.0017553637356337,5.753360211467588,0.0004,0.0,4512.0,2.7615711725825776e-05,-0.012771550075747484
3.709996963160036,-0.0015924154805320534,5.747791239511391,0.0004,0.0,4513.0,1.4056079753466122e-05,-0.005568971956197544
3.7100110192397895,-0.0014294672254304068,5.742222267555194,0.0004,0.0,4514.0,1.4056079753466122e-05,-0.0055689719561966555
3.710025075319543,-0.00126651897032876,5.736653295598996,0.0004,0.0,4515.0,1.4056079753466122e-05,-0.005568971956197544
3.710039131399297,-0.0011035707152271133,5.731084323642799,0.0004,0.0,4516.0,1.4056079753910211e-05,-0.005568971956197544
3.7100531874790503,-0.0009406224601254667,5.725515351686601,0.0004,0.0,4517.0,1.4056079753466122e-05,-0.005568971956197544
3.710067243558804,-0.00077767420502382,5.719946379730405,0.0004,0.0,4518.0,1.4056079753466122e-05,-0.0055689719561966555
3.7100812996385573,-0.0006147259499221732,5.714377407774207,0.0004,0.0,4519.0,1.4056079753466122e-05,-0.005568971956197544
3.7100953557183107,-0.00045177769482052663,5.70880843581801,0.0004,0.0,4520.0,1.4056079753466122e-05,-0.005568971956197544
3.710109411798064,-0.00028882943971887996,5.703239463861812,0.0004,0.0,4521.0,1.4056079753466122e-05,-0.005568971956197544
3.7101234678778177,-0.00012588118461723328,5.697670491905615,0.0004,0.0,4522.0,1.4056079753466122e-05,-0.0055689719561966555
3.710137523957571,3.706707048441339e-05,5.692101519949418,0.0004,0.0,4523.0,1.4056079753466122e-05,-0.005568971956197544
3.710151580037325,0.00020001532558606007,5.68653254799322,0.0004,0.0,4524.0,1.4056079753910211e-05,-0.005568971956197544
3.7101656361170785,0.00036296358068770674,5.680963576037023,0.0004,0.0,4525.0,1.4056079753466122e-05,-0.005568971956197544
3.710179692196832,0.0005259118357893534,5.675394604080826,0.0004,0.0,4526.0,1.4056079753466122e-05,-0.0055689719561966555
3.7101937482765854,0.000688860090891,5.6698256321246285,0.0004,0.0,4527.0,1.4056079753466122e-05,-0.005568971956197544
3.7102270710642427,0.0005981971620708286,5.659531207400929,0.0003857142857142857,0.0,4528.0,3.332278765721952e-05,-0.010294424723699791
3.7102603938519,0.0005075342332506572,5.649236782677229,0.00037142857142857143,0.0,4529.0,3.332278765721952e-05,-0.010294424723699791
3.7102937166395575,0.00041687130443048573,5.638942357953529,0.00035714285714285714,0.0,4530.0,3.332278765766361e-05,-0.010294424723699791
3.7103270394272148,0.0003262083756103143,5.628647933229829,0.00034285714285714285,0.0,4531.0,3.332278765721952e-05,-0.010294424723699791
3.710360362214872,0.0002355454467901429,5.61835350850613,0.00032857142857142856,0.0,4532.0,3.332278765721952e-05,-0.010294424723699791
3.710393685002529,0.00014488251796997145,5.60805908378243,0.0003142857142857143,0.0,4533.0,3.332278765721952e-05,-0.010294424723699791
3.7104270077901864,5.421958914980002e-05,5.597764659058731,0.00030000000000000003,0.0,4534.0,3.332278765721952e-05,-0.010294424723698903
3.710460330577844,-3.644333967037141e-05,5.587470234335031,0.00028571428571428574,0.0,4535.0,3.332278765766361e-05,-0.010294424723699791
3.7104936533655013,-0.00012710626849054283,5.577175809611331,0.00027142857142857144,0.0,4536.0,3.332278765721952e-05,-0.010294424723699791
3.7105269761531585,-0.00021776919731071427,5.5668813848876315,0.00025714285714285715,0.0,4537.0,3.332278765721952e-05,-0.010294424723699791
3.7105602989408157,-0.0003084321261308857,5.556586960163932,0.00024285714285714286,0.0,4538.0,3.332278765721952e-05,-0.010294424723699791
3.7105936217284734,-0.00039909505495105713,5.546292535440232,0.00022857142857142857,0.0,4539.0,3.332278765766361e-05,-0.010294424723699791
3.7106269445161306,-0.0004897579837712286,5.535998110716532,0.00021428571428571427,0.0,4540.0,3.332278765721952e-05,-0.010294424723699791
3.710660267303788,-0.0005804209125914,5.525703685992832,0.0002,0.0,4541.0,3.332278765721952e-05,-0.010294424723699791
3.7106814136664483,-0.0005430039749283609,5.517831111085547,0.00021333333333333333,0.0,4542.0,2.114636266048464e-05,-0.007872574907285212
3.7107025600291093,-0.0005055870372653217,5.509958536178262,0.00022666666666666668,0.0,4543.0,2.114636266092873e-05,-0.007872574907285212
3.7107237063917697,-0.00046817009960228265,5.502085961270977,0.00024,0.0,4544.0,2.114636266048464e-05,-0.007872574907285212
3.7107448527544302,-0.0004307531619392435,5.4942133863636915,0.00025333333333333333,0.0,4545.0,2.114636266048464e-05,-0.007872574907285212
3.7107659991170907,-0.00039333622427620437,5.486340811456406,0.0002666666666666667,0.0,4546.0,2.114636266048464e-05,-0.007872574907285212
3.7107871454797516,-0.0003559192866131653,5.478468236549121,0.00028000000000000003,0.0,4547.0,2.114636266092873e-05,-0.007872574907285212
3.710808291842412,-0.00031850234895012614,5.470595661641836,0.0002933333333333333,0.0,4548.0,2.114636266048464e-05,-0.007872574907285212
3.7108294382050726,-0.000281085411287087,5.4627230867345515,0.0003066666666666667,0.0,4549.0,2.114636266048464e-05,-0.007872574907284324
3.710850584567733,-0.00024366847362404786,5.454850511827266,0.00032,0.0,4550.0,2.114636266048464e-05,-0.007872574907285212
3.710871730930394,-0.00020625153596100874,5.446977936919981,0.0003333333333333333,0.0,4551.0,2.114636266092873e-05,-0.007872574907285212
3.7108928772930545,-0.00016883459829796963,5.439105362012696,0.00034666666666666667,0.0,4552.0,2.114636266048464e-05,-0.007872574907285212
3.710914023655715,-0.0001314176606349305,5.431232787105411,0.00036,0.0,4553.0,2.114636266048464e-05,-0.007872574907285212
3.7109351700183755,-9.400072297189136e-05,5.4233602121981255,0.0003733333333333333,0.0,4554.0,2.114636266048464e-05,-0.007872574907285212
3.7109563163810364,-5.658378530885223e-05,5.41548763729084,0.00038666666666666667,0.0,4555.0,2.114636266092873e-05,-0.007872574907285212
3.710977462743697,-1.9166847645813023e-05,5.407615062383555,0.0004,0.0,4556.0,2.114636266048464e-05,-0.007872574907285212
3.711003207951578,-5.641032831277637e-05,5.398973013523429,0.0004,0.0,4557.0,2.5745207881122667e-05,-0.008642048860125762
3.7110289531594596,-9.365380897973972e-05,5.390330964663303,0.0004,0.0,4558.0,2.5745207881566756e-05,-0.00864204886012665
3.7110546983673407,-0.00013089728964670307,5.381688915803177,0.0004,0.0,4559.0,2.5745207881122667e-05,-0.008642048860125762
3.711080443575222,-0.00016814077031366642,5.37304686694305,0.0004,0.0,4560.0,2.5745207881122667e-05,-0.00864204886012665
3.7111061887831034,-0.00020538425098062975,5.3644048180829245,0.0004,0.0,4561.0,2.5745207881566756e-05,-0.008642048860125762
3.7111319339909845,-0.0002426277316475931,5.355762769222798,0.0004,0.0,4562.0,2.5745207881122667e-05,-0.00864204886012665
3.7111576791988656,-0.00027987121231455646,5.347120720362672,0.0004,0.0,4563.0,2.5745207881122667e-05,-0.008642048860125762
3.711183424406747,-0.0003171146929815198,5.338478671502546,0.0004,0.0,4564.0,2.5745207881566756e-05,-0.008642048860125762
3.7112091696146283,-0.00035435817364848316,5.32983662264242,0.0004,0.0,4565.0,2.5745207881122667e-05,-0.00864204886012665
3.71123491482251,-0.0003916016543154465,5.321194573782294,0.0004,0.0,4566.0,2.5745207881566756e-05,-0.008642048860125762
3.711260660030391,-0.0004288451349824098,5.312552524922167,0.0004,0.0,4567.0,2.5745207881122667e-05,-0.00864204886012665
3.711286405238272,-0.0004660886156493732,5.3039104760620415,0.0004,0.0,4568.0,2.5745207881122667e-05,-0.008642048860125762
3.7113121504461537,-0.0005033320963163365,5.295268427201915,0.0004,0.0,4569.0,2.5745207881566756e-05,-0.00864204886012665
3.711337895654035,-0.0005405755769833,5.286626378341789,0.0004,0.0,4570.0,2.5745207881122667e-05,-0.008642048860125762
3.711357445500654,-0.0005738548073518642,5.279645686348423,0.0004,0.0,4571.0,1.9549846619337785e-05,-0.00698069199336615
3.7113769953472735,-0.0006071340377204285,5.272664994355058,0.0004,0.0,4572.0,1.9549846619337785e-05,-0.006980691993365262
3.711396545193893,-0.0006404132680889928,5.2656843023616915,0.0004,0.0,4573.0,1.9549846619337785e-05,-0.00698069199336615
3.7114160950405117,-0.0006736924984575571,5.258703610368325,0.0004,0.0,4574.0,1.9549846618893696e-05,-0.00698069199336615
3.711435644887131,-0.0007069717288261213,5.25172291837496,0.0004,0.0,4575.0,1.9549846619337785e-05,-0.006980691993365262
3.7114551947337504,-0.0007402509591946856,5.244742226381594,0.0004,0.0,4576.0,1.9549846619337785e-05,-0.00698069199336615
3.7114747445803697,-0.0007735301895632499,5.237761534388229,0.0004,0.0,4577.0,1.9549846619337785e-05,-0.006980691993365262
3.711494294426989,-0.0008068094199318143,5.2307808423948625,0.0004,0.0,4578.0,1.9549846619337785e-05,-0.00698069199336615
3.7115138442736084,-0.0008400886503003786,5.223800150401496,0.0004,0.0,4579.0,1.9549846619337785e-05,-0.00698069199336615
3.7115333941202278,-0.0008733678806689428,5.216819458408131,0.0004,0.0,4580.0,1.9549846619337785e-05,-0.006980691993365262
3.7115529439668467,-0.0009066471110375071,5.209838766414765,0.0004,0.0,4581.0,1.9549846618893696e-05,-0.00698069199336615
3.711572493813466,-0.0009399263414060714,5.202858074421399,0.0004,0.0,4582.0,1.9549846619337785e-05,-0.00698069199336615
3.7115920436600853,-0.0009732055717746357,5.1958773824280335,0.0004,0.0,4583.0,1.9549846619337785e-05,-0.006980691993365262
3.7116115935067047,-0.0010064848021432,5.188896690434667,0.0004,0.0,4584.0,1.9549846619337785e-05,-0.00698069199336615
3.7116419137595043,-0.0010083772895693067,5.196459237521809,0.00038666666666666667,0.0,4585.0,3.0320252799587166e-05,0.00756254708714188
3.711672234012304,-0.0010102697769954134,5.20402178460895,0.0003733333333333334,0.0,4586.0,3.0320252799587166e-05,0.007562547087140992
3.711702554265103,-0.0010121622644215199,5.211584331696092,0.00036,0.0,4587.0,3.0320252799143077e-05,0.00756254708714188
3.7117328745179026,-0.0010140547518476266,5.219146878783233,0.00034666666666666667,0.0,4588.0,3.0320252799587166e-05,0.007562547087140992
3.711763194770702,-0.0010159472392737333,5.226709425870375,0.0003333333333333334,0.0,4589.0,3.0320252799587166e-05,0.00756254708714188
3.7117935150235017,-0.00101783972669984,5.234271972957516,0.00032,0.0,4590.0,3.0320252799587166e-05,0.007562547087140992
3.7118238352763013,-0.0010197322141259468,5.241834520044658,0.0003066666666666667,0.0,4591.0,3.0320252799587166e-05,0.00756254708714188
3.7118541555291005,-0.0010216247015520533,5.249397067131799,0.0002933333333333334,0.0,4592.0,3.0320252799143077e-05,0.007562547087140992
3.7118844757819,-0.00102351718897816,5.256959614218941,0.00028000000000000003,0.0,4593.0,3.0320252799587166e-05,0.00756254708714188
3.7119147960346996,-0.0010254096764042667,5.264522161306082,0.0002666666666666667,0.0,4594.0,3.0320252799587166e-05,0.007562547087140992
3.7119451162874992,-0.0010273021638303734,5.272084708393224,0.00025333333333333333,0.0,4595.0,3.0320252799587166e-05,0.00756254708714188
3.711975436540299,-0.0010291946512564802,5.279647255480365,0.00024000000000000003,0.0,4596.0,3.0320252799587166e-05,0.007562547087140992
3.712005756793098,-0.0010310871386825867,5.2872098025675065,0.00022666666666666668,0.0,4597.0,3.0320252799143077e-05,0.00756254708714188
3.7120360770458976,-0.0010329796261086934,5.2947723496546475,0.00021333333333333336,0.0,4598.0,3.0320252799587166e-05,0.007562547087140992
3.712066397298697,-0.0010348721135348,5.302334896741789,0.0002,0.0,4599.0,3.0320252799587166e-05,0.00756254708714188
3.712068349828318,-0.0008946800987769429,5.308641022194868,0.0002142857142857143,0.0,4600.0,1.952529620652399e-06,0.006306125453078515
3.7120703023579384,-0.0007544880840190857,5.3149471476479455,0.0002285714285714286,0.0,4601.0,1.952529620652399e-06,0.006306125453077627
3.712072254887559,-0.0006142960692612287,5.321253273101024,0.00024285714285714286,0.0,4602.0,1.952529620652399e-06,0.006306125453078515
3.7120742074171793,-0.0004741040545033715,5.3275593985541025,0.00025714285714285715,0.0,4603.0,1.9525296202083098e-06,0.006306125453078515
3.7120761599468,-0.0003339120397455143,5.33386552400718,0.00027142857142857144,0.0,4604.0,1.952529620652399e-06,0.006306125453077627
3.7120781124764206,-0.00019372002498765716,5.340171649460259,0.00028571428571428574,0.0,4605.0,1.952529620652399e-06,0.006306125453078515
3.7120800650060413,-5.3528010229800005e-05,5.346477774913336,0.00030000000000000003,0.0,4606.0,1.952529620652399e-06,0.006306125453077627
3.712082017535662,8.666400452805715e-05,5.352783900366415,0.0003142857142857143,0.0,4607.0,1.952529620652399e-06,0.006306125453078515
3.7120839700652826,0.0002268560192859143,5.359090025819493,0.0003285714285714286,0.0,4608.0,1.952529620652399e-06,0.006306125453078515
3.712085922594903,0.00036704803404377146,5.365396151272571,0.0003428571428571429,0.0,4609.0,1.952529620652399e-06,0.006306125453077627
3.7120878751245234,0.0005072400488016286,5.3717022767256495,0.00035714285714285714,0.0,4610.0,1.9525296202083098e-06,0.006306125453078515
3.712089827654144,0.0006474320635594858,5.378008402178728,0.00037142857142857143,0.0,4611.0,1.952529620652399e-06,0.006306125453078515
3.7120917801837647,0.000787624078317343,5.384314527631806,0.0003857142857142857,0.0,4612.0,1.952529620652399e-06,0.006306125453077627
3.7120937327133854,0.0009278160930752,5.390620653084884,0.0004,0.0,4613.0,1.952529620652399e-06,0.006306125453078515
3.7121092241374627,0.0008557598422983067,5.391832837145721,0.00038666666666666667,0.0,4614.0,1.5491424077307414e-05,0.001212184060836563
3.7121247155615396,0.0007837035915214134,5.393045021206556,0.0003733333333333334,0.0,4615.0,1.5491424076863325e-05,0.0012121840608356749
3.712140206985617,0.00071164734074452,5.394257205267393,0.00036,0.0,4616.0,1.5491424077307414e-05,0.001212184060836563
3.7121556984096937,0.0006395910899676267,5.395469389328229,0.00034666666666666667,0.0,4617.0,1.5491424076863325e-05,0.0012121840608356749
3.712171189833771,0.0005675348391907334,5.396681573389065,0.0003333333333333334,0.0,4618.0,1.5491424077307414e-05,0.001212184060836563
3.7121866812578483,0.0004954785884138399,5.397893757449902,0.00032,0.0,4619.0,1.5491424077307414e-05,0.001212184060836563
3.712202172681925,0.0004234223376369466,5.399105941510737,0.0003066666666666667,0.0,4620.0,1.5491424076863325e-05,0.0012121840608356749
3.7122176641060025,0.0003513660868600533,5.400318125571574,0.0002933333333333334,0.0,4621.0,1.5491424077307414e-05,0.001212184060836563
3.7122331555300794,0.00027930983608316,5.40153030963241,0.00028000000000000003,0.0,4622.0,1.5491424076863325e-05,0.0012121840608356749
3.7122486469541567,0.00020725358530626663,5.402742493693246,0.0002666666666666667,0.0,4623.0,1.5491424077307414e-05,0.001212184060836563
3.712264138378234,0.0001351973345293733,5.403954677754083,0.00025333333333333333,0.0,4624.0,1.5491424077307414e-05,0.001212184060836563
3.712279629802311,6.314108375247995e-05,5.4051668618149185,0.00024000000000000003,0.0,4625.0,1.5491424076863325e-05,0.0012121840608356749
3.712295121226388,-8.915167024413389e-06,5.406379045875755,0.00022666666666666668,0.0,4626.0,1.5491424077307414e-05,0.001212184060836563
3.712310612650465,-8.097141780130673e-05,5.407591229936591,0.00021333333333333336,0.0,4627.0,1.5491424076863325e-05,0.0012121840608356749
3.7123261040745423,-0.0001530276685782,5.408803413997427,0.0002,0.0,4628.0,1.5491424077307414e-05,0.001212184060836563
3.712344077434207,-2.471106279078566e-06,5.411923565230735,0.0002142857142857143,0.0,4629.0,1.7973359664580357e-05,0.0031201512333076664
3.7123620507938715,0.00014808545602004286,5.4150437164640435,0.0002285714285714286,0.0,4630.0,1.7973359664580357e-05,0.0031201512333085546
3.712380024153536,0.0002986420183191643,5.418163867697351,0.00024285714285714286,0.0,4631.0,1.7973359664580357e-05,0.0031201512333076664
3.7123979975132007,0.0004491985806182857,5.421284018930659,0.00025714285714285715,0.0,4632.0,1.7973359664580357e-05,0.0031201512333076664
3.7124159708728652,0.0005997551429174071,5.424404170163967,0.00027142857142857144,0.0,4633.0,1.7973359664580357e-05,0.0031201512333085546
3.71243394423253,0.0007503117052165285,5.427524321397275,0.00028571428571428574,0.0,4634.0,1.7973359664580357e-05,0.0031201512333076664
3.7124519175921944,0.00090086826751565,5.430644472630583,0.00030000000000000003,0.0,4635.0,1.7973359664580357e-05,0.0031201512333076664
3.712469890951859,0.0010514248298147714,5.433764623863891,0.0003142857142857143,0.0,4636.0,1.7973359664580357e-05,0.0031201512333085546
3.7124878643115236,0.0012019813921138928,5.436884775097199,0.0003285714285714286,0.0,4637.0,1.7973359664580357e-05,0.0031201512333076664
3.712505837671188,0.0013525379544130143,5.4400049263305075,0.0003428571428571429,0.0,4638.0,1.7973359664580357e-05,0.0031201512333085546
3.7125238110308527,0.0015030945167121357,5.443125077563815,0.00035714285714285714,0.0,4639.0,1.7973359664580357e-05,0.0031201512333076664
3.7125417843905173,0.001653651079011257,5.446245228797123,0.00037142857142857143,0.0,4640.0,1.7973359664580357e-05,0.0031201512333076664
3.712559757750182,0.0018042076413103784,5.449365380030431,0.0003857142857142857,0.0,4641.0,1.7973359664580357e-05,0.0031201512333085546
3.7125777311098465,0.0019547642036095,5.452485531263739,0.0004,0.0,4642.0,1.7973359664580357e-05,0.0031201512333076664
3.71259697760644,0.0016995209931125598,5.453992213071955,0.0004,0.0,4643.0,1.9246496593350315e-05,0.0015066818082161149
3.7126162241030327,0.0014442777826156198,5.45549889488017,0.0004,0.0,4644.0,1.9246496592906226e-05,0.0015066818082152267
3.712635470599626,0.00118903457211868,5.4570055766883865,0.0004,0.0,4645.0,1.9246496593350315e-05,0.0015066818082161149
3.712654717096219,0.0009337913616217399,5.458512258496603,0.0004,0.0,4646.0,1.9246496592906226e-05,0.0015066818082161149
3.7126739635928123,0.0006785481511247999,5.460018940304819,0.0004,0.0,4647.0,1.9246496593350315e-05,0.0015066818082161149
3.7126932100894057,0.00042330494062786,5.461525622113034,0.0004,0.0,4648.0,1.9246496593350315e-05,0.0015066818082152267
3.7127124565859986,0.00016806173013092003,5.46303230392125,0.0004,0.0,4649.0,1.9246496592906226e-05,0.0015066818082161149
3.712731703082592,-8.718148036601994e-05,5.464538985729466,0.0004,0.0,4650.0,1.9246496593350315e-05,0.0015066818082161149
3.712750949579185,-0.0003424246908629599,5.466045667537682,0.0004,0.0,4651.0,1.9246496592906226e-05,0.0015066818082161149
3.712770196075778,-0.0005976679013598999,5.4675523493458975,0.0004,0.0,4652.0,1.9246496593350315e-05,0.0015066818082152267
3.7127894425723715,-0.0008529111118568398,5.469059031154114,0.0004,0.0,4653.0,1.9246496593350315e-05,0.0015066818082161149
3.7128086890689644,-0.0011081543223537798,5.47056571296233,0.0004,0.0,4654.0,1.9246496592906226e-05,0.0015066818082161149
3.712827935565558,-0.0013633975328507198,5.472072394770546,0.0004,0.0,4655.0,1.9246496593350315e-05,0.0015066818082161149
3.7128471820621507,-0.0016186407433476597,5.473579076578761,0.0004,0.0,4656.0,1.9246496592906226e-05,0.0015066818082152267
3.712866428558744,-0.0018738839538446,5.475085758386977,0.0004,0.0,4657.0,1.9246496593350315e-05,0.0015066818082161149
3.712872335787089,-0.0019130425755719072,5.475523701748256,0.0004,0.0,4658.0,5.907228345147786e-06,0.00043794336127866984
3.7128782430154343,-0.0019522011972992143,5.475961645109535,0.0004,0.0,4659.0,5.907228345147786e-06,0.000437943361279558
3.7128841502437795,-0.0019913598190265214,5.476399588470814,0.0004,0.0,4660.0,5.907228345147786e-06,0.00043794336127866984
3.7128900574721246,-0.0020305184407538287,5.476837531832093,0.0004,0.0,4661.0,5.907228345147786e-06,0.00043794336127866984
3.71289596470047,-0.002069677062481136,5.477275475193372,0.0004,0.0,4662.0,5.907228345147786e-06,0.000437943361279558
3.712901871928815,-0.002108835684208443,5.477713418554651,0.0004,0.0,4663.0,5.907228345147786e-06,0.00043794336127866984
3.71290777915716,-0.00214799430593575,5.47815136191593,0.0004,0.0,4664.0,5.907228345147786e-06,0.00043794336127866984
3.7129136863855052,-0.002187152927663057,5.478589305277209,0.0004,0.0,4665.0,5.907228345147786e-06,0.000437943361279558
3.7129195936138504,-0.0022263115493903643,5.479027248638488,0.0004,0.0,4666.0,5.907228345147786e-06,0.00043794336127866984
3.7129255008421955,-0.0022654701711176716,5.4794651919997674,0.0004,0.0,4667.0,5.907228345147786e-06,0.000437943361279558
3.7129314080705407,-0.0023046287928449784,5.479903135361046,0.0004,0.0,4668.0,5.907228345147786e-06,0.00043794336127866984
3.712937315298886,-0.0023437874145722857,5.480341078722325,0.0004,0.0,4669.0,5.907228345147786e-06,0.00043794336127866984
3.712943222527231,-0.0023829460362995926,5.480779022083604,0.0004,0.0,4670.0,5.907228345147786e-06,0.000437943361279558
3.712949129755576,-0.0024221046580269,5.481216965444883,0.0004,0.0,4671.0,5.907228345147786e-06,0.00043794336127866984
3.712981263408862,-0.0023738452554698214,5.482724029313244,0.0003857142857142857,0.0,4672.0,3.213365328580409e-05,0.0015070638683614135
3.713013397062148,-0.002325585852912743,5.484231093181606,0.00037142857142857143,0.0,4673.0,3.2133653286248176e-05,0.0015070638683614135
3.713045530715434,-0.0022773264503556643,5.485738157049967,0.00035714285714285714,0.0,4674.0,3.213365328580409e-05,0.0015070638683614135
3.71307766436872,-0.0022290670477985858,5.487245220918328,0.00034285714285714285,0.0,4675.0,3.2133653286248176e-05,0.0015070638683605253
3.713109798022006,-0.0021808076452415072,5.488752284786689,0.00032857142857142856,0.0,4676.0,3.213365328580409e-05,0.0015070638683614135
3.7131419316752923,-0.0021325482426844287,5.490259348655051,0.0003142857142857143,0.0,4677.0,3.2133653286248176e-05,0.0015070638683614135
3.713174065328578,-0.0020842888401273497,5.491766412523412,0.00030000000000000003,0.0,4678.0,3.213365328580409e-05,0.0015070638683614135
3.713206198981864,-0.002036029437570271,5.493273476391773,0.00028571428571428574,0.0,4679.0,3.213365328580409e-05,0.0015070638683614135
3.71323833263515,-0.0019877700350131927,5.494780540260135,0.00027142857142857144,0.0,4680.0,3.2133653286248176e-05,0.0015070638683614135
3.713270466288436,-0.0019395106324561141,5.496287604128496,0.00025714285714285715,0.0,4681.0,3.213365328580409e-05,0.0015070638683614135
3.713302599941722,-0.0018912512298990356,5.497794667996857,0.00024285714285714286,0.0,4682.0,3.2133653286248176e-05,0.0015070638683605253
3.713334733595008,-0.001842991827341957,5.499301731865218,0.00022857142857142857,0.0,4683.0,3.213365328580409e-05,0.0015070638683614135
3.7133668672482942,-0.0017947324247848786,5.50080879573358,0.00021428571428571427,0.0,4684.0,3.2133653286248176e-05,0.0015070638683614135
3.71339900090158,-0.0017464730222278,5.502315859601941,0.0002,0.0,4685.0,3.213365328580409e-05,0.0015070638683614135
3.713400600504341,-0.0017383703452893934,5.503004107021509,0.00021333333333333333,0.0,4686.0,1.5996027609155306e-06,0.0006882474195677446
3.7134022001071014,-0.0017302676683509867,5.5036923544410765,0.00022666666666666668,0.0,4687.0,1.5996027604714413e-06,0.0006882474195677446
3.7134037997098623,-0.00172216499141258,5.504380601860644,0.00024,0.0,4688.0,1.5996027609155306e-06,0.0006882474195677446
3.7134053993126233,-0.0017140623144741734,5.505068849280212,0.00025333333333333333,0.0,4689.0,1.5996027609155306e-06,0.0006882474195677446
3.713406998915384,-0.0017059596375357667,5.50575709669978,0.0002666666666666667,0.0,4690.0,1.5996027609155306e-06,0.0006882474195677446
3.7134085985181446,-0.00169785696059736,5.5064453441193475,0.00028000000000000003,0.0,4691.0,1.5996027604714413e-06,0.0006882474195677446
3.7134101981209056,-0.0016897542836589534,5.507133591538915,0.0002933333333333333,0.0,4692.0,1.5996027609155306e-06,0.0006882474195677446
3.7134117977236665,-0.0016816516067205466,5.507821838958482,0.0003066666666666667,0.0,4693.0,1.5996027609155306e-06,0.0006882474195668564
3.7134133973264274,-0.00167354892978214,5.50851008637805,0.00032,0.0,4694.0,1.5996027609155306e-06,0.0006882474195677446
3.713414996929188,-0.0016654462528437333,5.509198333797618,0.0003333333333333333,0.0,4695.0,1.5996027604714413e-06,0.0006882474195677446
3.7134165965319488,-0.0016573435759053266,5.509886581217185,0.00034666666666666667,0.0,4696.0,1.5996027609155306e-06,0.0006882474195677446
3.7134181961347097,-0.00164924089896692,5.510574828636753,0.00036,0.0,4697.0,1.5996027609155306e-06,0.0006882474195677446
3.7134197957374706,-0.0016411382220285133,5.511263076056321,0.0003733333333333333,0.0,4698.0,1.5996027609155306e-06,0.0006882474195677446
3.713421395340231,-0.0016330355450901066,5.511951323475889,0.00038666666666666667,0.0,4699.0,1.5996027604714413e-06,0.0006882474195677446
3.713422994942992,-0.0016249328681517,5.512639570895456,0.0004,0.0,4700.0,1.5996027609155306e-06,0.0006882474195677446
3.7134367439852407,-0.0015984671785496285,5.5130119853592285,0.0003857142857142857,0.0,4701.0,1.3749042248711874e-05,0.0003724144637722304
3.7134504930274894,-0.001572001488947557,5.513384399823001,0.00037142857142857143,0.0,4702.0,1.3749042248711874e-05,0.0003724144637722304
3.7134642420697377,-0.0015455357993454856,5.513756814286773,0.00035714285714285714,0.0,4703.0,1.3749042248267784e-05,0.0003724144637722304
3.7134779911119864,-0.0015190701097434142,5.514129228750544,0.00034285714285714285,0.0,4704.0,1.3749042248711874e-05,0.00037241446377134224
3.713491740154235,-0.0014926044201413427,5.514501643214317,0.00032857142857142856,0.0,4705.0,1.3749042248711874e-05,0.0003724144637722304
3.713505489196484,-0.0014661387305392713,5.514874057678089,0.0003142857142857143,0.0,4706.0,1.3749042248711874e-05,0.0003724144637722304
3.713519238238732,-0.0014396730409372,5.515246472141861,0.00030000000000000003,0.0,4707.0,1.3749042248267784e-05,0.0003724144637722304
3.713532987280981,-0.0014132073513351286,5.515618886605633,0.00028571428571428574,0.0,4708.0,1.3749042248711874e-05,0.0003724144637722304
3.7135467363232295,-0.0013867416617330572,5.5159913010694055,0.00027142857142857144,0.0,4709.0,1.3749042248711874e-05,0.0003724144637722304
3.7135604853654782,-0.0013602759721309857,5.516363715533178,0.00025714285714285715,0.0,4710.0,1.3749042248711874e-05,0.0003724144637722304
3.713574234407727,-0.0013338102825289143,5.516736129996949,0.00024285714285714286,0.0,4711.0,1.3749042248711874e-05,0.00037241446377134224
3.713587983449975,-0.0013073445929268428,5.517108544460721,0.00022857142857142857,0.0,4712.0,1.3749042248267784e-05,0.0003724144637722304
3.713601732492224,-0.0012808789033247714,5.5174809589244935,0.00021428571428571427,0.0,4713.0,1.3749042248711874e-05,0.0003724144637722304
3.7136154815344726,-0.0012544132137227,5.517853373388266,0.0002,0.0,4714.0,1.3749042248711874e-05,0.0003724144637722304
3.713621998185776,-0.0012899730696757732,5.518686164213289,0.0002,0.0,4715.0,6.516651303467569e-06,0.0008327908250231886
3.713628514837079,-0.0013255329256288465,5.519518955038312,0.0002,0.0,4716.0,6.51665130302348e-06,0.0008327908250231886
3.7136350314883826,-0.00136109278158192,5.520351745863335,0.0002,0.0,4717.0,6.516651303467569e-06,0.0008327908250231886
3.713641548139686,-0.0013966526375349933,5.5211845366883585,0.0002,0.0,4718.0,6.516651303467569e-06,0.0008327908250231886
3.713648064790989,-0.0014322124934880666,5.522017327513382,0.0002,0.0,4719.0,6.51665130302348e-06,0.0008327908250231886
3.7136545814422925,-0.0014677723494411399,5.522850118338405,0.0002,0.0,4720.0,6.516651303467569e-06,0.0008327908250231886
3.713661098093596,-0.0015033322053942132,5.523682909163428,0.0002,0.0,4721.0,6.516651303467569e-06,0.0008327908250231886
3.713667614744899,-0.0015388920613472867,5.52451569998845,0.0002,0.0,4722.0,6.51665130302348e-06,0.0008327908250223004
3.7136741313962025,-0.00157445191730036,5.525348490813474,0.0002,0.0,4723.0,6.516651303467569e-06,0.0008327908250231886
3.713680648047506,-0.0016100117732534332,5.526181281638497,0.0002,0.0,4724.0,6.516651303467569e-06,0.0008327908250231886
3.713687164698809,-0.0016455716292065065,5.52701407246352,0.0002,0.0,4725.0,6.51665130302348e-06,0.0008327908250231886
3.7136936813501125,-0.0016811314851595798,5.527846863288543,0.0002,0.0,4726.0,6.516651303467569e-06,0.0008327908250231886
3.713700198001416,-0.001716691341112653,5.528679654113566,0.0002,0.0,4727.0,6.516651303467569e-06,0.0008327908250231886
3.713706714652719,-0.0017522511970657266,5.5295124449385895,0.0002,0.0,4728.0,6.51665130302348e-06,0.0008327908250231886
3.7137132313040224,-0.0017878110530188,5.530345235763613,0.0002,0.0,4729.0,6.516651303467569e-06,0.0008327908250231886
3.7137408912505476,-0.0016318106482825143,5.531043667939279,0.0002,0.0,4730.0,2.765994652520476e-05,0.0006984321756666745
3.713768551197073,-0.0014758102435462285,5.531742100114945,0.0002,0.0,4731.0,2.765994652520476e-05,0.0006984321756657863
3.713796211143598,-0.0013198098388099429,5.532440532290612,0.0002,0.0,4732.0,2.765994652520476e-05,0.0006984321756666745
3.7138238710901232,-0.0011638094340736573,5.5331389644662785,0.0002,0.0,4733.0,2.765994652520476e-05,0.0006984321756666745
3.7138515310366484,-0.0010078090293373714,5.533837396641944,0.0002,0.0,4734.0,2.765994652520476e-05,0.0006984321756657863
3.7138791909831737,-0.0008518086246010858,5.534535828817611,0.0002,0.0,4735.0,2.765994652520476e-05,0.0006984321756666745
3.713906850929699,-0.0006958082198648001,5.535234260993277,0.0002,0.0,4736.0,2.765994652520476e-05,0.0006984321756657863
3.713934510876224,-0.0005398078151285144,5.535932693168943,0.0002,0.0,4737.0,2.765994652520476e-05,0.0006984321756666745
3.7139621708227493,-0.00038380741039222867,5.53663112534461,0.0002,0.0,4738.0,2.765994652520476e-05,0.0006984321756666745
3.7139898307692745,-0.000227807005655943,5.537329557520276,0.0002,0.0,4739.0,2.765994652520476e-05,0.0006984321756657863
3.7140174907157997,-7.180660091965732e-05,5.538027989695943,0.0002,0.0,4740.0,2.765994652520476e-05,0.0006984321756666745
3.714045150662325,8.419380381662837e-05,5.538726421871609,0.0002,0.0,4741.0,2.765994652520476e-05,0.0006984321756666745
3.71407281060885,0.00024019420855291406,5.539424854047275,0.0002,0.0,4742.0,2.765994652520476e-05,0.0006984321756657863
3.7141004705553753,0.0003961946132892,5.540123286222942,0.0002,0.0,4743.0,2.765994652520476e-05,0.0006984321756666745
3.714099789255746,0.0003703460677584206,5.541443651634392,0.0002,0.0,4744.0,-6.812996291571949e-07,0.0013203654114501973
3.7140991079561174,0.00034449752222764115,5.542764017045843,0.0002,0.0,4745.0,-6.812996287131057e-07,0.0013203654114510854
3.7140984266564883,0.0003186489766968617,5.544084382457293,0.0002,0.0,4746.0,-6.812996291571949e-07,0.0013203654114501973
3.714097745356859,0.0002928004311660823,5.545404747868744,0.0002,0.0,4747.0,-6.812996291571949e-07,0.0013203654114510854
3.7140970640572304,0.00026695188563530286,5.5467251132801945,0.0002,0.0,4748.0,-6.812996287131057e-07,0.0013203654114501973
3.7140963827576012,0.00024110334010452345,5.5480454786916455,0.0002,0.0,4749.0,-6.812996291571949e-07,0.0013203654114510854
3.714095701457972,0.00021525479457374402,5.549365844103096,0.0002,0.0,4750.0,-6.812996291571949e-07,0.0013203654114501973
3.7140950201583434,0.0001894062490429646,5.550686209514547,0.0002,0.0,4751.0,-6.812996287131057e-07,0.0013203654114510854
3.714094338858714,0.00016355770351218516,5.552006574925997,0.0002,0.0,4752.0,-6.812996291571949e-07,0.0013203654114501973
3.714093657559085,0.00013770915798140573,5.553326940337448,0.0002,0.0,4753.0,-6.812996291571949e-07,0.0013203654114510854
3.7140929762594563,0.00011186061245062631,5.554647305748898,0.0002,0.0,4754.0,-6.812996287131057e-07,0.0013203654114501973
3.714092294959827,8.601206691984688e-05,5.555967671160349,0.0002,0.0,4755.0,-6.812996291571949e-07,0.0013203654114510854
3.714091613660198,6.0163521389067445e-05,5.5572880365718,0.0002,0.0,4756.0,-6.812996291571949e-07,0.0013203654114501973
3.7140909323605693,3.431497585828802e-05,5.558608401983251,0.0002,0.0,4757.0,-6.812996287131057e-07,0.0013203654114510854
3.71409025106094,8.46643032750857e-06,5.559928767394701,0.0002,0.0,4758.0,-6.812996291571949e-07,0.0013203654114501973
3.714105667207694,-0.00013573594096940632,5.560111701136396,0.0002,0.0,4759.0,1.5416146753821636e-05,0.0001829337416952015
3.7141210833544482,-0.0002799383122663212,5.560294634878091,0.0002,0.0,4760.0,1.5416146754265725e-05,0.0001829337416952015
3.714136499501202,-0.00042414068356323606,5.5604775686197865,0.0002,0.0,4761.0,1.5416146753821636e-05,0.0001829337416952015
3.714151915647956,-0.0005683430548601509,5.560660502361482,0.0002,0.0,4762.0,1.5416146753821636e-05,0.0001829337416952015
3.71416733179471,-0.0007125454261570659,5.560843436103177,0.0002,0.0,4763.0,1.5416146754265725e-05,0.0001829337416952015
3.714182747941464,-0.0008567477974539807,5.561026369844872,0.0002,0.0,4764.0,1.5416146753821636e-05,0.0001829337416952015
3.714198164088218,-0.0010009501687508957,5.561209303586568,0.0002,0.0,4765.0,1.5416146753821636e-05,0.00018293374169608967
3.714213580234972,-0.0011451525400478105,5.561392237328263,0.0002,0.0,4766.0,1.5416146754265725e-05,0.0001829337416952015
3.714228996381726,-0.0012893549113447253,5.561575171069959,0.0002,0.0,4767.0,1.5416146753821636e-05,0.0001829337416952015
3.71424441252848,-0.0014335572826416404,5.561758104811654,0.0002,0.0,4768.0,1.5416146754265725e-05,0.0001829337416952015
3.714259828675234,-0.0015777596539385552,5.561941038553349,0.0002,0.0,4769.0,1.5416146753821636e-05,0.0001829337416952015
3.714275244821988,-0.00172196202523547,5.562123972295044,0.0002,0.0,4770.0,1.5416146753821636e-05,0.0001829337416952015
3.714290660968742,-0.0018661643965323849,5.562306906036739,0.0002,0.0,4771.0,1.5416146754265725e-05,0.0001829337416952015
3.714306077115496,-0.0020103667678293,5.562489839778435,0.0002,0.0,4772.0,1.5416146753821636e-05,0.0001829337416952015
3.714315578990818,-0.001893424601929793,5.5629959482219755,0.0002,0.0,4773.0,9.501875322115438e-06,0.0005061084435409313
3.71432508086614,-0.001776482436030286,5.5635020566655164,0.0002,0.0,4774.0,9.501875322115438e-06,0.0005061084435409313
3.714334582741462,-0.0016595402701307786,5.564008165109057,0.0002,0.0,4775.0,9.501875322115438e-06,0.0005061084435409313
3.714344084616784,-0.0015425981042312715,5.564514273552597,0.0002,0.0,4776.0,9.50187532167135e-06,0.0005061084435400431
3.714353586492106,-0.0014256559383317643,5.565020381996138,0.0002,0.0,4777.0,9.501875322115438e-06,0.0005061084435409313
3.714363088367428,-0.0013087137724322572,5.565526490439679,0.0002,0.0,4778.0,9.501875322115438e-06,0.0005061084435409313
3.7143725902427502,-0.0011917716065327501,5.56603259888322,0.0002,0.0,4779.0,9.501875322115438e-06,0.0005061084435409313
3.7143820921180724,-0.0010748294406332428,5.566538707326761,0.0002,0.0,4780.0,9.501875322115438e-06,0.0005061084435409313
3.7143915939933945,-0.0009578872747337358,5.567044815770302,0.0002,0.0,4781.0,9.501875322115438e-06,0.0005061084435409313
3.7144010958687166,-0.0008409451088342286,5.567550924213843,0.0002,0.0,4782.0,9.501875322115438e-06,0.0005061084435409313
3.7144105977440383,-0.0007240029429347215,5.568057032657383,0.0002,0.0,4783.0,9.50187532167135e-06,0.0005061084435400431
3.7144200996193604,-0.0006070607770352144,5.568563141100924,0.0002,0.0,4784.0,9.501875322115438e-06,0.0005061084435409313
3.7144296014946825,-0.0004901186111357071,5.569069249544465,0.0002,0.0,4785.0,9.501875322115438e-06,0.0005061084435409313
3.7144391033700046,-0.0003731764452362,5.569575357988006,0.0002,0.0,4786.0,9.501875322115438e-06,0.0005061084435409313
3.7144509287202965,-0.00054786346305284,5.571137063519807,0.0002,0.0,4787.0,1.1825350291871928e-05,0.0015617055318015716
3.7144627540705883,-0.00072255048086948,5.572698769051609,0.0002,0.0,4788.0,1.1825350291871928e-05,0.0015617055318015716
3.71447457942088,-0.0008972374986861199,5.574260474583411,0.0002,0.0,4789.0,1.1825350291871928e-05,0.0015617055318015716
3.7144864047711716,-0.00107192451650276,5.575822180115213,0.0002,0.0,4790.0,1.1825350291427839e-05,0.0015617055318024597
3.7144982301214635,-0.0012466115343193998,5.577383885647015,0.0002,0.0,4791.0,1.1825350291871928e-05,0.0015617055318015716
3.7145100554717554,-0.0014212985521360399,5.578945591178816,0.0002,0.0,4792.0,1.1825350291871928e-05,0.0015617055318015716
3.7145218808220473,-0.00159598556995268,5.580507296710618,0.0002,0.0,4793.0,1.1825350291871928e-05,0.0015617055318015716
3.714533706172339,-0.0017706725877693198,5.582069002242419,0.0002,0.0,4794.0,1.1825350291871928e-05,0.0015617055318015716
3.714545531522631,-0.0019453596055859599,5.583630707774221,0.0002,0.0,4795.0,1.1825350291871928e-05,0.0015617055318015716
3.714557356872923,-0.0021200466234026,5.5851924133060225,0.0002,0.0,4796.0,1.1825350291871928e-05,0.0015617055318015716
3.7145691822232147,-0.00229473364121924,5.586754118837824,0.0002,0.0,4797.0,1.1825350291871928e-05,0.0015617055318015716
3.714581007573506,-0.0024694206590358796,5.5883158243696265,0.0002,0.0,4798.0,1.1825350291427839e-05,0.0015617055318024597
3.714592832923798,-0.00264410767685252,5.589877529901428,0.0002,0.0,4799.0,1.1825350291871928e-05,0.0015617055318015716
3.71460465827409,-0.0028187946946691598,5.59143923543323,0.0002,0.0,4800.0,1.1825350291871928e-05,0.0015617055318015716
3.714616483624382,-0.0029934817124858,5.593000940965031,0.0002,0.0,4801.0,1.1825350291871928e-05,0.0015617055318015716
