Voltage_measured,Current_measured,Temperature_measured,Current_load,Voltage_load,Time_uniform,dV_dt,dT_dt
4.1332844161551865,7.308300086164087e-05,5.256730979140233,0.0004,0.0,0.0,,
4.133286607861869,-9.524707343817479e-05,5.232117101637247,0.0004,0.46088888888888885,1.0,2.1917066828081033e-06,-0.02461387750298627
4.133288799568553,-0.00026357714773799043,5.2075032241342605,0.0004,0.9217777777777777,2.0,2.1917066836962817e-06,-0.02461387750298627
4.133290991275236,-0.0004319072220378061,5.182889346631274,0.0004,1.3826666666666665,3.0,2.1917066828081033e-06,-0.02461387750298627
4.1332931829819195,-0.0006002372963376218,5.158275469128288,0.0004,1.8435555555555554,4.0,2.1917066836962817e-06,-0.02461387750298627
4.133295374688602,-0.0007685673706374375,5.133661591625301,0.0004,2.304444444444444,5.0,2.1917066828081033e-06,-0.024613877502987158
4.133297566395286,-0.0009368974449372531,5.1090477141223145,0.0004,2.765333333333333,6.0,2.1917066836962817e-06,-0.02461387750298627
4.133299758101969,-0.0011052275192370688,5.084433836619328,0.0004,3.226222222222222,7.0,2.1917066828081033e-06,-0.02461387750298627
4.1333019498086525,-0.0012735575935368844,5.059819959116342,0.0004,3.687111111111111,8.0,2.1917066836962817e-06,-0.02461387750298627
4.133304141515335,-0.0014418876678367,5.035206081613356,0.0004,4.148,9.0,2.1917066828081033e-06,-0.02461387750298627
4.11848521579741,-0.07256703273309566,5.025199810192439,0.07172857142857143,4.094214285714285,10.0,-0.014818925717925424,-0.01000627142091659
4.1036662900794845,-0.1436921777983546,5.0151935387715225,0.14305714285714288,4.0404285714285715,11.0,-0.014818925717925424,-0.01000627142091659
4.088847364361559,-0.21481732286361355,5.005187267350607,0.21438571428571432,3.986642857142857,12.0,-0.014818925717925424,-0.010006271420915702
4.074028438643634,-0.2859424679288725,4.99518099592969,0.28571428571428575,3.932857142857143,13.0,-0.014818925717925424,-0.01000627142091659
4.059209512925708,-0.3570676129941315,4.985174724508774,0.35704285714285716,3.8790714285714283,14.0,-0.014818925717925424,-0.01000627142091659
4.044390587207783,-0.4281927580593904,4.975168453087857,0.4283714285714286,3.825285714285714,15.0,-0.014818925717925424,-0.01000627142091659
4.029571661489857,-0.49931790312464935,4.965162181666941,0.49970000000000003,3.7714999999999996,16.0,-0.014818925717925424,-0.010006271420915702
4.014752735771932,-0.5704430481899083,4.955155910246025,0.5710285714285714,3.7177142857142855,17.0,-0.014818925717925424,-0.01000627142091659
3.9999338100540065,-0.6415681932551672,4.945149638825108,0.642357142857143,3.6639285714285714,18.0,-0.014818925717925424,-0.01000627142091659
3.985114884336081,-0.7126933383204263,4.935143367404192,0.7136857142857144,3.610142857142857,19.0,-0.014818925717925424,-0.01000627142091659
3.9702959586181557,-0.7838184833856852,4.925137095983275,0.7850142857142858,3.5563571428571428,20.0,-0.014818925717925424,-0.01000627142091659
3.9554770329002302,-0.8549436284509441,4.915130824562359,0.8563428571428572,3.5025714285714287,21.0,-0.014818925717925424,-0.010006271420915702
3.940658107182305,-0.9260687735162031,4.905124553141443,0.9276714285714287,3.448785714285714,22.0,-0.014818925717925424,-0.01000627142091659
3.9258391814643794,-0.997193918581462,4.895118281720526,0.999,3.395,23.0,-0.014818925717925424,-0.01000627142091659
3.9242839178388182,-0.9971263415093595,4.884461282035645,0.999,3.3935714285714287,24.0,-0.0015552636255611318,-0.01065699968488154
3.9227286542132567,-0.9970587644372569,4.873804282350764,0.999,3.3921428571428573,25.0,-0.001555263625561576,-0.010656999684880653
3.9211733905876955,-0.9969911873651545,4.863147282665882,0.999,3.3907142857142856,26.0,-0.0015552636255611318,-0.01065699968488154
3.919618126962134,-0.996923610293052,4.852490282981001,0.999,3.3892857142857142,27.0,-0.001555263625561576,-0.01065699968488154
3.918062863336573,-0.9968560332209494,4.84183328329612,0.999,3.387857142857143,28.0,-0.0015552636255611318,-0.010656999684880653
3.9165075997110113,-0.9967884561488469,4.831176283611239,0.999,3.3864285714285716,29.0,-0.001555263625561576,-0.01065699968488154
3.91495233608545,-0.9967208790767443,4.820519283926358,0.999,3.385,30.0,-0.0015552636255611318,-0.010656999684880653
3.913397072459889,-0.9966533020046419,4.809862284241476,0.999,3.3835714285714285,31.0,-0.0015552636255611318,-0.01065699968488154
3.9118418088343274,-0.9965857249325394,4.799205284556595,0.999,3.382142857142857,32.0,-0.001555263625561576,-0.01065699968488154
3.9102865452087663,-0.9965181478604368,4.788548284871714,0.999,3.380714285714286,33.0,-0.0015552636255611318,-0.010656999684880653
3.9087312815832047,-0.9964505707883343,4.777891285186833,0.999,3.3792857142857144,34.0,-0.001555263625561576,-0.01065699968488154
3.9071760179576436,-0.9963829937162318,4.767234285501951,0.999,3.3778571428571427,35.0,-0.0015552636255611318,-0.01065699968488154
3.905620754332082,-0.9963154166441293,4.7565772858170705,0.999,3.3764285714285713,36.0,-0.001555263625561576,-0.010656999684880653
3.904065490706521,-0.9962478395720268,4.745920286132189,0.999,3.375,37.0,-0.0015552636255611318,-0.01065699968488154
3.9027793539375,-0.996233305831954,4.735318970918965,0.9989846153846154,3.3736153846153845,38.0,-0.0012861367690208958,-0.010601315213223828
3.901493217168479,-0.9962187720918813,4.72471765570574,0.9989692307692307,3.3722307692307694,39.0,-0.0012861367690208958,-0.010601315213224716
3.9002070803994577,-0.9962042383518085,4.714116340492517,0.9989538461538462,3.370846153846154,40.0,-0.0012861367690213399,-0.010601315213223828
3.898920943630437,-0.9961897046117356,4.703515025279292,0.9989384615384616,3.3694615384615387,41.0,-0.0012861367690208958,-0.010601315213224716
3.897634806861416,-0.9961751708716629,4.692913710066068,0.9989230769230769,3.368076923076923,42.0,-0.0012861367690208958,-0.010601315213223828
3.896348670092395,-0.9961606371315901,4.682312394852844,0.9989076923076923,3.3666923076923077,43.0,-0.0012861367690208958,-0.010601315213223828
3.8950625333233737,-0.9961461033915173,4.6717110796396195,0.9988923076923077,3.3653076923076926,44.0,-0.0012861367690213399,-0.010601315213224716
3.893776396554353,-0.9961315696514446,4.661109764426396,0.9988769230769231,3.363923076923077,45.0,-0.0012861367690208958,-0.010601315213223828
3.892490259785332,-0.9961170359113718,4.650508449213172,0.9988615384615385,3.3625384615384615,46.0,-0.0012861367690208958,-0.010601315213223828
3.891204123016311,-0.9961025021712989,4.639907133999947,0.9988461538461538,3.3611538461538464,47.0,-0.0012861367690208958,-0.010601315213224716
3.8899179862472897,-0.9960879684312262,4.629305818786723,0.9988307692307693,3.359769230769231,48.0,-0.0012861367690213399,-0.010601315213223828
3.888631849478269,-0.9960734346911534,4.618704503573499,0.9988153846153847,3.3583846153846157,49.0,-0.0012861367690208958,-0.010601315213224716
3.887345712709248,-0.9960589009510806,4.608103188360275,0.9988,3.357,50.0,-0.0012861367690208958,-0.010601315213223828
3.886357166874639,-0.9959967369492756,4.599158174832422,0.9988142857142858,3.3560714285714286,51.0,-0.0009885458346090559,-0.008945013527852375
3.88536862104003,-0.9959345729474706,4.590213161304571,0.9988285714285714,3.3551428571428574,52.0,-0.0009885458346090559,-0.008945013527851486
3.8843800752054207,-0.9958724089456655,4.5812681477767185,0.9988428571428571,3.354214285714286,53.0,-0.0009885458346090559,-0.008945013527852375
3.8833915293708117,-0.9958102449438606,4.572323134248867,0.9988571428571429,3.353285714285714,54.0,-0.0009885458346090559,-0.008945013527851486
3.8824029835362026,-0.9957480809420556,4.563378120721015,0.9988714285714286,3.352357142857143,55.0,-0.0009885458346090559,-0.008945013527852375
3.8814144377015936,-0.9956859169402505,4.554433107193163,0.9988857142857143,3.3514285714285714,56.0,-0.0009885458346090559,-0.008945013527851486
3.8804258918669845,-0.9956237529384455,4.545488093665311,0.9989,3.3505000000000003,57.0,-0.0009885458346090559,-0.008945013527852375
3.879437346032375,-0.9955615889366405,4.536543080137458,0.9989142857142858,3.3495714285714286,58.0,-0.0009885458346095,-0.008945013527852375
3.878448800197766,-0.9954994249348355,4.527598066609607,0.9989285714285714,3.348642857142857,59.0,-0.0009885458346090559,-0.008945013527851486
3.877460254363157,-0.9954372609330304,4.518653053081755,0.9989428571428571,3.347714285714286,60.0,-0.0009885458346090559,-0.008945013527852375
3.876471708528548,-0.9953750969312255,4.509708039553903,0.9989571428571429,3.3467857142857143,61.0,-0.0009885458346090559,-0.008945013527851486
3.8754831626939388,-0.9953129329294205,4.500763026026051,0.9989714285714286,3.3458571428571426,62.0,-0.0009885458346090559,-0.008945013527852375
3.8744946168593297,-0.9952507689276154,4.491818012498199,0.9989857142857143,3.3449285714285715,63.0,-0.0009885458346090559,-0.008945013527851486
3.8735060710247207,-0.9951886049258104,4.482872998970347,0.999,3.344,64.0,-0.0009885458346090559,-0.008945013527852375
3.87263548323249,-0.995300085564019,4.476695477560403,0.999,3.3428571428571425,65.0,-0.0008705877922308147,-0.006177521409943765
3.871764895440259,-0.9954115662022277,4.470517956150459,0.999,3.3417142857142856,66.0,-0.0008705877922308147,-0.006177521409943765
3.870894307648028,-0.9955230468404364,4.464340434740515,0.999,3.3405714285714283,67.0,-0.0008705877922308147,-0.006177521409944653
3.8700237198557974,-0.995634527478645,4.458162913330571,0.999,3.3394285714285714,68.0,-0.0008705877922308147,-0.006177521409943765
3.8691531320635666,-0.9957460081168537,4.451985391920627,0.999,3.338285714285714,69.0,-0.0008705877922308147,-0.006177521409943765
3.8682825442713358,-0.9958574887550623,4.445807870510683,0.999,3.337142857142857,70.0,-0.0008705877922308147,-0.006177521409943765
3.8674119564791054,-0.995968969393271,4.43963034910074,0.999,3.336,71.0,-0.0008705877922303706,-0.006177521409943765
3.8665413686868746,-0.9960804500314797,4.433452827690795,0.999,3.3348571428571425,72.0,-0.0008705877922308147,-0.006177521409944653
3.8656707808946438,-0.9961919306696884,4.427275306280851,0.999,3.3337142857142856,73.0,-0.0008705877922308147,-0.006177521409943765
3.864800193102413,-0.996303411307897,4.421097784870907,0.999,3.3325714285714283,74.0,-0.0008705877922308147,-0.006177521409943765
3.863929605310182,-0.9964148919461057,4.414920263460964,0.999,3.3314285714285714,75.0,-0.0008705877922308147,-0.006177521409943765
3.8630590175179513,-0.9965263725843143,4.408742742051019,0.999,3.330285714285714,76.0,-0.0008705877922308147,-0.006177521409944653
3.8621884297257205,-0.996637853222523,4.402565220641075,0.999,3.329142857142857,77.0,-0.0008705877922308147,-0.006177521409943765
3.8613178419334897,-0.9967493338607316,4.3963876992311315,0.999,3.328,78.0,-0.0008705877922308147,-0.006177521409943765
3.8604799666060305,-0.9967071143365758,4.394183870458885,0.999,3.327153846153846,79.0,-0.0008378753274591588,-0.002203828772246119
3.859642091278571,-0.9966648948124199,4.391980041686639,0.999,3.3263076923076924,80.0,-0.0008378753274596029,-0.002203828772246119
3.858804215951112,-0.996622675288264,4.389776212914394,0.999,3.3254615384615382,81.0,-0.0008378753274591588,-0.002203828772245231
3.857966340623652,-0.9965804557641081,4.387572384142148,0.999,3.3246153846153845,82.0,-0.0008378753274596029,-0.002203828772246119
3.857128465296193,-0.9965382362399523,4.385368555369902,0.999,3.323769230769231,83.0,-0.0008378753274591588,-0.002203828772246119
3.856290589968734,-0.9964960167157965,4.383164726597656,0.999,3.322923076923077,84.0,-0.0008378753274591588,-0.002203828772246119
3.8554527146412743,-0.9964537971916405,4.38096089782541,0.999,3.322076923076923,85.0,-0.0008378753274596029,-0.002203828772245231
3.854614839313815,-0.9964115776674847,4.378757069053164,0.999,3.321230769230769,86.0,-0.0008378753274591588,-0.002203828772246119
3.853776963986356,-0.9963693581433288,4.376553240280918,0.999,3.3203846153846155,87.0,-0.0008378753274591588,-0.002203828772246119
3.8529390886588963,-0.996327138619173,4.374349411508672,0.999,3.3195384615384618,88.0,-0.0008378753274596029,-0.002203828772246119
3.852101213331437,-0.996284919095017,4.372145582736427,0.999,3.3186923076923076,89.0,-0.0008378753274591588,-0.002203828772245231
3.8512633380039776,-0.9962426995708612,4.369941753964181,0.999,3.317846153846154,90.0,-0.0008378753274596029,-0.002203828772246119
3.8504254626765184,-0.9962004800467054,4.367737925191935,0.999,3.317,91.0,-0.0008378753274591588,-0.002203828772246119
3.849711700071776,-0.9961891610216941,4.362758890309761,0.9989857142857143,3.3162857142857143,92.0,-0.0007137626047422074,-0.004979034882173217
3.8489979374670336,-0.9961778419966828,4.357779855427587,0.9989714285714286,3.315571428571429,93.0,-0.0007137626047426515,-0.004979034882174105
3.8482841748622914,-0.9961665229716715,4.352800820545414,0.9989571428571429,3.314857142857143,94.0,-0.0007137626047422074,-0.004979034882173217
3.8475704122575487,-0.9961552039466601,4.347821785663241,0.9989428571428571,3.314142857142857,95.0,-0.0007137626047426515,-0.004979034882173217
3.8468566496528065,-0.9961438849216488,4.342842750781068,0.9989285714285714,3.3134285714285716,96.0,-0.0007137626047422074,-0.004979034882173217
3.846142887048064,-0.9961325658966376,4.3378637158988935,0.9989142857142858,3.3127142857142857,97.0,-0.0007137626047426515,-0.004979034882174105
3.8454291244433216,-0.9961212468716263,4.33288468101672,0.9989,3.3120000000000003,98.0,-0.0007137626047422074,-0.004979034882173217
3.8447153618385794,-0.996109927846615,4.327905646134547,0.9988857142857143,3.3112857142857144,99.0,-0.0007137626047422074,-0.004979034882173217
3.8440015992338368,-0.9960986088216037,4.322926611252373,0.9988714285714286,3.3105714285714285,100.0,-0.0007137626047426515,-0.004979034882174105
3.8432878366290946,-0.9960872897965924,4.3179475763702,0.9988571428571429,3.309857142857143,101.0,-0.0007137626047422074,-0.004979034882173217
3.842574074024352,-0.996075970771581,4.3129685414880266,0.9988428571428571,3.309142857142857,102.0,-0.0007137626047426515,-0.004979034882173217
3.8418603114196097,-0.9960646517465698,4.307989506605853,0.9988285714285714,3.3084285714285713,103.0,-0.0007137626047422074,-0.004979034882173217
3.841146548814867,-0.9960533327215585,4.303010471723679,0.9988142857142858,3.307714285714286,104.0,-0.0007137626047426515,-0.004979034882174105
3.840432786210125,-0.9960420136965472,4.298031436841506,0.9988,3.307,105.0,-0.0007137626047422074,-0.004979034882173217
3.839728893378468,-0.9961446847485934,4.291749761023896,0.9988153846153847,3.3064615384615386,106.0,-0.0007038928316567272,-0.006281675817610299
3.839025000546811,-0.9962473558006396,4.285468085206286,0.9988307692307693,3.3059230769230767,107.0,-0.0007038928316571713,-0.006281675817609411
3.8383211077151542,-0.9963500268526858,4.279186409388676,0.9988461538461538,3.3053846153846154,108.0,-0.0007038928316567272,-0.006281675817610299
3.837617214883497,-0.9964526979047319,4.272904733571067,0.9988615384615385,3.3048461538461535,109.0,-0.0007038928316571713,-0.006281675817609411
3.8369133220518403,-0.9965553689567781,4.266623057753456,0.9988769230769231,3.304307692307692,110.0,-0.0007038928316567272,-0.006281675817610299
3.836209429220183,-0.9966580400088243,4.260341381935846,0.9988923076923077,3.303769230769231,111.0,-0.0007038928316571713,-0.006281675817610299
3.8355055363885264,-0.9967607110608705,4.254059706118237,0.9989076923076923,3.303230769230769,112.0,-0.0007038928316567272,-0.006281675817609411
3.8348016435568693,-0.9968633821129167,4.247778030300626,0.9989230769230769,3.3026923076923076,113.0,-0.0007038928316571713,-0.006281675817610299
3.8340977507252125,-0.9969660531649629,4.241496354483016,0.9989384615384616,3.302153846153846,114.0,-0.0007038928316567272,-0.006281675817610299
3.8333938578935554,-0.997068724217009,4.235214678665407,0.9989538461538462,3.3016153846153844,115.0,-0.0007038928316571713,-0.006281675817609411
3.8326899650618986,-0.9971713952690552,4.228933002847796,0.9989692307692307,3.301076923076923,116.0,-0.0007038928316567272,-0.006281675817610299
3.8319860722302415,-0.9972740663211014,4.222651327030187,0.9989846153846154,3.300538461538461,117.0,-0.0007038928316571713,-0.006281675817609411
3.8312821793985847,-0.9973767373731476,4.216369651212577,0.999,3.3,118.0,-0.0007038928316567272,-0.006281675817610299
3.8306900693098203,-0.997293720893923,4.215719162324777,0.999,3.2993571428571427,119.0,-0.0005921100887644748,-0.0006504888877998383
3.8300979592210553,-0.9972107044146985,4.215068673436978,0.999,3.2987142857142855,120.0,-0.0005921100887649189,-0.0006504888877989501
3.829505849132291,-0.997127687935474,4.214418184549178,0.999,3.2980714285714283,121.0,-0.0005921100887644748,-0.0006504888877998383
3.8289137390435264,-0.9970446714562494,4.213767695661378,0.999,3.297428571428571,122.0,-0.0005921100887644748,-0.0006504888877998383
3.8283216289547615,-0.9969616549770248,4.213117206773579,0.999,3.296785714285714,123.0,-0.0005921100887649189,-0.0006504888877989501
3.827729518865997,-0.9968786384978003,4.212466717885779,0.999,3.296142857142857,124.0,-0.0005921100887644748,-0.0006504888877998383
3.827137408777232,-0.9967956220185759,4.21181622899798,0.999,3.2955,125.0,-0.0005921100887649189,-0.0006504888877989501
3.8265452986884676,-0.9967126055393513,4.2111657401101805,0.999,3.294857142857143,126.0,-0.0005921100887644748,-0.0006504888877998383
3.825953188599703,-0.9966295890601267,4.210515251222381,0.999,3.2942142857142858,127.0,-0.0005921100887644748,-0.0006504888877998383
3.825361078510938,-0.9965465725809022,4.209864762334582,0.999,3.2935714285714286,128.0,-0.0005921100887649189,-0.0006504888877989501
3.8247689684221737,-0.9964635561016777,4.209214273446782,0.999,3.2929285714285714,129.0,-0.0005921100887644748,-0.0006504888877998383
3.8241768583334093,-0.9963805396224531,4.208563784558982,0.999,3.2922857142857143,130.0,-0.0005921100887644748,-0.0006504888877998383
3.8235847482446443,-0.9962975231432285,4.207913295671183,0.999,3.291642857142857,131.0,-0.0005921100887649189,-0.0006504888877989501
3.82299263815588,-0.996214506664004,4.207262806783383,0.999,3.291,132.0,-0.0005921100887644748,-0.0006504888877998383
3.822373510698324,-0.9961938176597749,4.201892069411006,0.999,3.2904615384615385,133.0,-0.0006191274575559902,-0.0053707373723774765
3.821754383240768,-0.9961731286555456,4.196521332038628,0.999,3.2899230769230767,134.0,-0.0006191274575559902,-0.0053707373723774765
3.821135255783212,-0.9961524396513165,4.19115059466625,0.999,3.2893846153846154,135.0,-0.0006191274575559902,-0.005370737372378365
3.820516128325656,-0.9961317506470874,4.1857798572938725,0.999,3.2888461538461535,136.0,-0.0006191274575559902,-0.0053707373723774765
3.8198970008681,-0.9961110616428581,4.180409119921495,0.999,3.288307692307692,137.0,-0.0006191274575559902,-0.0053707373723774765
3.819277873410544,-0.996090372638629,4.1750383825491175,0.999,3.2877692307692308,138.0,-0.0006191274575559902,-0.0053707373723774765
3.818658745952988,-0.9960696836343998,4.169667645176739,0.999,3.287230769230769,139.0,-0.0006191274575559902,-0.005370737372378365
3.818039618495432,-0.9960489946301707,4.164296907804362,0.999,3.2866923076923076,140.0,-0.0006191274575559902,-0.0053707373723774765
3.817420491037876,-0.9960283056259415,4.158926170431984,0.999,3.286153846153846,141.0,-0.0006191274575559902,-0.0053707373723774765
3.81680136358032,-0.9960076166217123,4.153555433059607,0.999,3.2856153846153844,142.0,-0.0006191274575559902,-0.0053707373723774765
3.816182236122764,-0.9959869276174832,4.148184695687228,0.999,3.285076923076923,143.0,-0.0006191274575559902,-0.005370737372378365
3.815563108665208,-0.995966238613254,4.142813958314851,0.999,3.284538461538461,144.0,-0.0006191274575559902,-0.0053707373723774765
3.814943981207652,-0.9959455496090248,4.137443220942473,0.999,3.284,145.0,-0.0006191274575559902,-0.0053707373723774765
3.8144197014524504,-0.995932540645398,4.157418536517094,0.999,3.2834999999999996,146.0,-0.0005242797552016398,0.01997531557462029
3.8138954216972487,-0.9959195316817714,4.177393852091715,0.999,3.283,147.0,-0.0005242797552016398,0.019975315574621177
3.813371141942047,-0.9959065227181447,4.197369167666336,0.999,3.2824999999999998,148.0,-0.0005242797552016398,0.019975315574621177
3.812846862186845,-0.995893513754518,4.217344483240956,0.999,3.282,149.0,-0.0005242797552020839,0.01997531557462029
3.8123225824316433,-0.9958805047908912,4.237319798815577,0.999,3.2815,150.0,-0.0005242797552016398,0.01997531557462029
3.8117983026764417,-0.9958674958272645,4.257295114390198,0.999,3.281,151.0,-0.0005242797552016398,0.019975315574621177
3.81127402292124,-0.9958544868636379,4.277270429964819,0.999,3.2805,152.0,-0.0005242797552016398,0.019975315574621177
3.8107497431660384,-0.9958414779000111,4.297245745539439,0.999,3.28,153.0,-0.0005242797552016398,0.01997531557462029
3.810225463410837,-0.9958284689363843,4.31722106111406,0.999,3.2795,154.0,-0.0005242797552016398,0.01997531557462029
3.809701183655635,-0.9958154599727577,4.337196376688681,0.999,3.279,155.0,-0.0005242797552016398,0.019975315574621177
3.809176903900433,-0.995802451009131,4.357171692263302,0.999,3.2785,156.0,-0.0005242797552020839,0.019975315574621177
3.8086526241452314,-0.9957894420455042,4.377147007837922,0.999,3.278,157.0,-0.0005242797552016398,0.01997531557462029
3.80812834439003,-0.9957764330818775,4.3971223234125425,0.999,3.2775000000000003,158.0,-0.0005242797552016398,0.01997531557462029
3.807604064634828,-0.9957634241182508,4.417097638987164,0.999,3.277,159.0,-0.0005242797552016398,0.019975315574621177
3.8070992061134943,-0.9957637571749135,4.440237341768069,0.999,3.276615384615385,160.0,-0.0005048585213338619,0.023139702780905047
3.806594347592161,-0.9957640902315763,4.463377044548974,0.999,3.2762307692307693,161.0,-0.0005048585213334178,0.023139702780905047
3.806089489070827,-0.995764423288239,4.486516747329879,0.999,3.275846153846154,162.0,-0.0005048585213338619,0.023139702780905047
3.805584630549493,-0.9957647563449018,4.509656450110784,0.999,3.2754615384615384,163.0,-0.0005048585213338619,0.023139702780905047
3.8050797720281597,-0.9957650894015645,4.532796152891689,0.999,3.275076923076923,164.0,-0.0005048585213334178,0.023139702780905047
3.804574913506826,-0.9957654224582272,4.555935855672594,0.999,3.2746923076923076,165.0,-0.0005048585213338619,0.023139702780905047
3.804070054985492,-0.99576575551489,4.5790755584535,0.999,3.2743076923076924,166.0,-0.0005048585213338619,0.023139702780905935
3.803565196464158,-0.9957660885715527,4.602215261234405,0.999,3.2739230769230767,167.0,-0.0005048585213338619,0.023139702780905047
3.8030603379428247,-0.9957664216282154,4.62535496401531,0.999,3.2735384615384615,168.0,-0.0005048585213334178,0.023139702780905047
3.802555479421491,-0.9957667546848782,4.648494666796215,0.999,3.273153846153846,169.0,-0.0005048585213338619,0.023139702780905047
3.802050620900157,-0.9957670877415409,4.67163436957712,0.999,3.2727692307692307,170.0,-0.0005048585213338619,0.023139702780905047
3.8015457623788236,-0.9957674207982037,4.694774072358025,0.999,3.272384615384615,171.0,-0.0005048585213334178,0.023139702780905047
3.8010409038574897,-0.9957677538548664,4.71791377513893,0.999,3.272,172.0,-0.0005048585213338619,0.023139702780905047
3.800625660135,-0.9958402859596914,4.73295374643412,0.999,3.2712142857142856,173.0,-0.00041524372248957775,0.015039971295189858
3.80021041641251,-0.9959128180645165,4.74799371772931,0.999,3.2704285714285715,174.0,-0.00041524372249002184,0.015039971295189858
3.7997951726900205,-0.9959853501693415,4.7630336890245,0.999,3.269642857142857,175.0,-0.00041524372248957775,0.015039971295189858
3.7993799289675305,-0.9960578822741666,4.77807366031969,0.999,3.2688571428571427,176.0,-0.00041524372249002184,0.015039971295189858
3.798964685245041,-0.9961304143789916,4.7931136316148795,0.999,3.2680714285714285,177.0,-0.00041524372248957775,0.015039971295189858
3.798549441522551,-0.9962029464838167,4.808153602910069,0.999,3.2672857142857143,178.0,-0.00041524372249002184,0.015039971295189858
3.7981341978000613,-0.9962754785886417,4.823193574205258,0.999,3.2664999999999997,179.0,-0.00041524372248957775,0.01503997129518897
3.7977189540775718,-0.9963480106934669,4.838233545500448,0.999,3.2657142857142856,180.0,-0.00041524372248957775,0.015039971295189858
3.7973037103550817,-0.996420542798292,4.853273516795638,0.999,3.2649285714285714,181.0,-0.00041524372249002184,0.015039971295189858
3.796888466632592,-0.996493074903117,4.868313488090828,0.999,3.2641428571428572,182.0,-0.00041524372248957775,0.015039971295189858
3.796473222910102,-0.9965656070079421,4.883353459386018,0.999,3.263357142857143,183.0,-0.00041524372249002184,0.015039971295189858
3.7960579791876126,-0.9966381391127671,4.898393430681208,0.999,3.2625714285714285,184.0,-0.00041524372248957775,0.015039971295189858
3.7956427354651225,-0.9967106712175922,4.913433401976397,0.999,3.2617857142857143,185.0,-0.00041524372249002184,0.015039971295189858
3.795227491742633,-0.9967832033224172,4.928473373271587,0.999,3.261,186.0,-0.00041524372248957775,0.015039971295189858
3.7948175834269797,-0.9966575121462543,4.938561710612446,0.999,3.261076923076923,187.0,-0.00040990831565324015,0.0100883373408589
3.794407675111326,-0.9965318209700913,4.948650047953306,0.999,3.2611538461538463,188.0,-0.00040990831565368424,0.010088337340859788
3.793997766795673,-0.9964061297939284,4.958738385294165,0.999,3.261230769230769,189.0,-0.00040990831565324015,0.0100883373408589
3.793587858480019,-0.9962804386177654,4.968826722635025,0.999,3.2613076923076925,190.0,-0.00040990831565368424,0.010088337340859788
3.793177950164366,-0.9961547474416025,4.978915059975884,0.999,3.2613846153846153,191.0,-0.00040990831565324015,0.0100883373408589
3.792768041848712,-0.9960290562654395,4.989003397316743,0.999,3.2614615384615386,192.0,-0.00040990831565368424,0.010088337340859788
3.792358133533059,-0.9959033650892766,4.999091734657602,0.999,3.2615384615384615,193.0,-0.00040990831565324015,0.0100883373408589
3.7919482252174053,-0.9957776739131136,5.009180071998462,0.999,3.261615384615385,194.0,-0.00040990831565368424,0.010088337340859788
3.791538316901752,-0.9956519827369507,5.019268409339321,0.999,3.2616923076923077,195.0,-0.00040990831565324015,0.0100883373408589
3.7911284085860983,-0.9955262915607876,5.029356746680181,0.999,3.261769230769231,196.0,-0.00040990831565368424,0.010088337340859788
3.790718500270445,-0.9954006003846247,5.03944508402104,0.999,3.261846153846154,197.0,-0.00040990831565324015,0.0100883373408589
3.7903085919547914,-0.9952749092084617,5.049533421361899,0.999,3.261923076923077,198.0,-0.00040990831565368424,0.010088337340859788
3.789898683639138,-0.9951492180322988,5.059621758702758,0.999,3.262,199.0,-0.00040990831565324015,0.0100883373408589
3.7895398801355307,-0.995162895314805,5.070165632715802,0.999,3.2617142857142856,200.0,-0.0003588035036075077,0.010543874013043464
3.789181076631923,-0.9951765725973111,5.080709506728845,0.999,3.2614285714285716,201.0,-0.0003588035036075077,0.010543874013043464
3.7888222731283157,-0.9951902498798172,5.091253380741889,0.999,3.261142857142857,202.0,-0.0003588035036075077,0.010543874013043464
3.788463469624708,-0.9952039271623233,5.101797254754932,0.999,3.2608571428571427,203.0,-0.0003588035036075077,0.010543874013043464
3.7881046661211006,-0.9952176044448294,5.112341128767976,0.999,3.2605714285714287,204.0,-0.0003588035036075077,0.010543874013043464
3.787745862617493,-0.9952312817273355,5.122885002781019,0.999,3.2602857142857142,205.0,-0.0003588035036075077,0.010543874013043464
3.7873870591138856,-0.9952449590098417,5.1334288767940635,0.999,3.2600000000000002,206.0,-0.0003588035036075077,0.010543874013044352
3.7870282556102777,-0.9952586362923479,5.143972750807107,0.999,3.259714285714286,207.0,-0.00035880350360795177,0.010543874013043464
3.78666945210667,-0.995272313574854,5.15451662482015,0.999,3.2594285714285713,208.0,-0.0003588035036075077,0.010543874013043464
3.7863106486030627,-0.9952859908573601,5.165060498833194,0.999,3.2591428571428573,209.0,-0.0003588035036075077,0.010543874013043464
3.785951845099455,-0.9952996681398663,5.175604372846237,0.999,3.258857142857143,210.0,-0.0003588035036075077,0.010543874013043464
3.7855930415958476,-0.9953133454223724,5.186148246859281,0.999,3.2585714285714285,211.0,-0.0003588035036075077,0.010543874013043464
3.78523423809224,-0.9953270227048785,5.196692120872324,0.999,3.2582857142857145,212.0,-0.0003588035036075077,0.010543874013043464
3.7848754345886326,-0.9953406999873846,5.207235994885368,0.999,3.258,213.0,-0.0003588035036075077,0.010543874013043464
3.784526123078246,-0.9953606363766075,5.216666221418141,0.9989846153846154,3.2576923076923077,214.0,-0.0003493115103867517,0.009430226532773034
3.784176811567859,-0.9953805727658304,5.226096447950914,0.9989692307692307,3.2573846153846153,215.0,-0.0003493115103867517,0.009430226532773034
3.7838275000574724,-0.9954005091550533,5.235526674483687,0.9989538461538462,3.257076923076923,216.0,-0.0003493115103867517,0.009430226532773034
3.7834781885470856,-0.9954204455442761,5.244956901016461,0.9989384615384616,3.2567692307692306,217.0,-0.0003493115103867517,0.009430226532773922
3.783128877036699,-0.995440381933499,5.254387127549234,0.9989230769230769,3.2564615384615383,218.0,-0.0003493115103867517,0.009430226532773034
3.782779565526312,-0.9954603183227219,5.263817354082007,0.9989076923076923,3.256153846153846,219.0,-0.0003493115103867517,0.009430226532773034
3.7824302540159254,-0.9954802547119448,5.27324758061478,0.9988923076923077,3.255846153846154,220.0,-0.0003493115103867517,0.009430226532773034
3.7820809425055386,-0.9955001911011676,5.282677807147553,0.9988769230769231,3.2555384615384617,221.0,-0.0003493115103867517,0.009430226532773034
3.781731630995152,-0.9955201274903905,5.292108033680326,0.9988615384615385,3.2552307692307694,222.0,-0.0003493115103867517,0.009430226532773034
3.781382319484765,-0.9955400638796134,5.3015382602131,0.9988461538461538,3.254923076923077,223.0,-0.0003493115103867517,0.009430226532773922
3.7810330079743784,-0.9955600002688363,5.310968486745873,0.9988307692307693,3.2546153846153847,224.0,-0.0003493115103867517,0.009430226532773034
3.7806836964639916,-0.9955799366580591,5.320398713278646,0.9988153846153847,3.2543076923076923,225.0,-0.0003493115103867517,0.009430226532773034
3.780334384953605,-0.995599873047282,5.329828939811419,0.9988,3.254,226.0,-0.0003493115103867517,0.009430226532773034
3.7800276582386814,-0.9956825277274844,5.337568666853665,0.9988142857142858,3.2537142857142856,227.0,-0.0003067267149234887,0.007739727042245903
3.7797209315237574,-0.995765182407687,5.345308393895911,0.9988285714285714,3.2534285714285716,228.0,-0.0003067267149239328,0.007739727042245903
3.779414204808834,-0.9958478370878894,5.353048120938157,0.9988428571428571,3.253142857142857,229.0,-0.0003067267149234887,0.007739727042245903
3.7791074780939105,-0.9959304917680919,5.3607878479804025,0.9988571428571429,3.2528571428571427,230.0,-0.0003067267149234887,0.007739727042245903
3.7788007513789865,-0.9960131464482943,5.368527575022648,0.9988714285714286,3.2525714285714287,231.0,-0.0003067267149239328,0.007739727042245903
3.778494024664063,-0.9960958011284968,5.376267302064894,0.9988857142857143,3.2522857142857142,232.0,-0.0003067267149234887,0.007739727042245903
3.778187297949139,-0.9961784558086992,5.38400702910714,0.9989,3.2520000000000002,233.0,-0.0003067267149239328,0.007739727042245903
3.7778805712342156,-0.9962611104889016,5.391746756149386,0.9989142857142858,3.251714285714286,234.0,-0.0003067267149234887,0.007739727042245903
3.777573844519292,-0.9963437651691042,5.399486483191632,0.9989285714285714,3.2514285714285713,235.0,-0.0003067267149234887,0.007739727042245903
3.777267117804368,-0.9964264198493066,5.407226210233878,0.9989428571428571,3.2511428571428573,236.0,-0.0003067267149239328,0.007739727042245903
3.7769603910894447,-0.9965090745295091,5.414965937276124,0.9989571428571429,3.250857142857143,237.0,-0.0003067267149234887,0.007739727042245903
3.776653664374521,-0.9965917292097115,5.42270566431837,0.9989714285714286,3.2505714285714284,238.0,-0.0003067267149234887,0.007739727042245903
3.7763469376595973,-0.996674383889914,5.430445391360616,0.9989857142857143,3.2502857142857144,239.0,-0.0003067267149239328,0.007739727042245903
3.776040210944674,-0.9967570385701164,5.438185118402862,0.999,3.25,240.0,-0.0003067267149234887,0.007739727042245903
3.7757383112612097,-0.9967638792139392,5.444896159165568,0.999,3.249769230769231,241.0,-0.0003018996834640575,0.006711040762706233
3.7754364115777457,-0.9967707198577618,5.451607199928274,0.999,3.2495384615384615,242.0,-0.0003018996834640575,0.006711040762706233
3.7751345118942816,-0.9967775605015845,5.45831824069098,0.999,3.2493076923076925,243.0,-0.0003018996834640575,0.006711040762706233
3.774832612210817,-0.9967844011454071,5.4650292814536865,0.999,3.249076923076923,244.0,-0.0003018996834645016,0.006711040762706233
3.774530712527353,-0.9967912417892298,5.471740322216393,0.999,3.248846153846154,245.0,-0.0003018996834640575,0.006711040762706233
3.774228812843889,-0.9967980824330525,5.478451362979099,0.999,3.2486153846153845,246.0,-0.0003018996834640575,0.006711040762706233
3.773926913160425,-0.9968049230768752,5.485162403741804,0.999,3.2483846153846154,247.0,-0.0003018996834640575,0.006711040762705345
3.773625013476961,-0.9968117637206978,5.4918734445045105,0.999,3.248153846153846,248.0,-0.0003018996834640575,0.006711040762706233
3.773323113793497,-0.9968186043645205,5.498584485267217,0.999,3.247923076923077,249.0,-0.0003018996834640575,0.006711040762706233
3.7730212141100323,-0.9968254450083431,5.505295526029923,0.999,3.2476923076923074,250.0,-0.0003018996834645016,0.006711040762706233
3.7727193144265683,-0.9968322856521659,5.512006566792629,0.999,3.2474615384615384,251.0,-0.0003018996834640575,0.006711040762706233
3.772417414743104,-0.9968391262959885,5.5187176075553355,0.999,3.247230769230769,252.0,-0.0003018996834640575,0.006711040762706233
3.77211551505964,-0.9968459669398112,5.525428648318042,0.999,3.247,253.0,-0.0003018996834640575,0.006711040762706233
3.7718428790685987,-0.9968379258123863,5.5302946401028565,0.999,3.246785714285714,254.0,-0.00027263599104143665,0.004865991784814838
3.771570243077557,-0.9968298846849614,5.5351606318876705,0.999,3.2465714285714284,255.0,-0.00027263599104188074,0.00486599178481395
3.7712976070865154,-0.9968218435575363,5.540026623672485,0.999,3.2463571428571427,256.0,-0.00027263599104143665,0.004865991784814838
3.7710249710954735,-0.9968138024301114,5.544892615457299,0.999,3.246142857142857,257.0,-0.00027263599104188074,0.00486599178481395
3.770752335104432,-0.9968057613026865,5.549758607242114,0.999,3.2459285714285713,258.0,-0.00027263599104143665,0.004865991784814838
3.77047969911339,-0.9967977201752616,5.554624599026928,0.999,3.2457142857142856,259.0,-0.00027263599104188074,0.00486599178481395
3.7702070631223488,-0.9967896790478367,5.559490590811743,0.999,3.2455,260.0,-0.00027263599104143665,0.004865991784814838
3.7699344271313073,-0.9967816379204116,5.564356582596558,0.999,3.2452857142857146,261.0,-0.00027263599104143665,0.004865991784814838
3.7696617911402654,-0.9967735967929867,5.569222574381372,0.999,3.245071428571429,262.0,-0.00027263599104188074,0.00486599178481395
3.769389155149224,-0.9967655556655618,5.5740885661661865,0.999,3.244857142857143,263.0,-0.00027263599104143665,0.004865991784814838
3.769116519158182,-0.9967575145381369,5.5789545579510005,0.999,3.2446428571428574,264.0,-0.00027263599104188074,0.00486599178481395
3.7688438831671407,-0.9967494734107119,5.583820549735815,0.999,3.2444285714285717,265.0,-0.00027263599104143665,0.004865991784814838
3.768571247176099,-0.9967414322832869,5.588686541520629,0.999,3.244214285714286,266.0,-0.00027263599104188074,0.00486599178481395
3.7682986111850574,-0.996733391155862,5.593552533305444,0.999,3.244,267.0,-0.00027263599104143665,0.004865991784814838
3.7680253426732633,-0.9967227677683983,5.602969018372074,0.999,3.243692307692308,268.0,-0.0002732685117941003,0.009416485066630287
3.767752074161469,-0.9967121443809346,5.612385503438706,0.999,3.2433846153846155,269.0,-0.0002732685117941003,0.009416485066631175
3.767478805649675,-0.9967015209934709,5.621801988505336,0.999,3.243076923076923,270.0,-0.0002732685117941003,0.009416485066630287
3.767205537137881,-0.9966908976060072,5.631218473571967,0.999,3.242769230769231,271.0,-0.0002732685117941003,0.009416485066631175
3.766932268626087,-0.9966802742185434,5.640634958638597,0.999,3.2424615384615385,272.0,-0.0002732685117941003,0.009416485066630287
3.7666590001142928,-0.9966696508310797,5.6500514437052285,0.999,3.242153846153846,273.0,-0.0002732685117941003,0.009416485066631175
3.7663857316024982,-0.9966590274436159,5.659467928771859,0.999,3.2418461538461543,274.0,-0.00027326851179454437,0.009416485066630287
3.766112463090704,-0.9966484040561522,5.66888441383849,0.999,3.241538461538462,275.0,-0.0002732685117941003,0.009416485066631175
3.76583919457891,-0.9966377806686885,5.67830089890512,0.999,3.2412307692307696,276.0,-0.0002732685117941003,0.009416485066630287
3.765565926067116,-0.9966271572812248,5.687717383971751,0.999,3.2409230769230772,277.0,-0.0002732685117941003,0.009416485066631175
3.765292657555322,-0.996616533893761,5.697133869038382,0.999,3.240615384615385,278.0,-0.0002732685117941003,0.009416485066630287
3.7650193890435277,-0.9966059105062973,5.706550354105013,0.999,3.2403076923076926,279.0,-0.0002732685117941003,0.009416485066631175
3.7647461205317336,-0.9965952871188336,5.715966839171643,0.999,3.24,280.0,-0.0002732685117941003,0.009416485066630287
3.7644967204645168,-0.996567950023589,5.721389177806202,0.999,3.239857142857143,281.0,-0.0002494000672168539,0.0054223386345588764
3.7642473203973,-0.9965406129283443,5.726811516440762,0.999,3.2397142857142858,282.0,-0.0002494000672168539,0.005422338634559765
3.763997920330083,-0.9965132758330997,5.732233855075321,0.999,3.2395714285714288,283.0,-0.0002494000672168539,0.0054223386345588764
3.7637485202628658,-0.9964859387378551,5.73765619370988,0.999,3.2394285714285718,284.0,-0.000249400067217298,0.0054223386345588764
3.763499120195649,-0.9964586016426104,5.743078532344438,0.999,3.2392857142857143,285.0,-0.0002494000672168539,0.0054223386345588764
3.763249720128432,-0.9964312645473657,5.748500870978998,0.999,3.2391428571428573,286.0,-0.0002494000672168539,0.005422338634559765
3.763000320061215,-0.996403927452121,5.753923209613557,0.999,3.2390000000000003,287.0,-0.0002494000672168539,0.0054223386345588764
3.7627509199939984,-0.9963765903568764,5.759345548248116,0.999,3.238857142857143,288.0,-0.0002494000672168539,0.0054223386345588764
3.7625015199267815,-0.9963492532616318,5.764767886882676,0.999,3.238714285714286,289.0,-0.0002494000672168539,0.005422338634559765
3.7622521198595646,-0.9963219161663871,5.770190225517235,0.999,3.2385714285714284,290.0,-0.0002494000672168539,0.0054223386345588764
3.7620027197923473,-0.9962945790711425,5.7756125641517935,0.999,3.2384285714285714,291.0,-0.000249400067217298,0.0054223386345588764
3.7617533197251305,-0.9962672419758979,5.781034902786352,0.999,3.2382857142857144,292.0,-0.0002494000672168539,0.0054223386345588764
3.7615039196579136,-0.9962399048806532,5.786457241420912,0.999,3.238142857142857,293.0,-0.0002494000672168539,0.005422338634559765
3.761254519590697,-0.9962125677854086,5.791879580055471,0.999,3.238,294.0,-0.0002494000672168539,0.0054223386345588764
3.7609988015061,-0.9962476654035735,5.79695985232647,0.999,3.237769230769231,295.0,-0.0002557180845967899,0.005080272270999053
3.760743083421503,-0.9962827630217385,5.802040124597469,0.999,3.2375384615384615,296.0,-0.0002557180845967899,0.005080272270999053
3.7604873653369064,-0.9963178606399034,5.807120396868468,0.999,3.2373076923076924,297.0,-0.0002557180845967899,0.005080272270999053
3.7602316472523096,-0.9963529582580682,5.812200669139468,0.999,3.237076923076923,298.0,-0.0002557180845967899,0.0050802722709999415
3.759975929167713,-0.9963880558762332,5.817280941410467,0.999,3.236846153846154,299.0,-0.0002557180845967899,0.005080272270999053
3.759720211083116,-0.9964231534943981,5.822361213681466,0.999,3.2366153846153844,300.0,-0.0002557180845967899,0.005080272270999053
3.7594644929985197,-0.996458251112563,5.827441485952465,0.999,3.2363846153846154,301.0,-0.0002557180845963458,0.005080272270999053
3.759208774913923,-0.9964933487307279,5.832521758223464,0.999,3.236153846153846,302.0,-0.0002557180845967899,0.005080272270999053
3.758953056829326,-0.9965284463488929,5.837602030494463,0.999,3.235923076923077,303.0,-0.0002557180845967899,0.005080272270999053
3.7586973387447293,-0.9965635439670578,5.842682302765463,0.999,3.2356923076923074,304.0,-0.0002557180845967899,0.0050802722709999415
3.7584416206601325,-0.9965986415852227,5.847762575036462,0.999,3.2354615384615384,305.0,-0.0002557180845967899,0.005080272270999053
3.7581859025755358,-0.9966337392033877,5.852842847307461,0.999,3.235230769230769,306.0,-0.0002557180845967899,0.005080272270999053
3.757930184490939,-0.9966688368215526,5.8579231195784605,0.999,3.235,307.0,-0.0002557180845967899,0.005080272270999053
3.7577007218494227,-0.9966961797571946,5.8650735080470255,0.999,3.234857142857143,308.0,-0.00022946264151624263,0.007150388468565083
3.7574712592079065,-0.9967235226928365,5.872223896515591,0.999,3.2347142857142854,309.0,-0.00022946264151624263,0.007150388468565083
3.7572417965663902,-0.9967508656284785,5.879374284984156,0.999,3.2345714285714284,310.0,-0.00022946264151624263,0.007150388468565083
3.757012333924874,-0.9967782085641205,5.886524673452721,0.999,3.2344285714285714,311.0,-0.00022946264151624263,0.007150388468565083
3.7567828712833577,-0.9968055514997624,5.893675061921286,0.999,3.2342857142857144,312.0,-0.00022946264151624263,0.007150388468565083
3.7565534086418415,-0.9968328944354043,5.900825450389851,0.999,3.234142857142857,313.0,-0.00022946264151624263,0.007150388468565083
3.7563239460003253,-0.9968602373710462,5.907975838858416,0.999,3.234,314.0,-0.00022946264151624263,0.007150388468565083
3.7560944833588086,-0.9968875803066882,5.915126227326981,0.999,3.233857142857143,315.0,-0.00022946264151668672,0.007150388468565083
3.7558650207172923,-0.9969149232423302,5.922276615795546,0.999,3.2337142857142855,316.0,-0.00022946264151624263,0.007150388468565083
3.755635558075776,-0.9969422661779721,5.929427004264111,0.999,3.2335714285714285,317.0,-0.00022946264151624263,0.007150388468565083
3.75540609543426,-0.9969696091136141,5.936577392732676,0.999,3.2334285714285715,318.0,-0.00022946264151624263,0.007150388468565083
3.7551766327927436,-0.9969969520492561,5.9437277812012415,0.999,3.2332857142857145,319.0,-0.00022946264151624263,0.007150388468565083
3.7549471701512274,-0.997024294984898,5.9508781696698065,0.999,3.233142857142857,320.0,-0.00022946264151624263,0.007150388468565083
3.754717707509711,-0.99705163792054,5.958028558138372,0.999,3.233,321.0,-0.00022946264151624263,0.007150388468565083
3.7544815073607105,-0.9968176520045415,5.962808916002501,0.999,3.232769230769231,322.0,-0.00023620014900060937,0.0047803578641296696
3.7542453072117095,-0.9965836660885432,5.967589273866631,0.999,3.2325384615384616,323.0,-0.00023620014900105346,0.0047803578641296696
3.754009107062709,-0.9963496801725448,5.972369631730761,0.999,3.2323076923076925,324.0,-0.00023620014900060937,0.0047803578641296696
3.753772906913708,-0.9961156942565463,5.977149989594891,0.999,3.232076923076923,325.0,-0.00023620014900105346,0.004780357864130558
3.753536706764707,-0.995881708340548,5.981930347459021,0.999,3.231846153846154,326.0,-0.00023620014900060937,0.0047803578641296696
3.7533005066157066,-0.9956477224245496,5.9867107053231505,0.999,3.2316153846153846,327.0,-0.00023620014900060937,0.0047803578641296696
3.7530643064667055,-0.9954137365085511,5.99149106318728,0.999,3.2313846153846155,328.0,-0.00023620014900105346,0.0047803578641296696
3.752828106317705,-0.9951797505925527,5.99627142105141,0.999,3.231153846153846,329.0,-0.00023620014900060937,0.0047803578641296696
3.7525919061687043,-0.9949457646765544,6.0010517789155395,0.999,3.230923076923077,330.0,-0.00023620014900060937,0.0047803578641296696
3.7523557060197033,-0.9947117787605559,6.00583213677967,0.999,3.2306923076923075,331.0,-0.00023620014900105346,0.004780357864130558
3.7521195058707026,-0.9944777928445575,6.0106124946438,0.999,3.2304615384615385,332.0,-0.00023620014900060937,0.0047803578641296696
3.7518833057217016,-0.9942438069285592,6.015392852507929,0.999,3.230230769230769,333.0,-0.00023620014900105346,0.0047803578641296696
3.751647105572701,-0.9940098210125607,6.020173210372059,0.999,3.23,334.0,-0.00023620014900060937,0.0047803578641296696
3.7514317985990333,-0.9940149486568602,6.028071450765662,0.999,3.2297857142857143,335.0,-0.0002153069736676727,0.007898240393602762
3.751216491625366,-0.9940200763011597,6.035969691159265,0.999,3.2295714285714285,336.0,-0.00021530697366722862,0.007898240393602762
3.7510011846516984,-0.9940252039454591,6.0438679315528665,0.999,3.229357142857143,337.0,-0.0002153069736676727,0.007898240393601874
3.7507858776780307,-0.9940303315897586,6.051766171946469,0.999,3.229142857142857,338.0,-0.0002153069736676727,0.007898240393602762
3.7505705707043635,-0.9940354592340581,6.059664412340072,0.999,3.2289285714285714,339.0,-0.00021530697366722862,0.007898240393602762
3.750355263730696,-0.9940405868783576,6.067562652733675,0.999,3.2287142857142856,340.0,-0.0002153069736676727,0.007898240393602762
3.750139956757028,-0.994045714522657,6.075460893127277,0.999,3.2285,341.0,-0.0002153069736676727,0.007898240393601874
3.749924649783361,-0.9940508421669565,6.083359133520879,0.999,3.228285714285714,342.0,-0.00021530697366722862,0.007898240393602762
3.7497093428096933,-0.994055969811256,6.091257373914482,0.999,3.2280714285714285,343.0,-0.0002153069736676727,0.007898240393602762
3.749494035836026,-0.9940610974555555,6.099155614308085,0.999,3.2278571428571428,344.0,-0.00021530697366722862,0.007898240393602762
3.7492787288623584,-0.994066225099855,6.107053854701688,0.999,3.227642857142857,345.0,-0.0002153069736676727,0.007898240393602762
3.7490634218886907,-0.9940713527441544,6.11495209509529,0.999,3.2274285714285713,346.0,-0.0002153069736676727,0.007898240393601874
3.7488481149150235,-0.9940764803884539,6.122850335488892,0.999,3.2272142857142856,347.0,-0.00021530697366722862,0.007898240393602762
3.748632807941356,-0.9940816080327534,6.130748575882495,0.999,3.227,348.0,-0.0002153069736676727,0.007898240393602762
3.748415917764235,-0.9941499520621806,6.135203579478008,0.999,3.226769230769231,349.0,-0.00021689017712089864,0.004455003595513318
3.748199027587114,-0.9942182960916077,6.139658583073522,0.999,3.2265384615384614,350.0,-0.00021689017712089864,0.004455003595513318
3.747982137409993,-0.994286640121035,6.144113586669035,0.999,3.2263076923076923,351.0,-0.00021689017712089864,0.004455003595513318
3.7477652472328717,-0.9943549841504621,6.148568590264548,0.999,3.226076923076923,352.0,-0.00021689017712134273,0.004455003595513318
3.747548357055751,-0.9944233281798893,6.153023593860062,0.999,3.225846153846154,353.0,-0.00021689017712089864,0.004455003595513318
3.74733146687863,-0.9944916722093164,6.157478597455575,0.999,3.2256153846153848,354.0,-0.00021689017712089864,0.004455003595513318
3.747114576701509,-0.9945600162387437,6.161933601051089,0.999,3.2253846153846153,355.0,-0.00021689017712089864,0.0044550035955142064
3.746897686524388,-0.9946283602681708,6.1663886046466025,0.999,3.2251538461538463,356.0,-0.00021689017712089864,0.004455003595513318
3.7466807963472673,-0.994696704297598,6.170843608242116,0.999,3.2249230769230772,357.0,-0.00021689017712089864,0.004455003595513318
3.746463906170146,-0.9947650483270252,6.175298611837629,0.999,3.2246923076923077,358.0,-0.00021689017712134273,0.004455003595513318
3.746247015993025,-0.9948333923564524,6.1797536154331425,0.999,3.2244615384615387,359.0,-0.00021689017712089864,0.004455003595513318
3.746030125815904,-0.9949017363858795,6.184208619028656,0.999,3.2242307692307692,360.0,-0.00021689017712089864,0.004455003595513318
3.745813235638783,-0.9949700804153068,6.188663622624169,0.999,3.224,361.0,-0.00021689017712089864,0.004455003595513318
3.7455961329299474,-0.9950057101373816,6.191854832235464,0.999,3.223857142857143,362.0,-0.0002171027088357924,0.0031912096112947097
3.7453790302211116,-0.9950413398594565,6.1950460418467586,0.999,3.2237142857142858,363.0,-0.0002171027088357924,0.0031912096112947097
3.7451619275122754,-0.9950769695815314,6.198237251458053,0.999,3.2235714285714288,364.0,-0.0002171027088362365,0.0031912096112947097
3.7449448248034396,-0.9951125993036062,6.201428461069349,0.999,3.2234285714285718,365.0,-0.0002171027088357924,0.003191209611295598
3.744727722094604,-0.995148229025681,6.204619670680644,0.999,3.2232857142857143,366.0,-0.0002171027088357924,0.0031912096112947097
3.744510619385768,-0.995183858747756,6.207810880291938,0.999,3.2231428571428573,367.0,-0.0002171027088357924,0.0031912096112947097
3.7442935166769318,-0.9952194884698308,6.211002089903233,0.999,3.2230000000000003,368.0,-0.0002171027088362365,0.0031912096112947097
3.744076413968096,-0.9952551181919056,6.214193299514528,0.999,3.222857142857143,369.0,-0.0002171027088357924,0.0031912096112947097
3.74385931125926,-0.9952907479139805,6.217384509125822,0.999,3.222714285714286,370.0,-0.0002171027088357924,0.0031912096112947097
3.7436422085504244,-0.9953263776360554,6.220575718737117,0.999,3.2225714285714284,371.0,-0.0002171027088357924,0.0031912096112947097
3.7434251058415886,-0.9953620073581302,6.223766928348413,0.999,3.2224285714285714,372.0,-0.0002171027088357924,0.003191209611295598
3.7432080031327524,-0.995397637080205,6.226958137959707,0.999,3.2222857142857144,373.0,-0.0002171027088362365,0.0031912096112947097
3.7429909004239166,-0.99543326680228,6.230149347571002,0.999,3.222142857142857,374.0,-0.0002171027088357924,0.0031912096112947097
3.742773797715081,-0.9954688965243548,6.233340557182297,0.999,3.222,375.0,-0.0002171027088357924,0.0031912096112947097
3.7425578756759057,-0.9955581837168741,6.23833971546054,0.999,3.221846153846154,376.0,-0.00021592203917508712,0.00499915827824271
3.7423419536367306,-0.9956474709093934,6.243338873738782,0.999,3.2216923076923076,377.0,-0.00021592203917508712,0.00499915827824271
3.7421260315975555,-0.9957367581019128,6.248338032017025,0.999,3.2215384615384615,378.0,-0.00021592203917508712,0.00499915827824271
3.741910109558381,-0.9958260452944321,6.253337190295267,0.999,3.2213846153846153,379.0,-0.00021592203917464303,0.004999158278241822
3.741694187519206,-0.9959153324869514,6.2583363485735095,0.999,3.221230769230769,380.0,-0.00021592203917508712,0.00499915827824271
3.7414782654800307,-0.9960046196794707,6.263335506851752,0.999,3.221076923076923,381.0,-0.00021592203917508712,0.00499915827824271
3.7412623434408556,-0.9960939068719901,6.268334665129995,0.999,3.220923076923077,382.0,-0.00021592203917508712,0.00499915827824271
3.7410464214016805,-0.9961831940645094,6.273333823408238,0.999,3.220769230769231,383.0,-0.00021592203917508712,0.00499915827824271
3.7408304993625054,-0.9962724812570287,6.27833298168648,0.999,3.220615384615385,384.0,-0.00021592203917508712,0.00499915827824271
3.740614577323331,-0.996361768449548,6.283332139964722,0.999,3.2204615384615387,385.0,-0.00021592203917464303,0.004999158278241822
3.7403986552841557,-0.9964510556420674,6.288331298242965,0.999,3.2203076923076925,386.0,-0.00021592203917508712,0.00499915827824271
3.7401827332449806,-0.9965403428345867,6.293330456521208,0.999,3.2201538461538464,387.0,-0.00021592203917508712,0.00499915827824271
3.7399668112058055,-0.996629630027106,6.29832961479945,0.999,3.22,388.0,-0.00021592203917508712,0.00499915827824271
3.7397757412758645,-0.9965895215971361,6.304313105263977,0.999,3.2197857142857145,389.0,-0.00019106992994100125,0.0059834904645263975
3.739584671345924,-0.996549413167166,6.310296595728502,0.999,3.2195714285714288,390.0,-0.00019106992994055716,0.005983490464525509
3.739393601415983,-0.9965093047371961,6.316280086193029,0.999,3.219357142857143,391.0,-0.00019106992994100125,0.0059834904645263975
3.7392025314860424,-0.9964691963072262,6.322263576657554,0.999,3.2191428571428573,392.0,-0.00019106992994055716,0.005983490464525509
3.7390114615561014,-0.9964290878772561,6.3282470671220805,0.999,3.2189285714285716,393.0,-0.00019106992994100125,0.0059834904645263975
3.738820391626161,-0.9963889794472862,6.334230557586606,0.999,3.218714285714286,394.0,-0.00019106992994055716,0.005983490464525509
3.73862932169622,-0.9963488710173163,6.340214048051132,0.999,3.2185,395.0,-0.00019106992994100125,0.0059834904645263975
3.738438251766279,-0.9963087625873462,6.346197538515659,0.999,3.2182857142857144,396.0,-0.00019106992994100125,0.0059834904645263975
3.7382471818363383,-0.9962686541573763,6.352181028980184,0.999,3.2180714285714287,397.0,-0.00019106992994055716,0.005983490464525509
3.7380561119063973,-0.9962285457274063,6.358164519444711,0.999,3.217857142857143,398.0,-0.00019106992994100125,0.0059834904645263975
3.7378650419764567,-0.9961884372974363,6.364148009909236,0.999,3.2176428571428572,399.0,-0.00019106992994055716,0.005983490464525509
3.7376739720465157,-0.9961483288674664,6.370131500373763,0.999,3.2174285714285715,400.0,-0.00019106992994100125,0.0059834904645263975
3.737482902116575,-0.9961082204374964,6.376114990838288,0.999,3.217214285714286,401.0,-0.00019106992994055716,0.005983490464525509
3.737291832186634,-0.9960681120075264,6.3820984813028145,0.999,3.217,402.0,-0.00019106992994100125,0.0059834904645263975
3.737072664548104,-0.9959632838417994,6.3865236484657855,0.999,3.216769230769231,403.0,-0.00021916763853013776,0.004425167162970922
3.7368534969095744,-0.9958584556760725,6.3909488156287555,0.999,3.2165384615384616,404.0,-0.00021916763852969368,0.004425167162970034
3.736634329271044,-0.9957536275103454,6.395373982791726,0.999,3.2163076923076925,405.0,-0.00021916763853013776,0.004425167162970922
3.7364151616325145,-0.9956487993446184,6.3997991499546965,0.999,3.216076923076923,406.0,-0.00021916763852969368,0.004425167162970034
3.7361959939939844,-0.9955439711788914,6.404224317117667,0.999,3.215846153846154,407.0,-0.00021916763853013776,0.004425167162970922
3.7359768263554543,-0.9954391430131644,6.408649484280638,0.999,3.2156153846153845,408.0,-0.00021916763853013776,0.004425167162970922
3.7357576587169246,-0.9953343148474373,6.413074651443608,0.999,3.2153846153846155,409.0,-0.00021916763852969368,0.004425167162970034
3.7355384910783944,-0.9952294866817103,6.417499818606579,0.999,3.215153846153846,410.0,-0.00021916763853013776,0.004425167162970922
3.7353193234398643,-0.9951246585159833,6.42192498576955,0.999,3.214923076923077,411.0,-0.00021916763853013776,0.004425167162970922
3.7351001558013346,-0.9950198303502563,6.42635015293252,0.999,3.2146923076923075,412.0,-0.00021916763852969368,0.004425167162970034
3.7348809881628044,-0.9949150021845292,6.430775320095491,0.999,3.2144615384615385,413.0,-0.00021916763853013776,0.004425167162970922
3.7346618205242748,-0.9948101740188022,6.435200487258461,0.999,3.214230769230769,414.0,-0.00021916763852969368,0.004425167162970034
3.7344426528857446,-0.9947053458530752,6.439625654421432,0.999,3.214,415.0,-0.00021916763853013776,0.004425167162970922
3.734252834687542,-0.9949064661410448,6.442367498375706,0.999,3.213857142857143,416.0,-0.00018981819820274026,0.0027418439542739037
3.734063016489339,-0.9951075864290144,6.44510934232998,0.999,3.2137142857142855,417.0,-0.00018981819820274026,0.0027418439542739037
3.7338731982911364,-0.995308706716984,6.447851186284254,0.999,3.2135714285714285,418.0,-0.00018981819820274026,0.0027418439542739037
3.733683380092934,-0.9955098270049536,6.450593030238528,0.999,3.2134285714285715,419.0,-0.00018981819820229617,0.0027418439542739037
3.7334935618947314,-0.9957109472929232,6.453334874192802,0.999,3.2132857142857145,420.0,-0.00018981819820274026,0.0027418439542739037
3.7333037436965286,-0.9959120675808928,6.4560767181470755,0.999,3.213142857142857,421.0,-0.00018981819820274026,0.0027418439542739037
3.733113925498326,-0.9961131878688625,6.458818562101349,0.999,3.213,422.0,-0.00018981819820274026,0.0027418439542739037
3.732924107300123,-0.9963143081568321,6.461560406055624,0.999,3.212857142857143,423.0,-0.00018981819820274026,0.002741843954274792
3.7327342891019204,-0.9965154284448017,6.464302250009898,0.999,3.2127142857142856,424.0,-0.00018981819820274026,0.0027418439542739037
3.7325444709037177,-0.9967165487327713,6.467044093964172,0.999,3.2125714285714286,425.0,-0.00018981819820274026,0.0027418439542739037
3.7323546527055154,-0.9969176690207409,6.469785937918446,0.999,3.2124285714285716,426.0,-0.00018981819820229617,0.0027418439542739037
3.7321648345073126,-0.9971187893087105,6.47252778187272,0.999,3.2122857142857146,427.0,-0.00018981819820274026,0.0027418439542739037
3.73197501630911,-0.99731990959668,6.475269625826994,0.999,3.212142857142857,428.0,-0.00018981819820274026,0.0027418439542739037
3.731785198110907,-0.9975210298846496,6.478011469781268,0.999,3.212,429.0,-0.00018981819820274026,0.0027418439542739037
3.7315854843742158,-0.9975204508905962,6.4827792672898665,0.999,3.211846153846154,430.0,-0.00019971373669136483,0.004767797508598903
3.7313857706375244,-0.9975198718965427,6.4875470647984645,0.999,3.211692307692308,431.0,-0.00019971373669136483,0.004767797508598015
3.731186056900833,-0.9975192929024892,6.4923148623070634,0.999,3.2115384615384617,432.0,-0.00019971373669136483,0.004767797508598903
3.7309863431641417,-0.9975187139084357,6.497082659815662,0.999,3.2113846153846155,433.0,-0.00019971373669136483,0.004767797508598903
3.7307866294274503,-0.9975181349143822,6.50185045732426,0.999,3.2112307692307693,434.0,-0.00019971373669136483,0.004767797508598015
3.730586915690759,-0.9975175559203288,6.506618254832859,0.999,3.211076923076923,435.0,-0.00019971373669136483,0.004767797508598903
3.730387201954068,-0.9975169769262753,6.511386052341458,0.999,3.210923076923077,436.0,-0.00019971373669092074,0.004767797508598903
3.7301874882173767,-0.9975163979322218,6.516153849850057,0.999,3.210769230769231,437.0,-0.00019971373669136483,0.004767797508598903
3.7299877744806853,-0.9975158189381683,6.520921647358655,0.999,3.2106153846153846,438.0,-0.00019971373669136483,0.004767797508598015
3.729788060743994,-0.9975152399441148,6.525689444867254,0.999,3.2104615384615385,439.0,-0.00019971373669136483,0.004767797508598903
3.7295883470073026,-0.9975146609500614,6.530457242375853,0.999,3.2103076923076923,440.0,-0.00019971373669136483,0.004767797508598903
3.729388633270611,-0.9975140819560079,6.535225039884451,0.999,3.210153846153846,441.0,-0.00019971373669136483,0.004767797508598015
3.72918891953392,-0.9975135029619544,6.53999283739305,0.999,3.21,442.0,-0.00019971373669136483,0.004767797508598903
3.72899786276818,-0.9974515067987132,6.545735270675742,0.999,3.2097857142857142,443.0,-0.00019105676573971664,0.005742433282692083
3.72880680600244,-0.9973895106354721,6.551477703958433,0.999,3.2095714285714285,444.0,-0.00019105676574016073,0.005742433282691195
3.7286157492367002,-0.9973275144722309,6.557220137241125,0.999,3.209357142857143,445.0,-0.00019105676573971664,0.005742433282692083
3.7284246924709605,-0.9972655183089897,6.562962570523817,0.999,3.209142857142857,446.0,-0.00019105676573971664,0.005742433282692083
3.7282336357052204,-0.9972035221457485,6.5687050038065085,0.999,3.2089285714285714,447.0,-0.00019105676574016073,0.005742433282691195
3.7280425789394807,-0.9971415259825074,6.5744474370892005,0.999,3.2087142857142856,448.0,-0.00019105676573971664,0.005742433282692083
3.727851522173741,-0.9970795298192662,6.580189870371892,0.999,3.2085,449.0,-0.00019105676573971664,0.005742433282691195
3.727660465408001,-0.997017533656025,6.585932303654584,0.999,3.208285714285714,450.0,-0.00019105676574016073,0.005742433282692083
3.727469408642261,-0.9969555374927839,6.591674736937276,0.999,3.2080714285714285,451.0,-0.00019105676573971664,0.005742433282692083
3.727278351876521,-0.9968935413295427,6.597417170219967,0.999,3.2078571428571427,452.0,-0.00019105676574016073,0.005742433282691195
3.727087295110781,-0.9968315451663015,6.603159603502659,0.999,3.207642857142857,453.0,-0.00019105676573971664,0.005742433282692083
3.7268962383450415,-0.9967695490030603,6.608902036785351,0.999,3.2074285714285713,454.0,-0.00019105676573971664,0.005742433282692083
3.7267051815793013,-0.9967075528398192,6.6146444700680425,0.999,3.2072142857142856,455.0,-0.00019105676574016073,0.005742433282691195
3.7265141248135616,-0.996645556676578,6.6203869033507345,0.999,3.207,456.0,-0.00019105676573971664,0.005742433282692083
3.726305960474423,-0.9966119947646388,6.623761766732952,0.999,3.2068461538461537,457.0,-0.00020816433913850574,0.0033748633822172636
3.7260977961352846,-0.9965784328526996,6.627136630115169,0.999,3.2066923076923075,458.0,-0.00020816433913850574,0.0033748633822172636
3.725889631796146,-0.9965448709407605,6.630511493497387,0.999,3.2065384615384613,459.0,-0.00020816433913850574,0.0033748633822181517
3.7256814674570076,-0.9965113090288215,6.6338863568796045,0.999,3.206384615384615,460.0,-0.00020816433913850574,0.0033748633822172636
3.725473303117869,-0.9964777471168823,6.637261220261822,0.999,3.206230769230769,461.0,-0.00020816433913850574,0.0033748633822172636
3.7252651387787306,-0.9964441852049432,6.640636083644039,0.999,3.206076923076923,462.0,-0.00020816433913850574,0.0033748633822172636
3.725056974439592,-0.996410623293004,6.644010947026257,0.999,3.205923076923077,463.0,-0.00020816433913850574,0.0033748633822181517
3.7248488101004535,-0.9963770613810649,6.647385810408474,0.999,3.205769230769231,464.0,-0.00020816433913850574,0.0033748633822172636
3.724640645761315,-0.9963434994691257,6.650760673790692,0.999,3.2056153846153848,465.0,-0.00020816433913850574,0.0033748633822172636
3.7244324814221765,-0.9963099375571867,6.654135537172909,0.999,3.2054615384615386,466.0,-0.00020816433913850574,0.0033748633822172636
3.724224317083038,-0.9962763756452475,6.657510400555127,0.999,3.2053076923076924,467.0,-0.00020816433913850574,0.0033748633822181517
3.7240161527438995,-0.9962428137333084,6.660885263937344,0.999,3.2051538461538462,468.0,-0.00020816433913850574,0.0033748633822172636
3.723807988404761,-0.9962092518213692,6.664260127319562,0.999,3.205,469.0,-0.00020816433913850574,0.0033748633822172636
3.7236348545720284,-0.996230369107968,6.670625104794791,0.999,3.2047857142857143,470.0,-0.0001731338327326526,0.006364977475229239
3.7234617207392953,-0.996251486394567,6.676990082270019,0.999,3.2045714285714286,471.0,-0.00017313383273309668,0.0063649774752283506
3.7232885869065626,-0.9962726036811658,6.683355059745248,0.999,3.204357142857143,472.0,-0.0001731338327326526,0.0063649774752283506
3.7231154530738295,-0.9962937209677646,6.689720037220477,0.999,3.204142857142857,473.0,-0.00017313383273309668,0.006364977475229239
3.722942319241097,-0.9963148382543635,6.696085014695706,0.999,3.2039285714285715,474.0,-0.0001731338327326526,0.006364977475229239
3.7227691854083638,-0.9963359555409623,6.702449992170934,0.999,3.2037142857142857,475.0,-0.00017313383273309668,0.0063649774752283506
3.722596051575631,-0.9963570728275613,6.708814969646163,0.999,3.2035,476.0,-0.0001731338327326526,0.0063649774752283506
3.7224229177428985,-0.9963781901141601,6.715179947121392,0.999,3.2032857142857143,477.0,-0.0001731338327326526,0.006364977475229239
3.7222497839101654,-0.9963993074007589,6.721544924596621,0.999,3.2030714285714286,478.0,-0.00017313383273309668,0.006364977475229239
3.7220766500774327,-0.9964204246873578,6.72790990207185,0.999,3.202857142857143,479.0,-0.0001731338327326526,0.0063649774752283506
3.7219035162446996,-0.9964415419739566,6.734274879547078,0.999,3.202642857142857,480.0,-0.00017313383273309668,0.0063649774752283506
3.721730382411967,-0.9964626592605554,6.740639857022307,0.999,3.2024285714285714,481.0,-0.0001731338327326526,0.006364977475229239
3.721557248579234,-0.9964837765471544,6.747004834497536,0.999,3.2022142857142857,482.0,-0.00017313383273309668,0.006364977475229239
3.721384114746501,-0.9965048938337532,6.753369811972765,0.999,3.202,483.0,-0.0001731338327326526,0.0063649774752283506
3.7211942924179042,-0.9963975807977246,6.755742318894619,0.999,3.201846153846154,484.0,-0.0001898223285969891,0.0023725069218540895
3.7210044700893072,-0.9962902677616959,6.758114825816474,0.999,3.2016923076923076,485.0,-0.0001898223285969891,0.0023725069218549777
3.7208146477607107,-0.9961829547256673,6.760487332738328,0.999,3.2015384615384614,486.0,-0.00018982232859654502,0.0023725069218540895
3.7206248254321137,-0.9960756416896387,6.762859839660183,0.999,3.2013846153846153,487.0,-0.0001898223285969891,0.0023725069218549777
3.7204350031035167,-0.9959683286536101,6.765232346582037,0.999,3.201230769230769,488.0,-0.0001898223285969891,0.0023725069218540895
3.7202451807749197,-0.9958610156175814,6.767604853503892,0.999,3.201076923076923,489.0,-0.0001898223285969891,0.0023725069218549777
3.720055358446323,-0.9957537025815529,6.769977360425746,0.999,3.200923076923077,490.0,-0.00018982232859654502,0.0023725069218540895
3.719865536117726,-0.9956463895455243,6.772349867347601,0.999,3.200769230769231,491.0,-0.0001898223285969891,0.0023725069218549777
3.719675713789129,-0.9955390765094957,6.774722374269455,0.999,3.200615384615385,492.0,-0.0001898223285969891,0.0023725069218540895
3.719485891460532,-0.9954317634734671,6.77709488119131,0.999,3.2004615384615387,493.0,-0.0001898223285969891,0.0023725069218549777
3.7192960691319357,-0.9953244504374384,6.779467388113164,0.999,3.2003076923076925,494.0,-0.00018982232859654502,0.0023725069218540895
3.7191062468033387,-0.9952171374014098,6.781839895035019,0.999,3.2001538461538463,495.0,-0.0001898223285969891,0.0023725069218549777
3.7189164244747417,-0.9951098243653812,6.784212401956873,0.999,3.2,496.0,-0.0001898223285969891,0.0023725069218540895
3.7187304786219997,-0.9951434899637136,6.788403902817553,0.999,3.199857142857143,497.0,-0.0001859458527420088,0.004191500860679653
3.718544532769258,-0.9951771555620459,6.792595403678233,0.999,3.1997142857142857,498.0,-0.00018594585274156472,0.004191500860679653
3.718358586916516,-0.9952108211603783,6.796786904538912,0.999,3.1995714285714287,499.0,-0.0001859458527420088,0.004191500860679653
3.718172641063774,-0.9952444867587107,6.800978405399592,0.999,3.1994285714285717,500.0,-0.0001859458527420088,0.004191500860679653
3.7179866952110325,-0.9952781523570431,6.8051699062602715,0.999,3.1992857142857143,501.0,-0.00018594585274156472,0.004191500860679653
3.7178007493582905,-0.9953118179553754,6.809361407120951,0.999,3.1991428571428573,502.0,-0.0001859458527420088,0.004191500860679653
3.7176148035055485,-0.9953454835537078,6.813552907981631,0.999,3.1990000000000003,503.0,-0.0001859458527420088,0.004191500860679653
3.717428857652807,-0.9953791491520402,6.817744408842311,0.999,3.198857142857143,504.0,-0.00018594585274156472,0.0041915008606805415
3.717242911800065,-0.9954128147503725,6.821935909702991,0.999,3.198714285714286,505.0,-0.0001859458527420088,0.004191500860679653
3.7170569659473234,-0.9954464803487049,6.826127410563671,0.999,3.1985714285714284,506.0,-0.00018594585274156472,0.004191500860679653
3.7168710200945814,-0.9954801459470373,6.83031891142435,0.999,3.1984285714285714,507.0,-0.0001859458527420088,0.004191500860679653
3.7166850742418394,-0.9955138115453697,6.83451041228503,0.999,3.1982857142857144,508.0,-0.0001859458527420088,0.004191500860679653
3.716499128389098,-0.995547477143702,6.83870191314571,0.999,3.198142857142857,509.0,-0.00018594585274156472,0.004191500860679653
3.716313182536356,-0.9955811427420344,6.842893414006389,0.999,3.198,510.0,-0.0001859458527420088,0.004191500860679653
3.7161312709994903,-0.9955942258553586,6.8449888859112775,0.999,3.197846153846154,511.0,-0.00018191153686553108,0.0020954719048882353
3.715949359462625,-0.9956073089686829,6.847084357816166,0.999,3.1976923076923076,512.0,-0.000181911536865087,0.0020954719048882353
3.7157674479257596,-0.9956203920820071,6.849179829721054,0.999,3.1975384615384614,513.0,-0.00018191153686553108,0.0020954719048882353
3.715585536388894,-0.9956334751953314,6.851275301625942,0.999,3.1973846153846153,514.0,-0.00018191153686553108,0.0020954719048882353
3.715403624852029,-0.9956465583086557,6.8533707735308305,0.999,3.197230769230769,515.0,-0.000181911536865087,0.0020954719048882353
3.7152217133151635,-0.9956596414219799,6.855466245435719,0.999,3.197076923076923,516.0,-0.00018191153686553108,0.0020954719048882353
3.715039801778298,-0.9956727245353042,6.857561717340607,0.999,3.196923076923077,517.0,-0.00018191153686553108,0.0020954719048882353
3.7148578902414324,-0.9956858076486285,6.859657189245495,0.999,3.196769230769231,518.0,-0.00018191153686553108,0.0020954719048882353
3.7146759787045673,-0.9956988907619527,6.861752661150383,0.999,3.196615384615385,519.0,-0.000181911536865087,0.0020954719048882353
3.714494067167702,-0.995711973875277,6.863848133055272,0.999,3.1964615384615387,520.0,-0.00018191153686553108,0.0020954719048882353
3.7143121556308363,-0.9957250569886013,6.86594360496016,0.999,3.1963076923076925,521.0,-0.00018191153686553108,0.0020954719048882353
3.714130244093971,-0.9957381401019255,6.868039076865048,0.999,3.1961538461538463,522.0,-0.000181911536865087,0.0020954719048882353
3.7139483325571057,-0.9957512232152498,6.870134548769936,0.999,3.196,523.0,-0.00018191153686553108,0.0020954719048882353
3.7137768932466306,-0.9957561499220036,6.8732502511524025,0.999,3.1957857142857145,524.0,-0.00017143931047503003,0.003115702382466168
3.713605453936156,-0.9957610766287575,6.876365953534869,0.999,3.1955714285714287,525.0,-0.00017143931047458594,0.003115702382466168
3.713434014625681,-0.9957660033355112,6.879481655917335,0.999,3.195357142857143,526.0,-0.00017143931047503003,0.003115702382466168
3.713262575315206,-0.9957709300422651,6.882597358299801,0.999,3.1951428571428573,527.0,-0.00017143931047503003,0.003115702382466168
3.713091136004731,-0.9957758567490189,6.885713060682267,0.999,3.1949285714285716,528.0,-0.00017143931047503003,0.003115702382466168
3.7129196966942564,-0.9957807834557728,6.888828763064733,0.999,3.194714285714286,529.0,-0.00017143931047458594,0.003115702382466168
3.7127482573837813,-0.9957857101625266,6.8919444654471995,0.999,3.1945,530.0,-0.00017143931047503003,0.003115702382466168
3.7125768180733063,-0.9957906368692804,6.895060167829665,0.999,3.1942857142857144,531.0,-0.00017143931047503003,0.0031157023824652796
3.7124053787628317,-0.9957955635760343,6.898175870212131,0.999,3.1940714285714287,532.0,-0.00017143931047458594,0.003115702382466168
3.7122339394523567,-0.995800490282788,6.901291572594597,0.999,3.193857142857143,533.0,-0.00017143931047503003,0.003115702382466168
3.7120625001418817,-0.995805416989542,6.904407274977063,0.999,3.1936428571428572,534.0,-0.00017143931047503003,0.003115702382466168
3.7118910608314066,-0.9958103436962957,6.9075229773595295,0.999,3.1934285714285715,535.0,-0.00017143931047503003,0.003115702382466168
3.711719621520932,-0.9958152704030496,6.910638679741996,0.999,3.193214285714286,536.0,-0.00017143931047458594,0.003115702382466168
3.711548182210457,-0.9958201971098034,6.913754382124462,0.999,3.193,537.0,-0.00017143931047503003,0.003115702382466168
3.71135680100686,-0.9958568663641346,6.918207153872515,0.999,3.192846153846154,538.0,-0.00019138120359718513,0.0044527717480535856
3.711165419803263,-0.9958935356184659,6.92265992562057,0.999,3.1926923076923077,539.0,-0.00019138120359674105,0.004452771748054474
3.710974038599666,-0.9959302048727972,6.9271126973686235,0.999,3.1925384615384615,540.0,-0.00019138120359718513,0.0044527717480535856
3.710782657396069,-0.9959668741271284,6.931565469116678,0.999,3.1923846153846154,541.0,-0.00019138120359674105,0.004452771748054474
3.710591276192472,-0.9960035433814597,6.9360182408647315,0.999,3.192230769230769,542.0,-0.00019138120359718513,0.0044527717480535856
3.710399894988875,-0.9960402126357909,6.940471012612786,0.999,3.192076923076923,543.0,-0.00019138120359718513,0.004452771748054474
3.710208513785278,-0.9960768818901221,6.94492378436084,0.999,3.191923076923077,544.0,-0.00019138120359674105,0.0044527717480535856
3.710017132581681,-0.9961135511444533,6.949376556108894,0.999,3.1917692307692307,545.0,-0.00019138120359718513,0.004452771748054474
3.7098257513780837,-0.9961502203987846,6.953829327856948,0.999,3.1916153846153845,546.0,-0.00019138120359718513,0.0044527717480535856
3.709634370174487,-0.9961868896531159,6.958282099605002,0.999,3.1914615384615383,547.0,-0.00019138120359674105,0.004452771748054474
3.7094429889708898,-0.9962235589074471,6.962734871353056,0.999,3.191307692307692,548.0,-0.00019138120359718513,0.0044527717480535856
3.709251607767293,-0.9962602281617784,6.96718764310111,0.999,3.191153846153846,549.0,-0.00019138120359674105,0.004452771748054474
3.709060226563696,-0.9962968974161096,6.971640414849164,0.999,3.191,550.0,-0.00019138120359718513,0.0044527717480535856
3.708897048693154,-0.9963217162470037,6.974398127906718,0.999,3.190857142857143,551.0,-0.00016317787054198618,0.002757713057554234
3.7087338708226123,-0.9963465350778977,6.977155840964272,0.999,3.1907142857142854,552.0,-0.0001631778705415421,0.002757713057554234
3.7085706929520708,-0.9963713539087918,6.9799135540218264,0.999,3.1905714285714284,553.0,-0.0001631778705415421,0.002757713057554234
3.7084075150815288,-0.996396172739686,6.982671267079382,0.999,3.1904285714285714,554.0,-0.00016317787054198618,0.0027577130575551223
3.708244337210987,-0.9964209915705801,6.985428980136936,0.999,3.1902857142857144,555.0,-0.00016317787054198618,0.002757713057554234
3.7080811593404452,-0.9964458104014741,6.98818669319449,0.999,3.190142857142857,556.0,-0.0001631778705415421,0.002757713057554234
3.7079179814699037,-0.9964706292323682,6.990944406252044,0.999,3.19,557.0,-0.0001631778705415421,0.002757713057554234
3.7077548035993617,-0.9964954480632623,6.9937021193095985,0.999,3.189857142857143,558.0,-0.00016317787054198618,0.002757713057554234
3.7075916257288197,-0.9965202668941563,6.996459832367153,0.999,3.1897142857142855,559.0,-0.00016317787054198618,0.002757713057554234
3.707428447858278,-0.9965450857250504,6.999217545424707,0.999,3.1895714285714285,560.0,-0.0001631778705415421,0.002757713057554234
3.7072652699877366,-0.9965699045559445,7.001975258482262,0.999,3.1894285714285715,561.0,-0.0001631778705415421,0.0027577130575551223
3.7071020921171947,-0.9965947233868386,7.004732971539816,0.999,3.1892857142857145,562.0,-0.00016317787054198618,0.002757713057554234
3.7069389142466527,-0.9966195422177326,7.007490684597371,0.999,3.189142857142857,563.0,-0.00016317787054198618,0.002757713057554234
3.706775736376111,-0.9966443610486267,7.010248397654925,0.999,3.189,564.0,-0.0001631778705415421,0.002757713057554234
3.7065945899638444,-0.996465056229532,7.013090980254646,0.999,3.188846153846154,565.0,-0.00018114641226674166,0.002842582599721588
3.706413443551577,-0.9962857514104373,7.015933562854369,0.999,3.1886923076923077,566.0,-0.00018114641226718575,0.0028425825997224763
3.7062322971393105,-0.9961064465913425,7.0187761454540905,0.999,3.1885384615384615,567.0,-0.00018114641226674166,0.002842582599721588
3.7060511507270437,-0.9959271417722478,7.021618728053812,0.999,3.1883846153846154,568.0,-0.00018114641226674166,0.002842582599721588
3.7058700043147765,-0.995747836953153,7.0244613106535345,0.999,3.188230769230769,569.0,-0.00018114641226718575,0.0028425825997224763
3.70568885790251,-0.9955685321340584,7.027303893253256,0.999,3.188076923076923,570.0,-0.00018114641226674166,0.002842582599721588
3.705507711490243,-0.9953892273149636,7.030146475852978,0.999,3.187923076923077,571.0,-0.00018114641226674166,0.002842582599721588
3.7053265650779763,-0.9952099224958689,7.032989058452699,0.999,3.1877692307692307,572.0,-0.00018114641226674166,0.002842582599721588
3.705145418665709,-0.9950306176767741,7.035831641052422,0.999,3.1876153846153845,573.0,-0.00018114641226718575,0.0028425825997224763
3.7049642722534424,-0.9948513128576795,7.038674223652143,0.999,3.1874615384615383,574.0,-0.00018114641226674166,0.002842582599721588
3.7047831258411756,-0.9946720080385847,7.041516806251865,0.999,3.187307692307692,575.0,-0.00018114641226674166,0.002842582599721588
3.7046019794289085,-0.99449270321949,7.044359388851587,0.999,3.187153846153846,576.0,-0.00018114641226718575,0.0028425825997224763
3.7044208330166417,-0.9943133984003952,7.047201971451309,0.999,3.187,577.0,-0.00018114641226674166,0.002842582599721588
3.7042582849037156,-0.9944366763972725,7.05090283946176,0.999,3.186857142857143,578.0,-0.000162548112926153,0.0037008680104513303
3.70409573679079,-0.9945599543941498,7.054603707472212,0.999,3.1867142857142854,579.0,-0.00016254811292570892,0.0037008680104513303
3.7039331886778637,-0.9946832323910271,7.058304575482663,0.999,3.1865714285714284,580.0,-0.000162548112926153,0.0037008680104513303
3.7037706405649375,-0.9948065103879045,7.062005443493115,0.999,3.1864285714285714,581.0,-0.000162548112926153,0.0037008680104522185
3.703608092452012,-0.9949297883847817,7.0657063115035665,0.999,3.1862857142857144,582.0,-0.00016254811292570892,0.0037008680104513303
3.7034455443390857,-0.995053066381659,7.069407179514018,0.999,3.186142857142857,583.0,-0.000162548112926153,0.0037008680104513303
3.7032829962261595,-0.9951763443785363,7.073108047524469,0.999,3.186,584.0,-0.000162548112926153,0.0037008680104513303
3.703120448113234,-0.9952996223754136,7.0768089155349205,0.999,3.185857142857143,585.0,-0.00016254811292570892,0.0037008680104513303
3.7029579000003077,-0.9954229003722909,7.080509783545372,0.999,3.1857142857142855,586.0,-0.000162548112926153,0.0037008680104513303
3.702795351887382,-0.9955461783691681,7.084210651555823,0.999,3.1855714285714285,587.0,-0.00016254811292570892,0.0037008680104513303
3.702632803774456,-0.9956694563660455,7.087911519566275,0.999,3.1854285714285715,588.0,-0.000162548112926153,0.0037008680104522185
3.7024702556615297,-0.9957927343629228,7.091612387576727,0.999,3.1852857142857145,589.0,-0.000162548112926153,0.0037008680104513303
3.702307707548604,-0.9959160123598001,7.095313255587178,0.999,3.185142857142857,590.0,-0.00016254811292570892,0.0037008680104513303
3.702145159435678,-0.9960392903566774,7.099014123597629,0.999,3.185,591.0,-0.000162548112926153,0.0037008680104513303
3.7019644111991528,-0.9961667851484466,7.100743253746854,0.999,3.184846153846154,592.0,-0.00018074823652503014,0.0017291301492248223
3.7017836629626277,-0.9962942799402158,7.10247238389608,0.999,3.1846923076923077,593.0,-0.00018074823652503014,0.0017291301492257105
3.701602914726103,-0.9964217747319849,7.104201514045305,0.999,3.1845384615384615,594.0,-0.00018074823652458605,0.0017291301492248223
3.701422166489578,-0.9965492695237541,7.10593064419453,0.999,3.1843846153846154,595.0,-0.00018074823652503014,0.0017291301492248223
3.701241418253053,-0.9966767643155233,7.107659774343755,0.999,3.184230769230769,596.0,-0.00018074823652503014,0.0017291301492257105
3.701060670016528,-0.9968042591072925,7.10938890449298,0.999,3.184076923076923,597.0,-0.00018074823652503014,0.0017291301492248223
3.7008799217800035,-0.9969317538990616,7.111118034642205,0.999,3.183923076923077,598.0,-0.00018074823652458605,0.0017291301492248223
3.7006991735434784,-0.9970592486908308,7.11284716479143,0.999,3.1837692307692307,599.0,-0.00018074823652503014,0.0017291301492248223
3.7005184253069534,-0.9971867434826001,7.1145762949406555,0.999,3.1836153846153845,600.0,-0.00018074823652503014,0.0017291301492257105
3.7003376770704284,-0.9973142382743693,7.11630542508988,0.999,3.1834615384615383,601.0,-0.00018074823652503014,0.0017291301492248223
3.700156928833904,-0.9974417330661384,7.118034555239105,0.999,3.183307692307692,602.0,-0.00018074823652458605,0.0017291301492248223
3.6999761805973788,-0.9975692278579076,7.119763685388331,0.999,3.183153846153846,603.0,-0.00018074823652503014,0.0017291301492257105
3.6997954323608537,-0.9976967226496768,7.121492815537556,0.999,3.183,604.0,-0.00018074823652503014,0.0017291301492248223
3.699623776294616,-0.9974847163002353,7.123755674743296,0.999,3.182785714285714,605.0,-0.00017165606623770202,0.0022628592057403196
3.6994521202283788,-0.9972727099507938,7.126018533949036,0.999,3.1825714285714284,606.0,-0.00017165606623725793,0.0022628592057403196
3.6992804641621415,-0.9970607036013522,7.128281393154777,0.999,3.1823571428571427,607.0,-0.00017165606623725793,0.0022628592057403196
3.699108808095904,-0.9968486972519107,7.130544252360517,0.999,3.182142857142857,608.0,-0.00017165606623770202,0.0022628592057403196
3.698937152029666,-0.9966366909024692,7.132807111566257,0.999,3.181928571428571,609.0,-0.00017165606623770202,0.0022628592057403196
3.698765495963429,-0.9964246845530277,7.135069970771998,0.999,3.1817142857142855,610.0,-0.00017165606623725793,0.0022628592057403196
3.6985938398971916,-0.9962126782035863,7.137332829977738,0.999,3.1814999999999998,611.0,-0.00017165606623725793,0.0022628592057403196
3.698422183830954,-0.9960006718541448,7.139595689183478,0.999,3.1812857142857145,612.0,-0.00017165606623770202,0.0022628592057403196
3.698250527764716,-0.9957886655047032,7.1418585483892185,0.999,3.1810714285714288,613.0,-0.00017165606623770202,0.0022628592057403196
3.698078871698479,-0.9955766591552617,7.144121407594959,0.999,3.180857142857143,614.0,-0.00017165606623725793,0.0022628592057403196
3.6979072156322417,-0.9953646528058202,7.146384266800699,0.999,3.1806428571428573,615.0,-0.00017165606623725793,0.0022628592057403196
3.697735559566004,-0.9951526464563787,7.1486471260064395,0.999,3.1804285714285716,616.0,-0.00017165606623770202,0.0022628592057403196
3.6975639034997663,-0.9949406401069372,7.15090998521218,0.999,3.180214285714286,617.0,-0.00017165606623770202,0.0022628592057403196
3.697392247433529,-0.9947286337574957,7.15317284441792,0.999,3.18,618.0,-0.00017165606623725793,0.0022628592057403196
3.697235942272872,-0.9947868845327862,7.157576507148455,0.999,3.179846153846154,619.0,-0.000156305160657233,0.004403662730535274
3.6970796371122145,-0.9948451353080766,7.1619801698789916,0.999,3.179692307692308,620.0,-0.000156305160657233,0.004403662730536162
3.6969233319515578,-0.9949033860833671,7.166383832609527,0.999,3.1795384615384616,621.0,-0.0001563051606567889,0.004403662730535274
3.6967670267909005,-0.9949616368586577,7.170787495340063,0.999,3.1793846153846155,622.0,-0.000156305160657233,0.004403662730536162
3.6966107216302433,-0.9950198876339481,7.175191158070598,0.999,3.1792307692307693,623.0,-0.000156305160657233,0.004403662730535274
3.696454416469586,-0.9950781384092386,7.1795948208011335,0.999,3.179076923076923,624.0,-0.000156305160657233,0.004403662730535274
3.6962981113089293,-0.9951363891845292,7.18399848353167,0.999,3.178923076923077,625.0,-0.0001563051606567889,0.004403662730536162
3.696141806148272,-0.9951946399598197,7.188402146262205,0.999,3.178769230769231,626.0,-0.000156305160657233,0.004403662730535274
3.695985500987615,-0.9952528907351101,7.19280580899274,0.999,3.1786153846153846,627.0,-0.000156305160657233,0.004403662730535274
3.6958291958269576,-0.9953111415104007,7.197209471723276,0.999,3.1784615384615384,628.0,-0.000156305160657233,0.004403662730536162
3.695672890666301,-0.9953693922856912,7.201613134453812,0.999,3.1783076923076923,629.0,-0.0001563051606567889,0.004403662730535274
3.6955165855056435,-0.9954276430609816,7.206016797184348,0.999,3.178153846153846,630.0,-0.000156305160657233,0.004403662730536162
3.6953602803449863,-0.9954858938362722,7.210420459914883,0.999,3.178,631.0,-0.000156305160657233,0.004403662730535274
3.6952121004076717,-0.9955010888057206,7.212817518449939,0.999,3.177857142857143,632.0,-0.00014817993731464085,0.002397058535056118
3.6950639204703566,-0.995516283775169,7.215214576984996,0.999,3.1777142857142855,633.0,-0.00014817993731508494,0.002397058535057006
3.694915740533042,-0.9955314787446174,7.217611635520052,0.999,3.1775714285714285,634.0,-0.00014817993731464085,0.002397058535056118
3.6947675605957273,-0.9955466737140658,7.220008694055109,0.999,3.1774285714285715,635.0,-0.00014817993731464085,0.002397058535057006
3.6946193806584122,-0.9955618686835143,7.2224057525901655,0.999,3.1772857142857145,636.0,-0.00014817993731508494,0.002397058535056118
3.6944712007210976,-0.9955770636529626,7.2248028111252225,0.999,3.177142857142857,637.0,-0.00014817993731464085,0.002397058535057006
3.694323020783783,-0.9955922586224111,7.227199869660279,0.999,3.177,638.0,-0.00014817993731464085,0.002397058535056118
3.694174840846468,-0.9956074535918595,7.229596928195335,0.999,3.176857142857143,639.0,-0.00014817993731508494,0.002397058535056118
3.694026660909153,-0.9956226485613079,7.231993986730392,0.999,3.1767142857142856,640.0,-0.00014817993731464085,0.002397058535057006
3.693878480971838,-0.9956378435307564,7.234391045265448,0.999,3.1765714285714286,641.0,-0.00014817993731508494,0.002397058535056118
3.6937303010345235,-0.9956530385002047,7.236788103800505,0.999,3.1764285714285716,642.0,-0.00014817993731464085,0.002397058535057006
3.693582121097209,-0.9956682334696532,7.239185162335561,0.999,3.1762857142857146,643.0,-0.00014817993731464085,0.002397058535056118
3.6934339411598938,-0.9956834284391015,7.241582220870618,0.999,3.176142857142857,644.0,-0.00014817993731508494,0.002397058535057006
3.693285761222579,-0.99569862340855,7.243979279405674,0.999,3.176,645.0,-0.00014817993731464085,0.002397058535056118
3.693111022284468,-0.9957605078220172,7.24630998378244,0.999,3.175846153846154,646.0,-0.0001747389381110409,0.0023307043767655244
3.692936283346357,-0.9958223922354844,7.248640688159205,0.999,3.175692307692308,647.0,-0.0001747389381110409,0.0023307043767655244
3.692761544408246,-0.9958842766489516,7.250971392535971,0.999,3.1755384615384616,648.0,-0.0001747389381110409,0.0023307043767655244
3.692586805470135,-0.995946161062419,7.253302096912736,0.999,3.1753846153846155,649.0,-0.0001747389381110409,0.0023307043767655244
3.692412066532024,-0.9960080454758862,7.255632801289502,0.999,3.1752307692307693,650.0,-0.0001747389381110409,0.0023307043767655244
3.692237327593913,-0.9960699298893534,7.257963505666267,0.999,3.175076923076923,651.0,-0.0001747389381110409,0.0023307043767655244
3.6920625886558023,-0.9961318143028206,7.260294210043033,0.999,3.174923076923077,652.0,-0.00017473893811059682,0.0023307043767655244
3.6918878497176912,-0.9961936987162878,7.262624914419798,0.999,3.174769230769231,653.0,-0.0001747389381110409,0.0023307043767655244
3.69171311077958,-0.996255583129755,7.264955618796564,0.999,3.1746153846153846,654.0,-0.0001747389381110409,0.0023307043767655244
3.691538371841469,-0.9963174675432224,7.267286323173329,0.999,3.1744615384615384,655.0,-0.0001747389381110409,0.0023307043767655244
3.691363632903358,-0.9963793519566896,7.269617027550095,0.999,3.1743076923076923,656.0,-0.0001747389381110409,0.0023307043767655244
3.691188893965247,-0.9964412363701568,7.27194773192686,0.999,3.174153846153846,657.0,-0.0001747389381110409,0.0023307043767655244
3.691014155027136,-0.996503120783624,7.274278436303626,0.999,3.174,658.0,-0.0001747389381110409,0.0023307043767655244
3.6908645702523755,-0.996544805691509,7.275245983933356,0.999,3.173857142857143,659.0,-0.00014958477476056942,0.0009675476297301699
3.6907149854776145,-0.996586490599394,7.276213531563086,0.999,3.1737142857142855,660.0,-0.0001495847747610135,0.0009675476297301699
3.6905654007028534,-0.996628175507279,7.277181079192817,0.999,3.1735714285714285,661.0,-0.0001495847747610135,0.0009675476297310581
3.690415815928093,-0.996669860415164,7.2781486268225475,0.999,3.1734285714285715,662.0,-0.00014958477476056942,0.0009675476297301699
3.6902662311533323,-0.9967115453230491,7.279116174452278,0.999,3.1732857142857145,663.0,-0.00014958477476056942,0.0009675476297301699
3.6901166463785713,-0.996753230230934,7.280083722082008,0.999,3.173142857142857,664.0,-0.0001495847747610135,0.0009675476297301699
3.6899670616038103,-0.996794915138819,7.281051269711738,0.999,3.173,665.0,-0.0001495847747610135,0.0009675476297301699
3.6898174768290497,-0.996836600046704,7.282018817341469,0.999,3.172857142857143,666.0,-0.00014958477476056942,0.0009675476297310581
3.689667892054289,-0.996878284954589,7.282986364971199,0.999,3.1727142857142856,667.0,-0.00014958477476056942,0.0009675476297301699
3.689518307279528,-0.996919969862474,7.283953912600929,0.999,3.1725714285714286,668.0,-0.0001495847747610135,0.0009675476297301699
3.689368722504767,-0.996961654770359,7.28492146023066,0.999,3.1724285714285716,669.0,-0.0001495847747610135,0.0009675476297301699
3.6892191377300065,-0.9970033396782441,7.285889007860391,0.999,3.1722857142857146,670.0,-0.00014958477476056942,0.0009675476297310581
3.689069552955246,-0.997045024586129,7.286856555490121,0.999,3.172142857142857,671.0,-0.00014958477476056942,0.0009675476297301699
3.688919968180485,-0.997086709494014,7.287824103119851,0.999,3.172,672.0,-0.0001495847747610135,0.0009675476297301699
3.6887432625228675,-0.9968868851154479,7.291099358348956,0.999,3.171846153846154,673.0,-0.0001767056576174042,0.0032752552291048787
3.6885665568652497,-0.9966870607368816,7.294374613578062,0.999,3.171692307692308,674.0,-0.0001767056576178483,0.003275255229105767
3.6883898512076323,-0.9964872363583155,7.2976498688071665,0.999,3.1715384615384616,675.0,-0.0001767056576174042,0.0032752552291048787
3.688213145550015,-0.9962874119797492,7.300925124036271,0.999,3.1713846153846155,676.0,-0.0001767056576174042,0.0032752552291048787
3.688036439892397,-0.9960875876011831,7.304200379265377,0.999,3.1712307692307693,677.0,-0.0001767056576178483,0.003275255229105767
3.6878597342347796,-0.9958877632226169,7.307475634494482,0.999,3.171076923076923,678.0,-0.0001767056576174042,0.0032752552291048787
3.6876830285771622,-0.9956879388440507,7.310750889723587,0.999,3.170923076923077,679.0,-0.0001767056576174042,0.0032752552291048787
3.687506322919545,-0.9954881144654845,7.314026144952692,0.999,3.170769230769231,680.0,-0.0001767056576174042,0.0032752552291048787
3.687329617261927,-0.9952882900869183,7.3173014001817975,0.999,3.1706153846153846,681.0,-0.0001767056576178483,0.003275255229105767
3.6871529116043096,-0.9950884657083521,7.320576655410902,0.999,3.1704615384615384,682.0,-0.0001767056576174042,0.0032752552291048787
3.686976205946692,-0.9948886413297859,7.323851910640007,0.999,3.1703076923076923,683.0,-0.0001767056576174042,0.0032752552291048787
3.6867995002890743,-0.9946888169512197,7.327127165869113,0.999,3.170153846153846,684.0,-0.0001767056576178483,0.003275255229105767
3.686622794631457,-0.9944889925726536,7.330402421098218,0.999,3.17,685.0,-0.0001767056576174042,0.0032752552291048787
3.6864891888204463,-0.9946769716995085,7.332283402450725,0.9989857142857143,3.169857142857143,686.0,-0.00013360581101062863,0.0018809813525066943
3.686355583009435,-0.9948649508263634,7.33416438380323,0.9989714285714286,3.1697142857142855,687.0,-0.00013360581101107272,0.0018809813525058061
3.6862219771984246,-0.9950529299532183,7.336045365155737,0.9989571428571429,3.1695714285714285,688.0,-0.00013360581101062863,0.0018809813525066943
3.6860883713874135,-0.9952409090800732,7.337926346508244,0.9989428571428571,3.1694285714285715,689.0,-0.00013360581101107272,0.0018809813525066943
3.685954765576403,-0.9954288882069282,7.3398073278607505,0.9989285714285714,3.1692857142857145,690.0,-0.00013360581101062863,0.0018809813525066943
3.685821159765392,-0.9956168673337831,7.341688309213256,0.9989142857142858,3.169142857142857,691.0,-0.00013360581101107272,0.0018809813525058061
3.685687553954381,-0.9958048464606379,7.343569290565763,0.9989,3.169,692.0,-0.00013360581101062863,0.0018809813525066943
3.6855539481433706,-0.9959928255874929,7.34545027191827,0.9988857142857143,3.168857142857143,693.0,-0.00013360581101062863,0.0018809813525066943
3.6854203423323595,-0.9961808047143479,7.3473312532707755,0.9988714285714286,3.1687142857142856,694.0,-0.00013360581101107272,0.0018809813525058061
3.685286736521349,-0.9963687838412028,7.349212234623282,0.9988571428571429,3.1685714285714286,695.0,-0.00013360581101062863,0.0018809813525066943
3.685153130710338,-0.9965567629680576,7.351093215975789,0.9988428571428571,3.1684285714285716,696.0,-0.00013360581101107272,0.0018809813525066943
3.685019524899327,-0.9967447420949126,7.352974197328296,0.9988285714285714,3.1682857142857146,697.0,-0.00013360581101062863,0.0018809813525066943
3.684885919088316,-0.9969327212217676,7.354855178680801,0.9988142857142858,3.168142857142857,698.0,-0.00013360581101107272,0.0018809813525058061
3.6847523132773055,-0.9971207003486224,7.356736160033308,0.9988,3.168,699.0,-0.00013360581101062863,0.0018809813525066943
3.6845859334124627,-0.9970490964463805,7.358756847311957,0.9988153846153847,3.167923076923077,700.0,-0.00016637986484280276,0.0020206872786490138
3.6844195535476194,-0.9969774925441386,7.360777534590606,0.9988307692307693,3.167846153846154,701.0,-0.00016637986484324685,0.0020206872786490138
3.6842531736827766,-0.9969058886418967,7.362798221869255,0.9988461538461538,3.1677692307692307,702.0,-0.00016637986484280276,0.0020206872786490138
3.684086793817934,-0.9968342847396549,7.364818909147904,0.9988615384615385,3.167692307692308,703.0,-0.00016637986484280276,0.0020206872786490138
3.6839204139530906,-0.9967626808374129,7.366839596426553,0.9988769230769231,3.1676153846153845,704.0,-0.00016637986484324685,0.0020206872786490138
3.6837540340882478,-0.996691076935171,7.368860283705202,0.9988923076923077,3.1675384615384616,705.0,-0.00016637986484280276,0.0020206872786490138
3.683587654223405,-0.9966194730329291,7.37088097098385,0.9989076923076923,3.1674615384615383,706.0,-0.00016637986484280276,0.0020206872786481256
3.683421274358562,-0.9965478691306872,7.372901658262499,0.9989230769230769,3.1673846153846155,707.0,-0.00016637986484280276,0.0020206872786490138
3.683254894493719,-0.9964762652284452,7.374922345541148,0.9989384615384616,3.167307692307692,708.0,-0.00016637986484324685,0.0020206872786490138
3.683088514628876,-0.9964046613262034,7.376943032819797,0.9989538461538462,3.1672307692307693,709.0,-0.00016637986484280276,0.0020206872786490138
3.6829221347640333,-0.9963330574239615,7.378963720098446,0.9989692307692307,3.167153846153846,710.0,-0.00016637986484280276,0.0020206872786490138
3.68275575489919,-0.9962614535217196,7.380984407377095,0.9989846153846154,3.167076923076923,711.0,-0.00016637986484324685,0.0020206872786490138
3.6825893750343472,-0.9961898496194777,7.383005094655744,0.999,3.167,712.0,-0.00016637986484280276,0.0020206872786490138
3.68243262525084,-0.9961823754162246,7.384043238931336,0.999,3.166769230769231,713.0,-0.00015674978350732616,0.0010381442755917902
3.6822758754673326,-0.9961749012129715,7.385081383206929,0.999,3.1665384615384613,714.0,-0.00015674978350732616,0.0010381442755926784
3.6821191256838253,-0.9961674270097185,7.386119527482521,0.999,3.1663076923076923,715.0,-0.00015674978350732616,0.0010381442755917902
3.6819623759003184,-0.9961599528064654,7.387157671758112,0.999,3.166076923076923,716.0,-0.00015674978350688207,0.0010381442755917902
3.681805626116811,-0.9961524786032123,7.388195816033705,0.999,3.1658461538461538,717.0,-0.00015674978350732616,0.0010381442755926784
3.6816488763333037,-0.9961450043999592,7.389233960309297,0.999,3.1656153846153847,718.0,-0.00015674978350732616,0.0010381442755917902
3.6814921265497964,-0.9961375301967063,7.390272104584889,0.999,3.1653846153846152,719.0,-0.00015674978350732616,0.0010381442755917902
3.681335376766289,-0.9961300559934532,7.3913102488604805,0.999,3.165153846153846,720.0,-0.00015674978350732616,0.0010381442755917902
3.6811786269827818,-0.9961225817902001,7.392348393136073,0.999,3.164923076923077,721.0,-0.00015674978350732616,0.0010381442755926784
3.681021877199275,-0.996115107586947,7.393386537411665,0.999,3.1646923076923077,722.0,-0.00015674978350688207,0.0010381442755917902
3.6808651274157675,-0.996107633383694,7.394424681687257,0.999,3.1644615384615387,723.0,-0.00015674978350732616,0.0010381442755917902
3.68070837763226,-0.9961001591804409,7.395462825962849,0.999,3.164230769230769,724.0,-0.00015674978350732616,0.0010381442755926784
3.680551627848753,-0.9960926849771878,7.396500970238441,0.999,3.164,725.0,-0.00015674978350732616,0.0010381442755917902
3.680416623494513,-0.9962080736938403,7.3981042282668374,0.999,3.1639285714285714,726.0,-0.0001350043542398538,0.0016032580283962261
3.6802816191402736,-0.9963234624104929,7.399707486295233,0.999,3.163857142857143,727.0,-0.0001350043542394097,0.001603258028395338
3.6801466147860338,-0.9964388511271453,7.401310744323629,0.999,3.1637857142857144,728.0,-0.0001350043542398538,0.0016032580283962261
3.6800116104317944,-0.9965542398437978,7.402914002352024,0.999,3.1637142857142857,729.0,-0.0001350043542394097,0.001603258028395338
3.6798766060775545,-0.9966696285604503,7.404517260380421,0.999,3.163642857142857,730.0,-0.0001350043542398538,0.0016032580283962261
3.679741601723315,-0.9967850172771028,7.406120518408816,0.999,3.1635714285714287,731.0,-0.0001350043542394097,0.001603258028395338
3.6796065973690752,-0.9969004059937553,7.407723776437212,0.999,3.1635,732.0,-0.0001350043542398538,0.0016032580283962261
3.6794715930148354,-0.9970157947104077,7.409327034465608,0.999,3.1634285714285713,733.0,-0.0001350043542398538,0.0016032580283962261
3.679336588660596,-0.9971311834270602,7.410930292494004,0.999,3.163357142857143,734.0,-0.0001350043542394097,0.001603258028395338
3.679201584306356,-0.9972465721437127,7.4125335505224,0.999,3.1632857142857143,735.0,-0.0001350043542398538,0.0016032580283962261
3.6790665799521167,-0.9973619608603652,7.414136808550795,0.999,3.1632142857142855,736.0,-0.0001350043542394097,0.001603258028395338
3.678931575597877,-0.9974773495770176,7.4157400665791915,0.999,3.163142857142857,737.0,-0.0001350043542398538,0.0016032580283962261
3.6787965712436375,-0.9975927382936701,7.417343324607587,0.999,3.1630714285714285,738.0,-0.0001350043542394097,0.001603258028395338
3.6786615668893976,-0.9977081270103226,7.418946582635983,0.999,3.163,739.0,-0.0001350043542398538,0.0016032580283962261
3.6785228107607306,-0.9978089380962355,7.421643063022862,0.999,3.162857142857143,740.0,-0.00013875612866698361,0.0026964803868789744
3.6783840546320636,-0.9979097491821485,7.42433954340974,0.999,3.1627142857142854,741.0,-0.00013875612866698361,0.0026964803868780862
3.678245298503397,-0.9980105602680613,7.427036023796619,0.999,3.1625714285714284,742.0,-0.00013875612866653952,0.0026964803868789744
3.67810654237473,-0.9981113713539742,7.429732504183498,0.999,3.1624285714285714,743.0,-0.00013875612866698361,0.0026964803868789744
3.677967786246063,-0.9982121824398871,7.432428984570376,0.999,3.1622857142857144,744.0,-0.00013875612866698361,0.0026964803868780862
3.677829030117396,-0.9983129935258,7.435125464957255,0.999,3.162142857142857,745.0,-0.00013875612866698361,0.0026964803868789744
3.6776902739887296,-0.9984138046117129,7.437821945344134,0.999,3.162,746.0,-0.00013875612866653952,0.0026964803868789744
3.6775515178600626,-0.9985146156976258,7.440518425731012,0.999,3.161857142857143,747.0,-0.00013875612866698361,0.0026964803868780862
3.6774127617313956,-0.9986154267835388,7.443214906117891,0.999,3.1617142857142855,748.0,-0.00013875612866698361,0.0026964803868789744
3.6772740056027287,-0.9987162378694516,7.445911386504769,0.999,3.1615714285714285,749.0,-0.00013875612866698361,0.0026964803868780862
3.6771352494740617,-0.9988170489553645,7.448607866891648,0.999,3.1614285714285715,750.0,-0.00013875612866698361,0.0026964803868789744
3.676996493345395,-0.9989178600412774,7.451304347278527,0.999,3.1612857142857145,751.0,-0.00013875612866653952,0.0026964803868789744
3.676857737216728,-0.9990186711271903,7.454000827665405,0.999,3.161142857142857,752.0,-0.00013875612866698361,0.0026964803868780862
3.676718981088061,-0.9991194822131032,7.456697308052284,0.999,3.161,753.0,-0.00013875612866698361,0.0026964803868789744
3.6765651279510982,-0.9989650631681141,7.456594590569442,0.999,3.160846153846154,754.0,-0.00015385313696292258,-0.00010271748284207405
3.6764112748141358,-0.9988106441231249,7.4564918730866,0.999,3.1606923076923077,755.0,-0.0001538531369624785,-0.00010271748284207405
3.676257421677173,-0.9986562250781358,7.456389155603758,0.999,3.1605384615384615,756.0,-0.00015385313696292258,-0.00010271748284207405
3.6761035685402104,-0.9985018060331468,7.456286438120916,0.999,3.1603846153846153,757.0,-0.0001538531369624785,-0.00010271748284207405
3.6759497154032474,-0.9983473869881576,7.456183720638074,0.999,3.160230769230769,758.0,-0.00015385313696292258,-0.00010271748284207405
3.6757958622662845,-0.9981929679431685,7.456081003155232,0.999,3.160076923076923,759.0,-0.00015385313696292258,-0.00010271748284207405
3.675642009129322,-0.9980385488981793,7.455978285672391,0.999,3.159923076923077,760.0,-0.0001538531369624785,-0.00010271748284118587
3.675488155992359,-0.9978841298531902,7.4558755681895486,0.999,3.1597692307692307,761.0,-0.00015385313696292258,-0.00010271748284207405
3.675334302855396,-0.997729710808201,7.4557728507067065,0.999,3.1596153846153845,762.0,-0.00015385313696292258,-0.00010271748284207405
3.6751804497184337,-0.997575291763212,7.455670133223864,0.999,3.1594615384615383,763.0,-0.0001538531369624785,-0.00010271748284207405
3.675026596581471,-0.9974208727182229,7.455567415741022,0.999,3.159307692307692,764.0,-0.00015385313696292258,-0.00010271748284207405
3.6748727434445083,-0.9972664536732337,7.45546469825818,0.999,3.159153846153846,765.0,-0.0001538531369624785,-0.00010271748284207405
3.6747188903075454,-0.9971120346282446,7.455361980775338,0.999,3.159,766.0,-0.00015385313696292258,-0.00010271748284207405
3.6745837090490756,-0.996967210807838,7.457681445868401,0.999,3.158857142857143,767.0,-0.00013518125846978535,0.0023194650930626892
3.6744485277906054,-0.9968223869874314,7.460000910961464,0.999,3.1587142857142854,768.0,-0.00013518125847022944,0.0023194650930626892
3.6743133465321356,-0.9966775631670247,7.462320376054526,0.999,3.1585714285714284,769.0,-0.00013518125846978535,0.0023194650930626892
3.674178165273666,-0.9965327393466181,7.464639841147589,0.999,3.1584285714285714,770.0,-0.00013518125846978535,0.0023194650930626892
3.6740429840151956,-0.9963879155262115,7.466959306240652,0.999,3.1582857142857144,771.0,-0.00013518125847022944,0.0023194650930626892
3.673907802756726,-0.9962430917058049,7.469278771333714,0.999,3.158142857142857,772.0,-0.00013518125846978535,0.0023194650930626892
3.673772621498256,-0.9960982678853982,7.471598236426777,0.999,3.158,773.0,-0.00013518125846978535,0.0023194650930626892
3.673637440239786,-0.9959534440649916,7.47391770151984,0.999,3.157857142857143,774.0,-0.00013518125847022944,0.0023194650930626892
3.673502258981316,-0.995808620244585,7.476237166612902,0.999,3.1577142857142855,775.0,-0.00013518125846978535,0.0023194650930626892
3.6733670777228458,-0.9956637964241785,7.478556631705965,0.999,3.1575714285714285,776.0,-0.00013518125847022944,0.0023194650930626892
3.673231896464376,-0.9955189726037719,7.480876096799028,0.999,3.1574285714285715,777.0,-0.00013518125846978535,0.0023194650930626892
3.673096715205906,-0.9953741487833652,7.4831955618920905,0.999,3.1572857142857145,778.0,-0.00013518125846978535,0.0023194650930626892
3.672961533947436,-0.9952293249629586,7.485515026985153,0.999,3.157142857142857,779.0,-0.00013518125847022944,0.0023194650930626892
3.672826352688966,-0.995084501142552,7.487834492078216,0.999,3.157,780.0,-0.00013518125846978535,0.0023194650930626892
3.6727017450352513,-0.9951730899334825,7.489451388012041,0.999,3.156923076923077,781.0,-0.00012460765371491433,0.001616895933825191
3.672577137381537,-0.9952616787244132,7.491068283945867,0.999,3.156846153846154,782.0,-0.00012460765371447025,0.001616895933826079
3.672452529727822,-0.9953502675153437,7.492685179879692,0.999,3.156769230769231,783.0,-0.00012460765371491433,0.001616895933825191
3.6723279220741074,-0.9954388563062744,7.494302075813518,0.999,3.1566923076923077,784.0,-0.00012460765371447025,0.001616895933826079
3.6722033144203925,-0.9955274450972049,7.495918971747344,0.999,3.156615384615385,785.0,-0.00012460765371491433,0.001616895933825191
3.672078706766678,-0.9956160338881355,7.49753586768117,0.999,3.1565384615384615,786.0,-0.00012460765371447025,0.001616895933826079
3.671954099112963,-0.9957046226790661,7.499152763614995,0.999,3.1564615384615387,787.0,-0.00012460765371491433,0.001616895933825191
3.6718294914592486,-0.9957932114699967,7.500769659548821,0.999,3.1563846153846153,788.0,-0.00012460765371447025,0.001616895933826079
3.6717048838055337,-0.9958818002609272,7.502386555482646,0.999,3.1563076923076925,789.0,-0.00012460765371491433,0.001616895933825191
3.6715802761518193,-0.9959703890518579,7.504003451416472,0.999,3.156230769230769,790.0,-0.00012460765371447025,0.001616895933826079
3.6714556684981043,-0.9960589778427884,7.505620347350297,0.999,3.1561538461538463,791.0,-0.00012460765371491433,0.001616895933825191
3.67133106084439,-0.9961475666337191,7.5072372432841235,0.999,3.156076923076923,792.0,-0.00012460765371447025,0.001616895933826079
3.671206453190675,-0.9962361554246496,7.508854139217949,0.999,3.156,793.0,-0.00012460765371491433,0.001616895933825191
3.6710525479350102,-0.9962475451593117,7.511968501253293,0.999,3.155857142857143,794.0,-0.00015390525566472135,0.003114362035343987
3.6708986426793455,-0.9962589348939738,7.5150828632886375,0.999,3.1557142857142857,795.0,-0.00015390525566472135,0.0031143620353448753
3.670744737423681,-0.9962703246286359,7.5181972253239815,0.999,3.1555714285714287,796.0,-0.00015390525566472135,0.003114362035343987
3.6705908321680156,-0.996281714363298,7.5213115873593255,0.999,3.1554285714285717,797.0,-0.00015390525566516544,0.003114362035343987
3.670436926912351,-0.9962931040979601,7.5244259493946695,0.999,3.1552857142857142,798.0,-0.00015390525566472135,0.003114362035343987
3.670283021656686,-0.9963044938326222,7.527540311430014,0.999,3.1551428571428572,799.0,-0.00015390525566472135,0.0031143620353448753
3.6701291164010215,-0.9963158835672843,7.530654673465358,0.999,3.1550000000000002,800.0,-0.00015390525566472135,0.003114362035343987
3.6699752111453567,-0.9963272733019464,7.533769035500702,0.999,3.154857142857143,801.0,-0.00015390525566472135,0.003114362035343987
3.669821305889692,-0.9963386630366085,7.536883397536047,0.999,3.154714285714286,802.0,-0.00015390525566472135,0.0031143620353448753
3.6696674006340273,-0.9963500527712705,7.539997759571391,0.999,3.1545714285714284,803.0,-0.00015390525566472135,0.003114362035343987
3.669513495378362,-0.9963614425059327,7.543112121606735,0.999,3.1544285714285714,804.0,-0.00015390525566516544,0.003114362035343987
3.6693595901226974,-0.9963728322405948,7.546226483642079,0.999,3.1542857142857144,805.0,-0.00015390525566472135,0.003114362035343987
3.6692056848670327,-0.9963842219752569,7.549340845677424,0.999,3.154142857142857,806.0,-0.00015390525566472135,0.0031143620353448753
3.669051779611368,-0.996395611709919,7.552455207712768,0.999,3.154,807.0,-0.00015390525566472135,0.003114362035343987
3.6689039307140177,-0.996293800845752,7.553275487125346,0.999,3.1538461538461537,808.0,-0.00014784889735031115,0.0008202794125775625
3.6687560818166673,-0.9961919899815851,7.554095766537922,0.999,3.1536923076923076,809.0,-0.00014784889735031115,0.0008202794125766744
3.668608232919317,-0.9960901791174182,7.5549160459505,0.999,3.1535384615384614,810.0,-0.00014784889735031115,0.0008202794125775625
3.6684603840219667,-0.9959883682532512,7.5557363253630765,0.999,3.1533846153846152,811.0,-0.00014784889735031115,0.0008202794125766744
3.6683125351246164,-0.9958865573890843,7.556556604775654,0.999,3.153230769230769,812.0,-0.00014784889735031115,0.0008202794125775625
3.668164686227266,-0.9957847465249173,7.557376884188232,0.999,3.153076923076923,813.0,-0.00014784889735031115,0.0008202794125775625
3.6680168373299162,-0.9956829356607504,7.558197163600808,0.999,3.152923076923077,814.0,-0.00014784889734986706,0.0008202794125766744
3.667868988432566,-0.9955811247965834,7.559017443013386,0.999,3.152769230769231,815.0,-0.00014784889735031115,0.0008202794125775625
3.6677211395352156,-0.9954793139324165,7.559837722425963,0.999,3.152615384615385,816.0,-0.00014784889735031115,0.0008202794125775625
3.6675732906378653,-0.9953775030682496,7.56065800183854,0.999,3.1524615384615386,817.0,-0.00014784889735031115,0.0008202794125766744
3.667425441740515,-0.9952756922040826,7.561478281251118,0.999,3.1523076923076925,818.0,-0.00014784889735031115,0.0008202794125775625
3.6672775928431647,-0.9951738813399157,7.562298560663694,0.999,3.1521538461538463,819.0,-0.00014784889735031115,0.0008202794125766744
3.6671297439458144,-0.9950720704757487,7.563118840076272,0.999,3.152,820.0,-0.00014784889735031115,0.0008202794125775625
3.666998986785745,-0.995203266393826,7.5637556982316605,0.999,3.151857142857143,821.0,-0.00013075716006927252,0.0006368581553886088
3.666868229625676,-0.9953344623119031,7.564392556387049,0.999,3.1517142857142857,822.0,-0.00013075716006927252,0.0006368581553886088
3.666737472465606,-0.9954656582299802,7.565029414542437,0.999,3.1515714285714287,823.0,-0.0001307571600697166,0.0006368581553877206
3.666606715305537,-0.9955968541480574,7.565666272697825,0.999,3.1514285714285717,824.0,-0.00013075716006927252,0.0006368581553886088
3.6664759581454676,-0.9957280500661346,7.566303130853214,0.999,3.1512857142857142,825.0,-0.00013075716006927252,0.0006368581553886088
3.6663452009853983,-0.9958592459842118,7.566939989008603,0.999,3.1511428571428572,826.0,-0.00013075716006927252,0.0006368581553886088
3.6662144438253286,-0.9959904419022889,7.567576847163991,0.999,3.1510000000000002,827.0,-0.0001307571600697166,0.0006368581553886088
3.6660836866652593,-0.9961216378203661,7.568213705319379,0.999,3.150857142857143,828.0,-0.00013075716006927252,0.0006368581553877206
3.66595292950519,-0.9962528337384433,7.568850563474768,0.999,3.150714285714286,829.0,-0.00013075716006927252,0.0006368581553886088
3.6658221723451208,-0.9963840296565205,7.569487421630156,0.999,3.1505714285714284,830.0,-0.00013075716006927252,0.0006368581553886088
3.6656914151850515,-0.9965152255745977,7.570124279785545,0.999,3.1504285714285714,831.0,-0.00013075716006927252,0.0006368581553886088
3.6655606580249818,-0.9966464214926748,7.5707611379409325,0.999,3.1502857142857144,832.0,-0.0001307571600697166,0.0006368581553877206
3.6654299008649125,-0.996777617410752,7.571397996096321,0.999,3.150142857142857,833.0,-0.00013075716006927252,0.0006368581553886088
3.665299143704843,-0.9969088133288292,7.57203485425171,0.999,3.15,834.0,-0.00013075716006927252,0.0006368581553886088
3.665166287713218,-0.9967936969086141,7.5730580552828215,0.999,3.1498461538461537,835.0,-0.0001328559916253802,0.0010232010311117534
3.6650334317215925,-0.996678580488399,7.574081256313934,0.999,3.1496923076923076,836.0,-0.0001328559916253802,0.0010232010311126416
3.664900575729967,-0.9965634640681839,7.575104457345046,0.999,3.1495384615384614,837.0,-0.0001328559916253802,0.0010232010311117534
3.6647677197383417,-0.9964483476479687,7.5761276583761585,0.999,3.1493846153846152,838.0,-0.0001328559916253802,0.0010232010311126416
3.6646348637467163,-0.9963332312277536,7.57715085940727,0.999,3.149230769230769,839.0,-0.0001328559916253802,0.0010232010311117534
3.664502007755091,-0.9962181148075385,7.578174060438383,0.999,3.149076923076923,840.0,-0.0001328559916253802,0.0010232010311126416
3.664369151763466,-0.9961029983873233,7.579197261469495,0.999,3.148923076923077,841.0,-0.0001328559916249361,0.0010232010311117534
3.6642362957718406,-0.9959878819671082,7.580220462500607,0.999,3.148769230769231,842.0,-0.0001328559916253802,0.0010232010311126416
3.6641034397802152,-0.9958727655468931,7.581243663531719,0.999,3.148615384615385,843.0,-0.0001328559916253802,0.0010232010311117534
3.66397058378859,-0.995757649126678,7.582266864562832,0.999,3.1484615384615386,844.0,-0.0001328559916253802,0.0010232010311126416
3.6638377277969645,-0.9956425327064629,7.5832900655939435,0.999,3.1483076923076925,845.0,-0.0001328559916253802,0.0010232010311117534
3.663704871805339,-0.9955274162862477,7.584313266625056,0.999,3.1481538461538463,846.0,-0.0001328559916253802,0.0010232010311126416
3.6635720158137137,-0.9954122998660326,7.585336467656168,0.999,3.148,847.0,-0.0001328559916253802,0.0010232010311117534
3.6634288836538094,-0.9953835108463159,7.585473440846699,0.999,3.147857142857143,848.0,-0.0001431321599043578,0.00013697319053118662
3.663285751493905,-0.9953547218265991,7.585610414037231,0.999,3.1477142857142857,849.0,-0.0001431321599043578,0.0001369731905320748
3.663142619334001,-0.9953259328068824,7.585747387227762,0.999,3.1475714285714287,850.0,-0.0001431321599039137,0.00013697319053118662
3.6629994871740967,-0.9952971437871657,7.5858843604182935,0.999,3.1474285714285717,851.0,-0.0001431321599043578,0.00013697319053118662
3.6628563550141924,-0.995268354767449,7.586021333608825,0.999,3.1472857142857142,852.0,-0.0001431321599043578,0.00013697319053118662
3.662713222854288,-0.9952395657477322,7.586158306799357,0.999,3.1471428571428572,853.0,-0.0001431321599043578,0.0001369731905320748
3.662570090694384,-0.9952107767280155,7.586295279989888,0.999,3.1470000000000002,854.0,-0.0001431321599039137,0.00013697319053118662
3.6624269585344797,-0.9951819877082988,7.586432253180419,0.999,3.146857142857143,855.0,-0.0001431321599043578,0.00013697319053118662
3.6622838263745754,-0.995153198688582,7.586569226370951,0.999,3.146714285714286,856.0,-0.0001431321599043578,0.0001369731905320748
3.662140694214671,-0.9951244096688653,7.586706199561482,0.999,3.1465714285714284,857.0,-0.0001431321599043578,0.00013697319053118662
3.6619975620547667,-0.9950956206491486,7.586843172752014,0.999,3.1464285714285714,858.0,-0.0001431321599043578,0.00013697319053118662
3.6618544298948628,-0.9950668316294319,7.586980145942545,0.999,3.1462857142857144,859.0,-0.0001431321599039137,0.00013697319053118662
3.6617112977349584,-0.9950380426097151,7.587117119133077,0.999,3.146142857142857,860.0,-0.0001431321599043578,0.0001369731905320748
3.661568165575054,-0.9950092535899984,7.587254092323608,0.999,3.146,861.0,-0.0001431321599043578,0.00013697319053118662
3.6614368858367814,-0.9950237185697508,7.589641739679488,0.999,3.145923076923077,862.0,-0.00013127973827264938,0.0023876473558797073
3.6613056060985087,-0.9950381835495034,7.592029387035368,0.999,3.1458461538461537,863.0,-0.00013127973827264938,0.0023876473558805955
3.661174326360236,-0.9950526485292558,7.594417034391248,0.999,3.145769230769231,864.0,-0.00013127973827264938,0.0023876473558797073
3.6610430466219634,-0.9950671135090083,7.596804681747129,0.999,3.1456923076923076,865.0,-0.00013127973827264938,0.0023876473558805955
3.660911766883691,-0.9950815784887608,7.599192329103008,0.999,3.1456153846153847,866.0,-0.00013127973827264938,0.0023876473558797073
3.660780487145418,-0.9950960434685132,7.601579976458888,0.999,3.1455384615384614,867.0,-0.00013127973827264938,0.0023876473558797073
3.660649207407146,-0.9951105084482658,7.603967623814769,0.999,3.1454615384615385,868.0,-0.0001312797382722053,0.0023876473558805955
3.6605179276688733,-0.9951249734280182,7.606355271170648,0.999,3.1453846153846152,869.0,-0.00013127973827264938,0.0023876473558797073
3.6603866479306006,-0.9951394384077706,7.608742918526528,0.999,3.1453076923076924,870.0,-0.00013127973827264938,0.0023876473558797073
3.660255368192328,-0.9951539033875232,7.611130565882409,0.999,3.145230769230769,871.0,-0.00013127973827264938,0.0023876473558805955
3.6601240884540553,-0.9951683683672756,7.613518213238288,0.999,3.145153846153846,872.0,-0.00013127973827264938,0.0023876473558797073
3.6599928087157827,-0.9951828333470282,7.615905860594169,0.999,3.145076923076923,873.0,-0.00013127973827264938,0.0023876473558805955
3.65986152897751,-0.9951972983267806,7.618293507950049,0.999,3.145,874.0,-0.00013127973827264938,0.0023876473558797073
3.659725830720253,-0.9952603393829882,7.620122602657989,0.999,3.144857142857143,875.0,-0.00013569825725712192,0.0018290947079400155
3.6595901324629962,-0.9953233804391958,7.62195169736593,0.999,3.1447142857142856,876.0,-0.00013569825725667783,0.0018290947079409037
3.659454434205739,-0.9953864214954032,7.62378079207387,0.999,3.1445714285714286,877.0,-0.00013569825725712192,0.0018290947079400155
3.6593187359484824,-0.9954494625516108,7.6256098867818105,0.999,3.1444285714285716,878.0,-0.00013569825725667783,0.0018290947079409037
3.6591830376912253,-0.9955125036078184,7.6274389814897505,0.999,3.144285714285714,879.0,-0.00013569825725712192,0.0018290947079400155
3.6590473394339686,-0.995575544664026,7.629268076197691,0.999,3.144142857142857,880.0,-0.00013569825725667783,0.0018290947079409037
3.6589116411767115,-0.9956385857202336,7.631097170905631,0.999,3.144,881.0,-0.00013569825725712192,0.0018290947079400155
3.6587759429194544,-0.995701626776441,7.6329262656135715,0.999,3.1438571428571427,882.0,-0.00013569825725712192,0.0018290947079400155
3.6586402446621977,-0.9957646678326486,7.634755360321512,0.999,3.1437142857142857,883.0,-0.00013569825725667783,0.0018290947079409037
3.6585045464049406,-0.9958277088888562,7.636584455029452,0.999,3.1435714285714282,884.0,-0.00013569825725712192,0.0018290947079400155
3.658368848147684,-0.9958907499450638,7.638413549737393,0.999,3.1434285714285712,885.0,-0.00013569825725667783,0.0018290947079409037
3.658233149890427,-0.9959537910012712,7.640242644445333,0.999,3.1432857142857142,886.0,-0.00013569825725712192,0.0018290947079400155
3.65809745163317,-0.9960168320574788,7.642071739153274,0.999,3.143142857142857,887.0,-0.00013569825725667783,0.0018290947079409037
3.657961753375913,-0.9960798731136864,7.643900833861214,0.999,3.143,888.0,-0.00013569825725712192,0.0018290947079400155
3.6578226046789104,-0.9961259660137938,7.643794419167928,0.999,3.1428461538461536,889.0,-0.00013914869700260013,-0.00010641469328653841
3.657683455981908,-0.996172058913901,7.64368800447464,0.999,3.1426923076923075,890.0,-0.00013914869700260013,-0.00010641469328742659
3.657544307284905,-0.9962181518140084,7.643581589781354,0.999,3.1425384615384613,891.0,-0.00013914869700260013,-0.00010641469328653841
3.657405158587902,-0.9962642447141157,7.643475175088066,0.999,3.142384615384615,892.0,-0.00013914869700304422,-0.00010641469328742659
3.6572660098908996,-0.996310337614223,7.64336876039478,0.999,3.142230769230769,893.0,-0.00013914869700260013,-0.00010641469328653841
3.657126861193897,-0.9963564305143303,7.643262345701493,0.999,3.1420769230769228,894.0,-0.00013914869700260013,-0.00010641469328653841
3.6569877124968944,-0.9964025234144377,7.643155931008206,0.999,3.141923076923077,895.0,-0.00013914869700260013,-0.00010641469328742659
3.6568485637998918,-0.996448616314545,7.643049516314919,0.999,3.141769230769231,896.0,-0.00013914869700260013,-0.00010641469328653841
3.656709415102889,-0.9964947092146523,7.642943101621633,0.999,3.1416153846153847,897.0,-0.00013914869700260013,-0.00010641469328653841
3.656570266405886,-0.9965408021147596,7.642836686928345,0.999,3.1414615384615385,898.0,-0.00013914869700304422,-0.00010641469328742659
3.6564311177088835,-0.996586895014867,7.642730272235059,0.999,3.1413076923076924,899.0,-0.00013914869700260013,-0.00010641469328653841
3.656291969011881,-0.9966329879149742,7.642623857541771,0.999,3.141153846153846,900.0,-0.00013914869700260013,-0.00010641469328742659
3.6561528203148783,-0.9966790808150816,7.642517442848485,0.999,3.141,901.0,-0.00013914869700260013,-0.00010641469328653841
3.6560208907566283,-0.9966681398297568,7.6436989138680485,0.999,3.1409285714285713,902.0,-0.00013192955825003239,0.0011814710195636735
3.6558889611983783,-0.9966571988444319,7.644880384887613,0.999,3.140857142857143,903.0,-0.00013192955825003239,0.0011814710195645617
3.655757031640128,-0.9966462578591071,7.646061855907177,0.999,3.1407857142857143,904.0,-0.00013192955825003239,0.0011814710195636735
3.6556251020818777,-0.9966353168737823,7.64724332692674,0.999,3.1407142857142856,905.0,-0.00013192955825047648,0.0011814710195636735
3.6554931725236277,-0.9966243758884574,7.648424797946304,0.999,3.1406428571428573,906.0,-0.00013192955825003239,0.0011814710195636735
3.6553612429653777,-0.9966134349031326,7.649606268965869,0.999,3.1405714285714286,907.0,-0.00013192955825003239,0.0011814710195645617
3.6552293134071276,-0.9966024939178078,7.650787739985432,0.999,3.1405000000000003,908.0,-0.00013192955825003239,0.0011814710195636735
3.6550973838488776,-0.996591552932483,7.651969211004996,0.999,3.1404285714285716,909.0,-0.00013192955825003239,0.0011814710195636735
3.6549654542906276,-0.9965806119471582,7.6531506820245605,0.999,3.140357142857143,910.0,-0.00013192955825003239,0.0011814710195645617
3.6548335247323775,-0.9965696709618334,7.654332153044124,0.999,3.1402857142857146,911.0,-0.00013192955825003239,0.0011814710195636735
3.654701595174127,-0.9965587299765085,7.655513624063688,0.999,3.140214285714286,912.0,-0.00013192955825047648,0.0011814710195636735
3.654569665615877,-0.9965477889911837,7.6566950950832515,0.999,3.140142857142857,913.0,-0.00013192955825003239,0.0011814710195636735
3.654437736057627,-0.9965368480058588,7.657876566102816,0.999,3.140071428571429,914.0,-0.00013192955825003239,0.0011814710195645617
3.654305806499377,-0.996525907020534,7.65905803712238,0.999,3.14,915.0,-0.00013192955825003239,0.0011814710195636735
3.654165307479421,-0.9965433607228333,7.6595364950458915,0.999,3.139846153846154,916.0,-0.00014049901995605296,0.00047845792351175476
3.654024808459465,-0.9965608144251328,7.660014952969404,0.999,3.139692307692308,917.0,-0.00014049901995605296,0.00047845792351264294
3.653884309439509,-0.9965782681274321,7.660493410892916,0.999,3.1395384615384616,918.0,-0.00014049901995605296,0.00047845792351175476
3.653743810419553,-0.9965957218297316,7.660971868816428,0.999,3.1393846153846154,919.0,-0.00014049901995560887,0.00047845792351175476
3.653603311399597,-0.9966131755320309,7.66145032673994,0.999,3.1392307692307693,920.0,-0.00014049901995605296,0.00047845792351264294
3.653462812379641,-0.9966306292343303,7.661928784663452,0.999,3.139076923076923,921.0,-0.00014049901995605296,0.00047845792351175476
3.653322313359685,-0.9966480829366297,7.662407242586964,0.999,3.138923076923077,922.0,-0.00014049901995605296,0.00047845792351175476
3.653181814339729,-0.9966655366389291,7.662885700510476,0.999,3.1387692307692308,923.0,-0.00014049901995605296,0.00047845792351175476
3.653041315319773,-0.9966829903412284,7.663364158433988,0.999,3.1386153846153846,924.0,-0.00014049901995605296,0.00047845792351264294
3.6529008162998173,-0.9967004440435279,7.6638426163575,0.999,3.1384615384615384,925.0,-0.00014049901995560887,0.00047845792351175476
3.6527603172798613,-0.9967178977458272,7.664321074281012,0.999,3.1383076923076922,926.0,-0.00014049901995605296,0.00047845792351175476
3.6526198182599052,-0.9967353514481266,7.664799532204524,0.999,3.138153846153846,927.0,-0.00014049901995605296,0.00047845792351264294
3.652479319239949,-0.996752805150426,7.665277990128036,0.999,3.138,928.0,-0.00014049901995605296,0.00047845792351175476
3.6523669733159103,-0.996715848855493,7.667108634774834,0.999,3.137857142857143,929.0,-0.00011234592403885912,0.001830644646798163
3.652254627391872,-0.99667889256056,7.668939279421633,0.999,3.1377142857142855,930.0,-0.00011234592403841503,0.0018306446467990511
3.652142281467833,-0.9966419362656269,7.6707699240684315,0.999,3.1375714285714285,931.0,-0.00011234592403885912,0.001830644646798163
3.652029935543794,-0.996604979970694,7.6726005687152306,0.999,3.1374285714285715,932.0,-0.00011234592403885912,0.0018306446467990511
3.6519175896197553,-0.996568023675761,7.674431213362029,0.999,3.1372857142857145,933.0,-0.00011234592403885912,0.001830644646798163
3.651805243695717,-0.996531067380828,7.676261858008828,0.999,3.137142857142857,934.0,-0.00011234592403841503,0.0018306446467990511
3.651692897771678,-0.9964941110858949,7.678092502655626,0.999,3.137,935.0,-0.00011234592403885912,0.001830644646798163
3.651580551847639,-0.996457154790962,7.679923147302424,0.999,3.136857142857143,936.0,-0.00011234592403885912,0.001830644646798163
3.6514682059236008,-0.996420198496029,7.681753791949223,0.999,3.1367142857142856,937.0,-0.00011234592403841503,0.0018306446467990511
3.651355859999562,-0.996383242201096,7.683584436596021,0.999,3.1365714285714286,938.0,-0.00011234592403885912,0.001830644646798163
3.651243514075523,-0.9963462859061629,7.68541508124282,0.999,3.1364285714285716,939.0,-0.00011234592403885912,0.0018306446467990511
3.651131168151484,-0.99630932961123,7.6872457258896185,0.999,3.1362857142857146,940.0,-0.00011234592403885912,0.001830644646798163
3.651018822227446,-0.996272373316297,7.689076370536418,0.999,3.136142857142857,941.0,-0.00011234592403841503,0.0018306446467990511
3.650906476303407,-0.996235417021364,7.690907015183216,0.999,3.136,942.0,-0.00011234592403885912,0.001830644646798163
3.6507804976055174,-0.9962142513792939,7.691481152404719,0.999,3.135846153846154,943.0,-0.00012597869788955052,0.0005741372215029017
3.650654518907628,-0.9961930857372238,7.6920552896262215,0.999,3.135692307692308,944.0,-0.00012597869788955052,0.0005741372215029017
3.6505285402097387,-0.9961719200951537,7.6926294268477236,0.999,3.1355384615384616,945.0,-0.00012597869788910643,0.0005741372215020135
3.650402561511849,-0.9961507544530835,7.6932035640692265,0.999,3.1353846153846154,946.0,-0.00012597869788955052,0.0005741372215029017
3.6502765828139596,-0.9961295888110134,7.693777701290729,0.999,3.1352307692307693,947.0,-0.00012597869788955052,0.0005741372215029017
3.65015060411607,-0.9961084231689433,7.694351838512232,0.999,3.135076923076923,948.0,-0.00012597869788955052,0.0005741372215029017
3.650024625418181,-0.9960872575268731,7.694925975733734,0.999,3.134923076923077,949.0,-0.00012597869788910643,0.0005741372215020135
3.6498986467202914,-0.996066091884803,7.695500112955237,0.999,3.1347692307692308,950.0,-0.00012597869788955052,0.0005741372215029017
3.649772668022402,-0.9960449262427329,7.69607425017674,0.999,3.1346153846153846,951.0,-0.00012597869788955052,0.0005741372215029017
3.6496466893245123,-0.9960237606006628,7.696648387398243,0.999,3.1344615384615384,952.0,-0.00012597869788955052,0.0005741372215029017
3.649520710626623,-0.9960025949585927,7.697222524619745,0.999,3.1343076923076922,953.0,-0.00012597869788910643,0.0005741372215020135
3.6493947319287336,-0.9959814293165226,7.697796661841248,0.999,3.134153846153846,954.0,-0.00012597869788955052,0.0005741372215029017
3.649268753230844,-0.9959602636744525,7.698370799062751,0.999,3.134,955.0,-0.00012597869788955052,0.0005741372215029017
3.649131425774972,-0.9958949742019727,7.698814931030857,0.999,3.133857142857143,956.0,-0.00013732745587224926,0.00044413196810655364
3.6489940983190996,-0.9958296847294928,7.699259062998964,0.999,3.1337142857142855,957.0,-0.00013732745587224926,0.00044413196810655364
3.648856770863228,-0.995764395257013,7.69970319496707,0.999,3.1335714285714285,958.0,-0.00013732745587180517,0.00044413196810566546
3.6487194434073555,-0.9956991057845332,7.700147326935176,0.999,3.1334285714285715,959.0,-0.00013732745587224926,0.00044413196810655364
3.6485821159514833,-0.9956338163120535,7.700591458903283,0.999,3.1332857142857145,960.0,-0.00013732745587224926,0.00044413196810655364
3.648444788495611,-0.9955685268395736,7.701035590871389,0.999,3.133142857142857,961.0,-0.00013732745587224926,0.00044413196810655364
3.6483074610397392,-0.9955032373670938,7.701479722839495,0.999,3.133,962.0,-0.00013732745587180517,0.00044413196810566546
3.648170133583867,-0.995437947894614,7.701923854807601,0.999,3.132857142857143,963.0,-0.00013732745587224926,0.00044413196810655364
3.6480328061279947,-0.9953726584221343,7.702367986775708,0.999,3.1327142857142856,964.0,-0.00013732745587224926,0.00044413196810655364
3.6478954786721225,-0.9953073689496544,7.7028121187438146,0.999,3.1325714285714286,965.0,-0.00013732745587224926,0.00044413196810655364
3.6477581512162502,-0.9952420794771746,7.703256250711921,0.999,3.1324285714285716,966.0,-0.00013732745587224926,0.00044413196810655364
3.6476208237603784,-0.9951767900046948,7.703700382680027,0.999,3.1322857142857146,967.0,-0.00013732745587180517,0.00044413196810566546
3.647483496304506,-0.9951115005322151,7.704144514648133,0.999,3.132142857142857,968.0,-0.00013732745587224926,0.00044413196810655364
3.647346168848634,-0.9950462110597352,7.70458864661624,0.999,3.132,969.0,-0.00013732745587224926,0.00044413196810655364
3.6472015135055846,-0.9951466350735313,7.706981457782154,0.999,3.131923076923077,970.0,-0.00014465534304930472,0.002392811165914388
3.6470568581625358,-0.9952470590873272,7.7093742689480695,0.999,3.131846153846154,971.0,-0.00014465534304886063,0.002392811165915276
3.6469122028194865,-0.9953474831011233,7.711767080113984,0.999,3.1317692307692306,972.0,-0.00014465534304930472,0.002392811165914388
3.6467675474764376,-0.9954479071149193,7.714159891279899,0.999,3.1316923076923078,973.0,-0.00014465534304886063,0.002392811165915276
3.6466228921333883,-0.9955483311287153,7.716552702445814,0.999,3.1316153846153845,974.0,-0.00014465534304930472,0.002392811165914388
3.646478236790339,-0.9956487551425113,7.718945513611729,0.999,3.1315384615384616,975.0,-0.00014465534304930472,0.002392811165915276
3.64633358144729,-0.9957491791563073,7.721338324777643,0.999,3.1314615384615383,976.0,-0.00014465534304886063,0.002392811165914388
3.646188926104241,-0.9958496031701033,7.7237311359435585,0.999,3.1313846153846154,977.0,-0.00014465534304930472,0.002392811165915276
3.6460442707611915,-0.9959500271838994,7.726123947109473,0.999,3.131307692307692,978.0,-0.00014465534304930472,0.002392811165914388
3.6458996154181427,-0.9960504511976953,7.728516758275388,0.999,3.1312307692307693,979.0,-0.00014465534304886063,0.002392811165915276
3.6457549600750934,-0.9961508752114914,7.730909569441303,0.999,3.131153846153846,980.0,-0.00014465534304930472,0.002392811165914388
3.6456103047320445,-0.9962512992252873,7.733302380607218,0.999,3.131076923076923,981.0,-0.00014465534304886063,0.002392811165915276
3.645465649388995,-0.9963517232390834,7.735695191773132,0.999,3.131,982.0,-0.00014465534304930472,0.002392811165914388
3.645357192000654,-0.9963965633422857,7.737286825669885,0.999,3.130857142857143,983.0,-0.00010845738834142082,0.0015916338967523203
3.645248734612313,-0.9964414034454878,7.738878459566636,0.999,3.1307142857142853,984.0,-0.00010845738834097673,0.001591633896751432
3.6451402772239714,-0.9964862435486901,7.740470093463388,0.999,3.1305714285714283,985.0,-0.00010845738834142082,0.0015916338967523203
3.64503181983563,-0.9965310836518924,7.742061727360141,0.999,3.1304285714285713,986.0,-0.00010845738834142082,0.0015916338967523203
3.644923362447289,-0.9965759237550945,7.743653361256893,0.999,3.1302857142857143,987.0,-0.00010845738834097673,0.0015916338967523203
3.6448149050589476,-0.9966207638582968,7.745244995153644,0.999,3.130142857142857,988.0,-0.00010845738834142082,0.001591633896751432
3.6447064476706066,-0.9966656039614991,7.746836629050397,0.999,3.13,989.0,-0.00010845738834097673,0.0015916338967523203
3.644597990282265,-0.9967104440647012,7.748428262947149,0.999,3.129857142857143,990.0,-0.00010845738834142082,0.0015916338967523203
3.6444895328939237,-0.9967552841679035,7.7500198968439005,0.999,3.1297142857142854,991.0,-0.00010845738834142082,0.001591633896751432
3.6443810755055828,-0.9968001242711056,7.751611530740653,0.999,3.1295714285714284,992.0,-0.00010845738834097673,0.0015916338967523203
3.6442726181172413,-0.9968449643743079,7.753203164637405,0.999,3.1294285714285714,993.0,-0.00010845738834142082,0.0015916338967523203
3.6441641607289,-0.9968898044775102,7.754794798534157,0.999,3.1292857142857144,994.0,-0.00010845738834142082,0.0015916338967523203
3.644055703340559,-0.9969346445807123,7.756386432430909,0.999,3.129142857142857,995.0,-0.00010845738834097673,0.001591633896751432
3.6439472459522175,-0.9969794846839146,7.757978066327661,0.999,3.129,996.0,-0.00010845738834142082,0.0015916338967523203
3.643805185074716,-0.9970805949796586,7.75849809326163,0.999,3.128923076923077,997.0,-0.00014206087750157081,0.0005200269339686869
3.6436631241972144,-0.9971817052754027,7.7590181201955986,0.999,3.128846153846154,998.0,-0.00014206087750157081,0.0005200269339686869
3.6435210633197133,-0.9972828155711467,7.759538147129567,0.999,3.128769230769231,999.0,-0.00014206087750112673,0.0005200269339686869
3.6433790024422117,-0.9973839258668908,7.760058174063536,0.999,3.1286923076923077,1000.0,-0.00014206087750157081,0.0005200269339686869
3.64323694156471,-0.9974850361626348,7.760578200997505,0.999,3.128615384615385,1001.0,-0.00014206087750157081,0.0005200269339686869
3.6430948806872085,-0.9975861464583788,7.761098227931473,0.999,3.1285384615384615,1002.0,-0.00014206087750157081,0.0005200269339686869
3.6429528198097074,-0.997687256754123,7.761618254865441,0.999,3.1284615384615386,1003.0,-0.00014206087750112673,0.0005200269339677988
3.642810758932206,-0.997788367049867,7.76213828179941,0.999,3.1283846153846153,1004.0,-0.00014206087750157081,0.0005200269339686869
3.6426686980547043,-0.997889477345611,7.7626583087333785,0.999,3.1283076923076925,1005.0,-0.00014206087750157081,0.0005200269339686869
3.6425266371772027,-0.9979905876413551,7.763178335667347,0.999,3.128230769230769,1006.0,-0.00014206087750157081,0.0005200269339686869
3.6423845762997016,-0.9980916979370991,7.763698362601316,0.999,3.1281538461538463,1007.0,-0.00014206087750112673,0.0005200269339686869
3.6422425154222,-0.9981928082328432,7.7642183895352845,0.999,3.128076923076923,1008.0,-0.00014206087750157081,0.0005200269339686869
3.6421004545446984,-0.9982939185285872,7.764738416469253,0.999,3.128,1009.0,-0.00014206087750157081,0.0005200269339686869
3.6419677266548147,-0.9981372583345565,7.7658455075609485,0.999,3.127857142857143,1010.0,-0.00013272788988372142,0.001107091091695267
3.641834998764931,-0.9979805981405256,7.766952598652644,0.999,3.1277142857142857,1011.0,-0.00013272788988372142,0.001107091091695267
3.6417022708750473,-0.9978239379464949,7.768059689744339,0.999,3.1275714285714287,1012.0,-0.00013272788988372142,0.001107091091695267
3.6415695429851636,-0.9976672777524642,7.769166780836034,0.999,3.1274285714285717,1013.0,-0.00013272788988372142,0.001107091091695267
3.64143681509528,-0.9975106175584335,7.77027387192773,0.999,3.1272857142857142,1014.0,-0.00013272788988372142,0.001107091091695267
3.641304087205396,-0.9973539573644027,7.771380963019425,0.999,3.1271428571428572,1015.0,-0.00013272788988372142,0.001107091091695267
3.6411713593155124,-0.997197297170372,7.772488054111121,0.999,3.1270000000000002,1016.0,-0.00013272788988372142,0.0011070910916961552
3.6410386314256282,-0.9970406369763413,7.773595145202816,0.999,3.126857142857143,1017.0,-0.0001327278898841655,0.001107091091695267
3.6409059035357445,-0.9968839767823104,7.7747022362945115,0.999,3.126714285714286,1018.0,-0.00013272788988372142,0.001107091091695267
3.640773175645861,-0.9967273165882797,7.775809327386207,0.999,3.1265714285714283,1019.0,-0.00013272788988372142,0.001107091091695267
3.640640447755977,-0.996570656394249,7.776916418477902,0.999,3.1264285714285713,1020.0,-0.00013272788988372142,0.001107091091695267
3.6405077198660933,-0.9964139962002183,7.778023509569597,0.999,3.1262857142857143,1021.0,-0.00013272788988372142,0.001107091091695267
3.6403749919762096,-0.9962573360061875,7.779130600661293,0.999,3.126142857142857,1022.0,-0.00013272788988372142,0.001107091091695267
3.640242264086326,-0.9961006758121568,7.780237691752988,0.999,3.126,1023.0,-0.00013272788988372142,0.001107091091695267
3.6401180540094416,-0.9961109343292172,7.782025945211175,0.999,3.1258461538461537,1024.0,-0.0001242100768843457,0.0017882534581872278
3.639993843932557,-0.9961211928462775,7.783814198669362,0.999,3.1256923076923075,1025.0,-0.0001242100768843457,0.0017882534581872278
3.639869633855673,-0.996131451363338,7.785602452127549,0.999,3.1255384615384614,1026.0,-0.0001242100768843457,0.0017882534581863396
3.639745423778789,-0.9961417098803984,7.787390705585736,0.999,3.125384615384615,1027.0,-0.00012421007688390162,0.0017882534581872278
3.6396212137019046,-0.9961519683974588,7.789178959043923,0.999,3.125230769230769,1028.0,-0.0001242100768843457,0.0017882534581872278
3.6394970036250203,-0.9961622269145192,7.79096721250211,0.999,3.125076923076923,1029.0,-0.0001242100768843457,0.0017882534581872278
3.639372793548136,-0.9961724854315797,7.792755465960297,0.999,3.124923076923077,1030.0,-0.0001242100768843457,0.0017882534581863396
3.6392485834712516,-0.99618274394864,7.794543719418484,0.999,3.124769230769231,1031.0,-0.0001242100768843457,0.0017882534581872278
3.6391243733943672,-0.9961930024657004,7.796331972876671,0.999,3.124615384615385,1032.0,-0.0001242100768843457,0.0017882534581872278
3.6390001633174833,-0.9962032609827608,7.798120226334858,0.999,3.1244615384615386,1033.0,-0.00012421007688390162,0.0017882534581872278
3.638875953240599,-0.9962135194998213,7.799908479793045,0.999,3.1243076923076925,1034.0,-0.0001242100768843457,0.0017882534581863396
3.6387517431637146,-0.9962237780168817,7.801696733251232,0.999,3.1241538461538463,1035.0,-0.0001242100768843457,0.0017882534581872278
3.6386275330868303,-0.996234036533942,7.803484986709419,0.999,3.124,1036.0,-0.0001242100768843457,0.0017882534581872278
3.638515831636365,-0.9962593210431969,7.805763332022801,0.999,3.123857142857143,1037.0,-0.00011170145046524027,0.002278345313381891
3.6384041301858994,-0.9962846055524517,7.808041677336184,0.999,3.1237142857142857,1038.0,-0.00011170145046568436,0.002278345313382779
3.6382924287354337,-0.9963098900617066,7.810320022649566,0.999,3.1235714285714287,1039.0,-0.00011170145046568436,0.002278345313381891
3.6381807272849684,-0.9963351745709613,7.812598367962948,0.999,3.1234285714285717,1040.0,-0.00011170145046524027,0.002278345313381891
3.638069025834503,-0.9963604590802162,7.81487671327633,0.999,3.123285714285714,1041.0,-0.00011170145046524027,0.002278345313382779
3.6379573243840375,-0.996385743589471,7.817155058589712,0.999,3.123142857142857,1042.0,-0.00011170145046568436,0.002278345313381891
3.637845622933572,-0.9964110280987258,7.819433403903094,0.999,3.123,1043.0,-0.00011170145046568436,0.002278345313381891
3.6377339214831066,-0.9964363126079807,7.821711749216477,0.999,3.1228571428571428,1044.0,-0.00011170145046524027,0.002278345313382779
3.6376222200326414,-0.9964615971172355,7.823990094529859,0.999,3.1227142857142858,1045.0,-0.00011170145046524027,0.002278345313381891
3.6375105185821757,-0.9964868816264904,7.826268439843242,0.999,3.1225714285714283,1046.0,-0.00011170145046568436,0.002278345313382779
3.63739881713171,-0.9965121661357451,7.8285467851566235,0.999,3.1224285714285713,1047.0,-0.00011170145046568436,0.002278345313381891
3.6372871156812447,-0.996537450645,7.830825130470005,0.999,3.1222857142857143,1048.0,-0.00011170145046524027,0.002278345313381891
3.6371754142307795,-0.9965627351542548,7.833103475783388,0.999,3.122142857142857,1049.0,-0.00011170145046524027,0.002278345313382779
3.637063712780314,-0.9965880196635096,7.83538182109677,0.999,3.122,1050.0,-0.00011170145046568436,0.002278345313381891
3.6369213197642334,-0.9966718471171987,7.836501329287358,0.999,3.121923076923077,1051.0,-0.0001423930160804332,0.0011195081905883697
3.636778926748153,-0.9967556745708878,7.837620837477947,0.999,3.1218461538461537,1052.0,-0.0001423930160804332,0.0011195081905883697
3.6366365337320725,-0.9968395020245769,7.838740345668535,0.999,3.121769230769231,1053.0,-0.0001423930160804332,0.0011195081905883697
3.636494140715992,-0.996923329478266,7.839859853859124,0.999,3.1216923076923075,1054.0,-0.0001423930160804332,0.0011195081905892579
3.6363517476999117,-0.9970071569319551,7.840979362049713,0.999,3.1216153846153847,1055.0,-0.0001423930160804332,0.0011195081905883697
3.636209354683831,-0.9970909843856441,7.842098870240301,0.999,3.1215384615384614,1056.0,-0.0001423930160804332,0.0011195081905883697
3.636066961667751,-0.9971748118393333,7.8432183784308895,0.999,3.1214615384615385,1057.0,-0.0001423930160804332,0.0011195081905883697
3.6359245686516704,-0.9972586392930224,7.844337886621478,0.999,3.121384615384615,1058.0,-0.0001423930160804332,0.0011195081905883697
3.63578217563559,-0.9973424667467115,7.845457394812066,0.999,3.1213076923076923,1059.0,-0.0001423930160804332,0.0011195081905883697
3.6356397826195095,-0.9974262942004005,7.8465769030026555,0.999,3.121230769230769,1060.0,-0.0001423930160804332,0.0011195081905892579
3.635497389603429,-0.9975101216540897,7.847696411193244,0.999,3.121153846153846,1061.0,-0.0001423930160804332,0.0011195081905883697
3.6353549965873486,-0.9975939491077788,7.848815919383832,0.999,3.121076923076923,1062.0,-0.0001423930160804332,0.0011195081905883697
3.635212603571268,-0.9976777765614678,7.849935427574421,0.999,3.121,1063.0,-0.0001423930160804332,0.0011195081905883697
3.63510286368976,-0.9977067407483151,7.850952947439932,0.999,3.1209285714285713,1064.0,-0.00010973988150819736,0.0010175198655115736
3.634993123808252,-0.9977357049351625,7.851970467305443,0.999,3.120857142857143,1065.0,-0.00010973988150819736,0.0010175198655106854
3.6348833839267436,-0.9977646691220098,7.8529879871709545,0.999,3.1207857142857143,1066.0,-0.00010973988150819736,0.0010175198655115736
3.6347736440452354,-0.9977936333088572,7.854005507036465,0.999,3.1207142857142856,1067.0,-0.00010973988150819736,0.0010175198655106854
3.634663904163727,-0.9978225974957045,7.855023026901977,0.999,3.1206428571428573,1068.0,-0.00010973988150819736,0.0010175198655115736
3.634554164282219,-0.9978515616825518,7.856040546767487,0.999,3.1205714285714286,1069.0,-0.00010973988150819736,0.0010175198655106854
3.6344444244007104,-0.9978805258693991,7.857058066632999,0.999,3.1205000000000003,1070.0,-0.00010973988150864145,0.0010175198655115736
3.634334684519202,-0.9979094900562464,7.858075586498511,0.999,3.1204285714285716,1071.0,-0.00010973988150819736,0.0010175198655115736
3.634224944637694,-0.9979384542430938,7.859093106364021,0.999,3.120357142857143,1072.0,-0.00010973988150819736,0.0010175198655106854
3.6341152047561858,-0.9979674184299411,7.860110626229533,0.999,3.1202857142857146,1073.0,-0.00010973988150819736,0.0010175198655115736
3.6340054648746776,-0.9979963826167885,7.8611281460950435,0.999,3.120214285714286,1074.0,-0.00010973988150819736,0.0010175198655106854
3.6338957249931694,-0.9980253468036357,7.862145665960555,0.999,3.120142857142857,1075.0,-0.00010973988150819736,0.0010175198655115736
3.633785985111661,-0.9980543109904831,7.863163185826066,0.999,3.120071428571429,1076.0,-0.00010973988150819736,0.0010175198655106854
3.633676245230153,-0.9980832751773304,7.864180705691577,0.999,3.12,1077.0,-0.00010973988150819736,0.0010175198655115736
3.6335434811700464,-0.9979900835625254,7.865507727456613,0.999,3.119846153846154,1078.0,-0.0001327640601065383,0.0013270217650358518
3.6334107171099403,-0.9978968919477205,7.866834749221649,0.999,3.1196923076923078,1079.0,-0.0001327640601060942,0.0013270217650358518
3.633277953049834,-0.9978037003329154,7.868161770986685,0.999,3.1195384615384616,1080.0,-0.0001327640601065383,0.0013270217650358518
3.6331451889897277,-0.9977105087181105,7.869488792751721,0.999,3.1193846153846154,1081.0,-0.0001327640601060942,0.0013270217650358518
3.633012424929621,-0.9976173171033055,7.870815814516757,0.999,3.1192307692307693,1082.0,-0.0001327640601065383,0.0013270217650358518
3.6328796608695146,-0.9975241254885004,7.8721428362817925,0.999,3.119076923076923,1083.0,-0.0001327640601065383,0.0013270217650358518
3.6327468968094085,-0.9974309338736955,7.873469858046828,0.999,3.118923076923077,1084.0,-0.0001327640601060942,0.0013270217650358518
3.632614132749302,-0.9973377422588905,7.874796879811864,0.999,3.1187692307692307,1085.0,-0.0001327640601065383,0.0013270217650358518
3.6324813686891955,-0.9972445506440855,7.8761239015769,0.999,3.1186153846153846,1086.0,-0.0001327640601065383,0.0013270217650358518
3.6323486046290894,-0.9971513590292805,7.877450923341936,0.999,3.1184615384615384,1087.0,-0.0001327640601060942,0.0013270217650358518
3.632215840568983,-0.9970581674144755,7.878777945106972,0.999,3.1183076923076922,1088.0,-0.0001327640601065383,0.0013270217650358518
3.6320830765088767,-0.9969649757996706,7.880104966872008,0.999,3.118153846153846,1089.0,-0.0001327640601060942,0.0013270217650358518
3.63195031244877,-0.9968717841848656,7.881431988637043,0.999,3.118,1090.0,-0.0001327640601065383,0.0013270217650358518
3.6318455876697637,-0.9969800647641864,7.883629989548448,0.9989857142857143,3.1177142857142854,1091.0,-0.00010472477900647092,0.0021980009114042076
3.631740862890757,-0.9970883453435074,7.885827990459851,0.9989714285714286,3.1174285714285714,1092.0,-0.00010472477900691501,0.0021980009114033194
3.6316361381117503,-0.9971966259228283,7.888025991371255,0.9989571428571429,3.117142857142857,1093.0,-0.00010472477900647092,0.0021980009114042076
3.6315314133327434,-0.9973049065021493,7.8902239922826585,0.9989428571428571,3.1168571428571425,1094.0,-0.00010472477900691501,0.0021980009114033194
3.631426688553737,-0.9974131870814702,7.892421993194063,0.9989285714285714,3.1165714285714285,1095.0,-0.00010472477900647092,0.0021980009114042076
3.63132196377473,-0.9975214676607912,7.894619994105466,0.9989142857142858,3.116285714285714,1096.0,-0.00010472477900691501,0.0021980009114033194
3.6312172389957236,-0.9976297482401121,7.89681799501687,0.9989,3.116,1097.0,-0.00010472477900647092,0.0021980009114042076
3.631112514216717,-0.997738028819433,7.899015995928274,0.9988857142857143,3.1157142857142857,1098.0,-0.00010472477900647092,0.0021980009114042076
3.63100778943771,-0.997846309398754,7.901213996839678,0.9988714285714286,3.115428571428571,1099.0,-0.00010472477900691501,0.0021980009114033194
3.6309030646587037,-0.9979545899780748,7.903411997751082,0.9988571428571429,3.115142857142857,1100.0,-0.00010472477900647092,0.0021980009114042076
3.630798339879697,-0.9980628705573958,7.905609998662485,0.9988428571428571,3.1148571428571428,1101.0,-0.00010472477900691501,0.0021980009114033194
3.6306936151006903,-0.9981711511367167,7.9078079995738895,0.9988285714285714,3.1145714285714283,1102.0,-0.00010472477900647092,0.0021980009114042076
3.6305888903216834,-0.9982794317160377,7.910006000485293,0.9988142857142858,3.1142857142857143,1103.0,-0.00010472477900691501,0.0021980009114033194
3.630484165542677,-0.9983877122953586,7.912204001396697,0.9988,3.114,1104.0,-0.00010472477900647092,0.0021980009114042076
3.6303543158587543,-0.9981885007960597,7.913682713228637,0.9988153846153847,3.1138461538461537,1105.0,-0.00012984968392260043,0.0014787118319397052
3.6302244661748317,-0.9979892892967609,7.9151614250605755,0.9988307692307693,3.1136923076923075,1106.0,-0.00012984968392260043,0.001478711831938817
3.6300946164909087,-0.997790077797462,7.916640136892515,0.9988461538461538,3.1135384615384614,1107.0,-0.00012984968392304452,0.0014787118319397052
3.629964766806986,-0.9975908662981631,7.918118848724454,0.9988615384615385,3.113384615384615,1108.0,-0.00012984968392260043,0.001478711831938817
3.6298349171230635,-0.9973916547988643,7.919597560556394,0.9988769230769231,3.113230769230769,1109.0,-0.00012984968392260043,0.0014787118319397052
3.629705067439141,-0.9971924432995654,7.921076272388333,0.9988923076923077,3.113076923076923,1110.0,-0.00012984968392260043,0.001478711831938817
3.629575217755218,-0.9969932318002664,7.922554984220272,0.9989076923076923,3.112923076923077,1111.0,-0.00012984968392304452,0.0014787118319397052
3.6294453680712953,-0.9967940203009675,7.924033696052211,0.9989230769230769,3.112769230769231,1112.0,-0.00012984968392260043,0.001478711831938817
3.6293155183873727,-0.9965948088016687,7.925512407884151,0.9989384615384616,3.112615384615385,1113.0,-0.00012984968392260043,0.0014787118319397052
3.62918566870345,-0.9963955973023698,7.92699111971609,0.9989538461538462,3.1124615384615386,1114.0,-0.00012984968392260043,0.001478711831938817
3.629055819019527,-0.9961963858030709,7.928469831548029,0.9989692307692307,3.1123076923076924,1115.0,-0.00012984968392304452,0.0014787118319397052
3.6289259693356044,-0.9959971743037721,7.929948543379968,0.9989846153846154,3.1121538461538463,1116.0,-0.00012984968392260043,0.001478711831938817
3.628796119651682,-0.9957979628044732,7.931427255211908,0.999,3.112,1117.0,-0.00012984968392260043,0.0014787118319397052
3.628676542037801,-0.9958070703961198,7.932279208562846,0.999,3.1119285714285714,1118.0,-0.00011957761388092791,0.0008519533509385724
3.6285569644239204,-0.9958161779877664,7.933131161913785,0.999,3.111857142857143,1119.0,-0.00011957761388048382,0.0008519533509385724
3.6284373868100395,-0.9958252855794131,7.9339831152647236,0.999,3.1117857142857144,1120.0,-0.00011957761388092791,0.0008519533509385724
3.6283178091961585,-0.9958343931710596,7.934835068615661,0.999,3.1117142857142857,1121.0,-0.00011957761388092791,0.0008519533509376842
3.628198231582278,-0.9958435007627062,7.9356870219666,0.999,3.1116428571428574,1122.0,-0.00011957761388048382,0.0008519533509385724
3.628078653968397,-0.9958526083543529,7.936538975317538,0.999,3.1115714285714287,1123.0,-0.00011957761388092791,0.0008519533509385724
3.6279590763545166,-0.9958617159459995,7.937390928668477,0.999,3.1115000000000004,1124.0,-0.00011957761388048382,0.0008519533509385724
3.6278394987406357,-0.9958708235376461,7.9382428820194155,0.999,3.1114285714285717,1125.0,-0.00011957761388092791,0.0008519533509385724
3.627719921126755,-0.9958799311292927,7.939094835370354,0.999,3.111357142857143,1126.0,-0.00011957761388092791,0.0008519533509385724
3.6276003435128743,-0.9958890387209394,7.939946788721293,0.999,3.1112857142857147,1127.0,-0.00011957761388048382,0.0008519533509385724
3.6274807658989934,-0.9958981463125859,7.94079874207223,0.999,3.111214285714286,1128.0,-0.00011957761388092791,0.0008519533509376842
3.6273611882851124,-0.9959072539042325,7.941650695423169,0.999,3.111142857142857,1129.0,-0.00011957761388092791,0.0008519533509385724
3.627241610671232,-0.9959163614958791,7.9425026487741075,0.999,3.111071428571429,1130.0,-0.00011957761388048382,0.0008519533509385724
3.627122033057351,-0.9959254690875258,7.943354602125046,0.999,3.111,1131.0,-0.00011957761388092791,0.0008519533509385724
3.62701088551126,-0.9957794964165284,7.9440297446861985,0.999,3.110923076923077,1132.0,-0.00011114754609087285,0.0006751425611524198
3.6268997379651693,-0.995633523745531,7.94470488724735,0.999,3.110846153846154,1133.0,-0.00011114754609087285,0.0006751425611515316
3.6267885904190784,-0.9954875510745337,7.945380029808502,0.999,3.1107692307692307,1134.0,-0.00011114754609087285,0.0006751425611524198
3.626677442872988,-0.9953415784035363,7.946055172369655,0.999,3.110692307692308,1135.0,-0.00011114754609042876,0.0006751425611524198
3.626566295326897,-0.995195605732539,7.946730314930806,0.999,3.1106153846153846,1136.0,-0.00011114754609087285,0.0006751425611515316
3.6264551477808062,-0.9950496330615416,7.947405457491959,0.999,3.1105384615384617,1137.0,-0.00011114754609087285,0.0006751425611524198
3.6263440002347154,-0.9949036603905442,7.948080600053111,0.999,3.1104615384615384,1138.0,-0.00011114754609087285,0.0006751425611524198
3.6262328526886245,-0.9947576877195469,7.948755742614264,0.999,3.1103846153846155,1139.0,-0.00011114754609087285,0.0006751425611524198
3.6261217051425336,-0.9946117150485495,7.949430885175415,0.999,3.110307692307692,1140.0,-0.00011114754609087285,0.0006751425611515316
3.626010557596443,-0.9944657423775521,7.950106027736568,0.999,3.1102307692307694,1141.0,-0.00011114754609042876,0.0006751425611524198
3.6258994100503523,-0.9943197697065548,7.95078117029772,0.999,3.110153846153846,1142.0,-0.00011114754609087285,0.0006751425611524198
3.6257882625042614,-0.9941737970355574,7.9514563128588716,0.999,3.110076923076923,1143.0,-0.00011114754609087285,0.0006751425611515316
3.6256771149581706,-0.99402782436456,7.952131455420024,0.999,3.11,1144.0,-0.00011114754609087285,0.0006751425611524198
3.625558119273761,-0.994146727192067,7.953003506388603,0.999,3.109928571428571,1145.0,-0.00011899568440965069,0.0008720509685788969
3.6254391235893513,-0.9942656300195739,7.953875557357181,0.999,3.109857142857143,1146.0,-0.00011899568440965069,0.0008720509685780087
3.6253201279049416,-0.9943845328470808,7.95474760832576,0.999,3.109785714285714,1147.0,-0.00011899568440965069,0.0008720509685788969
3.6252011322205315,-0.9945034356745878,7.955619659294338,0.999,3.1097142857142854,1148.0,-0.00011899568441009478,0.0008720509685780087
3.625082136536122,-0.9946223385020947,7.956491710262917,0.999,3.109642857142857,1149.0,-0.00011899568440965069,0.0008720509685788969
3.6249631408517122,-0.9947412413296016,7.957363761231495,0.999,3.1095714285714284,1150.0,-0.00011899568440965069,0.0008720509685780087
3.6248441451673026,-0.9948601441571086,7.958235812200074,0.999,3.1095,1151.0,-0.00011899568440965069,0.0008720509685788969
3.624725149482893,-0.9949790469846156,7.9591078631686525,0.999,3.1094285714285714,1152.0,-0.00011899568440965069,0.0008720509685788969
3.6246061537984833,-0.9950979498121225,7.9599799141372305,0.999,3.1093571428571427,1153.0,-0.00011899568440965069,0.0008720509685780087
3.6244871581140736,-0.9952168526396294,7.960851965105809,0.999,3.1092857142857144,1154.0,-0.00011899568440965069,0.0008720509685788969
3.6243681624296635,-0.9953357554671364,7.961724016074387,0.999,3.1092142857142857,1155.0,-0.00011899568441009478,0.0008720509685780087
3.624249166745254,-0.9954546582946433,7.962596067042966,0.999,3.109142857142857,1156.0,-0.00011899568440965069,0.0008720509685788969
3.6241301710608442,-0.9955735611221502,7.963468118011544,0.999,3.1090714285714287,1157.0,-0.00011899568440965069,0.0008720509685780087
3.6240111753764346,-0.9956924639496572,7.964340168980123,0.999,3.109,1158.0,-0.00011899568440965069,0.0008720509685788969
3.6238794391812217,-0.9956429745426043,7.96566563731523,0.999,3.108846153846154,1159.0,-0.0001317361952128948,0.0013254683351071606
3.623747702986009,-0.9955934851355515,7.9669911056503375,0.999,3.1086923076923076,1160.0,-0.0001317361952128948,0.0013254683351071606
3.623615966790796,-0.9955439957284986,7.968316573985445,0.999,3.1085384615384615,1161.0,-0.0001317361952128948,0.0013254683351071606
3.623484230595583,-0.9954945063214458,7.969642042320553,0.999,3.1083846153846153,1162.0,-0.0001317361952128948,0.0013254683351080487
3.62335249440037,-0.9954450169143929,7.97096751065566,0.999,3.108230769230769,1163.0,-0.0001317361952128948,0.0013254683351071606
3.623220758205157,-0.9953955275073401,7.972292978990767,0.999,3.108076923076923,1164.0,-0.0001317361952128948,0.0013254683351071606
3.6230890220099448,-0.9953460381002873,7.973618447325874,0.999,3.1079230769230772,1165.0,-0.00013173619521245072,0.0013254683351071606
3.622957285814732,-0.9952965486932345,7.974943915660981,0.999,3.107769230769231,1166.0,-0.0001317361952128948,0.0013254683351071606
3.622825549619519,-0.9952470592861816,7.9762693839960885,0.999,3.107615384615385,1167.0,-0.0001317361952128948,0.0013254683351071606
3.622693813424306,-0.9951975698791288,7.977594852331197,0.999,3.1074615384615387,1168.0,-0.0001317361952128948,0.0013254683351080487
3.622562077229093,-0.9951480804720759,7.978920320666304,0.999,3.1073076923076925,1169.0,-0.0001317361952128948,0.0013254683351071606
3.6224303410338803,-0.9950985910650231,7.980245789001411,0.999,3.1071538461538464,1170.0,-0.0001317361952128948,0.0013254683351071606
3.6222986048386674,-0.9950491016579702,7.981571257336518,0.999,3.107,1171.0,-0.0001317361952128948,0.0013254683351071606
3.6221919881672164,-0.9951065130415889,7.983202692438295,0.999,3.1069285714285715,1172.0,-0.00010661667145095421,0.001631435101776546
3.6220853714957655,-0.9951639244252076,7.984834127540071,0.999,3.106857142857143,1173.0,-0.00010661667145095421,0.001631435101776546
3.6219787548243145,-0.9952213358088263,7.986465562641849,0.999,3.1067857142857145,1174.0,-0.00010661667145095421,0.0016314351017774342
3.6218721381528636,-0.995278747192445,7.988096997743625,0.999,3.1067142857142858,1175.0,-0.00010661667145095421,0.001631435101776546
3.6217655214814126,-0.9953361585760637,7.989728432845402,0.999,3.106642857142857,1176.0,-0.00010661667145095421,0.001631435101776546
3.6216589048099617,-0.9953935699596824,7.991359867947178,0.999,3.1065714285714288,1177.0,-0.00010661667145095421,0.001631435101776546
3.6215522881385107,-0.9954509813433011,7.992991303048956,0.999,3.1065,1178.0,-0.00010661667145095421,0.0016314351017774342
3.6214456714670598,-0.9955083927269198,7.994622738150732,0.999,3.1064285714285713,1179.0,-0.00010661667145095421,0.001631435101776546
3.621339054795609,-0.9955658041105385,7.996254173252509,0.999,3.106357142857143,1180.0,-0.00010661667145095421,0.001631435101776546
3.621232438124158,-0.9956232154941572,7.997885608354285,0.999,3.1062857142857143,1181.0,-0.00010661667145095421,0.001631435101776546
3.621125821452707,-0.9956806268777759,7.999517043456062,0.999,3.1062142857142856,1182.0,-0.00010661667145095421,0.001631435101776546
3.621019204781256,-0.9957380382613946,8.00114847855784,0.999,3.106142857142857,1183.0,-0.00010661667145095421,0.0016314351017774342
3.620912588109805,-0.9957954496450133,8.002779913659616,0.999,3.1060714285714286,1184.0,-0.00010661667145095421,0.001631435101776546
3.620805971438354,-0.995852861028632,8.004411348761392,0.999,3.106,1185.0,-0.00010661667145095421,0.001631435101776546
3.620680205116477,-0.9957401211916569,8.005490876652422,0.999,3.1058461538461537,1186.0,-0.0001257663218772187,0.001079527891029386
3.6205544387945996,-0.9956273813546818,8.006570404543451,0.999,3.1056923076923075,1187.0,-0.0001257663218772187,0.001079527891029386
3.6204286724727224,-0.9955146415177066,8.00764993243448,0.999,3.1055384615384614,1188.0,-0.0001257663218772187,0.001079527891029386
3.6203029061508456,-0.9954019016807316,8.00872946032551,0.999,3.105384615384615,1189.0,-0.0001257663218767746,0.001079527891029386
3.6201771398289684,-0.9952891618437565,8.00980898821654,0.999,3.105230769230769,1190.0,-0.0001257663218772187,0.001079527891029386
3.620051373507091,-0.9951764220067814,8.010888516107569,0.999,3.105076923076923,1191.0,-0.0001257663218772187,0.001079527891029386
3.619925607185214,-0.9950636821698062,8.011968043998598,0.999,3.104923076923077,1192.0,-0.0001257663218772187,0.001079527891029386
3.6197998408633367,-0.9949509423328311,8.013047571889627,0.999,3.104769230769231,1193.0,-0.0001257663218772187,0.001079527891029386
3.6196740745414595,-0.994838202495856,8.014127099780657,0.999,3.1046153846153848,1194.0,-0.0001257663218772187,0.001079527891029386
3.6195483082195827,-0.994725462658881,8.015206627671686,0.999,3.1044615384615386,1195.0,-0.0001257663218767746,0.001079527891029386
3.6194225418977055,-0.9946127228219058,8.016286155562716,0.999,3.1043076923076924,1196.0,-0.0001257663218772187,0.001079527891029386
3.6192967755758283,-0.9944999829849307,8.017365683453745,0.999,3.1041538461538463,1197.0,-0.0001257663218772187,0.001079527891029386
3.619171009253951,-0.9943872431479556,8.018445211344774,0.999,3.104,1198.0,-0.0001257663218772187,0.001079527891029386
3.6190593601740897,-0.9945705816579029,8.019952980222344,0.999,3.1039285714285714,1199.0,-0.00011164907986138672,0.0015077688775697595
3.6189477110942283,-0.9947539201678502,8.021460749099914,0.999,3.103857142857143,1200.0,-0.00011164907986138672,0.0015077688775697595
3.6188360620143665,-0.9949372586777975,8.022968517977484,0.999,3.1037857142857144,1201.0,-0.00011164907986183081,0.0015077688775697595
3.618724412934505,-0.9951205971877448,8.024476286855052,0.999,3.1037142857142856,1202.0,-0.00011164907986138672,0.0015077688775679832
3.6186127638546437,-0.9953039356976922,8.025984055732621,0.999,3.1036428571428574,1203.0,-0.00011164907986138672,0.0015077688775697595
3.6185011147747823,-0.9954872742076395,8.027491824610191,0.999,3.1035714285714286,1204.0,-0.00011164907986138672,0.0015077688775697595
3.6183894656949205,-0.9956706127175867,8.028999593487761,0.999,3.1035000000000004,1205.0,-0.00011164907986183081,0.0015077688775697595
3.618277816615059,-0.9958539512275341,8.03050736236533,0.999,3.1034285714285716,1206.0,-0.00011164907986138672,0.0015077688775697595
3.6181661675351977,-0.9960372897374814,8.0320151312429,0.999,3.103357142857143,1207.0,-0.00011164907986138672,0.0015077688775697595
3.6180545184553363,-0.9962206282474287,8.03352290012047,0.999,3.1032857142857146,1208.0,-0.00011164907986138672,0.0015077688775697595
3.617942869375475,-0.9964039667573761,8.035030668998038,0.999,3.103214285714286,1209.0,-0.00011164907986138672,0.0015077688775679832
3.617831220295613,-0.9965873052673233,8.036538437875608,0.999,3.103142857142857,1210.0,-0.00011164907986183081,0.0015077688775697595
3.6177195712157517,-0.9967706437772706,8.038046206753178,0.999,3.103071428571429,1211.0,-0.00011164907986138672,0.0015077688775697595
3.6176079221358903,-0.996953982287218,8.039553975630747,0.999,3.103,1212.0,-0.00011164907986138672,0.0015077688775697595
3.6174755811695056,-0.996804874626904,8.039447054717487,0.999,3.102923076923077,1213.0,-0.00013234096638470305,-0.00010692091326092168
3.6173432402031214,-0.9966557669665901,8.039340133804226,0.999,3.102846153846154,1214.0,-0.00013234096638425896,-0.00010692091326092168
3.6172108992367367,-0.9965066593062762,8.039233212890966,0.999,3.1027692307692307,1215.0,-0.00013234096638470305,-0.00010692091325914532
3.617078558270352,-0.9963575516459623,8.039126291977706,0.999,3.102692307692308,1216.0,-0.00013234096638470305,-0.00010692091326092168
3.6169462173039677,-0.9962084439856483,8.039019371064445,0.999,3.1026153846153846,1217.0,-0.00013234096638425896,-0.00010692091326092168
3.616813876337583,-0.9960593363253344,8.038912450151184,0.999,3.1025384615384617,1218.0,-0.00013234096638470305,-0.00010692091326092168
3.6166815353711983,-0.9959102286650205,8.038805529237925,0.999,3.1024615384615384,1219.0,-0.00013234096638470305,-0.00010692091325914532
3.6165491944048136,-0.9957611210047066,8.038698608324664,0.999,3.1023846153846155,1220.0,-0.00013234096638470305,-0.00010692091326092168
3.6164168534384293,-0.9956120133443926,8.038591687411403,0.999,3.102307692307692,1221.0,-0.00013234096638425896,-0.00010692091326092168
3.6162845124720446,-0.9954629056840787,8.038484766498142,0.999,3.1022307692307693,1222.0,-0.00013234096638470305,-0.00010692091326092168
3.61615217150566,-0.9953137980237649,8.038377845584883,0.999,3.102153846153846,1223.0,-0.00013234096638470305,-0.00010692091325914532
3.6160198305392757,-0.9951646903634509,8.038270924671622,0.999,3.102076923076923,1224.0,-0.00013234096638425896,-0.00010692091326092168
3.615887489572891,-0.995015582703137,8.03816400375836,0.999,3.102,1225.0,-0.00013234096638470305,-0.00010692091326092168
3.615781028085939,-0.9952272171391097,8.029751991625721,0.999,3.101857142857143,1226.0,-0.00010646148695192537,-0.008412012132639646
3.6156745665989867,-0.9954388515750823,8.02133997949308,0.999,3.1017142857142854,1227.0,-0.00010646148695236946,-0.008412012132641422
3.6155681051120347,-0.995650486011055,8.01292796736044,0.999,3.1015714285714284,1228.0,-0.00010646148695192537,-0.008412012132639646
3.615461643625083,-0.9958621204470277,8.004515955227799,0.999,3.1014285714285714,1229.0,-0.00010646148695192537,-0.008412012132641422
3.6153551821381305,-0.9960737548830004,7.996103943095159,0.999,3.1012857142857144,1230.0,-0.00010646148695236946,-0.008412012132639646
3.6152487206511785,-0.996285389318973,7.9876919309625185,0.999,3.101142857142857,1231.0,-0.00010646148695192537,-0.008412012132640534
3.615142259164226,-0.9964970237549458,7.979279918829879,0.999,3.101,1232.0,-0.00010646148695236946,-0.008412012132639646
3.6150357976772742,-0.9967086581909185,7.970867906697238,0.999,3.100857142857143,1233.0,-0.00010646148695192537,-0.008412012132640534
3.6149293361903223,-0.9969202926268911,7.962455894564598,0.999,3.1007142857142855,1234.0,-0.00010646148695192537,-0.008412012132640534
3.61482287470337,-0.9971319270628638,7.954043882431957,0.999,3.1005714285714285,1235.0,-0.00010646148695236946,-0.008412012132640534
3.614716413216418,-0.9973435614988365,7.945631870299317,0.999,3.1004285714285715,1236.0,-0.00010646148695192537,-0.008412012132640534
3.614609951729466,-0.9975551959348092,7.937219858166677,0.999,3.1002857142857145,1237.0,-0.00010646148695192537,-0.008412012132639646
3.6145034902425137,-0.9977668303707818,7.9288078460340365,0.999,3.100142857142857,1238.0,-0.00010646148695236946,-0.008412012132640534
3.614397028755562,-0.9979784648067546,7.920395833901396,0.999,3.1,1239.0,-0.00010646148695192537,-0.008412012132640534
3.6142585152087126,-0.9979251118553221,7.884600552005362,0.999,3.099846153846154,1240.0,-0.00013851354684923933,-0.03579528189603387
3.6141200016618633,-0.9978717589038896,7.848805270109328,0.999,3.0996923076923077,1241.0,-0.00013851354684923933,-0.03579528189603387
3.6139814881150145,-0.9978184059524571,7.813009988213294,0.999,3.0995384615384616,1242.0,-0.00013851354684879524,-0.03579528189603387
3.6138429745681653,-0.9977650530010246,7.7772147063172605,0.999,3.0993846153846154,1243.0,-0.00013851354684923933,-0.03579528189603387
3.613704461021316,-0.9977117000495921,7.741419424421227,0.999,3.0992307692307692,1244.0,-0.00013851354684923933,-0.03579528189603387
3.613565947474467,-0.9976583470981596,7.705624142525193,0.999,3.099076923076923,1245.0,-0.00013851354684923933,-0.03579528189603387
3.613427433927618,-0.997604994146727,7.669828860629159,0.999,3.098923076923077,1246.0,-0.00013851354684879524,-0.03579528189603387
3.6132889203807688,-0.9975516411952945,7.634033578733125,0.999,3.0987692307692307,1247.0,-0.00013851354684923933,-0.03579528189603387
3.6131504068339195,-0.997498288243862,7.598238296837091,0.999,3.0986153846153845,1248.0,-0.00013851354684923933,-0.03579528189603387
3.6130118932870703,-0.9974449352924295,7.562443014941057,0.999,3.0984615384615384,1249.0,-0.00013851354684923933,-0.03579528189603387
3.6128733797402215,-0.997391582340997,7.526647733045023,0.999,3.098307692307692,1250.0,-0.00013851354684879524,-0.03579528189603387
3.6127348661933723,-0.9973382293895645,7.49085245114899,0.999,3.098153846153846,1251.0,-0.00013851354684923933,-0.03579528189603387
3.612596352646523,-0.997284876438132,7.455057169252956,0.999,3.098,1252.0,-0.00013851354684923933,-0.03579528189603387
3.6124343162358348,-0.9972577864292234,7.428089097329638,0.999,3.097857142857143,1253.0,-0.0001620364106882377,-0.02696807192331807
3.6122722798251465,-0.9972306964203147,7.401121025406319,0.999,3.0977142857142854,1254.0,-0.0001620364106882377,-0.02696807192331896
3.6121102434144587,-0.997203606411406,7.374152953483,0.999,3.0975714285714284,1255.0,-0.00016203641068779362,-0.02696807192331896
3.6119482070037705,-0.9971765164024974,7.347184881559682,0.999,3.0974285714285714,1256.0,-0.0001620364106882377,-0.02696807192331807
3.6117861705930823,-0.9971494263935887,7.320216809636364,0.999,3.0972857142857144,1257.0,-0.0001620364106882377,-0.02696807192331807
3.611624134182394,-0.9971223363846801,7.293248737713045,0.999,3.097142857142857,1258.0,-0.0001620364106882377,-0.02696807192331896
3.6114620977717062,-0.9970952463757714,7.266280665789726,0.999,3.097,1259.0,-0.00016203641068779362,-0.02696807192331896
3.611300061361018,-0.9970681563668627,7.239312593866408,0.999,3.096857142857143,1260.0,-0.0001620364106882377,-0.02696807192331807
3.6111380249503298,-0.9970410663579541,7.2123445219430895,0.999,3.0967142857142855,1261.0,-0.0001620364106882377,-0.02696807192331807
3.6109759885396415,-0.9970139763490454,7.1853764500197705,0.999,3.0965714285714285,1262.0,-0.0001620364106882377,-0.02696807192331896
3.6108139521289533,-0.9969868863401368,7.158408378096452,0.999,3.0964285714285715,1263.0,-0.0001620364106882377,-0.02696807192331896
3.6106519157182655,-0.9969597963312281,7.1314403061731335,0.999,3.0962857142857145,1264.0,-0.00016203641068779362,-0.02696807192331807
3.6104898793075773,-0.9969327063223195,7.104472234249815,0.999,3.096142857142857,1265.0,-0.0001620364106882377,-0.02696807192331807
3.610327842896889,-0.9969056163134108,7.0775041623264965,0.999,3.096,1266.0,-0.0001620364106882377,-0.02696807192331896
3.6101465754645616,-0.996949955600798,7.060739039947046,0.999,3.095846153846154,1267.0,-0.00018126743232738107,-0.016765122379450048
3.609965308032234,-0.9969942948881853,7.043973917567596,0.999,3.0956923076923077,1268.0,-0.00018126743232782516,-0.016765122379450048
3.6097840405999064,-0.9970386341755724,7.027208795188147,0.999,3.0955384615384616,1269.0,-0.00018126743232738107,-0.01676512237944916
3.609602773167579,-0.9970829734629596,7.010443672808697,0.999,3.0953846153846154,1270.0,-0.00018126743232738107,-0.016765122379450048
3.6094215057352512,-0.9971273127503468,6.993678550429247,0.999,3.0952307692307692,1271.0,-0.00018126743232782516,-0.016765122379450048
3.609240238302924,-0.9971716520377341,6.976913428049797,0.999,3.095076923076923,1272.0,-0.00018126743232738107,-0.016765122379450048
3.6090589708705965,-0.9972159913251212,6.960148305670348,0.999,3.094923076923077,1273.0,-0.00018126743232738107,-0.01676512237944916
3.608877703438269,-0.9972603306125084,6.943383183290898,0.999,3.0947692307692307,1274.0,-0.00018126743232738107,-0.016765122379450048
3.6086964360059413,-0.9973046698998956,6.926618060911448,0.999,3.0946153846153845,1275.0,-0.00018126743232782516,-0.016765122379450048
3.608515168573614,-0.9973490091872829,6.909852938531998,0.999,3.0944615384615384,1276.0,-0.00018126743232738107,-0.016765122379450048
3.6083339011412865,-0.99739334847467,6.893087816152549,0.999,3.094307692307692,1277.0,-0.00018126743232738107,-0.01676512237944916
3.6081526337089587,-0.9974376877620572,6.876322693773099,0.999,3.094153846153846,1278.0,-0.00018126743232782516,-0.016765122379450048
3.6079713662766313,-0.9974820270494444,6.8595575713936485,0.999,3.094,1279.0,-0.00018126743232738107,-0.016765122379450048
3.60778546204336,-0.9974265630344971,6.845994904265322,0.999,3.093857142857143,1280.0,-0.0001859042332714722,-0.013562667128326211
3.6075995578100883,-0.9973710990195497,6.832432237136996,0.999,3.0937142857142854,1281.0,-0.0001859042332714722,-0.013562667128326211
3.6074136535768173,-0.9973156350046022,6.818869570008671,0.999,3.0935714285714284,1282.0,-0.00018590423327102812,-0.013562667128325323
3.607227749343546,-0.9972601709896548,6.805306902880345,0.999,3.0934285714285714,1283.0,-0.0001859042332714722,-0.013562667128326211
3.6070418451102744,-0.9972047069747074,6.791744235752018,0.999,3.0932857142857144,1284.0,-0.0001859042332714722,-0.013562667128326211
3.606855940877003,-0.99714924295976,6.778181568623692,0.999,3.093142857142857,1285.0,-0.0001859042332714722,-0.013562667128326211
3.606670036643732,-0.9970937789448125,6.764618901495367,0.999,3.093,1286.0,-0.00018590423327102812,-0.013562667128325323
3.6064841324104604,-0.9970383149298652,6.751056234367041,0.999,3.092857142857143,1287.0,-0.0001859042332714722,-0.013562667128326211
3.606298228177189,-0.9969828509149178,6.737493567238714,0.999,3.0927142857142855,1288.0,-0.0001859042332714722,-0.013562667128326211
3.6061123239439175,-0.9969273868999704,6.723930900110388,0.999,3.0925714285714285,1289.0,-0.0001859042332714722,-0.013562667128326211
3.605926419710646,-0.996871922885023,6.710368232982062,0.999,3.0924285714285715,1290.0,-0.0001859042332714722,-0.013562667128326211
3.605740515477375,-0.9968164588700755,6.696805565853737,0.999,3.0922857142857145,1291.0,-0.00018590423327102812,-0.013562667128325323
3.6055546112441035,-0.9967609948551281,6.68324289872541,0.999,3.092142857142857,1292.0,-0.0001859042332714722,-0.013562667128326211
3.605368707010832,-0.9967055308401808,6.669680231597084,0.999,3.092,1293.0,-0.0001859042332714722,-0.013562667128326211
3.6051528217161097,-0.9966702387068888,6.654047389089764,0.999,3.091769230769231,1294.0,-0.00021588529472227336,-0.01563284250732
3.6049369364213875,-0.9966349465735967,6.638414546582445,0.999,3.0915384615384616,1295.0,-0.00021588529472227336,-0.01563284250731911
3.604721051126665,-0.9965996544403047,6.622781704075125,0.999,3.0913076923076925,1296.0,-0.00021588529472227336,-0.01563284250732
3.604505165831943,-0.9965643623070127,6.607148861567805,0.999,3.091076923076923,1297.0,-0.00021588529472227336,-0.01563284250732
3.6042892805372206,-0.9965290701737207,6.591516019060486,0.999,3.090846153846154,1298.0,-0.00021588529472227336,-0.01563284250731911
3.6040733952424984,-0.9964937780404287,6.575883176553166,0.999,3.0906153846153845,1299.0,-0.00021588529472227336,-0.01563284250732
3.603857509947776,-0.9964584859071368,6.560250334045846,0.999,3.0903846153846155,1300.0,-0.00021588529472227336,-0.01563284250732
3.603641624653054,-0.9964231937738448,6.544617491538526,0.999,3.090153846153846,1301.0,-0.00021588529472227336,-0.01563284250732
3.6034257393583315,-0.9963879016405528,6.528984649031207,0.999,3.089923076923077,1302.0,-0.00021588529472227336,-0.01563284250731911
3.6032098540636093,-0.9963526095072608,6.513351806523887,0.999,3.0896923076923075,1303.0,-0.00021588529472227336,-0.01563284250732
3.602993968768887,-0.9963173173739688,6.497718964016567,0.999,3.0894615384615385,1304.0,-0.00021588529472227336,-0.01563284250732
3.6027780834741647,-0.9962820252406768,6.482086121509248,0.999,3.089230769230769,1305.0,-0.00021588529472227336,-0.01563284250731911
3.6025621981794425,-0.9962467331073848,6.466453279001928,0.999,3.089,1306.0,-0.00021588529472227336,-0.01563284250732
3.6023689435652337,-0.9961341523738738,6.453648145627207,0.999,3.0887857142857142,1307.0,-0.00019325461420871548,-0.012805133374721223
3.6021756889510246,-0.9960215716403628,6.440843012252485,0.999,3.0885714285714285,1308.0,-0.00019325461420915957,-0.012805133374721223
3.601982434336816,-0.9959089909068518,6.428037878877764,0.999,3.088357142857143,1309.0,-0.00019325461420871548,-0.012805133374721223
3.601789179722607,-0.9957964101733408,6.415232745503043,0.999,3.088142857142857,1310.0,-0.00019325461420871548,-0.012805133374721223
3.6015959251083984,-0.9956838294398298,6.402427612128322,0.999,3.0879285714285714,1311.0,-0.00019325461420871548,-0.012805133374721223
3.6014026704941893,-0.9955712487063187,6.3896224787536005,0.999,3.0877142857142856,1312.0,-0.00019325461420915957,-0.012805133374721223
3.6012094158799806,-0.9954586679728078,6.376817345378879,0.999,3.0875,1313.0,-0.00019325461420871548,-0.012805133374721223
3.601016161265772,-0.9953460872392969,6.364012212004158,0.999,3.087285714285714,1314.0,-0.00019325461420871548,-0.012805133374721223
3.6008229066515627,-0.9952335065057858,6.351207078629437,0.999,3.0870714285714285,1315.0,-0.00019325461420915957,-0.012805133374721223
3.600629652037354,-0.9951209257722748,6.338401945254716,0.999,3.0868571428571427,1316.0,-0.00019325461420871548,-0.012805133374721223
3.6004363974231453,-0.9950083450387638,6.325596811879994,0.999,3.086642857142857,1317.0,-0.00019325461420871548,-0.012805133374721223
3.6002431428089365,-0.9948957643052528,6.312791678505273,0.999,3.0864285714285713,1318.0,-0.00019325461420871548,-0.012805133374721223
3.6000498881947274,-0.9947831835717418,6.299986545130552,0.999,3.0862142857142856,1319.0,-0.00019325461420915957,-0.012805133374721223
3.5998566335805187,-0.9946706028382308,6.287181411755831,0.999,3.086,1320.0,-0.00019325461420871548,-0.012805133374721223
3.5996289988319043,-0.9947387876161551,6.278352543595154,0.999,3.085769230769231,1321.0,-0.00022763474861431376,-0.008828868160676961
3.59940136408329,-0.9948069723940793,6.269523675434476,0.999,3.0855384615384613,1322.0,-0.00022763474861431376,-0.00882886816067785
3.5991737293346757,-0.9948751571720036,6.260694807273799,0.999,3.0853076923076923,1323.0,-0.00022763474861431376,-0.008828868160676961
3.5989460945860614,-0.9949433419499278,6.251865939113121,0.999,3.085076923076923,1324.0,-0.00022763474861431376,-0.00882886816067785
3.598718459837447,-0.9950115267278521,6.243037070952444,0.999,3.084846153846154,1325.0,-0.00022763474861431376,-0.008828868160676961
3.598490825088833,-0.9950797115057763,6.234208202791766,0.999,3.0846153846153848,1326.0,-0.00022763474861431376,-0.00882886816067785
3.598263190340219,-0.9951478962837005,6.225379334631089,0.999,3.0843846153846153,1327.0,-0.00022763474861386968,-0.008828868160676961
3.5980355555916046,-0.9952160810616247,6.216550466470411,0.999,3.0841538461538462,1328.0,-0.00022763474861431376,-0.00882886816067785
3.5978079208429903,-0.995284265839549,6.2077215983097345,0.999,3.083923076923077,1329.0,-0.00022763474861431376,-0.008828868160676961
3.597580286094376,-0.9953524506174732,6.198892730149057,0.999,3.0836923076923077,1330.0,-0.00022763474861431376,-0.00882886816067785
3.5973526513457617,-0.9954206353953975,6.19006386198838,0.999,3.0834615384615387,1331.0,-0.00022763474861431376,-0.008828868160676961
3.5971250165971473,-0.9954888201733217,6.181234993827702,0.999,3.083230769230769,1332.0,-0.00022763474861431376,-0.00882886816067785
3.596897381848533,-0.995557004951246,6.172406125667025,0.999,3.083,1333.0,-0.00022763474861431376,-0.008828868160676961
3.5966823673242603,-0.9956656076545749,6.160672688429219,0.999,3.0827857142857145,1334.0,-0.0002150145242727497,-0.01173343723780551
3.5964673527999875,-0.9957742103579038,6.148939251191414,0.999,3.0825714285714287,1335.0,-0.0002150145242727497,-0.01173343723780551
3.5962523382757143,-0.9958828130612326,6.137205813953608,0.999,3.082357142857143,1336.0,-0.00021501452427319379,-0.01173343723780551
3.5960373237514416,-0.9959914157645615,6.125472376715803,0.999,3.0821428571428573,1337.0,-0.0002150145242727497,-0.01173343723780551
3.595822309227169,-0.9961000184678904,6.113738939477997,0.999,3.0819285714285716,1338.0,-0.0002150145242727497,-0.01173343723780551
3.595607294702896,-0.9962086211712193,6.102005502240192,0.999,3.081714285714286,1339.0,-0.0002150145242727497,-0.01173343723780551
3.595392280178623,-0.9963172238745482,6.090272065002387,0.999,3.0815,1340.0,-0.00021501452427319379,-0.011733437237804623
3.59517726565435,-0.996425826577877,6.078538627764582,0.999,3.0812857142857144,1341.0,-0.0002150145242727497,-0.01173343723780551
3.5949622511300774,-0.996534429281206,6.066805190526776,0.999,3.0810714285714287,1342.0,-0.0002150145242727497,-0.01173343723780551
3.5947472366058046,-0.9966430319845349,6.055071753288971,0.999,3.080857142857143,1343.0,-0.0002150145242727497,-0.01173343723780551
3.594532222081532,-0.9967516346878638,6.043338316051165,0.999,3.0806428571428572,1344.0,-0.0002150145242727497,-0.01173343723780551
3.5943172075572587,-0.9968602373911926,6.03160487881336,0.999,3.0804285714285715,1345.0,-0.00021501452427319379,-0.01173343723780551
3.594102193032986,-0.9969688400945215,6.019871441575554,0.999,3.080214285714286,1346.0,-0.0002150145242727497,-0.01173343723780551
3.593887178508713,-0.9970774427978504,6.008138004337749,0.999,3.08,1347.0,-0.0002150145242727497,-0.01173343723780551
3.5936557035914616,-0.9969759322191967,5.99831871026919,0.999,3.079769230769231,1348.0,-0.00023147491725161728,-0.009819294068558193
3.5934242286742095,-0.9968744216405431,5.988499416200633,0.999,3.0795384615384616,1349.0,-0.00023147491725206137,-0.009819294068557305
3.593192753756958,-0.9967729110618894,5.978680122132075,0.999,3.0793076923076925,1350.0,-0.00023147491725161728,-0.009819294068558193
3.5929612788397063,-0.9966714004832358,5.968860828063518,0.999,3.079076923076923,1351.0,-0.00023147491725161728,-0.009819294068557305
3.5927298039224542,-0.9965698899045821,5.959041533994959,0.999,3.078846153846154,1352.0,-0.00023147491725206137,-0.009819294068558193
3.5924983290052026,-0.9964683793259285,5.949222239926401,0.999,3.0786153846153845,1353.0,-0.00023147491725161728,-0.009819294068558193
3.592266854087951,-0.9963668687472748,5.939402945857844,0.999,3.0783846153846155,1354.0,-0.00023147491725161728,-0.009819294068557305
3.5920353791706994,-0.9962653581686212,5.929583651789286,0.999,3.078153846153846,1355.0,-0.00023147491725161728,-0.009819294068558193
3.5918039042534473,-0.9961638475899675,5.9197643577207275,0.999,3.077923076923077,1356.0,-0.00023147491725206137,-0.009819294068558193
3.5915724293361957,-0.9960623370113139,5.90994506365217,0.999,3.0776923076923075,1357.0,-0.00023147491725161728,-0.009819294068557305
3.591340954418944,-0.9959608264326602,5.900125769583612,0.999,3.0774615384615385,1358.0,-0.00023147491725161728,-0.009819294068558193
3.591109479501692,-0.9958593158540066,5.890306475515055,0.999,3.077230769230769,1359.0,-0.00023147491725206137,-0.009819294068557305
3.5908780045844404,-0.9957578052753528,5.8804871814464965,0.999,3.077,1360.0,-0.00023147491725161728,-0.009819294068558193
3.590656192837716,-0.9958826938139056,5.875099257107317,0.999,3.0767857142857142,1361.0,-0.0002218117467243097,-0.005387924339179229
3.590434381090992,-0.9960075823524583,5.869711332768138,0.999,3.0765714285714285,1362.0,-0.0002218117467238656,-0.005387924339179229
3.590212569344268,-0.9961324708910112,5.864323408428959,0.999,3.076357142857143,1363.0,-0.0002218117467243097,-0.005387924339179229
3.5899907575975436,-0.996257359429564,5.85893548408978,0.999,3.076142857142857,1364.0,-0.0002218117467243097,-0.005387924339179229
3.5897689458508193,-0.9963822479681167,5.8535475597506,0.999,3.0759285714285713,1365.0,-0.0002218117467243097,-0.005387924339179229
3.5895471341040954,-0.9965071365066694,5.848159635411421,0.999,3.0757142857142856,1366.0,-0.0002218117467238656,-0.005387924339179229
3.589325322357371,-0.9966320250452223,5.842771711072242,0.999,3.0755,1367.0,-0.0002218117467243097,-0.005387924339179229
3.589103510610647,-0.996756913583775,5.837383786733063,0.999,3.075285714285714,1368.0,-0.0002218117467243097,-0.005387924339179229
3.588881698863923,-0.9968818021223278,5.8319958623938835,0.999,3.0750714285714285,1369.0,-0.0002218117467238656,-0.005387924339179229
3.5886598871171986,-0.9970066906608805,5.826607938054704,0.999,3.0748571428571427,1370.0,-0.0002218117467243097,-0.005387924339179229
3.5884380753704743,-0.9971315791994333,5.821220013715525,0.999,3.074642857142857,1371.0,-0.0002218117467243097,-0.005387924339179229
3.58821626362375,-0.9972564677379862,5.815832089376346,0.999,3.0744285714285713,1372.0,-0.0002218117467243097,-0.005387924339179229
3.587994451877026,-0.9973813562765389,5.8104441650371665,0.999,3.0742142857142856,1373.0,-0.0002218117467238656,-0.005387924339179229
3.587772640130302,-0.9975062448150916,5.805056240697987,0.999,3.074,1374.0,-0.0002218117467243097,-0.005387924339179229
3.5875322759255854,-0.9972665948337696,5.795461849918973,0.999,3.073769230769231,1375.0,-0.0002403642047164034,-0.009594390779014361
3.5872919117208695,-0.9970269448524475,5.7858674591399595,0.999,3.0735384615384613,1376.0,-0.00024036420471595932,-0.009594390779013473
3.587051547516153,-0.9967872948711253,5.776273068360945,0.999,3.0733076923076923,1377.0,-0.0002403642047164034,-0.009594390779014361
3.586811183311437,-0.9965476448898032,5.766678677581931,0.999,3.073076923076923,1378.0,-0.00024036420471595932,-0.009594390779014361
3.5865708191067207,-0.9963079949084811,5.757084286802917,0.999,3.072846153846154,1379.0,-0.0002403642047164034,-0.009594390779013473
3.5863304549020043,-0.996068344927159,5.747489896023903,0.999,3.0726153846153847,1380.0,-0.0002403642047164034,-0.009594390779014361
3.5860900906972883,-0.9958286949458368,5.737895505244889,0.999,3.0723846153846153,1381.0,-0.00024036420471595932,-0.009594390779014361
3.585849726492572,-0.9955890449645147,5.728301114465874,0.999,3.0721538461538462,1382.0,-0.0002403642047164034,-0.009594390779014361
3.5856093622878555,-0.9953493949831926,5.718706723686861,0.999,3.071923076923077,1383.0,-0.0002403642047164034,-0.009594390779013473
3.5853689980831396,-0.9951097450018705,5.709112332907846,0.999,3.0716923076923077,1384.0,-0.00024036420471595932,-0.009594390779014361
3.585128633878423,-0.9948700950205484,5.699517942128832,0.999,3.0714615384615387,1385.0,-0.0002403642047164034,-0.009594390779014361
3.584888269673707,-0.9946304450392263,5.6899235513498185,0.999,3.071230769230769,1386.0,-0.00024036420471595932,-0.009594390779013473
3.584647905468991,-0.9943907950579042,5.680329160570804,0.999,3.071,1387.0,-0.0002403642047164034,-0.009594390779014361
3.584428615289728,-0.9945707659483913,5.672696660412388,0.999,3.0707857142857145,1388.0,-0.00021929017926280991,-0.0076325001584161
3.584209325110465,-0.9947507368388786,5.665064160253972,0.999,3.0705714285714287,1389.0,-0.00021929017926280991,-0.0076325001584161
3.5839900349312024,-0.9949307077293659,5.657431660095556,0.999,3.070357142857143,1390.0,-0.00021929017926280991,-0.0076325001584161
3.5837707447519396,-0.995110678619853,5.64979915993714,0.999,3.0701428571428573,1391.0,-0.00021929017926280991,-0.0076325001584161
3.5835514545726768,-0.9952906495103402,5.642166659778724,0.999,3.0699285714285716,1392.0,-0.00021929017926280991,-0.0076325001584161
3.583332164393414,-0.9954706204008275,5.634534159620308,0.999,3.069714285714286,1393.0,-0.00021929017926280991,-0.0076325001584161
3.583112874214151,-0.9956505912913147,5.6269016594618915,0.999,3.0695,1394.0,-0.00021929017926280991,-0.0076325001584161
3.582893584034888,-0.9958305621818019,5.619269159303476,0.999,3.0692857142857144,1395.0,-0.000219290179263254,-0.007632500158415212
3.582674293855625,-0.996010533072289,5.61163665914506,0.999,3.0690714285714287,1396.0,-0.00021929017926280991,-0.0076325001584161
3.5824550036763623,-0.9961905039627763,5.604004158986644,0.999,3.068857142857143,1397.0,-0.00021929017926280991,-0.0076325001584161
3.5822357134970995,-0.9963704748532636,5.596371658828228,0.999,3.0686428571428572,1398.0,-0.00021929017926280991,-0.0076325001584161
3.5820164233178367,-0.9965504457437507,5.588739158669812,0.999,3.0684285714285715,1399.0,-0.00021929017926280991,-0.0076325001584161
3.581797133138574,-0.9967304166342379,5.581106658511396,0.999,3.068214285714286,1400.0,-0.00021929017926280991,-0.0076325001584161
3.581577842959311,-0.9969103875247252,5.57347415835298,0.999,3.068,1401.0,-0.00021929017926280991,-0.0076325001584161
3.581333481802125,-0.9967763993760959,5.564755304618508,0.999,3.0676923076923077,1402.0,-0.00024436115718584617,-0.008718853734471566
3.5810891206449393,-0.9966424112274667,5.556036450884036,0.999,3.0673846153846154,1403.0,-0.00024436115718584617,-0.008718853734472454
3.5808447594877535,-0.9965084230788374,5.547317597149564,0.999,3.067076923076923,1404.0,-0.00024436115718584617,-0.008718853734471566
3.5806003983305676,-0.9963744349302082,5.5385987434150925,0.999,3.0667692307692307,1405.0,-0.00024436115718584617,-0.008718853734471566
3.580356037173382,-0.9962404467815789,5.52987988968062,0.999,3.0664615384615383,1406.0,-0.00024436115718584617,-0.008718853734472454
3.580111676016196,-0.9961064586329496,5.5211610359461485,0.999,3.066153846153846,1407.0,-0.00024436115718584617,-0.008718853734471566
3.5798673148590097,-0.9959724704843204,5.512442182211677,0.999,3.065846153846154,1408.0,-0.00024436115718629026,-0.008718853734471566
3.579622953701824,-0.995838482335691,5.503723328477205,0.999,3.0655384615384618,1409.0,-0.00024436115718584617,-0.008718853734471566
3.579378592544638,-0.9957044941870618,5.495004474742733,0.999,3.0652307692307694,1410.0,-0.00024436115718584617,-0.008718853734472454
3.579134231387452,-0.9955705060384326,5.486285621008261,0.999,3.064923076923077,1411.0,-0.00024436115718584617,-0.008718853734471566
3.5788898702302663,-0.9954365178898033,5.47756676727379,0.999,3.0646153846153847,1412.0,-0.00024436115718584617,-0.008718853734471566
3.5786455090730804,-0.9953025297411741,5.468847913539317,0.999,3.0643076923076924,1413.0,-0.00024436115718584617,-0.008718853734472454
3.5784011479158946,-0.9951685415925448,5.460129059804846,0.999,3.064,1414.0,-0.00024436115718584617,-0.008718853734471566
3.5781728701590056,-0.9952654001695932,5.474680264086947,0.999,3.063857142857143,1415.0,-0.00022827775688893936,0.014551204282101438
3.5779445924021163,-0.9953622587466416,5.489231468369049,0.999,3.0637142857142856,1416.0,-0.00022827775688938345,0.014551204282101438
3.5777163146452273,-0.9954591173236901,5.50378267265115,0.999,3.0635714285714286,1417.0,-0.00022827775688893936,0.014551204282101438
3.577488036888338,-0.9955559759007385,5.518333876933252,0.999,3.0634285714285716,1418.0,-0.00022827775688938345,0.014551204282102326
3.577259759131449,-0.995652834477787,5.532885081215354,0.999,3.063285714285714,1419.0,-0.00022827775688893936,0.014551204282101438
3.5770314813745596,-0.9957496930548354,5.547436285497455,0.999,3.063142857142857,1420.0,-0.00022827775688938345,0.014551204282101438
3.5768032036176707,-0.9958465516318838,5.561987489779557,0.999,3.063,1421.0,-0.00022827775688893936,0.014551204282101438
3.5765749258607817,-0.9959434102089324,5.576538694061658,0.999,3.0628571428571427,1422.0,-0.00022827775688893936,0.014551204282101438
3.5763466481038924,-0.9960402687859808,5.59108989834376,0.999,3.0627142857142857,1423.0,-0.00022827775688938345,0.014551204282101438
3.5761183703470034,-0.9961371273630293,5.605641102625861,0.999,3.0625714285714283,1424.0,-0.00022827775688893936,0.014551204282101438
3.575890092590114,-0.9962339859400777,5.620192306907963,0.999,3.0624285714285713,1425.0,-0.00022827775688938345,0.014551204282102326
3.575661814833225,-0.9963308445171262,5.634743511190065,0.999,3.0622857142857143,1426.0,-0.00022827775688893936,0.014551204282101438
3.5754335370763357,-0.9964277030941746,5.649294715472166,0.999,3.062142857142857,1427.0,-0.00022827775688938345,0.014551204282101438
3.5752052593194468,-0.996524561671223,5.663845919754268,0.999,3.062,1428.0,-0.00022827775688893936,0.014551204282101438
3.5749990257797024,-0.9964818483829282,5.687380015540592,0.999,3.061769230769231,1429.0,-0.00020623353974436043,0.02353409578632437
3.574792792239958,-0.9964391350946333,5.710914111326917,0.999,3.0615384615384613,1430.0,-0.00020623353974436043,0.02353409578632526
3.5745865587002132,-0.9963964218063385,5.734448207113242,0.999,3.0613076923076923,1431.0,-0.00020623353974480452,0.02353409578632437
3.574380325160469,-0.9963537085180436,5.757982302899567,0.999,3.061076923076923,1432.0,-0.00020623353974436043,0.02353409578632526
3.5741740916207245,-0.9963109952297488,5.781516398685891,0.999,3.0608461538461538,1433.0,-0.00020623353974436043,0.02353409578632437
3.57396785808098,-0.9962682819414539,5.8050504944722165,0.999,3.0606153846153847,1434.0,-0.00020623353974436043,0.02353409578632526
3.5737616245412354,-0.9962255686531591,5.828584590258541,0.999,3.0603846153846153,1435.0,-0.00020623353974480452,0.02353409578632437
3.573555391001491,-0.9961828553648643,5.852118686044866,0.999,3.0601538461538462,1436.0,-0.00020623353974436043,0.02353409578632526
3.5733491574617466,-0.9961401420765694,5.8756527818311906,0.999,3.059923076923077,1437.0,-0.00020623353974436043,0.02353409578632437
3.5731429239220023,-0.9960974287882746,5.899186877617516,0.999,3.0596923076923077,1438.0,-0.00020623353974436043,0.02353409578632526
3.5729366903822575,-0.9960547154999797,5.92272097340384,0.999,3.0594615384615387,1439.0,-0.00020623353974480452,0.02353409578632437
3.572730456842513,-0.9960120022116848,5.946255069190165,0.999,3.059230769230769,1440.0,-0.00020623353974436043,0.02353409578632526
3.5725242233027688,-0.99596928892339,5.96978916497649,0.999,3.059,1441.0,-0.00020623353974436043,0.02353409578632437
3.5723401090385587,-0.9960724695519968,5.980314346909168,0.999,3.0587857142857144,1442.0,-0.00018411426421005572,0.010525181932678151
3.5721559947743486,-0.9961756501806036,5.990839528841847,0.999,3.0585714285714287,1443.0,-0.00018411426421005572,0.01052518193267904
3.5719718805101386,-0.9962788308092104,6.001364710774525,0.999,3.058357142857143,1444.0,-0.00018411426421005572,0.010525181932678151
3.5717877662459285,-0.9963820114378173,6.011889892707203,0.999,3.0581428571428573,1445.0,-0.00018411426421005572,0.010525181932678151
3.5716036519817185,-0.9964851920664242,6.0224150746398815,0.999,3.0579285714285716,1446.0,-0.00018411426421005572,0.010525181932678151
3.5714195377175084,-0.996588372695031,6.0329402565725605,0.999,3.057714285714286,1447.0,-0.00018411426421005572,0.01052518193267904
3.5712354234532984,-0.9966915533236378,6.043465438505239,0.999,3.0575,1448.0,-0.00018411426421005572,0.010525181932678151
3.5710513091890883,-0.9967947339522446,6.053990620437917,0.999,3.0572857142857144,1449.0,-0.00018411426421005572,0.010525181932678151
3.5708671949248783,-0.9968979145808514,6.064515802370596,0.999,3.0570714285714287,1450.0,-0.00018411426421005572,0.01052518193267904
3.570683080660668,-0.9970010952094582,6.075040984303274,0.999,3.056857142857143,1451.0,-0.00018411426421005572,0.010525181932678151
3.570498966396458,-0.9971042758380652,6.085566166235952,0.999,3.056642857142857,1452.0,-0.00018411426421005572,0.010525181932678151
3.570314852132248,-0.997207456466672,6.09609134816863,0.999,3.0564285714285715,1453.0,-0.00018411426421005572,0.010525181932678151
3.570130737868038,-0.9973106370952788,6.106616530101309,0.999,3.0562142857142858,1454.0,-0.00018411426421005572,0.01052518193267904
3.569946623603828,-0.9974138177238856,6.1171417120339875,0.999,3.056,1455.0,-0.00018411426421005572,0.010525181932678151
3.5697782555770843,-0.997180116674628,6.12646875611225,0.999,3.055846153846154,1456.0,-0.00016836802674369267,0.00932704407826268
3.569609887550341,-0.9969464156253706,6.135795800190513,0.999,3.0556923076923077,1457.0,-0.00016836802674324858,0.00932704407826268
3.5694415195235973,-0.996712714576113,6.1451228442687755,0.999,3.0555384615384615,1458.0,-0.00016836802674369267,0.00932704407826268
3.5692731514968536,-0.9964790135268554,6.154449888347039,0.999,3.0553846153846154,1459.0,-0.00016836802674369267,0.009327044078263569
3.5691047834701104,-0.996245312477598,6.163776932425302,0.999,3.055230769230769,1460.0,-0.00016836802674324858,0.00932704407826268
3.5689364154433667,-0.9960116114283404,6.1731039765035645,0.999,3.055076923076923,1461.0,-0.00016836802674369267,0.00932704407826268
3.568768047416623,-0.9957779103790828,6.182431020581827,0.999,3.054923076923077,1462.0,-0.00016836802674369267,0.00932704407826268
3.5685996793898793,-0.9955442093298252,6.19175806466009,0.999,3.0547692307692307,1463.0,-0.00016836802674369267,0.00932704407826268
3.568431311363136,-0.9953105082805678,6.2010851087383525,0.999,3.0546153846153845,1464.0,-0.00016836802674324858,0.00932704407826268
3.5682629433363924,-0.9950768072313102,6.210412152816616,0.999,3.0544615384615383,1465.0,-0.00016836802674369267,0.009327044078263569
3.5680945753096487,-0.9948431061820526,6.219739196894879,0.999,3.054307692307692,1466.0,-0.00016836802674369267,0.00932704407826268
3.5679262072829054,-0.9946094051327952,6.229066240973141,0.999,3.054153846153846,1467.0,-0.00016836802674324858,0.00932704407826268
3.5677578392561617,-0.9943757040835376,6.238393285051404,0.999,3.054,1468.0,-0.00016836802674369267,0.00932704407826268
3.567602304660669,-0.9946161037413941,6.245027703654193,0.999,3.053857142857143,1469.0,-0.0001555345954926679,0.006634418602788905
3.567446770065176,-0.9948565033992506,6.251662122256983,0.999,3.0537142857142854,1470.0,-0.000155534595493112,0.006634418602789793
3.567291235469683,-0.9950969030571072,6.258296540859772,0.999,3.0535714285714284,1471.0,-0.000155534595493112,0.006634418602788905
3.56713570087419,-0.9953373027149637,6.2649309594625615,0.999,3.0534285714285714,1472.0,-0.0001555345954926679,0.006634418602789793
3.5669801662786975,-0.9955777023728202,6.27156537806535,0.999,3.0532857142857144,1473.0,-0.0001555345954926679,0.006634418602788905
3.5668246316832044,-0.9958181020306767,6.27819979666814,0.999,3.053142857142857,1474.0,-0.000155534595493112,0.006634418602789793
3.5666690970877113,-0.9960585016885333,6.284834215270929,0.999,3.053,1475.0,-0.000155534595493112,0.006634418602788905
3.5665135624922186,-0.9962989013463898,6.291468633873718,0.999,3.052857142857143,1476.0,-0.0001555345954926679,0.006634418602788905
3.566358027896726,-0.9965393010042463,6.298103052476508,0.999,3.0527142857142855,1477.0,-0.0001555345954926679,0.006634418602789793
3.566202493301233,-0.9967797006621028,6.304737471079297,0.999,3.0525714285714285,1478.0,-0.000155534595493112,0.006634418602788905
3.5660469587057397,-0.9970201003199592,6.3113718896820865,0.999,3.0524285714285715,1479.0,-0.000155534595493112,0.006634418602789793
3.565891424110247,-0.9972604999778159,6.318006308284875,0.999,3.0522857142857145,1480.0,-0.0001555345954926679,0.006634418602788905
3.5657358895147544,-0.9975008996356723,6.324640726887665,0.999,3.052142857142857,1481.0,-0.0001555345954926679,0.006634418602789793
3.5655803549192613,-0.9977412992935288,6.331275145490454,0.999,3.052,1482.0,-0.000155534595493112,0.006634418602788905
3.565410944569082,-0.9977592242178438,6.335519403601692,0.999,3.051846153846154,1483.0,-0.00016941035017925543,0.004244258111238075
3.5652415342189028,-0.9977771491421586,6.33976366171293,0.999,3.0516923076923077,1484.0,-0.00016941035017925543,0.004244258111238075
3.565072123868723,-0.9977950740664736,6.344007919824168,0.999,3.0515384615384615,1485.0,-0.00016941035017969952,0.004244258111238075
3.564902713518544,-0.9978129989907885,6.3482521779354055,0.999,3.0513846153846154,1486.0,-0.00016941035017925543,0.004244258111237187
3.5647333031683646,-0.9978309239151034,6.352496436046644,0.999,3.051230769230769,1487.0,-0.00016941035017925543,0.004244258111238075
3.5645638928181853,-0.9978488488394184,6.356740694157882,0.999,3.051076923076923,1488.0,-0.00016941035017925543,0.004244258111238075
3.5643944824680056,-0.9978667737637332,6.36098495226912,0.999,3.050923076923077,1489.0,-0.00016941035017969952,0.004244258111238075
3.5642250721178264,-0.9978846986880482,6.365229210380358,0.999,3.0507692307692307,1490.0,-0.00016941035017925543,0.004244258111238075
3.564055661767647,-0.9979026236123631,6.369473468491596,0.999,3.0506153846153845,1491.0,-0.00016941035017925543,0.004244258111238075
3.563886251417468,-0.997920548536678,6.373717726602833,0.999,3.0504615384615383,1492.0,-0.00016941035017925543,0.004244258111237187
3.563716841067288,-0.997938473460993,6.377961984714071,0.999,3.050307692307692,1493.0,-0.00016941035017969952,0.004244258111238075
3.563547430717109,-0.9979563983853078,6.382206242825309,0.999,3.050153846153846,1494.0,-0.00016941035017925543,0.004244258111238075
3.5633780203669296,-0.9979743233096228,6.386450500936547,0.999,3.05,1495.0,-0.00016941035017925543,0.004244258111238075
3.563234946623524,-0.997815218154023,6.390896784198002,0.999,3.049857142857143,1496.0,-0.0001430737434056084,0.004446283261454909
3.563091872880118,-0.9976561129984233,6.395343067459456,0.999,3.0497142857142854,1497.0,-0.0001430737434060525,0.00444628326145402
3.5629487991367124,-0.9974970078428235,6.399789350720911,0.999,3.0495714285714284,1498.0,-0.0001430737434056084,0.004446283261454909
3.5628057253933068,-0.9973379026872237,6.404235633982366,0.999,3.0494285714285714,1499.0,-0.0001430737434056084,0.004446283261454909
3.5626626516499007,-0.9971787975316239,6.408681917243821,0.999,3.0492857142857144,1500.0,-0.0001430737434060525,0.004446283261454909
3.562519577906495,-0.9970196923760242,6.413128200505275,0.999,3.049142857142857,1501.0,-0.0001430737434056084,0.00444628326145402
3.5623765041630895,-0.9968605872204244,6.41757448376673,0.999,3.049,1502.0,-0.0001430737434056084,0.004446283261454909
3.5622334304196834,-0.9967014820648246,6.422020767028185,0.999,3.048857142857143,1503.0,-0.0001430737434060525,0.004446283261454909
3.562090356676278,-0.9965423769092249,6.426467050289639,0.999,3.0487142857142855,1504.0,-0.0001430737434056084,0.00444628326145402
3.5619472829328718,-0.9963832717536251,6.430913333551094,0.999,3.0485714285714285,1505.0,-0.0001430737434060525,0.004446283261454909
3.561804209189466,-0.9962241665980253,6.435359616812549,0.999,3.0484285714285715,1506.0,-0.0001430737434056084,0.004446283261454909
3.5616611354460606,-0.9960650614424255,6.4398059000740036,0.999,3.0482857142857145,1507.0,-0.0001430737434056084,0.004446283261454909
3.5615180617026545,-0.9959059562868258,6.444252183335458,0.999,3.048142857142857,1508.0,-0.0001430737434060525,0.00444628326145402
3.561374987959249,-0.995746851131226,6.4486984665969125,0.999,3.048,1509.0,-0.0001430737434056084,0.004446283261454909
3.561250817479008,-0.9957890024140765,6.45243511769056,0.999,3.047846153846154,1510.0,-0.00012417048024104815,0.003736651093647403
3.5611266469987664,-0.9958311536969271,6.456171768784207,0.999,3.0476923076923077,1511.0,-0.00012417048024149224,0.003736651093647403
3.5610024765185253,-0.9958733049797777,6.459908419877855,0.999,3.0475384615384615,1512.0,-0.00012417048024104815,0.003736651093647403
3.5608783060382843,-0.9959154562626282,6.463645070971501,0.999,3.0473846153846154,1513.0,-0.00012417048024104815,0.0037366510936465147
3.5607541355580428,-0.9959576075454788,6.467381722065149,0.999,3.047230769230769,1514.0,-0.00012417048024149224,0.003736651093647403
3.5606299650778017,-0.9959997588283294,6.471118373158796,0.999,3.047076923076923,1515.0,-0.00012417048024104815,0.003736651093647403
3.5605057945975607,-0.9960419101111798,6.474855024252443,0.999,3.046923076923077,1516.0,-0.00012417048024104815,0.003736651093647403
3.5603816241173196,-0.9960840613940304,6.478591675346091,0.999,3.0467692307692307,1517.0,-0.00012417048024104815,0.003736651093647403
3.560257453637078,-0.996126212676881,6.482328326439738,0.999,3.0466153846153845,1518.0,-0.00012417048024149224,0.003736651093647403
3.560133283156837,-0.9961683639597315,6.486064977533385,0.999,3.0464615384615383,1519.0,-0.00012417048024104815,0.0037366510936465147
3.560009112676596,-0.9962105152425821,6.489801628627032,0.999,3.046307692307692,1520.0,-0.00012417048024104815,0.003736651093647403
3.5598849421963545,-0.9962526665254327,6.4935382797206795,0.999,3.046153846153846,1521.0,-0.00012417048024149224,0.003736651093647403
3.5597607717161135,-0.9962948178082832,6.497274930814327,0.999,3.046,1522.0,-0.00012417048024104815,0.003736651093647403
3.559627228723884,-0.9962527051815813,6.500463899285502,0.999,3.045857142857143,1523.0,-0.00013354299222934074,0.003188968471175002
3.559493685731655,-0.9962105925548792,6.503652867756676,0.999,3.0457142857142854,1524.0,-0.00013354299222934074,0.003188968471174114
3.5593601427394255,-0.9961684799281773,6.506841836227851,0.999,3.0455714285714284,1525.0,-0.00013354299222934074,0.003188968471175002
3.5592265997471966,-0.9961263673014752,6.510030804699026,0.999,3.0454285714285714,1526.0,-0.00013354299222889665,0.003188968471175002
3.5590930567549672,-0.9960842546747732,6.5132197731702,0.999,3.0452857142857144,1527.0,-0.00013354299222934074,0.003188968471174114
3.558959513762738,-0.9960421420480712,6.516408741641375,0.999,3.045142857142857,1528.0,-0.00013354299222934074,0.003188968471175002
3.5588259707705086,-0.9960000294213692,6.51959771011255,0.999,3.045,1529.0,-0.00013354299222934074,0.003188968471175002
3.558692427778279,-0.9959579167946673,6.522786678583724,0.999,3.044857142857143,1530.0,-0.00013354299222934074,0.003188968471174114
3.55855888478605,-0.9959158041679652,6.525975647054899,0.999,3.0447142857142855,1531.0,-0.00013354299222934074,0.003188968471175002
3.5584253417938205,-0.9958736915412633,6.529164615526073,0.999,3.0445714285714285,1532.0,-0.00013354299222934074,0.003188968471174114
3.5582917988015916,-0.9958315789145612,6.532353583997248,0.999,3.0444285714285715,1533.0,-0.00013354299222889665,0.003188968471175002
3.5581582558093623,-0.9957894662878592,6.535542552468423,0.999,3.0442857142857145,1534.0,-0.00013354299222934074,0.003188968471175002
3.558024712817133,-0.9957473536611572,6.5387315209395975,0.999,3.044142857142857,1535.0,-0.00013354299222934074,0.003188968471174114
3.5578911698249036,-0.9957052410344552,6.5419204894107725,0.999,3.044,1536.0,-0.00013354299222934074,0.003188968471175002
3.557768076565287,-0.9957383769957866,6.546926440028848,0.999,3.043923076923077,1537.0,-0.00012309325961679107,0.0050059506180755164
3.55764498330567,-0.9957715129571179,6.5519323906469245,0.999,3.043846153846154,1538.0,-0.00012309325961679107,0.005005950618076405
3.5575218900460532,-0.9958046489184492,6.556938341265,0.999,3.043769230769231,1539.0,-0.00012309325961679107,0.0050059506180755164
3.557398796786437,-0.9958377848797805,6.561944291883076,0.999,3.0436923076923077,1540.0,-0.00012309325961634698,0.005005950618076405
3.55727570352682,-0.9958709208411118,6.566950242501152,0.999,3.043615384615385,1541.0,-0.00012309325961679107,0.0050059506180755164
3.5571526102672033,-0.9959040568024432,6.571956193119228,0.999,3.0435384615384615,1542.0,-0.00012309325961679107,0.005005950618076405
3.5570295170075865,-0.9959371927637745,6.576962143737304,0.999,3.0434615384615387,1543.0,-0.00012309325961679107,0.0050059506180755164
3.5569064237479697,-0.9959703287251058,6.58196809435538,0.999,3.0433846153846154,1544.0,-0.00012309325961679107,0.005005950618076405
3.556783330488353,-0.9960034646864372,6.586974044973456,0.999,3.0433076923076925,1545.0,-0.00012309325961679107,0.0050059506180755164
3.5566602372287366,-0.9960366006477684,6.591979995591532,0.999,3.043230769230769,1546.0,-0.00012309325961634698,0.005005950618076405
3.55653714396912,-0.9960697366090998,6.596985946209608,0.999,3.0431538461538463,1547.0,-0.00012309325961679107,0.0050059506180755164
3.556414050709503,-0.9961028725704311,6.601991896827684,0.999,3.043076923076923,1548.0,-0.00012309325961679107,0.005005950618076405
3.556290957449886,-0.9961360085317624,6.60699784744576,0.999,3.043,1549.0,-0.00012309325961679107,0.0050059506180755164
3.556182802019062,-0.9962300625771997,6.609924629779943,0.9989857142857143,3.042857142857143,1550.0,-0.00010815543082420831,0.002926782334183642
3.556074646588238,-0.996324116622637,6.612851412114127,0.9989714285714286,3.0427142857142857,1551.0,-0.00010815543082420831,0.002926782334183642
3.5559664911574136,-0.9964181706680741,6.61577819444831,0.9989571428571429,3.0425714285714287,1552.0,-0.00010815543082420831,0.0029267823341827537
3.5558583357265894,-0.9965122247135114,6.618704976782493,0.9989428571428571,3.0424285714285717,1553.0,-0.00010815543082420831,0.002926782334183642
3.555750180295765,-0.9966062787589487,6.621631759116677,0.9989285714285714,3.0422857142857143,1554.0,-0.00010815543082420831,0.002926782334183642
3.555642024864941,-0.996700332804386,6.6245585414508605,0.9989142857142858,3.0421428571428573,1555.0,-0.00010815543082420831,0.002926782334183642
3.5555338694341163,-0.9967943868498232,6.627485323785043,0.9989,3.0420000000000003,1556.0,-0.0001081554308246524,0.0029267823341827537
3.555425714003292,-0.9968884408952604,6.630412106119227,0.9988857142857143,3.041857142857143,1557.0,-0.00010815543082420831,0.002926782334183642
3.555317558572468,-0.9969824949406977,6.633338888453411,0.9988714285714286,3.041714285714286,1558.0,-0.00010815543082420831,0.002926782334183642
3.5552094031416437,-0.997076548986135,6.636265670787594,0.9988571428571429,3.0415714285714284,1559.0,-0.00010815543082420831,0.002926782334183642
3.5551012477108195,-0.9971706030315722,6.639192453121778,0.9988428571428571,3.0414285714285714,1560.0,-0.00010815543082420831,0.002926782334183642
3.5549930922799953,-0.9972646570770094,6.642119235455961,0.9988285714285714,3.0412857142857144,1561.0,-0.00010815543082420831,0.0029267823341827537
3.554884936849171,-0.9973587111224467,6.645046017790144,0.9988142857142858,3.041142857142857,1562.0,-0.00010815543082420831,0.002926782334183642
3.554776781418347,-0.997452765167884,6.647972800124328,0.9988,3.041,1563.0,-0.00010815543082420831,0.002926782334183642
3.5546372058446596,-0.9973071150248741,6.649561291197121,0.9988153846153847,3.040923076923077,1564.0,-0.00013957557368726725,0.001588491072793019
3.5544976302709723,-0.9971614648818643,6.651149782269913,0.9988307692307693,3.0408461538461538,1565.0,-0.00013957557368726725,0.0015884910727921309
3.554358054697285,-0.9970158147388545,6.652738273342706,0.9988461538461538,3.040769230769231,1566.0,-0.00013957557368726725,0.001588491072793019
3.554218479123598,-0.9968701645958445,6.654326764415499,0.9988615384615385,3.0406923076923076,1567.0,-0.00013957557368726725,0.001588491072793019
3.5540789035499105,-0.9967245144528347,6.655915255488291,0.9988769230769231,3.0406153846153847,1568.0,-0.00013957557368726725,0.0015884910727921309
3.5539393279762233,-0.9965788643098249,6.657503746561084,0.9988923076923077,3.0405384615384614,1569.0,-0.00013957557368726725,0.001588491072793019
3.553799752402536,-0.9964332141668151,6.659092237633877,0.9989076923076923,3.0404615384615385,1570.0,-0.00013957557368726725,0.001588491072793019
3.5536601768288487,-0.9962875640238052,6.66068072870667,0.9989230769230769,3.0403846153846152,1571.0,-0.00013957557368726725,0.001588491072793019
3.5535206012551614,-0.9961419138807954,6.662269219779462,0.9989384615384616,3.0403076923076924,1572.0,-0.00013957557368726725,0.0015884910727921309
3.553381025681474,-0.9959962637377855,6.663857710852255,0.9989538461538462,3.040230769230769,1573.0,-0.00013957557368726725,0.001588491072793019
3.553241450107787,-0.9958506135947757,6.665446201925048,0.9989692307692307,3.040153846153846,1574.0,-0.00013957557368726725,0.001588491072793019
3.5531018745340996,-0.9957049634517658,6.667034692997841,0.9989846153846154,3.040076923076923,1575.0,-0.00013957557368726725,0.0015884910727921309
3.5529622989604124,-0.995559313308756,6.668623184070634,0.999,3.04,1576.0,-0.00013957557368726725,0.001588491072793019
3.5528649385147824,-0.995699171157773,6.6729901661849995,0.999,3.039857142857143,1577.0,-9.736044563002366e-05,0.004366982114365925
3.5527675780691528,-0.9958390290067899,6.677357148299365,0.999,3.0397142857142856,1578.0,-9.736044562957957e-05,0.004366982114365925
3.5526702176235228,-0.9959788868558067,6.681724130413731,0.999,3.0395714285714286,1579.0,-9.736044563002366e-05,0.004366982114365925
3.5525728571778927,-0.9961187447048236,6.686091112528096,0.999,3.0394285714285716,1580.0,-9.736044563002366e-05,0.004366982114365037
3.552475496732263,-0.9962586025538406,6.690458094642462,0.999,3.039285714285714,1581.0,-9.736044562957957e-05,0.004366982114365925
3.552378136286633,-0.9963984604028575,6.694825076756828,0.999,3.039142857142857,1582.0,-9.736044563002366e-05,0.004366982114365925
3.5522807758410035,-0.9965383182518743,6.699192058871194,0.999,3.039,1583.0,-9.736044562957957e-05,0.004366982114365925
3.5521834153953735,-0.9966781761008913,6.70355904098556,0.999,3.0388571428571427,1584.0,-9.736044563002366e-05,0.004366982114365925
3.5520860549497435,-0.9968180339499082,6.707926023099926,0.999,3.0387142857142857,1585.0,-9.736044563002366e-05,0.004366982114365925
3.551988694504114,-0.9969578917989251,6.712293005214292,0.999,3.0385714285714283,1586.0,-9.736044562957957e-05,0.004366982114365925
3.551891334058484,-0.9970977496479421,6.716659987328657,0.999,3.0384285714285713,1587.0,-9.736044563002366e-05,0.004366982114365037
3.551793973612854,-0.9972376074969589,6.721026969443023,0.999,3.0382857142857143,1588.0,-9.736044563002366e-05,0.004366982114365925
3.5516966131672243,-0.9973774653459758,6.725393951557389,0.999,3.038142857142857,1589.0,-9.736044562957957e-05,0.004366982114365925
3.5515992527215943,-0.9975173231949928,6.729760933671755,0.999,3.038,1590.0,-9.736044563002366e-05,0.004366982114365925
3.5514699121560906,-0.9975478049481027,6.733825441373702,0.999,3.0378461538461536,1591.0,-0.00012934056550362172,0.004064507701947662
3.551340571590587,-0.9975782867012127,6.73788994907565,0.999,3.0376923076923075,1592.0,-0.00012934056550362172,0.004064507701947662
3.5512112310250834,-0.9976087684543227,6.741954456777598,0.999,3.0375384615384613,1593.0,-0.00012934056550362172,0.004064507701947662
3.55108189045958,-0.9976392502074326,6.746018964479545,0.999,3.037384615384615,1594.0,-0.00012934056550362172,0.004064507701947662
3.550952549894076,-0.9976697319605426,6.750083472181493,0.999,3.037230769230769,1595.0,-0.00012934056550362172,0.004064507701947662
3.5508232093285725,-0.9977002137136526,6.754147979883441,0.999,3.037076923076923,1596.0,-0.00012934056550362172,0.004064507701947662
3.5506938687630685,-0.9977306954667625,6.7582124875853875,0.999,3.036923076923077,1597.0,-0.0001293405655040658,0.0040645077019467735
3.550564528197565,-0.9977611772198725,6.762276995287335,0.999,3.036769230769231,1598.0,-0.00012934056550362172,0.004064507701947662
3.5504351876320612,-0.9977916589729825,6.766341502989283,0.999,3.0366153846153847,1599.0,-0.00012934056550362172,0.004064507701947662
3.5503058470665576,-0.9978221407260924,6.7704060106912305,0.999,3.0364615384615385,1600.0,-0.00012934056550362172,0.004064507701947662
3.550176506501054,-0.9978526224792024,6.774470518393178,0.999,3.0363076923076924,1601.0,-0.00012934056550362172,0.004064507701947662
3.5500471659355504,-0.9978831042323124,6.778535026095126,0.999,3.036153846153846,1602.0,-0.00012934056550362172,0.004064507701947662
3.5499178253700467,-0.9979135859854223,6.7825995337970735,0.999,3.036,1603.0,-0.00012934056550362172,0.004064507701947662
3.549824104010023,-0.9978297909861711,6.784381383796826,0.999,3.036,1604.0,-9.372136002383513e-05,0.001781849999752616
3.5497303826499995,-0.9977459959869198,6.786163233796578,0.999,3.036,1605.0,-9.372136002339104e-05,0.0017818499997517279
3.549636661289976,-0.9976622009876686,6.78794508379633,0.999,3.036,1606.0,-9.372136002339104e-05,0.001781849999752616
3.5495429399299523,-0.9975784059884173,6.789726933796083,0.999,3.036,1607.0,-9.372136002383513e-05,0.001781849999752616
3.5494492185699285,-0.997494610989166,6.791508783795836,0.999,3.036,1608.0,-9.372136002383513e-05,0.001781849999752616
3.549355497209905,-0.9974108159899148,6.793290633795587,0.999,3.036,1609.0,-9.372136002339104e-05,0.0017818499997517279
3.5492617758498817,-0.9973270209906635,6.79507248379534,0.999,3.036,1610.0,-9.372136002339104e-05,0.001781849999752616
3.549168054489858,-0.9972432259914124,6.796854333795093,0.999,3.036,1611.0,-9.372136002383513e-05,0.001781849999752616
3.549074333129834,-0.9971594309921611,6.798636183794844,0.999,3.036,1612.0,-9.372136002383513e-05,0.0017818499997517279
3.5489806117698106,-0.9970756359929098,6.800418033794597,0.999,3.036,1613.0,-9.372136002339104e-05,0.001781849999752616
3.548886890409787,-0.9969918409936586,6.80219988379435,0.999,3.036,1614.0,-9.372136002339104e-05,0.001781849999752616
3.5487931690497634,-0.9969080459944073,6.803981733794102,0.999,3.036,1615.0,-9.372136002383513e-05,0.001781849999752616
3.5486994476897396,-0.996824250995156,6.805763583793854,0.999,3.036,1616.0,-9.372136002383513e-05,0.0017818499997517279
3.548605726329716,-0.9967404559959048,6.8075454337936065,0.999,3.036,1617.0,-9.372136002339104e-05,0.001781849999752616
3.548495163982213,-0.9967283349230748,6.810042194541242,0.999,3.035846153846154,1618.0,-0.0001105623475030626,0.002496760747635385
3.5483846016347096,-0.9967162138502449,6.812538955288877,0.999,3.0356923076923077,1619.0,-0.00011056234750350669,0.002496760747635385
3.5482740392872065,-0.9967040927774149,6.815035716036513,0.999,3.0355384615384615,1620.0,-0.0001105623475030626,0.002496760747635385
3.548163476939703,-0.996691971704585,6.817532476784149,0.999,3.0353846153846153,1621.0,-0.00011056234750350669,0.002496760747636273
3.5480529145922,-0.996679850631755,6.820029237531784,0.999,3.035230769230769,1622.0,-0.0001105623475030626,0.002496760747635385
3.547942352244697,-0.996667729558925,6.82252599827942,0.999,3.035076923076923,1623.0,-0.0001105623475030626,0.002496760747635385
3.5478317898971934,-0.9966556084860951,6.825022759027055,0.999,3.034923076923077,1624.0,-0.00011056234750350669,0.002496760747635385
3.5477212275496903,-0.9966434874132651,6.8275195197746905,0.999,3.0347692307692307,1625.0,-0.0001105623475030626,0.002496760747635385
3.5476106652021873,-0.9966313663404351,6.830016280522326,0.999,3.0346153846153845,1626.0,-0.0001105623475030626,0.002496760747635385
3.5475001028546838,-0.9966192452676053,6.832513041269962,0.999,3.0344615384615383,1627.0,-0.00011056234750350669,0.002496760747636273
3.5473895405071807,-0.9966071241947753,6.835009802017598,0.999,3.034307692307692,1628.0,-0.0001105623475030626,0.002496760747635385
3.547278978159677,-0.9965950031219454,6.837506562765233,0.999,3.034153846153846,1629.0,-0.00011056234750350669,0.002496760747635385
3.547168415812174,-0.9965828820491154,6.840003323512868,0.999,3.034,1630.0,-0.0001105623475030626,0.002496760747635385
3.547070651407769,-0.9966453511275367,6.84105840664282,0.9989857142857143,3.033857142857143,1631.0,-9.776440440534273e-05,0.0010550831299518393
3.546972887003363,-0.996707820205958,6.842113489772771,0.9989714285714286,3.0337142857142854,1632.0,-9.776440440578682e-05,0.001055083129950951
3.5468751225989577,-0.9967702892843794,6.843168572902723,0.9989571428571429,3.0335714285714284,1633.0,-9.776440440534273e-05,0.0010550831299518393
3.5467773581945523,-0.9968327583628006,6.844223656032675,0.9989428571428571,3.0334285714285714,1634.0,-9.776440440534273e-05,0.0010550831299518393
3.546679593790147,-0.9968952274412219,6.845278739162627,0.9989285714285714,3.0332857142857144,1635.0,-9.776440440534273e-05,0.0010550831299518393
3.546581829385741,-0.9969576965196433,6.846333822292578,0.9989142857142858,3.033142857142857,1636.0,-9.776440440578682e-05,0.001055083129950951
3.546484064981336,-0.9970201655980646,6.847388905422529,0.9989,3.033,1637.0,-9.776440440534273e-05,0.0010550831299518393
3.5463863005769305,-0.997082634676486,6.848443988552481,0.9988857142857143,3.032857142857143,1638.0,-9.776440440534273e-05,0.0010550831299518393
3.5462885361725247,-0.9971451037549073,6.849499071682432,0.9988714285714286,3.0327142857142855,1639.0,-9.776440440578682e-05,0.001055083129950951
3.5461907717681194,-0.9972075728333286,6.850554154812384,0.9988571428571429,3.0325714285714285,1640.0,-9.776440440534273e-05,0.0010550831299518393
3.546093007363714,-0.9972700419117498,6.851609237942336,0.9988428571428571,3.0324285714285715,1641.0,-9.776440440534273e-05,0.0010550831299518393
3.5459952429593087,-0.9973325109901712,6.852664321072288,0.9988285714285714,3.0322857142857145,1642.0,-9.776440440534273e-05,0.0010550831299518393
3.545897478554903,-0.9973949800685925,6.853719404202239,0.9988142857142858,3.032142857142857,1643.0,-9.776440440578682e-05,0.001055083129950951
3.5457997141504976,-0.9974574491470138,6.8547744873321905,0.9988,3.032,1644.0,-9.776440440534273e-05,0.0010550831299518393
3.5457159121306,-0.9973707561297158,6.861062228454937,0.9988153846153847,3.031923076923077,1645.0,-8.380201989766078e-05,0.0062877411227466595
3.545632110110702,-0.9972840631124179,6.867349969577684,0.9988307692307693,3.031846153846154,1646.0,-8.380201989810487e-05,0.0062877411227466595
3.545548308090804,-0.9971973700951199,6.87363771070043,0.9988461538461538,3.031769230769231,1647.0,-8.380201989766078e-05,0.006287741122745771
3.5454645060709065,-0.9971106770778219,6.879925451823176,0.9988615384615385,3.0316923076923077,1648.0,-8.380201989766078e-05,0.0062877411227466595
3.5453807040510084,-0.997023984060524,6.886213192945923,0.9988769230769231,3.031615384615385,1649.0,-8.380201989810487e-05,0.0062877411227466595
3.5452969020311107,-0.9969372910432259,6.89250093406867,0.9988923076923077,3.0315384615384615,1650.0,-8.380201989766078e-05,0.0062877411227466595
3.545213100011213,-0.9968505980259279,6.898788675191415,0.9989076923076923,3.0314615384615387,1651.0,-8.380201989766078e-05,0.006287741122745771
3.5451292979913154,-0.9967639050086299,6.905076416314162,0.9989230769230769,3.0313846153846153,1652.0,-8.380201989766078e-05,0.0062877411227466595
3.5450454959714173,-0.996677211991332,6.911364157436909,0.9989384615384616,3.0313076923076925,1653.0,-8.380201989810487e-05,0.0062877411227466595
3.5449616939515196,-0.996590518974034,6.917651898559655,0.9989538461538462,3.031230769230769,1654.0,-8.380201989766078e-05,0.0062877411227466595
3.544877891931622,-0.9965038259567359,6.923939639682401,0.9989692307692307,3.0311538461538463,1655.0,-8.380201989766078e-05,0.006287741122745771
3.544794089911724,-0.996417132939438,6.930227380805148,0.9989846153846154,3.031076923076923,1656.0,-8.380201989810487e-05,0.0062877411227466595
3.544710287891826,-0.99633043992214,6.936515121927894,0.999,3.031,1657.0,-8.380201989766078e-05,0.0062877411227466595
3.5446216946369367,-0.9963302366929075,6.938805614868114,0.9989857142857143,3.0309285714285714,1658.0,-8.859325488952408e-05,0.002290492940219657
3.5445331013820476,-0.9963300334636751,6.941096107808333,0.9989714285714286,3.030857142857143,1659.0,-8.859325488907999e-05,0.002290492940218769
3.544444508127158,-0.9963298302344427,6.9433866007485525,0.9989571428571429,3.0307857142857144,1660.0,-8.859325488952408e-05,0.002290492940219657
3.5443559148722685,-0.9963296270052101,6.945677093688772,0.9989428571428571,3.0307142857142857,1661.0,-8.859325488952408e-05,0.002290492940219657
3.5442673216173795,-0.9963294237759777,6.947967586628991,0.9989285714285714,3.030642857142857,1662.0,-8.859325488907999e-05,0.002290492940218769
3.54417872836249,-0.9963292205467452,6.950258079569211,0.9989142857142858,3.0305714285714287,1663.0,-8.859325488952408e-05,0.002290492940219657
3.544090135107601,-0.9963290173175128,6.95254857250943,0.9989,3.0305,1664.0,-8.859325488907999e-05,0.002290492940219657
3.5440015418527113,-0.9963288140882803,6.954839065449649,0.9988857142857143,3.0304285714285712,1665.0,-8.859325488952408e-05,0.002290492940218769
3.543912948597822,-0.9963286108590479,6.957129558389869,0.9988714285714286,3.030357142857143,1666.0,-8.859325488952408e-05,0.002290492940219657
3.5438243553429327,-0.9963284076298154,6.9594200513300875,0.9988571428571429,3.0302857142857142,1667.0,-8.859325488907999e-05,0.002290492940218769
3.543735762088043,-0.9963282044005829,6.961710544270307,0.9988428571428571,3.0302142857142855,1668.0,-8.859325488952408e-05,0.002290492940219657
3.5436471688331537,-0.9963280011713505,6.964001037210527,0.9988285714285714,3.030142857142857,1669.0,-8.859325488952408e-05,0.002290492940219657
3.5435585755782646,-0.996327797942118,6.9662915301507455,0.9988142857142858,3.0300714285714285,1670.0,-8.859325488907999e-05,0.002290492940218769
3.543469982323375,-0.9963275947128856,6.968582023090965,0.9988,3.03,1671.0,-8.859325488952408e-05,0.002290492940219657
3.543342319436993,-0.9964549211482223,6.969999773229683,0.9988153846153847,3.029923076923077,1672.0,-0.00012766288638221823,0.0014177501387173663
3.5432146565506106,-0.9965822475835592,6.971417523368399,0.9988307692307693,3.0298461538461536,1673.0,-0.00012766288638221823,0.0014177501387164781
3.5430869936642284,-0.9967095740188959,6.972835273507116,0.9988461538461538,3.0297692307692308,1674.0,-0.00012766288638221823,0.0014177501387173663
3.5429593307778458,-0.9968369004542328,6.974253023645833,0.9988615384615385,3.0296923076923075,1675.0,-0.00012766288638266232,0.0014177501387164781
3.5428316678914635,-0.9969642268895695,6.97567077378455,0.9988769230769231,3.0296153846153846,1676.0,-0.00012766288638221823,0.0014177501387173663
3.5427040050050813,-0.9970915533249064,6.977088523923268,0.9988923076923077,3.0295384615384613,1677.0,-0.00012766288638221823,0.0014177501387173663
3.542576342118699,-0.9972188797602431,6.978506274061984,0.9989076923076923,3.0294615384615384,1678.0,-0.00012766288638221823,0.0014177501387164781
3.542448679232317,-0.99734620619558,6.9799240242007015,0.9989230769230769,3.029384615384615,1679.0,-0.00012766288638221823,0.0014177501387173663
3.5423210163459347,-0.9974735326309168,6.981341774339419,0.9989384615384616,3.0293076923076923,1680.0,-0.00012766288638221823,0.0014177501387173663
3.542193353459552,-0.9976008590662536,6.982759524478135,0.9989538461538462,3.029230769230769,1681.0,-0.00012766288638266232,0.0014177501387164781
3.54206569057317,-0.9977281855015904,6.984177274616853,0.9989692307692307,3.029153846153846,1682.0,-0.00012766288638221823,0.0014177501387173663
3.5419380276867876,-0.9978555119369272,6.985595024755569,0.9989846153846154,3.029076923076923,1683.0,-0.00012766288638221823,0.0014177501387164781
3.5418103648004053,-0.997982838372264,6.9870127748942865,0.999,3.029,1684.0,-0.00012766288638221823,0.0014177501387173663
3.541724924217248,-0.9978344192156234,6.9900006590976105,0.999,3.028928571428571,1685.0,-8.544058315740344e-05,0.002987884203323965
3.5416394836340905,-0.9976860000589829,6.9929885433009344,0.999,3.028857142857143,1686.0,-8.544058315740344e-05,0.002987884203323965
3.5415540430509327,-0.9975375809023423,6.9959764275042575,0.999,3.028785714285714,1687.0,-8.544058315784753e-05,0.002987884203323077
3.5414686024677753,-0.9973891617457018,6.9989643117075815,0.999,3.0287142857142855,1688.0,-8.544058315740344e-05,0.002987884203323965
3.541383161884618,-0.9972407425890613,7.0019521959109055,0.999,3.028642857142857,1689.0,-8.544058315740344e-05,0.002987884203323965
3.5412977213014605,-0.9970923234324207,7.004940080114229,0.999,3.0285714285714285,1690.0,-8.544058315740344e-05,0.002987884203323965
3.5412122807183026,-0.9969439042757801,7.0079279643175525,0.999,3.0285,1691.0,-8.544058315784753e-05,0.002987884203323077
3.5411268401351452,-0.9967954851191395,7.0109158485208765,0.999,3.0284285714285715,1692.0,-8.544058315740344e-05,0.002987884203323965
3.541041399551988,-0.996647065962499,7.0139037327242,0.999,3.0283571428571427,1693.0,-8.544058315740344e-05,0.002987884203323965
3.5409559589688304,-0.9964986468058584,7.016891616927524,0.999,3.0282857142857145,1694.0,-8.544058315740344e-05,0.002987884203323965
3.540870518385673,-0.9963502276492179,7.019879501130848,0.999,3.0282142857142857,1695.0,-8.544058315740344e-05,0.002987884203323965
3.540785077802515,-0.9962018084925773,7.022867385334171,0.999,3.028142857142857,1696.0,-8.544058315784753e-05,0.002987884203323077
3.5406996372193578,-0.9960533893359368,7.025855269537495,0.999,3.0280714285714287,1697.0,-8.544058315740344e-05,0.002987884203323965
3.5406141966362004,-0.9959049701792962,7.028843153740819,0.999,3.028,1698.0,-8.544058315740344e-05,0.002987884203323965
3.5405094660656484,-0.9960456962173625,7.032102101963414,0.999,3.027846153846154,1699.0,-0.00010473057055193635,0.0032589482225944266
3.540404735495097,-0.9961864222554289,7.035361050186008,0.999,3.0276923076923077,1700.0,-0.00010473057055149226,0.0032589482225944266
3.540300004924545,-0.9963271482934951,7.0386199984086035,0.999,3.0275384615384615,1701.0,-0.00010473057055193635,0.003258948222595315
3.5401952743539935,-0.9964678743315614,7.041878946631198,0.999,3.0273846153846153,1702.0,-0.00010473057055149226,0.0032589482225944266
3.5400905437834416,-0.9966086003696277,7.045137894853792,0.999,3.027230769230769,1703.0,-0.00010473057055193635,0.0032589482225944266
3.53998581321289,-0.996749326407694,7.048396843076387,0.999,3.027076923076923,1704.0,-0.00010473057055149226,0.0032589482225944266
3.539881082642338,-0.9968900524457602,7.051655791298982,0.999,3.026923076923077,1705.0,-0.00010473057055193635,0.003258948222595315
3.5397763520717866,-0.9970307784838265,7.0549147395215765,0.999,3.0267692307692307,1706.0,-0.00010473057055149226,0.0032589482225944266
3.5396716215012347,-0.9971715045218928,7.058173687744171,0.999,3.0266153846153845,1707.0,-0.00010473057055193635,0.0032589482225944266
3.539566890930683,-0.9973122305599591,7.061432635966765,0.999,3.0264615384615383,1708.0,-0.00010473057055149226,0.0032589482225944266
3.5394621603601313,-0.9974529565980254,7.064691584189361,0.999,3.026307692307692,1709.0,-0.00010473057055193635,0.003258948222595315
3.53935742978958,-0.9975936826360917,7.067950532411955,0.999,3.026153846153846,1710.0,-0.00010473057055149226,0.0032589482225944266
3.539252699219028,-0.997734408674158,7.07120948063455,0.999,3.026,1711.0,-0.00010473057055193635,0.0032589482225944266
3.5391864927931596,-0.9976701436059192,7.072765790609693,0.999,3.025928571428571,1712.0,-6.620642586829817e-05,0.0015563099751432219
3.5391202863672913,-0.9976058785376805,7.074322100584837,0.999,3.025857142857143,1713.0,-6.620642586829817e-05,0.00155630997514411
3.539054079941423,-0.9975416134694417,7.07587841055998,0.999,3.025785714285714,1714.0,-6.620642586829817e-05,0.0015563099751432219
3.5389878735155547,-0.9974773484012031,7.077434720535123,0.999,3.0257142857142854,1715.0,-6.620642586829817e-05,0.0015563099751432219
3.5389216670896864,-0.9974130833329643,7.0789910305102675,0.999,3.025642857142857,1716.0,-6.620642586829817e-05,0.00155630997514411
3.538855460663818,-0.9973488182647255,7.080547340485411,0.999,3.0255714285714284,1717.0,-6.620642586829817e-05,0.0015563099751432219
3.53878925423795,-0.9972845531964868,7.082103650460555,0.999,3.0255,1718.0,-6.620642586785408e-05,0.00155630997514411
3.538723047812082,-0.997220288128248,7.083659960435698,0.999,3.0254285714285714,1719.0,-6.620642586829817e-05,0.0015563099751432219
3.5386568413862136,-0.9971560230600093,7.085216270410841,0.999,3.0253571428571426,1720.0,-6.620642586829817e-05,0.0015563099751432219
3.5385906349603453,-0.9970917579917705,7.086772580385985,0.999,3.0252857142857144,1721.0,-6.620642586829817e-05,0.00155630997514411
3.538524428534477,-0.9970274929235319,7.088328890361129,0.999,3.0252142857142856,1722.0,-6.620642586829817e-05,0.0015563099751432219
3.5384582221086087,-0.9969632278552931,7.089885200336272,0.999,3.025142857142857,1723.0,-6.620642586829817e-05,0.0015563099751432219
3.5383920156827404,-0.9968989627870544,7.091441510311416,0.999,3.0250714285714286,1724.0,-6.620642586829817e-05,0.00155630997514411
3.538325809256872,-0.9968346977188156,7.092997820286559,0.999,3.025,1725.0,-6.620642586829817e-05,0.0015563099751432219
3.538228876403974,-0.9968379678499839,7.098043087460445,0.999,3.024923076923077,1726.0,-9.693285289813502e-05,0.005045267173885648
3.538131943551076,-0.9968412379811523,7.103088354634331,0.999,3.0248461538461537,1727.0,-9.693285289813502e-05,0.005045267173886536
3.5380350106981777,-0.9968445081123206,7.108133621808217,0.999,3.024769230769231,1728.0,-9.693285289813502e-05,0.005045267173885648
3.5379380778452796,-0.996847778243489,7.1131788889821035,0.999,3.0246923076923076,1729.0,-9.693285289813502e-05,0.005045267173886536
3.5378411449923814,-0.9968510483746573,7.118224156155989,0.999,3.0246153846153847,1730.0,-9.693285289813502e-05,0.005045267173885648
3.5377442121394833,-0.9968543185058256,7.123269423329875,0.999,3.0245384615384614,1731.0,-9.693285289813502e-05,0.005045267173885648
3.5376472792865856,-0.996857588636994,7.128314690503761,0.999,3.0244615384615385,1732.0,-9.693285289769094e-05,0.005045267173886536
3.5375503464336875,-0.9968608587681623,7.133359957677647,0.999,3.0243846153846152,1733.0,-9.693285289813502e-05,0.005045267173885648
3.5374534135807894,-0.9968641288993306,7.138405224851533,0.999,3.0243076923076924,1734.0,-9.693285289813502e-05,0.005045267173885648
3.537356480727891,-0.996867399030499,7.143450492025419,0.999,3.024230769230769,1735.0,-9.693285289813502e-05,0.005045267173886536
3.537259547874993,-0.9968706691616673,7.148495759199305,0.999,3.024153846153846,1736.0,-9.693285289813502e-05,0.005045267173885648
3.537162615022095,-0.9968739392928357,7.153541026373191,0.999,3.024076923076923,1737.0,-9.693285289813502e-05,0.005045267173886536
3.537065682169197,-0.996877209424004,7.158586293547077,0.999,3.024,1738.0,-9.693285289813502e-05,0.005045267173885648
3.5369763928754003,-0.9968558323056782,7.160138156140804,0.999,3.023857142857143,1739.0,-8.928929379647954e-05,0.0015518625937271935
3.536887103581604,-0.9968344551873525,7.161690018734531,0.999,3.0237142857142856,1740.0,-8.928929379647954e-05,0.0015518625937271935
3.5367978142878074,-0.9968130780690266,7.163241881328258,0.999,3.0235714285714286,1741.0,-8.928929379647954e-05,0.0015518625937263053
3.536708524994011,-0.9967917009507009,7.164793743921985,0.999,3.0234285714285716,1742.0,-8.928929379647954e-05,0.0015518625937271935
3.5366192357002144,-0.9967703238323751,7.166345606515712,0.999,3.023285714285714,1743.0,-8.928929379647954e-05,0.0015518625937271935
3.536529946406418,-0.9967489467140493,7.167897469109439,0.999,3.023142857142857,1744.0,-8.928929379647954e-05,0.0015518625937271935
3.536440657112621,-0.9967275695957235,7.169449331703166,0.999,3.023,1745.0,-8.928929379692363e-05,0.0015518625937263053
3.5363513678188245,-0.9967061924773977,7.171001194296893,0.999,3.0228571428571427,1746.0,-8.928929379647954e-05,0.0015518625937271935
3.536262078525028,-0.9966848153590719,7.17255305689062,0.999,3.0227142857142857,1747.0,-8.928929379647954e-05,0.0015518625937271935
3.5361727892312316,-0.9966634382407461,7.174104919484347,0.999,3.0225714285714282,1748.0,-8.928929379647954e-05,0.0015518625937271935
3.536083499937435,-0.9966420611224204,7.175656782078074,0.999,3.0224285714285712,1749.0,-8.928929379647954e-05,0.0015518625937271935
3.5359942106436386,-0.9966206840040945,7.177208644671801,0.999,3.0222857142857142,1750.0,-8.928929379647954e-05,0.0015518625937263053
3.535904921349842,-0.9965993068857688,7.178760507265528,0.999,3.022142857142857,1751.0,-8.928929379647954e-05,0.0015518625937271935
3.5358156320560457,-0.996577929767443,7.180312369859255,0.999,3.022,1752.0,-8.928929379647954e-05,0.0015518625937271935
3.5357324317224843,-0.996720284548159,7.1839062611320506,0.999,3.022,1753.0,-8.32003335613507e-05,0.003593891272795524
3.535649231388923,-0.996862639328875,7.187500152404847,0.999,3.022,1754.0,-8.32003335613507e-05,0.0035938912727964123
3.5355660310553616,-0.997004994109591,7.1910940436776425,0.999,3.022,1755.0,-8.32003335613507e-05,0.003593891272795524
3.5354828307218003,-0.9971473488903071,7.194687934950438,0.999,3.022,1756.0,-8.32003335613507e-05,0.003593891272795524
3.535399630388239,-0.9972897036710231,7.198281826223234,0.999,3.022,1757.0,-8.32003335613507e-05,0.0035938912727964123
3.5353164300546776,-0.9974320584517391,7.20187571749603,0.999,3.022,1758.0,-8.32003335613507e-05,0.003593891272795524
3.5352332297211166,-0.9975744132324551,7.2054696087688255,0.999,3.022,1759.0,-8.320033356090661e-05,0.003593891272795524
3.5351500293875553,-0.9977167680131711,7.209063500041621,0.999,3.022,1760.0,-8.32003335613507e-05,0.003593891272795524
3.535066829053994,-0.9978591227938871,7.212657391314417,0.999,3.022,1761.0,-8.32003335613507e-05,0.0035938912727964123
3.5349836287204326,-0.9980014775746032,7.216251282587213,0.999,3.022,1762.0,-8.32003335613507e-05,0.003593891272795524
3.5349004283868712,-0.9981438323553192,7.2198451738600085,0.999,3.022,1763.0,-8.32003335613507e-05,0.003593891272795524
3.53481722805331,-0.9982861871360352,7.223439065132805,0.999,3.022,1764.0,-8.32003335613507e-05,0.0035938912727964123
3.5347340277197485,-0.9984285419167512,7.2270329564056,0.999,3.022,1765.0,-8.32003335613507e-05,0.003593891272795524
3.5346296211751502,-0.9984070290866677,7.227221516837195,0.999,3.021857142857143,1766.0,-0.00010440654459831222,0.00018856043159498626
3.534525214630552,-0.9983855162565841,7.22741007726879,0.999,3.0217142857142854,1767.0,-0.00010440654459831222,0.00018856043159498626
3.5344208080859536,-0.9983640034265006,7.227598637700385,0.999,3.0215714285714284,1768.0,-0.00010440654459831222,0.00018856043159498626
3.5343164015413557,-0.9983424905964169,7.22778719813198,0.999,3.0214285714285714,1769.0,-0.00010440654459786813,0.00018856043159498626
3.5342119949967574,-0.9983209777663333,7.227975758563575,0.999,3.0212857142857144,1770.0,-0.00010440654459831222,0.00018856043159498626
3.534107588452159,-0.9982994649362498,7.22816431899517,0.999,3.021142857142857,1771.0,-0.00010440654459831222,0.00018856043159498626
3.534003181907561,-0.9982779521061662,7.228352879426766,0.999,3.021,1772.0,-0.00010440654459831222,0.00018856043159587443
3.5338987753629625,-0.9982564392760827,7.228541439858361,0.999,3.020857142857143,1773.0,-0.00010440654459831222,0.00018856043159498626
3.533794368818364,-0.9982349264459991,7.228730000289956,0.999,3.0207142857142855,1774.0,-0.00010440654459831222,0.00018856043159498626
3.533689962273766,-0.9982134136159155,7.228918560721551,0.999,3.0205714285714285,1775.0,-0.00010440654459831222,0.00018856043159498626
3.533585555729168,-0.9981919007858319,7.229107121153146,0.999,3.0204285714285715,1776.0,-0.00010440654459786813,0.00018856043159498626
3.5334811491845697,-0.9981703879557483,7.229295681584741,0.999,3.0202857142857145,1777.0,-0.00010440654459831222,0.00018856043159498626
3.5333767426399714,-0.9981488751256647,7.229484242016336,0.999,3.020142857142857,1778.0,-0.00010440654459831222,0.00018856043159498626
3.533272336095373,-0.9981273622955812,7.229672802447931,0.999,3.02,1779.0,-0.00010440654459831222,0.00018856043159498626
3.5331817437030195,-0.9979415250837833,7.2340478244741915,0.999,3.019923076923077,1780.0,-9.0592392353539e-05,0.004375022026260389
3.533091151310666,-0.9977556878719854,7.238422846500451,0.999,3.019846153846154,1781.0,-9.0592392353539e-05,0.004375022026259501
3.533000558918312,-0.9975698506601874,7.242797868526711,0.999,3.019769230769231,1782.0,-9.059239235398309e-05,0.004375022026260389
3.5329099665259585,-0.9973840134483896,7.247172890552972,0.999,3.0196923076923077,1783.0,-9.0592392353539e-05,0.004375022026260389
3.532819374133605,-0.9971981762365917,7.251547912579231,0.999,3.019615384615385,1784.0,-9.0592392353539e-05,0.004375022026259501
3.5327287817412514,-0.9970123390247938,7.255922934605492,0.999,3.0195384615384615,1785.0,-9.0592392353539e-05,0.004375022026260389
3.5326381893488974,-0.9968265018129958,7.260297956631752,0.999,3.0194615384615386,1786.0,-9.059239235398309e-05,0.004375022026260389
3.532547596956544,-0.9966406646011979,7.264672978658012,0.999,3.0193846153846153,1787.0,-9.0592392353539e-05,0.004375022026260389
3.5324570045641903,-0.9964548273894,7.269048000684272,0.999,3.0193076923076925,1788.0,-9.0592392353539e-05,0.004375022026259501
3.532366412171837,-0.9962689901776022,7.273423022710532,0.999,3.019230769230769,1789.0,-9.0592392353539e-05,0.004375022026260389
3.532275819779483,-0.9960831529658042,7.277798044736793,0.999,3.0191538461538463,1790.0,-9.059239235398309e-05,0.004375022026260389
3.5321852273871293,-0.9958973157540063,7.282173066763052,0.999,3.019076923076923,1791.0,-9.0592392353539e-05,0.004375022026259501
3.5320946349947757,-0.9957114785422084,7.286548088789313,0.999,3.019,1792.0,-9.0592392353539e-05,0.004375022026260389
3.5320227389231964,-0.9958382357376196,7.288198485863703,0.999,3.018923076923077,1793.0,-7.189607157931377e-05,0.0016503970743899643
3.531950842851617,-0.995964992933031,7.289848882938093,0.999,3.018846153846154,1794.0,-7.189607157931377e-05,0.0016503970743908525
3.531878946780038,-0.9960917501284422,7.291499280012483,0.999,3.0187692307692306,1795.0,-7.189607157886968e-05,0.0016503970743899643
3.531807050708459,-0.9962185073238535,7.293149677086874,0.999,3.018692307692308,1796.0,-7.189607157931377e-05,0.0016503970743908525
3.5317351546368796,-0.9963452645192648,7.294800074161264,0.999,3.0186153846153845,1797.0,-7.189607157931377e-05,0.0016503970743899643
3.5316632585653003,-0.996472021714676,7.296450471235655,0.999,3.0185384615384616,1798.0,-7.189607157931377e-05,0.0016503970743908525
3.5315913624937214,-0.9965987789100873,7.298100868310045,0.999,3.0184615384615383,1799.0,-7.189607157886968e-05,0.0016503970743899643
3.531519466422142,-0.9967255361054985,7.299751265384436,0.999,3.0183846153846154,1800.0,-7.189607157931377e-05,0.0016503970743908525
3.531447570350563,-0.9968522933009097,7.301401662458826,0.999,3.018307692307692,1801.0,-7.189607157931377e-05,0.0016503970743899643
3.5313756742789835,-0.9969790504963211,7.303052059533217,0.999,3.0182307692307693,1802.0,-7.189607157931377e-05,0.0016503970743908525
3.5313037782074046,-0.9971058076917323,7.304702456607607,0.999,3.018153846153846,1803.0,-7.189607157886968e-05,0.0016503970743899643
3.5312318821358253,-0.9972325648871436,7.3063528536819975,0.999,3.018076923076923,1804.0,-7.189607157931377e-05,0.0016503970743908525
3.531159986064246,-0.9973593220825548,7.3080032507563875,0.999,3.018,1805.0,-7.189607157931377e-05,0.0016503970743899643
3.531081674346977,-0.997165412136676,7.310054425930341,0.999,3.017928571428571,1806.0,-7.831171726913055e-05,0.002051175173953368
3.5310033626297077,-0.9969715021907971,7.312105601104293,0.999,3.017857142857143,1807.0,-7.831171726913055e-05,0.0020511751739524797
3.5309250509124386,-0.9967775922449181,7.314156776278247,0.999,3.017785714285714,1808.0,-7.831171726913055e-05,0.002051175173953368
3.5308467391951694,-0.9965836822990393,7.316207951452199,0.999,3.0177142857142853,1809.0,-7.831171726913055e-05,0.0020511751739524797
3.5307684274779003,-0.9963897723531604,7.3182591266261525,0.999,3.017642857142857,1810.0,-7.831171726913055e-05,0.002051175173953368
3.530690115760631,-0.9961958624072815,7.320310301800105,0.999,3.0175714285714283,1811.0,-7.831171726913055e-05,0.0020511751739524797
3.5306118040433625,-0.9960019524614026,7.322361476974058,0.999,3.0175,1812.0,-7.831171726868646e-05,0.002051175173953368
3.5305334923260934,-0.9958080425155237,7.324412652148012,0.999,3.0174285714285713,1813.0,-7.831171726913055e-05,0.002051175173953368
3.5304551806088242,-0.9956141325696448,7.326463827321964,0.999,3.0173571428571426,1814.0,-7.831171726913055e-05,0.0020511751739524797
3.530376868891555,-0.995420222623766,7.328515002495918,0.999,3.0172857142857143,1815.0,-7.831171726913055e-05,0.002051175173953368
3.530298557174286,-0.9952263126778871,7.33056617766987,0.999,3.0172142857142856,1816.0,-7.831171726913055e-05,0.0020511751739524797
3.530220245457017,-0.9950324027320081,7.332617352843823,0.999,3.017142857142857,1817.0,-7.831171726913055e-05,0.002051175173953368
3.5301419337397477,-0.9948384927861292,7.334668528017776,0.999,3.0170714285714286,1818.0,-7.831171726913055e-05,0.0020511751739524797
3.5300636220224786,-0.9946445828402504,7.336719703191729,0.999,3.017,1819.0,-7.831171726913055e-05,0.002051175173953368
3.529961860420905,-0.9948294170251474,7.339445103512288,0.999,3.016923076923077,1820.0,-0.00010176160157371328,0.0027254003205587907
3.529860098819331,-0.9950142512100444,7.342170503832847,0.999,3.0168461538461537,1821.0,-0.00010176160157371328,0.0027254003205587907
3.5297583372177574,-0.9951990853949414,7.344895904153406,0.999,3.016769230769231,1822.0,-0.00010176160157371328,0.0027254003205587907
3.529656575616184,-0.9953839195798384,7.347621304473965,0.999,3.0166923076923076,1823.0,-0.00010176160157326919,0.002725400320559679
3.5295548140146105,-0.9955687537647354,7.350346704794524,0.999,3.0166153846153847,1824.0,-0.00010176160157371328,0.0027254003205587907
3.5294530524130368,-0.9957535879496324,7.353072105115083,0.999,3.0165384615384614,1825.0,-0.00010176160157371328,0.0027254003205587907
3.529351290811463,-0.9959384221345295,7.355797505435642,0.999,3.0164615384615385,1826.0,-0.00010176160157371328,0.0027254003205587907
3.5292495292098893,-0.9961232563194266,7.3585229057562005,0.999,3.016384615384615,1827.0,-0.00010176160157371328,0.0027254003205587907
3.5291477676083156,-0.9963080905043236,7.361248306076759,0.999,3.0163076923076924,1828.0,-0.00010176160157371328,0.0027254003205587907
3.5290460060067423,-0.9964929246892206,7.363973706397319,0.999,3.016230769230769,1829.0,-0.00010176160157326919,0.002725400320559679
3.5289442444051686,-0.9966777588741176,7.366699106717878,0.999,3.016153846153846,1830.0,-0.00010176160157371328,0.0027254003205587907
3.528842482803595,-0.9968625930590146,7.3694245070384365,0.999,3.016076923076923,1831.0,-0.00010176160157371328,0.0027254003205587907
3.528740721202021,-0.9970474272439116,7.372149907358995,0.999,3.016,1832.0,-0.00010176160157371328,0.0027254003205587907
3.5286674039835932,-0.9970409295205667,7.373567430377455,0.999,3.015857142857143,1833.0,-7.331721842795957e-05,0.0014175230184596543
3.528594086765165,-0.9970344317972217,7.374984953395914,0.999,3.0157142857142856,1834.0,-7.331721842840366e-05,0.0014175230184587662
3.528520769546737,-0.9970279340738768,7.376402476414373,0.999,3.0155714285714286,1835.0,-7.331721842795957e-05,0.0014175230184596543
3.528447452328309,-0.9970214363505319,7.377819999432833,0.999,3.0154285714285716,1836.0,-7.331721842795957e-05,0.0014175230184596543
3.5283741351098805,-0.9970149386271869,7.379237522451293,0.999,3.015285714285714,1837.0,-7.331721842840366e-05,0.0014175230184596543
3.5283008178914526,-0.997008440903842,7.3806550454697515,0.999,3.015142857142857,1838.0,-7.331721842795957e-05,0.0014175230184587662
3.528227500673024,-0.9970019431804971,7.382072568488211,0.999,3.015,1839.0,-7.331721842840366e-05,0.0014175230184596543
3.528154183454596,-0.996995445457152,7.383490091506671,0.999,3.0148571428571427,1840.0,-7.331721842795957e-05,0.0014175230184596543
3.5280808662361682,-0.9969889477338071,7.38490761452513,0.999,3.0147142857142857,1841.0,-7.331721842795957e-05,0.0014175230184587662
3.52800754901774,-0.9969824500104622,7.386325137543589,0.999,3.0145714285714282,1842.0,-7.331721842840366e-05,0.0014175230184596543
3.527934231799312,-0.9969759522871172,7.387742660562049,0.999,3.0144285714285712,1843.0,-7.331721842795957e-05,0.0014175230184596543
3.527860914580884,-0.9969694545637723,7.3891601835805085,0.999,3.0142857142857142,1844.0,-7.331721842795957e-05,0.0014175230184596543
3.5277875973624555,-0.9969629568404274,7.390577706598967,0.999,3.014142857142857,1845.0,-7.331721842840366e-05,0.0014175230184587662
3.5277142801440275,-0.9969564591170824,7.391995229617427,0.999,3.014,1846.0,-7.331721842795957e-05,0.0014175230184596543
3.527634316033315,-0.996982748179322,7.3963987448453326,0.999,3.013923076923077,1847.0,-7.996411071253817e-05,0.004403515227905608
3.527554351922603,-0.9970090372415615,7.400802260073239,0.999,3.0138461538461536,1848.0,-7.996411071209408e-05,0.004403515227906496
3.5274743878118904,-0.9970353263038011,7.405205775301145,0.999,3.0137692307692308,1849.0,-7.996411071253817e-05,0.004403515227905608
3.527394423701178,-0.9970616153660407,7.409609290529051,0.999,3.0136923076923074,1850.0,-7.996411071253817e-05,0.004403515227906496
3.5273144595904657,-0.9970879044282802,7.414012805756957,0.999,3.0136153846153846,1851.0,-7.996411071209408e-05,0.004403515227905608
3.527234495479753,-0.9971141934905198,7.418416320984863,0.999,3.0135384615384613,1852.0,-7.996411071253817e-05,0.004403515227906496
3.5271545313690407,-0.9971404825527594,7.422819836212769,0.999,3.0134615384615384,1853.0,-7.996411071253817e-05,0.004403515227905608
3.527074567258328,-0.997166771614999,7.427223351440675,0.999,3.013384615384615,1854.0,-7.996411071253817e-05,0.004403515227906496
3.526994603147616,-0.9971930606772386,7.431626866668581,0.999,3.0133076923076922,1855.0,-7.996411071209408e-05,0.004403515227905608
3.5269146390369035,-0.9972193497394781,7.4360303818964875,0.999,3.013230769230769,1856.0,-7.996411071253817e-05,0.004403515227906496
3.526834674926191,-0.9972456388017177,7.440433897124393,0.999,3.013153846153846,1857.0,-7.996411071253817e-05,0.004403515227905608
3.526754710815479,-0.9972719278639572,7.4448374123523,0.999,3.0130769230769228,1858.0,-7.996411071209408e-05,0.004403515227906496
3.5266747467047663,-0.9972982169261968,7.449240927580205,0.999,3.013,1859.0,-7.996411071253817e-05,0.004403515227905608
3.5265853599157944,-0.9973175801581651,7.4497068690475405,0.999,3.012928571428571,1860.0,-8.938678897196795e-05,0.00046594146733536235
3.526495973126823,-0.9973369433901332,7.450172810514877,0.999,3.012857142857143,1861.0,-8.938678897152386e-05,0.0004659414673362505
3.526406586337851,-0.9973563066221015,7.450638751982212,0.999,3.012785714285714,1862.0,-8.938678897196795e-05,0.00046594146733536235
3.526317199548879,-0.9973756698540697,7.4511046934495475,0.999,3.0127142857142855,1863.0,-8.938678897196795e-05,0.00046594146733536235
3.5262278127599074,-0.9973950330860379,7.451570634916883,0.999,3.012642857142857,1864.0,-8.938678897152386e-05,0.00046594146733536235
3.5261384259709354,-0.9974143963180061,7.452036576384219,0.999,3.0125714285714285,1865.0,-8.938678897196795e-05,0.0004659414673362505
3.526049039181964,-0.9974337595499744,7.4525025178515545,0.999,3.0125,1866.0,-8.938678897152386e-05,0.00046594146733536235
3.525959652392992,-0.9974531227819426,7.45296845931889,0.999,3.0124285714285715,1867.0,-8.938678897196795e-05,0.00046594146733536235
3.52587026560402,-0.9974724860139108,7.453434400786226,0.999,3.0123571428571427,1868.0,-8.938678897196795e-05,0.0004659414673362505
3.5257808788150484,-0.9974918492458791,7.4539003422535615,0.999,3.0122857142857145,1869.0,-8.938678897152386e-05,0.00046594146733536235
3.5256914920260765,-0.9975112124778472,7.454366283720897,0.999,3.0122142857142857,1870.0,-8.938678897196795e-05,0.00046594146733536235
3.5256021052371045,-0.9975305757098155,7.454832225188232,0.999,3.012142857142857,1871.0,-8.938678897196795e-05,0.00046594146733536235
3.525512718448133,-0.9975499389417837,7.455298166655568,0.999,3.0120714285714287,1872.0,-8.938678897152386e-05,0.0004659414673362505
3.525423331659161,-0.997569302173752,7.455764108122904,0.999,3.012,1873.0,-8.938678897196795e-05,0.00046594146733536235
3.525341787013765,-0.9975677560268369,7.458246424373392,0.999,3.011923076923077,1874.0,-8.154464539611439e-05,0.0024823162504885588
3.5252602423683688,-0.9975662098799217,7.46072874062388,0.999,3.011846153846154,1875.0,-8.154464539611439e-05,0.0024823162504876706
3.5251786977229727,-0.9975646637330067,7.463211056874369,0.999,3.011769230769231,1876.0,-8.154464539611439e-05,0.0024823162504885588
3.5250971530775765,-0.9975631175860915,7.465693373124857,0.999,3.0116923076923077,1877.0,-8.154464539611439e-05,0.0024823162504885588
3.5250156084321804,-0.9975615714391765,7.468175689375345,0.999,3.011615384615385,1878.0,-8.154464539611439e-05,0.0024823162504876706
3.5249340637867843,-0.9975600252922613,7.470658005625833,0.999,3.0115384615384615,1879.0,-8.154464539611439e-05,0.0024823162504885588
3.5248525191413886,-0.9975584791453462,7.473140321876322,0.999,3.0114615384615386,1880.0,-8.15446453956703e-05,0.0024823162504885588
3.5247709744959925,-0.9975569329984311,7.4756226381268105,0.999,3.0113846153846153,1881.0,-8.154464539611439e-05,0.0024823162504885588
3.5246894298505964,-0.997555386851516,7.478104954377298,0.999,3.0113076923076925,1882.0,-8.154464539611439e-05,0.0024823162504876706
3.5246078852052003,-0.9975538407046008,7.480587270627787,0.999,3.011230769230769,1883.0,-8.154464539611439e-05,0.0024823162504885588
3.524526340559804,-0.9975522945576858,7.483069586878275,0.999,3.0111538461538463,1884.0,-8.154464539611439e-05,0.0024823162504885588
3.524444795914408,-0.9975507484107706,7.485551903128763,0.999,3.011076923076923,1885.0,-8.154464539611439e-05,0.0024823162504876706
3.524363251269012,-0.9975492022638556,7.4880342193792515,0.999,3.011,1886.0,-8.154464539611439e-05,0.0024823162504885588
3.524285893200457,-0.9975152186764239,7.491592387112191,0.9989857142857143,3.0109285714285714,1887.0,-7.735806855491134e-05,0.003558167732939488
3.524208535131902,-0.9974812350889922,7.4951505548451305,0.9989714285714286,3.010857142857143,1888.0,-7.735806855491134e-05,0.003558167732939488
3.524131177063347,-0.9974472515015604,7.49870872257807,0.9989571428571429,3.0107857142857144,1889.0,-7.735806855491134e-05,0.003558167732939488
3.5240538189947923,-0.9974132679141288,7.5022668903110095,0.9989428571428571,3.0107142857142857,1890.0,-7.735806855491134e-05,0.003558167732939488
3.5239764609262374,-0.9973792843266971,7.505825058043949,0.9989285714285714,3.010642857142857,1891.0,-7.735806855491134e-05,0.003558167732939488
3.5238991028576825,-0.9973453007392654,7.509383225776888,0.9989142857142858,3.0105714285714287,1892.0,-7.735806855491134e-05,0.003558167732939488
3.523821744789128,-0.9973113171518336,7.512941393509828,0.9989,3.0105,1893.0,-7.735806855446725e-05,0.003558167732939488
3.523744386720573,-0.997277333564402,7.5164995612427665,0.9988857142857143,3.0104285714285712,1894.0,-7.735806855491134e-05,0.0035581677329385997
3.523667028652018,-0.9972433499769703,7.520057728975706,0.9988714285714286,3.010357142857143,1895.0,-7.735806855491134e-05,0.003558167732939488
3.5235896705834633,-0.9972093663895386,7.5236158967086455,0.9988571428571429,3.0102857142857142,1896.0,-7.735806855491134e-05,0.003558167732939488
3.5235123125149084,-0.9971753828021069,7.527174064441585,0.9988428571428571,3.0102142857142855,1897.0,-7.735806855491134e-05,0.003558167732939488
3.5234349544463535,-0.9971413992146752,7.5307322321745245,0.9988285714285714,3.010142857142857,1898.0,-7.735806855491134e-05,0.003558167732939488
3.5233575963777986,-0.9971074156272435,7.534290399907464,0.9988142857142858,3.0100714285714285,1899.0,-7.735806855491134e-05,0.003558167732939488
3.5232802383092436,-0.9970734320398118,7.5378485676404035,0.9988,3.01,1900.0,-7.735806855491134e-05,0.003558167732939488
3.5231876432210956,-0.9970497900333873,7.539774409652974,0.9988153846153847,3.009923076923077,1901.0,-9.259508814807305e-05,0.0019258420125707332
3.5230950481329475,-0.997026148026963,7.541700251665546,0.9988307692307693,3.0098461538461536,1902.0,-9.259508814807305e-05,0.0019258420125716214
3.5230024530447994,-0.9970025060205385,7.5436260936781165,0.9988461538461538,3.0097692307692308,1903.0,-9.259508814807305e-05,0.0019258420125707332
3.5229098579566513,-0.9969788640141141,7.545551935690688,0.9988615384615385,3.0096923076923074,1904.0,-9.259508814807305e-05,0.0019258420125716214
3.5228172628685033,-0.9969552220076897,7.547477777703259,0.9988769230769231,3.0096153846153846,1905.0,-9.259508814807305e-05,0.0019258420125707332
3.522724667780355,-0.9969315800012652,7.54940361971583,0.9988923076923077,3.0095384615384613,1906.0,-9.259508814807305e-05,0.0019258420125707332
3.522632072692207,-0.9969079379948408,7.551329461728401,0.9989076923076923,3.0094615384615384,1907.0,-9.259508814807305e-05,0.0019258420125716214
3.522539477604059,-0.9968842959884163,7.553255303740972,0.9989230769230769,3.009384615384615,1908.0,-9.259508814807305e-05,0.0019258420125707332
3.522446882515911,-0.996860653981992,7.555181145753543,0.9989384615384616,3.0093076923076922,1909.0,-9.259508814807305e-05,0.0019258420125707332
3.522354287427763,-0.9968370119755675,7.557106987766114,0.9989538461538462,3.009230769230769,1910.0,-9.259508814807305e-05,0.0019258420125716214
3.522261692339615,-0.996813369969143,7.559032829778685,0.9989692307692307,3.009153846153846,1911.0,-9.259508814807305e-05,0.0019258420125707332
3.5221690972514668,-0.9967897279627187,7.560958671791257,0.9989846153846154,3.0090769230769228,1912.0,-9.259508814807305e-05,0.0019258420125716214
3.5220765021633187,-0.9967660859562942,7.562884513803827,0.999,3.009,1913.0,-9.259508814807305e-05,0.0019258420125707332
3.5220013907120706,-0.9966701115433559,7.564524846502621,0.999,3.008928571428571,1914.0,-7.511145124805552e-05,0.0016403326987939337
3.521926279260822,-0.9965741371304176,7.566165179201416,0.999,3.008857142857143,1915.0,-7.51114512484996e-05,0.001640332698794822
3.521851167809574,-0.9964781627174794,7.56780551190021,0.999,3.008785714285714,1916.0,-7.511145124805552e-05,0.0016403326987939337
3.521776056358326,-0.9963821883045411,7.569445844599004,0.999,3.0087142857142855,1917.0,-7.511145124805552e-05,0.0016403326987939337
3.521700944907078,-0.9962862138916028,7.571086177297799,0.999,3.008642857142857,1918.0,-7.511145124805552e-05,0.001640332698794822
3.5216258334558295,-0.9961902394786645,7.572726509996593,0.999,3.0085714285714285,1919.0,-7.51114512484996e-05,0.0016403326987939337
3.5215507220045814,-0.9960942650657262,7.574366842695388,0.999,3.0085,1920.0,-7.511145124805552e-05,0.001640332698794822
3.5214756105533334,-0.9959982906527878,7.576007175394182,0.999,3.0084285714285715,1921.0,-7.511145124805552e-05,0.0016403326987939337
3.521400499102085,-0.9959023162398495,7.5776475080929755,0.999,3.0083571428571427,1922.0,-7.51114512484996e-05,0.0016403326987939337
3.521325387650837,-0.9958063418269112,7.57928784079177,0.999,3.0082857142857145,1923.0,-7.511145124805552e-05,0.001640332698794822
3.5212502761995887,-0.9957103674139729,7.580928173490564,0.999,3.0082142857142857,1924.0,-7.511145124805552e-05,0.0016403326987939337
3.5211751647483407,-0.9956143930010346,7.582568506189358,0.999,3.008142857142857,1925.0,-7.511145124805552e-05,0.0016403326987939337
3.521100053297092,-0.9955184185880963,7.584208838888153,0.999,3.0080714285714287,1926.0,-7.51114512484996e-05,0.001640332698794822
3.521024941845844,-0.995422444175158,7.585849171586947,0.999,3.008,1927.0,-7.511145124805552e-05,0.0016403326987939337
3.520949366638502,-0.9955725462132761,7.586831733079915,0.999,3.007923076923077,1928.0,-7.557520734202683e-05,0.0009825614929681592
3.52087379143116,-0.9957226482513941,7.587814294572882,0.999,3.007846153846154,1929.0,-7.557520734202683e-05,0.000982561492967271
3.520798216223818,-0.9958727502895123,7.5887968560658505,0.999,3.007769230769231,1930.0,-7.557520734202683e-05,0.0009825614929681592
3.520722641016476,-0.9960228523276303,7.589779417558819,0.999,3.0076923076923077,1931.0,-7.557520734202683e-05,0.0009825614929681592
3.520647065809134,-0.9961729543657484,7.590761979051786,0.999,3.007615384615385,1932.0,-7.557520734202683e-05,0.000982561492967271
3.520571490601792,-0.9963230564038664,7.591744540544754,0.999,3.0075384615384615,1933.0,-7.557520734202683e-05,0.0009825614929681592
3.5204959153944495,-0.9964731584419846,7.592727102037722,0.999,3.0074615384615386,1934.0,-7.557520734247092e-05,0.0009825614929681592
3.5204203401871075,-0.9966232604801026,7.59370966353069,0.999,3.0073846153846153,1935.0,-7.557520734202683e-05,0.0009825614929681592
3.5203447649797655,-0.9967733625182207,7.594692225023658,0.999,3.0073076923076925,1936.0,-7.557520734202683e-05,0.000982561492967271
3.5202691897724234,-0.9969234645563387,7.595674786516626,0.999,3.007230769230769,1937.0,-7.557520734202683e-05,0.0009825614929681592
3.5201936145650814,-0.9970735665944569,7.596657348009594,0.999,3.0071538461538463,1938.0,-7.557520734202683e-05,0.0009825614929681592
3.5201180393577394,-0.9972236686325749,7.597639909502561,0.999,3.007076923076923,1939.0,-7.557520734202683e-05,0.000982561492967271
3.5200424641503973,-0.997373770670693,7.5986224709955295,0.999,3.007,1940.0,-7.557520734202683e-05,0.0009825614929681592
3.5199514121037416,-0.9971267838480841,7.601095554994396,0.999,3.0069285714285714,1941.0,-9.10520466557152e-05,0.0024730839988666986
3.519860360057086,-0.9968797970254752,7.603568638993263,0.999,3.006857142857143,1942.0,-9.10520466557152e-05,0.0024730839988666986
3.51976930801043,-0.9966328102028663,7.60604172299213,0.999,3.0067857142857144,1943.0,-9.10520466557152e-05,0.002473083998867587
3.519678255963774,-0.9963858233802574,7.608514806990997,0.999,3.0067142857142857,1944.0,-9.105204665615929e-05,0.0024730839988666986
3.5195872039171183,-0.9961388365576485,7.610987890989864,0.999,3.006642857142857,1945.0,-9.10520466557152e-05,0.0024730839988666986
3.5194961518704626,-0.9958918497350396,7.6134609749887305,0.999,3.0065714285714287,1946.0,-9.10520466557152e-05,0.0024730839988666986
3.519405099823807,-0.9956448629124307,7.615934058987598,0.999,3.0065,1947.0,-9.10520466557152e-05,0.002473083998867587
3.519314047777151,-0.9953978760898218,7.618407142986465,0.999,3.0064285714285712,1948.0,-9.10520466557152e-05,0.0024730839988666986
3.5192229957304955,-0.995150889267213,7.6208802269853315,0.999,3.006357142857143,1949.0,-9.10520466557152e-05,0.0024730839988666986
3.5191319436838397,-0.994903902444604,7.623353310984198,0.999,3.0062857142857142,1950.0,-9.10520466557152e-05,0.0024730839988666986
3.5190408916371836,-0.9946569156219951,7.625826394983065,0.999,3.0062142857142855,1951.0,-9.105204665615929e-05,0.0024730839988666986
3.518949839590528,-0.9944099287993862,7.6282994789819325,0.999,3.006142857142857,1952.0,-9.10520466557152e-05,0.002473083998867587
3.518858787543872,-0.9941629419767773,7.630772562980799,0.999,3.0060714285714285,1953.0,-9.10520466557152e-05,0.0024730839988666986
3.5187677354972164,-0.9939159551541684,7.633245646979666,0.999,3.006,1954.0,-9.10520466557152e-05,0.0024730839988666986
3.5186880973334653,-0.9941462009609179,7.636076735916736,0.999,3.005923076923077,1955.0,-7.963816375111676e-05,0.0028310889370697367
3.518608459169714,-0.9943764467676673,7.638907824853805,0.999,3.0058461538461536,1956.0,-7.963816375111676e-05,0.0028310889370697367
3.518528821005963,-0.9946066925744168,7.641738913790875,0.999,3.0057692307692307,1957.0,-7.963816375111676e-05,0.0028310889370697367
3.518449182842212,-0.9948369383811662,7.644570002727945,0.999,3.0056923076923074,1958.0,-7.963816375111676e-05,0.0028310889370697367
3.518369544678461,-0.9950671841879156,7.647401091665015,0.999,3.0056153846153846,1959.0,-7.963816375111676e-05,0.0028310889370697367
3.5182899065147097,-0.9952974299946651,7.650232180602084,0.999,3.0055384615384613,1960.0,-7.963816375111676e-05,0.0028310889370697367
3.518210268350958,-0.9955276758014145,7.653063269539154,0.999,3.0054615384615384,1961.0,-7.963816375156085e-05,0.0028310889370697367
3.518130630187207,-0.995757921608164,7.655894358476224,0.999,3.005384615384615,1962.0,-7.963816375111676e-05,0.0028310889370697367
3.518050992023456,-0.9959881674149135,7.6587254474132935,0.999,3.0053076923076922,1963.0,-7.963816375111676e-05,0.0028310889370697367
3.517971353859705,-0.9962184132216628,7.661556536350363,0.999,3.005230769230769,1964.0,-7.963816375111676e-05,0.0028310889370697367
3.5178917156959537,-0.9964486590284123,7.664387625287433,0.999,3.005153846153846,1965.0,-7.963816375111676e-05,0.0028310889370697367
3.5178120775322026,-0.9966789048351617,7.667218714224503,0.999,3.0050769230769228,1966.0,-7.963816375111676e-05,0.0028310889370697367
3.5177324393684515,-0.9969091506419112,7.6700498031615725,0.999,3.005,1967.0,-7.963816375111676e-05,0.0028310889370697367
3.5176670302383846,-0.9968502472219164,7.672590039132743,0.999,3.004928571428571,1968.0,-6.540913006691795e-05,0.002540235971170368
3.5176016211083176,-0.9967913438019215,7.675130275103912,0.999,3.004857142857143,1969.0,-6.540913006691795e-05,0.00254023597116948
3.5175362119782507,-0.9967324403819267,7.677670511075083,0.999,3.004785714285714,1970.0,-6.540913006691795e-05,0.002540235971170368
3.517470802848184,-0.9966735369619318,7.680210747046252,0.999,3.0047142857142854,1971.0,-6.540913006691795e-05,0.00254023597116948
3.517405393718117,-0.9966146335419369,7.6827509830174225,0.999,3.004642857142857,1972.0,-6.540913006691795e-05,0.002540235971170368
3.51733998458805,-0.9965557301219421,7.685291218988592,0.999,3.0045714285714284,1973.0,-6.540913006691795e-05,0.00254023597116948
3.5172745754579835,-0.9964968267019473,7.687831454959762,0.999,3.0045,1974.0,-6.540913006647386e-05,0.002540235971170368
3.5172091663279166,-0.9964379232819524,7.690371690930933,0.999,3.0044285714285714,1975.0,-6.540913006691795e-05,0.002540235971170368
3.5171437571978497,-0.9963790198619575,7.692911926902102,0.999,3.0043571428571427,1976.0,-6.540913006691795e-05,0.00254023597116948
3.5170783480677827,-0.9963201164419626,7.695452162873273,0.999,3.0042857142857144,1977.0,-6.540913006691795e-05,0.002540235971170368
3.517012938937716,-0.9962612130219678,7.697992398844442,0.999,3.0042142857142857,1978.0,-6.540913006691795e-05,0.00254023597116948
3.516947529807649,-0.996202309601973,7.7005326348156125,0.999,3.004142857142857,1979.0,-6.540913006691795e-05,0.002540235971170368
3.516882120677582,-0.996143406181978,7.703072870786782,0.999,3.0040714285714287,1980.0,-6.540913006691795e-05,0.00254023597116948
3.516816711547515,-0.9960845027619832,7.705613106757952,0.999,3.004,1981.0,-6.540913006691795e-05,0.002540235971170368
3.516720254562269,-0.9960538226848668,7.7066985937678645,0.999,3.003846153846154,1982.0,-9.645698524618496e-05,0.0010854870099121783
3.516623797577023,-0.9960231426077504,7.707784080777777,0.999,3.0036923076923077,1983.0,-9.645698524574087e-05,0.0010854870099121783
3.516527340591777,-0.9959924625306339,7.708869567787689,0.999,3.0035384615384615,1984.0,-9.645698524618496e-05,0.0010854870099121783
3.516430883606531,-0.9959617824535175,7.7099550547976,0.999,3.0033846153846153,1985.0,-9.645698524574087e-05,0.00108548700991129
3.516334426621285,-0.995931102376401,7.711040541807512,0.999,3.003230769230769,1986.0,-9.645698524618496e-05,0.0010854870099121783
3.5162379696360393,-0.9959004222992847,7.7121260288174245,0.999,3.003076923076923,1987.0,-9.645698524574087e-05,0.0010854870099121783
3.516141512650793,-0.9958697422221682,7.713211515827337,0.999,3.002923076923077,1988.0,-9.645698524618496e-05,0.0010854870099121783
3.5160450556655474,-0.9958390621450518,7.714297002837249,0.999,3.0027692307692306,1989.0,-9.645698524574087e-05,0.0010854870099121783
3.515948598680301,-0.9958083820679353,7.715382489847161,0.999,3.0026153846153845,1990.0,-9.645698524618496e-05,0.0010854870099121783
3.5158521416950554,-0.9957777019908189,7.716467976857072,0.999,3.0024615384615383,1991.0,-9.645698524574087e-05,0.00108548700991129
3.5157556847098093,-0.9957470219137025,7.7175534638669845,0.999,3.002307692307692,1992.0,-9.645698524618496e-05,0.0010854870099121783
3.5156592277245635,-0.9957163418365861,7.718638950876897,0.999,3.002153846153846,1993.0,-9.645698524574087e-05,0.0010854870099121783
3.5155627707393173,-0.9956856617594696,7.719724437886809,0.999,3.002,1994.0,-9.645698524618496e-05,0.0010854870099121783
3.5155109983193724,-0.9958695082996997,7.721791082546939,0.999,3.002,1995.0,-5.177241994491766e-05,0.002066644660129846
3.515459225899427,-0.9960533548399298,7.723857727207068,0.999,3.002,1996.0,-5.177241994536175e-05,0.002066644660128958
3.515407453479482,-0.9962372013801599,7.7259243718671975,0.999,3.002,1997.0,-5.177241994491766e-05,0.002066644660129846
3.515355681059537,-0.9964210479203901,7.727991016527327,0.999,3.002,1998.0,-5.177241994491766e-05,0.002066644660129846
3.5153039086395923,-0.9966048944606202,7.730057661187457,0.999,3.002,1999.0,-5.177241994491766e-05,0.002066644660129846
3.515252136219647,-0.9967887410008504,7.732124305847586,0.999,3.002,2000.0,-5.177241994536175e-05,0.002066644660128958
3.515200363799702,-0.9969725875410804,7.734190950507716,0.999,3.002,2001.0,-5.177241994491766e-05,0.002066644660129846
3.515148591379757,-0.9971564340813105,7.736257595167846,0.999,3.002,2002.0,-5.177241994491766e-05,0.002066644660129846
3.5150968189598117,-0.9973402806215407,7.738324239827975,0.999,3.002,2003.0,-5.177241994536175e-05,0.002066644660128958
3.515045046539867,-0.9975241271617707,7.740390884488105,0.999,3.002,2004.0,-5.177241994491766e-05,0.002066644660129846
3.514993274119922,-0.9977079737020009,7.7424575291482345,0.999,3.002,2005.0,-5.177241994491766e-05,0.002066644660129846
3.514941501699977,-0.997891820242231,7.744524173808364,0.999,3.002,2006.0,-5.177241994491766e-05,0.002066644660129846
3.5148897292800316,-0.9980756667824612,7.746590818468493,0.999,3.002,2007.0,-5.177241994536175e-05,0.002066644660128958
3.5148379568600867,-0.9982595133226912,7.748657463128623,0.999,3.002,2008.0,-5.177241994491766e-05,0.002066644660129846
3.5147472074833006,-0.9982503195372032,7.750066297238456,0.999,3.0018461538461536,2009.0,-9.07493767861034e-05,0.001408834109833279
3.5146564581065145,-0.9982411257517151,7.75147513134829,0.999,3.0016923076923074,2010.0,-9.07493767861034e-05,0.001408834109833279
3.5145657087297284,-0.9982319319662271,7.752883965458123,0.999,3.0015384615384613,2011.0,-9.07493767861034e-05,0.001408834109833279
3.5144749593529423,-0.9982227381807389,7.754292799567955,0.999,3.001384615384615,2012.0,-9.07493767861034e-05,0.0014088341098323909
3.514384209976156,-0.9982135443952509,7.755701633677789,0.999,3.001230769230769,2013.0,-9.07493767861034e-05,0.001408834109833279
3.51429346059937,-0.9982043506097629,7.757110467787622,0.999,3.0010769230769228,2014.0,-9.07493767861034e-05,0.001408834109833279
3.5142027112225844,-0.9981951568242747,7.758519301897455,0.999,3.000923076923077,2015.0,-9.074937678565931e-05,0.001408834109833279
3.5141119618457983,-0.9981859630387867,7.7599281360072885,0.999,3.000769230769231,2016.0,-9.07493767861034e-05,0.001408834109833279
3.5140212124690122,-0.9981767692532987,7.761336970117122,0.999,3.0006153846153847,2017.0,-9.07493767861034e-05,0.001408834109833279
3.513930463092226,-0.9981675754678105,7.762745804226954,0.999,3.0004615384615385,2018.0,-9.07493767861034e-05,0.0014088341098323909
3.51383971371544,-0.9981583816823225,7.764154638336787,0.999,3.0003076923076923,2019.0,-9.07493767861034e-05,0.001408834109833279
3.513748964338654,-0.9981491878968344,7.765563472446621,0.999,3.000153846153846,2020.0,-9.07493767861034e-05,0.001408834109833279
3.513658214961868,-0.9981399941113464,7.766972306556454,0.999,3.0,2021.0,-9.07493767861034e-05,0.001408834109833279
3.513571880555444,-0.9981016913144067,7.7685289349219335,0.999,3.0,2022.0,-8.633440642391577e-05,0.0015566283654795399
3.51348554614902,-0.9980633885174671,7.770085563287413,0.999,3.0,2023.0,-8.633440642391577e-05,0.0015566283654795399
3.513399211742596,-0.9980250857205275,7.771642191652892,0.999,3.0,2024.0,-8.633440642391577e-05,0.0015566283654786517
3.5133128773361726,-0.9979867829235879,7.773198820018371,0.999,3.0,2025.0,-8.633440642347168e-05,0.0015566283654795399
3.5132265429297487,-0.9979484801266483,7.774755448383851,0.999,3.0,2026.0,-8.633440642391577e-05,0.0015566283654795399
3.5131402085233248,-0.9979101773297087,7.77631207674933,0.999,3.0,2027.0,-8.633440642391577e-05,0.0015566283654795399
3.513053874116901,-0.997871874532769,7.777868705114809,0.999,3.0,2028.0,-8.633440642391577e-05,0.0015566283654786517
3.512967539710477,-0.9978335717358293,7.7794253334802885,0.999,3.0,2029.0,-8.633440642391577e-05,0.0015566283654795399
3.512881205304053,-0.9977952689388897,7.780981961845768,0.999,3.0,2030.0,-8.633440642391577e-05,0.0015566283654795399
3.512794870897629,-0.9977569661419501,7.782538590211248,0.999,3.0,2031.0,-8.633440642391577e-05,0.0015566283654795399
3.5127085364912056,-0.9977186633450105,7.784095218576727,0.999,3.0,2032.0,-8.633440642347168e-05,0.0015566283654795399
3.5126222020847817,-0.9976803605480709,7.785651846942206,0.999,3.0,2033.0,-8.633440642391577e-05,0.0015566283654786517
3.512535867678358,-0.9976420577511312,7.787208475307685,0.999,3.0,2034.0,-8.633440642391577e-05,0.0015566283654795399
3.512449533271934,-0.9976037549541916,7.788765103673165,0.999,3.0,2035.0,-8.633440642391577e-05,0.0015566283654795399
3.5123731778479814,-0.9976377812072785,7.790760861657656,0.999,2.999846153846154,2036.0,-7.635542395245665e-05,0.001995757984491142
3.512296822424029,-0.9976718074603654,7.792756619642148,0.999,2.9996923076923077,2037.0,-7.635542395245665e-05,0.0019957579844920303
3.5122204670000765,-0.9977058337134523,7.794752377626639,0.999,2.9995384615384615,2038.0,-7.635542395245665e-05,0.001995757984491142
3.512144111576124,-0.9977398599665394,7.79674813561113,0.999,2.9993846153846153,2039.0,-7.635542395245665e-05,0.001995757984491142
3.5120677561521716,-0.9977738862196263,7.798743893595622,0.999,2.999230769230769,2040.0,-7.635542395245665e-05,0.0019957579844920303
3.511991400728219,-0.9978079124727132,7.8007396515801135,0.999,2.999076923076923,2041.0,-7.635542395245665e-05,0.001995757984491142
3.5119150453042662,-0.9978419387258001,7.802735409564605,0.999,2.9989230769230772,2042.0,-7.635542395290074e-05,0.001995757984491142
3.511838689880314,-0.997875964978887,7.804731167549096,0.999,2.998769230769231,2043.0,-7.635542395245665e-05,0.001995757984491142
3.5117623344563613,-0.9979099912319739,7.806726925533588,0.999,2.998615384615385,2044.0,-7.635542395245665e-05,0.0019957579844920303
3.511685979032409,-0.9979440174850609,7.808722683518079,0.999,2.9984615384615387,2045.0,-7.635542395245665e-05,0.001995757984491142
3.5116096236084564,-0.9979780437381478,7.81071844150257,0.999,2.9983076923076926,2046.0,-7.635542395245665e-05,0.001995757984491142
3.511533268184504,-0.9980120699912347,7.812714199487062,0.999,2.9981538461538464,2047.0,-7.635542395245665e-05,0.0019957579844920303
3.5114569127605515,-0.9980460962443216,7.814709957471553,0.999,2.998,2048.0,-7.635542395245665e-05,0.001995757984491142
3.511375792164357,-0.9979428404919973,7.816380848429067,0.9989857142857143,2.9979285714285715,2049.0,-8.112059619458378e-05,0.0016708909575138264
3.5112946715681628,-0.9978395847396729,7.818051739386582,0.9989714285714286,2.997857142857143,2050.0,-8.11205961941397e-05,0.0016708909575147146
3.511213550971968,-0.9977363289873487,7.819722630344096,0.9989571428571429,2.9977857142857145,2051.0,-8.112059619458378e-05,0.0016708909575138264
3.5111324303757736,-0.9976330732350244,7.8213935213016095,0.9989428571428571,2.9977142857142858,2052.0,-8.112059619458378e-05,0.0016708909575138264
3.511051309779579,-0.9975298174827001,7.823064412259124,0.9989285714285714,2.997642857142857,2053.0,-8.112059619458378e-05,0.0016708909575147146
3.510970189183385,-0.9974265617303757,7.824735303216638,0.9989142857142858,2.9975714285714288,2054.0,-8.11205961941397e-05,0.0016708909575138264
3.5108890685871903,-0.9973233059780514,7.826406194174153,0.9989,2.9975,2055.0,-8.112059619458378e-05,0.0016708909575147146
3.5108079479909957,-0.9972200502257271,7.828077085131667,0.9988857142857143,2.9974285714285713,2056.0,-8.112059619458378e-05,0.0016708909575138264
3.5107268273948016,-0.9971167944734027,7.82974797608918,0.9988714285714286,2.997357142857143,2057.0,-8.11205961941397e-05,0.0016708909575138264
3.510645706798607,-0.9970135387210785,7.831418867046695,0.9988571428571429,2.9972857142857143,2058.0,-8.112059619458378e-05,0.0016708909575147146
3.5105645862024124,-0.9969102829687542,7.833089758004209,0.9988428571428571,2.9972142857142856,2059.0,-8.112059619458378e-05,0.0016708909575138264
3.510483465606218,-0.9968070272164299,7.834760648961723,0.9988285714285714,2.997142857142857,2060.0,-8.112059619458378e-05,0.0016708909575138264
3.5104023450100237,-0.9967037714641055,7.8364315399192375,0.9988142857142858,2.9970714285714286,2061.0,-8.11205961941397e-05,0.0016708909575147146
3.510321224413829,-0.9966005157117812,7.838102430876751,0.9988,2.997,2062.0,-8.112059619458378e-05,0.0016708909575138264
3.510235182479437,-0.9966275223465587,7.8410710894628615,0.9988153846153847,2.997,2063.0,-8.604193439198937e-05,0.0029686585861101733
3.510149140545045,-0.9966545289813362,7.844039748048972,0.9988307692307693,2.997,2064.0,-8.604193439198937e-05,0.0029686585861101733
3.510063098610653,-0.9966815356161137,7.847008406635082,0.9988461538461538,2.997,2065.0,-8.604193439198937e-05,0.0029686585861101733
3.509977056676261,-0.9967085422508912,7.849977065221191,0.9988615384615385,2.997,2066.0,-8.604193439198937e-05,0.002968658586109285
3.509891014741869,-0.9967355488856687,7.852945723807301,0.9988769230769231,2.997,2067.0,-8.604193439198937e-05,0.0029686585861101733
3.509804972807477,-0.9967625555204462,7.855914382393411,0.9988923076923077,2.997,2068.0,-8.604193439198937e-05,0.0029686585861101733
3.509718930873085,-0.9967895621552237,7.858883040979522,0.9989076923076923,2.997,2069.0,-8.604193439198937e-05,0.0029686585861101733
3.509632888938693,-0.9968165687900012,7.861851699565632,0.9989230769230769,2.997,2070.0,-8.604193439198937e-05,0.0029686585861101733
3.509546847004301,-0.9968435754247787,7.864820358151742,0.9989384615384616,2.997,2071.0,-8.604193439198937e-05,0.0029686585861101733
3.509460805069909,-0.9968705820595563,7.867789016737851,0.9989538461538462,2.997,2072.0,-8.604193439198937e-05,0.002968658586109285
3.509374763135517,-0.9968975886943338,7.870757675323961,0.9989692307692307,2.997,2073.0,-8.604193439198937e-05,0.0029686585861101733
3.5092887212011252,-0.9969245953291113,7.873726333910072,0.9989846153846154,2.997,2074.0,-8.604193439198937e-05,0.0029686585861101733
3.5092026792667332,-0.9969516019638888,7.876694992496182,0.999,2.997,2075.0,-8.604193439198937e-05,0.0029686585861101733
3.50912055921087,-0.9968661003122669,7.8772519465729225,0.999,2.996857142857143,2076.0,-8.212005586338833e-05,0.0005569540767407233
3.509038439155006,-0.996780598660645,7.877808900649663,0.999,2.9967142857142854,2077.0,-8.212005586383242e-05,0.0005569540767407233
3.508956319099142,-0.9966950970090231,7.878365854726405,0.999,2.9965714285714284,2078.0,-8.212005586383242e-05,0.0005569540767416115
3.508874199043279,-0.9966095953574012,7.8789228088031455,0.999,2.9964285714285714,2079.0,-8.212005586338833e-05,0.0005569540767407233
3.5087920789874154,-0.9965240937057793,7.879479762879886,0.999,2.9962857142857144,2080.0,-8.212005586338833e-05,0.0005569540767407233
3.5087099589315516,-0.9964385920541574,7.880036716956627,0.999,2.996142857142857,2081.0,-8.212005586383242e-05,0.0005569540767407233
3.5086278388756877,-0.9963530904025355,7.880593671033368,0.999,2.996,2082.0,-8.212005586383242e-05,0.0005569540767407233
3.5085457188198244,-0.9962675887509137,7.881150625110109,0.999,2.995857142857143,2083.0,-8.212005586338833e-05,0.0005569540767416115
3.508463598763961,-0.9961820870992918,7.88170757918685,0.999,2.9957142857142856,2084.0,-8.212005586338833e-05,0.0005569540767407233
3.508381478708097,-0.9960965854476699,7.882264533263591,0.999,2.9955714285714286,2085.0,-8.212005586383242e-05,0.0005569540767407233
3.5082993586522333,-0.996011083796048,7.8828214873403315,0.999,2.9954285714285716,2086.0,-8.212005586383242e-05,0.0005569540767407233
3.50821723859637,-0.9959255821444262,7.883378441417073,0.999,2.9952857142857146,2087.0,-8.212005586338833e-05,0.0005569540767416115
3.5081351185405065,-0.9958400804928043,7.883935395493814,0.999,2.995142857142857,2088.0,-8.212005586338833e-05,0.0005569540767407233
3.5080529984846427,-0.9957545788411823,7.884492349570555,0.999,2.995,2089.0,-8.212005586383242e-05,0.0005569540767407233
3.507971519757112,-0.9957169691580241,7.886980104337999,0.999,2.995,2090.0,-8.147872753072605e-05,0.00248775476744445
3.5078900410295812,-0.9956793594748659,7.8894678591054435,0.999,2.995,2091.0,-8.147872753072605e-05,0.00248775476744445
3.5078085623020505,-0.9956417497917076,7.891955613872888,0.999,2.995,2092.0,-8.147872753072605e-05,0.00248775476744445
3.5077270835745193,-0.9956041401085494,7.8944433686403315,0.999,2.995,2093.0,-8.147872753117014e-05,0.002487754767443562
3.5076456048469886,-0.9955665304253911,7.896931123407776,0.999,2.995,2094.0,-8.147872753072605e-05,0.00248775476744445
3.507564126119458,-0.9955289207422329,7.89941887817522,0.999,2.995,2095.0,-8.147872753072605e-05,0.00248775476744445
3.507482647391927,-0.9954913110590746,7.901906632942665,0.999,2.995,2096.0,-8.147872753072605e-05,0.00248775476744445
3.5074011686643964,-0.9954537013759164,7.904394387710109,0.999,2.995,2097.0,-8.147872753072605e-05,0.00248775476744445
3.5073196899368657,-0.9954160916927581,7.906882142477554,0.999,2.995,2098.0,-8.147872753072605e-05,0.00248775476744445
3.5072382112093345,-0.9953784820095999,7.909369897244997,0.999,2.995,2099.0,-8.147872753117014e-05,0.002487754767443562
3.507156732481804,-0.9953408723264416,7.911857652012442,0.999,2.995,2100.0,-8.147872753072605e-05,0.00248775476744445
3.507075253754273,-0.9953032626432834,7.914345406779886,0.999,2.995,2101.0,-8.147872753072605e-05,0.00248775476744445
3.5069937750267424,-0.9952656529601251,7.916833161547331,0.999,2.995,2102.0,-8.147872753072605e-05,0.00248775476744445
3.506925896000823,-0.9953135055180108,7.9173857975934085,0.999,2.994857142857143,2103.0,-6.787902591920414e-05,0.0005526360460779145
3.5068580169749044,-0.9953613580758963,7.9179384336394865,0.999,2.9947142857142857,2104.0,-6.787902591876005e-05,0.0005526360460779145
3.506790137948985,-0.995409210633782,7.918491069685564,0.999,2.9945714285714287,2105.0,-6.787902591920414e-05,0.0005526360460779145
3.5067222589230664,-0.9954570631916676,7.919043705731641,0.999,2.9944285714285717,2106.0,-6.787902591876005e-05,0.0005526360460770263
3.5066543798971472,-0.9955049157495531,7.919596341777719,0.999,2.994285714285714,2107.0,-6.787902591920414e-05,0.0005526360460779145
3.5065865008712285,-0.9955527683074388,7.920148977823797,0.999,2.994142857142857,2108.0,-6.787902591876005e-05,0.0005526360460779145
3.5065186218453093,-0.9956006208653244,7.920701613869875,0.999,2.994,2109.0,-6.787902591920414e-05,0.0005526360460779145
3.50645074281939,-0.99564847342321,7.921254249915953,0.999,2.9938571428571428,2110.0,-6.787902591920414e-05,0.0005526360460779145
3.5063828637934713,-0.9956963259810956,7.921806885962031,0.999,2.9937142857142858,2111.0,-6.787902591876005e-05,0.0005526360460779145
3.506314984767552,-0.9957441785389811,7.922359522008109,0.999,2.9935714285714283,2112.0,-6.787902591920414e-05,0.0005526360460779145
3.5062471057416333,-0.9957920310968668,7.922912158054186,0.999,2.9934285714285713,2113.0,-6.787902591876005e-05,0.0005526360460770263
3.506179226715714,-0.9958398836547524,7.923464794100264,0.999,2.9932857142857143,2114.0,-6.787902591920414e-05,0.0005526360460779145
3.5061113476897954,-0.9958877362126379,7.924017430146342,0.999,2.993142857142857,2115.0,-6.787902591876005e-05,0.0005526360460779145
3.506043468663876,-0.9959355887705236,7.92457006619242,0.999,2.993,2116.0,-6.787902591920414e-05,0.0005526360460779145
3.5059481534636867,-0.9959297976336136,7.927617907852057,0.999,2.993,2117.0,-9.531520018946082e-05,0.0030478416596375624
3.5058528382634977,-0.9959240064967034,7.930665749511694,0.999,2.993,2118.0,-9.531520018901674e-05,0.003047841659636674
3.5057575230633082,-0.9959182153597934,7.9337135911713315,0.999,2.993,2119.0,-9.531520018946082e-05,0.0030478416596375624
3.505662207863119,-0.9959124242228833,7.936761432830969,0.999,2.993,2120.0,-9.531520018901674e-05,0.0030478416596375624
3.5055668926629298,-0.9959066330859733,7.939809274490606,0.999,2.993,2121.0,-9.531520018946082e-05,0.003047841659636674
3.5054715774627403,-0.9959008419490633,7.942857116150243,0.999,2.993,2122.0,-9.531520018946082e-05,0.0030478416596375624
3.5053762622625513,-0.9958950508121531,7.945904957809881,0.999,2.993,2123.0,-9.531520018901674e-05,0.0030478416596375624
3.505280947062362,-0.9958892596752431,7.948952799469518,0.999,2.993,2124.0,-9.531520018946082e-05,0.0030478416596375624
3.5051856318621724,-0.9958834685383331,7.952000641129155,0.999,2.993,2125.0,-9.531520018946082e-05,0.003047841659636674
3.5050903166619833,-0.995877677401423,7.955048482788793,0.999,2.993,2126.0,-9.531520018901674e-05,0.0030478416596375624
3.504995001461794,-0.995871886264513,7.95809632444843,0.999,2.993,2127.0,-9.531520018946082e-05,0.0030478416596375624
3.504899686261605,-0.9958660951276028,7.961144166108067,0.999,2.993,2128.0,-9.531520018901674e-05,0.003047841659636674
3.5048043710614154,-0.9958603039906928,7.964192007767704,0.999,2.993,2129.0,-9.531520018946082e-05,0.0030478416596375624
3.5047393756615333,-0.9958499261771295,7.965098114604112,0.999,2.992857142857143,2130.0,-6.499539988213954e-05,0.000906106836407794
3.504674380261651,-0.9958395483635663,7.966004221440521,0.999,2.9927142857142854,2131.0,-6.499539988213954e-05,0.0009061068364086822
3.504609384861769,-0.995829170550003,7.966910328276929,0.999,2.9925714285714284,2132.0,-6.499539988213954e-05,0.000906106836407794
3.504544389461887,-0.9958187927364397,7.967816435113337,0.999,2.9924285714285714,2133.0,-6.499539988213954e-05,0.0009061068364086822
3.5044793940620047,-0.9958084149228764,7.968722541949745,0.999,2.9922857142857144,2134.0,-6.499539988213954e-05,0.000906106836407794
3.5044143986621226,-0.9957980371093131,7.969628648786154,0.999,2.992142857142857,2135.0,-6.499539988213954e-05,0.0009061068364086822
3.504349403262241,-0.9957876592957499,7.970534755622562,0.999,2.992,2136.0,-6.499539988169545e-05,0.000906106836407794
3.5042844078623587,-0.9957772814821867,7.971440862458969,0.999,2.991857142857143,2137.0,-6.499539988213954e-05,0.000906106836407794
3.5042194124624766,-0.9957669036686234,7.972346969295378,0.999,2.9917142857142855,2138.0,-6.499539988213954e-05,0.0009061068364086822
3.5041544170625945,-0.9957565258550601,7.973253076131786,0.999,2.9915714285714285,2139.0,-6.499539988213954e-05,0.000906106836407794
3.5040894216627123,-0.9957461480414969,7.974159182968195,0.999,2.9914285714285715,2140.0,-6.499539988213954e-05,0.0009061068364086822
3.50402442626283,-0.9957357702279336,7.975065289804602,0.999,2.9912857142857145,2141.0,-6.499539988213954e-05,0.000906106836407794
3.503959430862948,-0.9957253924143703,7.975971396641011,0.999,2.991142857142857,2142.0,-6.499539988213954e-05,0.0009061068364086822
3.503894435463066,-0.995715014600807,7.976877503477419,0.999,2.991,2143.0,-6.499539988213954e-05,0.000906106836407794
3.503797916079496,-0.9957884295168072,7.977421461699042,0.999,2.9909230769230772,2144.0,-9.651938357002621e-05,0.0005439582216233418
3.503701396695926,-0.9958618444328075,7.9779654199206655,0.999,2.990846153846154,2145.0,-9.651938357002621e-05,0.0005439582216233418
3.5036048773123563,-0.9959352593488077,7.978509378142289,0.999,2.990769230769231,2146.0,-9.651938356958212e-05,0.0005439582216233418
3.5035083579287862,-0.996008674264808,7.979053336363913,0.999,2.9906923076923078,2147.0,-9.651938357002621e-05,0.00054395822162423
3.503411838545216,-0.9960820891808082,7.9795972945855365,0.999,2.990615384615385,2148.0,-9.651938357002621e-05,0.0005439582216233418
3.503315319161646,-0.9961555040968084,7.98014125280716,0.999,2.9905384615384616,2149.0,-9.651938357002621e-05,0.0005439582216233418
3.5032187997780766,-0.9962289190128086,7.980685211028783,0.999,2.9904615384615387,2150.0,-9.651938356958212e-05,0.0005439582216233418
3.5031222803945066,-0.9963023339288088,7.9812291692504065,0.999,2.9903846153846154,2151.0,-9.651938357002621e-05,0.0005439582216233418
3.5030257610109365,-0.9963757488448091,7.98177312747203,0.999,2.9903076923076926,2152.0,-9.651938357002621e-05,0.0005439582216233418
3.5029292416273665,-0.9964491637608094,7.982317085693654,0.999,2.9902307692307692,2153.0,-9.651938357002621e-05,0.00054395822162423
3.502832722243797,-0.9965225786768096,7.982861043915277,0.999,2.9901538461538464,2154.0,-9.651938356958212e-05,0.0005439582216233418
3.502736202860227,-0.9965959935928098,7.983405002136901,0.999,2.990076923076923,2155.0,-9.651938357002621e-05,0.0005439582216233418
3.502639683476657,-0.99666940850881,7.983948960358524,0.999,2.99,2156.0,-9.651938357002621e-05,0.0005439582216233418
3.5025620722017075,-0.9966167710412868,7.987044664633313,0.9989857142857143,2.9899285714285715,2157.0,-7.761127494942954e-05,0.0030957042747887797
3.502484460926758,-0.9965641335737635,7.990140368908101,0.9989714285714286,2.989857142857143,2158.0,-7.761127494942954e-05,0.0030957042747878916
3.5024068496518086,-0.9965114961062401,7.993236073182889,0.9989571428571429,2.9897857142857145,2159.0,-7.761127494942954e-05,0.0030957042747878916
3.5023292383768587,-0.9964588586387169,7.996331777457677,0.9989428571428571,2.9897142857142858,2160.0,-7.761127494987363e-05,0.0030957042747887797
3.5022516271019093,-0.9964062211711936,7.999427481732466,0.9989285714285714,2.989642857142857,2161.0,-7.761127494942954e-05,0.0030957042747887797
3.50217401582696,-0.9963535837036703,8.002523186007254,0.9989142857142858,2.9895714285714288,2162.0,-7.761127494942954e-05,0.0030957042747878916
3.5020964045520104,-0.996300946236147,8.005618890282042,0.9989,2.9895,2163.0,-7.761127494942954e-05,0.0030957042747878916
3.502018793277061,-0.9962483087686237,8.008714594556832,0.9988857142857143,2.9894285714285713,2164.0,-7.761127494942954e-05,0.003095704274789668
3.5019411820021116,-0.9961956713011004,8.01181029883162,0.9988714285714286,2.989357142857143,2165.0,-7.761127494942954e-05,0.0030957042747878916
3.501863570727162,-0.9961430338335772,8.014906003106407,0.9988571428571429,2.9892857142857143,2166.0,-7.761127494942954e-05,0.0030957042747878916
3.5017859594522123,-0.9960903963660539,8.018001707381195,0.9988428571428571,2.9892142857142856,2167.0,-7.761127494987363e-05,0.0030957042747878916
3.501708348177263,-0.9960377588985305,8.021097411655983,0.9988285714285714,2.989142857142857,2168.0,-7.761127494942954e-05,0.0030957042747878916
3.5016307369023134,-0.9959851214310073,8.024193115930773,0.9988142857142858,2.9890714285714286,2169.0,-7.761127494942954e-05,0.003095704274789668
3.501553125627364,-0.995932483963484,8.02728882020556,0.9988,2.989,2170.0,-7.761127494942954e-05,0.0030957042747878916
3.501471060563974,-0.9958608045792325,8.028381892003294,0.9988153846153847,2.988923076923077,2171.0,-8.206506339014652e-05,0.0010930717977331028
3.5013889955005832,-0.9957891251949811,8.029474963801029,0.9988307692307693,2.9888461538461537,2172.0,-8.206506339059061e-05,0.0010930717977348792
3.501306930437193,-0.9957174458107296,8.030568035598762,0.9988461538461538,2.988769230769231,2173.0,-8.206506339014652e-05,0.0010930717977331028
3.5012248653738025,-0.9956457664264782,8.031661107396497,0.9988615384615385,2.9886923076923075,2174.0,-8.206506339059061e-05,0.0010930717977348792
3.5011428003104124,-0.9955740870422267,8.03275417919423,0.9988769230769231,2.9886153846153847,2175.0,-8.206506339014652e-05,0.0010930717977331028
3.501060735247022,-0.9955024076579753,8.033847250991963,0.9988923076923077,2.9885384615384614,2176.0,-8.206506339014652e-05,0.0010930717977331028
3.5009786701836316,-0.9954307282737237,8.034940322789698,0.9989076923076923,2.9884615384615385,2177.0,-8.206506339059061e-05,0.0010930717977348792
3.5008966051202415,-0.9953590488894722,8.036033394587431,0.9989230769230769,2.988384615384615,2178.0,-8.206506339014652e-05,0.0010930717977331028
3.5008145400568513,-0.9952873695052208,8.037126466385164,0.9989384615384616,2.9883076923076923,2179.0,-8.206506339014652e-05,0.0010930717977331028
3.5007324749934607,-0.9952156901209693,8.038219538182899,0.9989538461538462,2.988230769230769,2180.0,-8.206506339059061e-05,0.0010930717977348792
3.5006504099300706,-0.9951440107367179,8.039312609980632,0.9989692307692307,2.988153846153846,2181.0,-8.206506339014652e-05,0.0010930717977331028
3.50056834486668,-0.9950723313524664,8.040405681778367,0.9989846153846154,2.988076923076923,2182.0,-8.206506339059061e-05,0.0010930717977348792
3.50048627980329,-0.995000651968215,8.0414987535761,0.999,2.988,2183.0,-8.206506339014652e-05,0.0010930717977331028
3.500412931651902,-0.9950979820486363,8.042395735933232,0.999,2.9879285714285713,2184.0,-7.334815138770878e-05,0.0008969823571316482
3.5003395835005144,-0.9951953121290577,8.043292718290362,0.999,2.987857142857143,2185.0,-7.334815138770878e-05,0.0008969823571298718
3.500266235349127,-0.995292642209479,8.044189700647493,0.999,2.9877857142857143,2186.0,-7.334815138726469e-05,0.0008969823571316482
3.5001928871977395,-0.9953899722899003,8.045086683004625,0.999,2.9877142857142855,2187.0,-7.334815138770878e-05,0.0008969823571316482
3.5001195390463518,-0.9954873023703217,8.045983665361756,0.999,2.9876428571428573,2188.0,-7.334815138770878e-05,0.0008969823571316482
3.500046190894964,-0.995584632450743,8.046880647718886,0.999,2.9875714285714285,2189.0,-7.334815138770878e-05,0.0008969823571298718
3.499972842743577,-0.9956819625311644,8.047777630076018,0.999,2.9875000000000003,2190.0,-7.334815138726469e-05,0.0008969823571316482
3.499899494592189,-0.9957792926115856,8.04867461243315,0.999,2.9874285714285715,2191.0,-7.334815138770878e-05,0.0008969823571316482
3.4998261464408014,-0.9958766226920069,8.04957159479028,0.999,2.987357142857143,2192.0,-7.334815138770878e-05,0.0008969823571298718
3.4997527982894137,-0.9959739527724283,8.050468577147411,0.999,2.9872857142857145,2193.0,-7.334815138770878e-05,0.0008969823571316482
3.499679450138026,-0.9960712828528496,8.051365559504543,0.999,2.987214285714286,2194.0,-7.334815138770878e-05,0.0008969823571316482
3.4996061019866387,-0.996168612933271,8.052262541861674,0.999,2.987142857142857,2195.0,-7.334815138726469e-05,0.0008969823571316482
3.499532753835251,-0.9962659430136923,8.053159524218804,0.999,2.987071428571429,2196.0,-7.334815138770878e-05,0.0008969823571298718
3.4994594056838633,-0.9963632730941137,8.054056506575936,0.999,2.987,2197.0,-7.334815138770878e-05,0.0008969823571316482
3.499377102142411,-0.9962442161317486,8.057737437513772,0.999,2.9869230769230772,2198.0,-8.23035414523332e-05,0.0036809309378362798
3.4992947986009586,-0.9961251591693837,8.061418368451609,0.999,2.986846153846154,2199.0,-8.23035414523332e-05,0.0036809309378362798
3.4992124950595063,-0.9960061022070187,8.065099299389445,0.999,2.986769230769231,2200.0,-8.23035414523332e-05,0.0036809309378362798
3.4991301915180544,-0.9958870452446537,8.068780230327281,0.999,2.9866923076923078,2201.0,-8.230354145188912e-05,0.0036809309378362798
3.499047887976602,-0.9957679882822887,8.072461161265117,0.999,2.986615384615385,2202.0,-8.23035414523332e-05,0.0036809309378362798
3.4989655844351497,-0.9956489313199237,8.076142092202954,0.999,2.9865384615384616,2203.0,-8.23035414523332e-05,0.0036809309378362798
3.4988832808936974,-0.9955298743575587,8.079823023140792,0.999,2.9864615384615387,2204.0,-8.23035414523332e-05,0.003680930937838056
3.498800977352245,-0.9954108173951937,8.083503954078628,0.999,2.9863846153846154,2205.0,-8.23035414523332e-05,0.0036809309378362798
3.4987186738107927,-0.9952917604328287,8.087184885016464,0.999,2.9863076923076926,2206.0,-8.23035414523332e-05,0.0036809309378362798
3.498636370269341,-0.9951727034704637,8.0908658159543,0.999,2.9862307692307692,2207.0,-8.230354145188912e-05,0.0036809309378362798
3.4985540667278885,-0.9950536465080987,8.094546746892137,0.999,2.9861538461538464,2208.0,-8.23035414523332e-05,0.0036809309378362798
3.498471763186436,-0.9949345895457338,8.098227677829973,0.999,2.986076923076923,2209.0,-8.23035414523332e-05,0.0036809309378362798
3.498389459644984,-0.9948155325833687,8.10190860876781,0.999,2.986,2210.0,-8.23035414523332e-05,0.0036809309378362798
3.498304980814364,-0.994878292604472,8.103153958222926,0.999,2.9859285714285715,2211.0,-8.447883061979411e-05,0.0012453494551163402
3.4982205019837442,-0.9949410526255753,8.104399307678042,0.999,2.985857142857143,2212.0,-8.447883061979411e-05,0.0012453494551163402
3.4981360231531244,-0.9950038126466786,8.105644657133158,0.999,2.9857857142857145,2213.0,-8.447883061979411e-05,0.0012453494551163402
3.498051544322504,-0.9950665726677819,8.106890006588275,0.999,2.9857142857142858,2214.0,-8.44788306202382e-05,0.0012453494551163402
3.4979670654918844,-0.9951293326888851,8.108135356043391,0.999,2.985642857142857,2215.0,-8.447883061979411e-05,0.0012453494551163402
3.4978825866612646,-0.9951920927099884,8.109380705498507,0.999,2.9855714285714288,2216.0,-8.447883061979411e-05,0.0012453494551163402
3.497798107830645,-0.9952548527310917,8.110626054953624,0.999,2.9855,2217.0,-8.447883061979411e-05,0.0012453494551163402
3.497713629000025,-0.9953176127521951,8.11187140440874,0.999,2.9854285714285713,2218.0,-8.447883061979411e-05,0.0012453494551163402
3.4976291501694052,-0.9953803727732984,8.113116753863856,0.999,2.985357142857143,2219.0,-8.447883061979411e-05,0.0012453494551163402
3.4975446713387854,-0.9954431327944017,8.114362103318973,0.999,2.9852857142857143,2220.0,-8.447883061979411e-05,0.0012453494551163402
3.497460192508165,-0.995505892815505,8.11560745277409,0.999,2.9852142857142856,2221.0,-8.44788306202382e-05,0.0012453494551163402
3.4973757136775454,-0.9955686528366082,8.116852802229205,0.999,2.985142857142857,2222.0,-8.447883061979411e-05,0.0012453494551163402
3.4972912348469256,-0.9956314128577115,8.118098151684322,0.999,2.9850714285714286,2223.0,-8.447883061979411e-05,0.0012453494551163402
3.497206756016306,-0.9956941728788148,8.119343501139438,0.999,2.985,2224.0,-8.447883061979411e-05,0.0012453494551163402
3.497130136593643,-0.9957904642280819,8.120109844688441,0.999,2.984923076923077,2225.0,-7.661942266290467e-05,0.0007663435490030679
3.4970535171709796,-0.9958867555773491,8.120876188237444,0.999,2.9848461538461537,2226.0,-7.661942266334876e-05,0.0007663435490030679
3.4969768977483167,-0.9959830469266162,8.121642531786446,0.999,2.984769230769231,2227.0,-7.661942266290467e-05,0.0007663435490012915
3.4969002783256533,-0.9960793382758832,8.122408875335449,0.999,2.9846923076923075,2228.0,-7.661942266334876e-05,0.0007663435490030679
3.4968236589029904,-0.9961756296251504,8.123175218884452,0.999,2.9846153846153847,2229.0,-7.661942266290467e-05,0.0007663435490030679
3.496747039480327,-0.9962719209744175,8.123941562433455,0.999,2.9845384615384614,2230.0,-7.661942266334876e-05,0.0007663435490030679
3.496670420057664,-0.9963682123236847,8.124707905982456,0.999,2.9844615384615385,2231.0,-7.661942266290467e-05,0.0007663435490012915
3.496593800635001,-0.9964645036729518,8.12547424953146,0.999,2.984384615384615,2232.0,-7.661942266334876e-05,0.0007663435490030679
3.496517181212338,-0.996560795022219,8.126240593080462,0.999,2.9843076923076923,2233.0,-7.661942266290467e-05,0.0007663435490030679
3.4964405617896746,-0.996657086371486,8.127006936629465,0.999,2.984230769230769,2234.0,-7.661942266334876e-05,0.0007663435490030679
3.4963639423670116,-0.9967533777207531,8.127773280178467,0.999,2.984153846153846,2235.0,-7.661942266290467e-05,0.0007663435490012915
3.4962873229443483,-0.9968496690700203,8.12853962372747,0.999,2.984076923076923,2236.0,-7.661942266334876e-05,0.0007663435490030679
3.4962107035216854,-0.9969459604192874,8.129305967276473,0.999,2.984,2237.0,-7.661942266290467e-05,0.0007663435490030679
3.4961480016797486,-0.9969156033811137,8.130618892289812,0.999,2.9839285714285713,2238.0,-6.27018419367964e-05,0.001312925013339239
3.496085299837812,-0.9968852463429401,8.13193181730315,0.999,2.983857142857143,2239.0,-6.27018419367964e-05,0.0013129250133374626
3.496022597995875,-0.9968548893047664,8.133244742316489,0.999,2.9837857142857143,2240.0,-6.27018419367964e-05,0.001312925013339239
3.495959896153938,-0.9968245322665927,8.134557667329826,0.999,2.9837142857142855,2241.0,-6.27018419367964e-05,0.0013129250133374626
3.4958971943120014,-0.9967941752284191,8.135870592343165,0.999,2.9836428571428573,2242.0,-6.27018419367964e-05,0.001312925013339239
3.4958344924700646,-0.9967638181902454,8.137183517356503,0.999,2.9835714285714285,2243.0,-6.27018419367964e-05,0.0013129250133374626
3.4957717906281283,-0.9967334611520718,8.138496442369842,0.999,2.9835000000000003,2244.0,-6.270184193635231e-05,0.001312925013339239
3.4957090887861915,-0.9967031041138982,8.139809367383181,0.999,2.9834285714285715,2245.0,-6.27018419367964e-05,0.001312925013339239
3.4956463869442547,-0.9966727470757245,8.141122292396519,0.999,2.983357142857143,2246.0,-6.27018419367964e-05,0.0013129250133374626
3.495583685102318,-0.9966423900375508,8.142435217409858,0.999,2.9832857142857145,2247.0,-6.27018419367964e-05,0.001312925013339239
3.495520983260381,-0.9966120329993772,8.143748142423195,0.999,2.983214285714286,2248.0,-6.27018419367964e-05,0.0013129250133374626
3.4954582814184443,-0.9965816759612035,8.145061067436535,0.999,2.983142857142857,2249.0,-6.27018419367964e-05,0.001312925013339239
3.4953955795765075,-0.9965513189230298,8.146373992449872,0.999,2.983071428571429,2250.0,-6.27018419367964e-05,0.0013129250133374626
3.4953328777345707,-0.9965209618848562,8.147686917463211,0.999,2.983,2251.0,-6.27018419367964e-05,0.001312925013339239
3.4952278224035247,-0.9963907942317178,8.149866786885903,0.999,2.9829230769230772,2252.0,-0.00010505533104598896,0.0021798694226919935
3.495122767072479,-0.9962606265785796,8.152046656308595,0.999,2.982846153846154,2253.0,-0.00010505533104554488,0.0021798694226919935
3.495017711741433,-0.9961304589254413,8.154226525731287,0.999,2.982769230769231,2254.0,-0.00010505533104598896,0.0021798694226919935
3.4949126564103876,-0.996000291272303,8.15640639515398,0.999,2.9826923076923078,2255.0,-0.00010505533104554488,0.0021798694226919935
3.4948076010793416,-0.9958701236191647,8.158586264576671,0.999,2.982615384615385,2256.0,-0.00010505533104598896,0.0021798694226919935
3.4947025457482956,-0.9957399559660264,8.160766133999363,0.999,2.9825384615384616,2257.0,-0.00010505533104598896,0.0021798694226919935
3.49459749041725,-0.9956097883128882,8.162946003422055,0.999,2.9824615384615387,2258.0,-0.00010505533104554488,0.0021798694226919935
3.494492435086204,-0.9954796206597498,8.165125872844747,0.999,2.9823846153846154,2259.0,-0.00010505533104598896,0.0021798694226919935
3.494387379755158,-0.9953494530066115,8.16730574226744,0.999,2.9823076923076925,2260.0,-0.00010505533104598896,0.0021798694226919935
3.4942823244241126,-0.9952192853534733,8.169485611690131,0.999,2.9822307692307692,2261.0,-0.00010505533104554488,0.0021798694226919935
3.4941772690930666,-0.9950891177003349,8.171665481112823,0.999,2.9821538461538464,2262.0,-0.00010505533104598896,0.0021798694226919935
3.494072213762021,-0.9949589500471967,8.173845350535515,0.999,2.982076923076923,2263.0,-0.00010505533104554488,0.0021798694226919935
3.493967158430975,-0.9948287823940584,8.176025219958207,0.999,2.982,2264.0,-0.00010505533104598896,0.0021798694226919935
3.4938917149401427,-0.9949726128512,8.178260824583289,0.999,2.9819285714285715,2265.0,-7.54434908323276e-05,0.002235604625081322
3.4938162714493104,-0.9951164433083415,8.180496429208372,0.999,2.981857142857143,2266.0,-7.54434908323276e-05,0.0022356046250830985
3.493740827958478,-0.995260273765483,8.182732033833453,0.999,2.9817857142857145,2267.0,-7.54434908323276e-05,0.002235604625081322
3.4936653844676453,-0.9954041042226246,8.184967638458536,0.999,2.9817142857142858,2268.0,-7.544349083277169e-05,0.0022356046250830985
3.493589940976813,-0.9955479346797662,8.187203243083617,0.999,2.981642857142857,2269.0,-7.54434908323276e-05,0.002235604625081322
3.4935144974859806,-0.9956917651369077,8.1894388477087,0.999,2.9815714285714288,2270.0,-7.54434908323276e-05,0.0022356046250830985
3.4934390539951483,-0.9958355955940492,8.191674452333782,0.999,2.9815,2271.0,-7.54434908323276e-05,0.002235604625081322
3.493363610504316,-0.9959794260511908,8.193910056958863,0.999,2.9814285714285713,2272.0,-7.54434908323276e-05,0.002235604625081322
3.4932881670134837,-0.9961232565083324,8.196145661583946,0.999,2.981357142857143,2273.0,-7.54434908323276e-05,0.0022356046250830985
3.4932127235226513,-0.996267086965474,8.198381266209028,0.999,2.9812857142857143,2274.0,-7.54434908323276e-05,0.002235604625081322
3.4931372800318186,-0.9964109174226154,8.20061687083411,0.999,2.9812142857142856,2275.0,-7.544349083277169e-05,0.0022356046250830985
3.4930618365409862,-0.9965547478797571,8.202852475459192,0.999,2.981142857142857,2276.0,-7.54434908323276e-05,0.002235604625081322
3.492986393050154,-0.9966985783368987,8.205088080084275,0.999,2.9810714285714286,2277.0,-7.54434908323276e-05,0.0022356046250830985
3.4929109495593216,-0.9968424087940402,8.207323684709356,0.999,2.981,2278.0,-7.54434908323276e-05,0.002235604625081322
3.492835212739708,-0.9970859586408859,8.209108532680846,0.999,2.980923076923077,2279.0,-7.573681961359213e-05,0.0017848479714892562
3.4927594759200944,-0.9973295084877316,8.210893380652335,0.999,2.9808461538461537,2280.0,-7.573681961359213e-05,0.0017848479714892562
3.492683739100481,-0.9975730583345774,8.212678228623822,0.999,2.980769230769231,2281.0,-7.573681961359213e-05,0.0017848479714874799
3.4926080022808677,-0.9978166081814231,8.214463076595312,0.999,2.9806923076923075,2282.0,-7.573681961314804e-05,0.0017848479714892562
3.492532265461254,-0.9980601580282689,8.216247924566801,0.999,2.9806153846153847,2283.0,-7.573681961359213e-05,0.0017848479714892562
3.4924565286416405,-0.9983037078751146,8.21803277253829,0.999,2.9805384615384614,2284.0,-7.573681961359213e-05,0.0017848479714892562
3.492380791822027,-0.9985472577219604,8.219817620509778,0.999,2.9804615384615385,2285.0,-7.573681961359213e-05,0.0017848479714874799
3.4923050550024133,-0.9987908075688061,8.221602468481267,0.999,2.980384615384615,2286.0,-7.573681961359213e-05,0.0017848479714892562
3.4922293181827997,-0.9990343574156518,8.223387316452756,0.999,2.9803076923076923,2287.0,-7.573681961359213e-05,0.0017848479714892562
3.4921535813631865,-0.9992779072624975,8.225172164424245,0.999,2.980230769230769,2288.0,-7.573681961314804e-05,0.0017848479714892562
3.492077844543573,-0.9995214571093434,8.226957012395733,0.999,2.980153846153846,2289.0,-7.573681961359213e-05,0.0017848479714874799
3.4920021077239594,-0.9997650069561891,8.228741860367222,0.999,2.980076923076923,2290.0,-7.573681961359213e-05,0.0017848479714892562
3.4919263709043458,-1.0000085568030348,8.230526708338711,0.999,2.98,2291.0,-7.573681961359213e-05,0.0017848479714892562
3.4918477306599174,-0.9998614874609064,8.23198793267481,0.999,2.9799285714285713,2292.0,-7.864024442838513e-05,0.0014612243360989652
3.491769090415489,-0.9997144181187779,8.233449157010911,0.999,2.979857142857143,2293.0,-7.864024442838513e-05,0.0014612243361007415
3.4916904501710606,-0.9995673487766495,8.23491038134701,0.999,2.9797857142857143,2294.0,-7.864024442838513e-05,0.0014612243360989652
3.4916118099266327,-0.999420279434521,8.236371605683109,0.999,2.9797142857142855,2295.0,-7.864024442794104e-05,0.0014612243360989652
3.4915331696822043,-0.9992732100923927,8.237832830019208,0.999,2.9796428571428573,2296.0,-7.864024442838513e-05,0.0014612243360989652
3.491454529437776,-0.9991261407502642,8.239294054355309,0.999,2.9795714285714285,2297.0,-7.864024442838513e-05,0.0014612243361007415
3.4913758891933475,-0.9989790714081358,8.240755278691408,0.999,2.9795000000000003,2298.0,-7.864024442838513e-05,0.0014612243360989652
3.491297248948919,-0.9988320020660074,8.242216503027507,0.999,2.9794285714285715,2299.0,-7.864024442838513e-05,0.0014612243360989652
3.4912186087044907,-0.9986849327238789,8.243677727363607,0.999,2.979357142857143,2300.0,-7.864024442838513e-05,0.0014612243361007415
3.4911399684600624,-0.9985378633817505,8.245138951699706,0.999,2.9792857142857145,2301.0,-7.864024442838513e-05,0.0014612243360989652
3.4910613282156344,-0.998390794039622,8.246600176035805,0.999,2.979214285714286,2302.0,-7.864024442794104e-05,0.0014612243360989652
3.490982687971206,-0.9982437246974937,8.248061400371904,0.999,2.979142857142857,2303.0,-7.864024442838513e-05,0.0014612243360989652
3.4909040477267776,-0.9980966553553652,8.249522624708005,0.999,2.979071428571429,2304.0,-7.864024442838513e-05,0.0014612243361007415
3.4908254074823493,-0.9979495860132368,8.250983849044104,0.999,2.979,2305.0,-7.864024442838513e-05,0.0014612243360989652
3.4907617537448985,-0.9977912938885306,8.253785667185559,0.999,2.978846153846154,2306.0,-6.365373745076397e-05,0.0028018181414548593
3.4906981000074477,-0.9976330017638244,8.256587485327014,0.999,2.9786923076923078,2307.0,-6.365373745076397e-05,0.0028018181414548593
3.490634446269997,-0.9974747096391182,8.25938930346847,0.999,2.9785384615384616,2308.0,-6.365373745076397e-05,0.0028018181414566357
3.490570792532546,-0.9973164175144119,8.262191121609925,0.999,2.9783846153846154,2309.0,-6.365373745076397e-05,0.0028018181414548593
3.4905071387950954,-0.9971581253897057,8.26499293975138,0.999,2.9782307692307692,2310.0,-6.365373745076397e-05,0.0028018181414548593
3.4904434850576447,-0.9969998332649995,8.267794757892835,0.999,2.978076923076923,2311.0,-6.365373745076397e-05,0.0028018181414548593
3.4903798313201935,-0.9968415411402933,8.270596576034292,0.999,2.977923076923077,2312.0,-6.365373745120806e-05,0.0028018181414566357
3.4903161775827427,-0.9966832490155871,8.273398394175747,0.999,2.9777692307692307,2313.0,-6.365373745076397e-05,0.0028018181414548593
3.490252523845292,-0.9965249568908809,8.276200212317201,0.999,2.9776153846153846,2314.0,-6.365373745076397e-05,0.0028018181414548593
3.490188870107841,-0.9963666647661746,8.279002030458656,0.999,2.9774615384615384,2315.0,-6.365373745076397e-05,0.0028018181414548593
3.4901252163703904,-0.9962083726414684,8.281803848600113,0.999,2.977307692307692,2316.0,-6.365373745076397e-05,0.0028018181414566357
3.4900615626329397,-0.9960500805167622,8.284605666741568,0.999,2.977153846153846,2317.0,-6.365373745076397e-05,0.0028018181414548593
3.489997908895489,-0.995891788392056,8.287407484883023,0.999,2.977,2318.0,-6.365373745076397e-05,0.0028018181414548593
3.4899075442385805,-0.9959165387665274,8.289340198089919,0.999,2.977,2319.0,-9.036465690837048e-05,0.0019327132068962527
3.489817179581672,-0.9959412891409988,8.291272911296815,0.999,2.977,2320.0,-9.036465690837048e-05,0.0019327132068962527
3.4897268149247638,-0.99596603951547,8.29320562450371,0.999,2.977,2321.0,-9.036465690837048e-05,0.0019327132068944763
3.489636450267855,-0.9959907898899414,8.295138337710606,0.999,2.977,2322.0,-9.036465690881457e-05,0.0019327132068962527
3.4895460856109466,-0.9960155402644127,8.297071050917502,0.999,2.977,2323.0,-9.036465690837048e-05,0.0019327132068962527
3.489455720954038,-0.9960402906388841,8.299003764124398,0.999,2.977,2324.0,-9.036465690837048e-05,0.0019327132068962527
3.48936535629713,-0.9960650410133554,8.300936477331295,0.999,2.977,2325.0,-9.036465690837048e-05,0.0019327132068962527
3.4892749916402215,-0.9960897913878267,8.302869190538189,0.999,2.977,2326.0,-9.036465690837048e-05,0.0019327132068944763
3.489184626983313,-0.9961145417622981,8.304801903745085,0.999,2.977,2327.0,-9.036465690837048e-05,0.0019327132068962527
3.4890942623264047,-0.9961392921367694,8.306734616951982,0.999,2.977,2328.0,-9.036465690837048e-05,0.0019327132068962527
3.489003897669496,-0.9961640425112408,8.308667330158878,0.999,2.977,2329.0,-9.036465690881457e-05,0.0019327132068962527
3.4889135330125876,-0.996188792885712,8.310600043365772,0.999,2.977,2330.0,-9.036465690837048e-05,0.0019327132068944763
3.488823168355679,-0.9962135432601834,8.312532756572669,0.999,2.977,2331.0,-9.036465690837048e-05,0.0019327132068962527
3.488732803698771,-0.9962382936346548,8.314465469779565,0.999,2.977,2332.0,-9.036465690837048e-05,0.0019327132068962527
3.488663621664667,-0.9962595198821127,8.315841834883537,0.999,2.9768461538461537,2333.0,-6.91820341036653e-05,0.0013763651039724323
3.4885944396305635,-0.9962807461295706,8.317218199987511,0.999,2.9766923076923075,2334.0,-6.91820341036653e-05,0.0013763651039742086
3.4885252575964603,-0.9963019723770286,8.318594565091484,0.999,2.9765384615384614,2335.0,-6.918203410322121e-05,0.0013763651039724323
3.4884560755623566,-0.9963231986244864,8.319970930195458,0.999,2.976384615384615,2336.0,-6.91820341036653e-05,0.0013763651039742086
3.488386893528253,-0.9963444248719443,8.32134729529943,0.999,2.976230769230769,2337.0,-6.91820341036653e-05,0.0013763651039724323
3.4883177114941493,-0.9963656511194022,8.322723660403403,0.999,2.976076923076923,2338.0,-6.91820341036653e-05,0.0013763651039724323
3.488248529460046,-0.9963868773668602,8.324100025507377,0.999,2.975923076923077,2339.0,-6.918203410322121e-05,0.0013763651039742086
3.4881793474259424,-0.9964081036143181,8.32547639061135,0.999,2.975769230769231,2340.0,-6.91820341036653e-05,0.0013763651039724323
3.4881101653918387,-0.996429329861776,8.326852755715322,0.999,2.9756153846153848,2341.0,-6.91820341036653e-05,0.0013763651039724323
3.488040983357735,-0.9964505561092338,8.328229120819296,0.999,2.9754615384615386,2342.0,-6.91820341036653e-05,0.0013763651039742086
3.487971801323632,-0.9964717823566918,8.329605485923269,0.999,2.9753076923076924,2343.0,-6.918203410322121e-05,0.0013763651039724323
3.487902619289528,-0.9964930086041497,8.330981851027243,0.999,2.9751538461538463,2344.0,-6.91820341036653e-05,0.0013763651039742086
3.4878334372554245,-0.9965142348516076,8.332358216131215,0.999,2.975,2345.0,-6.91820341036653e-05,0.0013763651039724323
3.4877557875110607,-0.9965223266031222,8.333716091515235,0.999,2.975,2346.0,-7.764974436375027e-05,0.0013578753840199909
3.487678137766697,-0.9965304183546368,8.335073966899255,0.999,2.975,2347.0,-7.764974436375027e-05,0.0013578753840199909
3.487600488022333,-0.9965385101061515,8.336431842283277,0.999,2.975,2348.0,-7.764974436419436e-05,0.0013578753840217672
3.487522838277969,-0.9965466018576661,8.337789717667297,0.999,2.975,2349.0,-7.764974436375027e-05,0.0013578753840199909
3.4874451885336053,-0.9965546936091807,8.339147593051317,0.999,2.975,2350.0,-7.764974436375027e-05,0.0013578753840199909
3.4873675387892416,-0.9965627853606953,8.340505468435337,0.999,2.975,2351.0,-7.764974436375027e-05,0.0013578753840199909
3.4872898890448774,-0.9965708771122099,8.341863343819357,0.999,2.975,2352.0,-7.764974436419436e-05,0.0013578753840199909
3.4872122393005136,-0.9965789688637247,8.343221219203379,0.999,2.975,2353.0,-7.764974436375027e-05,0.0013578753840217672
3.48713458955615,-0.9965870606152393,8.344579094587399,0.999,2.975,2354.0,-7.764974436375027e-05,0.0013578753840199909
3.487056939811786,-0.9965951523667539,8.345936969971419,0.999,2.975,2355.0,-7.764974436375027e-05,0.0013578753840199909
3.4869792900674224,-0.9966032441182685,8.347294845355439,0.999,2.975,2356.0,-7.764974436375027e-05,0.0013578753840199909
3.486901640323058,-0.9966113358697831,8.34865272073946,0.999,2.975,2357.0,-7.764974436419436e-05,0.0013578753840217672
3.4868239905786944,-0.9966194276212977,8.35001059612348,0.999,2.975,2358.0,-7.764974436375027e-05,0.0013578753840199909
3.4867463408343307,-0.9966275193728124,8.3513684715075,0.999,2.975,2359.0,-7.764974436375027e-05,0.0013578753840199909
3.4866666219242877,-0.9966810465106957,8.35495943494804,0.999,2.974846153846154,2360.0,-7.971891004299181e-05,0.0035909634405388857
3.4865869030142447,-0.996734573648579,8.35855039838858,0.999,2.9746923076923077,2361.0,-7.971891004299181e-05,0.003590963440540662
3.4865071841042017,-0.9967881007864623,8.362141361829119,0.999,2.9745384615384616,2362.0,-7.971891004299181e-05,0.0035909634405388857
3.4864274651941587,-0.9968416279243455,8.36573232526966,0.999,2.9743846153846154,2363.0,-7.971891004299181e-05,0.003590963440540662
3.4863477462841157,-0.9968951550622288,8.369323288710198,0.999,2.9742307692307692,2364.0,-7.971891004299181e-05,0.0035909634405388857
3.4862680273740727,-0.9969486822001121,8.372914252150737,0.999,2.974076923076923,2365.0,-7.971891004299181e-05,0.0035909634405388857
3.48618830846403,-0.9970022093379954,8.376505215591278,0.999,2.973923076923077,2366.0,-7.971891004254772e-05,0.003590963440540662
3.486108589553987,-0.9970557364758788,8.380096179031817,0.999,2.9737692307692307,2367.0,-7.971891004299181e-05,0.0035909634405388857
3.486028870643944,-0.9971092636137621,8.383687142472356,0.999,2.9736153846153845,2368.0,-7.971891004299181e-05,0.0035909634405388857
3.485949151733901,-0.9971627907516453,8.387278105912896,0.999,2.9734615384615384,2369.0,-7.971891004299181e-05,0.003590963440540662
3.485869432823858,-0.9972163178895286,8.390869069353435,0.999,2.973307692307692,2370.0,-7.971891004299181e-05,0.0035909634405388857
3.485789713913815,-0.9972698450274119,8.394460032793976,0.999,2.973153846153846,2371.0,-7.971891004299181e-05,0.003590963440540662
3.485709995003772,-0.9973233721652952,8.398050996234515,0.999,2.973,2372.0,-7.971891004299181e-05,0.0035909634405388857
3.485648068740227,-0.9971738583996447,8.398817449024907,0.999,2.973,2373.0,-6.192626354506459e-05,0.0007664527903923357
3.485586142476682,-0.997024344633994,8.3995839018153,0.999,2.973,2374.0,-6.192626354506459e-05,0.0007664527903923357
3.4855242162131366,-0.9968748308683435,8.400350354605692,0.999,2.973,2375.0,-6.192626354550868e-05,0.0007664527903923357
3.4854622899495915,-0.996725317102693,8.401116807396084,0.999,2.973,2376.0,-6.192626354506459e-05,0.0007664527903923357
3.4854003636860464,-0.9965758033370423,8.401883260186477,0.999,2.973,2377.0,-6.192626354506459e-05,0.0007664527903923357
3.4853384374225014,-0.9964262895713918,8.402649712976869,0.999,2.973,2378.0,-6.192626354506459e-05,0.0007664527903923357
3.485276511158956,-0.9962767758057411,8.403416165767261,0.999,2.973,2379.0,-6.192626354550868e-05,0.0007664527903923357
3.485214584895411,-0.9961272620400906,8.404182618557652,0.999,2.973,2380.0,-6.192626354506459e-05,0.0007664527903905594
3.4851526586318657,-0.9959777482744401,8.404949071348044,0.999,2.973,2381.0,-6.192626354506459e-05,0.0007664527903923357
3.4850907323683207,-0.9958282345087894,8.405715524138436,0.999,2.973,2382.0,-6.192626354506459e-05,0.0007664527903923357
3.4850288061047756,-0.9956787207431389,8.406481976928829,0.999,2.973,2383.0,-6.192626354506459e-05,0.0007664527903923357
3.48496687984123,-0.9955292069774884,8.407248429719221,0.999,2.973,2384.0,-6.192626354550868e-05,0.0007664527903923357
3.484904953577685,-0.9953796932118377,8.408014882509613,0.999,2.973,2385.0,-6.192626354506459e-05,0.0007664527903923357
3.48484302731414,-0.9952301794461872,8.408781335300006,0.999,2.973,2386.0,-6.192626354506459e-05,0.0007664527903923357
3.4847457065753,-0.9953158624836879,8.41175769428724,0.999,2.9728461538461537,2387.0,-9.732073884016756e-05,0.002976358987234917
3.4846483858364596,-0.9954015455211884,8.414734053274474,0.999,2.9726923076923075,2388.0,-9.732073884016756e-05,0.002976358987233141
3.4845510650976195,-0.9954872285586891,8.417710412261709,0.999,2.9725384615384614,2389.0,-9.732073884016756e-05,0.002976358987234917
3.4844537443587793,-0.9955729115961897,8.420686771248942,0.999,2.972384615384615,2390.0,-9.732073884016756e-05,0.002976358987233141
3.484356423619939,-0.9956585946336903,8.423663130236177,0.999,2.972230769230769,2391.0,-9.732073884016756e-05,0.002976358987234917
3.484259102881099,-0.995744277671191,8.426639489223412,0.999,2.972076923076923,2392.0,-9.732073884016756e-05,0.002976358987234917
3.484161782142259,-0.9958299607086916,8.429615848210645,0.999,2.971923076923077,2393.0,-9.732073884016756e-05,0.002976358987233141
3.4840644614034186,-0.9959156437461922,8.43259220719788,0.999,2.971769230769231,2394.0,-9.732073884016756e-05,0.002976358987234917
3.4839671406645785,-0.9960013267836929,8.435568566185115,0.999,2.9716153846153848,2395.0,-9.732073884016756e-05,0.002976358987234917
3.4838698199257383,-0.9960870098211935,8.438544925172348,0.999,2.9714615384615386,2396.0,-9.732073884016756e-05,0.002976358987233141
3.483772499186898,-0.9961726928586941,8.441521284159583,0.999,2.9713076923076924,2397.0,-9.732073884016756e-05,0.002976358987234917
3.483675178448058,-0.9962583758961947,8.444497643146816,0.999,2.9711538461538463,2398.0,-9.732073884016756e-05,0.002976358987233141
3.483577857709218,-0.9963440589336954,8.44747400213405,0.999,2.971,2399.0,-9.732073884016756e-05,0.002976358987234917
3.4835054229689937,-0.9964884677571666,8.449280567703347,0.9989857142857143,2.971,2400.0,-7.243474022411434e-05,0.001806565569296481
3.4834329882287696,-0.9966328765806378,8.451087133272642,0.9989714285714286,2.971,2401.0,-7.243474022411434e-05,0.0018065655692947047
3.4833605534885455,-0.996777285404109,8.452893698841937,0.9989571428571429,2.971,2402.0,-7.243474022411434e-05,0.0018065655692947047
3.4832881187483213,-0.9969216942275803,8.454700264411233,0.9989428571428571,2.971,2403.0,-7.243474022411434e-05,0.001806565569296481
3.4832156840080972,-0.9970661030510515,8.45650682998053,0.9989285714285714,2.971,2404.0,-7.243474022411434e-05,0.001806565569296481
3.483143249267873,-0.9972105118745227,8.458313395549824,0.9989142857142858,2.971,2405.0,-7.243474022411434e-05,0.0018065655692947047
3.483070814527649,-0.9973549206979938,8.46011996111912,0.9989,2.971,2406.0,-7.243474022411434e-05,0.0018065655692947047
3.482998379787425,-0.997499329521465,8.461926526688416,0.9988857142857143,2.971,2407.0,-7.243474022411434e-05,0.001806565569296481
3.4829259450472008,-0.9976437383449362,8.463733092257712,0.9988714285714286,2.971,2408.0,-7.243474022411434e-05,0.001806565569296481
3.4828535103069767,-0.9977881471684075,8.465539657827007,0.9988571428571429,2.971,2409.0,-7.243474022411434e-05,0.0018065655692947047
3.4827810755667525,-0.9979325559918787,8.467346223396301,0.9988428571428571,2.971,2410.0,-7.243474022411434e-05,0.0018065655692947047
3.4827086408265284,-0.9980769648153499,8.469152788965598,0.9988285714285714,2.971,2411.0,-7.243474022411434e-05,0.001806565569296481
3.4826362060863043,-0.9982213736388211,8.470959354534894,0.9988142857142858,2.971,2412.0,-7.243474022411434e-05,0.001806565569296481
3.48256377134608,-0.9983657824622924,8.47276592010419,0.9988,2.971,2413.0,-7.243474022411434e-05,0.0018065655692947047
3.4825018292896033,-0.9980762881909956,8.473650812382562,0.9988153846153847,2.970923076923077,2414.0,-6.194205647691575e-05,0.0008848922783730728
3.4824398872331264,-0.9977867939196987,8.474535704660935,0.9988307692307693,2.970846153846154,2415.0,-6.194205647691575e-05,0.0008848922783730728
3.4823779451766494,-0.997497299648402,8.475420596939308,0.9988461538461538,2.970769230769231,2416.0,-6.194205647691575e-05,0.0008848922783730728
3.4823160031201725,-0.9972078053771052,8.476305489217681,0.9988615384615385,2.9706923076923077,2417.0,-6.194205647691575e-05,0.0008848922783730728
3.4822540610636956,-0.9969183111058083,8.477190381496055,0.9988769230769231,2.970615384615385,2418.0,-6.194205647691575e-05,0.0008848922783730728
3.4821921190072187,-0.9966288168345115,8.478075273774428,0.9988923076923077,2.9705384615384616,2419.0,-6.194205647691575e-05,0.0008848922783730728
3.4821301769507413,-0.9963393225632148,8.478960166052802,0.9989076923076923,2.9704615384615387,2420.0,-6.194205647735984e-05,0.0008848922783748492
3.4820682348942644,-0.996049828291918,8.479845058331176,0.9989230769230769,2.9703846153846154,2421.0,-6.194205647691575e-05,0.0008848922783730728
3.4820062928377875,-0.9957603340206211,8.480729950609549,0.9989384615384616,2.9703076923076925,2422.0,-6.194205647691575e-05,0.0008848922783730728
3.4819443507813106,-0.9954708397493244,8.481614842887922,0.9989538461538462,2.9702307692307692,2423.0,-6.194205647691575e-05,0.0008848922783730728
3.4818824087248337,-0.9951813454780276,8.482499735166295,0.9989692307692307,2.9701538461538464,2424.0,-6.194205647691575e-05,0.0008848922783730728
3.4818204666683568,-0.9948918512067307,8.483384627444668,0.9989846153846154,2.970076923076923,2425.0,-6.194205647691575e-05,0.0008848922783730728
3.48175852461188,-0.994602356935434,8.48426951972304,0.999,2.97,2426.0,-6.194205647691575e-05,0.0008848922783730728
3.4816752684344006,-0.994655394331109,8.486114346023644,0.999,2.969857142857143,2427.0,-8.325617747928504e-05,0.0018448263006032306
3.4815920122569213,-0.994708431726784,8.487959172324246,0.999,2.9697142857142858,2428.0,-8.325617747928504e-05,0.0018448263006014542
3.481508756079442,-0.9947614691224591,8.489803998624849,0.999,2.9695714285714288,2429.0,-8.325617747928504e-05,0.0018448263006032306
3.4814254999019627,-0.9948145065181341,8.49164882492545,0.999,2.9694285714285718,2430.0,-8.325617747928504e-05,0.0018448263006014542
3.4813422437244834,-0.9948675439138092,8.493493651226053,0.999,2.9692857142857143,2431.0,-8.325617747928504e-05,0.0018448263006032306
3.481258987547004,-0.9949205813094841,8.495338477526655,0.999,2.9691428571428573,2432.0,-8.325617747928504e-05,0.0018448263006014542
3.4811757313695244,-0.9949736187051592,8.497183303827258,0.999,2.9690000000000003,2433.0,-8.325617747972913e-05,0.0018448263006032306
3.481092475192045,-0.9950266561008343,8.499028130127861,0.999,2.968857142857143,2434.0,-8.325617747928504e-05,0.0018448263006032306
3.481009219014566,-0.9950796934965093,8.500872956428463,0.999,2.968714285714286,2435.0,-8.325617747928504e-05,0.0018448263006014542
3.4809259628370866,-0.9951327308921843,8.502717782729066,0.999,2.9685714285714284,2436.0,-8.325617747928504e-05,0.0018448263006032306
3.4808427066596073,-0.9951857682878593,8.504562609029668,0.999,2.9684285714285714,2437.0,-8.325617747928504e-05,0.0018448263006014542
3.480759450482128,-0.9952388056835344,8.50640743533027,0.999,2.9682857142857144,2438.0,-8.325617747928504e-05,0.0018448263006032306
3.4806761943046487,-0.9952918430792094,8.508252261630872,0.999,2.968142857142857,2439.0,-8.325617747928504e-05,0.0018448263006014542
3.4805929381271694,-0.9953448804748845,8.510097087931475,0.999,2.968,2440.0,-8.325617747928504e-05,0.0018448263006032306
3.480518290034555,-0.9953797361381241,8.511540666894962,0.999,2.967923076923077,2441.0,-7.464809261437111e-05,0.0014435789634870133
3.4804436419419407,-0.9954145918013638,8.51298424585845,0.999,2.967846153846154,2442.0,-7.464809261437111e-05,0.0014435789634870133
3.4803689938493263,-0.9954494474646035,8.514427824821936,0.999,2.967769230769231,2443.0,-7.464809261437111e-05,0.0014435789634870133
3.480294345756712,-0.9954843031278433,8.515871403785422,0.999,2.9676923076923076,2444.0,-7.464809261437111e-05,0.001443578963485237
3.4802196976640976,-0.995519158791083,8.517314982748909,0.999,2.9676153846153848,2445.0,-7.464809261437111e-05,0.0014435789634870133
3.480145049571483,-0.9955540144543227,8.518758561712396,0.999,2.9675384615384615,2446.0,-7.464809261437111e-05,0.0014435789634870133
3.480070401478869,-0.9955888701175624,8.520202140675883,0.999,2.9674615384615386,2447.0,-7.464809261437111e-05,0.0014435789634870133
3.4799957533862544,-0.995623725780802,8.52164571963937,0.999,2.9673846153846153,2448.0,-7.464809261437111e-05,0.0014435789634870133
3.47992110529364,-0.9956585814440417,8.523089298602857,0.999,2.9673076923076924,2449.0,-7.464809261437111e-05,0.0014435789634870133
3.4798464572010257,-0.9956934371072815,8.524532877566342,0.999,2.967230769230769,2450.0,-7.464809261437111e-05,0.001443578963485237
3.4797718091084113,-0.9957282927705212,8.525976456529829,0.999,2.9671538461538463,2451.0,-7.464809261437111e-05,0.0014435789634870133
3.479697161015797,-0.9957631484337609,8.527420035493316,0.999,2.967076923076923,2452.0,-7.464809261437111e-05,0.0014435789634870133
3.4796225129231826,-0.9957980040970006,8.528863614456803,0.999,2.967,2453.0,-7.464809261437111e-05,0.0014435789634870133
3.4795508931152415,-0.9958427528601594,8.528710171689925,0.999,2.967,2454.0,-7.161980794112566e-05,-0.00015344276687834224
3.479479273307301,-0.9958875016233184,8.528556728923046,0.999,2.967,2455.0,-7.161980794068157e-05,-0.00015344276687834224
3.4794076534993597,-0.9959322503864773,8.528403286156168,0.999,2.967,2456.0,-7.161980794112566e-05,-0.00015344276687834224
3.4793360336914185,-0.9959769991496362,8.52824984338929,0.999,2.967,2457.0,-7.161980794112566e-05,-0.00015344276687834224
3.4792644138834774,-0.9960217479127951,8.528096400622411,0.999,2.967,2458.0,-7.161980794112566e-05,-0.00015344276687834224
3.4791927940755367,-0.996066496675954,8.527942957855533,0.999,2.967,2459.0,-7.161980794068157e-05,-0.00015344276687834224
3.4791211742675956,-0.9961112454391129,8.527789515088655,0.999,2.967,2460.0,-7.161980794112566e-05,-0.00015344276687834224
3.4790495544596545,-0.9961559942022717,8.527636072321778,0.999,2.967,2461.0,-7.161980794112566e-05,-0.00015344276687656588
3.478977934651714,-0.9962007429654307,8.5274826295549,0.999,2.967,2462.0,-7.161980794068157e-05,-0.00015344276687834224
3.4789063148437727,-0.9962454917285896,8.527329186788021,0.999,2.967,2463.0,-7.161980794112566e-05,-0.00015344276687834224
3.4788346950358315,-0.9962902404917485,8.527175744021143,0.999,2.967,2464.0,-7.161980794112566e-05,-0.00015344276687834224
3.4787630752278904,-0.9963349892549074,8.527022301254265,0.999,2.967,2465.0,-7.161980794112566e-05,-0.00015344276687834224
3.4786914554199497,-0.9963797380180663,8.526868858487386,0.999,2.967,2466.0,-7.161980794068157e-05,-0.00015344276687834224
3.4786198356120086,-0.9964244867812252,8.526715415720508,0.999,2.967,2467.0,-7.161980794112566e-05,-0.00015344276687834224
3.478550528843952,-0.9964285659536339,8.520599694912102,0.999,2.966846153846154,2468.0,-6.930676805660951e-05,-0.0061157208084061665
3.478481222075895,-0.9964326451260426,8.514483974103694,0.999,2.9666923076923077,2469.0,-6.93067680570536e-05,-0.006115720808407943
3.4784119153078383,-0.9964367242984513,8.508368253295288,0.999,2.9665384615384616,2470.0,-6.930676805660951e-05,-0.0061157208084061665
3.4783426085397817,-0.9964408034708601,8.502252532486882,0.999,2.9663846153846154,2471.0,-6.930676805660951e-05,-0.0061157208084061665
3.4782733017717247,-0.9964448826432687,8.496136811678474,0.999,2.9662307692307692,2472.0,-6.93067680570536e-05,-0.006115720808407943
3.478203995003668,-0.9964489618156774,8.490021090870068,0.999,2.966076923076923,2473.0,-6.930676805660951e-05,-0.0061157208084061665
3.4781346882356114,-0.9964530409880862,8.483905370061661,0.999,2.965923076923077,2474.0,-6.930676805660951e-05,-0.0061157208084061665
3.478065381467555,-0.9964571201604949,8.477789649253255,0.999,2.9657692307692307,2475.0,-6.930676805660951e-05,-0.0061157208084061665
3.477996074699498,-0.9964611993329036,8.471673928444847,0.999,2.9656153846153845,2476.0,-6.93067680570536e-05,-0.006115720808407943
3.477926767931441,-0.9964652785053123,8.465558207636441,0.999,2.9654615384615384,2477.0,-6.930676805660951e-05,-0.0061157208084061665
3.4778574611633846,-0.996469357677721,8.459442486828035,0.999,2.965307692307692,2478.0,-6.930676805660951e-05,-0.0061157208084061665
3.4777881543953275,-0.9964734368501297,8.453326766019627,0.999,2.965153846153846,2479.0,-6.93067680570536e-05,-0.006115720808407943
3.477718847627271,-0.9964775160225384,8.44721104521122,0.999,2.965,2480.0,-6.930676805660951e-05,-0.0061157208084061665
3.47760983403904,-0.996501218192095,8.412817963481807,0.999,2.965,2481.0,-0.00010901358823112162,-0.03439308172941402
3.4775008204508087,-0.9965249203616516,8.378424881752391,0.999,2.965,2482.0,-0.00010901358823112162,-0.0343930817294158
3.4773918068625775,-0.9965486225312082,8.344031800022975,0.999,2.965,2483.0,-0.00010901358823112162,-0.0343930817294158
3.4772827932743464,-0.9965723247007648,8.309638718293561,0.999,2.965,2484.0,-0.00010901358823112162,-0.03439308172941402
3.4771737796861153,-0.9965960268703214,8.275245636564147,0.999,2.965,2485.0,-0.00010901358823112162,-0.03439308172941402
3.477064766097884,-0.996619729039878,8.240852554834731,0.999,2.965,2486.0,-0.00010901358823112162,-0.0343930817294158
3.4769557525096535,-0.9966434312094345,8.206459473105316,0.999,2.965,2487.0,-0.00010901358823067753,-0.0343930817294158
3.4768467389214224,-0.9966671333789912,8.172066391375902,0.999,2.965,2488.0,-0.00010901358823112162,-0.03439308172941402
3.4767377253331913,-0.9966908355485478,8.137673309646487,0.999,2.965,2489.0,-0.00010901358823112162,-0.03439308172941402
3.47662871174496,-0.9967145377181044,8.103280227917072,0.999,2.965,2490.0,-0.00010901358823112162,-0.0343930817294158
3.476519698156729,-0.996738239887661,8.068887146187656,0.999,2.965,2491.0,-0.00010901358823112162,-0.0343930817294158
3.476410684568498,-0.9967619420572176,8.034494064458242,0.999,2.965,2492.0,-0.00010901358823112162,-0.03439308172941402
3.4763016709802668,-0.9967856442267742,8.000100982728828,0.999,2.965,2493.0,-0.00010901358823112162,-0.03439308172941402
3.4761926573920356,-0.9968093463963308,7.965707900999412,0.999,2.965,2494.0,-0.00010901358823112162,-0.0343930817294158
3.4760552756903524,-0.996890670873431,7.940419613765236,0.999,2.9648461538461537,2495.0,-0.00013738170168320352,-0.025288287234175755
3.4759178939886697,-0.996971995350531,7.915131326531061,0.999,2.9646923076923075,2496.0,-0.00013738170168275943,-0.025288287234174867
3.4757805122869865,-0.9970533198276312,7.889843039296886,0.999,2.9645384615384613,2497.0,-0.00013738170168320352,-0.025288287234175755
3.4756431305853037,-0.9971346443047314,7.86455475206271,0.999,2.964384615384615,2498.0,-0.00013738170168275943,-0.025288287234175755
3.4755057488836205,-0.9972159687818315,7.839266464828535,0.999,2.964230769230769,2499.0,-0.00013738170168320352,-0.025288287234174867
3.4753683671819378,-0.9972972932589317,7.813978177594359,0.999,2.964076923076923,2500.0,-0.00013738170168275943,-0.025288287234175755
3.4752309854802546,-0.9973786177360319,7.7886898903601836,0.999,2.963923076923077,2501.0,-0.00013738170168320352,-0.025288287234175755
3.475093603778572,-0.9974599422131321,7.763401603126008,0.999,2.963769230769231,2502.0,-0.00013738170168275943,-0.025288287234175755
3.4749562220768886,-0.9975412666902321,7.738113315891833,0.999,2.9636153846153848,2503.0,-0.00013738170168320352,-0.025288287234174867
3.474818840375206,-0.9976225911673323,7.712825028657657,0.999,2.9634615384615386,2504.0,-0.00013738170168275943,-0.025288287234175755
3.4746814586735226,-0.9977039156444325,7.687536741423481,0.999,2.9633076923076924,2505.0,-0.00013738170168320352,-0.025288287234175755
3.47454407697184,-0.9977852401215326,7.662248454189307,0.999,2.9631538461538462,2506.0,-0.00013738170168275943,-0.025288287234174867
3.4744066952701567,-0.9978665645986328,7.636960166955131,0.999,2.963,2507.0,-0.00013738170168320352,-0.025288287234175755
3.4742814292750315,-0.9976963013839188,7.617912412789305,0.999,2.962857142857143,2508.0,-0.00012526599512519,-0.01904775416582538
3.4741561632799063,-0.9975260381692048,7.598864658623479,0.999,2.9627142857142856,2509.0,-0.00012526599512519,-0.01904775416582627
3.474030897284781,-0.9973557749544908,7.579816904457654,0.999,2.9625714285714286,2510.0,-0.00012526599512519,-0.01904775416582538
3.4739056312896563,-0.9971855117397769,7.5607691502918275,0.999,2.9624285714285716,2511.0,-0.0001252659951247459,-0.01904775416582627
3.473780365294531,-0.997015248525063,7.541721396126002,0.999,2.962285714285714,2512.0,-0.00012526599512519,-0.01904775416582538
3.473655099299406,-0.9968449853103489,7.522673641960176,0.999,2.962142857142857,2513.0,-0.00012526599512519,-0.01904775416582627
3.473529833304281,-0.9966747220956349,7.5036258877943505,0.999,2.962,2514.0,-0.00012526599512519,-0.01904775416582538
3.4734045673091556,-0.996504458880921,7.484578133628525,0.999,2.9618571428571427,2515.0,-0.00012526599512519,-0.01904775416582538
3.4732793013140304,-0.9963341956662071,7.465530379462699,0.999,2.9617142857142857,2516.0,-0.00012526599512519,-0.01904775416582627
3.473154035318905,-0.996163932451493,7.446482625296873,0.999,2.9615714285714283,2517.0,-0.00012526599512519,-0.01904775416582538
3.4730287693237805,-0.995993669236779,7.427434871131047,0.999,2.9614285714285713,2518.0,-0.0001252659951247459,-0.01904775416582627
3.4729035033286553,-0.9958234060220651,7.408387116965222,0.999,2.9612857142857143,2519.0,-0.00012526599512519,-0.01904775416582538
3.47277823733353,-0.9956531428073512,7.3893393627993955,0.999,2.961142857142857,2520.0,-0.00012526599512519,-0.01904775416582627
3.472652971338405,-0.9954828795926371,7.37029160863357,0.999,2.961,2521.0,-0.00012526599512519,-0.01904775416582538
3.4724762942351015,-0.9954073940833625,7.356346923574344,0.999,2.9608461538461537,2522.0,-0.00017667710330337982,-0.013944685059225748
3.4722996171317986,-0.9953319085740879,7.342402238515119,0.999,2.9606923076923075,2523.0,-0.00017667710330293573,-0.013944685059225748
3.472122940028495,-0.9952564230648134,7.328457553455893,0.999,2.9605384615384613,2524.0,-0.00017667710330337982,-0.013944685059225748
3.4719462629251923,-0.9951809375555388,7.314512868396667,0.999,2.960384615384615,2525.0,-0.00017667710330293573,-0.013944685059225748
3.471769585821889,-0.9951054520462642,7.300568183337441,0.999,2.960230769230769,2526.0,-0.00017667710330337982,-0.013944685059225748
3.471592908718586,-0.9950299665369896,7.286623498278216,0.999,2.960076923076923,2527.0,-0.00017667710330293573,-0.013944685059225748
3.4714162316152826,-0.9949544810277151,7.272678813218991,0.999,2.959923076923077,2528.0,-0.00017667710330337982,-0.01394468505922486
3.4712395545119796,-0.9948789955184405,7.258734128159765,0.999,2.959769230769231,2529.0,-0.00017667710330293573,-0.013944685059225748
3.4710628774086763,-0.9948035100091659,7.244789443100539,0.999,2.9596153846153848,2530.0,-0.00017667710330337982,-0.013944685059225748
3.4708862003053733,-0.9947280244998913,7.2308447580413135,0.999,2.9594615384615386,2531.0,-0.00017667710330293573,-0.013944685059225748
3.47070952320207,-0.9946525389906168,7.216900072982088,0.999,2.9593076923076924,2532.0,-0.00017667710330337982,-0.013944685059225748
3.470532846098767,-0.9945770534813422,7.202955387922862,0.999,2.9591538461538462,2533.0,-0.00017667710330293573,-0.013944685059225748
3.4703561689954636,-0.9945015679720676,7.189010702863636,0.999,2.959,2534.0,-0.00017667710330337982,-0.013944685059225748
3.4701820522231235,-0.9945317632659142,7.17643905599669,0.999,2.9587857142857144,2535.0,-0.00017411677234013823,-0.012571646866946118
3.4700079354507833,-0.9945619585597608,7.163867409129743,0.999,2.9585714285714286,2536.0,-0.00017411677234013823,-0.012571646866947006
3.469833818678443,-0.9945921538536074,7.151295762262797,0.999,2.958357142857143,2537.0,-0.00017411677234013823,-0.012571646866946118
3.469659701906103,-0.9946223491474541,7.138724115395851,0.999,2.958142857142857,2538.0,-0.00017411677234013823,-0.012571646866946118
3.469485585133763,-0.9946525444413007,7.126152468528904,0.999,2.9579285714285715,2539.0,-0.00017411677234013823,-0.012571646866947006
3.469311468361423,-0.9946827397351473,7.113580821661958,0.999,2.9577142857142857,2540.0,-0.00017411677234013823,-0.012571646866946118
3.4691373515890827,-0.994712935028994,7.101009174795011,0.999,2.9575,2541.0,-0.00017411677234013823,-0.012571646866947006
3.468963234816742,-0.9947431303228407,7.088437527928065,0.999,2.9572857142857143,2542.0,-0.00017411677234058232,-0.012571646866946118
3.468789118044402,-0.9947733256166873,7.075865881061119,0.999,2.9570714285714286,2543.0,-0.00017411677234013823,-0.012571646866946118
3.468615001272062,-0.9948035209105339,7.063294234194172,0.999,2.956857142857143,2544.0,-0.00017411677234013823,-0.012571646866947006
3.4684408844997217,-0.9948337162043805,7.0507225873272255,0.999,2.956642857142857,2545.0,-0.00017411677234013823,-0.012571646866946118
3.4682667677273815,-0.9948639114982272,7.038150940460279,0.999,2.9564285714285714,2546.0,-0.00017411677234013823,-0.012571646866946118
3.4680926509550414,-0.9948941067920738,7.025579293593332,0.999,2.9562142857142857,2547.0,-0.00017411677234013823,-0.012571646866947006
3.4679185341827012,-0.9949243020859204,7.013007646726386,0.999,2.956,2548.0,-0.00017411677234013823,-0.012571646866946118
3.4677329342757606,-0.9949605962091467,7.001042284051889,0.999,2.955846153846154,2549.0,-0.00018559990694066997,-0.011965362674497548
3.4675473343688203,-0.994996890332373,6.989076921377391,0.999,2.9556923076923076,2550.0,-0.00018559990694022588,-0.011965362674497548
3.4673617344618797,-0.9950331844555993,6.977111558702894,0.999,2.9555384615384614,2551.0,-0.00018559990694066997,-0.011965362674497548
3.4671761345549394,-0.9950694785788257,6.965146196028396,0.999,2.9553846153846153,2552.0,-0.00018559990694022588,-0.011965362674497548
3.466990534647999,-0.9951057727020519,6.9531808333538985,0.999,2.955230769230769,2553.0,-0.00018559990694066997,-0.011965362674497548
3.466804934741058,-0.9951420668252783,6.941215470679401,0.999,2.955076923076923,2554.0,-0.00018559990694066997,-0.011965362674497548
3.466619334834118,-0.9951783609485045,6.9292501080049025,0.999,2.954923076923077,2555.0,-0.00018559990694022588,-0.011965362674498436
3.466433734927177,-0.9952146550717309,6.917284745330405,0.999,2.954769230769231,2556.0,-0.00018559990694066997,-0.011965362674497548
3.4662481350202365,-0.9952509491949572,6.905319382655907,0.999,2.954615384615385,2557.0,-0.00018559990694066997,-0.011965362674497548
3.4660625351132963,-0.9952872433181835,6.89335401998141,0.999,2.9544615384615387,2558.0,-0.00018559990694022588,-0.011965362674497548
3.4658769352063556,-0.9953235374414098,6.881388657306912,0.999,2.9543076923076925,2559.0,-0.00018559990694066997,-0.011965362674497548
3.4656913352994154,-0.9953598315646361,6.869423294632415,0.999,2.9541538461538464,2560.0,-0.00018559990694022588,-0.011965362674497548
3.4655057353924748,-0.9953961256878624,6.857457931957917,0.999,2.954,2561.0,-0.00018559990694066997,-0.011965362674497548
3.465320679602982,-0.9954700963070026,6.850141544872177,0.999,2.9537857142857145,2562.0,-0.00018505578949268298,-0.007316387085739784
3.465135623813489,-0.9955440669261427,6.842825157786438,0.999,2.9535714285714287,2563.0,-0.00018505578949312707,-0.007316387085739784
3.4649505680239963,-0.9956180375452829,6.835508770700698,0.999,2.953357142857143,2564.0,-0.00018505578949268298,-0.007316387085739784
3.464765512234503,-0.9956920081644229,6.828192383614958,0.999,2.9531428571428573,2565.0,-0.00018505578949312707,-0.007316387085739784
3.4645804564450104,-0.9957659787835631,6.820875996529218,0.999,2.9529285714285716,2566.0,-0.00018505578949268298,-0.007316387085739784
3.4643954006555173,-0.9958399494027033,6.8135596094434785,0.999,2.952714285714286,2567.0,-0.00018505578949312707,-0.007316387085739784
3.4642103448660246,-0.9959139200218434,6.806243222357739,0.999,2.9525,2568.0,-0.00018505578949268298,-0.007316387085739784
3.464025289076532,-0.9959878906409836,6.798926835271998,0.999,2.9522857142857144,2569.0,-0.00018505578949268298,-0.007316387085740672
3.463840233287039,-0.9960618612601237,6.791610448186258,0.999,2.9520714285714287,2570.0,-0.00018505578949312707,-0.007316387085739784
3.463655177497546,-0.9961358318792639,6.7842940611005185,0.999,2.951857142857143,2571.0,-0.00018505578949268298,-0.007316387085739784
3.463470121708053,-0.996209802498404,6.776977674014779,0.999,2.9516428571428572,2572.0,-0.00018505578949312707,-0.007316387085739784
3.4632850659185603,-0.9962837731175441,6.769661286929039,0.999,2.9514285714285715,2573.0,-0.00018505578949268298,-0.007316387085739784
3.463100010129067,-0.9963577437366843,6.762344899843299,0.999,2.951214285714286,2574.0,-0.00018505578949312707,-0.007316387085739784
3.4629149543395745,-0.9964317143558244,6.755028512757559,0.999,2.951,2575.0,-0.00018505578949268298,-0.007316387085739784
3.4627053597196156,-0.9964031916307681,6.737487206396006,0.9989846153846154,2.950846153846154,2576.0,-0.00020959461995895268,-0.017541306361553488
3.462495765099657,-0.9963746689057117,6.719945900034452,0.9989692307692307,2.9506923076923077,2577.0,-0.0002095946199585086,-0.017541306361553488
3.462286170479698,-0.9963461461806552,6.702404593672899,0.9989538461538462,2.9505384615384616,2578.0,-0.00020959461995895268,-0.017541306361553488
3.4620765758597396,-0.9963176234555988,6.684863287311345,0.9989384615384616,2.9503846153846154,2579.0,-0.0002095946199585086,-0.017541306361553488
3.4618669812397806,-0.9962891007305424,6.667321980949792,0.9989230769230769,2.950230769230769,2580.0,-0.00020959461995895268,-0.017541306361553488
3.4616573866198217,-0.9962605780054861,6.649780674588238,0.9989076923076923,2.950076923076923,2581.0,-0.00020959461995895268,-0.017541306361553488
3.461447791999863,-0.9962320552804296,6.632239368226686,0.9988923076923077,2.949923076923077,2582.0,-0.0002095946199585086,-0.0175413063615526
3.4612381973799042,-0.9962035325553732,6.614698061865132,0.9988769230769231,2.9497692307692307,2583.0,-0.00020959461995895268,-0.017541306361553488
3.4610286027599453,-0.9961750098303168,6.597156755503579,0.9988615384615385,2.9496153846153845,2584.0,-0.00020959461995895268,-0.017541306361553488
3.4608190081399868,-0.9961464871052604,6.579615449142025,0.9988461538461538,2.9494615384615384,2585.0,-0.0002095946199585086,-0.017541306361553488
3.460609413520028,-0.996117964380204,6.562074142780472,0.9988307692307693,2.949307692307692,2586.0,-0.00020959461995895268,-0.017541306361553488
3.4603998189000693,-0.9960894416551476,6.544532836418918,0.9988153846153847,2.949153846153846,2587.0,-0.0002095946199585086,-0.017541306361553488
3.4601902242801104,-0.9960609189300912,6.526991530057365,0.9988,2.949,2588.0,-0.00020959461995895268,-0.017541306361553488
3.4599860237862736,-0.9961348694677978,6.521767623948348,0.9988142857142858,2.948785714285714,2589.0,-0.000204200493836737,-0.005223906109017129
3.4597818232924373,-0.9962088200055044,6.5165437178393315,0.9988285714285714,2.9485714285714284,2590.0,-0.0002042004938362929,-0.005223906109016241
3.4595776227986006,-0.996282770543211,6.511319811730314,0.9988428571428571,2.9483571428571427,2591.0,-0.000204200493836737,-0.005223906109017129
3.459373422304764,-0.9963567210809176,6.506095905621297,0.9988571428571429,2.948142857142857,2592.0,-0.000204200493836737,-0.005223906109017129
3.4591692218109276,-0.9964306716186242,6.50087199951228,0.9988714285714286,2.9479285714285712,2593.0,-0.0002042004938362929,-0.005223906109017129
3.458965021317091,-0.9965046221563307,6.495648093403264,0.9988857142857143,2.9477142857142855,2594.0,-0.000204200493836737,-0.005223906109016241
3.458760820823254,-0.9965785726940374,6.490424187294247,0.9989,2.9475,2595.0,-0.000204200493836737,-0.005223906109017129
3.458556620329418,-0.996652523231744,6.48520028118523,0.9989142857142858,2.9472857142857145,2596.0,-0.0002042004938362929,-0.005223906109017129
3.458352419835581,-0.9967264737694506,6.479976375076213,0.9989285714285714,2.947071428571429,2597.0,-0.000204200493836737,-0.005223906109016241
3.4581482193417448,-0.9968004243071572,6.474752468967196,0.9989428571428571,2.946857142857143,2598.0,-0.0002042004938362929,-0.005223906109017129
3.457944018847908,-0.9968743748448637,6.469528562858179,0.9989571428571429,2.9466428571428573,2599.0,-0.000204200493836737,-0.005223906109017129
3.4577398183540713,-0.9969483253825704,6.464304656749162,0.9989714285714286,2.9464285714285716,2600.0,-0.000204200493836737,-0.005223906109017129
3.457535617860235,-0.9970222759202769,6.459080750640146,0.9989857142857143,2.946214285714286,2601.0,-0.0002042004938362929,-0.005223906109016241
3.4573314173663983,-0.9970962264579836,6.453856844531129,0.999,2.946,2602.0,-0.000204200493836737,-0.005223906109017129
3.4571047617096173,-0.997108566234035,6.442142201087943,0.999,2.945769230769231,2603.0,-0.00022665565678092747,-0.011714643443185402
3.456878106052837,-0.9971209060100864,6.430427557644757,0.999,2.9455384615384617,2604.0,-0.00022665565678048338,-0.01171464344318629
3.456651450396056,-0.9971332457861378,6.4187129142015715,0.999,2.9453076923076926,2605.0,-0.00022665565678092747,-0.011714643443185402
3.4564247947392754,-0.9971455855621894,6.406998270758386,0.999,2.945076923076923,2606.0,-0.00022665565678048338,-0.011714643443185402
3.4561981390824945,-0.9971579253382408,6.3952836273152,0.999,2.944846153846154,2607.0,-0.00022665565678092747,-0.01171464344318629
3.4559714834257136,-0.9971702651142922,6.383568983872014,0.999,2.9446153846153846,2608.0,-0.00022665565678092747,-0.011714643443185402
3.455744827768933,-0.9971826048903436,6.371854340428829,0.999,2.9443846153846156,2609.0,-0.00022665565678048338,-0.011714643443185402
3.455518172112152,-0.997194944666395,6.360139696985644,0.999,2.944153846153846,2610.0,-0.00022665565678092747,-0.011714643443185402
3.4552915164553712,-0.9972072844424464,6.348425053542457,0.999,2.943923076923077,2611.0,-0.00022665565678092747,-0.01171464344318629
3.4550648607985908,-0.997219624218498,6.336710410099272,0.999,2.9436923076923076,2612.0,-0.00022665565678048338,-0.011714643443185402
3.45483820514181,-0.9972319639945494,6.3249957666560865,0.999,2.9434615384615386,2613.0,-0.00022665565678092747,-0.011714643443185402
3.4546115494850294,-0.9972443037706008,6.3132811232129,0.999,2.943230769230769,2614.0,-0.00022665565678048338,-0.01171464344318629
3.4543848938282484,-0.9972566435466522,6.301566479769715,0.999,2.943,2615.0,-0.00022665565678092747,-0.011714643443185402
3.4541816185041685,-0.997176689944341,6.29555483329237,0.999,2.9427857142857143,2616.0,-0.00020327532407993232,-0.006011646477344534
3.453978343180089,-0.9970967363420298,6.289543186815026,0.999,2.9425714285714286,2617.0,-0.00020327532407948823,-0.006011646477344534
3.453775067856009,-0.9970167827397186,6.283531540337681,0.999,2.942357142857143,2618.0,-0.00020327532407993232,-0.006011646477344534
3.453571792531929,-0.9969368291374074,6.277519893860337,0.999,2.942142857142857,2619.0,-0.00020327532407993232,-0.006011646477344534
3.453368517207849,-0.9968568755350963,6.271508247382992,0.999,2.9419285714285714,2620.0,-0.00020327532407993232,-0.006011646477344534
3.4531652418837697,-0.996776921932785,6.265496600905648,0.999,2.9417142857142857,2621.0,-0.00020327532407948823,-0.006011646477344534
3.45296196655969,-0.9966969683304738,6.259484954428303,0.999,2.9415,2622.0,-0.00020327532407993232,-0.006011646477344534
3.45275869123561,-0.9966170147281627,6.253473307950959,0.999,2.9412857142857143,2623.0,-0.00020327532407993232,-0.006011646477344534
3.4525554159115304,-0.9965370611258514,6.247461661473614,0.999,2.9410714285714286,2624.0,-0.00020327532407948823,-0.006011646477344534
3.4523521405874504,-0.9964571075235402,6.2414500149962695,0.999,2.940857142857143,2625.0,-0.00020327532407993232,-0.006011646477344534
3.4521488652633705,-0.996377153921229,6.235438368518925,0.999,2.940642857142857,2626.0,-0.00020327532407993232,-0.006011646477344534
3.4519455899392906,-0.9962972003189179,6.22942672204158,0.999,2.9404285714285714,2627.0,-0.00020327532407993232,-0.006011646477344534
3.451742314615211,-0.9962172467166066,6.223415075564236,0.999,2.9402142857142857,2628.0,-0.00020327532407948823,-0.006011646477344534
3.451539039291131,-0.9961372931142954,6.217403429086891,0.999,2.94,2629.0,-0.00020327532407993232,-0.006011646477344534
3.4513007309084984,-0.996185363522707,6.2096424174075695,0.999,2.9398461538461538,2630.0,-0.0002383083826327237,-0.007761011679321861
3.4510624225258657,-0.9962334339311186,6.201881405728247,0.999,2.9396923076923076,2631.0,-0.0002383083826327237,-0.007761011679322749
3.4508241141432325,-0.9962815043395302,6.194120394048925,0.999,2.9395384615384614,2632.0,-0.00023830838263316778,-0.007761011679321861
3.4505858057606,-0.9963295747479419,6.186359382369602,0.999,2.9393846153846153,2633.0,-0.0002383083826327237,-0.007761011679322749
3.450347497377967,-0.9963776451563535,6.17859837069028,0.999,2.939230769230769,2634.0,-0.0002383083826327237,-0.007761011679321861
3.4501091889953344,-0.9964257155647651,6.1708373590109575,0.999,2.939076923076923,2635.0,-0.0002383083826327237,-0.007761011679322749
3.449870880612701,-0.9964737859731767,6.163076347331636,0.999,2.938923076923077,2636.0,-0.00023830838263316778,-0.007761011679321861
3.4496325722300685,-0.9965218563815883,6.155315335652313,0.999,2.938769230769231,2637.0,-0.0002383083826327237,-0.007761011679322749
3.4493942638474357,-0.9965699267899999,6.147554323972991,0.999,2.938615384615385,2638.0,-0.0002383083826327237,-0.007761011679321861
3.449155955464803,-0.9966179971984116,6.139793312293668,0.999,2.9384615384615387,2639.0,-0.0002383083826327237,-0.007761011679322749
3.44891764708217,-0.9966660676068232,6.1320323006143465,0.999,2.9383076923076925,2640.0,-0.00023830838263316778,-0.007761011679321861
3.448679338699537,-0.9967141380152348,6.124271288935024,0.999,2.9381538461538463,2641.0,-0.0002383083826327237,-0.007761011679322749
3.4484410303169044,-0.9967622084236464,6.116510277255702,0.999,2.938,2642.0,-0.0002383083826327237,-0.007761011679321861
3.4482302759697183,-0.9967285328931035,6.105624587990343,0.999,2.9377857142857144,2643.0,-0.00021075434718609287,-0.0108856892653586
3.4480195216225322,-0.9966948573625605,6.0947388987249855,0.999,2.9375714285714287,2644.0,-0.00021075434718609287,-0.010885689265357712
3.447808767275346,-0.9966611818320176,6.083853209459628,0.999,2.937357142857143,2645.0,-0.00021075434718609287,-0.010885689265357712
3.4475980129281605,-0.9966275063014747,6.072967520194269,0.999,2.9371428571428573,2646.0,-0.00021075434718564878,-0.0108856892653586
3.4473872585809744,-0.9965938307709317,6.062081830928911,0.999,2.9369285714285716,2647.0,-0.00021075434718609287,-0.0108856892653586
3.4471765042337883,-0.9965601552403888,6.051196141663553,0.999,2.936714285714286,2648.0,-0.00021075434718609287,-0.010885689265357712
3.446965749886602,-0.9965264797098459,6.040310452398195,0.999,2.9365,2649.0,-0.00021075434718609287,-0.010885689265357712
3.446754995539416,-0.9964928041793029,6.029424763132837,0.999,2.9362857142857144,2650.0,-0.00021075434718609287,-0.0108856892653586
3.44654424119223,-0.99645912864876,6.018539073867478,0.999,2.9360714285714287,2651.0,-0.00021075434718609287,-0.0108856892653586
3.446333486845044,-0.996425453118217,6.00765338460212,0.999,2.935857142857143,2652.0,-0.00021075434718609287,-0.010885689265357712
3.4461227324978583,-0.996391777587674,5.996767695336763,0.999,2.935642857142857,2653.0,-0.00021075434718564878,-0.010885689265357712
3.445911978150672,-0.9963581020571312,5.985882006071404,0.999,2.9354285714285715,2654.0,-0.00021075434718609287,-0.0108856892653586
3.445701223803486,-0.9963244265265881,5.974996316806045,0.999,2.9352142857142858,2655.0,-0.00021075434718609287,-0.0108856892653586
3.4454904694563,-0.9962907509960452,5.964110627540688,0.999,2.935,2656.0,-0.00021075434718609287,-0.010885689265357712
3.445253055812955,-0.9962894401693336,5.960900007189589,0.999,2.9346923076923077,2657.0,-0.00023741364334517456,-0.0032106203510986475
3.44501564216961,-0.996288129342622,5.9576893868384895,0.999,2.9343846153846154,2658.0,-0.00023741364334473047,-0.0032106203510995357
3.444778228526265,-0.9962868185159104,5.954478766487391,0.999,2.934076923076923,2659.0,-0.00023741364334517456,-0.0032106203510986475
3.44454081488292,-0.9962855076891989,5.951268146136291,0.999,2.9337692307692307,2660.0,-0.00023741364334473047,-0.0032106203510995357
3.444303401239575,-0.9962841968624873,5.948057525785193,0.999,2.9334615384615383,2661.0,-0.00023741364334517456,-0.0032106203510986475
3.4440659875962303,-0.9962828860357756,5.944846905434093,0.999,2.933153846153846,2662.0,-0.00023741364334473047,-0.0032106203510995357
3.443828573952885,-0.996281575209064,5.9416362850829945,0.999,2.932846153846154,2663.0,-0.00023741364334517456,-0.0032106203510986475
3.4435911603095404,-0.9962802643823524,5.938425664731895,0.999,2.9325384615384618,2664.0,-0.00023741364334473047,-0.0032106203510995357
3.443353746666195,-0.9962789535556408,5.935215044380796,0.999,2.9322307692307694,2665.0,-0.00023741364334517456,-0.0032106203510986475
3.4431163330228505,-0.9962776427289293,5.932004424029697,0.999,2.931923076923077,2666.0,-0.00023741364334473047,-0.0032106203510995357
3.4428789193795053,-0.9962763319022176,5.928793803678598,0.999,2.9316153846153847,2667.0,-0.00023741364334517456,-0.0032106203510986475
3.4426415057361606,-0.996275021075506,5.925583183327499,0.999,2.9313076923076924,2668.0,-0.00023741364334473047,-0.0032106203510995357
3.4424040920928154,-0.9962737102487944,5.9223725629764,0.999,2.931,2669.0,-0.00023741364334517456,-0.0032106203510986475
3.44219683531631,-0.9962823056201996,5.943191547757946,0.9989857142857143,2.930857142857143,2670.0,-0.00020725677650546004,0.020818984781546312
3.4419895785398045,-0.9962909009916047,5.964010532539493,0.9989714285714286,2.9307142857142856,2671.0,-0.00020725677650546004,0.0208189847815472
3.441782321763299,-0.9962994963630099,5.98482951732104,0.9989571428571429,2.9305714285714286,2672.0,-0.00020725677650546004,0.020818984781546312
3.4415750649867936,-0.996308091734415,6.005648502102586,0.9989428571428571,2.9304285714285716,2673.0,-0.00020725677650546004,0.020818984781546312
3.441367808210288,-0.9963166871058201,6.026467486884132,0.9989285714285714,2.930285714285714,2674.0,-0.00020725677650546004,0.020818984781546312
3.4411605514337826,-0.9963252824772253,6.04728647166568,0.9989142857142858,2.930142857142857,2675.0,-0.00020725677650546004,0.0208189847815472
3.440953294657277,-0.9963338778486304,6.068105456447226,0.9989,2.93,2676.0,-0.00020725677650546004,0.020818984781546312
3.4407460378807717,-0.9963424732200356,6.088924441228772,0.9988857142857143,2.9298571428571427,2677.0,-0.00020725677650546004,0.020818984781546312
3.4405387811042663,-0.9963510685914407,6.109743426010319,0.9988714285714286,2.9297142857142857,2678.0,-0.00020725677650546004,0.0208189847815472
3.440331524327761,-0.9963596639628458,6.130562410791866,0.9988571428571429,2.9295714285714283,2679.0,-0.00020725677650546004,0.020818984781546312
3.4401242675512553,-0.996368259334251,6.151381395573412,0.9988428571428571,2.9294285714285713,2680.0,-0.00020725677650546004,0.020818984781546312
3.43991701077475,-0.9963768547056562,6.172200380354958,0.9988285714285714,2.9292857142857143,2681.0,-0.00020725677650546004,0.020818984781546312
3.4397097539982444,-0.9963854500770613,6.1930193651365055,0.9988142857142858,2.929142857142857,2682.0,-0.00020725677650546004,0.0208189847815472
3.439502497221739,-0.9963940454484664,6.213838349918052,0.9988,2.929,2683.0,-0.00020725677650546004,0.020818984781546312
3.4392925159884515,-0.9962841003591548,6.234752595957244,0.9988153846153847,2.928769230769231,2684.0,-0.00020998123328741514,0.020914246039192008
3.439082534755164,-0.9961741552698433,6.255666841996436,0.9988307692307693,2.9285384615384613,2685.0,-0.00020998123328741514,0.020914246039192008
3.4388725535218763,-0.9960642101805317,6.276581088035629,0.9988461538461538,2.9283076923076923,2686.0,-0.00020998123328785923,0.020914246039192896
3.438662572288589,-0.9959542650912202,6.297495334074821,0.9988615384615385,2.928076923076923,2687.0,-0.00020998123328741514,0.020914246039192008
3.4384525910553014,-0.9958443200019086,6.318409580114013,0.9988769230769231,2.9278461538461538,2688.0,-0.00020998123328741514,0.020914246039192008
3.438242609822014,-0.995734374912597,6.339323826153205,0.9988923076923077,2.9276153846153847,2689.0,-0.00020998123328741514,0.020914246039192008
3.438032628588726,-0.9956244298232855,6.360238072192398,0.9989076923076923,2.9273846153846153,2690.0,-0.00020998123328785923,0.020914246039192896
3.4378226473554387,-0.9955144847339739,6.38115231823159,0.9989230769230769,2.927153846153846,2691.0,-0.00020998123328741514,0.020914246039192008
3.4376126661221513,-0.9954045396446622,6.402066564270782,0.9989384615384616,2.926923076923077,2692.0,-0.00020998123328741514,0.020914246039192008
3.437402684888864,-0.9952945945553507,6.422980810309974,0.9989538461538462,2.9266923076923077,2693.0,-0.00020998123328741514,0.020914246039192008
3.437192703655576,-0.9951846494660391,6.443895056349167,0.9989692307692307,2.9264615384615387,2694.0,-0.00020998123328785923,0.020914246039192896
3.4369827224222886,-0.9950747043767276,6.464809302388359,0.9989846153846154,2.926230769230769,2695.0,-0.00020998123328741514,0.020914246039192008
3.4367727411890012,-0.994964759287416,6.485723548427551,0.999,2.926,2696.0,-0.00020998123328741514,0.020914246039192008
3.436600709844835,-0.9949880097072751,6.494416741389869,0.999,2.9257857142857144,2697.0,-0.0001720313441664345,0.008693192962318186
3.4364286785006684,-0.995011260127134,6.503109934352186,0.999,2.9255714285714287,2698.0,-0.0001720313441664345,0.008693192962317298
3.436256647156502,-0.9950345105469931,6.511803127314504,0.999,2.925357142857143,2699.0,-0.0001720313441664345,0.008693192962318186
3.436084615812336,-0.9950577609668522,6.5204963202768225,0.999,2.9251428571428573,2700.0,-0.00017203134416599042,0.008693192962318186
3.4359125844681695,-0.9950810113867111,6.52918951323914,0.999,2.9249285714285715,2701.0,-0.0001720313441664345,0.008693192962317298
3.435740553124003,-0.9951042618065702,6.537882706201458,0.999,2.924714285714286,2702.0,-0.0001720313441664345,0.008693192962318186
3.4355685217798366,-0.9951275122264291,6.546575899163775,0.999,2.9245,2703.0,-0.0001720313441664345,0.008693192962317298
3.43539649043567,-0.9951507626462882,6.555269092126093,0.999,2.9242857142857144,2704.0,-0.0001720313441664345,0.008693192962318186
3.4352244590915038,-0.9951740130661473,6.563962285088412,0.999,2.9240714285714287,2705.0,-0.0001720313441664345,0.008693192962318186
3.4350524277473373,-0.9951972634860062,6.572655478050729,0.999,2.923857142857143,2706.0,-0.0001720313441664345,0.008693192962317298
3.4348803964031713,-0.9952205139058653,6.581348671013047,0.999,2.923642857142857,2707.0,-0.00017203134416599042,0.008693192962318186
3.434708365059005,-0.9952437643257244,6.590041863975365,0.999,2.9234285714285715,2708.0,-0.0001720313441664345,0.008693192962318186
3.4345363337148385,-0.9952670147455833,6.598735056937683,0.999,2.9232142857142858,2709.0,-0.0001720313441664345,0.008693192962317298
3.434364302370672,-0.9952902651654424,6.607428249900001,0.999,2.923,2710.0,-0.0001720313441664345,0.008693192962318186
3.434216121814107,-0.995294464932638,6.617394126735748,0.999,2.922846153846154,2711.0,-0.00014818055656506957,0.009965876835747345
3.434067941257542,-0.9952986646998335,6.627360003571496,0.999,2.9226923076923077,2712.0,-0.00014818055656506957,0.009965876835748233
3.433919760700977,-0.995302864467029,6.637325880407244,0.999,2.9225384615384615,2713.0,-0.00014818055656506957,0.009965876835747345
3.433771580144412,-0.9953070642342245,6.647291757242992,0.999,2.9223846153846154,2714.0,-0.00014818055656462548,0.009965876835748233
3.433623399587847,-0.9953112640014201,6.657257634078739,0.999,2.922230769230769,2715.0,-0.00014818055656506957,0.009965876835747345
3.433475219031282,-0.9953154637686157,6.6672235109144875,0.999,2.922076923076923,2716.0,-0.00014818055656506957,0.009965876835748233
3.433327038474717,-0.9953196635358111,6.677189387750235,0.999,2.921923076923077,2717.0,-0.00014818055656506957,0.009965876835747345
3.433178857918152,-0.9953238633030067,6.687155264585983,0.999,2.9217692307692307,2718.0,-0.00014818055656506957,0.009965876835748233
3.433030677361587,-0.9953280630702023,6.69712114142173,0.999,2.9216153846153845,2719.0,-0.00014818055656506957,0.009965876835747345
3.432882496805022,-0.9953322628373978,6.707087018257479,0.999,2.9214615384615383,2720.0,-0.00014818055656462548,0.009965876835748233
3.432734316248457,-0.9953364626045933,6.717052895093226,0.999,2.921307692307692,2721.0,-0.00014818055656506957,0.009965876835747345
3.432586135691892,-0.9953406623717889,6.727018771928974,0.999,2.921153846153846,2722.0,-0.00014818055656506957,0.009965876835748233
3.432437955135327,-0.9953448621389844,6.736984648764722,0.999,2.921,2723.0,-0.00014818055656506957,0.009965876835747345
3.432294916598687,-0.9954013127788779,6.744242478046317,0.999,2.920857142857143,2724.0,-0.00014303853664010546,0.007257829281595463
3.432151878062047,-0.9954577634187713,6.7515003073279125,0.999,2.9207142857142854,2725.0,-0.00014303853664010546,0.007257829281595463
3.4320088395254063,-0.9955142140586648,6.758758136609507,0.999,2.9205714285714284,2726.0,-0.00014303853664054955,0.007257829281594574
3.431865800988766,-0.9955706646985581,6.7660159658911025,0.999,2.9204285714285714,2727.0,-0.00014303853664010546,0.007257829281595463
3.431722762452126,-0.9956271153384516,6.773273795172698,0.999,2.9202857142857144,2728.0,-0.00014303853664010546,0.007257829281595463
3.431579723915486,-0.9956835659783451,6.7805316244542935,0.999,2.920142857142857,2729.0,-0.00014303853664010546,0.007257829281595463
3.4314366853788454,-0.9957400166182385,6.787789453735889,0.999,2.92,2730.0,-0.00014303853664054955,0.007257829281595463
3.4312936468422053,-0.995796467258132,6.7950472830174835,0.999,2.919857142857143,2731.0,-0.00014303853664010546,0.007257829281594574
3.431150608305565,-0.9958529178980254,6.802305112299079,0.999,2.9197142857142855,2732.0,-0.00014303853664010546,0.007257829281595463
3.431007569768925,-0.9959093685379189,6.809562941580674,0.999,2.9195714285714285,2733.0,-0.00014303853664010546,0.007257829281595463
3.430864531232285,-0.9959658191778122,6.81682077086227,0.999,2.9194285714285715,2734.0,-0.00014303853664010546,0.007257829281595463
3.4307214926956444,-0.9960222698177057,6.8240786001438645,0.999,2.9192857142857145,2735.0,-0.00014303853664054955,0.007257829281594574
3.4305784541590043,-0.9960787204575992,6.83133642942546,0.999,2.919142857142857,2736.0,-0.00014303853664010546,0.007257829281595463
3.430435415622364,-0.9961351710974926,6.838594258707055,0.999,2.919,2737.0,-0.00014303853664010546,0.007257829281595463
3.430291602953623,-0.9961855645885623,6.842294853868164,0.999,2.918846153846154,2738.0,-0.00014381266874119447,0.003700595161108211
3.430147790284882,-0.9962359580796321,6.845995449029271,0.999,2.9186923076923077,2739.0,-0.00014381266874119447,0.003700595161107323
3.430003977616141,-0.9962863515707018,6.849696044190379,0.999,2.9185384615384615,2740.0,-0.00014381266874075038,0.003700595161108211
3.4298601649474,-0.9963367450617716,6.8533966393514865,0.999,2.9183846153846154,2741.0,-0.00014381266874119447,0.003700595161107323
3.4297163522786587,-0.9963871385528413,6.857097234512595,0.999,2.918230769230769,2742.0,-0.00014381266874119447,0.003700595161108211
3.4295725396099175,-0.9964375320439111,6.860797829673703,0.999,2.918076923076923,2743.0,-0.00014381266874119447,0.003700595161108211
3.4294287269411767,-0.9964879255349808,6.86449842483481,0.999,2.917923076923077,2744.0,-0.00014381266874075038,0.003700595161107323
3.4292849142724355,-0.9965383190260505,6.868199019995918,0.999,2.9177692307692307,2745.0,-0.00014381266874119447,0.003700595161108211
3.4291411016036943,-0.9965887125171202,6.871899615157027,0.999,2.9176153846153845,2746.0,-0.00014381266874119447,0.003700595161108211
3.428997288934953,-0.9966391060081901,6.875600210318134,0.999,2.9174615384615383,2747.0,-0.00014381266874119447,0.003700595161107323
3.4288534762662124,-0.9966894994992598,6.879300805479242,0.999,2.917307692307692,2748.0,-0.00014381266874075038,0.003700595161108211
3.428709663597471,-0.9967398929903295,6.8830014006403495,0.999,2.917153846153846,2749.0,-0.00014381266874119447,0.003700595161107323
3.42856585092873,-0.9967902864813992,6.886701995801458,0.999,2.917,2750.0,-0.00014381266874119447,0.003700595161108211
3.4284428439407453,-0.9967986772564137,6.893263761997911,0.999,2.916928571428571,2751.0,-0.00012300698798473064,0.0065617661964534335
3.428319836952761,-0.9968070680314282,6.899825528194365,0.999,2.916857142857143,2752.0,-0.00012300698798428655,0.0065617661964534335
3.4281968299647767,-0.9968154588064426,6.906387294390818,0.999,2.916785714285714,2753.0,-0.00012300698798428655,0.0065617661964534335
3.428073822976792,-0.9968238495814572,6.912949060587271,0.999,2.9167142857142854,2754.0,-0.00012300698798473064,0.0065617661964534335
3.4279508159888072,-0.9968322403564717,6.919510826783725,0.999,2.916642857142857,2755.0,-0.00012300698798473064,0.0065617661964534335
3.427827809000823,-0.9968406311314861,6.926072592980178,0.999,2.9165714285714284,2756.0,-0.00012300698798428655,0.0065617661964534335
3.4277048020128387,-0.9968490219065006,6.932634359176632,0.999,2.9165,2757.0,-0.00012300698798428655,0.0065617661964534335
3.427581795024854,-0.9968574126815151,6.939196125373084,0.999,2.9164285714285714,2758.0,-0.00012300698798473064,0.006561766196452545
3.427458788036869,-0.9968658034565295,6.945757891569538,0.999,2.9163571428571426,2759.0,-0.00012300698798473064,0.0065617661964534335
3.427335781048885,-0.996874194231544,6.952319657765991,0.999,2.9162857142857144,2760.0,-0.00012300698798428655,0.0065617661964534335
3.4272127740609006,-0.9968825850065586,6.958881423962445,0.999,2.9162142857142856,2761.0,-0.00012300698798428655,0.0065617661964534335
3.427089767072916,-0.996890975781573,6.965443190158898,0.999,2.916142857142857,2762.0,-0.00012300698798473064,0.0065617661964534335
3.426966760084931,-0.9968993665565875,6.9720049563553514,0.999,2.9160714285714286,2763.0,-0.00012300698798473064,0.0065617661964534335
3.426843753096947,-0.996907757331602,6.978566722551805,0.999,2.916,2764.0,-0.00012300698798428655,0.0065617661964534335
3.426726743772771,-0.9967794389371476,6.980717351461912,0.999,2.9158461538461538,2765.0,-0.00011700932417602061,0.0021506289101074216
3.426609734448595,-0.9966511205426932,6.98286798037202,0.999,2.9156923076923076,2766.0,-0.00011700932417602061,0.0021506289101074216
3.426492725124419,-0.9965228021482387,6.985018609282126,0.999,2.9155384615384614,2767.0,-0.00011700932417602061,0.0021506289101065335
3.4263757158002424,-0.9963944837537844,6.987169238192234,0.999,2.9153846153846152,2768.0,-0.0001170093241764647,0.0021506289101074216
3.4262587064760663,-0.99626616535933,6.989319867102341,0.999,2.915230769230769,2769.0,-0.00011700932417602061,0.0021506289101074216
3.4261416971518903,-0.9961378469648756,6.9914704960124485,0.999,2.915076923076923,2770.0,-0.00011700932417602061,0.0021506289101074216
3.4260246878277143,-0.9960095285704211,6.993621124922555,0.999,2.914923076923077,2771.0,-0.00011700932417602061,0.0021506289101065335
3.4259076785035383,-0.9958812101759668,6.9957717538326625,0.999,2.914769230769231,2772.0,-0.00011700932417602061,0.0021506289101074216
3.4257906691793623,-0.9957528917815124,6.99792238274277,0.999,2.914615384615385,2773.0,-0.00011700932417602061,0.0021506289101074216
3.425673659855186,-0.995624573387058,7.000073011652877,0.999,2.9144615384615387,2774.0,-0.0001170093241764647,0.0021506289101074216
3.4255566505310098,-0.9954962549926035,7.002223640562984,0.999,2.9143076923076925,2775.0,-0.00011700932417602061,0.0021506289101065335
3.4254396412068338,-0.9953679365981492,7.004374269473091,0.999,2.9141538461538463,2776.0,-0.00011700932417602061,0.0021506289101074216
3.4253226318826577,-0.9952396182036948,7.006524898383199,0.999,2.914,2777.0,-0.00011700932417602061,0.0021506289101074216
3.42520441984122,-0.995395025509456,7.007351588369644,0.999,2.9139285714285714,2778.0,-0.00011821204143780406,0.0008266899864448618
3.425086207799782,-0.9955504328152173,7.008178278356088,0.999,2.913857142857143,2779.0,-0.00011821204143780406,0.0008266899864448618
3.424967995758344,-0.9957058401209785,7.009004968342533,0.999,2.9137857142857144,2780.0,-0.00011821204143824815,0.0008266899864448618
3.424849783716906,-0.9958612474267396,7.009831658328978,0.999,2.9137142857142857,2781.0,-0.00011821204143780406,0.0008266899864448618
3.4247315716754683,-0.9960166547325009,7.010658348315423,0.999,2.913642857142857,2782.0,-0.00011821204143780406,0.0008266899864448618
3.4246133596340305,-0.9961720620382621,7.011485038301868,0.999,2.9135714285714287,2783.0,-0.00011821204143780406,0.0008266899864448618
3.424495147592592,-0.9963274693440234,7.012311728288313,0.999,2.9135,2784.0,-0.00011821204143824815,0.0008266899864448618
3.4243769355511544,-0.9964828766497846,7.0131384182747585,0.999,2.9134285714285713,2785.0,-0.00011821204143780406,0.00082668998644575
3.4242587235097166,-0.9966382839555459,7.013965108261203,0.999,2.913357142857143,2786.0,-0.00011821204143780406,0.0008266899864448618
3.424140511468279,-0.9967936912613071,7.014791798247648,0.999,2.9132857142857143,2787.0,-0.00011821204143780406,0.0008266899864448618
3.424022299426841,-0.9969490985670683,7.015618488234093,0.999,2.9132142857142855,2788.0,-0.00011821204143780406,0.0008266899864448618
3.4239040873854028,-0.9971045058728295,7.016445178220538,0.999,2.913142857142857,2789.0,-0.00011821204143824815,0.0008266899864448618
3.423785875343965,-0.9972599131785908,7.017271868206983,0.999,2.9130714285714285,2790.0,-0.00011821204143780406,0.0008266899864448618
3.423667663302527,-0.997415320484352,7.018098558193428,0.999,2.913,2791.0,-0.00011821204143780406,0.0008266899864448618
3.423548590637654,-0.9973038233248849,7.023464512643209,0.9989846153846154,2.9128461538461536,2792.0,-0.00011907266487298784,0.005365954449781718
3.4234295179727807,-0.9971923261654179,7.028830467092992,0.9989692307692307,2.9126923076923075,2793.0,-0.00011907266487343193,0.005365954449782606
3.4233104453079077,-0.9970808290059507,7.034196421542774,0.9989538461538462,2.9125384615384613,2794.0,-0.00011907266487298784,0.005365954449781718
3.4231913726430343,-0.9969693318464837,7.039562375992555,0.9989384615384616,2.912384615384615,2795.0,-0.00011907266487343193,0.005365954449781718
3.4230722999781613,-0.9968578346870166,7.044928330442338,0.9989230769230769,2.912230769230769,2796.0,-0.00011907266487298784,0.005365954449782606
3.422953227313288,-0.9967463375275495,7.05029428489212,0.9989076923076923,2.912076923076923,2797.0,-0.00011907266487343193,0.005365954449781718
3.422834154648415,-0.9966348403680825,7.0556602393419015,0.9988923076923077,2.911923076923077,2798.0,-0.00011907266487298784,0.005365954449781718
3.4227150819835415,-0.9965233432086154,7.061026193791683,0.9988769230769231,2.911769230769231,2799.0,-0.00011907266487343193,0.005365954449781718
3.4225960093186685,-0.9964118460491482,7.066392148241466,0.9988615384615385,2.9116153846153847,2800.0,-0.00011907266487298784,0.005365954449782606
3.422476936653795,-0.9963003488896812,7.0717581026912475,0.9988461538461538,2.9114615384615385,2801.0,-0.00011907266487343193,0.005365954449781718
3.422357863988922,-0.9961888517302141,7.077124057141029,0.9988307692307693,2.9113076923076924,2802.0,-0.00011907266487298784,0.005365954449781718
3.4222387913240486,-0.9960773545707471,7.082490011590812,0.9988153846153847,2.911153846153846,2803.0,-0.00011907266487343193,0.005365954449782606
3.4221197186591756,-0.99596585741128,7.0878559660405935,0.9988,2.911,2804.0,-0.00011907266487298784,0.005365954449781718
3.4220299920459563,-0.9960343549017683,7.0913404379727005,0.9988142857142858,2.910857142857143,2805.0,-8.972661321937636e-05,0.0034844719321069917
3.4219402654327364,-0.9961028523922567,7.094824909904808,0.9988285714285714,2.9107142857142856,2806.0,-8.972661321982045e-05,0.00348447193210788
3.421850538819517,-0.9961713498827451,7.098309381836915,0.9988428571428571,2.9105714285714286,2807.0,-8.972661321937636e-05,0.0034844719321069917
3.4217608122062977,-0.9962398473732335,7.101793853769022,0.9988571428571429,2.9104285714285716,2808.0,-8.972661321937636e-05,0.0034844719321069917
3.4216710855930783,-0.9963083448637218,7.10527832570113,0.9988714285714286,2.910285714285714,2809.0,-8.972661321937636e-05,0.00348447193210788
3.4215813589798585,-0.9963768423542102,7.108762797633237,0.9988857142857143,2.910142857142857,2810.0,-8.972661321982045e-05,0.0034844719321069917
3.421491632366639,-0.9964453398446986,7.112247269565344,0.9989,2.91,2811.0,-8.972661321937636e-05,0.0034844719321069917
3.4214019057534197,-0.996513837335187,7.115731741497452,0.9989142857142858,2.9098571428571427,2812.0,-8.972661321937636e-05,0.00348447193210788
3.4213121791402,-0.9965823348256753,7.119216213429559,0.9989285714285714,2.9097142857142857,2813.0,-8.972661321982045e-05,0.0034844719321069917
3.4212224525269805,-0.9966508323161637,7.122700685361667,0.9989428571428571,2.9095714285714283,2814.0,-8.972661321937636e-05,0.00348447193210788
3.421132725913761,-0.9967193298066521,7.126185157293774,0.9989571428571429,2.9094285714285713,2815.0,-8.972661321937636e-05,0.0034844719321069917
3.421042999300542,-0.9967878272971404,7.129669629225881,0.9989714285714286,2.9092857142857143,2816.0,-8.972661321937636e-05,0.0034844719321069917
3.420953272687322,-0.9968563247876288,7.133154101157989,0.9989857142857143,2.909142857142857,2817.0,-8.972661321982045e-05,0.00348447193210788
3.4208635460741026,-0.9969248222781172,7.136638573090096,0.999,2.909,2818.0,-8.972661321937636e-05,0.0034844719321069917
3.420751998109303,-0.9968212109930772,7.141980319659375,0.999,2.909,2819.0,-0.00011154796479972973,0.005341746569278882
3.4206404501445036,-0.9967175997080372,7.147322066228654,0.999,2.909,2820.0,-0.00011154796479928564,0.005341746569278882
3.420528902179704,-0.9966139884229972,7.1526638127979325,0.999,2.909,2821.0,-0.00011154796479972973,0.005341746569278882
3.420417354214904,-0.9965103771379572,7.158005559367212,0.999,2.909,2822.0,-0.00011154796479972973,0.0053417465692797705
3.420305806250105,-0.9964067658529172,7.163347305936491,0.999,2.909,2823.0,-0.00011154796479928564,0.005341746569278882
3.420194258285305,-0.9963031545678772,7.16868905250577,0.999,2.909,2824.0,-0.00011154796479972973,0.005341746569278882
3.4200827103205054,-0.9961995432828372,7.174030799075049,0.999,2.909,2825.0,-0.00011154796479972973,0.005341746569278882
3.4199711623557056,-0.9960959319977972,7.179372545644328,0.999,2.909,2826.0,-0.00011154796479972973,0.005341746569278882
3.4198596143909064,-0.9959923207127572,7.184714292213607,0.999,2.909,2827.0,-0.00011154796479928564,0.005341746569278882
3.4197480664261066,-0.9958887094277172,7.1900560387828865,0.999,2.909,2828.0,-0.00011154796479972973,0.0053417465692797705
3.419636518461307,-0.9957850981426772,7.195397785352165,0.999,2.909,2829.0,-0.00011154796479972973,0.005341746569278882
3.4195249704965076,-0.9956814868576372,7.200739531921444,0.999,2.909,2830.0,-0.00011154796479928564,0.005341746569278882
3.419413422531708,-0.9955778755725972,7.206081278490723,0.999,2.909,2831.0,-0.00011154796479972973,0.005341746569278882
3.419326937587861,-0.9956263523846935,7.208611913033218,0.999,2.908857142857143,2832.0,-8.648494384688732e-05,0.002530634542495136
3.419240452644014,-0.9956748291967898,7.2111425475757125,0.999,2.9087142857142854,2833.0,-8.648494384688732e-05,0.002530634542494248
3.419153967700167,-0.9957233060088861,7.213673182118208,0.999,2.9085714285714284,2834.0,-8.648494384688732e-05,0.002530634542495136
3.4190674827563203,-0.9957717828209824,7.216203816660703,0.999,2.9084285714285714,2835.0,-8.648494384688732e-05,0.002530634542495136
3.4189809978124734,-0.9958202596330787,7.218734451203198,0.999,2.9082857142857144,2836.0,-8.648494384688732e-05,0.002530634542495136
3.4188945128686266,-0.995868736445175,7.221265085745692,0.999,2.908142857142857,2837.0,-8.648494384688732e-05,0.002530634542494248
3.41880802792478,-0.9959172132572713,7.223795720288187,0.999,2.908,2838.0,-8.648494384644323e-05,0.002530634542495136
3.4187215429809332,-0.9959656900693676,7.226326354830682,0.999,2.907857142857143,2839.0,-8.648494384688732e-05,0.002530634542495136
3.4186350580370863,-0.9960141668814639,7.228856989373177,0.999,2.9077142857142855,2840.0,-8.648494384688732e-05,0.002530634542494248
3.4185485730932395,-0.9960626436935602,7.231387623915672,0.999,2.9075714285714285,2841.0,-8.648494384688732e-05,0.002530634542495136
3.4184620881493926,-0.9961111205056565,7.233918258458167,0.999,2.9074285714285715,2842.0,-8.648494384688732e-05,0.002530634542495136
3.4183756032055457,-0.9961595973177528,7.236448893000662,0.999,2.9072857142857145,2843.0,-8.648494384688732e-05,0.002530634542495136
3.418289118261699,-0.9962080741298491,7.238979527543156,0.999,2.907142857142857,2844.0,-8.648494384688732e-05,0.002530634542494248
3.418202633317852,-0.9962565509419454,7.2415101620856515,0.999,2.907,2845.0,-8.648494384688732e-05,0.002530634542495136
3.4180976646837236,-0.9962097111491838,7.2446519525859285,0.999,2.906923076923077,2846.0,-0.00010496863412834401,0.003141790500277075
3.417992696049595,-0.996162871356422,7.247793743086206,0.999,2.906846153846154,2847.0,-0.00010496863412834401,0.003141790500277075
3.417887727415467,-0.9961160315636604,7.250935533586483,0.999,2.906769230769231,2848.0,-0.00010496863412834401,0.003141790500277075
3.4177827587813385,-0.9960691917708986,7.25407732408676,0.999,2.9066923076923077,2849.0,-0.00010496863412834401,0.003141790500277075
3.41767779014721,-0.9960223519781369,7.257219114587037,0.999,2.906615384615385,2850.0,-0.00010496863412834401,0.003141790500277075
3.417572821513082,-0.9959755121853753,7.260360905087314,0.999,2.9065384615384615,2851.0,-0.00010496863412834401,0.003141790500277075
3.417467852878953,-0.9959286723926135,7.263502695587591,0.999,2.9064615384615387,2852.0,-0.0001049686341287881,0.003141790500277075
3.4173628842448247,-0.9958818325998519,7.266644486087868,0.999,2.9063846153846153,2853.0,-0.00010496863412834401,0.003141790500277075
3.4172579156106964,-0.9958349928070902,7.269786276588145,0.999,2.9063076923076925,2854.0,-0.00010496863412834401,0.003141790500277075
3.417152946976568,-0.9957881530143284,7.272928067088422,0.999,2.906230769230769,2855.0,-0.00010496863412834401,0.003141790500277075
3.4170479783424397,-0.9957413132215668,7.276069857588699,0.999,2.9061538461538463,2856.0,-0.00010496863412834401,0.003141790500277075
3.4169430097083113,-0.995694473428805,7.279211648088976,0.999,2.906076923076923,2857.0,-0.00010496863412834401,0.003141790500277075
3.416838041074183,-0.9956476336360434,7.282353438589253,0.999,2.906,2858.0,-0.00010496863412834401,0.003141790500277075
3.4167516829921984,-0.9956197303182543,7.285953231321667,0.999,2.9059285714285714,2859.0,-8.635808198453887e-05,0.0035997927324133983
3.416665324910214,-0.9955918270004653,7.289553024054081,0.999,2.905857142857143,2860.0,-8.635808198453887e-05,0.0035997927324142864
3.4165789668282294,-0.9955639236826763,7.293152816786495,0.999,2.9057857142857144,2861.0,-8.635808198453887e-05,0.0035997927324142864
3.416492608746245,-0.9955360203648874,7.296752609518909,0.999,2.9057142857142857,2862.0,-8.635808198453887e-05,0.0035997927324133983
3.4164062506642603,-0.9955081170470984,7.300352402251322,0.999,2.905642857142857,2863.0,-8.635808198453887e-05,0.0035997927324133983
3.4163198925822758,-0.9954802137293094,7.3039521949837365,0.999,2.9055714285714287,2864.0,-8.635808198453887e-05,0.0035997927324142864
3.4162335345002908,-0.9954523104115204,7.307551987716151,0.999,2.9055,2865.0,-8.635808198498296e-05,0.0035997927324142864
3.4161471764183062,-0.9954244070937314,7.311151780448564,0.999,2.9054285714285712,2866.0,-8.635808198453887e-05,0.0035997927324133983
3.4160608183363217,-0.9953965037759424,7.314751573180978,0.999,2.905357142857143,2867.0,-8.635808198453887e-05,0.0035997927324133983
3.415974460254337,-0.9953686004581533,7.318351365913392,0.999,2.9052857142857142,2868.0,-8.635808198453887e-05,0.0035997927324142864
3.4158881021723526,-0.9953406971403644,7.321951158645806,0.999,2.9052142857142855,2869.0,-8.635808198453887e-05,0.0035997927324142864
3.415801744090368,-0.9953127938225754,7.3255509513782195,0.999,2.905142857142857,2870.0,-8.635808198453887e-05,0.0035997927324133983
3.4157153860083835,-0.9952848905047864,7.329150744110633,0.999,2.9050714285714285,2871.0,-8.635808198453887e-05,0.0035997927324133983
3.415629027926399,-0.9952569871869974,7.332750536843047,0.999,2.905,2872.0,-8.635808198453887e-05,0.0035997927324142864
3.415537367392087,-0.9953670209078765,7.336089775228876,0.999,2.9048461538461536,2873.0,-9.166053431197696e-05,0.0033392383858288355
3.415445706857775,-0.9954770546287557,7.339429013614705,0.999,2.9046923076923075,2874.0,-9.166053431197696e-05,0.0033392383858288355
3.415354046323463,-0.9955870883496348,7.342768252000534,0.999,2.9045384615384613,2875.0,-9.166053431197696e-05,0.0033392383858288355
3.415262385789151,-0.9956971220705139,7.346107490386363,0.999,2.904384615384615,2876.0,-9.166053431197696e-05,0.0033392383858288355
3.415170725254839,-0.995807155791393,7.349446728772191,0.999,2.904230769230769,2877.0,-9.166053431197696e-05,0.0033392383858288355
3.415079064720527,-0.9959171895122721,7.35278596715802,0.999,2.904076923076923,2878.0,-9.166053431197696e-05,0.0033392383858288355
3.4149874041862147,-0.9960272232331513,7.356125205543849,0.999,2.903923076923077,2879.0,-9.166053431242105e-05,0.0033392383858288355
3.4148957436519027,-0.9961372569540304,7.359464443929678,0.999,2.903769230769231,2880.0,-9.166053431197696e-05,0.0033392383858288355
3.4148040831175908,-0.9962472906749096,7.362803682315507,0.999,2.9036153846153847,2881.0,-9.166053431197696e-05,0.0033392383858288355
3.414712422583279,-0.9963573243957886,7.366142920701336,0.999,2.9034615384615385,2882.0,-9.166053431197696e-05,0.0033392383858288355
3.414620762048967,-0.9964673581166678,7.369482159087164,0.999,2.9033076923076924,2883.0,-9.166053431197696e-05,0.0033392383858288355
3.414529101514655,-0.9965773918375469,7.372821397472993,0.999,2.903153846153846,2884.0,-9.166053431197696e-05,0.0033392383858288355
3.414437440980343,-0.996687425558426,7.376160635858822,0.999,2.903,2885.0,-9.166053431197696e-05,0.0033392383858288355
3.414358974018357,-0.9967001238906648,7.379094907198836,0.9989857142857143,2.9029285714285713,2886.0,-7.846696198576808e-05,0.0029342713400142273
3.4142805070563713,-0.9967128222229034,7.3820291785388505,0.9989714285714286,2.902857142857143,2887.0,-7.846696198576808e-05,0.0029342713400142273
3.414202040094385,-0.9967255205551421,7.384963449878865,0.9989571428571429,2.9027857142857143,2888.0,-7.846696198621217e-05,0.0029342713400142273
3.4141235731323993,-0.9967382188873807,7.387897721218878,0.9989428571428571,2.9027142857142856,2889.0,-7.846696198576808e-05,0.002934271340013339
3.4140451061704136,-0.9967509172196194,7.390831992558892,0.9989285714285714,2.9026428571428573,2890.0,-7.846696198576808e-05,0.0029342713400142273
3.413966639208428,-0.996763615551858,7.393766263898907,0.9989142857142858,2.9025714285714286,2891.0,-7.846696198576808e-05,0.0029342713400142273
3.4138881722464416,-0.9967763138840967,7.396700535238921,0.9989,2.9025000000000003,2892.0,-7.846696198621217e-05,0.0029342713400142273
3.413809705284456,-0.9967890122163354,7.399634806578935,0.9988857142857143,2.9024285714285716,2893.0,-7.846696198576808e-05,0.0029342713400142273
3.41373123832247,-0.996801710548574,7.402569077918949,0.9988714285714286,2.902357142857143,2894.0,-7.846696198576808e-05,0.0029342713400142273
3.4136527713604843,-0.9968144088808127,7.4055033492589635,0.9988571428571429,2.9022857142857146,2895.0,-7.846696198576808e-05,0.0029342713400142273
3.4135743043984985,-0.9968271072130513,7.408437620598977,0.9988428571428571,2.902214285714286,2896.0,-7.846696198576808e-05,0.002934271340013339
3.4134958374365123,-0.9968398055452901,7.411371891938991,0.9988285714285714,2.902142857142857,2897.0,-7.846696198621217e-05,0.0029342713400142273
3.4134173704745265,-0.9968525038775287,7.414306163279005,0.9988142857142858,2.902071428571429,2898.0,-7.846696198576808e-05,0.0029342713400142273
3.4133389035125408,-0.9968652022097674,7.4172404346190195,0.9988,2.902,2899.0,-7.846696198576808e-05,0.0029342713400142273
3.4132569737459066,-0.9968846597604245,7.420338694862974,0.9988153846153847,2.901923076923077,2900.0,-8.192976663412566e-05,0.0030982602439548756
3.413175043979272,-0.9969041173110817,7.423436955106929,0.9988307692307693,2.901846153846154,2901.0,-8.192976663456975e-05,0.0030982602439548756
3.413093114212638,-0.9969235748617389,7.426535215350885,0.9988461538461538,2.9017692307692307,2902.0,-8.192976663412566e-05,0.003098260243955764
3.4130111844460034,-0.9969430324123961,7.42963347559484,0.9988615384615385,2.901692307692308,2903.0,-8.192976663456975e-05,0.0030982602439548756
3.4129292546793693,-0.9969624899630533,7.432731735838795,0.9988769230769231,2.9016153846153845,2904.0,-8.192976663412566e-05,0.0030982602439548756
3.412847324912735,-0.9969819475137105,7.43582999608275,0.9988923076923077,2.9015384615384616,2905.0,-8.192976663412566e-05,0.0030982602439548756
3.4127653951461006,-0.9970014050643676,7.438928256326705,0.9989076923076923,2.9014615384615383,2906.0,-8.192976663456975e-05,0.003098260243955764
3.4126834653794664,-0.9970208626150249,7.44202651657066,0.9989230769230769,2.9013846153846155,2907.0,-8.192976663412566e-05,0.0030982602439548756
3.4126015356128323,-0.997040320165682,7.445124776814615,0.9989384615384616,2.901307692307692,2908.0,-8.192976663412566e-05,0.0030982602439548756
3.4125196058461977,-0.9970597777163392,7.44822303705857,0.9989538461538462,2.9012307692307693,2909.0,-8.192976663456975e-05,0.0030982602439548756
3.4124376760795636,-0.9970792352669964,7.451321297302526,0.9989692307692307,2.901153846153846,2910.0,-8.192976663412566e-05,0.003098260243955764
3.412355746312929,-0.9970986928176536,7.454419557546481,0.9989846153846154,2.901076923076923,2911.0,-8.192976663456975e-05,0.0030982602439548756
3.412273816546295,-0.9971181503683108,7.4575178177904355,0.999,2.901,2912.0,-8.192976663412566e-05,0.0030982602439548756
3.4121721428703,-0.9971411855133764,7.462213974386685,0.999,2.900928571428571,2913.0,-0.00010167367599489552,0.004696156596249779
3.4120704691943047,-0.9971642206584421,7.466910130982936,0.999,2.900857142857143,2914.0,-0.00010167367599533961,0.004696156596250667
3.41196879551831,-0.9971872558035078,7.471606287579186,0.999,2.900785714285714,2915.0,-0.00010167367599489552,0.004696156596249779
3.411867121842315,-0.9972102909485734,7.476302444175436,0.999,2.9007142857142854,2916.0,-0.00010167367599489552,0.004696156596250667
3.4117654481663195,-0.997233326093639,7.480998600771686,0.999,2.900642857142857,2917.0,-0.00010167367599533961,0.004696156596249779
3.4116637744903247,-0.9972563612387048,7.485694757367937,0.999,2.9005714285714284,2918.0,-0.00010167367599489552,0.004696156596250667
3.4115621008143293,-0.9972793963837704,7.490390913964187,0.999,2.9005,2919.0,-0.00010167367599533961,0.004696156596249779
3.4114604271383344,-0.997302431528836,7.495087070560436,0.999,2.9004285714285714,2920.0,-0.00010167367599489552,0.004696156596249779
3.4113587534623395,-0.9973254666739018,7.499783227156687,0.999,2.9003571428571426,2921.0,-0.00010167367599489552,0.004696156596250667
3.411257079786344,-0.9973485018189674,7.504479383752937,0.999,2.9002857142857144,2922.0,-0.00010167367599533961,0.004696156596249779
3.4111554061103493,-0.997371536964033,7.5091755403491875,0.999,2.9002142857142856,2923.0,-0.00010167367599489552,0.004696156596250667
3.4110537324343544,-0.9973945721090987,7.513871696945437,0.999,2.900142857142857,2924.0,-0.00010167367599489552,0.004696156596249779
3.410952058758359,-0.9974176072541644,7.518567853541688,0.999,2.9000714285714286,2925.0,-0.00010167367599533961,0.004696156596250667
3.410850385082364,-0.99744064239923,7.523264010137938,0.999,2.9,2926.0,-0.00010167367599489552,0.004696156596249779
3.4107841434771027,-0.9972711696280407,7.527253740486474,0.999,2.899923076923077,2927.0,-6.624160526147449e-05,0.0039897303485361135
3.410717901871841,-0.9971016968568515,7.53124347083501,0.999,2.8998461538461537,2928.0,-6.624160526147449e-05,0.0039897303485361135
3.4106516602665797,-0.9969322240856621,7.535233201183546,0.999,2.899769230769231,2929.0,-6.624160526147449e-05,0.0039897303485361135
3.4105854186613183,-0.9967627513144728,7.539222931532082,0.999,2.8996923076923076,2930.0,-6.624160526147449e-05,0.0039897303485361135
3.410519177056057,-0.9965932785432835,7.543212661880618,0.999,2.8996153846153847,2931.0,-6.624160526147449e-05,0.0039897303485361135
3.4104529354507953,-0.9964238057720942,7.5472023922291545,0.999,2.8995384615384614,2932.0,-6.624160526147449e-05,0.0039897303485361135
3.4103866938455343,-0.9962543330009048,7.55119212257769,0.999,2.8994615384615385,2933.0,-6.62416052610304e-05,0.003989730348535225
3.410320452240273,-0.9960848602297155,7.555181852926226,0.999,2.8993846153846152,2934.0,-6.624160526147449e-05,0.0039897303485361135
3.4102542106350113,-0.9959153874585263,7.559171583274762,0.999,2.8993076923076924,2935.0,-6.624160526147449e-05,0.0039897303485361135
3.41018796902975,-0.995745914687337,7.563161313623298,0.999,2.899230769230769,2936.0,-6.624160526147449e-05,0.0039897303485361135
3.4101217274244884,-0.9955764419161476,7.567151043971834,0.999,2.899153846153846,2937.0,-6.624160526147449e-05,0.0039897303485361135
3.410055485819227,-0.9954069691449583,7.57114077432037,0.999,2.899076923076923,2938.0,-6.624160526147449e-05,0.0039897303485361135
3.4099892442139654,-0.995237496373769,7.575130504668906,0.999,2.899,2939.0,-6.624160526147449e-05,0.0039897303485361135
3.4099078959648383,-0.9952017602683066,7.577368315059111,0.999,2.898857142857143,2940.0,-8.134824912708893e-05,0.002237810390204764
3.4098265477157113,-0.9951660241628442,7.579606125449316,0.999,2.8987142857142856,2941.0,-8.134824912708893e-05,0.002237810390204764
3.409745199466584,-0.9951302880573818,7.581843935839521,0.999,2.8985714285714286,2942.0,-8.134824912708893e-05,0.002237810390204764
3.409663851217457,-0.9950945519519193,7.584081746229726,0.999,2.8984285714285716,2943.0,-8.134824912708893e-05,0.0022378103902056523
3.40958250296833,-0.995058815846457,7.586319556619931,0.999,2.898285714285714,2944.0,-8.134824912708893e-05,0.002237810390204764
3.409501154719203,-0.9950230797409945,7.588557367010136,0.999,2.898142857142857,2945.0,-8.134824912708893e-05,0.002237810390204764
3.409419806470076,-0.9949873436355321,7.590795177400341,0.999,2.898,2946.0,-8.134824912708893e-05,0.002237810390204764
3.4093384582209487,-0.9949516075300697,7.593032987790545,0.999,2.8978571428571427,2947.0,-8.134824912708893e-05,0.002237810390204764
3.4092571099718216,-0.9949158714246072,7.59527079818075,0.999,2.8977142857142857,2948.0,-8.134824912708893e-05,0.002237810390204764
3.4091757617226945,-0.9948801353191449,7.597508608570955,0.999,2.8975714285714282,2949.0,-8.134824912708893e-05,0.002237810390204764
3.4090944134735675,-0.9948443992136824,7.5997464189611605,0.999,2.8974285714285712,2950.0,-8.134824912708893e-05,0.0022378103902056523
3.4090130652244404,-0.99480866310822,7.601984229351365,0.999,2.8972857142857142,2951.0,-8.134824912708893e-05,0.002237810390204764
3.4089317169753133,-0.9947729270027575,7.60422203974157,0.999,2.897142857142857,2952.0,-8.134824912708893e-05,0.002237810390204764
3.408850368726186,-0.9947371908972952,7.606459850131775,0.999,2.897,2953.0,-8.134824912708893e-05,0.002237810390204764
3.4087769848162544,-0.9949312468570912,7.606788844926594,0.999,2.897,2954.0,-7.338390993183452e-05,0.0003289947948195149
3.408703600906323,-0.9951253028168873,7.607117839721413,0.999,2.897,2955.0,-7.338390993139043e-05,0.0003289947948186267
3.408630216996391,-0.9953193587766833,7.6074468345162325,0.999,2.897,2956.0,-7.338390993183452e-05,0.0003289947948195149
3.4085568330864597,-0.9955134147364793,7.607775829311051,0.999,2.897,2957.0,-7.338390993139043e-05,0.0003289947948186267
3.408483449176528,-0.9957074706962753,7.608104824105871,0.999,2.897,2958.0,-7.338390993183452e-05,0.0003289947948195149
3.4084100652665965,-0.9959015266560713,7.608433818900689,0.999,2.897,2959.0,-7.338390993139043e-05,0.0003289947948186267
3.4083366813566647,-0.9960955826158674,7.608762813695509,0.999,2.897,2960.0,-7.338390993183452e-05,0.0003289947948195149
3.4082632974467333,-0.9962896385756634,7.609091808490327,0.999,2.897,2961.0,-7.338390993139043e-05,0.0003289947948186267
3.4081899135368015,-0.9964836945354595,7.609420803285147,0.999,2.897,2962.0,-7.338390993183452e-05,0.0003289947948195149
3.40811652962687,-0.9966777504952554,7.6097497980799655,0.999,2.897,2963.0,-7.338390993139043e-05,0.0003289947948186267
3.4080431457169382,-0.9968718064550515,7.610078792874785,0.999,2.897,2964.0,-7.338390993183452e-05,0.0003289947948195149
3.407969761807007,-0.9970658624148475,7.610407787669604,0.999,2.897,2965.0,-7.338390993139043e-05,0.0003289947948186267
3.407896377897075,-0.9972599183746436,7.610736782464423,0.999,2.897,2966.0,-7.338390993183452e-05,0.0003289947948195149
3.4078107392172314,-0.9970996825765753,7.614432388414727,0.999,2.896857142857143,2967.0,-8.563867984356932e-05,0.0036956059503037153
3.4077251005373874,-0.9969394467785071,7.61812799436503,0.999,2.8967142857142854,2968.0,-8.563867984401341e-05,0.003695605950302827
3.407639461857544,-0.9967792109804388,7.6218236003153335,0.999,2.8965714285714284,2969.0,-8.563867984356932e-05,0.0036956059503037153
3.4075538231777,-0.9966189751823705,7.625519206265637,0.999,2.8964285714285714,2970.0,-8.563867984401341e-05,0.0036956059503037153
3.4074681844978563,-0.9964587393843023,7.62921481221594,0.999,2.8962857142857144,2971.0,-8.563867984356932e-05,0.003695605950302827
3.4073825458180123,-0.9962985035862341,7.632910418166244,0.999,2.896142857142857,2972.0,-8.563867984401341e-05,0.0036956059503037153
3.4072969071381687,-0.9961382677881657,7.636606024116547,0.999,2.896,2973.0,-8.563867984356932e-05,0.0036956059503037153
3.407211268458325,-0.9959780319900975,7.64030163006685,0.999,2.895857142857143,2974.0,-8.563867984356932e-05,0.003695605950302827
3.407125629778481,-0.9958177961920293,7.643997236017154,0.999,2.8957142857142855,2975.0,-8.563867984401341e-05,0.0036956059503037153
3.4070399910986375,-0.995657560393961,7.647692841967457,0.999,2.8955714285714285,2976.0,-8.563867984356932e-05,0.003695605950302827
3.4069543524187935,-0.9954973245958928,7.6513884479177605,0.999,2.8954285714285715,2977.0,-8.563867984401341e-05,0.0036956059503037153
3.40686871373895,-0.9953370887978245,7.655084053868064,0.999,2.8952857142857145,2978.0,-8.563867984356932e-05,0.0036956059503037153
3.406783075059106,-0.9951768529997562,7.658779659818367,0.999,2.895142857142857,2979.0,-8.563867984401341e-05,0.003695605950302827
3.4066974363792624,-0.995016617201688,7.662475265768671,0.999,2.895,2980.0,-8.563867984356932e-05,0.0036956059503037153
3.4066255386785245,-0.9950797361768128,7.667260328143708,0.999,2.895,2981.0,-7.189770073789958e-05,0.004785062375037619
3.4065536409777866,-0.9951428551519376,7.672045390518747,0.999,2.895,2982.0,-7.189770073789958e-05,0.004785062375038507
3.4064817432770487,-0.9952059741270624,7.6768304528937845,0.999,2.895,2983.0,-7.189770073789958e-05,0.004785062375037619
3.4064098455763103,-0.995269093102187,7.681615515268823,0.999,2.895,2984.0,-7.189770073834367e-05,0.004785062375038507
3.4063379478755724,-0.9953322120773118,7.686400577643861,0.999,2.895,2985.0,-7.189770073789958e-05,0.004785062375037619
3.4062660501748345,-0.9953953310524366,7.691185640018898,0.999,2.895,2986.0,-7.189770073789958e-05,0.004785062375037619
3.4061941524740966,-0.9954584500275614,7.695970702393937,0.999,2.895,2987.0,-7.189770073789958e-05,0.004785062375038507
3.4061222547733587,-0.9955215690026862,7.700755764768974,0.999,2.895,2988.0,-7.189770073789958e-05,0.004785062375037619
3.406050357072621,-0.995584687977811,7.705540827144012,0.999,2.895,2989.0,-7.189770073789958e-05,0.004785062375037619
3.4059784593718825,-0.9956478069529356,7.7103258895190505,0.999,2.895,2990.0,-7.189770073834367e-05,0.004785062375038507
3.4059065616711446,-0.9957109259280604,7.715110951894088,0.999,2.895,2991.0,-7.189770073789958e-05,0.004785062375037619
3.4058346639704067,-0.9957740449031852,7.719896014269127,0.999,2.895,2992.0,-7.189770073789958e-05,0.004785062375038507
3.405762766269669,-0.99583716387831,7.724681076644164,0.999,2.895,2993.0,-7.189770073789958e-05,0.004785062375037619
3.405686181825131,-0.9958819179643497,7.726713590417487,0.999,2.894857142857143,2994.0,-7.658444453761959e-05,0.002032513773322364
3.405609597380593,-0.9959266720503892,7.728746104190809,0.999,2.8947142857142856,2995.0,-7.658444453806368e-05,0.002032513773322364
3.4055330129360555,-0.9959714261364288,7.730778617964132,0.999,2.8945714285714286,2996.0,-7.658444453761959e-05,0.0020325137733232523
3.405456428491518,-0.9960161802224684,7.732811131737455,0.999,2.8944285714285716,2997.0,-7.658444453761959e-05,0.002032513773322364
3.40537984404698,-0.9960609343085081,7.734843645510777,0.999,2.894285714285714,2998.0,-7.658444453806368e-05,0.002032513773322364
3.405303259602442,-0.9961056883945476,7.736876159284099,0.999,2.894142857142857,2999.0,-7.658444453761959e-05,0.002032513773322364
3.405226675157904,-0.9961504424805872,7.738908673057423,0.999,2.894,3000.0,-7.658444453806368e-05,0.0020325137733232523
3.4051500907133665,-0.9961951965666268,7.740941186830745,0.999,2.8938571428571427,3001.0,-7.658444453761959e-05,0.002032513773322364
3.405073506268829,-0.9962399506526665,7.742973700604067,0.999,2.8937142857142857,3002.0,-7.658444453761959e-05,0.002032513773322364
3.404996921824291,-0.996284704738706,7.74500621437739,0.999,2.8935714285714282,3003.0,-7.658444453806368e-05,0.002032513773322364
3.404920337379753,-0.9963294588247456,7.747038728150712,0.999,2.8934285714285712,3004.0,-7.658444453761959e-05,0.002032513773322364
3.4048437529352156,-0.9963742129107852,7.749071241924035,0.999,2.8932857142857142,3005.0,-7.658444453761959e-05,0.0020325137733232523
3.4047671684906775,-0.9964189669968249,7.751103755697358,0.999,2.893142857142857,3006.0,-7.658444453806368e-05,0.002032513773322364
3.40469058404614,-0.9964637210828644,7.75313626947068,0.999,2.893,3007.0,-7.658444453761959e-05,0.002032513773322364
3.4046113157609863,-0.9965184043188879,7.756445358004829,0.999,2.892923076923077,3008.0,-7.926828515358864e-05,0.0033090885341486853
3.4045320474758323,-0.9965730875549116,7.759754446538977,0.999,2.8928461538461536,3009.0,-7.926828515403272e-05,0.0033090885341486853
3.4044527791906787,-0.9966277707909351,7.763063535073126,0.999,2.8927692307692308,3010.0,-7.926828515358864e-05,0.0033090885341486853
3.404373510905525,-0.9966824540269588,7.766372623607276,0.999,2.8926923076923075,3011.0,-7.926828515358864e-05,0.0033090885341495735
3.404294242620371,-0.9967371372629823,7.769681712141424,0.999,2.8926153846153846,3012.0,-7.926828515403272e-05,0.0033090885341486853
3.4042149743352175,-0.9967918204990059,7.772990800675573,0.999,2.8925384615384613,3013.0,-7.926828515358864e-05,0.0033090885341486853
3.404135706050064,-0.9968465037350295,7.776299889209722,0.999,2.8924615384615384,3014.0,-7.926828515358864e-05,0.0033090885341486853
3.4040564377649103,-0.9969011869710531,7.77960897774387,0.999,2.892384615384615,3015.0,-7.926828515358864e-05,0.0033090885341486853
3.4039771694797563,-0.9969558702070767,7.782918066278019,0.999,2.8923076923076922,3016.0,-7.926828515403272e-05,0.0033090885341486853
3.4038979011946027,-0.9970105534431003,7.786227154812169,0.999,2.892230769230769,3017.0,-7.926828515358864e-05,0.0033090885341495735
3.403818632909449,-0.9970652366791238,7.789536243346317,0.999,2.892153846153846,3018.0,-7.926828515358864e-05,0.0033090885341486853
3.403739364624295,-0.9971199199151475,7.792845331880466,0.999,2.8920769230769228,3019.0,-7.926828515403272e-05,0.0033090885341486853
3.4036600963391415,-0.997174603151171,7.796154420414615,0.999,2.892,3020.0,-7.926828515358864e-05,0.0033090885341486853
3.4035853519304022,-0.9971843121384497,7.798396114434913,0.999,2.891928571428571,3021.0,-7.474440873922461e-05,0.0022416940202987234
3.403510607521663,-0.9971940211257283,7.800637808455211,0.999,2.891857142857143,3022.0,-7.474440873922461e-05,0.0022416940202978353
3.403435863112924,-0.997203730113007,7.80287950247551,0.999,2.891785714285714,3023.0,-7.474440873922461e-05,0.0022416940202987234
3.4033611187041846,-0.9972134391002857,7.805121196495809,0.999,2.8917142857142855,3024.0,-7.474440873922461e-05,0.0022416940202987234
3.4032863742954453,-0.9972231480875644,7.8073628905161065,0.999,2.891642857142857,3025.0,-7.474440873922461e-05,0.0022416940202978353
3.403211629886706,-0.997232857074843,7.809604584536405,0.999,2.8915714285714285,3026.0,-7.474440873922461e-05,0.0022416940202987234
3.4031368854779664,-0.9972425660621217,7.811846278556704,0.999,2.8915,3027.0,-7.47444087396687e-05,0.0022416940202987234
3.403062141069227,-0.9972522750494004,7.814087972577002,0.999,2.8914285714285715,3028.0,-7.474440873922461e-05,0.0022416940202978353
3.402987396660488,-0.997261984036679,7.8163296665973006,0.999,2.8913571428571427,3029.0,-7.474440873922461e-05,0.0022416940202987234
3.4029126522517488,-0.9972716930239577,7.818571360617598,0.999,2.8912857142857145,3030.0,-7.474440873922461e-05,0.0022416940202978353
3.4028379078430095,-0.9972814020112364,7.820813054637897,0.999,2.8912142857142857,3031.0,-7.474440873922461e-05,0.0022416940202987234
3.4027631634342703,-0.9972911109985151,7.823054748658196,0.999,2.891142857142857,3032.0,-7.474440873922461e-05,0.0022416940202987234
3.402688419025531,-0.9973008199857937,7.825296442678494,0.999,2.8910714285714287,3033.0,-7.474440873922461e-05,0.0022416940202978353
3.402613674616792,-0.9973105289730724,7.827538136698792,0.999,2.891,3034.0,-7.474440873922461e-05,0.0022416940202987234
3.40254001128598,-0.9971331061349545,7.829269120915067,0.999,2.890923076923077,3035.0,-7.366333081204601e-05,0.0017309842162749334
3.402466347955168,-0.9969556832968366,7.831000105131341,0.999,2.890846153846154,3036.0,-7.366333081204601e-05,0.0017309842162740452
3.4023926846243557,-0.9967782604587188,7.832731089347616,0.999,2.890769230769231,3037.0,-7.366333081204601e-05,0.0017309842162749334
3.402319021293544,-0.9966008376206008,7.83446207356389,0.999,2.8906923076923077,3038.0,-7.366333081160192e-05,0.0017309842162740452
3.402245357962732,-0.996423414782483,7.836193057780165,0.999,2.890615384615385,3039.0,-7.366333081204601e-05,0.0017309842162749334
3.40217169463192,-0.9962459919443651,7.837924041996439,0.999,2.8905384615384615,3040.0,-7.366333081204601e-05,0.0017309842162740452
3.402098031301108,-0.9960685691062472,7.839655026212714,0.999,2.8904615384615386,3041.0,-7.366333081204601e-05,0.0017309842162749334
3.402024367970296,-0.9958911462681294,7.841386010428988,0.999,2.8903846153846153,3042.0,-7.366333081204601e-05,0.0017309842162740452
3.401950704639484,-0.9957137234300115,7.843116994645263,0.999,2.8903076923076925,3043.0,-7.366333081204601e-05,0.0017309842162749334
3.4018770413086723,-0.9955363005918936,7.844847978861537,0.999,2.890230769230769,3044.0,-7.366333081160192e-05,0.0017309842162740452
3.4018033779778603,-0.9953588777537757,7.846578963077812,0.999,2.8901538461538463,3045.0,-7.366333081204601e-05,0.0017309842162749334
3.401729714647048,-0.9951814549156578,7.848309947294086,0.999,2.890076923076923,3046.0,-7.366333081204601e-05,0.0017309842162740452
3.401656051316236,-0.99500403207754,7.850040931510361,0.999,2.89,3047.0,-7.366333081204601e-05,0.0017309842162749334
3.401585780324364,-0.9950638612546612,7.854179052048473,0.999,2.8899285714285714,3048.0,-7.027099187206787e-05,0.004138120538112133
3.4015155093324916,-0.9951236904317824,7.8583171725865855,0.999,2.889857142857143,3049.0,-7.027099187251196e-05,0.004138120538112133
3.4014452383406195,-0.9951835196089036,7.862455293124698,0.999,2.8897857142857144,3050.0,-7.027099187206787e-05,0.004138120538112133
3.4013749673487474,-0.9952433487860249,7.866593413662811,0.999,2.8897142857142857,3051.0,-7.027099187206787e-05,0.0041381205381130215
3.401304696356875,-0.9953031779631462,7.870731534200923,0.999,2.889642857142857,3052.0,-7.027099187251196e-05,0.004138120538112133
3.401234425365003,-0.9953630071402674,7.874869654739035,0.999,2.8895714285714287,3053.0,-7.027099187206787e-05,0.004138120538112133
3.4011641543731304,-0.9954228363173886,7.879007775277147,0.999,2.8895,3054.0,-7.027099187251196e-05,0.004138120538112133
3.4010938833812583,-0.9954826654945098,7.883145895815259,0.999,2.8894285714285712,3055.0,-7.027099187206787e-05,0.004138120538112133
3.401023612389386,-0.995542494671631,7.887284016353371,0.999,2.889357142857143,3056.0,-7.027099187206787e-05,0.004138120538112133
3.4009533413975137,-0.9956023238487522,7.891422136891483,0.999,2.8892857142857142,3057.0,-7.027099187251196e-05,0.004138120538112133
3.4008830704056416,-0.9956621530258736,7.895560257429596,0.999,2.8892142857142855,3058.0,-7.027099187206787e-05,0.0041381205381130215
3.4008127994137696,-0.9957219822029948,7.899698377967709,0.999,2.889142857142857,3059.0,-7.027099187206787e-05,0.004138120538112133
3.400742528421897,-0.995781811380116,7.903836498505821,0.999,2.8890714285714285,3060.0,-7.027099187251196e-05,0.004138120538112133
3.400672257430025,-0.9958416405572372,7.907974619043933,0.999,2.889,3061.0,-7.027099187206787e-05,0.004138120538112133
3.400584270923699,-0.995860046126693,7.91218049656593,0.999,2.888923076923077,3062.0,-8.798650632613203e-05,0.004205877521997081
3.4004962844173727,-0.9958784516961486,7.916386374087926,0.999,2.8888461538461536,3063.0,-8.798650632613203e-05,0.004205877521996193
3.4004082979110466,-0.9958968572656044,7.920592251609923,0.999,2.8887692307692308,3064.0,-8.798650632613203e-05,0.004205877521997081
3.4003203114047205,-0.99591526283506,7.92479812913192,0.999,2.8886923076923074,3065.0,-8.798650632613203e-05,0.004205877521997081
3.4002323248983943,-0.9959336684045158,7.9290040066539165,0.999,2.8886153846153846,3066.0,-8.798650632613203e-05,0.004205877521996193
3.400144338392068,-0.9959520739739715,7.9332098841759136,0.999,2.8885384615384613,3067.0,-8.798650632613203e-05,0.004205877521997081
3.4000563518857425,-0.9959704795434272,7.937415761697911,0.999,2.8884615384615384,3068.0,-8.798650632568794e-05,0.004205877521997081
3.3999683653794164,-0.9959888851128829,7.941621639219908,0.999,2.888384615384615,3069.0,-8.798650632613203e-05,0.004205877521997081
3.3998803788730902,-0.9960072906823386,7.945827516741904,0.999,2.8883076923076922,3070.0,-8.798650632613203e-05,0.004205877521996193
3.399792392366764,-0.9960256962517943,7.950033394263901,0.999,2.888230769230769,3071.0,-8.798650632613203e-05,0.004205877521997081
3.399704405860438,-0.99604410182125,7.954239271785898,0.999,2.888153846153846,3072.0,-8.798650632613203e-05,0.004205877521997081
3.399616419354112,-0.9960625073907057,7.958445149307894,0.999,2.8880769230769228,3073.0,-8.798650632613203e-05,0.004205877521996193
3.3995284328477857,-0.9960809129601614,7.962651026829891,0.999,2.888,3074.0,-8.798650632613203e-05,0.004205877521997081
3.3994841795948125,-0.9962750994455079,7.963005889558358,0.999,2.887928571428571,3075.0,-4.425325297319205e-05,0.0003548627284670758
3.399439926341839,-0.9964692859308543,7.963360752286826,0.999,2.887857142857143,3076.0,-4.425325297363614e-05,0.00035486272846796396
3.3993956730888657,-0.9966634724162007,7.963715615015294,0.999,2.887785714285714,3077.0,-4.425325297319205e-05,0.00035486272846796396
3.3993514198358925,-0.9968576589015471,7.964070477743761,0.999,2.8877142857142855,3078.0,-4.425325297319205e-05,0.0003548627284670758
3.399307166582919,-0.9970518453868935,7.9644253404722285,0.999,2.887642857142857,3079.0,-4.425325297363614e-05,0.0003548627284670758
3.3992629133299457,-0.9972460318722399,7.9647802032006965,0.999,2.8875714285714285,3080.0,-4.425325297319205e-05,0.00035486272846796396
3.399218660076972,-0.9974402183575865,7.965135065929164,0.999,2.8875,3081.0,-4.425325297363614e-05,0.00035486272846796396
3.399174406823999,-0.9976344048429329,7.9654899286576315,0.999,2.8874285714285715,3082.0,-4.425325297319205e-05,0.0003548627284670758
3.3991301535710257,-0.9978285913282793,7.965844791386099,0.999,2.8873571428571427,3083.0,-4.425325297319205e-05,0.0003548627284670758
3.399085900318052,-0.9980227778136257,7.9661996541145665,0.999,2.8872857142857145,3084.0,-4.425325297363614e-05,0.00035486272846796396
3.399041647065079,-0.9982169642989721,7.9665545168430345,0.999,2.8872142857142857,3085.0,-4.425325297319205e-05,0.00035486272846796396
3.3989973938121056,-0.9984111507843185,7.966909379571502,0.999,2.887142857142857,3086.0,-4.425325297319205e-05,0.0003548627284670758
3.398953140559132,-0.9986053372696649,7.967264242299969,0.999,2.8870714285714287,3087.0,-4.425325297363614e-05,0.0003548627284670758
3.398908887306159,-0.9987995237550114,7.967619105028437,0.999,2.887,3088.0,-4.425325297319205e-05,0.00035486272846796396
3.398794824726933,-0.9986919010168844,7.971817079602985,0.999,2.886923076923077,3089.0,-0.0001140625792257488,0.004197974574548624
3.398680762147707,-0.9985842782787576,7.976015054177533,0.999,2.886846153846154,3090.0,-0.0001140625792261929,0.004197974574547736
3.398566699568481,-0.9984766555406307,7.980213028752082,0.999,2.886769230769231,3091.0,-0.0001140625792257488,0.004197974574548624
3.398452636989255,-0.9983690328025039,7.984411003326629,0.999,2.8866923076923077,3092.0,-0.0001140625792261929,0.004197974574547736
3.398338574410029,-0.998261410064377,7.988608977901178,0.999,2.886615384615385,3093.0,-0.0001140625792257488,0.004197974574548624
3.398224511830803,-0.9981537873262502,7.992806952475726,0.999,2.8865384615384615,3094.0,-0.0001140625792261929,0.004197974574547736
3.3981104492515772,-0.9980461645881232,7.997004927050274,0.999,2.8864615384615386,3095.0,-0.0001140625792257488,0.004197974574548624
3.397996386672351,-0.9979385418499964,8.001202901624822,0.999,2.8863846153846153,3096.0,-0.0001140625792261929,0.004197974574547736
3.3978823240931253,-0.9978309191118695,8.00540087619937,0.999,2.8863076923076925,3097.0,-0.0001140625792257488,0.004197974574548624
3.397768261513899,-0.9977232963737427,8.00959885077392,0.999,2.886230769230769,3098.0,-0.0001140625792261929,0.004197974574548624
3.3976541989346734,-0.9976156736356158,8.013796825348466,0.999,2.8861538461538463,3099.0,-0.0001140625792257488,0.004197974574546848
3.397540136355447,-0.997508050897489,8.017994799923015,0.999,2.886076923076923,3100.0,-0.0001140625792261929,0.004197974574548624
3.3974260737762214,-0.997400428159362,8.022192774497563,0.999,2.886,3101.0,-0.0001140625792257488,0.004197974574548624
3.3973521237341333,-0.9973315345896816,8.024926865035608,0.999,2.8859285714285714,3102.0,-7.395004208810008e-05,0.0027340905380448532
3.397278173692045,-0.9972626410200013,8.027660955573653,0.999,2.885857142857143,3103.0,-7.395004208810008e-05,0.0027340905380448532
3.397204223649957,-0.997193747450321,8.030395046111698,0.999,2.8857857142857144,3104.0,-7.395004208810008e-05,0.0027340905380448532
3.3971302736078686,-0.9971248538806405,8.033129136649745,0.999,2.8857142857142857,3105.0,-7.395004208854417e-05,0.0027340905380466296
3.3970563235657805,-0.9970559603109601,8.03586322718779,0.999,2.885642857142857,3106.0,-7.395004208810008e-05,0.0027340905380448532
3.3969823735236924,-0.9969870667412798,8.038597317725834,0.999,2.8855714285714287,3107.0,-7.395004208810008e-05,0.0027340905380448532
3.3969084234816043,-0.9969181731715995,8.04133140826388,0.999,2.8855,3108.0,-7.395004208810008e-05,0.0027340905380448532
3.396834473439516,-0.996849279601919,8.044065498801924,0.999,2.8854285714285712,3109.0,-7.395004208810008e-05,0.0027340905380448532
3.396760523397428,-0.9967803860322386,8.046799589339969,0.999,2.885357142857143,3110.0,-7.395004208810008e-05,0.0027340905380448532
3.39668657335534,-0.9967114924625583,8.049533679878014,0.999,2.8852857142857142,3111.0,-7.395004208810008e-05,0.0027340905380448532
3.3966126233132514,-0.996642598892878,8.05226777041606,0.999,2.8852142857142855,3112.0,-7.395004208854417e-05,0.0027340905380466296
3.3965386732711633,-0.9965737053231976,8.055001860954105,0.999,2.885142857142857,3113.0,-7.395004208810008e-05,0.0027340905380448532
3.3964647232290752,-0.9965048117535171,8.05773595149215,0.999,2.8850714285714285,3114.0,-7.395004208810008e-05,0.0027340905380448532
3.396390773186987,-0.9964359181838368,8.060470042030195,0.999,2.885,3115.0,-7.395004208810008e-05,0.0027340905380448532
3.396309388112448,-0.9963286324666498,8.061825385604575,0.999,2.884923076923077,3116.0,-8.138507453914201e-05,0.0013553435743798303
3.396228003037909,-0.9962213467494629,8.063180729178955,0.999,2.8848461538461536,3117.0,-8.138507453914201e-05,0.0013553435743798303
3.3961466179633697,-0.996114061032276,8.064536072753334,0.999,2.8847692307692308,3118.0,-8.138507453914201e-05,0.0013553435743798303
3.39606523288883,-0.996006775315089,8.065891416327714,0.999,2.8846923076923074,3119.0,-8.13850745395861e-05,0.0013553435743798303
3.395983847814291,-0.9958994895979021,8.067246759902094,0.999,2.8846153846153846,3120.0,-8.138507453914201e-05,0.0013553435743798303
3.395902462739752,-0.9957922038807151,8.068602103476474,0.999,2.8845384615384613,3121.0,-8.138507453914201e-05,0.0013553435743798303
3.3958210776652127,-0.9956849181635281,8.069957447050854,0.999,2.8844615384615384,3122.0,-8.138507453914201e-05,0.0013553435743798303
3.3957396925906735,-0.9955776324463411,8.071312790625234,0.999,2.884384615384615,3123.0,-8.138507453914201e-05,0.0013553435743798303
3.3956583075161344,-0.9954703467291542,8.072668134199613,0.999,2.8843076923076922,3124.0,-8.138507453914201e-05,0.0013553435743798303
3.395576922441595,-0.9953630610119673,8.074023477773993,0.999,2.884230769230769,3125.0,-8.13850745395861e-05,0.0013553435743798303
3.3954955373670557,-0.9952557752947803,8.075378821348373,0.999,2.884153846153846,3126.0,-8.138507453914201e-05,0.0013553435743798303
3.3954141522925165,-0.9951484895775934,8.076734164922753,0.999,2.8840769230769228,3127.0,-8.138507453914201e-05,0.0013553435743798303
3.3953327672179774,-0.9950412038604064,8.078089508497133,0.999,2.884,3128.0,-8.138507453914201e-05,0.0013553435743798303
3.395249756097244,-0.995101802009015,8.080643594662014,0.999,2.883928571428571,3129.0,-8.301112073327843e-05,0.0025540861648813973
3.395166744976511,-0.9951624001576235,8.083197680826895,0.999,2.883857142857143,3130.0,-8.301112073327843e-05,0.0025540861648813973
3.395083733855778,-0.9952229983062321,8.085751766991777,0.999,2.883785714285714,3131.0,-8.301112073283434e-05,0.0025540861648813973
3.3950007227350447,-0.9952835964548405,8.088305853156657,0.999,2.8837142857142855,3132.0,-8.301112073327843e-05,0.002554086164879621
3.3949177116143114,-0.9953441946034491,8.090859939321538,0.999,2.883642857142857,3133.0,-8.301112073327843e-05,0.0025540861648813973
3.394834700493578,-0.9954047927520576,8.09341402548642,0.999,2.8835714285714285,3134.0,-8.301112073327843e-05,0.0025540861648813973
3.3947516893728453,-0.9954653909006662,8.0959681116513,0.999,2.8835,3135.0,-8.301112073283434e-05,0.0025540861648813973
3.394668678252112,-0.9955259890492748,8.098522197816182,0.999,2.8834285714285715,3136.0,-8.301112073327843e-05,0.0025540861648813973
3.3945856671313788,-0.9955865871978833,8.101076283981063,0.999,2.8833571428571427,3137.0,-8.301112073327843e-05,0.0025540861648813973
3.3945026560106455,-0.9956471853464919,8.103630370145945,0.999,2.8832857142857145,3138.0,-8.301112073327843e-05,0.0025540861648813973
3.394419644889912,-0.9957077834951004,8.106184456310825,0.999,2.8832142857142857,3139.0,-8.301112073327843e-05,0.002554086164879621
3.3943366337691794,-0.995768381643709,8.108738542475706,0.999,2.883142857142857,3140.0,-8.301112073283434e-05,0.0025540861648813973
3.394253622648446,-0.9958289797923174,8.111292628640587,0.999,2.8830714285714287,3141.0,-8.301112073327843e-05,0.0025540861648813973
3.394170611527713,-0.995889577940926,8.113846714805469,0.999,2.883,3142.0,-8.301112073327843e-05,0.0025540861648813973
3.39410454008558,-0.9959533045088536,8.114253392556623,0.999,2.882923076923077,3143.0,-6.607144213299776e-05,0.00040667775115466043
3.394038468643447,-0.9960170310767811,8.114660070307778,0.999,2.882846153846154,3144.0,-6.607144213299776e-05,0.00040667775115466043
3.393972397201314,-0.9960807576447086,8.115066748058933,0.999,2.882769230769231,3145.0,-6.607144213299776e-05,0.00040667775115466043
3.393906325759181,-0.9961444842126361,8.11547342581009,0.999,2.8826923076923077,3146.0,-6.607144213299776e-05,0.0004066777511564368
3.393840254317048,-0.9962082107805637,8.115880103561244,0.999,2.882615384615385,3147.0,-6.607144213299776e-05,0.00040667775115466043
3.393774182874915,-0.9962719373484912,8.116286781312398,0.999,2.8825384615384615,3148.0,-6.607144213299776e-05,0.00040667775115466043
3.3937081114327823,-0.9963356639164188,8.116693459063553,0.999,2.8824615384615386,3149.0,-6.607144213255367e-05,0.00040667775115466043
3.3936420399906493,-0.9963993904843463,8.117100136814708,0.999,2.8823846153846153,3150.0,-6.607144213299776e-05,0.00040667775115466043
3.3935759685485163,-0.9964631170522739,8.117506814565862,0.999,2.8823076923076925,3151.0,-6.607144213299776e-05,0.00040667775115466043
3.3935098971063833,-0.9965268436202014,8.117913492317019,0.999,2.882230769230769,3152.0,-6.607144213299776e-05,0.0004066777511564368
3.3934438256642503,-0.9965905701881289,8.118320170068174,0.999,2.8821538461538463,3153.0,-6.607144213299776e-05,0.00040667775115466043
3.3933777542221173,-0.9966542967560564,8.118726847819328,0.999,2.882076923076923,3154.0,-6.607144213299776e-05,0.00040667775115466043
3.3933116827799843,-0.996718023323984,8.119133525570483,0.999,2.882,3155.0,-6.607144213299776e-05,0.00040667775115466043
3.3932285537172673,-0.9966384595510391,8.122914224323168,0.999,2.8819285714285714,3156.0,-8.312906271701337e-05,0.003780698752684941
3.3931454246545503,-0.9965588957780944,8.126694923075851,0.999,2.881857142857143,3157.0,-8.312906271701337e-05,0.003780698752683165
3.393062295591833,-0.9964793320051497,8.130475621828536,0.999,2.8817857142857144,3158.0,-8.312906271745746e-05,0.003780698752684941
3.392979166529116,-0.9963997682322049,8.134256320581219,0.999,2.8817142857142857,3159.0,-8.312906271701337e-05,0.003780698752683165
3.392896037466399,-0.9963202044592601,8.138037019333904,0.999,2.881642857142857,3160.0,-8.312906271701337e-05,0.003780698752684941
3.3928129084036818,-0.9962406406863153,8.141817718086587,0.999,2.8815714285714287,3161.0,-8.312906271701337e-05,0.003780698752683165
3.3927297793409643,-0.9961610769133706,8.145598416839272,0.999,2.8815,3162.0,-8.312906271745746e-05,0.003780698752684941
3.3926466502782473,-0.9960815131404258,8.149379115591957,0.999,2.8814285714285712,3163.0,-8.312906271701337e-05,0.003780698752684941
3.3925635212155303,-0.996001949367481,8.15315981434464,0.999,2.881357142857143,3164.0,-8.312906271701337e-05,0.003780698752683165
3.3924803921528133,-0.9959223855945363,8.156940513097325,0.999,2.8812857142857142,3165.0,-8.312906271701337e-05,0.003780698752684941
3.3923972630900963,-0.9958428218215916,8.160721211850008,0.999,2.8812142857142855,3166.0,-8.312906271701337e-05,0.003780698752683165
3.392314134027379,-0.9957632580486467,8.164501910602693,0.999,2.881142857142857,3167.0,-8.312906271745746e-05,0.003780698752684941
3.392231004964662,-0.9956836942757019,8.168282609355376,0.999,2.8810714285714285,3168.0,-8.312906271701337e-05,0.003780698752683165
3.3921478759019448,-0.9956041305027572,8.172063308108061,0.999,2.881,3169.0,-8.312906271701337e-05,0.003780698752684941
3.392052772055516,-0.9955547400394049,8.175307907267497,0.999,2.8808461538461536,3170.0,-9.51038464287457e-05,0.003244599159435424
3.3919576682090877,-0.9955053495760526,8.178552506426932,0.999,2.8806923076923074,3171.0,-9.510384642830161e-05,0.003244599159435424
3.391862564362659,-0.9954559591127005,8.181797105586368,0.999,2.8805384615384613,3172.0,-9.51038464287457e-05,0.003244599159435424
3.3917674605162307,-0.9954065686493482,8.185041704745801,0.999,2.880384615384615,3173.0,-9.510384642830161e-05,0.0032445991594336476
3.391672356669802,-0.9953571781859959,8.188286303905237,0.999,2.880230769230769,3174.0,-9.51038464287457e-05,0.003244599159435424
3.3915772528233736,-0.9953077877226436,8.191530903064672,0.999,2.8800769230769228,3175.0,-9.510384642830161e-05,0.003244599159435424
3.391482148976945,-0.9952583972592914,8.194775502224108,0.999,2.879923076923077,3176.0,-9.51038464287457e-05,0.003244599159435424
3.3913870451305166,-0.9952090067959392,8.198020101383543,0.999,2.879769230769231,3177.0,-9.510384642830161e-05,0.003244599159435424
3.391291941284088,-0.9951596163325869,8.201264700542978,0.999,2.8796153846153847,3178.0,-9.51038464287457e-05,0.003244599159435424
3.3911968374376595,-0.9951102258692346,8.204509299702412,0.999,2.8794615384615385,3179.0,-9.510384642830161e-05,0.0032445991594336476
3.391101733591231,-0.9950608354058824,8.207753898861847,0.999,2.8793076923076923,3180.0,-9.51038464287457e-05,0.003244599159435424
3.3910066297448025,-0.9950114449425301,8.210998498021283,0.999,2.879153846153846,3181.0,-9.510384642830161e-05,0.003244599159435424
3.3909115258983737,-0.9949620544791778,8.214243097180718,0.999,2.879,3182.0,-9.51038464287457e-05,0.003244599159435424
3.3908525440592583,-0.9950926833282783,8.214301162329535,0.999,2.879,3183.0,-5.898183911545729e-05,5.8065148817121326e-05
3.3907935622201424,-0.9952233121773786,8.21435922747835,0.999,2.879,3184.0,-5.898183911590138e-05,5.806514881534497e-05
3.390734580381027,-0.9953539410264789,8.214417292627168,0.999,2.879,3185.0,-5.898183911545729e-05,5.8065148817121326e-05
3.390675598541911,-0.9954845698755793,8.214475357775983,0.999,2.879,3186.0,-5.898183911590138e-05,5.806514881534497e-05
3.3906166167027956,-0.9956151987246797,8.2145334229248,0.999,2.879,3187.0,-5.898183911545729e-05,5.8065148817121326e-05
3.3905576348636797,-0.99574582757378,8.214591488073616,0.999,2.879,3188.0,-5.898183911590138e-05,5.806514881534497e-05
3.390498653024564,-0.9958764564228804,8.214649553222433,0.999,2.879,3189.0,-5.898183911545729e-05,5.8065148817121326e-05
3.3904396711854488,-0.9960070852719808,8.21470761837125,0.999,2.879,3190.0,-5.898183911545729e-05,5.8065148817121326e-05
3.390380689346333,-0.9961377141210812,8.214765683520065,0.999,2.879,3191.0,-5.898183911590138e-05,5.806514881534497e-05
3.3903217075072174,-0.9962683429701815,8.214823748668882,0.999,2.879,3192.0,-5.898183911545729e-05,5.8065148817121326e-05
3.3902627256681015,-0.9963989718192818,8.214881813817698,0.999,2.879,3193.0,-5.898183911590138e-05,5.806514881534497e-05
3.390203743828986,-0.9965296006683823,8.214939878966515,0.999,2.879,3194.0,-5.898183911545729e-05,5.8065148817121326e-05
3.39014476198987,-0.9966602295174827,8.21499794411533,0.999,2.879,3195.0,-5.898183911590138e-05,5.806514881534497e-05
3.3900857801507547,-0.996790858366583,8.215056009264147,0.999,2.879,3196.0,-5.898183911545729e-05,5.8065148817121326e-05
3.390004204940389,-0.996633034810906,8.219051300129992,0.999,2.878846153846154,3197.0,-8.157521036578075e-05,0.003995290865844936
3.3899226297300236,-0.9964752112552292,8.223046590995837,0.999,2.8786923076923077,3198.0,-8.157521036533666e-05,0.003995290865844936
3.389841054519658,-0.9963173876995522,8.227041881861682,0.999,2.8785384615384615,3199.0,-8.157521036578075e-05,0.003995290865844936
3.3897594793092924,-0.9961595641438754,8.231037172727527,0.999,2.8783846153846153,3200.0,-8.157521036533666e-05,0.003995290865844936
3.3896779040989267,-0.9960017405881985,8.235032463593372,0.999,2.878230769230769,3201.0,-8.157521036578075e-05,0.003995290865844936
3.389596328888561,-0.9958439170325215,8.239027754459217,0.999,2.878076923076923,3202.0,-8.157521036578075e-05,0.003995290865844936
3.3895147536781955,-0.9956860934768447,8.243023045325064,0.999,2.877923076923077,3203.0,-8.157521036533666e-05,0.003995290865846712
3.3894331784678298,-0.9955282699211677,8.247018336190909,0.999,2.8777692307692306,3204.0,-8.157521036578075e-05,0.003995290865844936
3.389351603257464,-0.9953704463654908,8.251013627056754,0.999,2.8776153846153845,3205.0,-8.157521036578075e-05,0.003995290865844936
3.3892700280470986,-0.9952126228098139,8.255008917922598,0.999,2.8774615384615383,3206.0,-8.157521036533666e-05,0.003995290865844936
3.389188452836733,-0.995054799254137,8.259004208788443,0.999,2.877307692307692,3207.0,-8.157521036578075e-05,0.003995290865844936
3.3891068776263675,-0.9948969756984601,8.262999499654288,0.999,2.877153846153846,3208.0,-8.157521036533666e-05,0.003995290865844936
3.3890253024160018,-0.9947391521427832,8.266994790520133,0.999,2.877,3209.0,-8.157521036578075e-05,0.003995290865844936
3.3889450419006075,-0.9948826206788781,8.271631101791591,0.999,2.876928571428571,3210.0,-8.026051539422596e-05,0.004636311271458027
3.3888647813852133,-0.9950260892149732,8.276267413063048,0.999,2.876857142857143,3211.0,-8.026051539422596e-05,0.0046363112714562504
3.388784520869819,-0.9951695577510681,8.280903724334504,0.999,2.876785714285714,3212.0,-8.026051539422596e-05,0.0046363112714562504
3.3887042603544244,-0.9953130262871631,8.285540035605962,0.999,2.8767142857142853,3213.0,-8.026051539467005e-05,0.004636311271458027
3.38862399983903,-0.995456494823258,8.29017634687742,0.999,2.876642857142857,3214.0,-8.026051539422596e-05,0.004636311271458027
3.388543739323636,-0.9955999633593531,8.294812658148876,0.999,2.8765714285714283,3215.0,-8.026051539422596e-05,0.0046363112714562504
3.3884634788082417,-0.995743431895448,8.299448969420332,0.999,2.8765,3216.0,-8.026051539422596e-05,0.0046363112714562504
3.3883832182928475,-0.9958869004315429,8.30408528069179,0.999,2.8764285714285713,3217.0,-8.026051539422596e-05,0.004636311271458027
3.3883029577774533,-0.996030368967638,8.308721591963248,0.999,2.8763571428571426,3218.0,-8.026051539422596e-05,0.004636311271458027
3.388222697262059,-0.9961738375037329,8.313357903234705,0.999,2.8762857142857143,3219.0,-8.026051539422596e-05,0.0046363112714562504
3.3881424367466644,-0.9963173060398279,8.317994214506161,0.999,2.8762142857142856,3220.0,-8.026051539467005e-05,0.0046363112714562504
3.38806217623127,-0.9964607745759229,8.322630525777619,0.999,2.876142857142857,3221.0,-8.026051539422596e-05,0.004636311271458027
3.387981915715876,-0.9966042431120179,8.327266837049077,0.999,2.8760714285714286,3222.0,-8.026051539422596e-05,0.004636311271458027
3.3879016552004817,-0.9967477116481128,8.331903148320533,0.999,2.876,3223.0,-8.026051539422596e-05,0.0046363112714562504
3.3877997799610147,-0.9965785942365316,8.330489554706482,0.999,2.875923076923077,3224.0,-0.00010187523946703081,-0.0014135936140515781
3.387697904721547,-0.9964094768249503,8.329075961092432,0.999,2.8758461538461537,3225.0,-0.0001018752394674749,-0.0014135936140498018
3.38759602948208,-0.9962403594133691,8.32766236747838,0.999,2.875769230769231,3226.0,-0.00010187523946703081,-0.0014135936140515781
3.3874941542426127,-0.9960712420017878,8.32624877386433,0.999,2.8756923076923075,3227.0,-0.0001018752394674749,-0.0014135936140498018
3.3873922790031457,-0.9959021245902066,8.324835180250279,0.999,2.8756153846153847,3228.0,-0.00010187523946703081,-0.0014135936140515781
3.387290403763678,-0.9957330071786252,8.323421586636229,0.999,2.8755384615384614,3229.0,-0.0001018752394674749,-0.0014135936140498018
3.387188528524211,-0.995563889767044,8.322007993022178,0.999,2.8754615384615385,3230.0,-0.00010187523946703081,-0.0014135936140515781
3.3870866532847437,-0.9953947723554627,8.320594399408128,0.999,2.875384615384615,3231.0,-0.0001018752394674749,-0.0014135936140498018
3.3869847780452766,-0.9952256549438815,8.319180805794076,0.999,2.8753076923076923,3232.0,-0.00010187523946703081,-0.0014135936140515781
3.386882902805809,-0.9950565375323002,8.317767212180026,0.999,2.875230769230769,3233.0,-0.0001018752394674749,-0.0014135936140498018
3.386781027566342,-0.994887420120719,8.316353618565975,0.999,2.875153846153846,3234.0,-0.00010187523946703081,-0.0014135936140515781
3.3866791523268747,-0.9947183027091376,8.314940024951925,0.999,2.875076923076923,3235.0,-0.0001018752394674749,-0.0014135936140498018
3.3865772770874076,-0.9945491852975564,8.313526431337873,0.999,2.875,3236.0,-0.00010187523946703081,-0.0014135936140515781
3.3865104330310825,-0.9948024595498917,8.317345432363716,0.999,2.8749285714285713,3237.0,-6.684405632517709e-05,0.003819001025842539
3.3864435889747577,-0.9950557338022269,8.321164433389557,0.999,2.874857142857143,3238.0,-6.6844056324733e-05,0.0038190010258407625
3.3863767449184325,-0.9953090080545621,8.3249834344154,0.999,2.8747857142857143,3239.0,-6.684405632517709e-05,0.003819001025842539
3.386309900862108,-0.9955622823068974,8.328802435441242,0.999,2.8747142857142856,3240.0,-6.6844056324733e-05,0.003819001025842539
3.3862430568057826,-0.9958155565592326,8.332621436467083,0.999,2.8746428571428573,3241.0,-6.684405632517709e-05,0.0038190010258407625
3.386176212749458,-0.9960688308115678,8.336440437492925,0.999,2.8745714285714286,3242.0,-6.6844056324733e-05,0.003819001025842539
3.3861093686931327,-0.9963221050639031,8.340259438518766,0.999,2.8745000000000003,3243.0,-6.684405632517709e-05,0.0038190010258407625
3.3860425246368075,-0.9965753793162384,8.344078439544608,0.999,2.8744285714285716,3244.0,-6.684405632517709e-05,0.003819001025842539
3.385975680580483,-0.9968286535685736,8.347897440570451,0.999,2.874357142857143,3245.0,-6.6844056324733e-05,0.003819001025842539
3.3859088365241576,-0.9970819278209089,8.351716441596292,0.999,2.8742857142857146,3246.0,-6.684405632517709e-05,0.0038190010258407625
3.385841992467833,-0.9973352020732441,8.355535442622134,0.999,2.874214285714286,3247.0,-6.6844056324733e-05,0.003819001025842539
3.3857751484115077,-0.9975884763255793,8.359354443647977,0.999,2.874142857142857,3248.0,-6.684405632517709e-05,0.003819001025842539
3.385708304355183,-0.9978417505779146,8.363173444673818,0.999,2.874071428571429,3249.0,-6.6844056324733e-05,0.0038190010258407625
3.385641460298858,-0.9980950248302498,8.36699244569966,0.999,2.874,3250.0,-6.684405632517709e-05,0.003819001025842539
3.3855479587856667,-0.99799538048801,8.36595505297502,0.999,2.8739230769230772,3251.0,-9.350151319109656e-05,-0.0010373927246405401
3.385454457272476,-0.9978957361457702,8.364917660250379,0.999,2.873846153846154,3252.0,-9.350151319065247e-05,-0.0010373927246405401
3.385360955759285,-0.9977960918035303,8.36388026752574,0.999,2.873769230769231,3253.0,-9.350151319109656e-05,-0.0010373927246387638
3.3852674542460943,-0.9976964474612906,8.3628428748011,0.999,2.8736923076923078,3254.0,-9.350151319065247e-05,-0.0010373927246405401
3.3851739527329032,-0.9975968031190507,8.36180548207646,0.999,2.873615384615385,3255.0,-9.350151319109656e-05,-0.0010373927246405401
3.385080451219712,-0.9974971587768109,8.360768089351819,0.999,2.8735384615384616,3256.0,-9.350151319109656e-05,-0.0010373927246405401
3.3849869497065215,-0.9973975144345711,8.35973069662718,0.999,2.8734615384615387,3257.0,-9.350151319065247e-05,-0.0010373927246387638
3.3848934481933304,-0.9972978700923313,8.35869330390254,0.999,2.8733846153846154,3258.0,-9.350151319109656e-05,-0.0010373927246405401
3.3847999466801393,-0.9971982257500914,8.357655911177899,0.999,2.8733076923076926,3259.0,-9.350151319109656e-05,-0.0010373927246405401
3.3847064451669486,-0.9970985814078517,8.356618518453258,0.999,2.8732307692307693,3260.0,-9.350151319065247e-05,-0.0010373927246405401
3.3846129436537575,-0.9969989370656118,8.35558112572862,0.999,2.8731538461538464,3261.0,-9.350151319109656e-05,-0.0010373927246387638
3.384519442140567,-0.9968992927233721,8.354543733003979,0.999,2.873076923076923,3262.0,-9.350151319065247e-05,-0.0010373927246405401
3.384425940627376,-0.9967996483811322,8.353506340279338,0.999,2.873,3263.0,-9.350151319109656e-05,-0.0010373927246405401
3.3843395220561234,-0.9968022191659397,8.357105176457136,0.999,2.8729285714285715,3264.0,-8.641857125235575e-05,0.0035988361777974376
3.384253103484871,-0.9968047899507472,8.360704012634931,0.999,2.872857142857143,3265.0,-8.641857125235575e-05,0.0035988361777956612
3.384166684913619,-0.9968073607355546,8.364302848812729,0.999,2.8727857142857145,3266.0,-8.641857125191166e-05,0.0035988361777974376
3.384080266342367,-0.9968099315203621,8.367901684990525,0.999,2.8727142857142858,3267.0,-8.641857125235575e-05,0.0035988361777956612
3.3839938477711144,-0.9968125023051696,8.371500521168322,0.999,2.872642857142857,3268.0,-8.641857125235575e-05,0.0035988361777974376
3.383907429199862,-0.9968150730899771,8.375099357346118,0.999,2.8725714285714288,3269.0,-8.641857125235575e-05,0.0035988361777956612
3.38382101062861,-0.9968176438747847,8.378698193523915,0.999,2.8725,3270.0,-8.641857125191166e-05,0.0035988361777974376
3.383734592057358,-0.9968202146595921,8.382297029701713,0.999,2.8724285714285713,3271.0,-8.641857125235575e-05,0.0035988361777974376
3.3836481734861055,-0.9968227854443996,8.385895865879508,0.999,2.872357142857143,3272.0,-8.641857125235575e-05,0.0035988361777956612
3.383561754914853,-0.9968253562292071,8.389494702057306,0.999,2.8722857142857143,3273.0,-8.641857125235575e-05,0.0035988361777974376
3.3834753363436008,-0.9968279270140146,8.393093538235101,0.999,2.8722142857142856,3274.0,-8.641857125235575e-05,0.0035988361777956612
3.383388917772349,-0.996830497798822,8.396692374412899,0.999,2.872142857142857,3275.0,-8.641857125191166e-05,0.0035988361777974376
3.3833024992010965,-0.9968330685836295,8.400291210590694,0.999,2.8720714285714286,3276.0,-8.641857125235575e-05,0.0035988361777956612
3.383216080629844,-0.996835639368437,8.403890046768492,0.999,2.872,3277.0,-8.641857125235575e-05,0.0035988361777974376
3.383120281250347,-0.9967563816947838,8.406652349674218,0.999,2.871923076923077,3278.0,-9.579937949721895e-05,0.0027623029057259885
3.3830244818708497,-0.9966771240211304,8.409414652579944,0.999,2.8718461538461537,3279.0,-9.579937949721895e-05,0.0027623029057259885
3.3829286824913525,-0.9965978663474772,8.412176955485668,0.999,2.871769230769231,3280.0,-9.579937949721895e-05,0.002762302905724212
3.3828328831118553,-0.9965186086738238,8.414939258391394,0.999,2.8716923076923075,3281.0,-9.579937949721895e-05,0.0027623029057259885
3.382737083732358,-0.9964393510001706,8.41770156129712,0.999,2.8716153846153847,3282.0,-9.579937949721895e-05,0.0027623029057259885
3.382641284352861,-0.9963600933265172,8.420463864202846,0.999,2.8715384615384614,3283.0,-9.579937949721895e-05,0.0027623029057259885
3.382545484973364,-0.996280835652864,8.42322616710857,0.999,2.8714615384615385,3284.0,-9.579937949677486e-05,0.002762302905724212
3.382449685593867,-0.9962015779792106,8.425988470014296,0.999,2.871384615384615,3285.0,-9.579937949721895e-05,0.0027623029057259885
3.3823538862143696,-0.9961223203055574,8.428750772920022,0.999,2.8713076923076923,3286.0,-9.579937949721895e-05,0.0027623029057259885
3.3822580868348724,-0.996043062631904,8.431513075825748,0.999,2.871230769230769,3287.0,-9.579937949721895e-05,0.0027623029057259885
3.382162287455375,-0.9959638049582508,8.434275378731472,0.999,2.871153846153846,3288.0,-9.579937949721895e-05,0.002762302905724212
3.382066488075878,-0.9958845472845974,8.437037681637198,0.999,2.871076923076923,3289.0,-9.579937949721895e-05,0.0027623029057259885
3.3819706886963807,-0.9958052896109442,8.439799984542924,0.999,2.871,3290.0,-9.579937949721895e-05,0.0027623029057259885
3.3818856791937466,-0.9958980310162606,8.441945390770714,0.999,2.870857142857143,3291.0,-8.500950263412577e-05,0.0021454062277896924
3.381800669691112,-0.9959907724215771,8.444090796998502,0.999,2.8707142857142856,3292.0,-8.500950263456986e-05,0.002145406227787916
3.381715660188478,-0.9960835138268934,8.446236203226292,0.999,2.8705714285714286,3293.0,-8.500950263412577e-05,0.0021454062277896924
3.3816306506858433,-0.9961762552322099,8.44838160945408,0.999,2.8704285714285716,3294.0,-8.500950263456986e-05,0.002145406227787916
3.381545641183209,-0.9962689966375263,8.45052701568187,0.999,2.8702857142857146,3295.0,-8.500950263412577e-05,0.0021454062277896924
3.3814606316805746,-0.9963617380428428,8.452672421909657,0.999,2.870142857142857,3296.0,-8.500950263456986e-05,0.002145406227787916
3.3813756221779405,-0.9964544794481592,8.454817828137447,0.999,2.87,3297.0,-8.500950263412577e-05,0.0021454062277896924
3.3812906126753064,-0.9965472208534756,8.456963234365237,0.999,2.869857142857143,3298.0,-8.500950263412577e-05,0.0021454062277896924
3.381205603172672,-0.996639962258792,8.459108640593024,0.999,2.8697142857142857,3299.0,-8.500950263456986e-05,0.002145406227787916
3.3811205936700377,-0.9967327036641085,8.461254046820814,0.999,2.8695714285714287,3300.0,-8.500950263412577e-05,0.0021454062277896924
3.381035584167403,-0.9968254450694249,8.463399453048602,0.999,2.8694285714285717,3301.0,-8.500950263456986e-05,0.002145406227787916
3.380950574664769,-0.9969181864747413,8.465544859276392,0.999,2.8692857142857147,3302.0,-8.500950263412577e-05,0.0021454062277896924
3.3808655651621344,-0.9970109278800577,8.46769026550418,0.999,2.869142857142857,3303.0,-8.500950263456986e-05,0.002145406227787916
3.3807805556595003,-0.9971036692853742,8.46983567173197,0.999,2.869,3304.0,-8.500950263412577e-05,0.0021454062277896924
3.380693409473177,-0.9969892479086674,8.473288170383912,0.999,2.868923076923077,3305.0,-8.714618632321702e-05,0.003452498651942193
3.380606263286854,-0.9968748265319606,8.476740669035852,0.999,2.868846153846154,3306.0,-8.714618632321702e-05,0.0034524986519404166
3.3805191171005307,-0.9967604051552538,8.480193167687794,0.999,2.8687692307692307,3307.0,-8.714618632321702e-05,0.003452498651942193
3.3804319709142074,-0.996645983778547,8.483645666339736,0.999,2.868692307692308,3308.0,-8.714618632321702e-05,0.003452498651942193
3.3803448247278842,-0.9965315624018402,8.487098164991677,0.999,2.8686153846153846,3309.0,-8.714618632321702e-05,0.0034524986519404166
3.380257678541561,-0.9964171410251333,8.490550663643619,0.999,2.8685384615384617,3310.0,-8.714618632321702e-05,0.003452498651942193
3.380170532355238,-0.9963027196484264,8.494003162295561,0.999,2.8684615384615384,3311.0,-8.714618632321702e-05,0.003452498651942193
3.3800833861689146,-0.9961882982717196,8.497455660947503,0.999,2.8683846153846155,3312.0,-8.714618632321702e-05,0.003452498651942193
3.3799962399825914,-0.9960738768950128,8.500908159599444,0.999,2.8683076923076922,3313.0,-8.714618632321702e-05,0.0034524986519404166
3.379909093796268,-0.995959455518306,8.504360658251386,0.999,2.8682307692307694,3314.0,-8.714618632321702e-05,0.003452498651942193
3.379821947609945,-0.9958450341415992,8.507813156903328,0.999,2.868153846153846,3315.0,-8.714618632321702e-05,0.003452498651942193
3.3797348014236217,-0.9957306127648924,8.511265655555269,0.999,2.868076923076923,3316.0,-8.714618632321702e-05,0.0034524986519404166
3.3796476552372985,-0.9956161913881856,8.51471815420721,0.999,2.868,3317.0,-8.714618632321702e-05,0.003452498651942193
3.379548213581518,-0.9957161288852412,8.514149550794308,0.999,2.867928571428571,3318.0,-9.944165578046338e-05,-0.0005686034129031015
3.3794487719257376,-0.9958160663822967,8.513580947381405,0.999,2.867857142857143,3319.0,-9.944165578046338e-05,-0.0005686034129031015
3.3793493302699567,-0.9959160038793523,8.5130123439685,0.999,2.867785714285714,3320.0,-9.944165578090747e-05,-0.0005686034129048778
3.379249888614176,-0.9960159413764079,8.512443740555597,0.999,2.8677142857142854,3321.0,-9.944165578046338e-05,-0.0005686034129031015
3.3791504469583957,-0.9961158788734634,8.511875137142694,0.999,2.867642857142857,3322.0,-9.944165578046338e-05,-0.0005686034129031015
3.3790510053026153,-0.996215816370519,8.51130653372979,0.999,2.8675714285714284,3323.0,-9.944165578046338e-05,-0.0005686034129031015
3.3789515636468344,-0.9963157538675745,8.510737930316886,0.999,2.8675,3324.0,-9.944165578090747e-05,-0.0005686034129048778
3.378852121991054,-0.9964156913646302,8.510169326903982,0.999,2.8674285714285714,3325.0,-9.944165578046338e-05,-0.0005686034129031015
3.3787526803352734,-0.9965156288616858,8.50960072349108,0.999,2.8673571428571427,3326.0,-9.944165578046338e-05,-0.0005686034129031015
3.378653238679493,-0.9966155663587413,8.509032120078176,0.999,2.8672857142857144,3327.0,-9.944165578046338e-05,-0.0005686034129031015
3.3785537970237125,-0.9967155038557969,8.508463516665273,0.999,2.8672142857142857,3328.0,-9.944165578046338e-05,-0.0005686034129031015
3.3784543553679316,-0.9968154413528525,8.507894913252368,0.999,2.867142857142857,3329.0,-9.944165578090747e-05,-0.0005686034129048778
3.378354913712151,-0.996915378849908,8.507326309839465,0.999,2.8670714285714287,3330.0,-9.944165578046338e-05,-0.0005686034129031015
3.3782554720563707,-0.9970153163469636,8.506757706426562,0.999,2.867,3331.0,-9.944165578046338e-05,-0.0005686034129031015
3.378166002167316,-0.9970287235563833,8.509656438386392,0.999,2.866846153846154,3332.0,-8.946988905478293e-05,0.0028987319598297034
3.3780765322782607,-0.9970421307658031,8.512555170346221,0.999,2.8666923076923077,3333.0,-8.946988905522701e-05,0.0028987319598297034
3.377987062389206,-0.9970555379752227,8.515453902306053,0.999,2.8665384615384615,3334.0,-8.946988905478293e-05,0.00289873195983148
3.3778975925001506,-0.9970689451846425,8.518352634265883,0.999,2.8663846153846153,3335.0,-8.946988905522701e-05,0.0028987319598297034
3.377808122611096,-0.9970823523940622,8.521251366225712,0.999,2.866230769230769,3336.0,-8.946988905478293e-05,0.0028987319598297034
3.377718652722041,-0.997095759603482,8.524150098185542,0.999,2.866076923076923,3337.0,-8.946988905478293e-05,0.0028987319598297034
3.377629182832986,-0.9971091668129016,8.527048830145374,0.999,2.8659230769230772,3338.0,-8.946988905522701e-05,0.00289873195983148
3.377539712943931,-0.9971225740223214,8.529947562105203,0.999,2.865769230769231,3339.0,-8.946988905478293e-05,0.0028987319598297034
3.3774502430548763,-0.9971359812317411,8.532846294065033,0.999,2.865615384615385,3340.0,-8.946988905478293e-05,0.0028987319598297034
3.377360773165821,-0.9971493884411609,8.535745026024863,0.999,2.8654615384615387,3341.0,-8.946988905522701e-05,0.0028987319598297034
3.3772713032767663,-0.9971627956505805,8.538643757984694,0.999,2.8653076923076926,3342.0,-8.946988905478293e-05,0.00289873195983148
3.377181833387711,-0.9971762028600003,8.541542489944524,0.999,2.8651538461538464,3343.0,-8.946988905522701e-05,0.0028987319598297034
3.3770923634986563,-0.99718961006942,8.544441221904354,0.999,2.865,3344.0,-8.946988905478293e-05,0.0028987319598297034
3.3770037535589603,-0.9972087817642874,8.547405366312775,0.999,2.865,3345.0,-8.860993969594944e-05,0.0029641444084216317
3.376915143619264,-0.9972279534591547,8.550369510721197,0.999,2.865,3346.0,-8.860993969639352e-05,0.0029641444084216317
3.3768265336795675,-0.9972471251540221,8.553333655129618,0.999,2.865,3347.0,-8.860993969639352e-05,0.0029641444084216317
3.3767379237398716,-0.9972662968488896,8.55629779953804,0.999,2.865,3348.0,-8.860993969594944e-05,0.0029641444084216317
3.3766493138001756,-0.9972854685437569,8.559261943946462,0.999,2.865,3349.0,-8.860993969594944e-05,0.0029641444084216317
3.3765607038604792,-0.9973046402386243,8.562226088354883,0.999,2.865,3350.0,-8.860993969639352e-05,0.0029641444084216317
3.376472093920783,-0.9973238119334916,8.565190232763307,0.999,2.865,3351.0,-8.860993969639352e-05,0.002964144408423408
3.376383483981087,-0.997342983628359,8.568154377171728,0.999,2.865,3352.0,-8.860993969594944e-05,0.0029641444084216317
3.376294874041391,-0.9973621553232265,8.57111852158015,0.999,2.865,3353.0,-8.860993969594944e-05,0.0029641444084216317
3.3762062641016946,-0.9973813270180938,8.574082665988572,0.999,2.865,3354.0,-8.860993969639352e-05,0.0029641444084216317
3.376117654161998,-0.9974004987129612,8.577046810396993,0.999,2.865,3355.0,-8.860993969639352e-05,0.0029641444084216317
3.376029044222302,-0.9974196704078286,8.580010954805415,0.999,2.865,3356.0,-8.860993969594944e-05,0.0029641444084216317
3.3759404342826063,-0.997438842102696,8.582975099213837,0.999,2.865,3357.0,-8.860993969594944e-05,0.0029641444084216317
3.37585182434291,-0.9974580137975634,8.585939243622258,0.999,2.865,3358.0,-8.860993969639352e-05,0.0029641444084216317
3.375752888230826,-0.997355709591099,8.586345338421516,0.999,2.864857142857143,3359.0,-9.893611208378061e-05,0.00040609479925812764
3.3756539521187423,-0.9972534053846346,8.586751433220776,0.999,2.8647142857142858,3360.0,-9.893611208378061e-05,0.000406094799259904
3.3755550160066585,-0.9971511011781702,8.587157528020034,0.999,2.8645714285714288,3361.0,-9.893611208378061e-05,0.00040609479925812764
3.375456079894575,-0.9970487969717057,8.587563622819292,0.999,2.8644285714285718,3362.0,-9.893611208333652e-05,0.00040609479925812764
3.3753571437824914,-0.9969464927652413,8.58796971761855,0.999,2.8642857142857143,3363.0,-9.893611208378061e-05,0.00040609479925812764
3.3752582076704076,-0.9968441885587769,8.58837581241781,0.999,2.8641428571428573,3364.0,-9.893611208378061e-05,0.000406094799259904
3.375159271558324,-0.9967418843523125,8.588781907217069,0.999,2.8640000000000003,3365.0,-9.893611208378061e-05,0.00040609479925812764
3.37506033544624,-0.9966395801458481,8.589188002016327,0.999,2.863857142857143,3366.0,-9.893611208378061e-05,0.00040609479925812764
3.3749613993341563,-0.9965372759393837,8.589594096815587,0.999,2.863714285714286,3367.0,-9.893611208378061e-05,0.000406094799259904
3.3748624632220725,-0.9964349717329193,8.590000191614845,0.999,2.8635714285714284,3368.0,-9.893611208378061e-05,0.00040609479925812764
3.374763527109989,-0.9963326675264548,8.590406286414103,0.999,2.8634285714285714,3369.0,-9.893611208333652e-05,0.00040609479925812764
3.3746645909979054,-0.9962303633199904,8.590812381213361,0.999,2.8632857142857144,3370.0,-9.893611208378061e-05,0.00040609479925812764
3.3745656548858216,-0.996128059113526,8.591218476012621,0.999,2.863142857142857,3371.0,-9.893611208378061e-05,0.000406094799259904
3.374466718773738,-0.9960257549070616,8.591624570811879,0.999,2.863,3372.0,-9.893611208378061e-05,0.00040609479925812764
3.3743725315734947,-0.9960101692113912,8.594434136925381,0.999,2.862923076923077,3373.0,-9.418720024312321e-05,0.0028095661135019157
3.374278344373252,-0.9959945835157207,8.597243703038885,0.999,2.862846153846154,3374.0,-9.418720024267913e-05,0.002809566113503692
3.374184157173009,-0.9959789978200503,8.600053269152387,0.999,2.862769230769231,3375.0,-9.418720024312321e-05,0.0028095661135019157
3.3740899699727662,-0.9959634121243799,8.60286283526589,0.999,2.8626923076923076,3376.0,-9.418720024267913e-05,0.002809566113503692
3.373995782772523,-0.9959478264287094,8.605672401379392,0.999,2.862615384615385,3377.0,-9.418720024312321e-05,0.0028095661135019157
3.3739015955722804,-0.995932240733039,8.608481967492894,0.999,2.8625384615384615,3378.0,-9.418720024267913e-05,0.0028095661135019157
3.3738074083720373,-0.9959166550373686,8.611291533606398,0.999,2.8624615384615386,3379.0,-9.418720024312321e-05,0.002809566113503692
3.3737132211717946,-0.9959010693416982,8.6141010997199,0.999,2.8623846153846153,3380.0,-9.418720024267913e-05,0.0028095661135019157
3.3736190339715515,-0.9958854836460277,8.616910665833402,0.999,2.8623076923076924,3381.0,-9.418720024312321e-05,0.0028095661135019157
3.373524846771309,-0.9958698979503573,8.619720231946905,0.999,2.862230769230769,3382.0,-9.418720024267913e-05,0.002809566113503692
3.3734306595710657,-0.9958543122546869,8.622529798060407,0.999,2.8621538461538463,3383.0,-9.418720024312321e-05,0.0028095661135019157
3.373336472370823,-0.9958387265590164,8.625339364173911,0.999,2.862076923076923,3384.0,-9.418720024267913e-05,0.002809566113503692
3.37324228517058,-0.995823140863346,8.628148930287413,0.999,2.862,3385.0,-9.418720024312321e-05,0.0028095661135019157
3.373138547881041,-0.9958284693675139,8.628761703679102,0.999,2.8619285714285714,3386.0,-0.00010373728953894101,0.0006127733916887479
3.3730348105915025,-0.9958337978716818,8.62937447707079,0.999,2.861857142857143,3387.0,-0.00010373728953849692,0.0006127733916887479
3.3729310733019635,-0.9958391263758497,8.629987250462479,0.999,2.8617857142857144,3388.0,-0.00010373728953894101,0.0006127733916887479
3.3728273360124246,-0.9958444548800176,8.630600023854168,0.999,2.8617142857142857,3389.0,-0.00010373728953894101,0.0006127733916887479
3.3727235987228856,-0.9958497833841855,8.631212797245857,0.999,2.8616428571428574,3390.0,-0.00010373728953894101,0.0006127733916887479
3.372619861433347,-0.9958551118883534,8.631825570637545,0.999,2.8615714285714287,3391.0,-0.00010373728953849692,0.0006127733916887479
3.372516124143808,-0.9958604403925213,8.632438344029234,0.999,2.8615000000000004,3392.0,-0.00010373728953894101,0.0006127733916887479
3.3724123868542693,-0.9958657688966892,8.633051117420925,0.999,2.8614285714285717,3393.0,-0.00010373728953894101,0.0006127733916905242
3.3723086495647308,-0.9958710974008571,8.633663890812613,0.999,2.861357142857143,3394.0,-0.00010373728953849692,0.0006127733916887479
3.372204912275192,-0.995876425905025,8.634276664204302,0.999,2.8612857142857147,3395.0,-0.00010373728953894101,0.0006127733916887479
3.372101174985653,-0.9958817544091929,8.63488943759599,0.999,2.861214285714286,3396.0,-0.00010373728953894101,0.0006127733916887479
3.371997437696114,-0.9958870829133608,8.63550221098768,0.999,2.861142857142857,3397.0,-0.00010373728953894101,0.0006127733916887479
3.3718937004065754,-0.9958924114175287,8.636114984379368,0.999,2.861071428571429,3398.0,-0.00010373728953849692,0.0006127733916887479
3.3717899631170365,-0.9958977399216966,8.636727757771057,0.999,2.861,3399.0,-0.00010373728953894101,0.0006127733916887479
3.3717113630206597,-0.9958865810634596,8.639280190151675,0.999,2.860857142857143,3400.0,-7.860009637683518e-05,0.002552432380618086
3.3716327629242824,-0.9958754222052225,8.641832622532293,0.999,2.8607142857142858,3401.0,-7.860009637727927e-05,0.002552432380618086
3.3715541628279055,-0.9958642633469855,8.644385054912911,0.999,2.8605714285714288,3402.0,-7.860009637683518e-05,0.002552432380618086
3.3714755627315287,-0.9958531044887484,8.64693748729353,0.999,2.8604285714285718,3403.0,-7.860009637683518e-05,0.002552432380618086
3.371396962635152,-0.9958419456305114,8.649489919674147,0.999,2.8602857142857143,3404.0,-7.860009637683518e-05,0.002552432380618086
3.3713183625387746,-0.9958307867722743,8.652042352054766,0.999,2.8601428571428573,3405.0,-7.860009637727927e-05,0.002552432380618086
3.3712397624423978,-0.9958196279140373,8.654594784435385,0.999,2.8600000000000003,3406.0,-7.860009637683518e-05,0.0025524323806198623
3.371161162346021,-0.9958084690558003,8.657147216816004,0.999,2.859857142857143,3407.0,-7.860009637683518e-05,0.002552432380618086
3.3710825622496436,-0.9957973101975632,8.659699649196622,0.999,2.859714285714286,3408.0,-7.860009637727927e-05,0.002552432380618086
3.371003962153267,-0.9957861513393262,8.66225208157724,0.999,2.8595714285714284,3409.0,-7.860009637683518e-05,0.002552432380618086
3.37092536205689,-0.9957749924810891,8.664804513957858,0.999,2.8594285714285714,3410.0,-7.860009637683518e-05,0.002552432380618086
3.370846761960513,-0.9957638336228521,8.667356946338476,0.999,2.8592857142857144,3411.0,-7.860009637683518e-05,0.002552432380618086
3.370768161864136,-0.995752674764615,8.669909378719094,0.999,2.859142857142857,3412.0,-7.860009637727927e-05,0.002552432380618086
3.370689561767759,-0.995741515906378,8.672461811099712,0.999,2.859,3413.0,-7.860009637683518e-05,0.002552432380618086
3.3705717176943004,-0.9957605106066547,8.674249466707964,0.999,2.858923076923077,3414.0,-0.00011784407345860615,0.0017876556082523365
3.3704538736208423,-0.9957795053069315,8.676037122316217,0.999,2.858846153846154,3415.0,-0.00011784407345816206,0.0017876556082523365
3.3703360295473836,-0.9957985000072082,8.677824777924469,0.999,2.858769230769231,3416.0,-0.00011784407345860615,0.0017876556082523365
3.3702181854739255,-0.9958174947074849,8.679612433532721,0.999,2.8586923076923076,3417.0,-0.00011784407345816206,0.0017876556082523365
3.370100341400467,-0.9958364894077616,8.681400089140974,0.999,2.858615384615385,3418.0,-0.00011784407345860615,0.0017876556082523365
3.3699824973270083,-0.9958554841080384,8.683187744749226,0.999,2.8585384615384615,3419.0,-0.00011784407345860615,0.0017876556082523365
3.36986465325355,-0.995874478808315,8.68497540035748,0.999,2.8584615384615386,3420.0,-0.00011784407345816206,0.0017876556082541128
3.3697468091800915,-0.9958934735085918,8.686763055965733,0.999,2.8583846153846153,3421.0,-0.00011784407345860615,0.0017876556082523365
3.369628965106633,-0.9959124682088685,8.688550711573985,0.999,2.8583076923076924,3422.0,-0.00011784407345860615,0.0017876556082523365
3.3695111210331747,-0.9959314629091452,8.690338367182237,0.999,2.858230769230769,3423.0,-0.00011784407345816206,0.0017876556082523365
3.369393276959716,-0.9959504576094219,8.69212602279049,0.999,2.8581538461538463,3424.0,-0.00011784407345860615,0.0017876556082523365
3.369275432886258,-0.9959694523096987,8.693913678398742,0.999,2.858076923076923,3425.0,-0.00011784407345816206,0.0017876556082523365
3.3691575888127994,-0.9959884470099754,8.695701334006994,0.999,2.858,3426.0,-0.00011784407345860615,0.0017876556082523365
3.3690574439780643,-0.9959273616503448,8.69780444976463,0.999,2.8579285714285714,3427.0,-0.00010014483473508307,0.0021031157576363313
3.368957299143329,-0.9958662762907143,8.699907565522265,0.999,2.857857142857143,3428.0,-0.00010014483473508307,0.002103115757634555
3.368857154308594,-0.9958051909310838,8.702010681279901,0.999,2.8577857142857144,3429.0,-0.00010014483473508307,0.0021031157576363313
3.3687570094738586,-0.9957441055714532,8.704113797037538,0.999,2.8577142857142857,3430.0,-0.00010014483473552716,0.0021031157576363313
3.3686568646391235,-0.9956830202118228,8.706216912795174,0.999,2.8576428571428574,3431.0,-0.00010014483473508307,0.0021031157576363313
3.3685567198043884,-0.9956219348521922,8.708320028552809,0.999,2.8575714285714287,3432.0,-0.00010014483473508307,0.002103115757634555
3.3684565749696533,-0.9955608494925617,8.710423144310445,0.999,2.8575000000000004,3433.0,-0.00010014483473508307,0.0021031157576363313
3.3683564301349183,-0.9954997641329312,8.712526260068081,0.999,2.8574285714285717,3434.0,-0.00010014483473508307,0.0021031157576363313
3.368256285300183,-0.9954386787733006,8.714629375825716,0.999,2.857357142857143,3435.0,-0.00010014483473508307,0.002103115757634555
3.368156140465448,-0.9953775934136702,8.716732491583352,0.999,2.8572857142857147,3436.0,-0.00010014483473508307,0.0021031157576363313
3.3680559956307126,-0.9953165080540396,8.718835607340989,0.999,2.857214285714286,3437.0,-0.00010014483473552716,0.0021031157576363313
3.3679558507959775,-0.995255422694409,8.720938723098625,0.999,2.857142857142857,3438.0,-0.00010014483473508307,0.0021031157576363313
3.3678557059612424,-0.9951943373347786,8.72304183885626,0.999,2.857071428571429,3439.0,-0.00010014483473508307,0.002103115757634555
3.3677555611265073,-0.995133251975148,8.725144954613896,0.999,2.857,3440.0,-0.00010014483473508307,0.0021031157576363313
3.3676562397100893,-0.99525662628312,8.727183109863693,0.999,2.856846153846154,3441.0,-9.932141641799674e-05,0.0020381552497976685
3.3675569182936713,-0.9953800005910919,8.72922126511349,0.999,2.856692307692308,3442.0,-9.932141641799674e-05,0.002038155249795892
3.3674575968772533,-0.9955033748990638,8.731259420363287,0.999,2.8565384615384617,3443.0,-9.932141641799674e-05,0.0020381552497976685
3.3673582754608358,-0.9956267492070356,8.733297575613083,0.999,2.8563846153846155,3444.0,-9.932141641755265e-05,0.002038155249795892
3.3672589540444178,-0.9957501235150076,8.73533573086288,0.999,2.8562307692307694,3445.0,-9.932141641799674e-05,0.0020381552497976685
3.3671596326279998,-0.9958734978229795,8.737373886112678,0.999,2.856076923076923,3446.0,-9.932141641799674e-05,0.0020381552497976685
3.367060311211582,-0.9959968721309514,8.739412041362474,0.999,2.855923076923077,3447.0,-9.932141641799674e-05,0.002038155249795892
3.366960989795164,-0.9961202464389234,8.741450196612272,0.999,2.855769230769231,3448.0,-9.932141641799674e-05,0.0020381552497976685
3.366861668378746,-0.9962436207468953,8.74348835186207,0.999,2.8556153846153847,3449.0,-9.932141641799674e-05,0.0020381552497976685
3.3667623469623282,-0.9963669950548671,8.745526507111865,0.999,2.8554615384615385,3450.0,-9.932141641755265e-05,0.002038155249795892
3.3666630255459102,-0.9964903693628391,8.747564662361663,0.999,2.8553076923076923,3451.0,-9.932141641799674e-05,0.0020381552497976685
3.3665637041294922,-0.996613743670811,8.749602817611459,0.999,2.855153846153846,3452.0,-9.932141641799674e-05,0.002038155249795892
3.3664643827130742,-0.996737117978783,8.751640972861257,0.999,2.855,3453.0,-9.932141641799674e-05,0.0020381552497976685
3.3663582296638066,-0.996749738256673,8.752572416549494,0.999,2.8549285714285713,3454.0,-0.00010615304926764324,0.0009314436882377208
3.3662520766145394,-0.9967623585345631,8.753503860237732,0.999,2.854857142857143,3455.0,-0.00010615304926719915,0.0009314436882377208
3.3661459235652718,-0.9967749788124531,8.754435303925968,0.999,2.8547857142857143,3456.0,-0.00010615304926764324,0.0009314436882359445
3.3660397705160046,-0.9967875990903433,8.755366747614206,0.999,2.8547142857142855,3457.0,-0.00010615304926719915,0.0009314436882377208
3.365933617466737,-0.9968002193682334,8.756298191302443,0.999,2.8546428571428573,3458.0,-0.00010615304926764324,0.0009314436882377208
3.3658274644174697,-0.9968128396461234,8.757229634990681,0.999,2.8545714285714285,3459.0,-0.00010615304926719915,0.0009314436882377208
3.365721311368202,-0.9968254599240135,8.758161078678917,0.999,2.8545000000000003,3460.0,-0.00010615304926764324,0.0009314436882359445
3.3656151583189344,-0.9968380802019036,8.759092522367155,0.999,2.8544285714285715,3461.0,-0.00010615304926764324,0.0009314436882377208
3.3655090052696672,-0.9968507004797936,8.760023966055392,0.999,2.854357142857143,3462.0,-0.00010615304926719915,0.0009314436882377208
3.3654028522203996,-0.9968633207576837,8.76095540974363,0.999,2.8542857142857145,3463.0,-0.00010615304926764324,0.0009314436882377208
3.3652966991711324,-0.9968759410355739,8.761886853431868,0.999,2.854214285714286,3464.0,-0.00010615304926719915,0.0009314436882377208
3.3651905461218647,-0.9968885613134639,8.762818297120104,0.999,2.854142857142857,3465.0,-0.00010615304926764324,0.0009314436882359445
3.3650843930725975,-0.996901181591354,8.763749740808342,0.999,2.854071428571429,3466.0,-0.00010615304926719915,0.0009314436882377208
3.36497824002333,-0.996913801869244,8.76468118449658,0.999,2.854,3467.0,-0.00010615304926764324,0.0009314436882377208
3.364884682107369,-0.996903807025331,8.766956488449916,0.999,2.853857142857143,3468.0,-9.355791596110663e-05,0.002275303953336305
3.3647911241914072,-0.9968938121814179,8.769231792403252,0.999,2.8537142857142856,3469.0,-9.355791596155072e-05,0.002275303953336305
3.364697566275446,-0.9968838173375049,8.771507096356588,0.999,2.8535714285714286,3470.0,-9.355791596110663e-05,0.002275303953336305
3.364604008359485,-0.9968738224935918,8.773782400309925,0.999,2.8534285714285716,3471.0,-9.355791596110663e-05,0.002275303953336305
3.3645104504435235,-0.9968638276496787,8.77605770426326,0.999,2.853285714285714,3472.0,-9.355791596155072e-05,0.002275303953336305
3.3644168925275624,-0.9968538328057657,8.778333008216597,0.999,2.853142857142857,3473.0,-9.355791596110663e-05,0.002275303953336305
3.364323334611601,-0.9968438379618526,8.780608312169932,0.999,2.853,3474.0,-9.355791596155072e-05,0.0022753039533345287
3.3642297766956397,-0.9968338431179395,8.782883616123268,0.999,2.8528571428571428,3475.0,-9.355791596110663e-05,0.002275303953336305
3.3641362187796786,-0.9968238482740265,8.785158920076604,0.999,2.8527142857142858,3476.0,-9.355791596110663e-05,0.002275303953336305
3.364042660863717,-0.9968138534301134,8.78743422402994,0.999,2.8525714285714283,3477.0,-9.355791596155072e-05,0.002275303953336305
3.363949102947756,-0.9968038585862004,8.789709527983277,0.999,2.8524285714285713,3478.0,-9.355791596110663e-05,0.002275303953336305
3.363855545031795,-0.9967938637422873,8.791984831936613,0.999,2.8522857142857143,3479.0,-9.355791596110663e-05,0.002275303953336305
3.3637619871158333,-0.9967838688983742,8.79426013588995,0.999,2.852142857142857,3480.0,-9.355791596155072e-05,0.002275303953336305
3.363668429199872,-0.9967738740544612,8.796535439843286,0.999,2.852,3481.0,-9.355791596110663e-05,0.002275303953336305
3.36355490239223,-0.9967467584606207,8.798638937701861,0.999,2.851923076923077,3482.0,-0.0001135268076422058,0.0021034978585756647
3.363441375584588,-0.9967196428667803,8.800742435560435,0.999,2.8518461538461537,3483.0,-0.0001135268076422058,0.0021034978585738884
3.3633278487769456,-0.9966925272729398,8.802845933419011,0.999,2.851769230769231,3484.0,-0.0001135268076422058,0.0021034978585756647
3.3632143219693034,-0.9966654116790994,8.804949431277587,0.999,2.8516923076923075,3485.0,-0.0001135268076422058,0.0021034978585756647
3.363100795161661,-0.9966382960852589,8.80705292913616,0.999,2.8516153846153847,3486.0,-0.0001135268076422058,0.0021034978585738884
3.362987268354019,-0.9966111804914184,8.809156426994736,0.999,2.8515384615384614,3487.0,-0.0001135268076422058,0.0021034978585756647
3.3628737415463763,-0.996584064897578,8.811259924853312,0.999,2.8514615384615385,3488.0,-0.00011352680764264989,0.0021034978585756647
3.362760214738734,-0.9965569493037375,8.813363422711888,0.999,2.851384615384615,3489.0,-0.0001135268076422058,0.0021034978585756647
3.362646687931092,-0.996529833709897,8.815466920570461,0.999,2.8513076923076923,3490.0,-0.0001135268076422058,0.0021034978585738884
3.3625331611234497,-0.9965027181160566,8.817570418429037,0.999,2.851230769230769,3491.0,-0.0001135268076422058,0.0021034978585756647
3.3624196343158075,-0.9964756025222161,8.819673916287613,0.999,2.851153846153846,3492.0,-0.0001135268076422058,0.0021034978585756647
3.3623061075081653,-0.9964484869283757,8.821777414146187,0.999,2.851076923076923,3493.0,-0.0001135268076422058,0.0021034978585738884
3.362192580700523,-0.9964213713345352,8.823880912004762,0.999,2.851,3494.0,-0.0001135268076422058,0.0021034978585756647
3.3620830574806986,-0.9964538057173109,8.824864127125334,0.999,2.850857142857143,3495.0,-0.0001095232198244922,0.0009832151205717565
3.3619735342608745,-0.9964862401000867,8.825847342245908,0.999,2.8507142857142855,3496.0,-0.00010952321982404811,0.0009832151205735329
3.36186401104105,-0.9965186744828624,8.826830557366481,0.999,2.8505714285714285,3497.0,-0.0001095232198244922,0.0009832151205735329
3.3617544878212255,-0.996551108865638,8.827813772487053,0.999,2.8504285714285715,3498.0,-0.0001095232198244922,0.0009832151205717565
3.361644964601401,-0.9965835432484138,8.828796987607625,0.999,2.8502857142857145,3499.0,-0.0001095232198244922,0.0009832151205717565
3.361535441381577,-0.9966159776311895,8.829780202728198,0.999,2.850142857142857,3500.0,-0.00010952321982404811,0.0009832151205735329
3.3614259181617525,-0.9966484120139651,8.830763417848772,0.999,2.85,3501.0,-0.0001095232198244922,0.0009832151205735329
3.361316394941928,-0.9966808463967409,8.831746632969343,0.999,2.849857142857143,3502.0,-0.0001095232198244922,0.0009832151205717565
3.361206871722104,-0.9967132807795166,8.832729848089915,0.999,2.8497142857142856,3503.0,-0.00010952321982404811,0.0009832151205717565
3.3610973485022795,-0.9967457151622924,8.833713063210489,0.999,2.8495714285714286,3504.0,-0.0001095232198244922,0.0009832151205735329
3.360987825282455,-0.996778149545068,8.834696278331062,0.999,2.8494285714285716,3505.0,-0.0001095232198244922,0.0009832151205735329
3.3608783020626305,-0.9968105839278437,8.835679493451634,0.999,2.8492857142857146,3506.0,-0.0001095232198244922,0.0009832151205717565
3.3607687788428064,-0.9968430183106195,8.836662708572206,0.999,2.849142857142857,3507.0,-0.00010952321982404811,0.0009832151205717565
3.360659255622982,-0.9968754526933952,8.83764592369278,0.999,2.849,3508.0,-0.0001095232198244922,0.0009832151205735329
3.3605614221775366,-0.9969004265443837,8.839138108254577,0.9989857142857143,2.8489285714285715,3509.0,-9.78334454453389e-05,0.0014921845617976714
3.3604635887320913,-0.9969254003953723,8.840630292816376,0.9989714285714286,2.848857142857143,3510.0,-9.78334454453389e-05,0.0014921845617994478
3.3603657552866455,-0.9969503742463607,8.842122477378176,0.9989571428571429,2.8487857142857145,3511.0,-9.783344544578298e-05,0.0014921845617994478
3.3602679218412,-0.9969753480973492,8.843614661939974,0.9989428571428571,2.8487142857142858,3512.0,-9.78334454453389e-05,0.0014921845617976714
3.360170088395755,-0.9970003219483378,8.845106846501771,0.9989285714285714,2.848642857142857,3513.0,-9.78334454453389e-05,0.0014921845617976714
3.3600722549503095,-0.9970252957993263,8.84659903106357,0.9989142857142858,2.8485714285714288,3514.0,-9.78334454453389e-05,0.0014921845617994478
3.3599744215048637,-0.9970502696503147,8.84809121562537,0.9989,2.8485,3515.0,-9.783344544578298e-05,0.0014921845617994478
3.3598765880594184,-0.9970752435013033,8.849583400187168,0.9988857142857143,2.8484285714285713,3516.0,-9.78334454453389e-05,0.0014921845617976714
3.359778754613973,-0.9971002173522918,8.851075584748965,0.9988714285714286,2.848357142857143,3517.0,-9.78334454453389e-05,0.0014921845617976714
3.3596809211685277,-0.9971251912032804,8.852567769310765,0.9988571428571429,2.8482857142857143,3518.0,-9.78334454453389e-05,0.0014921845617994478
3.3595830877230823,-0.9971501650542689,8.854059953872564,0.9988428571428571,2.8482142857142856,3519.0,-9.78334454453389e-05,0.0014921845617994478
3.3594852542776366,-0.9971751389052573,8.855552138434362,0.9988285714285714,2.848142857142857,3520.0,-9.783344544578298e-05,0.0014921845617976714
3.359387420832191,-0.9972001127562459,8.85704432299616,0.9988142857142858,2.8480714285714286,3521.0,-9.78334454453389e-05,0.0014921845617976714
3.359289587386746,-0.9972250866072344,8.85853650755796,0.9988,2.848,3522.0,-9.78334454453389e-05,0.0014921845617994478
3.3591790518986744,-0.9971829779408227,8.862571911494909,0.9988153846153847,2.847923076923077,3523.0,-0.00011053548807149483,0.0040354039369496775
3.359068516410603,-0.9971408692744109,8.866607315431857,0.9988307692307693,2.8478461538461537,3524.0,-0.00011053548807149483,0.004035403936947901
3.3589579809225314,-0.9970987606079992,8.870642719368806,0.9988461538461538,2.847769230769231,3525.0,-0.00011053548807149483,0.0040354039369496775
3.35884744543446,-0.9970566519415875,8.874678123305756,0.9988615384615385,2.8476923076923075,3526.0,-0.00011053548807149483,0.0040354039369496775
3.3587369099463884,-0.9970145432751758,8.878713527242704,0.9988769230769231,2.8476153846153847,3527.0,-0.00011053548807149483,0.004035403936947901
3.358626374458317,-0.9969724346087641,8.882748931179654,0.9988923076923077,2.8475384615384614,3528.0,-0.00011053548807149483,0.0040354039369496775
3.3585158389702454,-0.9969303259423523,8.886784335116603,0.9989076923076923,2.8474615384615385,3529.0,-0.00011053548807149483,0.0040354039369496775
3.358405303482174,-0.9968882172759406,8.890819739053553,0.9989230769230769,2.847384615384615,3530.0,-0.00011053548807149483,0.0040354039369496775
3.3582947679941024,-0.9968461086095288,8.894855142990501,0.9989384615384616,2.8473076923076923,3531.0,-0.00011053548807149483,0.004035403936947901
3.358184232506031,-0.9968039999431172,8.89889054692745,0.9989538461538462,2.847230769230769,3532.0,-0.00011053548807149483,0.0040354039369496775
3.3580736970179594,-0.9967618912767054,8.9029259508644,0.9989692307692307,2.847153846153846,3533.0,-0.00011053548807149483,0.0040354039369496775
3.357963161529888,-0.9967197826102937,8.906961354801348,0.9989846153846154,2.847076923076923,3534.0,-0.00011053548807149483,0.004035403936947901
3.3578526260418164,-0.996677673943882,8.910996758738298,0.999,2.847,3535.0,-0.00011053548807149483,0.0040354039369496775
3.3577490607498857,-0.9967051970867009,8.912371611843596,0.999,2.846857142857143,3536.0,-0.00010356529193078501,0.0013748531052986124
3.3576454954579553,-0.9967327202295198,8.913746464948895,0.999,2.8467142857142855,3537.0,-0.00010356529193034092,0.0013748531052986124
3.3575419301660245,-0.9967602433723387,8.915121318054195,0.999,2.8465714285714285,3538.0,-0.00010356529193078501,0.0013748531053003887
3.3574383648740938,-0.9967877665151577,8.916496171159494,0.999,2.8464285714285715,3539.0,-0.00010356529193078501,0.0013748531052986124
3.357334799582163,-0.9968152896579766,8.917871024264793,0.999,2.8462857142857145,3540.0,-0.00010356529193078501,0.0013748531052986124
3.3572312342902326,-0.9968428128007955,8.919245877370091,0.999,2.846142857142857,3541.0,-0.00010356529193034092,0.0013748531052986124
3.357127668998302,-0.9968703359436144,8.92062073047539,0.999,2.846,3542.0,-0.00010356529193078501,0.0013748531052986124
3.357024103706371,-0.9968978590864334,8.92199558358069,0.999,2.845857142857143,3543.0,-0.00010356529193078501,0.0013748531053003887
3.3569205384144407,-0.9969253822292522,8.923370436685989,0.999,2.8457142857142856,3544.0,-0.00010356529193034092,0.0013748531052986124
3.35681697312251,-0.9969529053720712,8.924745289791288,0.999,2.8455714285714286,3545.0,-0.00010356529193078501,0.0013748531052986124
3.356713407830579,-0.9969804285148901,8.926120142896586,0.999,2.8454285714285716,3546.0,-0.00010356529193078501,0.0013748531052986124
3.3566098425386484,-0.9970079516577091,8.927494996001887,0.999,2.8452857142857146,3547.0,-0.00010356529193078501,0.0013748531053003887
3.356506277246718,-0.9970354748005279,8.928869849107185,0.999,2.845142857142857,3548.0,-0.00010356529193034092,0.0013748531052986124
3.3564027119547872,-0.9970629979433469,8.930244702212484,0.999,2.845,3549.0,-0.00010356529193078501,0.0013748531052986124
3.3562815941209228,-0.9970327327107945,8.93244692779618,0.999,2.844857142857143,3550.0,-0.00012111783386448138,0.0022022255836962046
3.3561604762870583,-0.9970024674782422,8.934649153379878,0.999,2.8447142857142858,3551.0,-0.00012111783386448138,0.002202225583697981
3.356039358453194,-0.9969722022456898,8.936851378963574,0.999,2.8445714285714288,3552.0,-0.00012111783386448138,0.0022022255836962046
3.355918240619329,-0.9969419370131375,8.93905360454727,0.999,2.8444285714285718,3553.0,-0.00012111783386492547,0.0022022255836962046
3.3557971227854644,-0.9969116717805852,8.941255830130968,0.999,2.8442857142857143,3554.0,-0.00012111783386448138,0.002202225583697981
3.3556760049516,-0.9968814065480328,8.943458055714665,0.999,2.8441428571428573,3555.0,-0.00012111783386448138,0.0022022255836962046
3.3555548871177354,-0.9968511413154806,8.945660281298363,0.999,2.8440000000000003,3556.0,-0.00012111783386448138,0.002202225583697981
3.355433769283871,-0.9968208760829282,8.947862506882059,0.999,2.843857142857143,3557.0,-0.00012111783386448138,0.0022022255836962046
3.3553126514500065,-0.9967906108503759,8.950064732465755,0.999,2.843714285714286,3558.0,-0.00012111783386448138,0.0022022255836962046
3.355191533616142,-0.9967603456178236,8.952266958049453,0.999,2.8435714285714284,3559.0,-0.00012111783386448138,0.002202225583697981
3.355070415782277,-0.9967300803852712,8.95446918363315,0.999,2.8434285714285714,3560.0,-0.00012111783386492547,0.0022022255836962046
3.3549492979484126,-0.9966998151527189,8.956671409216845,0.999,2.8432857142857144,3561.0,-0.00012111783386448138,0.0022022255836962046
3.354828180114548,-0.9966695499201665,8.958873634800543,0.999,2.843142857142857,3562.0,-0.00012111783386448138,0.002202225583697981
3.3547070622806836,-0.9966392846876142,8.96107586038424,0.999,2.843,3563.0,-0.00012111783386448138,0.0022022255836962046
3.3545920390591695,-0.996630285744437,8.963442959851413,0.999,2.842923076923077,3564.0,-0.00011502322151413225,0.0023670994671736167
3.354477015837656,-0.9966212868012599,8.965810059318587,0.999,2.842846153846154,3565.0,-0.00011502322151368816,0.0023670994671736167
3.3543619926161417,-0.9966122878580828,8.968177158785762,0.999,2.842769230769231,3566.0,-0.00011502322151413225,0.002367099467175393
3.354246969394628,-0.9966032889149056,8.970544258252936,0.999,2.8426923076923076,3567.0,-0.00011502322151368816,0.0023670994671736167
3.354131946173114,-0.9965942899717285,8.97291135772011,0.999,2.8426153846153848,3568.0,-0.00011502322151413225,0.0023670994671736167
3.3540169229515997,-0.9965852910285513,8.975278457187283,0.999,2.8425384615384615,3569.0,-0.00011502322151413225,0.0023670994671736167
3.353901899730086,-0.9965762920853741,8.977645556654458,0.999,2.8424615384615386,3570.0,-0.00011502322151368816,0.002367099467175393
3.353786876508572,-0.9965672931421969,8.980012656121632,0.999,2.8423846153846153,3571.0,-0.00011502322151413225,0.0023670994671736167
3.3536718532870577,-0.9965582941990199,8.982379755588806,0.999,2.8423076923076924,3572.0,-0.00011502322151413225,0.0023670994671736167
3.353556830065544,-0.9965492952558427,8.98474685505598,0.999,2.842230769230769,3573.0,-0.00011502322151368816,0.0023670994671736167
3.35344180684403,-0.9965402963126655,8.987113954523155,0.999,2.8421538461538463,3574.0,-0.00011502322151413225,0.002367099467175393
3.3533267836225162,-0.9965312973694884,8.989481053990328,0.999,2.842076923076923,3575.0,-0.00011502322151368816,0.0023670994671736167
3.353211760401002,-0.9965222984263112,8.991848153457502,0.999,2.842,3576.0,-0.00011502322151413225,0.0023670994671736167
3.353100238611371,-0.9966104080623879,8.992704264949017,0.999,2.8419285714285714,3577.0,-0.00011152178963103054,0.0008561114915153212
3.3529887168217405,-0.9966985176984646,8.993560376440534,0.999,2.841857142857143,3578.0,-0.00011152178963058645,0.0008561114915170975
3.3528771950321095,-0.9967866273345413,8.99441648793205,0.999,2.8417857142857144,3579.0,-0.00011152178963103054,0.0008561114915153212
3.3527656732424784,-0.996874736970618,8.995272599423567,0.999,2.8417142857142856,3580.0,-0.00011152178963103054,0.0008561114915170975
3.352654151452848,-0.9969628466066947,8.996128710915082,0.999,2.8416428571428574,3581.0,-0.00011152178963058645,0.0008561114915153212
3.352542629663217,-0.9970509562427714,8.9969848224066,0.999,2.8415714285714286,3582.0,-0.00011152178963103054,0.0008561114915170975
3.3524311078735862,-0.997139065878848,8.997840933898114,0.999,2.8415000000000004,3583.0,-0.00011152178963058645,0.0008561114915153212
3.352319586083955,-0.9972271755149247,8.99869704538963,0.999,2.8414285714285716,3584.0,-0.00011152178963103054,0.0008561114915153212
3.352208064294324,-0.9973152851510014,8.999553156881147,0.999,2.841357142857143,3585.0,-0.00011152178963103054,0.0008561114915170975
3.3520965425046936,-0.9974033947870781,9.000409268372662,0.999,2.8412857142857146,3586.0,-0.00011152178963058645,0.0008561114915153212
3.3519850207150625,-0.9974915044231548,9.00126537986418,0.999,2.841214285714286,3587.0,-0.00011152178963103054,0.0008561114915170975
3.3518734989254315,-0.9975796140592315,9.002121491355695,0.999,2.841142857142857,3588.0,-0.00011152178963103054,0.0008561114915153212
3.351761977135801,-0.9976677236953082,9.002977602847212,0.999,2.841071428571429,3589.0,-0.00011152178963058645,0.0008561114915170975
3.35165045534617,-0.9977558333313848,9.003833714338727,0.999,2.841,3590.0,-0.00011152178963103054,0.0008561114915153212
3.351535088041291,-0.9976333825644825,9.005660443776343,0.999,2.840846153846154,3591.0,-0.00011536730487904379,0.0018267294376155263
3.351419720736412,-0.9975109317975803,9.007487173213958,0.999,2.840692307692308,3592.0,-0.00011536730487904379,0.0018267294376155263
3.3513043534315323,-0.997388481030678,9.009313902651572,0.999,2.8405384615384617,3593.0,-0.00011536730487948788,0.00182672943761375
3.3511889861266533,-0.9972660302637757,9.011140632089187,0.999,2.8403846153846155,3594.0,-0.00011536730487904379,0.0018267294376155263
3.3510736188217742,-0.9971435794968735,9.012967361526803,0.999,2.8402307692307693,3595.0,-0.00011536730487904379,0.0018267294376155263
3.350958251516895,-0.9970211287299712,9.014794090964418,0.999,2.840076923076923,3596.0,-0.00011536730487904379,0.0018267294376155263
3.3508428842120157,-0.9968986779630689,9.016620820402032,0.999,2.839923076923077,3597.0,-0.00011536730487948788,0.00182672943761375
3.3507275169071367,-0.9967762271961665,9.018447549839648,0.999,2.839769230769231,3598.0,-0.00011536730487904379,0.0018267294376155263
3.3506121496022576,-0.9966537764292643,9.020274279277263,0.999,2.8396153846153847,3599.0,-0.00011536730487904379,0.0018267294376155263
3.3504967822973786,-0.996531325662362,9.022101008714879,0.999,2.8394615384615385,3600.0,-0.00011536730487904379,0.0018267294376155263
3.350381414992499,-0.9964088748954597,9.023927738152492,0.999,2.8393076923076923,3601.0,-0.00011536730487948788,0.00182672943761375
3.35026604768762,-0.9962864241285575,9.025754467590108,0.999,2.839153846153846,3602.0,-0.00011536730487904379,0.0018267294376155263
3.350150680382741,-0.9961639733616552,9.027581197027724,0.999,2.839,3603.0,-0.00011536730487904379,0.0018267294376155263
3.3500447777435256,-0.9961496883676648,9.031579424140128,0.999,2.838857142857143,3604.0,-0.00010590263921539389,0.0039982271124046065
3.34993887510431,-0.9961354033736745,9.035577651252533,0.999,2.8387142857142855,3605.0,-0.00010590263921539389,0.0039982271124046065
3.349832972465095,-0.9961211183796842,9.039575878364937,0.999,2.8385714285714285,3606.0,-0.00010590263921539389,0.0039982271124046065
3.3497270698258794,-0.9961068333856938,9.04357410547734,0.999,2.8384285714285715,3607.0,-0.00010590263921539389,0.00399822711240283
3.349621167186664,-0.9960925483917035,9.047572332589745,0.999,2.8382857142857145,3608.0,-0.00010590263921539389,0.0039982271124046065
3.3495152645474486,-0.9960782633977131,9.05157055970215,0.999,2.838142857142857,3609.0,-0.00010590263921539389,0.0039982271124046065
3.3494093619082332,-0.9960639784037227,9.055568786814554,0.999,2.838,3610.0,-0.00010590263921539389,0.0039982271124046065
3.349303459269018,-0.9960496934097325,9.059567013926959,0.999,2.837857142857143,3611.0,-0.00010590263921539389,0.0039982271124046065
3.3491975566298025,-0.9960354084157421,9.063565241039363,0.999,2.8377142857142856,3612.0,-0.00010590263921539389,0.0039982271124046065
3.349091653990587,-0.9960211234217518,9.067563468151768,0.999,2.8375714285714286,3613.0,-0.00010590263921539389,0.0039982271124046065
3.3489857513513717,-0.9960068384277614,9.07156169526417,0.999,2.8374285714285716,3614.0,-0.00010590263921539389,0.00399822711240283
3.3488798487121563,-0.9959925534337711,9.075559922376575,0.999,2.8372857142857146,3615.0,-0.00010590263921539389,0.0039982271124046065
3.348773946072941,-0.9959782684397808,9.07955814948898,0.999,2.837142857142857,3616.0,-0.00010590263921539389,0.0039982271124046065
3.3486680434337255,-0.9959639834457904,9.083556376601384,0.999,2.837,3617.0,-0.00010590263921539389,0.0039982271124046065
3.3485482559534794,-0.9959547710283302,9.08538599736561,0.999,2.8369285714285715,3618.0,-0.00011978748024610297,0.0018296207642247708
3.3484284684732333,-0.9959455586108699,9.087215618129836,0.999,2.836857142857143,3619.0,-0.00011978748024610297,0.0018296207642265472
3.3483086809929867,-0.9959363461934096,9.08904523889406,0.999,2.8367857142857145,3620.0,-0.00011978748024654706,0.0018296207642247708
3.3481888935127406,-0.9959271337759494,9.090874859658285,0.999,2.8367142857142857,3621.0,-0.00011978748024610297,0.0018296207642247708
3.3480691060324945,-0.9959179213584892,9.09270448042251,0.999,2.836642857142857,3622.0,-0.00011978748024610297,0.0018296207642247708
3.3479493185522484,-0.9959087089410289,9.094534101186737,0.999,2.8365714285714287,3623.0,-0.00011978748024610297,0.0018296207642265472
3.347829531072002,-0.9958994965235687,9.096363721950961,0.999,2.8365,3624.0,-0.00011978748024654706,0.0018296207642247708
3.3477097435917558,-0.9958902841061085,9.098193342715186,0.999,2.8364285714285713,3625.0,-0.00011978748024610297,0.0018296207642247708
3.3475899561115097,-0.9958810716886481,9.100022963479413,0.999,2.836357142857143,3626.0,-0.00011978748024610297,0.0018296207642265472
3.3474701686312636,-0.9958718592711879,9.101852584243638,0.999,2.8362857142857143,3627.0,-0.00011978748024610297,0.0018296207642247708
3.3473503811510175,-0.9958626468537277,9.103682205007862,0.999,2.8362142857142856,3628.0,-0.00011978748024610297,0.0018296207642247708
3.347230593670771,-0.9958534344362675,9.105511825772087,0.999,2.836142857142857,3629.0,-0.00011978748024654706,0.0018296207642247708
3.347110806190525,-0.9958442220188072,9.107341446536314,0.999,2.8360714285714286,3630.0,-0.00011978748024610297,0.0018296207642265472
3.3469910187102787,-0.995835009601347,9.109171067300538,0.999,2.836,3631.0,-0.00011978748024610297,0.0018296207642247708
3.3468715305943904,-0.995779648095344,9.113428690513649,0.999,2.8358461538461537,3632.0,-0.0001194881158883554,0.004257623213110406
3.346752042478502,-0.9957242865893411,9.11768631372676,0.999,2.8356923076923075,3633.0,-0.0001194881158883554,0.004257623213110406
3.346632554362614,-0.9956689250833382,9.12194393693987,0.999,2.8355384615384613,3634.0,-0.0001194881158879113,0.004257623213110406
3.3465130662467257,-0.9956135635773353,9.12620156015298,0.999,2.835384615384615,3635.0,-0.0001194881158883554,0.004257623213110406
3.3463935781308374,-0.9955582020713324,9.13045918336609,0.999,2.835230769230769,3636.0,-0.0001194881158883554,0.004257623213110406
3.346274090014949,-0.9955028405653294,9.1347168065792,0.999,2.835076923076923,3637.0,-0.0001194881158883554,0.004257623213110406
3.346154601899061,-0.9954474790593265,9.138974429792313,0.999,2.834923076923077,3638.0,-0.0001194881158879113,0.004257623213112183
3.3460351137831728,-0.9953921175533236,9.143232053005423,0.999,2.834769230769231,3639.0,-0.0001194881158883554,0.004257623213110406
3.3459156256672844,-0.9953367560473206,9.147489676218534,0.999,2.8346153846153848,3640.0,-0.0001194881158883554,0.004257623213110406
3.345796137551396,-0.9952813945413178,9.151747299431644,0.999,2.8344615384615386,3641.0,-0.0001194881158883554,0.004257623213110406
3.345676649435508,-0.9952260330353149,9.156004922644755,0.999,2.8343076923076924,3642.0,-0.0001194881158879113,0.004257623213110406
3.3455571613196198,-0.9951706715293119,9.160262545857865,0.999,2.8341538461538462,3643.0,-0.0001194881158883554,0.004257623213110406
3.3454376732037314,-0.995115310023309,9.164520169070975,0.999,2.834,3644.0,-0.0001194881158883554,0.004257623213110406
3.3453338464661004,-0.9951454969114413,9.16442715000924,0.999,2.8339285714285714,3645.0,-0.00010382673763098538,-9.301906173497798e-05
3.345230019728469,-0.9951756837995734,9.164334130947507,0.999,2.833857142857143,3646.0,-0.00010382673763142947,-9.301906173320162e-05
3.345126192990838,-0.9952058706877057,9.164241111885772,0.999,2.8337857142857144,3647.0,-0.00010382673763098538,-9.301906173497798e-05
3.345022366253207,-0.995236057575838,9.164148092824039,0.999,2.8337142857142856,3648.0,-0.00010382673763098538,-9.301906173320162e-05
3.3449185395155756,-0.9952662444639703,9.164055073762304,0.999,2.8336428571428574,3649.0,-0.00010382673763142947,-9.301906173497798e-05
3.3448147127779446,-0.9952964313521024,9.163962054700571,0.999,2.8335714285714286,3650.0,-0.00010382673763098538,-9.301906173320162e-05
3.344710886040313,-0.9953266182402347,9.163869035638836,0.999,2.8335000000000004,3651.0,-0.00010382673763142947,-9.301906173497798e-05
3.344607059302682,-0.995356805128367,9.163776016577101,0.999,2.8334285714285716,3652.0,-0.00010382673763098538,-9.301906173497798e-05
3.344503232565051,-0.9953869920164992,9.163682997515368,0.999,2.833357142857143,3653.0,-0.00010382673763098538,-9.301906173320162e-05
3.34439940582742,-0.9954171789046314,9.163589978453633,0.999,2.8332857142857146,3654.0,-0.00010382673763142947,-9.301906173497798e-05
3.344295579089789,-0.9954473657927637,9.1634969593919,0.999,2.833214285714286,3655.0,-0.00010382673763098538,-9.301906173320162e-05
3.344191752352158,-0.995477552680896,9.163403940330165,0.999,2.833142857142857,3656.0,-0.00010382673763098538,-9.301906173497798e-05
3.3440879256145264,-0.9955077395690282,9.163310921268431,0.999,2.833071428571429,3657.0,-0.00010382673763142947,-9.301906173320162e-05
3.3439840988768954,-0.9955379264571604,9.163217902206696,0.999,2.833,3658.0,-0.00010382673763098538,-9.301906173497798e-05
3.3438493105881775,-0.9955990726108155,9.164941579369367,0.999,2.832857142857143,3659.0,-0.00013478828871793525,0.0017236771626709668
3.3437145222994595,-0.9956602187644705,9.166665256532038,0.999,2.8327142857142857,3660.0,-0.00013478828871793525,0.0017236771626709668
3.343579734010741,-0.9957213649181257,9.16838893369471,0.999,2.8325714285714287,3661.0,-0.00013478828871837933,0.0017236771626709668
3.343444945722023,-0.9957825110717807,9.17011261085738,0.999,2.8324285714285717,3662.0,-0.00013478828871793525,0.0017236771626709668
3.3433101574333053,-0.9958436572254358,9.171836288020051,0.999,2.8322857142857143,3663.0,-0.00013478828871793525,0.0017236771626709668
3.3431753691445873,-0.9959048033790908,9.173559965182722,0.999,2.8321428571428573,3664.0,-0.00013478828871793525,0.0017236771626709668
3.343040580855869,-0.9959659495327459,9.175283642345393,0.999,2.8320000000000003,3665.0,-0.00013478828871837933,0.0017236771626709668
3.342905792567151,-0.996027095686401,9.177007319508066,0.999,2.831857142857143,3666.0,-0.00013478828871793525,0.0017236771626727432
3.342771004278433,-0.9960882418400561,9.178730996670737,0.999,2.831714285714286,3667.0,-0.00013478828871793525,0.0017236771626709668
3.342636215989715,-0.9961493879937111,9.180454673833408,0.999,2.8315714285714284,3668.0,-0.00013478828871793525,0.0017236771626709668
3.3425014277009972,-0.9962105341473662,9.182178350996079,0.999,2.8314285714285714,3669.0,-0.00013478828871793525,0.0017236771626709668
3.342366639412279,-0.9962716803010213,9.18390202815875,0.999,2.8312857142857144,3670.0,-0.00013478828871837933,0.0017236771626709668
3.342231851123561,-0.9963328264546764,9.18562570532142,0.999,2.831142857142857,3671.0,-0.00013478828871793525,0.0017236771626709668
3.342097062834843,-0.9963939726083314,9.187349382484092,0.999,2.831,3672.0,-0.00013478828871793525,0.0017236771626709668
3.3419739315043513,-0.9964724103355425,9.1905438943732,0.999,2.830846153846154,3673.0,-0.00012313133049168812,0.0031945118891076874
3.3418508001738596,-0.9965508480627535,9.193738406262307,0.999,2.8306923076923076,3674.0,-0.00012313133049168812,0.0031945118891076874
3.341727668843368,-0.9966292857899646,9.196932918151415,0.999,2.8305384615384614,3675.0,-0.00012313133049168812,0.0031945118891076874
3.3416045375128762,-0.9967077235171756,9.200127430040524,0.999,2.8303846153846153,3676.0,-0.00012313133049168812,0.0031945118891094637
3.3414814061823845,-0.9967861612443867,9.203321941929632,0.999,2.830230769230769,3677.0,-0.00012313133049168812,0.0031945118891076874
3.341358274851893,-0.9968645989715977,9.20651645381874,0.999,2.830076923076923,3678.0,-0.00012313133049168812,0.0031945118891076874
3.341235143521401,-0.9969430366988087,9.209710965707847,0.999,2.829923076923077,3679.0,-0.00012313133049168812,0.0031945118891076874
3.3411120121909095,-0.9970214744260197,9.212905477596955,0.999,2.829769230769231,3680.0,-0.00012313133049168812,0.0031945118891076874
3.340988880860418,-0.9970999121532308,9.216099989486063,0.999,2.829615384615385,3681.0,-0.00012313133049168812,0.0031945118891076874
3.340865749529926,-0.9971783498804418,9.219294501375172,0.999,2.8294615384615387,3682.0,-0.00012313133049168812,0.0031945118891094637
3.3407426181994344,-0.9972567876076529,9.22248901326428,0.999,2.8293076923076925,3683.0,-0.00012313133049168812,0.0031945118891076874
3.3406194868689427,-0.997335225334864,9.225683525153388,0.999,2.8291538461538464,3684.0,-0.00012313133049168812,0.0031945118891076874
3.340496355538451,-0.997413663062075,9.228878037042495,0.999,2.829,3685.0,-0.00012313133049168812,0.0031945118891076874
3.3403797760450775,-0.9974200256864502,9.228214653867362,0.999,2.8289285714285715,3686.0,-0.00011657949337351425,-0.0006633831751337027
3.3402631965517044,-0.9974263883108254,9.22755127069223,0.999,2.828857142857143,3687.0,-0.00011657949337307016,-0.0006633831751319264
3.340146617058331,-0.9974327509352006,9.226887887517096,0.999,2.8287857142857145,3688.0,-0.00011657949337351425,-0.0006633831751337027
3.3400300375649574,-0.9974391135595757,9.226224504341962,0.999,2.8287142857142857,3689.0,-0.00011657949337351425,-0.0006633831751337027
3.3399134580715844,-0.997445476183951,9.225561121166828,0.999,2.828642857142857,3690.0,-0.00011657949337307016,-0.0006633831751337027
3.339796878578211,-0.9974518388083261,9.224897737991697,0.999,2.8285714285714287,3691.0,-0.00011657949337351425,-0.0006633831751319264
3.3396802990848378,-0.9974582014327013,9.224234354816563,0.999,2.8285,3692.0,-0.00011657949337307016,-0.0006633831751337027
3.3395637195914643,-0.9974645640570765,9.22357097164143,0.999,2.8284285714285713,3693.0,-0.00011657949337351425,-0.0006633831751337027
3.3394471400980907,-0.9974709266814517,9.222907588466297,0.999,2.828357142857143,3694.0,-0.00011657949337351425,-0.0006633831751319264
3.3393305606047177,-0.9974772893058269,9.222244205291164,0.999,2.8282857142857143,3695.0,-0.00011657949337307016,-0.0006633831751337027
3.339213981111344,-0.997483651930202,9.22158082211603,0.999,2.8282142857142856,3696.0,-0.00011657949337351425,-0.0006633831751337027
3.3390974016179706,-0.9974900145545772,9.220917438940896,0.999,2.828142857142857,3697.0,-0.00011657949337351425,-0.0006633831751337027
3.3389808221245976,-0.9974963771789525,9.220254055765764,0.999,2.8280714285714286,3698.0,-0.00011657949337307016,-0.0006633831751319264
3.338864242631224,-0.9975027398033276,9.21959067259063,0.999,2.828,3699.0,-0.00011657949337351425,-0.0006633831751337027
3.338746288899721,-0.9972631353623919,9.222549812947301,0.999,2.827857142857143,3700.0,-0.00011795373150302879,0.0029591403566708863
3.3386283351682176,-0.9970235309214562,9.225508953303972,0.999,2.8277142857142854,3701.0,-0.00011795373150347288,0.0029591403566708863
3.3385103814367145,-0.9967839264805205,9.228468093660643,0.999,2.8275714285714284,3702.0,-0.00011795373150302879,0.0029591403566708863
3.3383924277052115,-0.9965443220395848,9.231427234017312,0.999,2.8274285714285714,3703.0,-0.00011795373150302879,0.00295914035666911
3.3382744739737085,-0.9963047175986491,9.234386374373983,0.999,2.8272857142857144,3704.0,-0.00011795373150302879,0.0029591403566708863
3.338156520242205,-0.9960651131577134,9.237345514730654,0.999,2.827142857142857,3705.0,-0.00011795373150347288,0.0029591403566708863
3.338038566510702,-0.9958255087167778,9.240304655087325,0.999,2.827,3706.0,-0.00011795373150302879,0.0029591403566708863
3.337920612779199,-0.995585904275842,9.243263795443996,0.999,2.826857142857143,3707.0,-0.00011795373150302879,0.0029591403566708863
3.3378026590476955,-0.9953462998349063,9.246222935800667,0.999,2.8267142857142855,3708.0,-0.00011795373150347288,0.0029591403566708863
3.3376847053161924,-0.9951066953939707,9.249182076157338,0.999,2.8265714285714285,3709.0,-0.00011795373150302879,0.0029591403566708863
3.3375667515846894,-0.9948670909530349,9.252141216514007,0.999,2.8264285714285715,3710.0,-0.00011795373150302879,0.00295914035666911
3.3374487978531864,-0.9946274865120992,9.255100356870678,0.999,2.8262857142857145,3711.0,-0.00011795373150302879,0.0029591403566708863
3.337330844121683,-0.9943878820711636,9.258059497227348,0.999,2.826142857142857,3712.0,-0.00011795373150347288,0.0029591403566708863
3.33721289039018,-0.9941482776302278,9.26101863758402,0.999,2.826,3713.0,-0.00011795373150302879,0.0029591403566708863
3.3370998391157785,-0.9942534113472563,9.263653890755394,0.999,2.825846153846154,3714.0,-0.00011305127440142115,0.0026352531713751404
3.336986787841377,-0.9943585450642849,9.266289143926768,0.999,2.8256923076923077,3715.0,-0.00011305127440142115,0.002635253171373364
3.3368737365669756,-0.9944636787813134,9.268924397098143,0.999,2.8255384615384616,3716.0,-0.00011305127440142115,0.0026352531713751404
3.336760685292574,-0.994568812498342,9.271559650269516,0.999,2.8253846153846154,3717.0,-0.00011305127440142115,0.002635253171373364
3.3366476340181728,-0.9946739462153704,9.274194903440891,0.999,2.825230769230769,3718.0,-0.00011305127440142115,0.0026352531713751404
3.3365345827437713,-0.994779079932399,9.276830156612267,0.999,2.825076923076923,3719.0,-0.00011305127440142115,0.0026352531713751404
3.3364215314693695,-0.9948842136494275,9.27946540978364,0.999,2.824923076923077,3720.0,-0.00011305127440186524,0.002635253171373364
3.336308480194968,-0.9949893473664561,9.282100662955015,0.999,2.8247692307692307,3721.0,-0.00011305127440142115,0.0026352531713751404
3.3361954289205666,-0.9950944810834845,9.28473591612639,0.999,2.8246153846153845,3722.0,-0.00011305127440142115,0.0026352531713751404
3.336082377646165,-0.9951996148005131,9.287371169297764,0.999,2.8244615384615384,3723.0,-0.00011305127440142115,0.002635253171373364
3.335969326371764,-0.9953047485175416,9.290006422469139,0.999,2.824307692307692,3724.0,-0.00011305127440142115,0.0026352531713751404
3.3358562750973624,-0.9954098822345702,9.292641675640512,0.999,2.824153846153846,3725.0,-0.00011305127440142115,0.002635253171373364
3.335743223822961,-0.9955150159515986,9.295276928811887,0.999,2.824,3726.0,-0.00011305127440142115,0.0026352531713751404
3.335619927706809,-0.9956573723839394,9.296450265818496,0.999,2.823928571428571,3727.0,-0.00012329611615191638,0.0011733370066089321
3.3354966315906567,-0.9957997288162801,9.297623602825103,0.999,2.823857142857143,3728.0,-0.00012329611615236047,0.0011733370066071558
3.3353733354745048,-0.9959420852486209,9.298796939831712,0.999,2.823785714285714,3729.0,-0.00012329611615191638,0.0011733370066089321
3.3352500393583524,-0.9960844416809617,9.299970276838321,0.999,2.8237142857142854,3730.0,-0.00012329611615236047,0.0011733370066089321
3.3351267432422005,-0.9962267981133024,9.301143613844928,0.999,2.823642857142857,3731.0,-0.00012329611615191638,0.0011733370066071558
3.335003447126048,-0.9963691545456431,9.302316950851537,0.999,2.8235714285714284,3732.0,-0.00012329611615236047,0.0011733370066089321
3.334880151009896,-0.996511510977984,9.303490287858144,0.999,2.8235,3733.0,-0.00012329611615191638,0.0011733370066071558
3.3347568548937443,-0.9966538674103247,9.304663624864753,0.999,2.8234285714285714,3734.0,-0.00012329611615191638,0.0011733370066089321
3.334633558777592,-0.9967962238426654,9.305836961871362,0.999,2.8233571428571427,3735.0,-0.00012329611615236047,0.0011733370066089321
3.33451026266144,-0.9969385802750061,9.30701029887797,0.999,2.8232857142857144,3736.0,-0.00012329611615191638,0.0011733370066071558
3.3343869665452877,-0.9970809367073469,9.308183635884578,0.999,2.8232142857142857,3737.0,-0.00012329611615236047,0.0011733370066089321
3.3342636704291357,-0.9972232931396877,9.309356972891187,0.999,2.823142857142857,3738.0,-0.00012329611615191638,0.0011733370066089321
3.3341403743129834,-0.9973656495720284,9.310530309897795,0.999,2.8230714285714287,3739.0,-0.00012329611615236047,0.0011733370066071558
3.3340170781968315,-0.9975080060043692,9.311703646904403,0.999,2.823,3740.0,-0.00012329611615191638,0.0011733370066089321
3.3338699845647515,-0.9974202675801505,9.300933628502856,0.999,2.822857142857143,3741.0,-0.0001470936320799865,-0.010770018401547787
3.3337228909326715,-0.9973325291559317,9.29016361010131,0.999,2.8227142857142855,3742.0,-0.0001470936320799865,-0.010770018401546011
3.333575797300591,-0.9972447907317129,9.279393591699762,0.999,2.8225714285714285,3743.0,-0.00014709363208043058,-0.010770018401547787
3.333428703668511,-0.9971570523074942,9.268623573298214,0.999,2.8224285714285715,3744.0,-0.0001470936320799865,-0.010770018401547787
3.333281610036431,-0.9970693138832755,9.257853554896668,0.999,2.8222857142857145,3745.0,-0.0001470936320799865,-0.010770018401546011
3.333134516404351,-0.9969815754590567,9.24708353649512,0.999,2.822142857142857,3746.0,-0.0001470936320799865,-0.010770018401547787
3.3329874227722707,-0.996893837034838,9.236313518093574,0.999,2.822,3747.0,-0.00014709363208043058,-0.010770018401546011
3.3328403291401907,-0.9968060986106192,9.225543499692026,0.999,2.821857142857143,3748.0,-0.0001470936320799865,-0.010770018401547787
3.3326932355081107,-0.9967183601864005,9.214773481290479,0.999,2.8217142857142856,3749.0,-0.0001470936320799865,-0.010770018401547787
3.3325461418760307,-0.9966306217621818,9.204003462888933,0.999,2.8215714285714286,3750.0,-0.0001470936320799865,-0.010770018401546011
3.3323990482439507,-0.996542883337963,9.193233444487385,0.999,2.8214285714285716,3751.0,-0.0001470936320799865,-0.010770018401547787
3.3322519546118703,-0.9964551449137442,9.182463426085837,0.999,2.8212857142857146,3752.0,-0.00014709363208043058,-0.010770018401547787
3.3321048609797903,-0.9963674064895255,9.171693407684291,0.999,2.821142857142857,3753.0,-0.0001470936320799865,-0.010770018401546011
3.3319577673477103,-0.9962796680653068,9.160923389282743,0.999,2.821,3754.0,-0.0001470936320799865,-0.010770018401547787
3.3318122934293135,-0.996239195691599,9.126391043168004,0.999,2.820857142857143,3755.0,-0.00014547391839681012,-0.0345323461147391
3.3316668195109167,-0.9961987233178913,9.091858697053263,0.999,2.8207142857142857,3756.0,-0.00014547391839681012,-0.034532346114740875
3.33152134559252,-0.9961582509441835,9.057326350938524,0.999,2.8205714285714287,3757.0,-0.00014547391839681012,-0.0345323461147391
3.3313758716741235,-0.9961177785704758,9.022794004823785,0.999,2.8204285714285717,3758.0,-0.00014547391839636603,-0.0345323461147391
3.3312303977557267,-0.996077306196768,8.988261658709046,0.999,2.8202857142857143,3759.0,-0.00014547391839681012,-0.0345323461147391
3.33108492383733,-0.9960368338230603,8.953729312594305,0.999,2.8201428571428573,3760.0,-0.00014547391839681012,-0.034532346114740875
3.330939449918933,-0.9959963614493526,8.919196966479566,0.999,2.8200000000000003,3761.0,-0.00014547391839681012,-0.0345323461147391
3.3307939760005363,-0.9959558890756449,8.884664620364827,0.999,2.819857142857143,3762.0,-0.00014547391839681012,-0.0345323461147391
3.3306485020821395,-0.9959154167019372,8.850132274250086,0.999,2.819714285714286,3763.0,-0.00014547391839681012,-0.034532346114740875
3.3305030281637427,-0.9958749443282294,8.815599928135347,0.999,2.8195714285714284,3764.0,-0.00014547391839681012,-0.0345323461147391
3.3303575542453463,-0.9958344719545217,8.781067582020608,0.999,2.8194285714285714,3765.0,-0.00014547391839636603,-0.0345323461147391
3.3302120803269495,-0.9957939995808139,8.746535235905869,0.999,2.8192857142857144,3766.0,-0.00014547391839681012,-0.0345323461147391
3.3300666064085527,-0.9957535272071062,8.712002889791128,0.999,2.819142857142857,3767.0,-0.00014547391839681012,-0.034532346114740875
3.329921132490156,-0.9957130548333984,8.677470543676389,0.999,2.819,3768.0,-0.00014547391839681012,-0.0345323461147391
3.3297043799144608,-0.9957066701597761,8.652096421739666,0.999,2.818769230769231,3769.0,-0.00021675257569508943,-0.02537412193672317
3.3294876273387657,-0.9957002854861537,8.626722299802942,0.999,2.8185384615384614,3770.0,-0.00021675257569508943,-0.02537412193672317
3.3292708747630706,-0.9956939008125314,8.601348177866218,0.999,2.8183076923076924,3771.0,-0.00021675257569508943,-0.025374121936724947
3.3290541221873755,-0.995687516138909,8.575974055929494,0.999,2.818076923076923,3772.0,-0.00021675257569508943,-0.02537412193672317
3.3288373696116804,-0.9956811314652867,8.550599933992771,0.999,2.817846153846154,3773.0,-0.00021675257569508943,-0.02537412193672317
3.3286206170359853,-0.9956747467916643,8.525225812056048,0.999,2.8176153846153844,3774.0,-0.00021675257569508943,-0.02537412193672317
3.3284038644602902,-0.9956683621180421,8.499851690119323,0.999,2.8173846153846154,3775.0,-0.00021675257569508943,-0.025374121936724947
3.328187111884595,-0.9956619774444198,8.4744775681826,0.999,2.817153846153846,3776.0,-0.00021675257569508943,-0.02537412193672317
3.3279703593089,-0.9956555927707974,8.449103446245877,0.999,2.816923076923077,3777.0,-0.00021675257569508943,-0.02537412193672317
3.327753606733205,-0.995649208097175,8.423729324309154,0.999,2.8166923076923074,3778.0,-0.00021675257569508943,-0.02537412193672317
3.32753685415751,-0.9956428234235527,8.398355202372429,0.999,2.8164615384615383,3779.0,-0.00021675257569508943,-0.025374121936724947
3.327320101581815,-0.9956364387499304,8.372981080435705,0.999,2.816230769230769,3780.0,-0.00021675257569508943,-0.02537412193672317
3.3271033490061197,-0.995630054076308,8.347606958498982,0.999,2.816,3781.0,-0.00021675257569508943,-0.02537412193672317
3.3268787261709942,-0.9956746563745312,8.331580090000408,0.999,2.815785714285714,3782.0,-0.00022462283512547643,-0.016026868498574487
3.326654103335869,-0.9957192586727543,8.315553221501833,0.999,2.8155714285714284,3783.0,-0.00022462283512503234,-0.016026868498574487
3.3264294805007437,-0.9957638609709776,8.299526353003259,0.999,2.8153571428571427,3784.0,-0.00022462283512547643,-0.016026868498574487
3.3262048576656187,-0.9958084632692008,8.283499484504683,0.999,2.815142857142857,3785.0,-0.00022462283512503234,-0.016026868498576263
3.325980234830493,-0.9958530655674239,8.267472616006108,0.999,2.8149285714285712,3786.0,-0.00022462283512547643,-0.016026868498574487
3.325755611995368,-0.9958976678656472,8.251445747507534,0.999,2.8147142857142855,3787.0,-0.00022462283512503234,-0.016026868498574487
3.3255309891602427,-0.9959422701638704,8.235418879008959,0.999,2.8145,3788.0,-0.00022462283512547643,-0.016026868498574487
3.3253063663251172,-0.9959868724620935,8.219392010510385,0.999,2.8142857142857145,3789.0,-0.00022462283512547643,-0.016026868498574487
3.325081743489992,-0.9960314747603167,8.20336514201181,0.999,2.814071428571429,3790.0,-0.00022462283512503234,-0.016026868498574487
3.3248571206548667,-0.9960760770585398,8.187338273513236,0.999,2.813857142857143,3791.0,-0.00022462283512547643,-0.016026868498574487
3.3246324978197417,-0.9961206793567631,8.17131140501466,0.999,2.8136428571428573,3792.0,-0.00022462283512503234,-0.016026868498576263
3.324407874984616,-0.9961652816549863,8.155284536516085,0.999,2.8134285714285716,3793.0,-0.00022462283512547643,-0.016026868498574487
3.324183252149491,-0.9962098839532094,8.13925766801751,0.999,2.813214285714286,3794.0,-0.00022462283512503234,-0.016026868498574487
3.3239586293143657,-0.9962544862514326,8.123230799518936,0.999,2.813,3795.0,-0.00022462283512547643,-0.016026868498574487
3.3237065308665295,-0.996235106101781,8.111607415703277,0.999,2.8127142857142857,3796.0,-0.00025209844783624646,-0.011623383815658528
3.3234544324186936,-0.9962157259521294,8.099984031887619,0.999,2.8124285714285717,3797.0,-0.0002520984478358024,-0.011623383815658528
3.3232023339708574,-0.9961963458024776,8.08836064807196,0.999,2.8121428571428573,3798.0,-0.00025209844783624646,-0.011623383815658528
3.3229502355230216,-0.996176965652826,8.076737264256304,0.999,2.811857142857143,3799.0,-0.0002520984478358024,-0.011623383815656751
3.3226981370751854,-0.9961575855031743,8.065113880440645,0.999,2.811571428571429,3800.0,-0.00025209844783624646,-0.011623383815658528
3.3224460386273496,-0.9961382053535227,8.053490496624987,0.999,2.8112857142857144,3801.0,-0.0002520984478358024,-0.011623383815658528
3.3221939401795133,-0.996118825203871,8.041867112809328,0.999,2.8110000000000004,3802.0,-0.00025209844783624646,-0.011623383815658528
3.321941841731677,-0.9960994450542193,8.03024372899367,0.999,2.810714285714286,3803.0,-0.00025209844783624646,-0.011623383815658528
3.3216897432838413,-0.9960800649045677,8.018620345178011,0.999,2.8104285714285715,3804.0,-0.0002520984478358024,-0.011623383815658528
3.321437644836005,-0.996060684754916,8.006996961362352,0.999,2.8101428571428575,3805.0,-0.00025209844783624646,-0.011623383815658528
3.321185546388169,-0.9960413046052644,7.995373577546695,0.999,2.809857142857143,3806.0,-0.0002520984478358024,-0.01162338381565764
3.320933447940333,-0.9960219244556127,7.983750193731036,0.999,2.8095714285714286,3807.0,-0.00025209844783624646,-0.011623383815658528
3.320681349492497,-0.996002544305961,7.972126809915379,0.999,2.8092857142857146,3808.0,-0.0002520984478358024,-0.01162338381565764
3.320429251044661,-0.9959831641563094,7.96050342609972,0.999,2.809,3809.0,-0.00025209844783624646,-0.011623383815658528
3.320146056534672,-0.9960203579289886,7.948289022818538,0.999,2.808692307692308,3810.0,-0.0002831945099890376,-0.012214403281181951
3.3198628620246833,-0.9960575517016678,7.936074619537357,0.999,2.8083846153846155,3811.0,-0.0002831945099885935,-0.012214403281181063
3.3195796675146942,-0.996094745474347,7.923860216256175,0.999,2.808076923076923,3812.0,-0.0002831945099890376,-0.012214403281181951
3.3192964730047056,-0.9961319392470261,7.911645812974993,0.999,2.807769230769231,3813.0,-0.0002831945099885935,-0.012214403281181951
3.3190132784947166,-0.9961691330197053,7.899431409693812,0.999,2.8074615384615385,3814.0,-0.0002831945099890376,-0.012214403281181063
3.3187300839847276,-0.9962063267923845,7.88721700641263,0.999,2.807153846153846,3815.0,-0.0002831945099890376,-0.012214403281181951
3.318446889474739,-0.9962435205650638,7.875002603131448,0.999,2.806846153846154,3816.0,-0.0002831945099885935,-0.012214403281181951
3.31816369496475,-0.996280714337743,7.862788199850266,0.999,2.806538461538462,3817.0,-0.0002831945099890376,-0.012214403281181951
3.317880500454761,-0.9963179081104222,7.850573796569085,0.999,2.8062307692307695,3818.0,-0.0002831945099890376,-0.012214403281181063
3.3175973059447723,-0.9963551018831014,7.838359393287903,0.999,2.805923076923077,3819.0,-0.0002831945099885935,-0.012214403281181951
3.3173141114347833,-0.9963922956557806,7.826144990006721,0.999,2.805615384615385,3820.0,-0.0002831945099890376,-0.012214403281181951
3.3170309169247947,-0.9964294894284598,7.81393058672554,0.999,2.8053076923076925,3821.0,-0.0002831945099885935,-0.012214403281181063
3.3167477224148056,-0.996466683201139,7.801716183444358,0.999,2.805,3822.0,-0.0002831945099890376,-0.012214403281181951
3.31646962708823,-0.9965863174579128,7.787981998286128,0.999,2.8047857142857144,3823.0,-0.00027809532657574465,-0.013734185158230439
3.316191531761654,-0.9967059517146868,7.774247813127898,0.999,2.8045714285714287,3824.0,-0.00027809532657574465,-0.01373418515822955
3.3159134364350784,-0.9968255859714606,7.760513627969668,0.999,2.804357142857143,3825.0,-0.00027809532657574465,-0.013734185158230439
3.3156353411085027,-0.9969452202282345,7.746779442811438,0.999,2.8041428571428573,3826.0,-0.00027809532657574465,-0.01373418515822955
3.315357245781927,-0.9970648544850085,7.733045257653208,0.999,2.8039285714285715,3827.0,-0.00027809532657574465,-0.013734185158230439
3.315079150455351,-0.9971844887417823,7.719311072494978,0.999,2.803714285714286,3828.0,-0.00027809532657574465,-0.01373418515822955
3.3148010551287754,-0.9973041229985563,7.705576887336748,0.999,2.8035,3829.0,-0.00027809532657574465,-0.013734185158230439
3.3145229598021992,-0.9974237572553302,7.691842702178517,0.999,2.8032857142857144,3830.0,-0.00027809532657618874,-0.013734185158230439
3.3142448644756235,-0.997543391512104,7.678108517020288,0.999,2.8030714285714287,3831.0,-0.00027809532657574465,-0.01373418515822955
3.3139667691490478,-0.997663025768878,7.664374331862057,0.999,2.802857142857143,3832.0,-0.00027809532657574465,-0.013734185158230439
3.313688673822472,-0.9977826600256519,7.650640146703828,0.999,2.802642857142857,3833.0,-0.00027809532657574465,-0.01373418515822955
3.3134105784958963,-0.9979022942824257,7.636905961545597,0.999,2.8024285714285715,3834.0,-0.00027809532657574465,-0.013734185158230439
3.3131324831693205,-0.9980219285391997,7.623171776387368,0.999,2.8022142857142858,3835.0,-0.00027809532657574465,-0.01373418515822955
3.3128543878427448,-0.9981415627959735,7.609437591229137,0.999,2.802,3836.0,-0.00027809532657574465,-0.013734185158230439
3.312570313341261,-0.9980764172688519,7.601043016522033,0.999,2.8017142857142856,3837.0,-0.00028407450148382196,-0.008394574707104141
3.3122862388397767,-0.9980112717417302,7.592648441814929,0.999,2.8014285714285716,3838.0,-0.00028407450148426605,-0.008394574707104141
3.312002164338293,-0.9979461262146085,7.584253867107825,0.999,2.801142857142857,3839.0,-0.00028407450148382196,-0.008394574707104141
3.3117180898368086,-0.997880980687487,7.575859292400721,0.999,2.8008571428571427,3840.0,-0.00028407450148426605,-0.008394574707104141
3.3114340153353248,-0.9978158351603653,7.567464717693617,0.999,2.8005714285714287,3841.0,-0.00028407450148382196,-0.008394574707104141
3.3111499408338405,-0.9977506896332436,7.559070142986513,0.999,2.8002857142857143,3842.0,-0.00028407450148426605,-0.008394574707104141
3.3108658663323567,-0.997685544106122,7.550675568279408,0.999,2.8000000000000003,3843.0,-0.00028407450148382196,-0.00839457470710503
3.310581791830873,-0.9976203985790003,7.542280993572303,0.999,2.799714285714286,3844.0,-0.00028407450148382196,-0.008394574707104141
3.3102977173293886,-0.9975552530518786,7.533886418865199,0.999,2.7994285714285714,3845.0,-0.00028407450148426605,-0.008394574707104141
3.310013642827905,-0.997490107524757,7.525491844158095,0.999,2.7991428571428574,3846.0,-0.00028407450148382196,-0.008394574707104141
3.3097295683264205,-0.9974249619976354,7.517097269450991,0.999,2.798857142857143,3847.0,-0.00028407450148426605,-0.008394574707104141
3.3094454938249367,-0.9973598164705137,7.508702694743887,0.999,2.7985714285714285,3848.0,-0.00028407450148382196,-0.008394574707104141
3.3091614193234524,-0.9972946709433921,7.500308120036783,0.999,2.7982857142857145,3849.0,-0.00028407450148426605,-0.008394574707104141
3.3088773448219686,-0.9972295254162704,7.491913545329679,0.999,2.798,3850.0,-0.00028407450148382196,-0.008394574707104141
3.3085661002681164,-0.9972343684246637,7.483234752126436,0.999,2.797615384615385,3851.0,-0.00031124455385223015,-0.008678793203242385
3.3082548557142646,-0.997239211433057,7.474555958923194,0.999,2.797230769230769,3852.0,-0.00031124455385178607,-0.008678793203242385
3.3079436111604124,-0.9972440544414504,7.465877165719951,0.999,2.796846153846154,3853.0,-0.00031124455385223015,-0.008678793203242385
3.30763236660656,-0.9972488974498437,7.457198372516709,0.999,2.7964615384615383,3854.0,-0.00031124455385223015,-0.008678793203242385
3.3073211220527083,-0.997253740458237,7.448519579313467,0.999,2.796076923076923,3855.0,-0.00031124455385178607,-0.008678793203242385
3.307009877498856,-0.9972585834666303,7.439840786110224,0.999,2.795692307692308,3856.0,-0.00031124455385223015,-0.008678793203242385
3.306698632945004,-0.9972634264750235,7.431161992906982,0.999,2.7953076923076923,3857.0,-0.00031124455385223015,-0.008678793203242385
3.3063873883911516,-0.9972682694834168,7.4224831997037395,0.999,2.794923076923077,3858.0,-0.00031124455385223015,-0.008678793203242385
3.3060761438373,-0.9972731124918102,7.413804406500497,0.999,2.794538461538462,3859.0,-0.00031124455385178607,-0.008678793203242385
3.3057648992834476,-0.9972779555002035,7.405125613297255,0.999,2.794153846153846,3860.0,-0.00031124455385223015,-0.008678793203242385
3.3054536547295954,-0.9972827985085968,7.396446820094012,0.999,2.793769230769231,3861.0,-0.00031124455385223015,-0.008678793203242385
3.3051424101757436,-0.9972876415169901,7.38776802689077,0.999,2.7933846153846154,3862.0,-0.00031124455385178607,-0.008678793203242385
3.3048311656218914,-0.9972924845253834,7.379089233687528,0.999,2.793,3863.0,-0.00031124455385223015,-0.008678793203242385
3.3045283207199123,-0.9972873921704895,7.375165850640941,0.999,2.7927142857142857,3864.0,-0.0003028449019790713,-0.0039233830465867925
3.3042254758179337,-0.9972822998155956,7.371242467594354,0.999,2.7924285714285717,3865.0,-0.00030284490197862723,-0.0039233830465867925
3.3039226309159546,-0.9972772074607017,7.367319084547767,0.999,2.7921428571428573,3866.0,-0.0003028449019790713,-0.0039233830465867925
3.303619786013976,-0.9972721151058077,7.3633957015011795,0.999,2.791857142857143,3867.0,-0.00030284490197862723,-0.003923383046587681
3.303316941111997,-0.9972670227509137,7.359472318454593,0.999,2.791571428571429,3868.0,-0.0003028449019790713,-0.0039233830465867925
3.3030140962100183,-0.9972619303960198,7.355548935408006,0.999,2.7912857142857144,3869.0,-0.00030284490197862723,-0.0039233830465867925
3.302711251308039,-0.997256838041126,7.351625552361419,0.999,2.7910000000000004,3870.0,-0.0003028449019790713,-0.0039233830465867925
3.30240840640606,-0.997251745686232,7.347702169314832,0.999,2.790714285714286,3871.0,-0.0003028449019790713,-0.0039233830465867925
3.3021055615040815,-0.997246653331338,7.3437787862682455,0.999,2.7904285714285715,3872.0,-0.00030284490197862723,-0.0039233830465867925
3.3018027166021024,-0.9972415609764441,7.339855403221659,0.999,2.7901428571428575,3873.0,-0.0003028449019790713,-0.0039233830465867925
3.301499871700124,-0.9972364686215502,7.335932020175071,0.999,2.789857142857143,3874.0,-0.00030284490197862723,-0.003923383046587681
3.3011970267981448,-0.9972313762666563,7.332008637128484,0.999,2.7895714285714286,3875.0,-0.0003028449019790713,-0.0039233830465867925
3.300894181896166,-0.9972262839117623,7.3280852540818975,0.999,2.7892857142857146,3876.0,-0.00030284490197862723,-0.0039233830465867925
3.300591336994187,-0.9972211915568684,7.324161871035311,0.999,2.789,3877.0,-0.0003028449019790713,-0.0039233830465867925
3.3002751659754392,-0.9970256365394271,7.320740860225236,0.999,2.7887142857142857,3878.0,-0.00031617101874781284,-0.0034210108100749537
3.299958994956691,-0.9968300815219858,7.317319849415161,0.999,2.7884285714285717,3879.0,-0.0003161710187482569,-0.0034210108100749537
3.299642823937943,-0.9966345265045445,7.313898838605085,0.999,2.7881428571428573,3880.0,-0.00031617101874781284,-0.003421010810075842
3.2993266529191954,-0.9964389714871033,7.31047782779501,0.999,2.787857142857143,3881.0,-0.00031617101874781284,-0.0034210108100749537
3.299010481900447,-0.996243416469662,7.307056816984935,0.999,2.787571428571429,3882.0,-0.0003161710187482569,-0.0034210108100749537
3.2986943108816993,-0.9960478614522207,7.30363580617486,0.999,2.7872857142857144,3883.0,-0.00031617101874781284,-0.0034210108100749537
3.298378139862951,-0.9958523064347794,7.300214795364784,0.999,2.7870000000000004,3884.0,-0.0003161710187482569,-0.003421010810075842
3.298061968844203,-0.9956567514173381,7.296793784554709,0.999,2.786714285714286,3885.0,-0.00031617101874781284,-0.0034210108100749537
3.2977457978254554,-0.9954611963998968,7.293372773744634,0.999,2.7864285714285715,3886.0,-0.00031617101874781284,-0.0034210108100749537
3.297429626806707,-0.9952656413824555,7.289951762934559,0.999,2.7861428571428575,3887.0,-0.0003161710187482569,-0.0034210108100749537
3.2971134557879593,-0.9950700863650143,7.286530752124484,0.999,2.785857142857143,3888.0,-0.00031617101874781284,-0.0034210108100749537
3.2967972847692115,-0.994874531347573,7.283109741314409,0.999,2.7855714285714286,3889.0,-0.00031617101874781284,-0.003421010810075842
3.2964811137504633,-0.9946789763301317,7.279688730504334,0.999,2.7852857142857146,3890.0,-0.0003161710187482569,-0.0034210108100749537
3.2961649427317155,-0.9944834213126904,7.276267719694259,0.999,2.785,3891.0,-0.00031617101874781284,-0.0034210108100749537
3.2958130175656515,-0.9946921809179132,7.265005927730248,0.999,2.784692307692308,3892.0,-0.00035192516606397106,-0.011261791964011003
3.2954610923995875,-0.994900940523136,7.253744135766236,0.999,2.7843846153846155,3893.0,-0.00035192516606397106,-0.011261791964011891
3.2951091672335235,-0.9951097001283589,7.242482343802225,0.999,2.784076923076923,3894.0,-0.00035192516606397106,-0.011261791964011003
3.29475724206746,-0.9953184597335817,7.231220551838213,0.999,2.7837692307692308,3895.0,-0.000351925166063527,-0.011261791964011891
3.294405316901396,-0.9955272193388045,7.219958759874202,0.999,2.7834615384615384,3896.0,-0.00035192516606397106,-0.011261791964011003
3.294053391735332,-0.9957359789440273,7.20869696791019,0.999,2.783153846153846,3897.0,-0.00035192516606397106,-0.011261791964011891
3.293701466569268,-0.9959447385492503,7.197435175946179,0.999,2.782846153846154,3898.0,-0.00035192516606397106,-0.011261791964011003
3.293349541403204,-0.9961534981544731,7.186173383982167,0.999,2.782538461538462,3899.0,-0.00035192516606397106,-0.011261791964011891
3.29299761623714,-0.9963622577596959,7.174911592018156,0.999,2.7822307692307695,3900.0,-0.00035192516606397106,-0.011261791964011003
3.2926456910710766,-0.9965710173649187,7.163649800054144,0.999,2.781923076923077,3901.0,-0.000351925166063527,-0.011261791964011891
3.2922937659050127,-0.9967797769701415,7.152388008090133,0.999,2.781615384615385,3902.0,-0.00035192516606397106,-0.011261791964011003
3.2919418407389487,-0.9969885365753643,7.141126216126121,0.999,2.7813076923076925,3903.0,-0.00035192516606397106,-0.011261791964011891
3.2915899155728847,-0.9971972961805872,7.12986442416211,0.999,2.781,3904.0,-0.00035192516606397106,-0.011261791964011003
3.29124874948966,-0.9972261847361027,7.141629024827624,0.999,2.7806428571428574,3905.0,-0.00034116608322465325,0.011764600665514102
3.2909075834064354,-0.9972550732916181,7.1533936254931385,0.999,2.7802857142857142,3906.0,-0.00034116608322465325,0.011764600665514102
3.2905664173232103,-0.9972839618471336,7.165158226158653,0.999,2.7799285714285715,3907.0,-0.00034116608322509734,0.011764600665514102
3.2902252512399857,-0.9973128504026492,7.176922826824167,0.999,2.779571428571429,3908.0,-0.00034116608322465325,0.011764600665514102
3.289884085156761,-0.9973417389581646,7.188687427489681,0.999,2.7792142857142856,3909.0,-0.00034116608322465325,0.011764600665514102
3.2895429190735364,-0.9973706275136801,7.200452028155195,0.999,2.778857142857143,3910.0,-0.00034116608322465325,0.011764600665514102
3.2892017529903117,-0.9973995160691955,7.21221662882071,0.999,2.7784999999999997,3911.0,-0.00034116608322465325,0.01176460066551499
3.2888605869070866,-0.997428404624711,7.223981229486224,0.999,2.778142857142857,3912.0,-0.00034116608322509734,0.011764600665514102
3.288519420823862,-0.9974572931802266,7.235745830151738,0.999,2.7777857142857143,3913.0,-0.00034116608322465325,0.011764600665514102
3.2881782547406373,-0.997486181735742,7.247510430817252,0.999,2.777428571428571,3914.0,-0.00034116608322465325,0.011764600665514102
3.2878370886574126,-0.9975150702912575,7.259275031482766,0.999,2.7770714285714284,3915.0,-0.00034116608322465325,0.011764600665514102
3.2874959225741875,-0.997543958846773,7.27103963214828,0.999,2.7767142857142857,3916.0,-0.00034116608322509734,0.011764600665514102
3.287154756490963,-0.9975728474022885,7.2828042328137945,0.999,2.7763571428571425,3917.0,-0.00034116608322465325,0.011764600665514102
3.2868135904077382,-0.997601735957804,7.294568833479309,0.999,2.776,3918.0,-0.00034116608322465325,0.011764600665514102
3.2865042882973436,-0.9974978086693205,7.317039189081165,0.999,2.7756153846153846,3919.0,-0.00030930211039459365,0.022470355601856618
3.2861949861869486,-0.997393881380837,7.339509544683022,0.999,2.775230769230769,3920.0,-0.00030930211039503774,0.022470355601856618
3.285885684076554,-0.9972899540923534,7.3619799002848785,0.999,2.7748461538461537,3921.0,-0.00030930211039459365,0.022470355601856618
3.2855763819661594,-0.9971860268038699,7.384450255886736,0.999,2.774461538461538,3922.0,-0.00030930211039459365,0.022470355601857506
3.2852670798557644,-0.9970820995153864,7.406920611488593,0.999,2.774076923076923,3923.0,-0.00030930211039503774,0.022470355601856618
3.28495777774537,-0.9969781722269029,7.429390967090449,0.999,2.7736923076923077,3924.0,-0.00030930211039459365,0.022470355601856618
3.284648475634975,-0.9968742449384195,7.451861322692306,0.999,2.773307692307692,3925.0,-0.00030930211039459365,0.022470355601856618
3.2843391735245806,-0.996770317649936,7.4743316782941625,0.999,2.772923076923077,3926.0,-0.00030930211039459365,0.022470355601856618
3.2840298714141856,-0.9966663903614524,7.496802033896019,0.999,2.7725384615384616,3927.0,-0.00030930211039503774,0.022470355601856618
3.283720569303791,-0.9965624630729689,7.519272389497877,0.999,2.772153846153846,3928.0,-0.00030930211039459365,0.022470355601857506
3.2834112671933964,-0.9964585357844854,7.541742745099733,0.999,2.7717692307692308,3929.0,-0.00030930211039459365,0.022470355601856618
3.2831019650830013,-0.9963546084960019,7.56421310070159,0.999,2.771384615384615,3930.0,-0.00030930211039503774,0.022470355601856618
3.2827926629726067,-0.9962506812075184,7.586683456303446,0.999,2.771,3931.0,-0.00030930211039459365,0.022470355601856618
3.2825251744608757,-0.9963411994154785,7.599425748085451,0.999,2.7707142857142855,3932.0,-0.00026748851173108434,0.012742291782004145
3.282257685949145,-0.9964317176234386,7.612168039867455,0.999,2.7704285714285715,3933.0,-0.00026748851173064025,0.012742291782004145
3.281990197437414,-0.9965222358313989,7.62491033164946,0.999,2.770142857142857,3934.0,-0.00026748851173108434,0.012742291782005033
3.281722708925683,-0.996612754039359,7.637652623431464,0.999,2.7698571428571426,3935.0,-0.00026748851173108434,0.012742291782004145
3.2814552204139518,-0.9967032722473191,7.650394915213468,0.999,2.7695714285714286,3936.0,-0.00026748851173108434,0.012742291782004145
3.281187731902221,-0.9967937904552793,7.663137206995472,0.999,2.769285714285714,3937.0,-0.00026748851173064025,0.012742291782004145
3.28092024339049,-0.9968843086632394,7.675879498777477,0.999,2.769,3938.0,-0.00026748851173108434,0.012742291782005033
3.280652754878759,-0.9969748268711996,7.688621790559481,0.999,2.7687142857142857,3939.0,-0.00026748851173108434,0.012742291782004145
3.2803852663670283,-0.9970653450791598,7.7013640823414855,0.999,2.7684285714285712,3940.0,-0.00026748851173064025,0.012742291782004145
3.2801177778552972,-0.9971558632871199,7.71410637412349,0.999,2.7681428571428572,3941.0,-0.00026748851173108434,0.012742291782004145
3.279850289343566,-0.99724638149508,7.726848665905494,0.999,2.767857142857143,3942.0,-0.00026748851173108434,0.012742291782004145
3.279582800831835,-0.9973368997030403,7.739590957687499,0.999,2.7675714285714283,3943.0,-0.00026748851173108434,0.012742291782005033
3.2793153123201044,-0.9974274179110004,7.752333249469503,0.999,2.7672857142857143,3944.0,-0.00026748851173064025,0.012742291782004145
3.2790478238083733,-0.9975179361189606,7.765075541251507,0.999,2.767,3945.0,-0.00026748851173108434,0.012742291782004145
3.2787860976012126,-0.997492674033962,7.771962750870801,0.999,2.766785714285714,3946.0,-0.00026172620716069517,0.006887209619294232
3.278524371394052,-0.9974674119489634,7.778849960490095,0.999,2.7665714285714285,3947.0,-0.00026172620716069517,0.006887209619293344
3.2782626451868913,-0.9974421498639648,7.785737170109389,0.999,2.7663571428571427,3948.0,-0.00026172620716069517,0.006887209619294232
3.278000918979731,-0.9974168877789662,7.792624379728683,0.999,2.766142857142857,3949.0,-0.0002617262071602511,0.006887209619294232
3.2777391927725703,-0.9973916256939677,7.799511589347977,0.999,2.7659285714285713,3950.0,-0.00026172620716069517,0.006887209619294232
3.2774774665654096,-0.997366363608969,7.806398798967271,0.999,2.7657142857142856,3951.0,-0.00026172620716069517,0.006887209619293344
3.277215740358249,-0.9973411015239705,7.813286008586565,0.999,2.7655,3952.0,-0.00026172620716069517,0.006887209619294232
3.2769540141510882,-0.997315839438972,7.820173218205859,0.999,2.765285714285714,3953.0,-0.00026172620716069517,0.006887209619294232
3.2766922879439275,-0.9972905773539733,7.8270604278251525,0.999,2.7650714285714284,3954.0,-0.00026172620716069517,0.006887209619293344
3.276430561736767,-0.9972653152689748,7.833947637444447,0.999,2.7648571428571427,3955.0,-0.00026172620716069517,0.006887209619294232
3.2761688355296066,-0.9972400531839761,7.840834847063741,0.999,2.764642857142857,3956.0,-0.0002617262071602511,0.006887209619294232
3.275907109322446,-0.9972147910989776,7.847722056683035,0.999,2.7644285714285712,3957.0,-0.00026172620716069517,0.006887209619294232
3.275645383115285,-0.997189529013979,7.854609266302329,0.999,2.7642142857142855,3958.0,-0.00026172620716069517,0.006887209619293344
3.2753836569081245,-0.9971642669289804,7.861496475921623,0.999,2.764,3959.0,-0.00026172620716069517,0.006887209619294232
3.275133616979369,-0.9971834224630619,7.86854390314747,0.999,2.7637692307692308,3960.0,-0.0002500399287557187,0.007047427225847613
3.2748835770506135,-0.9972025779971434,7.875591330373318,0.999,2.7635384615384613,3961.0,-0.0002500399287552746,0.007047427225847613
3.274633537121858,-0.997221733531225,7.882638757599166,0.999,2.7633076923076922,3962.0,-0.0002500399287557187,0.007047427225847613
3.2743834971931025,-0.9972408890653065,7.889686184825014,0.999,2.7630769230769228,3963.0,-0.0002500399287552746,0.0070474272258485016
3.274133457264347,-0.997260044599388,7.896733612050862,0.999,2.7628461538461537,3964.0,-0.0002500399287557187,0.007047427225847613
3.273883417335591,-0.9972792001334695,7.903781039276709,0.999,2.7626153846153847,3965.0,-0.0002500399287557187,0.007047427225847613
3.273633377406836,-0.9972983556675511,7.910828466502557,0.999,2.762384615384615,3966.0,-0.0002500399287552746,0.007047427225847613
3.27338333747808,-0.9973175112016326,7.917875893728405,0.999,2.762153846153846,3967.0,-0.0002500399287557187,0.007047427225847613
3.2731332975493244,-0.9973366667357141,7.924923320954252,0.999,2.761923076923077,3968.0,-0.0002500399287557187,0.007047427225847613
3.272883257620569,-0.9973558222697956,7.931970748180101,0.999,2.7616923076923077,3969.0,-0.0002500399287552746,0.0070474272258485016
3.2726332176918134,-0.9973749778038772,7.939018175405948,0.999,2.7614615384615386,3970.0,-0.0002500399287557187,0.007047427225847613
3.272383177763058,-0.9973941333379587,7.946065602631796,0.999,2.761230769230769,3971.0,-0.0002500399287552746,0.007047427225847613
3.2721331378343024,-0.9974132888720402,7.953113029857644,0.999,2.761,3972.0,-0.0002500399287557187,0.007047427225847613
3.2718771628396732,-0.9973577438793932,7.957821068477932,0.999,2.7607142857142857,3973.0,-0.00025597499462914897,0.004708038620288235
3.271621187845044,-0.9973021988867464,7.962529107098221,0.999,2.7604285714285717,3974.0,-0.00025597499462914897,0.004708038620289123
3.2713652128504145,-0.9972466538940995,7.967237145718509,0.999,2.7601428571428572,3975.0,-0.00025597499462959306,0.004708038620288235
3.2711092378557853,-0.9971911089014526,7.971945184338797,0.999,2.759857142857143,3976.0,-0.00025597499462914897,0.004708038620288235
3.270853262861156,-0.9971355639088056,7.976653222959086,0.999,2.759571428571429,3977.0,-0.00025597499462914897,0.004708038620288235
3.270597287866527,-0.9970800189161588,7.981361261579375,0.999,2.7592857142857143,3978.0,-0.00025597499462914897,0.004708038620289123
3.270341312871898,-0.9970244739235119,7.986069300199663,0.999,2.7590000000000003,3979.0,-0.00025597499462914897,0.004708038620288235
3.2700853378772683,-0.996968928930865,7.990777338819951,0.999,2.758714285714286,3980.0,-0.00025597499462959306,0.004708038620288235
3.269829362882639,-0.9969133839382182,7.99548537744024,0.999,2.7584285714285715,3981.0,-0.00025597499462914897,0.004708038620289123
3.26957338788801,-0.9968578389455712,8.000193416060528,0.999,2.7581428571428575,3982.0,-0.00025597499462914897,0.004708038620287347
3.269317412893381,-0.9968022939529243,8.004901454680818,0.999,2.757857142857143,3983.0,-0.00025597499462914897,0.0047080386202900115
3.2690614378987513,-0.9967467489602774,8.009609493301106,0.999,2.7575714285714286,3984.0,-0.00025597499462959306,0.004708038620288235
3.268805462904122,-0.9966912039676306,8.014317531921394,0.999,2.7572857142857146,3985.0,-0.00025597499462914897,0.004708038620288235
3.268549487909493,-0.9966356589749836,8.019025570541682,0.999,2.757,3986.0,-0.00025597499462914897,0.004708038620288235
3.26832599471136,-0.9968114896220378,8.024981683073689,0.999,2.756857142857143,3987.0,-0.00022349319813308455,0.00595611253200623
3.2681025015132272,-0.996987320269092,8.030937795605693,0.999,2.7567142857142857,3988.0,-0.00022349319813264046,0.005956112532004454
3.267879008315094,-0.9971631509161463,8.0368939081377,0.999,2.7565714285714287,3989.0,-0.00022349319813308455,0.00595611253200623
3.2676555151169615,-0.9973389815632004,8.042850020669704,0.999,2.7564285714285717,3990.0,-0.00022349319813264046,0.005956112532004454
3.2674320219188284,-0.9975148122102546,8.04880613320171,0.999,2.7562857142857142,3991.0,-0.00022349319813308455,0.00595611253200623
3.267208528720696,-0.9976906428573088,8.054762245733714,0.999,2.7561428571428572,3992.0,-0.00022349319813264046,0.005956112532004454
3.2669850355225627,-0.9978664735043631,8.06071835826572,0.999,2.7560000000000002,3993.0,-0.00022349319813308455,0.00595611253200623
3.2667615423244296,-0.9980423041514173,8.066674470797727,0.999,2.755857142857143,3994.0,-0.00022349319813308455,0.00595611253200623
3.266538049126297,-0.9982181347984714,8.072630583329731,0.999,2.755714285714286,3995.0,-0.00022349319813264046,0.005956112532004454
3.266314555928164,-0.9983939654455256,8.078586695861738,0.999,2.7555714285714283,3996.0,-0.00022349319813308455,0.00595611253200623
3.2660910627300312,-0.9985697960925798,8.084542808393742,0.999,2.7554285714285713,3997.0,-0.00022349319813264046,0.005956112532004454
3.265867569531898,-0.9987456267396341,8.090498920925748,0.999,2.7552857142857143,3998.0,-0.00022349319813308455,0.00595611253200623
3.2656440763337655,-0.9989214573866882,8.096455033457753,0.999,2.755142857142857,3999.0,-0.00022349319813264046,0.005956112532004454
3.2654205831356324,-0.9990972880337424,8.102411145989759,0.999,2.755,4000.0,-0.00022349319813308455,0.00595611253200623
3.265200452930824,-0.9987821367856526,8.104942025668107,0.9989846153846154,2.7546923076923076,4001.0,-0.00022013020480837753,0.002530879678348086
3.2649803227260152,-0.9984669855375629,8.107472905346457,0.9989692307692307,2.754384615384615,4002.0,-0.00022013020480882162,0.002530879678349862
3.264760192521207,-0.9981518342894731,8.110003785024805,0.9989538461538462,2.754076923076923,4003.0,-0.00022013020480837753,0.002530879678348086
3.264540062316398,-0.9978366830413833,8.112534664703153,0.9989384615384616,2.7537692307692305,4004.0,-0.00022013020480882162,0.002530879678348086
3.2643199321115897,-0.9975215317932935,8.115065544381503,0.9989230769230769,2.753461538461538,4005.0,-0.00022013020480837753,0.002530879678349862
3.264099801906781,-0.9972063805452037,8.117596424059851,0.9989076923076923,2.753153846153846,4006.0,-0.00022013020480882162,0.002530879678348086
3.2638796717019725,-0.9968912292971139,8.1201273037382,0.9988923076923077,2.752846153846154,4007.0,-0.00022013020480837753,0.002530879678348086
3.2636595414971636,-0.9965760780490241,8.122658183416547,0.9988769230769231,2.7525384615384616,4008.0,-0.00022013020480882162,0.002530879678348086
3.2634394112923553,-0.9962609268009344,8.125189063094897,0.9988615384615385,2.7522307692307693,4009.0,-0.00022013020480837753,0.002530879678349862
3.2632192810875464,-0.9959457755528446,8.127719942773245,0.9988461538461538,2.751923076923077,4010.0,-0.00022013020480882162,0.002530879678348086
3.262999150882738,-0.9956306243047548,8.130250822451593,0.9988307692307693,2.7516153846153846,4011.0,-0.00022013020480837753,0.002530879678348086
3.2627790206779292,-0.995315473056665,8.132781702129943,0.9988153846153847,2.7513076923076922,4012.0,-0.00022013020480882162,0.002530879678349862
3.262558890473121,-0.9950003218085752,8.135312581808291,0.9988,2.751,4013.0,-0.00022013020480837753,0.002530879678348086
3.2623438137126346,-0.9952298859755753,8.139092750189093,0.9988142857142858,2.750785714285714,4014.0,-0.00021507676048626578,0.0037801683808016406
3.2621287369521483,-0.9954594501425752,8.142872918569893,0.9988285714285714,2.7505714285714284,4015.0,-0.00021507676048626578,0.0037801683807998643
3.261913660191662,-0.9956890143095752,8.146653086950693,0.9988428571428571,2.7503571428571427,4016.0,-0.00021507676048626578,0.0037801683807998643
3.2616985834311754,-0.9959185784765753,8.150433255331494,0.9988571428571429,2.750142857142857,4017.0,-0.00021507676048670987,0.0037801683808016406
3.261483506670689,-0.9961481426435752,8.154213423712296,0.9988714285714286,2.7499285714285713,4018.0,-0.00021507676048626578,0.0037801683808016406
3.261268429910203,-0.9963777068105752,8.157993592093096,0.9988857142857143,2.7497142857142856,4019.0,-0.00021507676048626578,0.0037801683807998643
3.2610533531497166,-0.9966072709775752,8.161773760473896,0.9989,2.7495,4020.0,-0.00021507676048626578,0.0037801683807998643
3.2608382763892303,-0.9968368351445752,8.165553928854697,0.9989142857142858,2.7492857142857146,4021.0,-0.00021507676048626578,0.0037801683808016406
3.260623199628744,-0.9970663993115753,8.169334097235499,0.9989285714285714,2.749071428571429,4022.0,-0.00021507676048626578,0.0037801683808016406
3.2604081228682578,-0.9972959634785752,8.173114265616299,0.9989428571428571,2.748857142857143,4023.0,-0.00021507676048626578,0.0037801683807998643
3.260193046107771,-0.9975255276455752,8.176894433997099,0.9989571428571429,2.7486428571428574,4024.0,-0.00021507676048670987,0.0037801683807998643
3.259977969347285,-0.9977550918125753,8.1806746023779,0.9989714285714286,2.7484285714285717,4025.0,-0.00021507676048626578,0.0037801683808016406
3.2597628925867985,-0.9979846559795752,8.184454770758702,0.9989857142857143,2.748214285714286,4026.0,-0.00021507676048626578,0.0037801683808016406
3.2595478158263123,-0.9982142201465752,8.188234939139502,0.999,2.748,4027.0,-0.00021507676048626578,0.0037801683807998643
3.2593394185227433,-0.9982678504806377,8.192114853167208,0.999,2.7477857142857145,4028.0,-0.00020839730356891906,0.003879914027706377
3.2591310212191744,-0.9983214808147003,8.195994767194916,0.999,2.7475714285714288,4029.0,-0.00020839730356891906,0.0038799140277081534
3.2589226239156055,-0.9983751111487628,8.199874681222623,0.999,2.747357142857143,4030.0,-0.00020839730356891906,0.003879914027706377
3.2587142266120366,-0.9984287414828252,8.20375459525033,0.999,2.7471428571428573,4031.0,-0.00020839730356891906,0.0038799140277081534
3.2585058293084677,-0.9984823718168878,8.207634509278037,0.999,2.7469285714285716,4032.0,-0.00020839730356891906,0.003879914027706377
3.2582974320048987,-0.9985360021509503,8.211514423305745,0.999,2.746714285714286,4033.0,-0.00020839730356891906,0.0038799140277081534
3.25808903470133,-0.9985896324850128,8.215394337333452,0.999,2.7465,4034.0,-0.00020839730356891906,0.003879914027706377
3.2578806373977613,-0.9986432628190753,8.219274251361158,0.999,2.7462857142857144,4035.0,-0.00020839730356847497,0.003879914027706377
3.2576722400941924,-0.9986968931531378,8.223154165388866,0.999,2.7460714285714287,4036.0,-0.00020839730356891906,0.0038799140277081534
3.2574638427906235,-0.9987505234872004,8.227034079416573,0.999,2.745857142857143,4037.0,-0.00020839730356891906,0.003879914027706377
3.2572554454870546,-0.9988041538212629,8.23091399344428,0.999,2.7456428571428573,4038.0,-0.00020839730356891906,0.0038799140277081534
3.2570470481834857,-0.9988577841553253,8.234793907471987,0.999,2.7454285714285716,4039.0,-0.00020839730356891906,0.003879914027706377
3.2568386508799168,-0.9989114144893879,8.238673821499695,0.999,2.745214285714286,4040.0,-0.00020839730356891906,0.0038799140277081534
3.256630253576348,-0.9989650448234504,8.242553735527402,0.999,2.745,4041.0,-0.00020839730356891906,0.003879914027706377
3.256398265388498,-0.9987548070155325,8.242734285797141,0.999,2.744769230769231,4042.0,-0.00023198818784964104,0.00018055026973939903
3.256166277200649,-0.9985445692076146,8.242914836066879,0.999,2.7445384615384616,4043.0,-0.00023198818784919695,0.00018055026973762267
3.2559342890127994,-0.9983343313996967,8.243095386336618,0.999,2.7443076923076926,4044.0,-0.00023198818784964104,0.00018055026973939903
3.25570230082495,-0.9981240935917789,8.243275936606356,0.999,2.744076923076923,4045.0,-0.00023198818784919695,0.00018055026973762267
3.2554703126371005,-0.9979138557838609,8.243456486876095,0.999,2.743846153846154,4046.0,-0.00023198818784964104,0.00018055026973939903
3.255238324449251,-0.9977036179759431,8.243637037145833,0.999,2.7436153846153846,4047.0,-0.00023198818784964104,0.00018055026973762267
3.2550063362614017,-0.9974933801680252,8.243817587415572,0.999,2.7433846153846155,4048.0,-0.00023198818784919695,0.00018055026973939903
3.254774348073552,-0.9972831423601074,8.24399813768531,0.999,2.743153846153846,4049.0,-0.00023198818784964104,0.00018055026973762267
3.2545423598857024,-0.9970729045521894,8.24417868795505,0.999,2.742923076923077,4050.0,-0.00023198818784964104,0.00018055026973939903
3.254310371697853,-0.9968626667442716,8.244359238224787,0.999,2.7426923076923075,4051.0,-0.00023198818784919695,0.00018055026973762267
3.2540783835100036,-0.9966524289363538,8.244539788494526,0.999,2.7424615384615385,4052.0,-0.00023198818784964104,0.00018055026973939903
3.2538463953221544,-0.9964421911284358,8.244720338764264,0.999,2.742230769230769,4053.0,-0.00023198818784919695,0.00018055026973762267
3.2536144071343047,-0.996231953320518,8.244900889034003,0.999,2.742,4054.0,-0.00023198818784964104,0.00018055026973939903
3.2533983545186898,-0.9963156280743464,8.251334936968432,0.9989857142857143,2.7417857142857143,4055.0,-0.00021605261561497002,0.006434047934428477
3.253182301903075,-0.9963993028281749,8.25776898490286,0.9989714285714286,2.7415714285714285,4056.0,-0.00021605261561497002,0.006434047934428477
3.2529662492874594,-0.9964829775820033,8.264203032837289,0.9989571428571429,2.741357142857143,4057.0,-0.0002160526156154141,0.006434047934428477
3.2527501966718444,-0.9965666523358317,8.270637080771717,0.9989428571428571,2.741142857142857,4058.0,-0.00021605261561497002,0.006434047934428477
3.2525341440562294,-0.9966503270896603,8.277071128706146,0.9989285714285714,2.7409285714285714,4059.0,-0.00021605261561497002,0.006434047934428477
3.2523180914406145,-0.9967340018434887,8.283505176640574,0.9989142857142858,2.7407142857142857,4060.0,-0.00021605261561497002,0.006434047934428477
3.252102038824999,-0.9968176765973172,8.289939224575003,0.9989,2.7405,4061.0,-0.0002160526156154141,0.006434047934428477
3.251885986209384,-0.9969013513511457,8.296373272509433,0.9988857142857143,2.740285714285714,4062.0,-0.00021605261561497002,0.006434047934430254
3.251669933593769,-0.9969850261049741,8.302807320443861,0.9988714285714286,2.7400714285714285,4063.0,-0.00021605261561497002,0.006434047934428477
3.251453880978154,-0.9970687008588026,8.30924136837829,0.9988571428571429,2.7398571428571428,4064.0,-0.00021605261561497002,0.006434047934428477
3.251237828362539,-0.997152375612631,8.315675416312718,0.9988428571428571,2.739642857142857,4065.0,-0.00021605261561497002,0.006434047934428477
3.2510217757469237,-0.9972360503664595,8.322109464247147,0.9988285714285714,2.7394285714285713,4066.0,-0.0002160526156154141,0.006434047934428477
3.2508057231313088,-0.997319725120288,8.328543512181575,0.9988142857142858,2.7392142857142856,4067.0,-0.00021605261561497002,0.006434047934428477
3.250589670515694,-0.9974033998741164,8.334977560116004,0.9988,2.739,4068.0,-0.00021605261561497002,0.006434047934428477
3.2503873507355743,-0.9973510486887902,8.338810157781179,0.9988153846153847,2.7388461538461537,4069.0,-0.0002023197801195309,0.003832597665175186
3.250185030955455,-0.997298697503464,8.342642755446354,0.9988307692307693,2.7386923076923075,4070.0,-0.0002023197801190868,0.003832597665175186
3.2499827111753357,-0.9972463463181378,8.34647535311153,0.9988461538461538,2.7385384615384614,4071.0,-0.0002023197801195309,0.003832597665175186
3.249780391395216,-0.9971939951328117,8.350307950776706,0.9988615384615385,2.738384615384615,4072.0,-0.0002023197801195309,0.003832597665176962
3.249578071615097,-0.9971416439474855,8.354140548441881,0.9988769230769231,2.738230769230769,4073.0,-0.0002023197801190868,0.003832597665175186
3.2493757518349775,-0.9970892927621593,8.357973146107057,0.9988923076923077,2.738076923076923,4074.0,-0.0002023197801195309,0.003832597665175186
3.249173432054858,-0.9970369415768331,8.361805743772232,0.9989076923076923,2.737923076923077,4075.0,-0.0002023197801195309,0.003832597665175186
3.2489711122747384,-0.9969845903915069,8.365638341437407,0.9989230769230769,2.737769230769231,4076.0,-0.0002023197801195309,0.003832597665175186
3.2487687924946194,-0.9969322392061807,8.369470939102582,0.9989384615384616,2.737615384615385,4077.0,-0.0002023197801190868,0.003832597665175186
3.2485664727145,-0.9968798880208546,8.373303536767759,0.9989538461538462,2.7374615384615386,4078.0,-0.0002023197801195309,0.003832597665176962
3.2483641529343803,-0.9968275368355284,8.377136134432934,0.9989692307692307,2.7373076923076924,4079.0,-0.0002023197801195309,0.003832597665175186
3.248161833154261,-0.9967751856502022,8.38096873209811,0.9989846153846154,2.7371538461538463,4080.0,-0.0002023197801190868,0.003832597665175186
3.2479595133741417,-0.996722834464876,8.384801329763285,0.999,2.737,4081.0,-0.0002023197801195309,0.003832597665175186
3.24775759011519,-0.9967495377034483,8.385832658444821,0.999,2.7367142857142857,4082.0,-0.00020192325895163066,0.0010313286815364364
3.2475556668562384,-0.9967762409420206,8.386863987126358,0.999,2.7364285714285717,4083.0,-0.00020192325895163066,0.0010313286815364364
3.2473537435972863,-0.9968029441805929,8.387895315807894,0.999,2.736142857142857,4084.0,-0.00020192325895207475,0.0010313286815364364
3.2471518203383347,-0.9968296474191652,8.38892664448943,0.999,2.7358571428571428,4085.0,-0.00020192325895163066,0.0010313286815364364
3.246949897079383,-0.9968563506577376,8.389957973170967,0.999,2.7355714285714288,4086.0,-0.00020192325895163066,0.0010313286815364364
3.2467479738204315,-0.9968830538963098,8.390989301852503,0.999,2.7352857142857143,4087.0,-0.00020192325895163066,0.0010313286815364364
3.2465460505614794,-0.9969097571348822,8.39202063053404,0.999,2.7350000000000003,4088.0,-0.00020192325895207475,0.0010313286815364364
3.2463441273025277,-0.9969364603734545,8.393051959215578,0.999,2.734714285714286,4089.0,-0.00020192325895163066,0.0010313286815382128
3.246142204043576,-0.9969631636120267,8.394083287897114,0.999,2.7344285714285714,4090.0,-0.00020192325895163066,0.0010313286815364364
3.2459402807846245,-0.9969898668505991,8.39511461657865,0.999,2.7341428571428574,4091.0,-0.00020192325895163066,0.0010313286815364364
3.245738357525673,-0.9970165700891714,8.396145945260187,0.999,2.733857142857143,4092.0,-0.00020192325895163066,0.0010313286815364364
3.245536434266721,-0.9970432733277438,8.397177273941724,0.999,2.7335714285714285,4093.0,-0.00020192325895207475,0.0010313286815364364
3.245334511007769,-0.997069976566316,8.39820860262326,0.999,2.7332857142857145,4094.0,-0.00020192325895163066,0.0010313286815364364
3.2451325877488175,-0.9970966798048884,8.399239931304797,0.999,2.733,4095.0,-0.00020192325895163066,0.0010313286815364364
3.2449277043366216,-0.9970788658217676,8.402304316539302,0.999,2.732857142857143,4096.0,-0.0002048834121959331,0.0030643852345058065
3.244722820924426,-0.997061051838647,8.405368701773806,0.999,2.7327142857142857,4097.0,-0.000204883412195489,0.00306438523450403
3.24451793751223,-0.9970432378555263,8.408433087008312,0.999,2.7325714285714287,4098.0,-0.0002048834121959331,0.0030643852345058065
3.2443130541000342,-0.9970254238724056,8.411497472242816,0.999,2.7324285714285717,4099.0,-0.0002048834121959331,0.00306438523450403
3.2441081706878387,-0.9970076098892848,8.414561857477322,0.999,2.732285714285714,4100.0,-0.000204883412195489,0.0030643852345058065
3.243903287275643,-0.9969897959061642,8.417626242711826,0.999,2.732142857142857,4101.0,-0.0002048834121959331,0.00306438523450403
3.243698403863447,-0.9969719819230435,8.420690627946332,0.999,2.732,4102.0,-0.0002048834121959331,0.0030643852345058065
3.2434935204512514,-0.9969541679399228,8.423755013180838,0.999,2.7318571428571428,4103.0,-0.000204883412195489,0.0030643852345058065
3.2432886370390555,-0.9969363539568021,8.426819398415342,0.999,2.7317142857142858,4104.0,-0.0002048834121959331,0.00306438523450403
3.24308375362686,-0.9969185399736814,8.429883783649847,0.999,2.7315714285714283,4105.0,-0.000204883412195489,0.0030643852345058065
3.242878870214664,-0.9969007259905607,8.432948168884352,0.999,2.7314285714285713,4106.0,-0.0002048834121959331,0.00306438523450403
3.242673986802468,-0.99688291200744,8.436012554118857,0.999,2.7312857142857143,4107.0,-0.0002048834121959331,0.0030643852345058065
3.2424691033902726,-0.9968650980243193,8.439076939353361,0.999,2.731142857142857,4108.0,-0.000204883412195489,0.00306438523450403
3.2422642199780767,-0.9968472840411986,8.442141324587867,0.999,2.731,4109.0,-0.0002048834121959331,0.0030643852345058065
3.2420576083759447,-0.9969532936046087,8.44519513086877,0.999,2.730769230769231,4110.0,-0.0002066116021319786,0.0030538062809029043
3.2418509967738127,-0.9970593031680188,8.448248937149673,0.999,2.7305384615384614,4111.0,-0.0002066116021319786,0.0030538062809029043
3.2416443851716807,-0.9971653127314289,8.451302743430576,0.999,2.7303076923076923,4112.0,-0.0002066116021319786,0.0030538062809029043
3.2414377735695488,-0.9972713222948391,8.454356549711479,0.999,2.730076923076923,4113.0,-0.0002066116021319786,0.0030538062809029043
3.241231161967417,-0.9973773318582492,8.457410355992382,0.999,2.729846153846154,4114.0,-0.0002066116021319786,0.0030538062809029043
3.241024550365285,-0.9974833414216593,8.460464162273285,0.999,2.7296153846153848,4115.0,-0.0002066116021319786,0.0030538062809029043
3.240817938763153,-0.9975893509850695,8.463517968554186,0.999,2.7293846153846153,4116.0,-0.0002066116021319786,0.003053806280901128
3.240611327161021,-0.9976953605484796,8.466571774835089,0.999,2.7291538461538463,4117.0,-0.0002066116021319786,0.0030538062809029043
3.240404715558889,-0.9978013701118897,8.469625581115992,0.999,2.7289230769230772,4118.0,-0.0002066116021319786,0.0030538062809029043
3.240198103956757,-0.9979073796752999,8.472679387396894,0.999,2.7286923076923078,4119.0,-0.0002066116021319786,0.0030538062809029043
3.239991492354625,-0.99801338923871,8.475733193677797,0.999,2.7284615384615387,4120.0,-0.0002066116021319786,0.0030538062809029043
3.239784880752493,-0.9981193988021201,8.4787869999587,0.999,2.7282307692307692,4121.0,-0.0002066116021319786,0.0030538062809029043
3.239578269150361,-0.9982254083655302,8.481840806239603,0.999,2.728,4122.0,-0.0002066116021319786,0.0030538062809029043
3.239373691655957,-0.9980364234955659,8.484906548113587,0.999,2.7277857142857145,4123.0,-0.0002045774944039458,0.003065741873983896
3.239169114161553,-0.9978474386256017,8.487972289987573,0.999,2.7275714285714288,4124.0,-0.0002045774944039458,0.0030657418739856723
3.238964536667149,-0.9976584537556374,8.491038031861557,0.999,2.727357142857143,4125.0,-0.0002045774944039458,0.003065741873983896
3.2387599591727447,-0.9974694688856731,8.49410377373554,0.999,2.7271428571428573,4126.0,-0.00020457749440438988,0.003065741873983896
3.238555381678341,-0.9972804840157088,8.497169515609524,0.999,2.7269285714285716,4127.0,-0.0002045774944039458,0.003065741873983896
3.238350804183937,-0.9970914991457446,8.50023525748351,0.999,2.726714285714286,4128.0,-0.0002045774944039458,0.0030657418739856723
3.238146226689533,-0.9969025142757804,8.503300999357494,0.999,2.7265,4129.0,-0.0002045774944039458,0.003065741873983896
3.237941649195129,-0.996713529405816,8.506366741231478,0.999,2.7262857142857144,4130.0,-0.0002045774944039458,0.003065741873983896
3.237737071700725,-0.9965245445358517,8.509432483105464,0.999,2.7260714285714287,4131.0,-0.0002045774944039458,0.0030657418739856723
3.237532494206321,-0.9963355596658875,8.512498224979447,0.999,2.725857142857143,4132.0,-0.0002045774944039458,0.003065741873983896
3.2373279167119167,-0.9961465747959233,8.515563966853431,0.999,2.7256428571428573,4133.0,-0.00020457749440438988,0.003065741873983896
3.2371233392175127,-0.995957589925959,8.518629708727415,0.999,2.7254285714285715,4134.0,-0.0002045774944039458,0.003065741873983896
3.2369187617231088,-0.9957686050559946,8.5216954506014,0.999,2.725214285714286,4135.0,-0.0002045774944039458,0.0030657418739856723
3.236714184228705,-0.9955796201860304,8.524761192475385,0.999,2.725,4136.0,-0.0002045774944039458,0.003065741873983896
3.236516448883948,-0.9956519574539445,8.530614666346045,0.9989857142857143,2.724857142857143,4137.0,-0.00019773534475664434,0.005853473870660153
3.236318713539192,-0.9957242947218586,8.536468140216703,0.9989714285714286,2.7247142857142856,4138.0,-0.00019773534475620025,0.005853473870658377
3.2361209781944353,-0.9957966319897728,8.542321614087363,0.9989571428571429,2.7245714285714286,4139.0,-0.00019773534475664434,0.005853473870660153
3.235923242849679,-0.9958689692576869,8.548175087958022,0.9989428571428571,2.7244285714285716,4140.0,-0.00019773534475620025,0.005853473870658377
3.2357255075049225,-0.995941306525601,8.554028561828682,0.9989285714285714,2.724285714285714,4141.0,-0.00019773534475664434,0.005853473870660153
3.2355277721601663,-0.9960136437935151,8.55988203569934,0.9989142857142858,2.724142857142857,4142.0,-0.00019773534475620025,0.005853473870658377
3.2353300368154096,-0.9960859810614292,8.56573550957,0.9989,2.724,4143.0,-0.00019773534475664434,0.005853473870660153
3.235132301470653,-0.9961583183293433,8.57158898344066,0.9988857142857143,2.7238571428571428,4144.0,-0.00019773534475664434,0.005853473870660153
3.234934566125897,-0.9962306555972574,8.577442457311319,0.9988714285714286,2.7237142857142858,4145.0,-0.00019773534475620025,0.005853473870658377
3.23473683078114,-0.9963029928651715,8.58329593118198,0.9988571428571429,2.7235714285714283,4146.0,-0.00019773534475664434,0.005853473870660153
3.234539095436384,-0.9963753301330857,8.589149405052638,0.9988428571428571,2.7234285714285713,4147.0,-0.00019773534475620025,0.005853473870658377
3.2343413600916273,-0.9964476674009998,8.595002878923298,0.9988285714285714,2.7232857142857143,4148.0,-0.00019773534475664434,0.005853473870660153
3.234143624746871,-0.9965200046689139,8.600856352793956,0.9988142857142858,2.723142857142857,4149.0,-0.00019773534475620025,0.005853473870658377
3.2339458894021145,-0.996592341936828,8.606709826664616,0.9988,2.723,4150.0,-0.00019773534475664434,0.005853473870660153
3.2337302055948727,-0.996479837612168,8.605123955506109,0.9988153846153847,2.722769230769231,4151.0,-0.00021568380724179548,-0.0015858711585075014
3.233514521787631,-0.9963673332875079,8.6035380843476,0.9988307692307693,2.7225384615384614,4152.0,-0.00021568380724179548,-0.0015858711585092777
3.233298837980389,-0.9962548289628479,8.601952213189092,0.9988461538461538,2.7223076923076923,4153.0,-0.00021568380724179548,-0.0015858711585075014
3.2330831541731473,-0.9961423246381879,8.600366342030583,0.9988615384615385,2.722076923076923,4154.0,-0.00021568380724179548,-0.0015858711585092777
3.2328674703659055,-0.9960298203135278,8.598780470872075,0.9988769230769231,2.721846153846154,4155.0,-0.00021568380724179548,-0.0015858711585075014
3.2326517865586637,-0.9959173159888678,8.597194599713566,0.9988923076923077,2.7216153846153848,4156.0,-0.00021568380724179548,-0.0015858711585092777
3.2324361027514223,-0.9958048116642078,8.595608728555058,0.9989076923076923,2.7213846153846153,4157.0,-0.0002156838072413514,-0.0015858711585075014
3.2322204189441806,-0.9956923073395477,8.59402285739655,0.9989230769230769,2.7211538461538463,4158.0,-0.00021568380724179548,-0.0015858711585092777
3.2320047351369388,-0.9955798030148877,8.592436986238042,0.9989384615384616,2.720923076923077,4159.0,-0.00021568380724179548,-0.0015858711585075014
3.231789051329697,-0.9954672986902277,8.590851115079532,0.9989538461538462,2.7206923076923077,4160.0,-0.00021568380724179548,-0.0015858711585092777
3.231573367522455,-0.9953547943655676,8.589265243921025,0.9989692307692307,2.7204615384615387,4161.0,-0.00021568380724179548,-0.0015858711585075014
3.2313576837152134,-0.9952422900409076,8.587679372762516,0.9989846153846154,2.7202307692307692,4162.0,-0.00021568380724179548,-0.0015858711585092777
3.2311419999079716,-0.9951297857162476,8.586093501604008,0.999,2.72,4163.0,-0.00021568380724179548,-0.0015858711585075014
3.2309505651479844,-0.9952157648534984,8.592982911912792,0.999,2.7197857142857145,4164.0,-0.00019143475998717463,0.006889410308783539
3.2307591303879972,-0.9953017439907492,8.599872322221577,0.999,2.7195714285714288,4165.0,-0.00019143475998717463,0.006889410308785315
3.2305676956280096,-0.9953877231280001,8.60676173253036,0.999,2.719357142857143,4166.0,-0.00019143475998761872,0.006889410308783539
3.2303762608680224,-0.9954737022652509,8.613651142839146,0.999,2.7191428571428573,4167.0,-0.00019143475998717463,0.006889410308785315
3.2301848261080353,-0.9955596814025017,8.62054055314793,0.999,2.7189285714285716,4168.0,-0.00019143475998717463,0.006889410308783539
3.229993391348048,-0.9956456605397526,8.627429963456715,0.999,2.718714285714286,4169.0,-0.00019143475998717463,0.006889410308785315
3.2298019565880605,-0.9957316396770034,8.634319373765498,0.999,2.7185,4170.0,-0.00019143475998761872,0.006889410308783539
3.2296105218280733,-0.9958176188142542,8.641208784074282,0.999,2.7182857142857144,4171.0,-0.00019143475998717463,0.006889410308783539
3.229419087068086,-0.9959035979515051,8.648098194383067,0.999,2.7180714285714287,4172.0,-0.00019143475998717463,0.006889410308785315
3.229227652308099,-0.9959895770887559,8.65498760469185,0.999,2.717857142857143,4173.0,-0.00019143475998717463,0.006889410308783539
3.2290362175481118,-0.9960755562260067,8.661877015000636,0.999,2.7176428571428572,4174.0,-0.00019143475998717463,0.006889410308785315
3.228844782788124,-0.9961615353632576,8.66876642530942,0.999,2.7174285714285715,4175.0,-0.00019143475998761872,0.006889410308783539
3.228653348028137,-0.9962475145005084,8.675655835618205,0.999,2.717214285714286,4176.0,-0.00019143475998717463,0.006889410308785315
3.22846191326815,-0.9963334936377592,8.682545245926988,0.999,2.717,4177.0,-0.00019143475998717463,0.006889410308783539
3.2282487278797154,-0.9964898512512935,8.687190631852719,0.999,2.7167857142857144,4178.0,-0.00021318538843440038,0.004645385925730494
3.2280355424912814,-0.9966462088648279,8.691836017778451,0.999,2.7165714285714286,4179.0,-0.0002131853884339563,0.0046453859257322705
3.227822357102847,-0.9968025664783622,8.696481403704182,0.999,2.716357142857143,4180.0,-0.00021318538843440038,0.004645385925730494
3.2276091717144126,-0.9969589240918966,8.701126789629912,0.999,2.716142857142857,4181.0,-0.00021318538843440038,0.004645385925730494
3.2273959863259787,-0.9971152817054308,8.705772175555644,0.999,2.7159285714285715,4182.0,-0.0002131853884339563,0.0046453859257322705
3.2271828009375443,-0.9972716393189652,8.710417561481375,0.999,2.7157142857142857,4183.0,-0.00021318538843440038,0.004645385925730494
3.22696961554911,-0.9974279969324995,8.715062947407105,0.999,2.7155,4184.0,-0.00021318538843440038,0.004645385925730494
3.226756430160676,-0.9975843545460338,8.719708333332838,0.999,2.7152857142857143,4185.0,-0.0002131853884339563,0.0046453859257322705
3.2265432447722415,-0.9977407121595682,8.724353719258568,0.999,2.7150714285714286,4186.0,-0.00021318538843440038,0.004645385925730494
3.2263300593838076,-0.9978970697731024,8.7289991051843,0.999,2.714857142857143,4187.0,-0.0002131853884339563,0.0046453859257322705
3.226116873995373,-0.9980534273866368,8.73364449111003,0.999,2.714642857142857,4188.0,-0.00021318538843440038,0.004645385925730494
3.2259036886069388,-0.9982097850001711,8.738289877035761,0.999,2.7144285714285714,4189.0,-0.00021318538843440038,0.004645385925730494
3.225690503218505,-0.9983661426137055,8.742935262961494,0.999,2.7142142857142857,4190.0,-0.0002131853884339563,0.0046453859257322705
3.2254773178300704,-0.9985225002272398,8.747580648887224,0.999,2.714,4191.0,-0.00021318538843440038,0.004645385925730494
3.2252673168712427,-0.998280516608423,8.747850901626176,0.999,2.713769230769231,4192.0,-0.0002100009588277274,0.00027025273895198154
3.2250573159124154,-0.9980385329896062,8.748121154365126,0.999,2.7135384615384615,4193.0,-0.0002100009588272833,0.0002702527389502052
3.2248473149535877,-0.9977965493707894,8.748391407104078,0.999,2.7133076923076924,4194.0,-0.0002100009588277274,0.00027025273895198154
3.22463731399476,-0.9975545657519727,8.748661659843028,0.999,2.713076923076923,4195.0,-0.0002100009588277274,0.0002702527389502052
3.2244273130359327,-0.9973125821331559,8.74893191258198,0.999,2.712846153846154,4196.0,-0.0002100009588272833,0.00027025273895198154
3.224217312077105,-0.9970705985143391,8.749202165320932,0.999,2.7126153846153844,4197.0,-0.0002100009588277274,0.00027025273895198154
3.224007311118277,-0.9968286148955222,8.749472418059883,0.999,2.7123846153846154,4198.0,-0.0002100009588277274,0.0002702527389502052
3.2237973101594495,-0.9965866312767054,8.749742670798835,0.999,2.712153846153846,4199.0,-0.0002100009588277274,0.00027025273895198154
3.223587309200622,-0.9963446476578887,8.750012923537787,0.999,2.711923076923077,4200.0,-0.0002100009588272833,0.00027025273895198154
3.2233773082417945,-0.9961026640390719,8.750283176276737,0.999,2.7116923076923074,4201.0,-0.0002100009588277274,0.0002702527389502052
3.2231673072829667,-0.9958606804202551,8.750553429015689,0.999,2.7114615384615384,4202.0,-0.0002100009588277274,0.00027025273895198154
3.2229573063241395,-0.9956186968014383,8.750823681754639,0.999,2.711230769230769,4203.0,-0.0002100009588272833,0.0002702527389502052
3.2227473053653117,-0.9953767131826216,8.751093934493591,0.999,2.711,4204.0,-0.0002100009588277274,0.00027025273895198154
3.2225378094294475,-0.9954562620115176,8.755166722954948,0.999,2.710785714285714,4205.0,-0.00020949593586427895,0.004072788461357391
3.2223283134935836,-0.9955358108404135,8.759239511416308,0.999,2.7105714285714284,4206.0,-0.00020949593586383486,0.004072788461359167
3.2221188175577193,-0.9956153596693096,8.763312299877665,0.999,2.7103571428571427,4207.0,-0.00020949593586427895,0.004072788461357391
3.221909321621855,-0.9956949084982055,8.767385088339024,0.999,2.710142857142857,4208.0,-0.00020949593586427895,0.004072788461359167
3.2216998256859912,-0.9957744573271016,8.771457876800381,0.999,2.7099285714285712,4209.0,-0.00020949593586383486,0.004072788461357391
3.221490329750127,-0.9958540061559975,8.77553066526174,0.999,2.7097142857142855,4210.0,-0.00020949593586427895,0.004072788461359167
3.2212808338142627,-0.9959335549848936,8.779603453723098,0.999,2.7095,4211.0,-0.00020949593586427895,0.004072788461357391
3.221071337878399,-0.9960131038137896,8.783676242184455,0.999,2.7092857142857145,4212.0,-0.00020949593586383486,0.004072788461357391
3.2208618419425346,-0.9960926526426855,8.787749030645815,0.999,2.709071428571429,4213.0,-0.00020949593586427895,0.004072788461359167
3.2206523460066707,-0.9961722014715816,8.791821819107172,0.999,2.708857142857143,4214.0,-0.00020949593586383486,0.004072788461357391
3.2204428500708064,-0.9962517503004775,8.795894607568531,0.999,2.7086428571428574,4215.0,-0.00020949593586427895,0.004072788461359167
3.220233354134942,-0.9963312991293736,8.799967396029889,0.999,2.7084285714285716,4216.0,-0.00020949593586427895,0.004072788461357391
3.2200238581990783,-0.9964108479582695,8.804040184491248,0.999,2.708214285714286,4217.0,-0.00020949593586383486,0.004072788461359167
3.219814362263214,-0.9964903967871656,8.808112972952605,0.999,2.708,4218.0,-0.00020949593586427895,0.004072788461357391
3.219594947291031,-0.9966197983158285,8.812387367406306,0.999,2.707769230769231,4219.0,-0.00021941497218325168,0.004274394453700481
3.2193755323188475,-0.9967491998444913,8.816661761860006,0.999,2.7075384615384617,4220.0,-0.00021941497218325168,0.004274394453700481
3.2191561173466647,-0.9968786013731542,8.820936156313707,0.999,2.7073076923076926,4221.0,-0.0002194149721828076,0.004274394453700481
3.2189367023744815,-0.997008002901817,8.825210550767407,0.999,2.707076923076923,4222.0,-0.00021941497218325168,0.004274394453700481
3.2187172874022982,-0.9971374044304799,8.829484945221107,0.999,2.706846153846154,4223.0,-0.00021941497218325168,0.004274394453700481
3.218497872430115,-0.9972668059591427,8.833759339674808,0.999,2.7066153846153846,4224.0,-0.00021941497218325168,0.004274394453700481
3.218278457457932,-0.9973962074878057,8.838033734128508,0.999,2.7063846153846156,4225.0,-0.0002194149721828076,0.004274394453700481
3.218059042485749,-0.9975256090164685,8.842308128582209,0.999,2.706153846153846,4226.0,-0.00021941497218325168,0.004274394453700481
3.2178396275135657,-0.9976550105451314,8.84658252303591,0.999,2.705923076923077,4227.0,-0.00021941497218325168,0.004274394453700481
3.2176202125413824,-0.9977844120737942,8.85085691748961,0.999,2.7056923076923076,4228.0,-0.00021941497218325168,0.004274394453700481
3.2174007975691996,-0.9979138136024571,8.85513131194331,0.999,2.7054615384615386,4229.0,-0.0002194149721828076,0.004274394453700481
3.2171813825970164,-0.9980432151311199,8.85940570639701,0.999,2.705230769230769,4230.0,-0.00021941497218325168,0.004274394453700481
3.216961967624833,-0.9981726166597829,8.863680100850711,0.999,2.705,4231.0,-0.00021941497218325168,0.004274394453700481
3.21675797305972,-0.9979199393731695,8.86319737935709,0.999,2.704857142857143,4232.0,-0.00020399456511288605,-0.0004827214936220514
3.216553978494607,-0.9976672620865561,8.862714657863467,0.999,2.7047142857142856,4233.0,-0.00020399456511333014,-0.0004827214936220514
3.216349983929494,-0.9974145847999426,8.862231936369845,0.999,2.7045714285714286,4234.0,-0.00020399456511288605,-0.0004827214936220514
3.2161459893643807,-0.9971619075133292,8.861749214876223,0.999,2.7044285714285716,4235.0,-0.00020399456511333014,-0.0004827214936220514
3.215941994799268,-0.9969092302267158,8.861266493382601,0.999,2.704285714285714,4236.0,-0.00020399456511288605,-0.0004827214936220514
3.2157380002341545,-0.9966565529401025,8.860783771888979,0.999,2.704142857142857,4237.0,-0.00020399456511333014,-0.0004827214936220514
3.2155340056690416,-0.996403875653489,8.860301050395357,0.999,2.704,4238.0,-0.00020399456511288605,-0.0004827214936220514
3.2153300111039287,-0.9961511983668756,8.859818328901735,0.999,2.7038571428571427,4239.0,-0.00020399456511288605,-0.0004827214936220514
3.2151260165388154,-0.9958985210802622,8.859335607408113,0.999,2.7037142857142857,4240.0,-0.00020399456511333014,-0.0004827214936220514
3.2149220219737025,-0.9956458437936488,8.85885288591449,0.999,2.7035714285714283,4241.0,-0.00020399456511288605,-0.0004827214936220514
3.214718027408589,-0.9953931665070355,8.858370164420869,0.999,2.7034285714285713,4242.0,-0.00020399456511333014,-0.0004827214936220514
3.2145140328434763,-0.995140489220422,8.857887442927247,0.999,2.7032857142857143,4243.0,-0.00020399456511288605,-0.0004827214936220514
3.214310038278363,-0.9948878119338086,8.857404721433625,0.999,2.703142857142857,4244.0,-0.00020399456511333014,-0.0004827214936220514
3.21410604371325,-0.9946351346471952,8.856921999940003,0.999,2.703,4245.0,-0.00020399456511288605,-0.0004827214936220514
3.213899237715241,-0.9948691982777609,8.861464565863933,0.999,2.7027142857142854,4246.0,-0.0002068059980091519,0.004542565923930653
3.213692431717232,-0.9951032619083265,8.866007131787866,0.999,2.7024285714285714,4247.0,-0.0002068059980087078,0.004542565923932429
3.213485625719223,-0.9953373255388922,8.870549697711798,0.999,2.702142857142857,4248.0,-0.0002068059980091519,0.004542565923932429
3.213278819721214,-0.9955713891694579,8.875092263635729,0.999,2.7018571428571425,4249.0,-0.0002068059980091519,0.004542565923930653
3.2130720137232047,-0.9958054528000235,8.87963482955966,0.999,2.7015714285714285,4250.0,-0.0002068059980091519,0.004542565923930653
3.212865207725196,-0.9960395164305892,8.884177395483592,0.999,2.701285714285714,4251.0,-0.0002068059980087078,0.004542565923932429
3.212658401727187,-0.996273580061155,8.888719961407524,0.999,2.701,4252.0,-0.0002068059980091519,0.004542565923932429
3.2124515957291777,-0.9965076436917206,8.893262527331455,0.999,2.7007142857142856,4253.0,-0.0002068059980091519,0.004542565923930653
3.212244789731169,-0.9967417073222863,8.897805093255386,0.999,2.700428571428571,4254.0,-0.0002068059980087078,0.004542565923930653
3.21203798373316,-0.996975770952852,8.902347659179318,0.999,2.700142857142857,4255.0,-0.0002068059980091519,0.004542565923932429
3.2118311777351507,-0.9972098345834176,8.90689022510325,0.999,2.6998571428571427,4256.0,-0.0002068059980091519,0.004542565923932429
3.2116243717371415,-0.9974438982139833,8.911432791027181,0.999,2.6995714285714283,4257.0,-0.0002068059980091519,0.004542565923930653
3.211417565739133,-0.9976779618445489,8.915975356951112,0.999,2.6992857142857143,4258.0,-0.0002068059980087078,0.004542565923930653
3.2112107597411237,-0.9979120254751146,8.920517922875044,0.999,2.699,4259.0,-0.0002068059980091519,0.004542565923932429
3.2109813280414747,-0.9978034214774112,8.924810886496706,0.999,2.698769230769231,4260.0,-0.00022943169964895205,0.004292963621661983
3.210751896341826,-0.9976948174797079,8.92910385011837,0.999,2.6985384615384613,4261.0,-0.00022943169964895205,0.004292963621663759
3.2105224646421764,-0.9975862134820045,8.933396813740032,0.999,2.6983076923076923,4262.0,-0.00022943169964939614,0.004292963621661983
3.2102930329425274,-0.9974776094843012,8.937689777361694,0.999,2.698076923076923,4263.0,-0.00022943169964895205,0.004292963621661983
3.2100636012428785,-0.9973690054865978,8.941982740983358,0.999,2.697846153846154,4264.0,-0.00022943169964895205,0.004292963621663759
3.2098341695432295,-0.9972604014888945,8.94627570460502,0.999,2.6976153846153847,4265.0,-0.00022943169964895205,0.004292963621661983
3.20960473784358,-0.9971517974911911,8.950568668226682,0.999,2.6973846153846153,4266.0,-0.00022943169964939614,0.004292963621661983
3.209375306143931,-0.9970431934934878,8.954861631848344,0.999,2.6971538461538462,4267.0,-0.00022943169964895205,0.004292963621661983
3.2091458744442822,-0.9969345894957844,8.959154595470007,0.999,2.696923076923077,4268.0,-0.00022943169964895205,0.004292963621663759
3.2089164427446333,-0.9968259854980811,8.96344755909167,0.999,2.6966923076923077,4269.0,-0.00022943169964895205,0.004292963621661983
3.208687011044984,-0.9967173815003777,8.967740522713331,0.999,2.6964615384615387,4270.0,-0.00022943169964939614,0.004292963621661983
3.208457579345335,-0.9966087775026744,8.972033486334995,0.999,2.696230769230769,4271.0,-0.00022943169964895205,0.004292963621663759
3.208228147645686,-0.996500173504971,8.976326449956657,0.999,2.696,4272.0,-0.00022943169964895205,0.004292963621661983
3.2080147285266545,-0.9966507079927194,8.98032005617585,0.999,2.6957857142857145,4273.0,-0.00021341911903149935,0.003993606219193424
3.2078013094076225,-0.9968012424804676,8.984313662395046,0.999,2.6955714285714287,4274.0,-0.00021341911903194344,0.0039936062191952
3.207587890288591,-0.996951776968216,8.98830726861424,0.999,2.695357142857143,4275.0,-0.00021341911903149935,0.003993606219193424
3.2073744711695595,-0.9971023114559643,8.992300874833434,0.999,2.6951428571428573,4276.0,-0.00021341911903149935,0.0039936062191952
3.207161052050528,-0.9972528459437127,8.996294481052628,0.999,2.6949285714285716,4277.0,-0.00021341911903149935,0.003993606219193424
3.206947632931496,-0.9974033804314609,9.000288087271823,0.999,2.694714285714286,4278.0,-0.00021341911903194344,0.0039936062191952
3.2067342138124646,-0.9975539149192093,9.004281693491016,0.999,2.6945,4279.0,-0.00021341911903149935,0.003993606219193424
3.206520794693433,-0.9977044494069577,9.00827529971021,0.999,2.6942857142857144,4280.0,-0.00021341911903149935,0.003993606219193424
3.206307375574401,-0.997854983894706,9.012268905929405,0.999,2.6940714285714287,4281.0,-0.00021341911903194344,0.0039936062191952
3.2060939564553697,-0.9980055183824543,9.016262512148598,0.999,2.693857142857143,4282.0,-0.00021341911903149935,0.003993606219193424
3.205880537336338,-0.9981560528702026,9.020256118367794,0.999,2.6936428571428572,4283.0,-0.00021341911903149935,0.0039936062191952
3.2056671182173067,-0.998306587357951,9.024249724586987,0.999,2.6934285714285715,4284.0,-0.00021341911903149935,0.003993606219193424
3.2054536990982747,-0.9984571218456992,9.028243330806182,0.999,2.693214285714286,4285.0,-0.00021341911903194344,0.0039936062191952
3.205240279979243,-0.9986076563334476,9.032236937025376,0.999,2.693,4286.0,-0.00021341911903149935,0.003993606219193424
3.205004124820184,-0.9984814922432068,9.034038459200934,0.999,2.692846153846154,4287.0,-0.00023615515905905937,0.00180152217555829
3.2047679696611255,-0.9983553281529659,9.035839981376492,0.999,2.6926923076923077,4288.0,-0.00023615515905861528,0.00180152217555829
3.2045318145020665,-0.9982291640627251,9.03764150355205,0.999,2.6925384615384615,4289.0,-0.00023615515905905937,0.00180152217555829
3.2042956593430074,-0.9981029999724843,9.039443025727607,0.999,2.6923846153846154,4290.0,-0.00023615515905905937,0.0018015221755565136
3.204059504183949,-0.9979768358822434,9.041244547903165,0.999,2.692230769230769,4291.0,-0.00023615515905861528,0.00180152217555829
3.2038233490248897,-0.9978506717920026,9.043046070078724,0.999,2.692076923076923,4292.0,-0.00023615515905905937,0.00180152217555829
3.2035871938658307,-0.9977245077017618,9.044847592254282,0.999,2.691923076923077,4293.0,-0.00023615515905905937,0.00180152217555829
3.2033510387067716,-0.997598343611521,9.04664911442984,0.999,2.6917692307692307,4294.0,-0.00023615515905905937,0.00180152217555829
3.203114883547713,-0.9974721795212801,9.048450636605399,0.999,2.6916153846153845,4295.0,-0.00023615515905861528,0.00180152217555829
3.202878728388654,-0.9973460154310393,9.050252158780955,0.999,2.6914615384615383,4296.0,-0.00023615515905905937,0.0018015221755565136
3.202642573229595,-0.9972198513407985,9.052053680956513,0.999,2.691307692307692,4297.0,-0.00023615515905905937,0.00180152217555829
3.2024064180705363,-0.9970936872505576,9.053855203132072,0.999,2.691153846153846,4298.0,-0.00023615515905861528,0.00180152217555829
3.202170262911477,-0.9969675231603168,9.05565672530763,0.999,2.691,4299.0,-0.00023615515905905937,0.00180152217555829
3.201943013792606,-0.9969034176608536,9.058354132602302,0.999,2.6907142857142854,4300.0,-0.00022724911887106458,0.0026974072946721606
3.201715764673735,-0.9968393121613902,9.061051539896974,0.999,2.6904285714285714,4301.0,-0.00022724911887106458,0.0026974072946721606
3.201488515554864,-0.9967752066619269,9.063748947191646,0.999,2.690142857142857,4302.0,-0.00022724911887106458,0.0026974072946721606
3.2012612664359934,-0.9967111011624636,9.066446354486317,0.999,2.6898571428571425,4303.0,-0.0002272491188706205,0.002697407294670384
3.2010340173171223,-0.9966469956630004,9.069143761780989,0.999,2.6895714285714285,4304.0,-0.00022724911887106458,0.0026974072946721606
3.2008067681982513,-0.9965828901635371,9.071841169075661,0.999,2.689285714285714,4305.0,-0.00022724911887106458,0.0026974072946721606
3.20057951907938,-0.9965187846640737,9.074538576370333,0.999,2.689,4306.0,-0.00022724911887106458,0.0026974072946721606
3.200352269960509,-0.9964546791646105,9.077235983665005,0.999,2.6887142857142856,4307.0,-0.00022724911887106458,0.0026974072946721606
3.200125020841638,-0.9963905736651473,9.079933390959678,0.999,2.688428571428571,4308.0,-0.00022724911887106458,0.0026974072946721606
3.199897771722767,-0.9963264681656839,9.08263079825435,0.999,2.688142857142857,4309.0,-0.00022724911887106458,0.0026974072946721606
3.1996705226038964,-0.9962623626662206,9.08532820554902,0.999,2.6878571428571427,4310.0,-0.0002272491188706205,0.002697407294670384
3.1994432734850253,-0.9961982571667574,9.088025612843692,0.999,2.6875714285714283,4311.0,-0.00022724911887106458,0.0026974072946721606
3.1992160243661543,-0.9961341516672941,9.090723020138364,0.999,2.6872857142857143,4312.0,-0.00022724911887106458,0.0026974072946721606
3.198988775247283,-0.9960700461678308,9.093420427433037,0.999,2.687,4313.0,-0.00022724911887106458,0.0026974072946721606
3.198771338386719,-0.9961911610758916,9.095664295495558,0.999,2.686857142857143,4314.0,-0.00021743686056430178,0.0022438680625214147
3.198553901526154,-0.9963122759839524,9.097908163558081,0.999,2.6867142857142854,4315.0,-0.00021743686056474587,0.002243868062523191
3.19833646466559,-0.9964333908920133,9.100152031620603,0.999,2.6865714285714284,4316.0,-0.00021743686056430178,0.0022438680625214147
3.1981190278050255,-0.9965545058000741,9.102395899683124,0.999,2.6864285714285714,4317.0,-0.00021743686056430178,0.0022438680625214147
3.197901590944461,-0.9966756207081349,9.104639767745645,0.999,2.6862857142857144,4318.0,-0.00021743686056474587,0.0022438680625214147
3.1976841540838965,-0.9967967356161958,9.106883635808169,0.999,2.686142857142857,4319.0,-0.00021743686056430178,0.002243868062523191
3.197466717223332,-0.9969178505242566,9.10912750387069,0.999,2.686,4320.0,-0.00021743686056430178,0.0022438680625214147
3.1972492803627675,-0.9970389654323174,9.111371371933211,0.999,2.685857142857143,4321.0,-0.00021743686056474587,0.0022438680625214147
3.197031843502203,-0.9971600803403782,9.113615239995735,0.999,2.6857142857142855,4322.0,-0.00021743686056430178,0.002243868062523191
3.1968144066416384,-0.9972811952484391,9.115859108058256,0.999,2.6855714285714285,4323.0,-0.00021743686056474587,0.0022438680625214147
3.196596969781074,-0.9974023101564999,9.118102976120777,0.999,2.6854285714285715,4324.0,-0.00021743686056430178,0.0022438680625214147
3.19637953292051,-0.9975234250645607,9.120346844183299,0.999,2.6852857142857145,4325.0,-0.00021743686056430178,0.0022438680625214147
3.196162096059945,-0.9976445399726215,9.122590712245822,0.999,2.685142857142857,4326.0,-0.00021743686056474587,0.002243868062523191
3.1959446591993808,-0.9977656548806824,9.124834580308343,0.999,2.685,4327.0,-0.00021743686056430178,0.0022438680625214147
3.195700846127814,-0.9980478424278472,9.12733718298917,0.999,2.6846923076923077,4328.0,-0.00024381307156673415,0.002502602680825916
3.1954570330562477,-0.998330029975012,9.129839785669994,0.999,2.6843846153846154,4329.0,-0.00024381307156629006,0.0025026026808241397
3.195213219984681,-0.9986122175221768,9.13234238835082,0.999,2.684076923076923,4330.0,-0.00024381307156673415,0.002502602680825916
3.1949694069131143,-0.9988944050693416,9.134844991031644,0.999,2.6837692307692307,4331.0,-0.00024381307156673415,0.0025026026808241397
3.194725593841548,-0.9991765926165064,9.13734759371247,0.999,2.6834615384615383,4332.0,-0.00024381307156629006,0.002502602680825916
3.1944817807699812,-0.9994587801636712,9.139850196393295,0.999,2.683153846153846,4333.0,-0.00024381307156673415,0.002502602680825916
3.1942379676984145,-0.999740967710836,9.14235279907412,0.999,2.682846153846154,4334.0,-0.00024381307156673415,0.0025026026808241397
3.1939941546268478,-1.0000231552580008,9.144855401754945,0.999,2.6825384615384618,4335.0,-0.00024381307156673415,0.002502602680825916
3.1937503415552815,-1.0003053428051656,9.147358004435771,0.999,2.6822307692307694,4336.0,-0.00024381307156629006,0.002502602680825916
3.1935065284837147,-1.0005875303523304,9.149860607116596,0.999,2.681923076923077,4337.0,-0.00024381307156673415,0.0025026026808241397
3.193262715412148,-1.0008697178994952,9.152363209797421,0.999,2.6816153846153847,4338.0,-0.00024381307156673415,0.002502602680825916
3.1930189023405817,-1.00115190544666,9.154865812478246,0.999,2.6813076923076924,4339.0,-0.00024381307156629006,0.0025026026808241397
3.192775089269015,-1.0014340929938248,9.157368415159072,0.999,2.681,4340.0,-0.00024381307156673415,0.002502602680825916
3.1925388069271734,-1.0010702900930017,9.161002494716211,0.999,2.6807857142857143,4341.0,-0.00023628234184158714,0.003634079557139458
3.1923025245853314,-1.0007064871921785,9.16463657427335,0.999,2.6805714285714286,4342.0,-0.00023628234184203123,0.003634079557139458
3.19206624224349,-1.0003426842913554,9.168270653830492,0.999,2.680357142857143,4343.0,-0.00023628234184158714,0.0036340795571412343
3.191829959901648,-0.9999788813905324,9.171904733387631,0.999,2.680142857142857,4344.0,-0.00023628234184158714,0.003634079557139458
3.191593677559806,-0.9996150784897092,9.17553881294477,0.999,2.6799285714285714,4345.0,-0.00023628234184203123,0.003634079557139458
3.1913573952179646,-0.9992512755888862,9.17917289250191,0.999,2.6797142857142857,4346.0,-0.00023628234184158714,0.003634079557139458
3.191121112876123,-0.998887472688063,9.182806972059051,0.999,2.6795,4347.0,-0.00023628234184158714,0.0036340795571412343
3.190884830534281,-0.9985236697872398,9.18644105161619,0.999,2.6792857142857143,4348.0,-0.00023628234184203123,0.003634079557139458
3.1906485481924394,-0.9981598668864168,9.19007513117333,0.999,2.6790714285714285,4349.0,-0.00023628234184158714,0.003634079557139458
3.1904122658505973,-0.9977960639855936,9.19370921073047,0.999,2.678857142857143,4350.0,-0.00023628234184203123,0.003634079557139458
3.1901759835087558,-0.9974322610847706,9.197343290287609,0.999,2.678642857142857,4351.0,-0.00023628234184158714,0.003634079557139458
3.189939701166914,-0.9970684581839474,9.20097736984475,0.999,2.6784285714285714,4352.0,-0.00023628234184158714,0.0036340795571412343
3.189703418825072,-0.9967046552831244,9.20461144940189,0.999,2.6782142857142857,4353.0,-0.00023628234184203123,0.003634079557139458
3.1894671364832305,-0.9963408523823012,9.20824552895903,0.999,2.678,4354.0,-0.00023628234184158714,0.003634079557139458
3.189234381668575,-0.9963603748860412,9.21194380911357,0.9989857142857143,2.677785714285714,4355.0,-0.00023275481465567793,0.0036982801545413224
3.189001626853919,-0.9963798973897813,9.215642089268114,0.9989714285714286,2.6775714285714285,4356.0,-0.00023275481465567793,0.0036982801545430988
3.1887688720392635,-0.9963994198935213,9.219340369422655,0.9989571428571429,2.6773571428571428,4357.0,-0.00023275481465567793,0.0036982801545413224
3.188536117224608,-0.9964189423972613,9.223038649577196,0.9989428571428571,2.677142857142857,4358.0,-0.00023275481465567793,0.0036982801545413224
3.188303362409952,-0.9964384649010013,9.22673692973174,0.9989285714285714,2.6769285714285713,4359.0,-0.00023275481465567793,0.0036982801545430988
3.1880706075952965,-0.9964579874047413,9.23043520988628,0.9989142857142858,2.6767142857142856,4360.0,-0.00023275481465567793,0.0036982801545413224
3.187837852780641,-0.9964775099084814,9.234133490040824,0.9989,2.6765,4361.0,-0.00023275481465567793,0.0036982801545430988
3.1876050979659847,-0.9964970324122214,9.237831770195365,0.9988857142857143,2.676285714285714,4362.0,-0.00023275481465612202,0.0036982801545413224
3.187372343151329,-0.9965165549159615,9.241530050349906,0.9988714285714286,2.6760714285714284,4363.0,-0.00023275481465567793,0.0036982801545413224
3.1871395883366733,-0.9965360774197015,9.24522833050445,0.9988571428571429,2.6758571428571427,4364.0,-0.00023275481465567793,0.0036982801545430988
3.1869068335220176,-0.9965555999234414,9.248926610658991,0.9988428571428571,2.675642857142857,4365.0,-0.00023275481465567793,0.0036982801545413224
3.186674078707362,-0.9965751224271815,9.252624890813532,0.9988285714285714,2.6754285714285713,4366.0,-0.00023275481465567793,0.0036982801545413224
3.1864413238927063,-0.9965946449309215,9.256323170968075,0.9988142857142858,2.6752142857142855,4367.0,-0.00023275481465567793,0.0036982801545430988
3.1862085690780506,-0.9966141674346616,9.260021451122617,0.9988,2.675,4368.0,-0.00023275481465567793,0.0036982801545413224
3.1859442107598204,-0.9965932268072056,9.261949855811812,0.9988153846153847,2.6746923076923075,4369.0,-0.00026435831823024003,0.0019284046891954176
3.18567985244159,-0.9965722861797498,9.263878260501006,0.9988307692307693,2.674384615384615,4370.0,-0.00026435831823024003,0.0019284046891936413
3.18541549412336,-0.9965513455522939,9.265806665190201,0.9988461538461538,2.674076923076923,4371.0,-0.00026435831823024003,0.0019284046891954176
3.1851511358051297,-0.996530404924838,9.267735069879395,0.9988615384615385,2.6737692307692305,4372.0,-0.00026435831823024003,0.0019284046891936413
3.1848867774868994,-0.9965094642973821,9.26966347456859,0.9988769230769231,2.673461538461538,4373.0,-0.00026435831823024003,0.0019284046891954176
3.184622419168669,-0.9964885236699262,9.271591879257784,0.9988923076923077,2.6731538461538458,4374.0,-0.00026435831823024003,0.0019284046891936413
3.184358060850439,-0.9964675830424703,9.27352028394698,0.9989076923076923,2.672846153846154,4375.0,-0.00026435831823024003,0.0019284046891954176
3.1840937025322087,-0.9964466424150145,9.275448688636173,0.9989230769230769,2.6725384615384615,4376.0,-0.00026435831823024003,0.0019284046891936413
3.1838293442139785,-0.9964257017875585,9.277377093325368,0.9989384615384616,2.672230769230769,4377.0,-0.00026435831823024003,0.0019284046891954176
3.183564985895748,-0.9964047611601027,9.279305498014562,0.9989538461538462,2.671923076923077,4378.0,-0.00026435831823024003,0.0019284046891936413
3.183300627577518,-0.9963838205326467,9.281233902703757,0.9989692307692307,2.6716153846153845,4379.0,-0.00026435831823024003,0.0019284046891954176
3.1830362692592877,-0.9963628799051909,9.283162307392951,0.9989846153846154,2.671307692307692,4380.0,-0.00026435831823024003,0.0019284046891936413
3.1827719109410575,-0.996341939277735,9.285090712082146,0.999,2.671,4381.0,-0.00026435831823024003,0.0019284046891954176
3.1825165621962674,-0.9965139634908631,9.28601909994237,0.999,2.6707142857142854,4382.0,-0.00025534874479005154,0.0009283878602239781
3.1822612134514774,-0.9966859877039913,9.286947487802594,0.999,2.6704285714285714,4383.0,-0.00025534874479005154,0.0009283878602239781
3.1820058647066873,-0.9968580119171194,9.287875875662818,0.999,2.670142857142857,4384.0,-0.00025534874479005154,0.0009283878602239781
3.181750515961897,-0.9970300361302475,9.288804263523042,0.999,2.6698571428571425,4385.0,-0.00025534874479049563,0.0009283878602239781
3.181495167217107,-0.9972020603433758,9.289732651383266,0.999,2.6695714285714285,4386.0,-0.00025534874479005154,0.0009283878602239781
3.1812398184723167,-0.9973740845565039,9.29066103924349,0.999,2.669285714285714,4387.0,-0.00025534874479005154,0.0009283878602239781
3.1809844697275267,-0.9975461087696321,9.291589427103714,0.999,2.669,4388.0,-0.00025534874479005154,0.0009283878602239781
3.1807291209827366,-0.9977181329827602,9.292517814963936,0.999,2.6687142857142856,4389.0,-0.00025534874479005154,0.0009283878602222018
3.1804737722379466,-0.9978901571958884,9.29344620282416,0.999,2.668428571428571,4390.0,-0.00025534874479005154,0.0009283878602239781
3.1802184234931565,-0.9980621814090166,9.294374590684384,0.999,2.668142857142857,4391.0,-0.00025534874479005154,0.0009283878602239781
3.179963074748366,-0.9982342056221447,9.295302978544608,0.999,2.6678571428571427,4392.0,-0.00025534874479049563,0.0009283878602239781
3.179707726003576,-0.9984062298352728,9.296231366404832,0.999,2.6675714285714283,4393.0,-0.00025534874479005154,0.0009283878602239781
3.179452377258786,-0.9985782540484011,9.297159754265056,0.999,2.6672857142857143,4394.0,-0.00025534874479005154,0.0009283878602239781
3.179197028513996,-0.9987502782615292,9.29808814212528,0.999,2.667,4395.0,-0.00025534874479005154,0.0009283878602239781
3.1789480793409455,-0.9986614530604315,9.30247951805628,0.999,2.666785714285714,4396.0,-0.00024894917305040565,0.004391375931000141
3.1786991301678955,-0.998572627859334,9.306870893987279,0.999,2.6665714285714284,4397.0,-0.00024894917304996156,0.004391375930998365
3.178450180994845,-0.9984838026582363,9.311262269918279,0.999,2.6663571428571426,4398.0,-0.00024894917305040565,0.004391375931000141
3.1782012318217947,-0.9983949774571387,9.31565364584928,0.999,2.666142857142857,4399.0,-0.00024894917305040565,0.004391375931000141
3.1779522826487447,-0.9983061522560411,9.32004502178028,0.999,2.665928571428571,4400.0,-0.00024894917304996156,0.004391375931000141
3.1777033334756943,-0.9982173270549435,9.324436397711278,0.999,2.6657142857142855,4401.0,-0.00024894917305040565,0.004391375930998365
3.1774543843026444,-0.9981285018538459,9.328827773642278,0.999,2.6654999999999998,4402.0,-0.00024894917304996156,0.004391375931000141
3.177205435129594,-0.9980396766527483,9.333219149573278,0.999,2.6652857142857145,4403.0,-0.00024894917305040565,0.004391375931000141
3.1769564859565436,-0.9979508514516506,9.337610525504276,0.999,2.6650714285714288,4404.0,-0.00024894917305040565,0.004391375930998365
3.1767075367834936,-0.9978620262505531,9.342001901435276,0.999,2.664857142857143,4405.0,-0.00024894917304996156,0.004391375931000141
3.176458587610443,-0.9977732010494554,9.346393277366277,0.999,2.6646428571428573,4406.0,-0.00024894917305040565,0.004391375931000141
3.176209638437393,-0.9976843758483578,9.350784653297277,0.999,2.6644285714285716,4407.0,-0.00024894917305040565,0.004391375931000141
3.175960689264343,-0.9975955506472602,9.355176029228275,0.999,2.664214285714286,4408.0,-0.00024894917304996156,0.004391375930998365
3.1757117400912924,-0.9975067254461626,9.359567405159275,0.999,2.664,4409.0,-0.00024894917305040565,0.004391375931000141
3.1754293450598503,-0.9974667370476158,9.360934664353094,0.999,2.663692307692308,4410.0,-0.00028239503144211753,0.0013672591938185263
3.1751469500284077,-0.997426748649069,9.362301923546912,0.999,2.6633846153846155,4411.0,-0.0002823950314425616,0.0013672591938185263
3.1748645549969656,-0.9973867602505222,9.36366918274073,0.999,2.663076923076923,4412.0,-0.00028239503144211753,0.0013672591938185263
3.1745821599655235,-0.9973467718519755,9.365036441934551,0.999,2.6627692307692308,4413.0,-0.00028239503144211753,0.0013672591938203027
3.174299764934081,-0.9973067834534287,9.36640370112837,0.999,2.6624615384615384,4414.0,-0.0002823950314425616,0.0013672591938185263
3.174017369902639,-0.9972667950548819,9.367770960322188,0.999,2.662153846153846,4415.0,-0.00028239503144211753,0.0013672591938185263
3.1737349748711967,-0.9972268066563351,9.369138219516007,0.999,2.661846153846154,4416.0,-0.00028239503144211753,0.0013672591938185263
3.1734525798397546,-0.9971868182577883,9.370505478709825,0.999,2.661538461538462,4417.0,-0.00028239503144211753,0.0013672591938185263
3.173170184808312,-0.9971468298592415,9.371872737903644,0.999,2.6612307692307695,4418.0,-0.0002823950314425616,0.0013672591938185263
3.17288778977687,-0.9971068414606948,9.373239997097464,0.999,2.660923076923077,4419.0,-0.00028239503144211753,0.0013672591938203027
3.172605394745428,-0.997066853062148,9.374607256291283,0.999,2.660615384615385,4420.0,-0.00028239503144211753,0.0013672591938185263
3.1723229997139852,-0.9970268646636012,9.375974515485101,0.999,2.6603076923076925,4421.0,-0.0002823950314425616,0.0013672591938185263
3.172040604682543,-0.9969868762650544,9.37734177467892,0.999,2.66,4422.0,-0.00028239503144211753,0.0013672591938185263
3.1717772228540837,-0.9969869992961817,9.381340050693465,0.999,2.6597857142857144,4423.0,-0.00026338182845941915,0.00399827601454561
3.1715138410256243,-0.996987122327309,9.385338326708009,0.999,2.6595714285714287,4424.0,-0.00026338182845941915,0.003998276014543833
3.171250459197165,-0.9969872453584363,9.389336602722555,0.999,2.659357142857143,4425.0,-0.00026338182845941915,0.00399827601454561
3.170987077368706,-0.9969873683895635,9.393334878737098,0.999,2.6591428571428573,4426.0,-0.00026338182845897506,0.003998276014543833
3.1707236955402465,-0.9969874914206908,9.397333154751644,0.999,2.6589285714285715,4427.0,-0.00026338182845941915,0.00399827601454561
3.170460313711787,-0.996987614451818,9.401331430766188,0.999,2.658714285714286,4428.0,-0.00026338182845941915,0.003998276014543833
3.1701969318833276,-0.9969877374829453,9.405329706780734,0.999,2.6585,4429.0,-0.00026338182845941915,0.00399827601454561
3.169933550054868,-0.9969878605140726,9.40932798279528,0.999,2.6582857142857144,4430.0,-0.00026338182845941915,0.00399827601454561
3.169670168226409,-0.9969879835451999,9.413326258809823,0.999,2.6580714285714286,4431.0,-0.00026338182845941915,0.003998276014543833
3.1694067863979494,-0.9969881065763272,9.417324534824369,0.999,2.657857142857143,4432.0,-0.00026338182845941915,0.00399827601454561
3.1691434045694904,-0.9969882296074544,9.421322810838912,0.999,2.657642857142857,4433.0,-0.00026338182845897506,0.003998276014543833
3.168880022741031,-0.9969883526385817,9.425321086853458,0.999,2.6574285714285715,4434.0,-0.00026338182845941915,0.00399827601454561
3.1686166409125716,-0.9969884756697089,9.429319362868002,0.999,2.6572142857142858,4435.0,-0.00026338182845941915,0.003998276014543833
3.168353259084112,-0.9969885987008362,9.433317638882547,0.999,2.657,4436.0,-0.00026338182845941915,0.00399827601454561
3.1680723007314224,-0.9968052421920363,9.43883053153648,0.999,2.6566923076923077,4437.0,-0.0002809583526897086,0.005512892653932511
3.1677913423787327,-0.9966218856832363,9.444343424190414,0.999,2.6563846153846153,4438.0,-0.0002809583526897086,0.005512892653934287
3.1675103840260426,-0.9964385291744363,9.449856316844347,0.999,2.656076923076923,4439.0,-0.0002809583526901527,0.005512892653932511
3.167229425673353,-0.9962551726656362,9.455369209498281,0.999,2.6557692307692307,4440.0,-0.0002809583526897086,0.005512892653934287
3.166948467320663,-0.9960718161568363,9.460882102152214,0.999,2.6554615384615383,4441.0,-0.0002809583526897086,0.005512892653932511
3.1666675089679734,-0.9958884596480363,9.466394994806148,0.999,2.655153846153846,4442.0,-0.0002809583526897086,0.005512892653934287
3.1663865506152833,-0.9957051031392363,9.47190788746008,0.999,2.654846153846154,4443.0,-0.0002809583526901527,0.005512892653932511
3.1661055922625936,-0.9955217466304364,9.477420780114015,0.999,2.6545384615384617,4444.0,-0.0002809583526897086,0.005512892653934287
3.165824633909904,-0.9953383901216364,9.482933672767947,0.999,2.6542307692307694,4445.0,-0.0002809583526897086,0.005512892653932511
3.165543675557214,-0.9951550336128363,9.488446565421881,0.999,2.653923076923077,4446.0,-0.0002809583526897086,0.005512892653934287
3.165262717204524,-0.9949716771040363,9.493959458075814,0.999,2.6536153846153847,4447.0,-0.0002809583526901527,0.005512892653932511
3.1649817588518343,-0.9947883205952364,9.499472350729748,0.999,2.6533076923076924,4448.0,-0.0002809583526897086,0.005512892653934287
3.1647008004991446,-0.9946049640864364,9.50498524338368,0.999,2.653,4449.0,-0.0002809583526897086,0.005512892653932511
3.164410679030543,-0.9947772854176885,9.505104187914833,0.999,2.6527142857142856,4450.0,-0.000290121468601523,0.00011894453115246506
3.1641205575619415,-0.9949496067489406,9.505223132445987,0.999,2.6524285714285716,4451.0,-0.000290121468601523,0.00011894453115424142
3.1638304360933396,-0.9951219280801927,9.50534207697714,0.999,2.652142857142857,4452.0,-0.0002901214686019671,0.00011894453115246506
3.163540314624738,-0.995294249411445,9.505461021508292,0.999,2.6518571428571427,4453.0,-0.000290121468601523,0.00011894453115246506
3.1632501931561365,-0.9954665707426971,9.505579966039445,0.999,2.6515714285714287,4454.0,-0.000290121468601523,0.00011894453115246506
3.162960071687535,-0.9956388920739492,9.5056989105706,0.999,2.6512857142857142,4455.0,-0.000290121468601523,0.00011894453115424142
3.1626699502189335,-0.9958112134052013,9.505817855101752,0.999,2.6510000000000002,4456.0,-0.000290121468601523,0.00011894453115246506
3.1623798287503315,-0.9959835347364534,9.505936799632904,0.999,2.650714285714286,4457.0,-0.0002901214686019671,0.00011894453115246506
3.16208970728173,-0.9961558560677055,9.506055744164058,0.999,2.6504285714285714,4458.0,-0.000290121468601523,0.00011894453115424142
3.1617995858131285,-0.9963281773989576,9.50617468869521,0.999,2.6501428571428574,4459.0,-0.000290121468601523,0.00011894453115246506
3.161509464344527,-0.9965004987302098,9.506293633226363,0.999,2.649857142857143,4460.0,-0.000290121468601523,0.00011894453115246506
3.161219342875925,-0.996672820061462,9.506412577757516,0.999,2.6495714285714285,4461.0,-0.0002901214686019671,0.00011894453115246506
3.1609292214073235,-0.9968451413927141,9.50653152228867,0.999,2.6492857142857145,4462.0,-0.000290121468601523,0.00011894453115424142
3.160639099938722,-0.9970174627239662,9.506650466819822,0.999,2.649,4463.0,-0.000290121468601523,0.00011894453115246506
3.160362509172316,-0.9969842894454584,9.509638365419983,0.999,2.6487857142857143,4464.0,-0.0002765907664059597,0.0029878986001605767
3.1600859184059096,-0.9969511161669504,9.512626264020142,0.999,2.6485714285714286,4465.0,-0.0002765907664064038,0.0029878986001588004
3.1598093276395036,-0.9969179428884426,9.515614162620302,0.999,2.648357142857143,4466.0,-0.0002765907664059597,0.0029878986001605767
3.1595327368730977,-0.9968847696099348,9.518602061220463,0.999,2.648142857142857,4467.0,-0.0002765907664059597,0.0029878986001605767
3.1592561461066913,-0.996851596331427,9.521589959820624,0.999,2.6479285714285714,4468.0,-0.0002765907664064038,0.0029878986001605767
3.1589795553402853,-0.996818423052919,9.524577858420782,0.999,2.6477142857142857,4469.0,-0.0002765907664059597,0.0029878986001588004
3.158702964573879,-0.9967852497744112,9.527565757020943,0.999,2.6475,4470.0,-0.0002765907664064038,0.0029878986001605767
3.158426373807473,-0.9967520764959034,9.530553655621103,0.999,2.6472857142857142,4471.0,-0.0002765907664059597,0.0029878986001605767
3.158149783041067,-0.9967189032173954,9.533541554221262,0.999,2.6470714285714285,4472.0,-0.0002765907664059597,0.0029878986001588004
3.1578731922746606,-0.9966857299388876,9.536529452821423,0.999,2.646857142857143,4473.0,-0.0002765907664064038,0.0029878986001605767
3.1575966015082546,-0.9966525566603798,9.539517351421583,0.999,2.646642857142857,4474.0,-0.0002765907664059597,0.0029878986001605767
3.1573200107418486,-0.996619383381872,9.542505250021744,0.999,2.6464285714285714,4475.0,-0.0002765907664059597,0.0029878986001605767
3.1570434199754422,-0.996586210103364,9.545493148621903,0.999,2.6462142857142856,4476.0,-0.0002765907664064038,0.0029878986001588004
3.1567668292090363,-0.9965530368248562,9.548481047222063,0.999,2.646,4477.0,-0.0002765907664059597,0.0029878986001605767
3.156464448956085,-0.9965826098091851,9.548668327718328,0.999,2.6456153846153847,4478.0,-0.00030238025295137305,0.0001872804962648189
3.1561620687031335,-0.996612182793514,9.548855608214593,0.999,2.645230769230769,4479.0,-0.00030238025295137305,0.0001872804962648189
3.1558596884501817,-0.996641755777843,9.549042888710858,0.999,2.644846153846154,4480.0,-0.00030238025295181714,0.0001872804962648189
3.1555573081972303,-0.9966713287621719,9.54923016920712,0.999,2.644461538461538,4481.0,-0.00030238025295137305,0.00018728049626304255
3.155254927944279,-0.9967009017465008,9.549417449703386,0.999,2.644076923076923,4482.0,-0.00030238025295137305,0.0001872804962648189
3.1549525476913276,-0.9967304747308298,9.54960473019965,0.999,2.643692307692308,4483.0,-0.00030238025295137305,0.0001872804962648189
3.154650167438376,-0.9967600477151588,9.549792010695915,0.999,2.643307692307692,4484.0,-0.00030238025295181714,0.0001872804962648189
3.1543477871854244,-0.9967896206994877,9.54997929119218,0.999,2.642923076923077,4485.0,-0.00030238025295137305,0.0001872804962648189
3.154045406932473,-0.9968191936838167,9.550166571688445,0.999,2.6425384615384617,4486.0,-0.00030238025295137305,0.0001872804962648189
3.1537430266795217,-0.9968487666681456,9.550353852184708,0.999,2.642153846153846,4487.0,-0.00030238025295137305,0.00018728049626304255
3.15344064642657,-0.9968783396524745,9.550541132680973,0.999,2.641769230769231,4488.0,-0.00030238025295181714,0.0001872804962648189
3.1531382661736185,-0.9969079126368035,9.550728413177238,0.999,2.641384615384615,4489.0,-0.00030238025295137305,0.0001872804962648189
3.152835885920667,-0.9969374856211324,9.550915693673502,0.999,2.641,4490.0,-0.00030238025295137305,0.0001872804962648189
3.1525366136883335,-0.9970060474765854,9.555139638103558,0.999,2.6407142857142856,4491.0,-0.0002992722323336139,0.004223944430055582
3.152237341456,-0.9970746093320383,9.559363582533612,0.999,2.6404285714285716,4492.0,-0.0002992722323336139,0.004223944430053805
3.1519380692236667,-0.9971431711874913,9.563587526963667,0.999,2.640142857142857,4493.0,-0.0002992722323331698,0.004223944430055582
3.151638796991333,-0.9972117330429443,9.567811471393723,0.999,2.6398571428571427,4494.0,-0.0002992722323336139,0.004223944430055582
3.1513395247589995,-0.9972802948983972,9.572035415823777,0.999,2.6395714285714287,4495.0,-0.0002992722323336139,0.004223944430053805
3.151040252526666,-0.9973488567538502,9.576259360253832,0.999,2.6392857142857142,4496.0,-0.0002992722323336139,0.004223944430055582
3.1507409802943322,-0.9974174186093031,9.580483304683888,0.999,2.6390000000000002,4497.0,-0.0002992722323336139,0.004223944430055582
3.150441708061999,-0.9974859804647561,9.584707249113942,0.999,2.638714285714286,4498.0,-0.0002992722323331698,0.004223944430053805
3.1501424358296655,-0.9975545423202091,9.588931193543997,0.999,2.6384285714285713,4499.0,-0.0002992722323336139,0.004223944430055582
3.149843163597332,-0.997623104175662,9.593155137974051,0.999,2.6381428571428573,4500.0,-0.0002992722323336139,0.004223944430053805
3.1495438913649982,-0.997691666031115,9.597379082404107,0.999,2.637857142857143,4501.0,-0.0002992722323336139,0.004223944430055582
3.149244619132665,-0.997760227886568,9.601603026834162,0.999,2.6375714285714285,4502.0,-0.0002992722323331698,0.004223944430055582
3.1489453469003315,-0.9978287897420209,9.605826971264216,0.999,2.6372857142857145,4503.0,-0.0002992722323336139,0.004223944430053805
3.148646074667998,-0.997897351597474,9.610050915694272,0.999,2.637,4504.0,-0.0002992722323336139,0.004223944430055582
3.1483345437162322,-0.9978200048096477,9.611830857267883,0.999,2.6367142857142856,4505.0,-0.00031153095176561507,0.0017799415736110547
3.148023012764466,-0.9977426580218216,9.613610798841494,0.999,2.6364285714285716,4506.0,-0.00031153095176605916,0.0017799415736110547
3.1477114818127006,-0.9976653112339954,9.615390740415105,0.999,2.636142857142857,4507.0,-0.00031153095176561507,0.0017799415736110547
3.147399950860935,-0.9975879644461693,9.617170681988716,0.999,2.6358571428571427,4508.0,-0.00031153095176561507,0.0017799415736110547
3.1470884199091693,-0.997510617658343,9.618950623562327,0.999,2.6355714285714287,4509.0,-0.00031153095176561507,0.0017799415736110547
3.1467768889574033,-0.9974332708705169,9.620730565135938,0.999,2.6352857142857142,4510.0,-0.00031153095176605916,0.0017799415736110547
3.1464653580056376,-0.9973559240826907,9.622510506709549,0.999,2.6350000000000002,4511.0,-0.00031153095176561507,0.0017799415736110547
3.146153827053872,-0.9972785772948645,9.624290448283158,0.999,2.634714285714286,4512.0,-0.00031153095176561507,0.0017799415736092783
3.145842296102106,-0.9972012305070383,9.62607038985677,0.999,2.6344285714285713,4513.0,-0.00031153095176605916,0.0017799415736110547
3.1455307651503404,-0.9971238837192121,9.62785033143038,0.999,2.6341428571428573,4514.0,-0.00031153095176561507,0.0017799415736110547
3.1452192341985747,-0.997046536931386,9.629630273003992,0.999,2.633857142857143,4515.0,-0.00031153095176561507,0.0017799415736110547
3.144907703246809,-0.9969691901435598,9.631410214577603,0.999,2.6335714285714285,4516.0,-0.00031153095176561507,0.0017799415736110547
3.144596172295043,-0.9968918433557337,9.633190156151214,0.999,2.6332857142857145,4517.0,-0.00031153095176605916,0.0017799415736110547
3.1442846413432775,-0.9968144965679074,9.634970097724825,0.999,2.633,4518.0,-0.00031153095176561507,0.0017799415736110547
3.143954777483421,-0.99678242580544,9.638447628801163,0.999,2.632615384615385,4519.0,-0.0003298638598563386,0.003477531076338636
3.1436249136235648,-0.9967503550429724,9.641925159877504,0.999,2.632230769230769,4520.0,-0.0003298638598563386,0.003477531076340412
3.143295049763709,-0.9967182842805049,9.645402690953842,0.999,2.631846153846154,4521.0,-0.0003298638598558945,0.003477531076338636
3.1429651859038525,-0.9966862135180373,9.648880222030181,0.999,2.6314615384615383,4522.0,-0.0003298638598563386,0.003477531076338636
3.142635322043996,-0.9966541427555698,9.652357753106521,0.999,2.631076923076923,4523.0,-0.0003298638598563386,0.003477531076340412
3.14230545818414,-0.9966220719931023,9.65583528418286,0.999,2.630692307692308,4524.0,-0.0003298638598563386,0.003477531076338636
3.141975594324284,-0.9965900012306348,9.659312815259199,0.999,2.6303076923076922,4525.0,-0.0003298638598558945,0.003477531076338636
3.1416457304644276,-0.9965579304681672,9.662790346335537,0.999,2.629923076923077,4526.0,-0.0003298638598563386,0.003477531076338636
3.1413158666045713,-0.9965258597056997,9.666267877411878,0.999,2.629538461538462,4527.0,-0.0003298638598563386,0.003477531076340412
3.140986002744715,-0.9964937889432322,9.669745408488216,0.999,2.629153846153846,4528.0,-0.0003298638598563386,0.003477531076338636
3.140656138884859,-0.9964617181807647,9.673222939564555,0.999,2.628769230769231,4529.0,-0.0003298638598558945,0.003477531076338636
3.1403262750250027,-0.9964296474182971,9.676700470640895,0.999,2.6283846153846153,4530.0,-0.0003298638598563386,0.003477531076340412
3.1399964111651464,-0.9963975766558296,9.680178001717234,0.999,2.628,4531.0,-0.0003298638598563386,0.003477531076338636
3.1396770562095386,-0.9965157350457358,9.68303558927019,0.999,2.6277142857142857,4532.0,-0.0003193549556077535,0.0028575875529561756
3.139357701253931,-0.9966338934356419,9.685893176823145,0.999,2.6274285714285717,4533.0,-0.0003193549556077535,0.0028575875529543993
3.1390383462983227,-0.996752051825548,9.6887507643761,0.999,2.6271428571428572,4534.0,-0.0003193549556081976,0.0028575875529561756
3.138718991342715,-0.9968702102154543,9.691608351929057,0.999,2.626857142857143,4535.0,-0.0003193549556077535,0.0028575875529561756
3.138399636387107,-0.9969883686053604,9.694465939482011,0.999,2.626571428571429,4536.0,-0.0003193549556077535,0.0028575875529543993
3.1380802814314994,-0.9971065269952666,9.697323527034968,0.999,2.6262857142857143,4537.0,-0.0003193549556077535,0.0028575875529561756
3.1377609264758917,-0.9972246853851727,9.700181114587922,0.999,2.6260000000000003,4538.0,-0.0003193549556077535,0.0028575875529543993
3.1374415715202835,-0.9973428437750789,9.703038702140878,0.999,2.625714285714286,4539.0,-0.0003193549556081976,0.0028575875529561756
3.1371222165646757,-0.997461002164985,9.705896289693834,0.999,2.6254285714285714,4540.0,-0.0003193549556077535,0.0028575875529561756
3.136802861609068,-0.9975791605548912,9.708753877246789,0.999,2.6251428571428574,4541.0,-0.0003193549556077535,0.0028575875529543993
3.13648350665346,-0.9976973189447974,9.711611464799745,0.999,2.624857142857143,4542.0,-0.0003193549556077535,0.0028575875529561756
3.136164151697852,-0.9978154773347035,9.714469052352701,0.999,2.6245714285714286,4543.0,-0.0003193549556081976,0.0028575875529561756
3.1358447967422443,-0.9979336357246097,9.717326639905655,0.999,2.6242857142857146,4544.0,-0.0003193549556077535,0.0028575875529543993
3.1355254417866365,-0.9980517941145158,9.720184227458612,0.999,2.624,4545.0,-0.0003193549556077535,0.0028575875529561756
3.1351907497684546,-0.9980987089099479,9.722239749601801,0.999,2.6236923076923078,4546.0,-0.00033469201818192573,0.002055522143189492
3.1348560577502727,-0.9981456237053798,9.72429527174499,0.999,2.6233846153846154,4547.0,-0.00033469201818192573,0.002055522143189492
3.1345213657320903,-0.9981925385008119,9.72635079388818,0.999,2.623076923076923,4548.0,-0.0003346920181823698,0.002055522143189492
3.1341866737139084,-0.9982394532962439,9.72840631603137,0.999,2.6227692307692307,4549.0,-0.00033469201818192573,0.002055522143189492
3.1338519816957264,-0.9982863680916759,9.73046183817456,0.999,2.6224615384615384,4550.0,-0.00033469201818192573,0.002055522143189492
3.1335172896775445,-0.9983332828871079,9.732517360317749,0.999,2.622153846153846,4551.0,-0.00033469201818192573,0.002055522143189492
3.133182597659362,-0.9983801976825399,9.73457288246094,0.999,2.621846153846154,4552.0,-0.0003346920181823698,0.0020555221431912685
3.13284790564118,-0.9984271124779719,9.73662840460413,0.999,2.621538461538462,4553.0,-0.00033469201818192573,0.002055522143189492
3.1325132136229983,-0.998474027273404,9.738683926747319,0.999,2.6212307692307695,4554.0,-0.00033469201818192573,0.002055522143189492
3.1321785216048164,-0.9985209420688359,9.740739448890508,0.999,2.620923076923077,4555.0,-0.00033469201818192573,0.002055522143189492
3.131843829586634,-0.998567856864268,9.742794971033698,0.999,2.620615384615385,4556.0,-0.0003346920181823698,0.002055522143189492
3.131509137568452,-0.9986147716596999,9.744850493176887,0.999,2.6203076923076924,4557.0,-0.00033469201818192573,0.002055522143189492
3.13117444555027,-0.998661686455132,9.746906015320077,0.999,2.62,4558.0,-0.00033469201818192573,0.002055522143189492
3.130832431796178,-0.9984324942725823,9.748172249239436,0.999,2.6196428571428574,4559.0,-0.0003420137540919299,0.0012662339193596495
3.1304904180420867,-0.9982033020900326,9.749438483158798,0.999,2.619285714285714,4560.0,-0.0003420137540914858,0.0012662339193614258
3.130148404287995,-0.9979741099074828,9.750704717078158,0.999,2.6189285714285715,4561.0,-0.0003420137540919299,0.0012662339193596495
3.1298063905339033,-0.9977449177249331,9.751970950997517,0.999,2.6185714285714288,4562.0,-0.0003420137540914858,0.0012662339193596495
3.1294643767798114,-0.9975157255423834,9.753237184916879,0.999,2.618214285714286,4563.0,-0.0003420137540919299,0.0012662339193614258
3.12912236302572,-0.9972865333598337,9.754503418836238,0.999,2.617857142857143,4564.0,-0.0003420137540914858,0.0012662339193596495
3.128780349271628,-0.997057341177284,9.7557696527556,0.999,2.6175,4565.0,-0.0003420137540919299,0.0012662339193614258
3.128438335517536,-0.9968281489947343,9.75703588667496,0.999,2.6171428571428574,4566.0,-0.0003420137540919299,0.0012662339193596495
3.1280963217634445,-0.9965989568121846,9.758302120594319,0.999,2.6167857142857143,4567.0,-0.0003420137540914858,0.0012662339193596495
3.1277543080093526,-0.9963697646296349,9.75956835451368,0.999,2.6164285714285715,4568.0,-0.0003420137540919299,0.0012662339193614258
3.127412294255261,-0.9961405724470852,9.76083458843304,0.999,2.616071428571429,4569.0,-0.0003420137540914858,0.0012662339193596495
3.127070280501169,-0.9959113802645354,9.7621008223524,0.999,2.615714285714286,4570.0,-0.0003420137540919299,0.0012662339193596495
3.1267282667470777,-0.9956821880819857,9.763367056271761,0.999,2.615357142857143,4571.0,-0.0003420137540914858,0.0012662339193614258
3.126386252992986,-0.995452995899436,9.76463329019112,0.999,2.615,4572.0,-0.0003420137540919299,0.0012662339193596495
3.1260365386201747,-0.9954984810042969,9.766115717929678,0.999,2.6146428571428575,4573.0,-0.00034971437281106077,0.0014824277385567797
3.125686824247364,-0.9955439661091577,9.767598145668236,0.999,2.6142857142857143,4574.0,-0.0003497143728106167,0.001482427738558556
3.125337109874553,-0.9955894512140187,9.769080573406793,0.999,2.6139285714285716,4575.0,-0.00034971437281106077,0.0014824277385567797
3.1249873955017424,-0.9956349363188796,9.77056300114535,0.999,2.613571428571429,4576.0,-0.0003497143728106167,0.0014824277385567797
3.1246376811289314,-0.9956804214237404,9.772045428883908,0.999,2.6132142857142857,4577.0,-0.00034971437281106077,0.001482427738558556
3.1242879667561207,-0.9957259065286013,9.773527856622465,0.999,2.612857142857143,4578.0,-0.0003497143728106167,0.0014824277385567797
3.1239382523833097,-0.9957713916334622,9.775010284361024,0.999,2.6125,4579.0,-0.00034971437281106077,0.001482427738558556
3.1235885380104986,-0.995816876738323,9.77649271209958,0.999,2.612142857142857,4580.0,-0.00034971437281106077,0.0014824277385567797
3.123238823637688,-0.9958623618431839,9.777975139838137,0.999,2.6117857142857144,4581.0,-0.0003497143728106167,0.0014824277385567797
3.122889109264877,-0.9959078469480447,9.779457567576696,0.999,2.611428571428571,4582.0,-0.00034971437281106077,0.001482427738558556
3.1225393948920663,-0.9959533320529056,9.780939995315252,0.999,2.6110714285714285,4583.0,-0.0003497143728106167,0.0014824277385567797
3.1221896805192553,-0.9959988171577665,9.78242242305381,0.999,2.6107142857142858,4584.0,-0.00034971437281106077,0.0014824277385567797
3.1218399661464447,-0.9960443022626273,9.783904850792368,0.999,2.6103571428571426,4585.0,-0.0003497143728106167,0.001482427738558556
3.1214902517736336,-0.9960897873674882,9.785387278530925,0.999,2.61,4586.0,-0.00034971437281106077,0.0014824277385567797
3.1211121693565462,-0.9961112648793993,9.788207272554043,0.999,2.6096153846153847,4587.0,-0.00037808241708736645,0.0028199940231186105
3.120734086939459,-0.9961327423913103,9.791027266577164,0.999,2.609230769230769,4588.0,-0.00037808241708736645,0.002819994023120387
3.1203560045223715,-0.9961542199032214,9.793847260600282,0.999,2.608846153846154,4589.0,-0.00037808241708736645,0.0028199940231186105
3.1199779221052846,-0.9961756974151325,9.796667254623403,0.999,2.608461538461538,4590.0,-0.00037808241708692236,0.002819994023120387
3.119599839688197,-0.9961971749270435,9.799487248646521,0.999,2.608076923076923,4591.0,-0.00037808241708736645,0.0028199940231186105
3.11922175727111,-0.9962186524389546,9.80230724266964,0.999,2.6076923076923078,4592.0,-0.00037808241708736645,0.0028199940231186105
3.1188436748540225,-0.9962401299508656,9.80512723669276,0.999,2.607307692307692,4593.0,-0.00037808241708736645,0.002819994023120387
3.118465592436935,-0.9962616074627767,9.807947230715879,0.999,2.606923076923077,4594.0,-0.00037808241708736645,0.0028199940231186105
3.1180875100198477,-0.9962830849746878,9.810767224738997,0.999,2.6065384615384617,4595.0,-0.00037808241708736645,0.0028199940231186105
3.117709427602761,-0.9963045624865988,9.813587218762118,0.999,2.606153846153846,4596.0,-0.00037808241708692236,0.002819994023120387
3.1173313451856735,-0.9963260399985099,9.816407212785236,0.999,2.605769230769231,4597.0,-0.00037808241708736645,0.0028199940231186105
3.116953262768586,-0.9963475175104209,9.819227206808357,0.999,2.605384615384615,4598.0,-0.00037808241708736645,0.002819994023120387
3.1165751803514987,-0.996368995022332,9.822047200831475,0.999,2.605,4599.0,-0.00037808241708736645,0.0028199940231186105
3.1162242457226546,-0.9963198476407796,9.824640514268054,0.999,2.6046428571428573,4600.0,-0.00035093462884416837,0.002593313436578981
3.1158733110938104,-0.9962707002592273,9.827233827704635,0.999,2.604285714285714,4601.0,-0.00035093462884416837,0.0025933134365807575
3.115522376464966,-0.9962215528776749,9.829827141141216,0.999,2.6039285714285714,4602.0,-0.00035093462884416837,0.0025933134365807575
3.115171441836122,-0.9961724054961225,9.832420454577795,0.999,2.6035714285714286,4603.0,-0.00035093462884416837,0.002593313436578981
3.114820507207278,-0.9961232581145701,9.835013768014374,0.999,2.603214285714286,4604.0,-0.00035093462884416837,0.002593313436578981
3.1144695725784337,-0.9960741107330178,9.837607081450955,0.999,2.6028571428571428,4605.0,-0.00035093462884416837,0.0025933134365807575
3.1141186379495895,-0.9960249633514654,9.840200394887535,0.999,2.6025,4606.0,-0.00035093462884416837,0.0025933134365807575
3.1137677033207454,-0.995975815969913,9.842793708324114,0.999,2.6021428571428573,4607.0,-0.00035093462884416837,0.002593313436578981
3.113416768691901,-0.9959266685883607,9.845387021760693,0.999,2.601785714285714,4608.0,-0.00035093462884416837,0.002593313436578981
3.113065834063057,-0.9958775212068083,9.847980335197274,0.999,2.6014285714285714,4609.0,-0.00035093462884416837,0.0025933134365807575
3.112714899434213,-0.9958283738252559,9.850573648633855,0.999,2.6010714285714287,4610.0,-0.00035093462884416837,0.0025933134365807575
3.1123639648053687,-0.9957792264437035,9.853166962070434,0.999,2.600714285714286,4611.0,-0.00035093462884416837,0.002593313436578981
3.1120130301765245,-0.9957300790621512,9.855760275507013,0.999,2.600357142857143,4612.0,-0.00035093462884416837,0.002593313436578981
3.1116620955476804,-0.9956809316805988,9.858353588943594,0.999,2.6,4613.0,-0.00035093462884416837,0.0025933134365807575
3.1112921082781675,-0.9958472461216922,9.86101509717323,0.999,2.5996428571428574,4614.0,-0.00036998726951287253,0.002661508229635956
3.110922121008654,-0.9960135605627856,9.863676605402867,0.999,2.599285714285714,4615.0,-0.0003699872695133166,0.0026615082296377324
3.110552133739141,-0.996179875003879,9.866338113632503,0.999,2.5989285714285715,4616.0,-0.0003699872695133166,0.002661508229635956
3.110182146469628,-0.9963461894449724,9.868999621862141,0.999,2.5985714285714288,4617.0,-0.00036998726951287253,0.0026615082296377324
3.109812159200115,-0.9965125038860658,9.871661130091777,0.999,2.598214285714286,4618.0,-0.00036998726951287253,0.002661508229635956
3.109442171930602,-0.9966788183271592,9.874322638321415,0.999,2.597857142857143,4619.0,-0.0003699872695133166,0.0026615082296377324
3.1090721846610885,-0.9968451327682526,9.87698414655105,0.999,2.5975,4620.0,-0.0003699872695133166,0.002661508229635956
3.1087021973915756,-0.997011447209346,9.879645654780687,0.999,2.5971428571428574,4621.0,-0.00036998726951287253,0.002661508229635956
3.1083322101220627,-0.9971777616504394,9.882307163010324,0.999,2.5967857142857143,4622.0,-0.00036998726951287253,0.0026615082296377324
3.1079622228525494,-0.9973440760915327,9.88496867123996,0.999,2.5964285714285715,4623.0,-0.0003699872695133166,0.002661508229635956
3.107592235583036,-0.9975103905326262,9.887630179469598,0.999,2.596071428571429,4624.0,-0.0003699872695133166,0.0026615082296377324
3.1072222483135232,-0.9976767049737196,9.890291687699234,0.999,2.595714285714286,4625.0,-0.00036998726951287253,0.002661508229635956
3.1068522610440104,-0.997843019414813,9.892953195928872,0.999,2.595357142857143,4626.0,-0.00036998726951287253,0.0026615082296377324
3.106482273774497,-0.9980093338559064,9.895614704158508,0.999,2.595,4627.0,-0.0003699872695133166,0.002661508229635956
3.106065863278969,-0.9979269415287897,9.896828998733854,0.999,2.594615384615385,4628.0,-0.00041641049552820775,0.0012142945753463863
3.1056494527834406,-0.997844549201673,9.898043293309199,0.999,2.5942307692307693,4629.0,-0.00041641049552820775,0.00121429457534461
3.1052330422879124,-0.9977621568745563,9.899257587884545,0.999,2.593846153846154,4630.0,-0.00041641049552820775,0.0012142945753463863
3.104816631792384,-0.9976797645474396,9.90047188245989,0.999,2.5934615384615385,4631.0,-0.00041641049552820775,0.00121429457534461
3.104400221296856,-0.9975973722203229,9.901686177035236,0.999,2.5930769230769233,4632.0,-0.00041641049552820775,0.0012142945753463863
3.103983810801328,-0.9975149798932061,9.902900471610582,0.999,2.5926923076923076,4633.0,-0.00041641049552820775,0.0012142945753463863
3.1035674003057996,-0.9974325875660894,9.904114766185927,0.999,2.5923076923076924,4634.0,-0.00041641049552820775,0.00121429457534461
3.1031509898102714,-0.9973501952389727,9.905329060761273,0.999,2.5919230769230768,4635.0,-0.00041641049552820775,0.0012142945753463863
3.102734579314743,-0.997267802911856,9.90654335533662,0.999,2.5915384615384616,4636.0,-0.00041641049552820775,0.0012142945753463863
3.102318168819215,-0.9971854105847393,9.907757649911964,0.999,2.591153846153846,4637.0,-0.00041641049552820775,0.00121429457534461
3.1019017583236868,-0.9971030182576226,9.90897194448731,0.999,2.5907692307692307,4638.0,-0.00041641049552820775,0.0012142945753463863
3.1014853478281585,-0.9970206259305059,9.910186239062655,0.999,2.590384615384615,4639.0,-0.00041641049552820775,0.00121429457534461
3.1010689373326303,-0.9969382336033892,9.911400533638002,0.999,2.59,4640.0,-0.00041641049552820775,0.0012142945753463863
3.100687057488515,-0.9970668023476553,9.914007264125857,0.999,2.5895714285714284,4641.0,-0.00038187984411530707,0.0026067304878552022
3.1003051776444,-0.9971953710919214,9.916613994613714,0.999,2.589142857142857,4642.0,-0.000381879844114863,0.0026067304878569786
3.0999232978002853,-0.9973239398361875,9.91922072510157,0.999,2.5887142857142855,4643.0,-0.000381879844114863,0.0026067304878552022
3.09954141795617,-0.9974525085804536,9.921827455589424,0.999,2.588285714285714,4644.0,-0.00038187984411530707,0.0026067304878552022
3.0991595381120547,-0.9975810773247197,9.924434186077281,0.999,2.5878571428571426,4645.0,-0.00038187984411530707,0.0026067304878569786
3.09877765826794,-0.9977096460689858,9.927040916565137,0.999,2.587428571428571,4646.0,-0.000381879844114863,0.0026067304878552022
3.098395778423825,-0.9978382148132519,9.929647647052994,0.999,2.5869999999999997,4647.0,-0.000381879844114863,0.0026067304878569786
3.0980138985797097,-0.997966783557518,9.932254377540849,0.999,2.5865714285714287,4648.0,-0.00038187984411530707,0.0026067304878552022
3.0976320187355944,-0.9980953523017841,9.934861108028704,0.999,2.5861428571428573,4649.0,-0.00038187984411530707,0.0026067304878552022
3.0972501388914795,-0.9982239210460502,9.937467838516561,0.999,2.585714285714286,4650.0,-0.000381879844114863,0.0026067304878569786
3.0968682590473646,-0.9983524897903163,9.940074569004416,0.999,2.5852857142857144,4651.0,-0.000381879844114863,0.0026067304878552022
3.0964863792032493,-0.9984810585345825,9.942681299492271,0.999,2.584857142857143,4652.0,-0.00038187984411530707,0.0026067304878552022
3.096104499359134,-0.9986096272788485,9.945288029980128,0.999,2.5844285714285715,4653.0,-0.00038187984411530707,0.0026067304878569786
3.095722619515019,-0.9987381960231146,9.947894760467983,0.999,2.584,4654.0,-0.000381879844114863,0.0026067304878552022
3.095319675998054,-0.9985801789554135,9.95090395959355,0.999,2.5835714285714286,4655.0,-0.00040294351696523734,0.0030091991255662975
3.094916732481089,-0.9984221618877124,9.953913158719118,0.999,2.583142857142857,4656.0,-0.00040294351696479325,0.003009199125568074
3.094513788964124,-0.9982641448200112,9.956922357844684,0.999,2.5827142857142857,4657.0,-0.00040294351696523734,0.0030091991255662975
3.0941108454471586,-0.9981061277523102,9.95993155697025,0.999,2.5822857142857143,4658.0,-0.00040294351696523734,0.0030091991255662975
3.0937079019301934,-0.9979481106846091,9.962940756095819,0.999,2.581857142857143,4659.0,-0.00040294351696523734,0.003009199125568074
3.0933049584132286,-0.997790093616908,9.965949955221385,0.999,2.5814285714285714,4660.0,-0.00040294351696479325,0.0030091991255662975
3.0929020148962634,-0.9976320765492068,9.968959154346953,0.999,2.581,4661.0,-0.00040294351696523734,0.003009199125568074
3.092499071379298,-0.9974740594815057,9.97196835347252,0.999,2.5805714285714285,4662.0,-0.00040294351696523734,0.0030091991255662975
3.0920961278623333,-0.9973160424138046,9.974977552598085,0.999,2.580142857142857,4663.0,-0.00040294351696479325,0.0030091991255662975
3.091693184345368,-0.9971580253461034,9.977986751723654,0.999,2.5797142857142856,4664.0,-0.00040294351696523734,0.003009199125568074
3.091290240828403,-0.9970000082784024,9.98099595084922,0.999,2.579285714285714,4665.0,-0.00040294351696523734,0.0030091991255662975
3.0908872973114376,-0.9968419912107013,9.984005149974786,0.999,2.5788571428571427,4666.0,-0.00040294351696523734,0.0030091991255662975
3.090484353794473,-0.9966839741430001,9.987014349100354,0.999,2.5784285714285713,4667.0,-0.00040294351696479325,0.003009199125568074
3.0900814102775076,-0.996525957075299,9.99002354822592,0.999,2.578,4668.0,-0.00040294351696523734,0.0030091991255662975
3.089647966840802,-0.996522638017006,9.994848360109525,0.999,2.5775384615384613,4669.0,-0.00043344343670570495,0.004824811883604951
3.089214523404096,-0.996519318958713,9.99967317199313,0.999,2.577076923076923,4670.0,-0.00043344343670570495,0.004824811883604951
3.0887810799673905,-0.9965159999004202,10.004497983876735,0.999,2.5766153846153843,4671.0,-0.00043344343670570495,0.004824811883604951
3.088347636530685,-0.9965126808421272,10.009322795760342,0.999,2.5761538461538462,4672.0,-0.00043344343670570495,0.004824811883606728
3.087914193093979,-0.9965093617838342,10.014147607643947,0.999,2.5756923076923077,4673.0,-0.00043344343670570495,0.004824811883604951
3.0874807496572734,-0.9965060427255412,10.018972419527552,0.999,2.575230769230769,4674.0,-0.00043344343670570495,0.004824811883604951
3.087047306220568,-0.9965027236672483,10.023797231411157,0.999,2.5747692307692307,4675.0,-0.00043344343670526086,0.004824811883604951
3.0866138627838624,-0.9964994046089554,10.028622043294762,0.999,2.574307692307692,4676.0,-0.00043344343670570495,0.004824811883604951
3.0861804193471567,-0.9964960855506624,10.033446855178367,0.999,2.5738461538461537,4677.0,-0.00043344343670570495,0.004824811883604951
3.085746975910451,-0.9964927664923694,10.038271667061974,0.999,2.5733846153846156,4678.0,-0.00043344343670570495,0.004824811883606728
3.0853135324737453,-0.9964894474340765,10.043096478945579,0.999,2.572923076923077,4679.0,-0.00043344343670570495,0.004824811883604951
3.0848800890370396,-0.9964861283757835,10.047921290829184,0.999,2.5724615384615386,4680.0,-0.00043344343670570495,0.004824811883604951
3.084446645600334,-0.9964828093174906,10.052746102712788,0.999,2.572,4681.0,-0.00043344343670570495,0.004824811883604951
3.0840297917254693,-0.9965690841833953,10.055527748871716,0.999,2.5716428571428573,4682.0,-0.0004168538748645645,0.002781646158927842
3.083612937850605,-0.9966553590493,10.058309395030642,0.999,2.571285714285714,4683.0,-0.0004168538748641204,0.0027816461589260655
3.083196083975741,-0.9967416339152048,10.06109104118957,0.999,2.5709285714285715,4684.0,-0.0004168538748641204,0.002781646158927842
3.0827792301008765,-0.9968279087811095,10.063872687348498,0.999,2.5705714285714287,4685.0,-0.0004168538748645645,0.002781646158927842
3.082362376226012,-0.9969141836470142,10.066654333507426,0.999,2.570214285714286,4686.0,-0.0004168538748645645,0.002781646158927842
3.081945522351148,-0.997000458512919,10.069435979666352,0.999,2.569857142857143,4687.0,-0.0004168538748641204,0.0027816461589260655
3.0815286684762837,-0.9970867333788237,10.07221762582528,0.999,2.5695,4688.0,-0.0004168538748641204,0.002781646158927842
3.081111814601419,-0.9971730082447285,10.074999271984208,0.999,2.5691428571428574,4689.0,-0.0004168538748645645,0.002781646158927842
3.0806949607265546,-0.9972592831106333,10.077780918143134,0.999,2.5687857142857142,4690.0,-0.0004168538748645645,0.0027816461589260655
3.0802781068516905,-0.997345557976538,10.080562564302062,0.999,2.5684285714285715,4691.0,-0.0004168538748641204,0.002781646158927842
3.0798612529768263,-0.9974318328424427,10.08334421046099,0.999,2.568071428571429,4692.0,-0.0004168538748641204,0.002781646158927842
3.0794443991019618,-0.9975181077083475,10.086125856619917,0.999,2.567714285714286,4693.0,-0.0004168538748645645,0.002781646158927842
3.079027545227097,-0.9976043825742522,10.088907502778843,0.999,2.567357142857143,4694.0,-0.0004168538748645645,0.0027816461589260655
3.078610691352233,-0.997690657440157,10.091689148937771,0.999,2.567,4695.0,-0.0004168538748641204,0.002781646158927842
3.0781461453308854,-0.9975855047659488,10.094882141307812,0.999,2.5665384615384617,4696.0,-0.0004645460213477115,0.0031929923700406704
3.077681599309537,-0.9974803520917407,10.098075133677852,0.999,2.566076923076923,4697.0,-0.0004645460213481556,0.0031929923700406704
3.0772170532881895,-0.9973751994175325,10.101268126047893,0.999,2.5656153846153846,4698.0,-0.0004645460213477115,0.0031929923700406704
3.076752507266842,-0.9972700467433244,10.104461118417936,0.999,2.565153846153846,4699.0,-0.0004645460213477115,0.0031929923700424467
3.0762879612454936,-0.9971648940691162,10.107654110787976,0.999,2.5646923076923076,4700.0,-0.0004645460213481556,0.0031929923700406704
3.075823415224146,-0.9970597413949082,10.110847103158017,0.999,2.564230769230769,4701.0,-0.0004645460213477115,0.0031929923700406704
3.075358869202798,-0.9969545887207,10.114040095528058,0.999,2.563769230769231,4702.0,-0.0004645460213477115,0.0031929923700406704
3.0748943231814505,-0.9968494360464919,10.117233087898098,0.999,2.5633076923076925,4703.0,-0.0004645460213477115,0.0031929923700406704
3.0744297771601024,-0.9967442833722837,10.120426080268139,0.999,2.562846153846154,4704.0,-0.0004645460213481556,0.0031929923700406704
3.0739652311387546,-0.9966391306980756,10.123619072638181,0.999,2.5623846153846155,4705.0,-0.0004645460213477115,0.0031929923700424467
3.073500685117407,-0.9965339780238675,10.126812065008222,0.999,2.561923076923077,4706.0,-0.0004645460213477115,0.0031929923700406704
3.0730361390960588,-0.9964288253496594,10.130005057378263,0.999,2.5614615384615385,4707.0,-0.0004645460213481556,0.0031929923700406704
3.072571593074711,-0.9963236726754512,10.133198049748303,0.999,2.561,4708.0,-0.0004645460213477115,0.0031929923700406704
3.072127646858136,-0.9963167884517243,10.134019869903263,0.999,2.5604999999999998,4709.0,-0.00044394621657506406,0.0008218201549592408
3.0716837006415605,-0.9963099042279975,10.134841690058222,0.999,2.56,4710.0,-0.00044394621657550815,0.0008218201549592408
3.071239754424985,-0.9963030200042707,10.135663510213181,0.999,2.5595,4711.0,-0.00044394621657550815,0.0008218201549592408
3.07079580820841,-0.9962961357805439,10.13648533036814,0.999,2.5589999999999997,4712.0,-0.00044394621657506406,0.0008218201549592408
3.070351861991835,-0.996289251556817,10.1373071505231,0.999,2.5585,4713.0,-0.00044394621657506406,0.0008218201549592408
3.0699079157752593,-0.9962823673330902,10.138128970678059,0.999,2.558,4714.0,-0.00044394621657550815,0.0008218201549592408
3.069463969558684,-0.9962754831093634,10.138950790833018,0.999,2.5575,4715.0,-0.00044394621657550815,0.0008218201549592408
3.0690200233421088,-0.9962685988856366,10.139772610987977,0.999,2.557,4716.0,-0.00044394621657506406,0.0008218201549592408
3.0685760771255337,-0.9962617146619097,10.140594431142937,0.999,2.5564999999999998,4717.0,-0.00044394621657506406,0.0008218201549592408
3.068132130908958,-0.9962548304381829,10.141416251297896,0.999,2.556,4718.0,-0.00044394621657550815,0.0008218201549592408
3.0676881846923827,-0.996247946214456,10.142238071452855,0.999,2.5555,4719.0,-0.00044394621657550815,0.0008218201549592408
3.0672442384758076,-0.9962410619907293,10.143059891607814,0.999,2.5549999999999997,4720.0,-0.00044394621657506406,0.0008218201549592408
3.0668002922592326,-0.9962341777670024,10.143881711762774,0.999,2.5545,4721.0,-0.00044394621657506406,0.0008218201549592408
3.066356346042657,-0.9962272935432755,10.144703531917733,0.999,2.554,4722.0,-0.00044394621657550815,0.0008218201549592408
3.0659081352007327,-0.9962541341140028,10.14810940861851,0.999,2.5535714285714284,4723.0,-0.000448210841924368,0.0034058767007767443
3.0654599243588083,-0.99628097468473,10.151515285319288,0.999,2.553142857142857,4724.0,-0.000448210841924368,0.0034058767007785207
3.065011713516884,-0.9963078152554571,10.154921162020065,0.999,2.5527142857142855,4725.0,-0.000448210841924368,0.0034058767007767443
3.064563502674959,-0.9963346558261843,10.158327038720842,0.999,2.552285714285714,4726.0,-0.0004482108419248121,0.0034058767007767443
3.0641152918330348,-0.9963614963969115,10.161732915421618,0.999,2.5518571428571426,4727.0,-0.000448210841924368,0.0034058767007767443
3.0636670809911104,-0.9963883369676387,10.165138792122397,0.999,2.551428571428571,4728.0,-0.000448210841924368,0.0034058767007785207
3.063218870149186,-0.9964151775383658,10.168544668823174,0.999,2.5509999999999997,4729.0,-0.000448210841924368,0.0034058767007767443
3.0627706593072617,-0.996442018109093,10.17195054552395,0.999,2.5505714285714287,4730.0,-0.000448210841924368,0.0034058767007767443
3.0623224484653373,-0.9964688586798203,10.175356422224729,0.999,2.5501428571428573,4731.0,-0.000448210841924368,0.0034058767007785207
3.061874237623413,-0.9964956992505475,10.178762298925506,0.999,2.549714285714286,4732.0,-0.000448210841924368,0.0034058767007767443
3.061426026781488,-0.9965225398212747,10.182168175626282,0.999,2.5492857142857144,4733.0,-0.0004482108419248121,0.0034058767007767443
3.0609778159395638,-0.9965493803920018,10.185574052327059,0.999,2.548857142857143,4734.0,-0.000448210841924368,0.0034058767007767443
3.0605296050976394,-0.996576220962729,10.188979929027838,0.999,2.5484285714285715,4735.0,-0.000448210841924368,0.0034058767007785207
3.060081394255715,-0.9966030615334562,10.192385805728614,0.999,2.548,4736.0,-0.000448210841924368,0.0034058767007767443
3.0595814384405995,-0.99670132764944,10.196088830149073,0.999,2.5475384615384615,4737.0,-0.000499955815115527,0.003703024420458334
3.0590814826254835,-0.9967995937654237,10.19979185456953,0.999,2.547076923076923,4738.0,-0.0004999558151159711,0.0037030244204565577
3.058581526810368,-0.9968978598814074,10.203494878989988,0.999,2.5466153846153845,4739.0,-0.000499955815115527,0.003703024420458334
3.058081570995252,-0.9969961259973912,10.207197903410444,0.999,2.546153846153846,4740.0,-0.0004999558151159711,0.0037030244204565577
3.0575816151801365,-0.9970943921133749,10.210900927830902,0.999,2.5456923076923075,4741.0,-0.000499955815115527,0.003703024420458334
3.0570816593650205,-0.9971926582293587,10.21460395225136,0.999,2.545230769230769,4742.0,-0.0004999558151159711,0.003703024420458334
3.056581703549905,-0.9972909243453424,10.218306976671817,0.999,2.544769230769231,4743.0,-0.000499955815115527,0.0037030244204565577
3.056081747734789,-0.9973891904613261,10.222010001092276,0.999,2.5443076923076924,4744.0,-0.0004999558151159711,0.003703024420458334
3.0555817919196735,-0.9974874565773099,10.225713025512734,0.999,2.543846153846154,4745.0,-0.000499955815115527,0.003703024420458334
3.0550818361045575,-0.9975857226932936,10.22941604993319,0.999,2.5433846153846154,4746.0,-0.0004999558151159711,0.0037030244204565577
3.054581880289442,-0.9976839888092773,10.233119074353649,0.999,2.542923076923077,4747.0,-0.000499955815115527,0.003703024420458334
3.054081924474326,-0.9977822549252611,10.236822098774105,0.999,2.5424615384615383,4748.0,-0.0004999558151159711,0.0037030244204565577
3.0535819686592105,-0.9978805210412448,10.240525123194564,0.999,2.542,4749.0,-0.000499955815115527,0.003703024420458334
3.0531151724962475,-0.9977730745230196,10.243922802634186,0.999,2.5415714285714284,4750.0,-0.000466796162962968,0.0033976794396224363
3.0526483763332846,-0.9976656280047942,10.247320482073809,0.999,2.541142857142857,4751.0,-0.000466796162962968,0.0033976794396224363
3.0521815801703216,-0.9975581814865689,10.250718161513431,0.999,2.5407142857142855,4752.0,-0.000466796162962968,0.0033976794396224363
3.0517147840073586,-0.9974507349683437,10.254115840953054,0.999,2.540285714285714,4753.0,-0.000466796162962968,0.0033976794396224363
3.0512479878443957,-0.9973432884501184,10.257513520392676,0.999,2.5398571428571426,4754.0,-0.000466796162962968,0.0033976794396224363
3.0507811916814327,-0.9972358419318931,10.260911199832298,0.999,2.539428571428571,4755.0,-0.000466796162962968,0.0033976794396224363
3.0503143955184697,-0.9971283954136678,10.264308879271923,0.999,2.5389999999999997,4756.0,-0.000466796162962968,0.0033976794396242127
3.049847599355507,-0.9970209488954426,10.267706558711545,0.999,2.5385714285714287,4757.0,-0.0004667961629625239,0.0033976794396224363
3.0493808031925442,-0.9969135023772172,10.271104238151167,0.999,2.5381428571428573,4758.0,-0.000466796162962968,0.0033976794396224363
3.0489140070295813,-0.996806055858992,10.27450191759079,0.999,2.537714285714286,4759.0,-0.000466796162962968,0.0033976794396224363
3.0484472108666183,-0.9966986093407667,10.277899597030412,0.999,2.5372857142857144,4760.0,-0.000466796162962968,0.0033976794396224363
3.0479804147036553,-0.9965911628225415,10.281297276470035,0.999,2.536857142857143,4761.0,-0.000466796162962968,0.0033976794396224363
3.0475136185406924,-0.9964837163043161,10.284694955909657,0.999,2.5364285714285715,4762.0,-0.000466796162962968,0.0033976794396224363
3.0470468223777294,-0.9963762697860908,10.28809263534928,0.999,2.536,4763.0,-0.000466796162962968,0.0033976794396224363
3.046556850237002,-0.9961994314126021,10.289696750883397,0.999,2.5355,4764.0,-0.0004899721407274349,0.001604115534117767
3.046066878096275,-0.9960225930391133,10.291300866417515,0.999,2.535,4765.0,-0.0004899721407269908,0.001604115534117767
3.0455769059555475,-0.9958457546656246,10.292904981951633,0.999,2.5345,4766.0,-0.0004899721407274349,0.001604115534117767
3.0450869338148205,-0.9956689162921358,10.294509097485749,0.999,2.534,4767.0,-0.0004899721407269908,0.0016041155341159907
3.044596961674093,-0.9954920779186471,10.296113213019867,0.999,2.5335,4768.0,-0.0004899721407274349,0.001604115534117767
3.044106989533366,-0.9953152395451583,10.297717328553984,0.999,2.533,4769.0,-0.0004899721407269908,0.001604115534117767
3.0436170173926387,-0.9951384011716696,10.299321444088102,0.999,2.5325,4770.0,-0.0004899721407274349,0.001604115534117767
3.0431270452519112,-0.9949615627981809,10.30092555962222,0.999,2.532,4771.0,-0.0004899721407274349,0.001604115534117767
3.0426370731111843,-0.9947847244246921,10.302529675156338,0.999,2.5315,4772.0,-0.0004899721407269908,0.001604115534117767
3.042147100970457,-0.9946078860512034,10.304133790690456,0.999,2.531,4773.0,-0.0004899721407274349,0.001604115534117767
3.04165712882973,-0.9944310476777146,10.305737906224572,0.999,2.5305,4774.0,-0.0004899721407269908,0.0016041155341159907
3.0411671566890024,-0.9942542093042259,10.30734202175869,0.999,2.53,4775.0,-0.0004899721407274349,0.001604115534117767
3.0406771845482754,-0.9940773709307371,10.308946137292807,0.999,2.5295,4776.0,-0.0004899721407269908,0.001604115534117767
3.040187212407548,-0.9939005325572484,10.310550252826925,0.999,2.529,4777.0,-0.0004899721407274349,0.001604115534117767
3.0396393089385776,-0.9939615438346786,10.313263452750872,0.999,2.5284615384615385,4778.0,-0.0005479034689703788,0.0027131999239475846
3.0390914054696077,-0.9940225551121088,10.315976652674818,0.999,2.5279230769230767,4779.0,-0.0005479034689699347,0.0027131999239458082
3.0385435020006373,-0.994083566389539,10.318689852598766,0.999,2.5273846153846153,4780.0,-0.0005479034689703788,0.0027131999239475846
3.0379955985316673,-0.9941445776669692,10.321403052522712,0.999,2.5268461538461535,4781.0,-0.0005479034689699347,0.0027131999239458082
3.037447695062697,-0.9942055889443994,10.32411625244666,0.999,2.526307692307692,4782.0,-0.0005479034689703788,0.0027131999239475846
3.036899791593727,-0.9942666002218296,10.326829452370605,0.999,2.5257692307692308,4783.0,-0.0005479034689699347,0.0027131999239458082
3.0363518881247566,-0.9943276114992596,10.329542652294553,0.999,2.525230769230769,4784.0,-0.0005479034689703788,0.0027131999239475846
3.0358039846557867,-0.9943886227766898,10.332255852218498,0.999,2.5246923076923076,4785.0,-0.0005479034689699347,0.0027131999239458082
3.0352560811868163,-0.99444963405412,10.334969052142446,0.999,2.524153846153846,4786.0,-0.0005479034689703788,0.0027131999239475846
3.0347081777178464,-0.9945106453315502,10.337682252066392,0.999,2.5236153846153844,4787.0,-0.0005479034689699347,0.0027131999239458082
3.034160274248876,-0.9945716566089804,10.34039545199034,0.999,2.523076923076923,4788.0,-0.0005479034689703788,0.0027131999239475846
3.033612370779906,-0.9946326678864106,10.343108651914285,0.999,2.522538461538461,4789.0,-0.0005479034689699347,0.0027131999239458082
3.0330644673109357,-0.9946936791638408,10.345821851838233,0.999,2.522,4790.0,-0.0005479034689703788,0.0027131999239475846
3.0325373744901625,-0.9948290580258796,10.34868956077834,0.999,2.5214285714285714,4791.0,-0.0005270928207732339,0.0028677089401067946
3.032010281669389,-0.9949644368879185,10.351557269718446,0.999,2.5208571428571425,4792.0,-0.000527092820773678,0.0028677089401067946
3.0314831888486156,-0.9950998157499574,10.354424978658553,0.999,2.520285714285714,4793.0,-0.0005270928207732339,0.0028677089401067946
3.0309560960278423,-0.9952351946119963,10.357292687598658,0.999,2.5197142857142856,4794.0,-0.0005270928207732339,0.002867708940105018
3.0304290032070687,-0.9953705734740351,10.360160396538765,0.999,2.519142857142857,4795.0,-0.000527092820773678,0.0028677089401067946
3.0299019103862954,-0.995505952336074,10.363028105478872,0.999,2.5185714285714282,4796.0,-0.0005270928207732339,0.0028677089401067946
3.0293748175655217,-0.9956413311981129,10.365895814418979,0.999,2.518,4797.0,-0.000527092820773678,0.0028677089401067946
3.0288477247447485,-0.9957767100601518,10.368763523359085,0.999,2.5174285714285713,4798.0,-0.0005270928207732339,0.0028677089401067946
3.0283206319239753,-0.9959120889221906,10.371631232299192,0.999,2.5168571428571425,4799.0,-0.0005270928207732339,0.0028677089401067946
3.0277935391032016,-0.9960474677842295,10.374498941239299,0.999,2.516285714285714,4800.0,-0.000527092820773678,0.0028677089401067946
3.0272664462824284,-0.9961828466462683,10.377366650179404,0.999,2.5157142857142856,4801.0,-0.0005270928207732339,0.002867708940105018
3.026739353461655,-0.9963182255083073,10.38023435911951,0.999,2.515142857142857,4802.0,-0.0005270928207732339,0.0028677089401067946
3.0262122606408814,-0.9964536043703461,10.383102068059618,0.999,2.5145714285714282,4803.0,-0.000527092820773678,0.0028677089401067946
3.025685167820108,-0.996588983232385,10.385969776999724,0.999,2.514,4804.0,-0.0005270928207732339,0.0028677089401067946
3.0251063711832926,-0.9967194646608257,10.389574824755043,0.9989846153846154,2.5134615384615384,4805.0,-0.0005787966368155928,0.0036050477553182247
3.0245275745464775,-0.9968499460892664,10.393179872510363,0.9989692307692307,2.5129230769230766,4806.0,-0.0005787966368151487,0.003605047755320001
3.023948777909662,-0.9969804275177071,10.39678492026568,0.9989538461538462,2.512384615384615,4807.0,-0.0005787966368155928,0.0036050477553182247
3.0233699812728463,-0.9971109089461477,10.400389968021,0.9989384615384616,2.511846153846154,4808.0,-0.0005787966368155928,0.003605047755320001
3.022791184636031,-0.9972413903745885,10.403995015776319,0.9989230769230769,2.511307692307692,4809.0,-0.0005787966368151487,0.0036050477553182247
3.0222123879992155,-0.9973718718030291,10.407600063531639,0.9989076923076923,2.5107692307692306,4810.0,-0.0005787966368155928,0.003605047755320001
3.0216335913624,-0.9975023532314699,10.411205111286957,0.9988923076923077,2.5102307692307693,4811.0,-0.0005787966368155928,0.0036050477553182247
3.0210547947255844,-0.9976328346599105,10.414810159042277,0.9988769230769231,2.509692307692308,4812.0,-0.0005787966368155928,0.003605047755320001
3.020475998088769,-0.9977633160883512,10.418415206797595,0.9988615384615385,2.509153846153846,4813.0,-0.0005787966368151487,0.0036050477553182247
3.0198972014519536,-0.9978937975167919,10.422020254552915,0.9988461538461538,2.5086153846153847,4814.0,-0.0005787966368155928,0.003605047755320001
3.019318404815138,-0.9980242789452326,10.425625302308234,0.9988307692307693,2.5080769230769233,4815.0,-0.0005787966368155928,0.0036050477553182247
3.018739608178323,-0.9981547603736732,10.429230350063554,0.9988153846153847,2.5075384615384615,4816.0,-0.0005787966368151487,0.003605047755320001
3.0181608115415073,-0.998285241802114,10.432835397818872,0.9988,2.507,4817.0,-0.0005787966368155928,0.0036050477553182247
3.0176079322964675,-0.9982401397985954,10.436319960900057,0.9988142857142858,2.5064285714285717,4818.0,-0.0005528792450397724,0.003484563081185499
3.0170550530514273,-0.9981950377950767,10.439804523981241,0.9988285714285714,2.505857142857143,4819.0,-0.0005528792450402165,0.0034845630811837225
3.0165021738063875,-0.9981499357915581,10.443289087062425,0.9988428571428571,2.5052857142857143,4820.0,-0.0005528792450397724,0.0034845630811837225
3.0159492945613477,-0.9981048337880395,10.44677365014361,0.9988571428571429,2.504714285714286,4821.0,-0.0005528792450397724,0.003484563081185499
3.015396415316308,-0.9980597317845209,10.450258213224796,0.9988714285714286,2.5041428571428574,4822.0,-0.0005528792450397724,0.003484563081185499
3.0148435360712678,-0.9980146297810022,10.45374277630598,0.9988857142857143,2.5035714285714286,4823.0,-0.0005528792450402165,0.0034845630811837225
3.014290656826228,-0.9979695277774836,10.457227339387163,0.9989,2.503,4824.0,-0.0005528792450397724,0.0034845630811837225
3.013737777581188,-0.997924425773965,10.460711902468349,0.9989142857142858,2.5024285714285717,4825.0,-0.0005528792450397724,0.003484563081185499
3.013184898336148,-0.9978793237704463,10.464196465549534,0.9989285714285714,2.501857142857143,4826.0,-0.0005528792450402165,0.003484563081185499
3.0126320190911082,-0.9978342217669277,10.467681028630718,0.9989428571428571,2.5012857142857143,4827.0,-0.0005528792450397724,0.0034845630811837225
3.0120791398460685,-0.9977891197634091,10.471165591711902,0.9989571428571429,2.500714285714286,4828.0,-0.0005528792450397724,0.0034845630811837225
3.0115262606010287,-0.9977440177598905,10.474650154793087,0.9989714285714286,2.5001428571428574,4829.0,-0.0005528792450397724,0.003484563081185499
3.0109733813559885,-0.9976989157563718,10.478134717874273,0.9989857142857143,2.4995714285714286,4830.0,-0.0005528792450402165,0.003484563081185499
3.0104205021109487,-0.9976538137528532,10.481619280955456,0.999,2.499,4831.0,-0.0005528792450397724,0.0034845630811837225
3.009850752997604,-0.9974767803105501,10.484495656507459,0.999,2.4984285714285717,4832.0,-0.0005697491133447308,0.002876375552002486
3.0092810038842592,-0.9972997468682469,10.487372032059463,0.999,2.4978571428571428,4833.0,-0.0005697491133447308,0.002876375552004262
3.0087112547709145,-0.9971227134259437,10.490248407611467,0.999,2.4972857142857143,4834.0,-0.0005697491133447308,0.002876375552004262
3.0081415056575693,-0.9969456799836406,10.49312478316347,0.999,2.496714285714286,4835.0,-0.0005697491133451749,0.002876375552002486
3.0075717565442246,-0.9967686465413373,10.496001158715472,0.999,2.4961428571428574,4836.0,-0.0005697491133447308,0.002876375552002486
3.00700200743088,-0.9965916130990342,10.498877534267477,0.999,2.4955714285714286,4837.0,-0.0005697491133447308,0.002876375552004262
3.006432258317535,-0.996414579656731,10.501753909819481,0.999,2.495,4838.0,-0.0005697491133447308,0.002876375552004262
3.0058625092041904,-0.9962375462144278,10.504630285371483,0.999,2.4944285714285717,4839.0,-0.0005697491133447308,0.002876375552002486
3.0052927600908457,-0.9960605127721247,10.507506660923486,0.999,2.4938571428571428,4840.0,-0.0005697491133447308,0.002876375552002486
3.004723010977501,-0.9958834793298215,10.51038303647549,0.999,2.4932857142857143,4841.0,-0.0005697491133447308,0.002876375552004262
3.0041532618641558,-0.9957064458875183,10.513259412027494,0.999,2.492714285714286,4842.0,-0.0005697491133451749,0.002876375552004262
3.003583512750811,-0.9955294124452152,10.516135787579497,0.999,2.4921428571428574,4843.0,-0.0005697491133447308,0.002876375552002486
3.0030137636374663,-0.995352379002912,10.5190121631315,0.999,2.4915714285714285,4844.0,-0.0005697491133447308,0.002876375552002486
3.0024440145241216,-0.9951753455606088,10.521888538683504,0.999,2.491,4845.0,-0.0005697491133447308,0.002876375552004262
3.001818141915247,-0.9953301718795086,10.523203548323258,0.9989846153846154,2.4903076923076926,4846.0,-0.0006258726088743671,0.0013150096397538391
3.001192269306373,-0.9954849981984083,10.524518557963011,0.9989692307692307,2.4896153846153846,4847.0,-0.0006258726088743671,0.0013150096397538391
3.000566396697499,-0.995639824517308,10.525833567602765,0.9989538461538462,2.488923076923077,4848.0,-0.000625872608873923,0.0013150096397538391
2.9999405240886245,-0.9957946508362077,10.527148577242519,0.9989384615384616,2.4882307692307695,4849.0,-0.0006258726088743671,0.0013150096397538391
2.99931465147975,-0.9959494771551074,10.528463586882273,0.9989230769230769,2.4875384615384615,4850.0,-0.0006258726088743671,0.0013150096397538391
2.998688778870876,-0.9961043034740071,10.529778596522027,0.9989076923076923,2.486846153846154,4851.0,-0.0006258726088743671,0.0013150096397538391
2.998062906262002,-0.9962591297929069,10.53109360616178,0.9988923076923077,2.4861538461538464,4852.0,-0.000625872608873923,0.0013150096397538391
2.9974370336531275,-0.9964139561118066,10.532408615801534,0.9988769230769231,2.485461538461539,4853.0,-0.0006258726088743671,0.0013150096397538391
2.996811161044253,-0.9965687824307063,10.533723625441288,0.9988615384615385,2.484769230769231,4854.0,-0.0006258726088743671,0.0013150096397538391
2.996185288435379,-0.996723608749606,10.535038635081042,0.9988461538461538,2.4840769230769233,4855.0,-0.0006258726088743671,0.0013150096397538391
2.995559415826505,-0.9968784350685057,10.536353644720796,0.9988307692307693,2.4833846153846157,4856.0,-0.000625872608873923,0.0013150096397538391
2.9949335432176305,-0.9970332613874054,10.53766865436055,0.9988153846153847,2.4826923076923078,4857.0,-0.0006258726088743671,0.0013150096397538391
2.994307670608756,-0.9971880877063052,10.538983664000304,0.9988,2.482,4858.0,-0.0006258726088743671,0.0013150096397538391
2.993692628913648,-0.9972483961593582,10.544911953893546,0.9988142857142858,2.4814285714285718,4859.0,-0.0006150416951080651,0.0059282898932426775
2.9930775872185404,-0.9973087046124114,10.550840243786787,0.9988285714285714,2.480857142857143,4860.0,-0.000615041695107621,0.005928289893240901
2.9924625455234324,-0.9973690130654644,10.55676853368003,0.9988428571428571,2.4802857142857144,4861.0,-0.0006150416951080651,0.0059282898932426775
2.9918475038283243,-0.9974293215185175,10.562696823573273,0.9988571428571429,2.479714285714286,4862.0,-0.0006150416951080651,0.0059282898932426775
2.9912324621332167,-0.9974896299715706,10.568625113466513,0.9988714285714286,2.4791428571428575,4863.0,-0.000615041695107621,0.005928289893240901
2.9906174204381086,-0.9975499384246237,10.574553403359756,0.9988857142857143,2.4785714285714286,4864.0,-0.0006150416951080651,0.0059282898932426775
2.990002378743001,-0.9976102468776767,10.580481693252999,0.9989,2.478,4865.0,-0.000615041695107621,0.0059282898932426775
2.989387337047893,-0.9976705553307299,10.58640998314624,0.9989142857142858,2.4774285714285718,4866.0,-0.0006150416951080651,0.005928289893240901
2.988772295352785,-0.997730863783783,10.592338273039482,0.9989285714285714,2.476857142857143,4867.0,-0.0006150416951080651,0.0059282898932426775
2.9881572536576773,-0.9977911722368361,10.598266562932723,0.9989428571428571,2.4762857142857144,4868.0,-0.000615041695107621,0.005928289893240901
2.987542211962569,-0.9978514806898892,10.604194852825966,0.9989571428571429,2.475714285714286,4869.0,-0.0006150416951080651,0.0059282898932426775
2.986927170267461,-0.9979117891429422,10.610123142719209,0.9989714285714286,2.4751428571428575,4870.0,-0.0006150416951080651,0.0059282898932426775
2.9863121285723535,-0.9979720975959954,10.61605143261245,0.9989857142857143,2.4745714285714286,4871.0,-0.000615041695107621,0.005928289893240901
2.9856970868772454,-0.9980324060490484,10.621979722505692,0.999,2.474,4872.0,-0.0006150416951080651,0.0059282898932426775
2.9850817893585746,-0.9980063062534634,10.625124605492676,0.999,2.4734285714285718,4873.0,-0.0006152975186708431,0.003144882986983788
2.9844664918399038,-0.9979802064578784,10.628269488479662,0.999,2.472857142857143,4874.0,-0.0006152975186708431,0.0031448829869855643
2.983851194321233,-0.9979541066622933,10.631414371466645,0.999,2.4722857142857144,4875.0,-0.0006152975186708431,0.003144882986983788
2.983235896802562,-0.9979280068667084,10.63455925445363,0.999,2.471714285714286,4876.0,-0.0006152975186708431,0.003144882986983788
2.9826205992838912,-0.9979019070711234,10.637704137440615,0.999,2.4711428571428575,4877.0,-0.0006152975186708431,0.0031448829869855643
2.9820053017652204,-0.9978758072755384,10.640849020427599,0.999,2.4705714285714286,4878.0,-0.0006152975186708431,0.003144882986983788
2.98139000424655,-0.9978497074799533,10.643993903414584,0.999,2.47,4879.0,-0.0006152975186703991,0.0031448829869855643
2.980774706727879,-0.9978236076843683,10.647138786401568,0.999,2.4694285714285718,4880.0,-0.0006152975186708431,0.003144882986983788
2.9801594092092083,-0.9977975078887833,10.650283669388552,0.999,2.468857142857143,4881.0,-0.0006152975186708431,0.003144882986983788
2.9795441116905375,-0.9977714080931983,10.653428552375537,0.999,2.4682857142857144,4882.0,-0.0006152975186708431,0.0031448829869855643
2.9789288141718666,-0.9977453082976133,10.656573435362521,0.999,2.467714285714286,4883.0,-0.0006152975186708431,0.003144882986983788
2.9783135166531958,-0.9977192085020282,10.659718318349505,0.999,2.4671428571428575,4884.0,-0.0006152975186708431,0.003144882986983788
2.977698219134525,-0.9976931087064432,10.66286320133649,0.999,2.4665714285714286,4885.0,-0.0006152975186708431,0.0031448829869855643
2.977082921615854,-0.9976670089108582,10.666008084323474,0.999,2.466,4886.0,-0.0006152975186708431,0.003144882986983788
2.9763917980769543,-0.9975947901042737,10.667139336128717,0.999,2.4652307692307693,4887.0,-0.0006911235388997738,0.001131251805242428
2.975700674538054,-0.9975225712976892,10.668270587933959,0.999,2.4644615384615385,4888.0,-0.0006911235389002179,0.001131251805242428
2.9750095509991543,-0.9974503524911046,10.669401839739201,0.999,2.4636923076923076,4889.0,-0.0006911235388997738,0.001131251805242428
2.974318427460254,-0.99737813368452,10.670533091544444,0.999,2.462923076923077,4890.0,-0.0006911235389002179,0.001131251805242428
2.9736273039213543,-0.9973059148779355,10.671664343349686,0.999,2.4621538461538464,4891.0,-0.0006911235388997738,0.001131251805242428
2.9729361803824546,-0.9972336960713509,10.672795595154929,0.999,2.4613846153846155,4892.0,-0.0006911235388997738,0.001131251805242428
2.9722450568435543,-0.9971614772647663,10.67392684696017,0.999,2.4606153846153846,4893.0,-0.0006911235389002179,0.0011312518052406517
2.9715539333046546,-0.9970892584581817,10.675058098765412,0.999,2.459846153846154,4894.0,-0.0006911235388997738,0.001131251805242428
2.970862809765755,-0.9970170396515973,10.676189350570654,0.999,2.459076923076923,4895.0,-0.0006911235388997738,0.001131251805242428
2.9701716862268546,-0.9969448208450127,10.677320602375897,0.999,2.4583076923076925,4896.0,-0.0006911235389002179,0.001131251805242428
2.969480562687955,-0.9968726020384281,10.678451854181139,0.999,2.4575384615384617,4897.0,-0.0006911235388997738,0.001131251805242428
2.9687894391490546,-0.9968003832318436,10.679583105986381,0.999,2.456769230769231,4898.0,-0.0006911235389002179,0.001131251805242428
2.968098315610155,-0.996728164425259,10.680714357791624,0.999,2.456,4899.0,-0.0006911235388997738,0.001131251805242428
2.967431489289562,-0.9967033520279379,10.668279144630954,0.999,2.455357142857143,4900.0,-0.0006668263205926728,-0.012435213160669534
2.96676466296897,-0.9966785396306168,10.655843931470283,0.999,2.4547142857142856,4901.0,-0.0006668263205922287,-0.01243521316067131
2.9660978366483772,-0.9966537272332956,10.643408718309614,0.999,2.4540714285714285,4902.0,-0.0006668263205926728,-0.012435213160669534
2.9654310103277846,-0.9966289148359745,10.630973505148944,0.999,2.4534285714285713,4903.0,-0.0006668263205926728,-0.012435213160669534
2.9647641840071923,-0.9966041024386534,10.618538291988274,0.999,2.452785714285714,4904.0,-0.0006668263205922287,-0.012435213160669534
2.9640973576865997,-0.9965792900413323,10.606103078827603,0.999,2.452142857142857,4905.0,-0.0006668263205926728,-0.01243521316067131
2.9634305313660074,-0.9965544776440111,10.593667865666934,0.999,2.4515000000000002,4906.0,-0.0006668263205922287,-0.012435213160669534
2.9627637050454148,-0.99652966524669,10.581232652506264,0.999,2.450857142857143,4907.0,-0.0006668263205926728,-0.012435213160669534
2.962096878724822,-0.9965048528493688,10.568797439345593,0.999,2.450214285714286,4908.0,-0.0006668263205926728,-0.01243521316067131
2.96143005240423,-0.9964800404520477,10.556362226184923,0.999,2.4495714285714287,4909.0,-0.0006668263205922287,-0.012435213160669534
2.960763226083637,-0.9964552280547266,10.543927013024254,0.999,2.4489285714285716,4910.0,-0.0006668263205926728,-0.012435213160669534
2.9600963997630445,-0.9964304156574054,10.531491799863584,0.999,2.4482857142857144,4911.0,-0.0006668263205926728,-0.012435213160669534
2.9594295734424523,-0.9964056032600843,10.519056586702913,0.999,2.4476428571428572,4912.0,-0.0006668263205922287,-0.01243521316067131
2.9587627471218596,-0.9963807908627632,10.506621373542243,0.999,2.447,4913.0,-0.0006668263205926728,-0.012435213160669534
2.9579541218690846,-0.9965329774303775,10.467767651850252,0.999,2.4461538461538463,4914.0,-0.0008086252527750304,-0.03885372169199108
2.95714549661631,-0.9966851639979919,10.428913930158261,0.999,2.445307692307692,4915.0,-0.0008086252527745863,-0.03885372169199108
2.956336871363535,-0.9968373505656062,10.39006020846627,0.999,2.4444615384615385,4916.0,-0.0008086252527750304,-0.03885372169199108
2.95552824611076,-0.9969895371332206,10.351206486774279,0.999,2.4436153846153847,4917.0,-0.0008086252527750304,-0.03885372169199108
2.9547196208579853,-0.9971417237008349,10.312352765082288,0.999,2.4427692307692306,4918.0,-0.0008086252527745863,-0.03885372169199108
2.9539109956052103,-0.9972939102684493,10.273499043390297,0.999,2.441923076923077,4919.0,-0.0008086252527750304,-0.03885372169199108
2.9531023703524353,-0.9974460968360636,10.234645321698306,0.999,2.441076923076923,4920.0,-0.0008086252527750304,-0.03885372169199108
2.9522937450996602,-0.997598283403678,10.195791600006315,0.999,2.4402307692307694,4921.0,-0.0008086252527750304,-0.03885372169199108
2.9514851198468857,-0.9977504699712922,10.156937878314324,0.999,2.4393846153846153,4922.0,-0.0008086252527745863,-0.03885372169199108
2.9506764945941106,-0.9979026565389066,10.118084156622333,0.999,2.4385384615384615,4923.0,-0.0008086252527750304,-0.03885372169199108
2.9498678693413356,-0.9980548431065209,10.079230434930341,0.999,2.437692307692308,4924.0,-0.0008086252527750304,-0.03885372169199108
2.949059244088561,-0.9982070296741353,10.04037671323835,0.999,2.4368461538461537,4925.0,-0.0008086252527745863,-0.03885372169199108
2.948250618835786,-0.9983592162417496,10.00152299154636,0.999,2.436,4926.0,-0.0008086252527750304,-0.03885372169199108
2.9474258532421507,-0.9982007132732913,9.981194346933263,0.999,2.4352142857142858,4927.0,-0.0008247655936353127,-0.02032864461309636
2.9466010876485154,-0.9980422103048331,9.960865702320168,0.999,2.434428571428571,4928.0,-0.0008247655936353127,-0.020328644613094582
2.94577632205488,-0.9978837073363748,9.940537057707072,0.999,2.433642857142857,4929.0,-0.0008247655936353127,-0.02032864461309636
2.944951556461245,-0.9977252043679165,9.920208413093976,0.999,2.432857142857143,4930.0,-0.0008247655936348686,-0.02032864461309636
2.94412679086761,-0.9975667013994581,9.899879768480881,0.999,2.4320714285714287,4931.0,-0.0008247655936353127,-0.020328644613094582
2.9433020252739746,-0.9974081984309999,9.879551123867785,0.999,2.431285714285714,4932.0,-0.0008247655936353127,-0.02032864461309636
2.9424772596803392,-0.9972496954625416,9.85922247925469,0.999,2.4305,4933.0,-0.0008247655936353127,-0.020328644613094582
2.941652494086704,-0.9970911924940833,9.838893834641594,0.999,2.4297142857142857,4934.0,-0.0008247655936353127,-0.02032864461309636
2.9408277284930686,-0.9969326895256251,9.818565190028497,0.999,2.428928571428571,4935.0,-0.0008247655936353127,-0.02032864461309636
2.9400029628994333,-0.9967741865571668,9.798236545415403,0.999,2.428142857142857,4936.0,-0.0008247655936353127,-0.020328644613094582
2.9391781973057984,-0.9966156835887084,9.777907900802306,0.999,2.4273571428571428,4937.0,-0.0008247655936348686,-0.02032864461309636
2.938353431712163,-0.9964571806202501,9.75757925618921,0.999,2.4265714285714286,4938.0,-0.0008247655936353127,-0.02032864461309636
2.937528666118528,-0.9962986776517919,9.737250611576115,0.999,2.425785714285714,4939.0,-0.0008247655936353127,-0.020328644613094582
2.9367039005248925,-0.9961401746833336,9.71692196696302,0.999,2.425,4940.0,-0.0008247655936353127,-0.02032864461309636
2.935814683438458,-0.9962812701054747,9.705345285412838,0.999,2.424142857142857,4941.0,-0.0008892170864345239,-0.011576681550181434
2.934925466352024,-0.9964223655276159,9.693768603862656,0.999,2.423285714285714,4942.0,-0.0008892170864340798,-0.011576681550181434
2.9340362492655894,-0.996563460949757,9.682191922312477,0.999,2.422428571428571,4943.0,-0.0008892170864345239,-0.011576681550179657
2.933147032179155,-0.9967045563718981,9.670615240762295,0.999,2.4215714285714283,4944.0,-0.0008892170864345239,-0.011576681550181434
2.9322578150927208,-0.9968456517940393,9.659038559212114,0.999,2.4207142857142854,4945.0,-0.0008892170864340798,-0.011576681550181434
2.9313685980062862,-0.9969867472161804,9.647461877661932,0.999,2.4198571428571425,4946.0,-0.0008892170864345239,-0.011576681550181434
2.930479380919852,-0.9971278426383217,9.63588519611175,0.999,2.419,4947.0,-0.0008892170864340798,-0.011576681550181434
2.9295901638334176,-0.9972689380604628,9.624308514561571,0.999,2.418142857142857,4948.0,-0.0008892170864345239,-0.011576681550179657
2.928700946746983,-0.9974100334826039,9.61273183301139,0.999,2.4172857142857143,4949.0,-0.0008892170864345239,-0.011576681550181434
2.927811729660549,-0.9975511289047451,9.601155151461208,0.999,2.4164285714285714,4950.0,-0.0008892170864340798,-0.011576681550181434
2.9269225125741145,-0.9976922243268862,9.589578469911027,0.999,2.4155714285714285,4951.0,-0.0008892170864345239,-0.011576681550181434
2.92603329548768,-0.9978333197490273,9.578001788360847,0.999,2.4147142857142856,4952.0,-0.0008892170864345239,-0.011576681550179657
2.925144078401246,-0.9979744151711685,9.566425106810666,0.999,2.4138571428571427,4953.0,-0.0008892170864340798,-0.011576681550181434
2.9242548613148114,-0.9981155105933096,9.554848425260484,0.999,2.413,4954.0,-0.0008892170864345239,-0.011576681550181434
2.9232578604081554,-0.9980270343562903,9.54154234704123,0.999,2.412,4955.0,-0.0009970009066559982,-0.013306078219255113
2.9222608595014994,-0.9979385581192709,9.528236268821974,0.999,2.411,4956.0,-0.0009970009066559982,-0.013306078219255113
2.921263858594844,-0.9978500818822515,9.514930190602719,0.999,2.4099999999999997,4957.0,-0.000997000906655554,-0.013306078219255113
2.920266857688188,-0.9977616056452322,9.501624112383462,0.999,2.409,4958.0,-0.0009970009066559982,-0.01330607821925689
2.919269856781532,-0.9976731294082128,9.488318034164207,0.999,2.408,4959.0,-0.0009970009066559982,-0.013306078219255113
2.918272855874876,-0.9975846531711935,9.475011955944952,0.999,2.407,4960.0,-0.0009970009066559982,-0.013306078219255113
2.9172758549682203,-0.9974961769341741,9.461705877725697,0.999,2.4059999999999997,4961.0,-0.000997000906655554,-0.013306078219255113
2.9162788540615643,-0.9974077006971548,9.448399799506442,0.999,2.405,4962.0,-0.0009970009066559982,-0.013306078219255113
2.9152818531549083,-0.9973192244601354,9.435093721287187,0.999,2.404,4963.0,-0.0009970009066559982,-0.013306078219255113
2.9142848522482523,-0.9972307482231161,9.42178764306793,0.999,2.403,4964.0,-0.0009970009066559982,-0.01330607821925689
2.9132878513415967,-0.9971422719860967,9.408481564848675,0.999,2.4019999999999997,4965.0,-0.000997000906655554,-0.013306078219255113
2.9122908504349407,-0.9970537957490774,9.39517548662942,0.999,2.401,4966.0,-0.0009970009066559982,-0.013306078219255113
2.9112938495282847,-0.996965319512058,9.381869408410164,0.999,2.4,4967.0,-0.0009970009066559982,-0.013306078219255113
2.910293257123387,-0.9969232651484241,9.37658417612743,0.999,2.399,4968.0,-0.0010005924048979153,-0.0052852322827341425
2.909292664718489,-0.9968812107847901,9.371298943844696,0.999,2.398,4969.0,-0.0010005924048979153,-0.0052852322827341425
2.908292072313591,-0.9968391564211562,9.366013711561962,0.999,2.397,4970.0,-0.0010005924048979153,-0.0052852322827341425
2.907291479908693,-0.9967971020575223,9.360728479279228,0.999,2.396,4971.0,-0.0010005924048979153,-0.0052852322827341425
2.906290887503795,-0.9967550476938883,9.355443246996494,0.999,2.395,4972.0,-0.0010005924048979153,-0.0052852322827341425
2.9052902950988972,-0.9967129933302543,9.35015801471376,0.999,2.394,4973.0,-0.0010005924048979153,-0.0052852322827341425
2.9042897026939993,-0.9966709389666204,9.344872782431025,0.999,2.393,4974.0,-0.0010005924048979153,-0.0052852322827341425
2.903289110289102,-0.9966288846029865,9.339587550148291,0.999,2.392,4975.0,-0.0010005924048974713,-0.0052852322827341425
2.902288517884204,-0.9965868302393525,9.334302317865557,0.999,2.391,4976.0,-0.0010005924048979153,-0.0052852322827341425
2.901287925479306,-0.9965447758757185,9.329017085582823,0.999,2.39,4977.0,-0.0010005924048979153,-0.0052852322827341425
2.900287333074408,-0.9965027215120846,9.323731853300089,0.999,2.3890000000000002,4978.0,-0.0010005924048979153,-0.0052852322827341425
2.89928674066951,-0.9964606671484507,9.318446621017355,0.999,2.388,4979.0,-0.0010005924048979153,-0.0052852322827341425
2.8982861482646123,-0.9964186127848167,9.31316138873462,0.999,2.387,4980.0,-0.0010005924048979153,-0.0052852322827341425
2.8972855558597144,-0.9963765584211828,9.307876156451886,0.999,2.386,4981.0,-0.0010005924048979153,-0.0052852322827341425
2.896219399406227,-0.9965215315140813,9.295479895001474,0.999,2.3849285714285715,4982.0,-0.001066156453487288,-0.012396261450412283
2.8951532429527393,-0.9966665046069798,9.283083633551062,0.999,2.383857142857143,4983.0,-0.0010661564534877321,-0.012396261450412283
2.894087086499252,-0.9968114776998783,9.27068737210065,0.999,2.3827857142857143,4984.0,-0.001066156453487288,-0.012396261450412283
2.8930209300457648,-0.9969564507927768,9.258291110650237,0.999,2.3817142857142857,4985.0,-0.001066156453487288,-0.012396261450412283
2.891954773592277,-0.9971014238856754,9.245894849199825,0.999,2.380642857142857,4986.0,-0.0010661564534877321,-0.012396261450412283
2.8908886171387898,-0.9972463969785739,9.233498587749413,0.999,2.3795714285714284,4987.0,-0.001066156453487288,-0.012396261450412283
2.8898224606853025,-0.9973913700714724,9.221102326299,0.999,2.3785,4988.0,-0.001066156453487288,-0.012396261450412283
2.8887563042318147,-0.9975363431643709,9.20870606484859,0.999,2.3774285714285717,4989.0,-0.0010661564534877321,-0.012396261450410506
2.8876901477783274,-0.9976813162572694,9.196309803398178,0.999,2.376357142857143,4990.0,-0.001066156453487288,-0.012396261450412283
2.8866239913248397,-0.9978262893501679,9.183913541947765,0.999,2.3752857142857144,4991.0,-0.0010661564534877321,-0.012396261450412283
2.8855578348713524,-0.9979712624430664,9.171517280497353,0.999,2.374214285714286,4992.0,-0.001066156453487288,-0.012396261450412283
2.884491678417865,-0.998116235535965,9.15912101904694,0.999,2.373142857142857,4993.0,-0.001066156453487288,-0.012396261450412283
2.8834255219643774,-0.9982612086288635,9.146724757596528,0.999,2.3720714285714286,4994.0,-0.0010661564534877321,-0.012396261450412283
2.88235936551089,-0.998406181721762,9.134328496146116,0.999,2.371,4995.0,-0.001066156453487288,-0.012396261450412283
2.8811829663203916,-0.9983359023160052,9.127848965533303,0.999,2.369846153846154,4996.0,-0.0011763991904985005,-0.006479530612812923
2.8800065671298927,-0.9982656229102483,9.12136943492049,0.999,2.368692307692308,4997.0,-0.0011763991904989446,-0.006479530612812923
2.878830167939394,-0.9981953435044916,9.114889904307677,0.999,2.3675384615384614,4998.0,-0.0011763991904985005,-0.006479530612812923
2.8776537687488952,-0.9981250640987348,9.108410373694863,0.999,2.3663846153846153,4999.0,-0.0011763991904989446,-0.006479530612814699
2.8764773695583967,-0.9980547846929779,9.10193084308205,0.999,2.3652307692307692,5000.0,-0.0011763991904985005,-0.006479530612812923
2.875300970367898,-0.9979845052872212,9.095451312469237,0.999,2.364076923076923,5001.0,-0.0011763991904989446,-0.006479530612812923
2.8741245711773993,-0.9979142258814644,9.088971781856424,0.999,2.3629230769230767,5002.0,-0.0011763991904985005,-0.006479530612812923
2.8729481719869003,-0.9978439464757076,9.082492251243611,0.999,2.3617692307692306,5003.0,-0.0011763991904989446,-0.006479530612812923
2.871771772796402,-0.9977736670699507,9.076012720630798,0.999,2.3606153846153846,5004.0,-0.0011763991904985005,-0.006479530612812923
2.870595373605903,-0.997703387664194,9.069533190017983,0.999,2.3594615384615385,5005.0,-0.0011763991904989446,-0.006479530612814699
2.8694189744154044,-0.9976331082584372,9.06305365940517,0.999,2.358307692307692,5006.0,-0.0011763991904985005,-0.006479530612812923
2.8682425752249054,-0.9975628288526803,9.056574128792358,0.999,2.357153846153846,5007.0,-0.0011763991904989446,-0.006479530612812923
2.867066176034407,-0.9974925494469236,9.050094598179545,0.999,2.356,5008.0,-0.0011763991904985005,-0.006479530612812923
2.865922701376354,-0.9975936910083486,9.046232452388368,0.999,2.3548571428571425,5009.0,-0.0011434746580527566,-0.0038621457911762747
2.864779226718301,-0.9976948325697736,9.042370306597194,0.999,2.3537142857142856,5010.0,-0.0011434746580532007,-0.0038621457911744983
2.8636357520602482,-0.9977959741311987,9.038508160806018,0.999,2.3525714285714283,5011.0,-0.0011434746580527566,-0.0038621457911762747
2.8624922774021955,-0.9978971156926238,9.034646015014841,0.999,2.3514285714285714,5012.0,-0.0011434746580527566,-0.0038621457911762747
2.8613488027441427,-0.9979982572540489,9.030783869223667,0.999,2.350285714285714,5013.0,-0.0011434746580527566,-0.0038621457911744983
2.8602053280860895,-0.9980993988154739,9.02692172343249,0.999,2.349142857142857,5014.0,-0.0011434746580532007,-0.0038621457911762747
2.8590618534280368,-0.998200540376899,9.023059577641316,0.999,2.348,5015.0,-0.0011434746580527566,-0.0038621457911744983
2.857918378769984,-0.998301681938324,9.01919743185014,0.999,2.3468571428571425,5016.0,-0.0011434746580527566,-0.0038621457911762747
2.856774904111931,-0.9984028234997491,9.015335286058964,0.999,2.3457142857142856,5017.0,-0.0011434746580532007,-0.0038621457911762747
2.855631429453878,-0.9985039650611741,9.011473140267789,0.999,2.3445714285714283,5018.0,-0.0011434746580527566,-0.0038621457911744983
2.8544879547958253,-0.9986051066225993,9.007610994476613,0.999,2.3434285714285714,5019.0,-0.0011434746580527566,-0.0038621457911762747
2.8533444801377725,-0.9987062481840243,9.003748848685436,0.999,2.342285714285714,5020.0,-0.0011434746580527566,-0.0038621457911762747
2.8522010054797193,-0.9988073897454494,8.999886702894262,0.999,2.341142857142857,5021.0,-0.0011434746580532007,-0.0038621457911744983
2.8510575308216666,-0.9989085313068744,8.996024557103086,0.999,2.34,5022.0,-0.0011434746580527566,-0.0038621457911762747
2.849860606264217,-0.9988156707338167,8.983955502738644,0.999,2.3387857142857142,5023.0,-0.0011969245574494636,-0.012069054364442167
2.8486636817067676,-0.998722810160759,8.971886448374201,0.999,2.3375714285714286,5024.0,-0.0011969245574494636,-0.012069054364442167
2.847466757149318,-0.9986299495877015,8.95981739400976,0.999,2.3363571428571426,5025.0,-0.0011969245574494636,-0.012069054364442167
2.8462698325918687,-0.9985370890146438,8.947748339645319,0.999,2.335142857142857,5026.0,-0.0011969245574494636,-0.01206905436444039
2.8450729080344193,-0.9984442284415861,8.935679285280877,0.999,2.3339285714285714,5027.0,-0.0011969245574494636,-0.012069054364442167
2.84387598347697,-0.9983513678685284,8.923610230916434,0.999,2.3327142857142857,5028.0,-0.0011969245574494636,-0.012069054364442167
2.8426790589195203,-0.9982585072954707,8.911541176551992,0.999,2.3314999999999997,5029.0,-0.0011969245574494636,-0.012069054364442167
2.8414821343620704,-0.9981656467224131,8.89947212218755,0.999,2.330285714285714,5030.0,-0.0011969245574499077,-0.012069054364442167
2.840285209804621,-0.9980727861493555,8.887403067823108,0.999,2.3290714285714285,5031.0,-0.0011969245574494636,-0.012069054364442167
2.8390882852471715,-0.9979799255762978,8.875334013458666,0.999,2.327857142857143,5032.0,-0.0011969245574494636,-0.012069054364442167
2.837891360689722,-0.9978870650032401,8.863264959094225,0.999,2.3266428571428572,5033.0,-0.0011969245574494636,-0.01206905436444039
2.8366944361322726,-0.9977942044301825,8.851195904729783,0.999,2.325428571428571,5034.0,-0.0011969245574494636,-0.012069054364442167
2.835497511574823,-0.9977013438571248,8.839126850365341,0.999,2.3242142857142856,5035.0,-0.0011969245574494636,-0.012069054364442167
2.8343005870173736,-0.9976084832840671,8.827057796000899,0.999,2.323,5036.0,-0.0011969245574494636,-0.012069054364442167
2.832956580548251,-0.9977213075654334,8.821793444269348,0.999,2.3216153846153844,5037.0,-0.0013440064691225828,-0.005264351731550931
2.831612574079128,-0.9978341318467997,8.816529092537797,0.999,2.3202307692307693,5038.0,-0.001344006469123027,-0.005264351731550931
2.8302685676100054,-0.997946956128166,8.811264740806246,0.999,2.318846153846154,5039.0,-0.0013440064691225828,-0.005264351731550931
2.828924561140883,-0.9980597804095322,8.806000389074697,0.999,2.3174615384615387,5040.0,-0.0013440064691225828,-0.005264351731549155
2.82758055467176,-0.9981726046908985,8.800736037343146,0.999,2.316076923076923,5041.0,-0.001344006469123027,-0.005264351731550931
2.8262365482026373,-0.9982854289722648,8.795471685611595,0.999,2.3146923076923076,5042.0,-0.0013440064691225828,-0.005264351731550931
2.8248925417335147,-0.998398253253631,8.790207333880044,0.999,2.3133076923076925,5043.0,-0.0013440064691225828,-0.005264351731550931
2.823548535264392,-0.9985110775349972,8.784942982148493,0.999,2.311923076923077,5044.0,-0.0013440064691225828,-0.005264351731550931
2.822204528795269,-0.9986239018163635,8.779678630416942,0.999,2.3105384615384614,5045.0,-0.001344006469123027,-0.005264351731550931
2.8208605223261465,-0.9987367260977298,8.774414278685393,0.999,2.3091538461538463,5046.0,-0.0013440064691225828,-0.005264351731549155
2.819516515857024,-0.9988495503790961,8.769149926953842,0.999,2.307769230769231,5047.0,-0.0013440064691225828,-0.005264351731550931
2.818172509387901,-0.9989623746604623,8.763885575222291,0.999,2.3063846153846157,5048.0,-0.001344006469123027,-0.005264351731550931
2.8168285029187783,-0.9990751989418286,8.75862122349074,0.999,2.305,5049.0,-0.0013440064691225828,-0.005264351731550931
2.815514870919543,-0.9990219392480297,8.771387185961787,0.999,2.303714285714286,5050.0,-0.0013136319992352874,0.012765962471046777
2.8142012389203073,-0.9989686795542309,8.784153148432832,0.999,2.3024285714285715,5051.0,-0.0013136319992357315,0.012765962471045
2.812887606921072,-0.998915419860432,8.796919110903879,0.999,2.301142857142857,5052.0,-0.0013136319992352874,0.012765962471046777
2.8115739749218367,-0.9988621601666331,8.809685073374926,0.999,2.299857142857143,5053.0,-0.0013136319992352874,0.012765962471046777
2.8102603429226014,-0.9988089004728342,8.82245103584597,0.999,2.2985714285714285,5054.0,-0.0013136319992352874,0.012765962471045
2.8089467109233657,-0.9987556407790353,8.835216998317017,0.999,2.297285714285714,5055.0,-0.0013136319992357315,0.012765962471046777
2.8076330789241304,-0.9987023810852365,8.847982960788062,0.999,2.296,5056.0,-0.0013136319992352874,0.012765962471045
2.806319446924895,-0.9986491213914375,8.86074892325911,0.999,2.294714285714286,5057.0,-0.0013136319992352874,0.012765962471046777
2.8050058149256594,-0.9985958616976386,8.873514885730156,0.999,2.2934285714285716,5058.0,-0.0013136319992357315,0.012765962471046777
2.803692182926424,-0.9985426020038397,8.886280848201201,0.999,2.2921428571428573,5059.0,-0.0013136319992352874,0.012765962471045
2.802378550927189,-0.9984893423100408,8.899046810672248,0.999,2.290857142857143,5060.0,-0.0013136319992352874,0.012765962471046777
2.8010649189279535,-0.998436082616242,8.911812773143295,0.999,2.2895714285714286,5061.0,-0.0013136319992352874,0.012765962471046777
2.7997512869287178,-0.9983828229224431,8.92457873561434,0.999,2.2882857142857143,5062.0,-0.0013136319992357315,0.012765962471045
2.7984376549294825,-0.9983295632286442,8.937344698085386,0.999,2.287,5063.0,-0.0013136319992352874,0.012765962471046777
2.7970085820625754,-0.9982792186111449,8.965110404125687,0.999,2.2855384615384615,5064.0,-0.0014290728669070774,0.027765706040300486
2.795579509195668,-0.9982288739936456,8.992876110165987,0.999,2.284076923076923,5065.0,-0.0014290728669075214,0.027765706040300486
2.794150436328761,-0.9981785293761462,9.020641816206286,0.999,2.2826153846153847,5066.0,-0.0014290728669070774,0.02776570604029871
2.7927213634618533,-0.9981281847586468,9.048407522246587,0.999,2.281153846153846,5067.0,-0.0014290728669075214,0.027765706040300486
2.791292290594946,-0.9980778401411475,9.076173228286887,0.999,2.2796923076923075,5068.0,-0.0014290728669070774,0.027765706040300486
2.7898632177280387,-0.9980274955236482,9.103938934327187,0.999,2.278230769230769,5069.0,-0.0014290728669075214,0.027765706040300486
2.7884341448611316,-0.9979771509061488,9.131704640367486,0.999,2.2767692307692307,5070.0,-0.0014290728669070774,0.02776570604029871
2.787005071994224,-0.9979268062886495,9.159470346407787,0.999,2.2753076923076923,5071.0,-0.0014290728669075214,0.027765706040300486
2.785575999127317,-0.9978764616711502,9.187236052448087,0.999,2.273846153846154,5072.0,-0.0014290728669070774,0.027765706040300486
2.7841469262604095,-0.9978261170536509,9.215001758488388,0.999,2.272384615384615,5073.0,-0.0014290728669075214,0.027765706040300486
2.7827178533935024,-0.9977757724361515,9.242767464528686,0.999,2.2709230769230766,5074.0,-0.0014290728669070774,0.02776570604029871
2.781288780526595,-0.9977254278186521,9.270533170568987,0.999,2.269461538461538,5075.0,-0.0014290728669075214,0.027765706040300486
2.779859707659688,-0.9976750832011528,9.298298876609287,0.999,2.268,5076.0,-0.0014290728669070774,0.027765706040300486
2.778530693546904,-0.997507736807443,9.31183468941398,0.999,2.2667142857142855,5077.0,-0.001329014112783966,0.013535812804692071
2.7772016794341203,-0.9973403904137331,9.32537050221867,0.999,2.265428571428571,5078.0,-0.001329014112783522,0.013535812804690295
2.7758726653213364,-0.9971730440200233,9.338906315023362,0.999,2.264142857142857,5079.0,-0.001329014112783966,0.013535812804692071
2.7745436512085524,-0.9970056976263134,9.352442127828052,0.999,2.262857142857143,5080.0,-0.001329014112783966,0.013535812804690295
2.773214637095769,-0.9968383512326036,9.365977940632744,0.999,2.2615714285714286,5081.0,-0.001329014112783522,0.013535812804692071
2.771885622982985,-0.9966710048388937,9.379513753437434,0.999,2.2602857142857142,5082.0,-0.001329014112783966,0.013535812804690295
2.770556608870201,-0.996503658445184,9.393049566242127,0.999,2.259,5083.0,-0.001329014112783966,0.013535812804692071
2.7692275947574174,-0.9963363120514741,9.406585379046819,0.999,2.2577142857142856,5084.0,-0.001329014112783522,0.013535812804692071
2.7678985806446335,-0.9961689656577642,9.420121191851509,0.999,2.2564285714285712,5085.0,-0.001329014112783966,0.013535812804690295
2.76656956653185,-0.9960016192640544,9.433657004656201,0.999,2.255142857142857,5086.0,-0.001329014112783522,0.013535812804692071
2.765240552419066,-0.9958342728703445,9.447192817460891,0.999,2.253857142857143,5087.0,-0.001329014112783966,0.013535812804690295
2.763911538306282,-0.9956669264766347,9.460728630265583,0.999,2.2525714285714287,5088.0,-0.001329014112783966,0.013535812804692071
2.7625825241934985,-0.9954995800829248,9.474264443070274,0.999,2.2512857142857143,5089.0,-0.001329014112783522,0.013535812804690295
2.7612535100807145,-0.995332233689215,9.487800255874966,0.999,2.25,5090.0,-0.001329014112783966,0.013535812804692071
2.75989812522516,-0.995334918683883,9.495319644708438,0.999,2.248642857142857,5091.0,-0.001355384855554309,0.007519388833472362
2.7585427403696063,-0.9953376036785511,9.50283903354191,0.999,2.2472857142857143,5092.0,-0.001355384855553865,0.007519388833472362
2.757187355514052,-0.9953402886732191,9.510358422375385,0.999,2.2459285714285713,5093.0,-0.001355384855554309,0.007519388833474139
2.755831970658498,-0.995342973667887,9.517877811208857,0.999,2.2445714285714287,5094.0,-0.001355384855553865,0.007519388833472362
2.754476585802944,-0.9953456586625551,9.52539720004233,0.999,2.2432142857142856,5095.0,-0.001355384855554309,0.007519388833472362
2.75312120094739,-0.9953483436572231,9.532916588875802,0.999,2.241857142857143,5096.0,-0.001355384855553865,0.007519388833472362
2.7517658160918357,-0.9953510286518912,9.540435977709276,0.999,2.2405,5097.0,-0.001355384855554309,0.007519388833474139
2.7504104312362814,-0.9953537136465592,9.547955366542748,0.999,2.239142857142857,5098.0,-0.001355384855554309,0.007519388833472362
2.7490550463807275,-0.9953563986412273,9.55547475537622,0.999,2.2377857142857143,5099.0,-0.001355384855553865,0.007519388833472362
2.747699661525173,-0.9953590836358953,9.562994144209693,0.999,2.236428571428571,5100.0,-0.001355384855554309,0.007519388833472362
2.7463442766696193,-0.9953617686305632,9.570513533043165,0.999,2.2350714285714286,5101.0,-0.001355384855553865,0.007519388833472362
2.744988891814065,-0.9953644536252313,9.57803292187664,0.999,2.2337142857142855,5102.0,-0.001355384855554309,0.007519388833474139
2.743633506958511,-0.9953671386198993,9.585552310710112,0.999,2.232357142857143,5103.0,-0.001355384855553865,0.007519388833472362
2.742278122102957,-0.9953698236145674,9.593071699543584,0.999,2.231,5104.0,-0.001355384855554309,0.007519388833472362
2.7407485071264355,-0.9955663623623494,9.604457573878367,0.999,2.229461538461538,5105.0,-0.0015296149765213762,0.011385874334782997
2.739218892149914,-0.9957629011101314,9.615843448213148,0.999,2.227923076923077,5106.0,-0.0015296149765213762,0.01138587433478122
2.7376892771733923,-0.9959594398579135,9.627229322547931,0.999,2.226384615384615,5107.0,-0.0015296149765218203,0.011385874334782997
2.736159662196871,-0.9961559786056955,9.638615196882713,0.999,2.224846153846154,5108.0,-0.0015296149765213762,0.01138587433478122
2.7346300472203495,-0.9963525173534775,9.650001071217496,0.999,2.223307692307692,5109.0,-0.0015296149765213762,0.011385874334782997
2.733100432243828,-0.9965490561012595,9.661386945552277,0.999,2.2217692307692305,5110.0,-0.0015296149765213762,0.01138587433478122
2.7315708172673063,-0.9967455948490417,9.67277281988706,0.999,2.2202307692307692,5111.0,-0.0015296149765218203,0.011385874334782997
2.730041202290785,-0.9969421335968237,9.684158694221841,0.999,2.2186923076923075,5112.0,-0.0015296149765213762,0.01138587433478122
2.7285115873142636,-0.9971386723446057,9.695544568556624,0.999,2.217153846153846,5113.0,-0.0015296149765213762,0.011385874334782997
2.726981972337742,-0.9973352110923878,9.706930442891405,0.999,2.2156153846153845,5114.0,-0.0015296149765213762,0.01138587433478122
2.7254523573612204,-0.9975317498401698,9.718316317226188,0.999,2.214076923076923,5115.0,-0.0015296149765218203,0.011385874334782997
2.723922742384699,-0.9977282885879518,9.72970219156097,0.999,2.2125384615384616,5116.0,-0.0015296149765213762,0.01138587433478122
2.7223931274081776,-0.9979248273357338,9.741088065895752,0.999,2.211,5117.0,-0.0015296149765213762,0.011385874334782997
2.7209447033970515,-0.9978629896983591,9.74728543782121,0.999,2.2095714285714285,5118.0,-0.0014484240111261037,0.006197371925457773
2.7194962793859254,-0.9978011520609844,9.753482809746666,0.999,2.208142857142857,5119.0,-0.0014484240111261037,0.006197371925455997
2.7180478553747993,-0.9977393144236096,9.759680181672124,0.999,2.2067142857142854,5120.0,-0.0014484240111261037,0.006197371925457773
2.7165994313636737,-0.9976774767862349,9.765877553597582,0.999,2.205285714285714,5121.0,-0.0014484240111256597,0.006197371925457773
2.7151510073525476,-0.9976156391488602,9.772074925523038,0.999,2.2038571428571427,5122.0,-0.0014484240111261037,0.006197371925455997
2.7137025833414214,-0.9975538015114854,9.778272297448495,0.999,2.2024285714285714,5123.0,-0.0014484240111261037,0.006197371925457773
2.7122541593302953,-0.9974919638741108,9.784469669373953,0.999,2.2009999999999996,5124.0,-0.0014484240111261037,0.006197371925457773
2.7108057353191692,-0.997430126236736,9.79066704129941,0.999,2.1995714285714283,5125.0,-0.0014484240111261037,0.006197371925455997
2.709357311308043,-0.9973682885993612,9.796864413224867,0.999,2.198142857142857,5126.0,-0.0014484240111261037,0.006197371925457773
2.707908887296917,-0.9973064509619866,9.803061785150323,0.999,2.1967142857142856,5127.0,-0.0014484240111261037,0.006197371925455997
2.7064604632857914,-0.9972446133246118,9.80925915707578,0.999,2.1952857142857143,5128.0,-0.0014484240111256597,0.006197371925457773
2.7050120392746653,-0.997182775687237,9.815456529001239,0.999,2.1938571428571425,5129.0,-0.0014484240111261037,0.006197371925457773
2.703563615263539,-0.9971209380498623,9.821653900926695,0.999,2.192428571428571,5130.0,-0.0014484240111261037,0.006197371925455997
2.702115191252413,-0.9970591004124876,9.827851272852152,0.999,2.191,5131.0,-0.0014484240111261037,0.006197371925457773
2.7005799364001435,-0.997183479689506,9.836271312493475,0.999,2.1894285714285715,5132.0,-0.0015352548522695741,0.008420039641322319
2.699044681547874,-0.9973078589665245,9.844691352134795,0.999,2.1878571428571427,5133.0,-0.0015352548522695741,0.008420039641320543
2.6975094266956043,-0.997432238243543,9.853111391776118,0.999,2.186285714285714,5134.0,-0.0015352548522695741,0.008420039641322319
2.6959741718433343,-0.9975566175205615,9.86153143141744,0.999,2.1847142857142856,5135.0,-0.0015352548522700182,0.008420039641322319
2.6944389169910647,-0.9976809967975799,9.869951471058762,0.999,2.1831428571428573,5136.0,-0.0015352548522695741,0.008420039641322319
2.692903662138795,-0.9978053760745984,9.878371510700083,0.999,2.1815714285714285,5137.0,-0.0015352548522695741,0.008420039641320543
2.6913684072865256,-0.9979297553516169,9.886791550341405,0.999,2.1799999999999997,5138.0,-0.0015352548522695741,0.008420039641322319
2.689833152434256,-0.9980541346286353,9.895211589982727,0.999,2.1784285714285714,5139.0,-0.0015352548522695741,0.008420039641322319
2.6882978975819865,-0.9981785139056538,9.903631629624048,0.999,2.176857142857143,5140.0,-0.0015352548522695741,0.008420039641320543
2.686762642729717,-0.9983028931826723,9.91205166926537,0.999,2.1752857142857143,5141.0,-0.0015352548522695741,0.008420039641322319
2.685227387877447,-0.9984272724596908,9.920471708906692,0.999,2.1737142857142855,5142.0,-0.0015352548522700182,0.008420039641322319
2.6836921330251773,-0.9985516517367092,9.928891748548015,0.999,2.172142857142857,5143.0,-0.0015352548522695741,0.008420039641322319
2.6821568781729077,-0.9986760310137277,9.937311788189335,0.999,2.170571428571429,5144.0,-0.0015352548522695741,0.008420039641320543
2.680621623320638,-0.9988004102907462,9.945731827830658,0.999,2.169,5145.0,-0.0015352548522695741,0.008420039641322319
2.7126368046164724,-0.9277769691438724,9.947006537106873,0.9276714285714286,2.0141428571428572,5146.0,0.03201518129583425,0.0012747092762150913
2.744651985912306,-0.8567535279969987,9.94828124638309,0.8563428571428571,1.8592857142857144,5147.0,0.032015181295833806,0.0012747092762168677
2.7766671672081404,-0.7857300868501248,9.949555955659305,0.7850142857142857,1.7044285714285714,5148.0,0.03201518129583425,0.0012747092762150913
2.8086823485039747,-0.714706645703251,9.950830664935522,0.7136857142857143,1.5495714285714286,5149.0,0.03201518129583425,0.0012747092762168677
2.840697529799809,-0.6436832045563773,9.952105374211737,0.6423571428571428,1.3947142857142858,5150.0,0.03201518129583425,0.0012747092762150913
2.8727127110956427,-0.5726597634095034,9.953380083487954,0.5710285714285714,1.2398571428571428,5151.0,0.032015181295833806,0.0012747092762168677
2.904727892391477,-0.5016363222626297,9.954654792764169,0.4996999999999999,1.085,5152.0,0.03201518129583425,0.0012747092762150913
2.9367430736873112,-0.4306128811157559,9.955929502040384,0.4283714285714285,0.9301428571428572,5153.0,0.03201518129583425,0.0012747092762150913
2.968758254983145,-0.35958943996888215,9.9572042113166,0.3570428571428571,0.7752857142857144,5154.0,0.032015181295833806,0.0012747092762168677
3.0007734362789793,-0.28856599882200834,9.958478920592816,0.28571428571428564,0.6204285714285714,5155.0,0.03201518129583425,0.0012747092762150913
3.0327886175748135,-0.21754255767513456,9.959753629869033,0.2143857142857142,0.4655714285714286,5156.0,0.03201518129583425,0.0012747092762168677
3.064803798870648,-0.14651911652826077,9.961028339145248,0.14305714285714277,0.3107142857142857,5157.0,0.03201518129583425,0.0012747092762150913
3.0968189801664816,-0.07549567538138699,9.962303048421465,0.07172857142857134,0.15585714285714286,5158.0,0.032015181295833806,0.0012747092762168677
3.128834161462316,-0.0044722342345133,9.96357775769768,0.0004,0.001,5159.0,0.03201518129583425,0.0012747092762150913
3.1348230922184,-0.004393842463226915,9.961487634245538,0.0004,0.001,5160.0,0.005988930756084088,-0.0020901234521417678
3.1408120229744836,-0.00431545069194053,9.959397510793396,0.0004,0.001,5161.0,0.0059889307560836436,-0.0020901234521417678
3.1468009537305677,-0.004237058920654146,9.957307387341253,0.0004,0.001,5162.0,0.005988930756084088,-0.002090123452143544
3.1527898844866513,-0.004158667149367762,9.95521726388911,0.0004,0.001,5163.0,0.0059889307560836436,-0.0020901234521417678
3.1587788152427354,-0.0040802753780813765,9.953127140436969,0.0004,0.001,5164.0,0.005988930756084088,-0.0020901234521417678
3.164767745998819,-0.004001883606794992,9.951037016984827,0.0004,0.001,5165.0,0.0059889307560836436,-0.0020901234521417678
3.170756676754903,-0.003923491835508608,9.948946893532684,0.0004,0.001,5166.0,0.005988930756084088,-0.002090123452143544
3.176745607510987,-0.0038451000642222228,9.946856770080542,0.0004,0.001,5167.0,0.0059889307560836436,-0.0020901234521417678
3.182734538267071,-0.0037667082929358385,9.9447666466284,0.0004,0.001,5168.0,0.005988930756084088,-0.0020901234521417678
3.1887234690231545,-0.0036883165216494537,9.942676523176258,0.0004,0.001,5169.0,0.0059889307560836436,-0.0020901234521417678
3.1947123997792386,-0.003609924750363069,9.940586399724115,0.0004,0.001,5170.0,0.005988930756084088,-0.002090123452143544
3.2007013305353222,-0.0035315329790766847,9.938496276271973,0.0004,0.001,5171.0,0.0059889307560836436,-0.0020901234521417678
3.2066902612914063,-0.0034531412077903,9.936406152819831,0.0004,0.001,5172.0,0.005988930756084088,-0.0020901234521417678
3.2097473057514656,-0.0033979827211508,9.934101337606252,0.0004,0.001,5173.0,0.003057044460059277,-0.002304815213578948
3.2128043502115244,-0.0033428242345113,9.931796522392673,0.0004,0.001,5174.0,0.003057044460058833,-0.002304815213578948
3.2158613946715837,-0.0032876657478718,9.929491707179093,0.0004,0.001,5175.0,0.003057044460059277,-0.0023048152135807243
3.218918439131643,-0.0032325072612323,9.927186891965514,0.0004,0.001,5176.0,0.003057044460059277,-0.002304815213578948
3.221975483591702,-0.0031773487745928,9.924882076751935,0.0004,0.001,5177.0,0.003057044460058833,-0.002304815213578948
3.225032528051761,-0.0031221902879533,9.922577261538356,0.0004,0.001,5178.0,0.003057044460059277,-0.002304815213578948
3.22808957251182,-0.0030670318013138,9.920272446324775,0.0004,0.001,5179.0,0.003057044460058833,-0.0023048152135807243
3.231146616971879,-0.0030118733146743,9.917967631111196,0.0004,0.001,5180.0,0.003057044460059277,-0.002304815213578948
3.2342036614319385,-0.0029567148280348,9.915662815897617,0.0004,0.001,5181.0,0.003057044460059277,-0.002304815213578948
3.2372607058919973,-0.0029015563413953,9.913358000684038,0.0004,0.001,5182.0,0.003057044460058833,-0.002304815213578948
3.2403177503520566,-0.0028463978547558,9.91105318547046,0.0004,0.001,5183.0,0.003057044460059277,-0.002304815213578948
3.243374794812116,-0.0027912393681163,9.908748370256879,0.0004,0.001,5184.0,0.003057044460059277,-0.0023048152135807243
3.2464318392721747,-0.0027360808814768,9.9064435550433,0.0004,0.001,5185.0,0.003057044460058833,-0.002304815213578948
3.249488883732234,-0.0026809223948373,9.90413873982972,0.0004,0.001,5186.0,0.003057044460059277,-0.002304815213578948
3.25173334114642,-0.002558283850779843,9.89677655855128,0.0004142857142857143,0.001,5187.0,0.0022444574141862184,-0.0073621812784399054
3.253977798560607,-0.002435645306722386,9.889414377272841,0.0004285714285714286,0.001,5188.0,0.0022444574141866624,-0.0073621812784399054
3.256222255974793,-0.0023130067626649284,9.882052195994401,0.00044285714285714284,0.001,5189.0,0.0022444574141862184,-0.0073621812784399054
3.2584667133889793,-0.0021903682186074714,9.874690014715961,0.00045714285714285713,0.001,5190.0,0.0022444574141862184,-0.0073621812784399054
3.2607111708031655,-0.0020677296745500143,9.867327833437521,0.0004714285714285714,0.001,5191.0,0.0022444574141862184,-0.0073621812784399054
3.262955628217352,-0.0019450911304925572,9.859965652159081,0.0004857142857142857,0.001,5192.0,0.0022444574141866624,-0.0073621812784399054
3.2652000856315384,-0.0018224525864351,9.852603470880641,0.0005,0.001,5193.0,0.0022444574141862184,-0.0073621812784399054
3.2674445430457246,-0.0016998140423776429,9.8452412896022,0.0005142857142857143,0.001,5194.0,0.0022444574141862184,-0.007362181278441682
3.2696890004599113,-0.0015771754983201858,9.83787910832376,0.0005285714285714286,0.001,5195.0,0.0022444574141866624,-0.0073621812784399054
3.2719334578740975,-0.0014545369542627285,9.83051692704532,0.0005428571428571428,0.001,5196.0,0.0022444574141862184,-0.0073621812784399054
3.2741779152882837,-0.0013318984102052714,9.82315474576688,0.0005571428571428571,0.001,5197.0,0.0022444574141862184,-0.0073621812784399054
3.27642237270247,-0.0012092598661478144,9.81579256448844,0.0005714285714285714,0.001,5198.0,0.0022444574141862184,-0.0073621812784399054
3.2786668301166566,-0.001086621322090357,9.80843038321,0.0005857142857142857,0.001,5199.0,0.0022444574141866624,-0.0073621812784399054
3.280911287530843,-0.0009639827780329,9.80106820193156,0.0006,0.001,5200.0,0.0022444574141862184,-0.0073621812784399054
3.2827152718639074,-0.0009404219155271143,9.793668721517035,0.0005857142857142857,0.001,5201.0,0.0018039843330646121,-0.007399480414525428
3.284519256196972,-0.0009168610530213286,9.786269241102508,0.0005714285714285714,0.001,5202.0,0.0018039843330646121,-0.007399480414527204
3.2863232405300367,-0.0008933001905155429,9.778869760687982,0.0005571428571428571,0.001,5203.0,0.0018039843330646121,-0.007399480414525428
3.2881272248631017,-0.0008697393280097572,9.771470280273455,0.0005428571428571428,0.001,5204.0,0.0018039843330650562,-0.007399480414527204
3.2899312091961663,-0.0008461784655039715,9.76407079985893,0.0005285714285714286,0.001,5205.0,0.0018039843330646121,-0.007399480414525428
3.291735193529231,-0.0008226176029981858,9.756671319444402,0.0005142857142857143,0.001,5206.0,0.0018039843330646121,-0.007399480414527204
3.2935391778622956,-0.0007990567404924001,9.749271839029877,0.0005,0.001,5207.0,0.0018039843330646121,-0.007399480414525428
3.29534316219536,-0.0007754958779866144,9.741872358615352,0.0004857142857142857,0.001,5208.0,0.0018039843330646121,-0.007399480414525428
3.2971471465284248,-0.0007519350154808285,9.734472878200824,0.0004714285714285714,0.001,5209.0,0.0018039843330646121,-0.007399480414527204
3.2989511308614894,-0.0007283741529750428,9.727073397786299,0.00045714285714285713,0.001,5210.0,0.0018039843330646121,-0.007399480414525428
3.3007551151945544,-0.0007048132904692571,9.719673917371772,0.00044285714285714284,0.001,5211.0,0.0018039843330650562,-0.007399480414527204
3.302559099527619,-0.0006812524279634714,9.712274436957246,0.0004285714285714286,0.001,5212.0,0.0018039843330646121,-0.007399480414525428
3.3043630838606837,-0.0006576915654576857,9.704874956542719,0.0004142857142857143,0.001,5213.0,0.0018039843330646121,-0.007399480414527204
3.3061670681937483,-0.0006341307029519,9.697475476128194,0.0004,0.001,5214.0,0.0018039843330646121,-0.007399480414525428
3.3077071056051994,-0.0007717594599958143,9.694322396481864,0.0004,0.0009285714285714286,5215.0,0.001540037411451145,-0.003153079646329715
3.3092471430166506,-0.0009093882170397285,9.691169316835532,0.0004,0.0008571428571428571,5216.0,0.001540037411451145,-0.0031530796463314914
3.310787180428102,-0.001047016974083643,9.688016237189203,0.0004,0.0007857142857142857,5217.0,0.0015400374114515891,-0.003153079646329715
3.3123272178395533,-0.0011846457311275572,9.684863157542873,0.0004,0.0007142857142857143,5218.0,0.001540037411451145,-0.003153079646329715
3.3138672552510045,-0.0013222744881714714,9.681710077896543,0.0004,0.0006428571428571428,5219.0,0.001540037411451145,-0.003153079646329715
3.3154072926624556,-0.0014599032452153858,9.678556998250212,0.0004,0.0005714285714285715,5220.0,0.001540037411451145,-0.0031530796463314914
3.316947330073907,-0.0015975320022593,9.675403918603882,0.0004,0.0005,5221.0,0.0015400374114515891,-0.003153079646329715
3.3184873674853583,-0.0017351607593032144,9.672250838957552,0.0004,0.00042857142857142855,5222.0,0.001540037411451145,-0.003153079646329715
3.3200274048968095,-0.0018727895163471286,9.66909775931122,0.0004,0.0003571428571428571,5223.0,0.001540037411451145,-0.0031530796463314914
3.3215674423082606,-0.002010418273391043,9.665944679664891,0.0004,0.0002857142857142857,5224.0,0.001540037411451145,-0.003153079646329715
3.3231074797197118,-0.0021480470304349572,9.662791600018561,0.0004,0.00021428571428571425,5225.0,0.001540037411451145,-0.003153079646329715
3.3246475171311634,-0.002285675787478871,9.659638520372232,0.0004,0.00014285714285714281,5226.0,0.0015400374114515891,-0.003153079646329715
3.3261875545426145,-0.0024233045445227856,9.6564854407259,0.0004,7.142857142857138e-05,5227.0,0.001540037411451145,-0.0031530796463314914
3.3277275919540656,-0.0025609333015667,9.65333236107957,0.0004,0.0,5228.0,0.001540037411451145,-0.003153079646329715
3.3290196924839823,-0.0024687526671014143,9.648935162550407,0.0004,0.0,5229.0,0.0012921005299166843,-0.004397198529163759
3.330311793013899,-0.0023765720326361286,9.644537964021241,0.0004,0.0,5230.0,0.0012921005299166843,-0.004397198529165536
3.3316038935438157,-0.002284391398170843,9.640140765492077,0.0004,0.0,5231.0,0.0012921005299166843,-0.004397198529163759
3.3328959940737324,-0.002192210763705557,9.635743566962912,0.0004,0.0,5232.0,0.0012921005299166843,-0.004397198529165536
3.334188094603649,-0.0021000301292402714,9.631346368433748,0.0004,0.0,5233.0,0.0012921005299166843,-0.004397198529163759
3.3354801951335658,-0.0020078494947749857,9.626949169904583,0.0004,0.0,5234.0,0.0012921005299166843,-0.004397198529165536
3.3367722956634824,-0.0019156688603097,9.622551971375419,0.0004,0.0,5235.0,0.0012921005299166843,-0.004397198529163759
3.3380643961933996,-0.0018234882258444142,9.618154772846255,0.0004,0.0,5236.0,0.0012921005299171284,-0.004397198529163759
3.3393564967233162,-0.0017313075913791287,9.61375757431709,0.0004,0.0,5237.0,0.0012921005299166843,-0.004397198529165536
3.340648597253233,-0.001639126956913843,9.609360375787926,0.0004,0.0,5238.0,0.0012921005299166843,-0.004397198529163759
3.3419406977831496,-0.0015469463224485572,9.60496317725876,0.0004,0.0,5239.0,0.0012921005299166843,-0.004397198529165536
3.3432327983130663,-0.0014547656879832715,9.600565978729596,0.0004,0.0,5240.0,0.0012921005299166843,-0.004397198529163759
3.344524898842983,-0.0013625850535179858,9.596168780200431,0.0004,0.0,5241.0,0.0012921005299166843,-0.004397198529165536
3.3458169993728997,-0.0012704044190527,9.591771581671267,0.0004,0.0,5242.0,0.0012921005299166843,-0.004397198529163759
3.347033866551247,-0.0014404505260665616,9.584482580399829,0.0004,0.0,5243.0,0.0012168671783472362,-0.007289001271438167
3.3482507337295946,-0.001610496633080423,9.577193579128393,0.0004,0.0,5244.0,0.0012168671783476803,-0.0072890012714363905
3.349467600907942,-0.0017805427400942847,9.569904577856954,0.0004,0.0,5245.0,0.0012168671783472362,-0.007289001271438167
3.3506844680862895,-0.0019505888471081463,9.562615576585516,0.0004,0.0,5246.0,0.0012168671783476803,-0.007289001271438167
3.3519013352646367,-0.0021206349541220077,9.55532657531408,0.0004,0.0,5247.0,0.0012168671783472362,-0.0072890012714363905
3.353118202442984,-0.002290681061135869,9.548037574042642,0.0004,0.0,5248.0,0.0012168671783472362,-0.007289001271438167
3.3543350696213317,-0.002460727168149731,9.540748572771204,0.0004,0.0,5249.0,0.0012168671783476803,-0.007289001271438167
3.355551936799679,-0.0026307732751635923,9.533459571499765,0.0004,0.0,5250.0,0.0012168671783472362,-0.007289001271438167
3.356768803978026,-0.0028008193821774537,9.526170570228329,0.0004,0.0,5251.0,0.0012168671783472362,-0.0072890012714363905
3.357985671156374,-0.0029708654891913155,9.51888156895689,0.0004,0.0,5252.0,0.0012168671783476803,-0.007289001271438167
3.359202538334721,-0.003140911596205177,9.511592567685453,0.0004,0.0,5253.0,0.0012168671783472362,-0.007289001271438167
3.3604194055130687,-0.0033109577032190383,9.504303566414016,0.0004,0.0,5254.0,0.0012168671783476803,-0.0072890012714363905
3.361636272691416,-0.0034810038102329,9.497014565142578,0.0004,0.0,5255.0,0.0012168671783472362,-0.007289001271438167
3.362644978883184,-0.0033598719533723715,9.489012968441877,0.0004,0.0,5256.0,0.0010087061917678497,-0.008001596700701441
3.3636536850749517,-0.003238740096511843,9.481011371741175,0.0004,0.0,5257.0,0.0010087061917678497,-0.008001596700701441
3.3646623912667195,-0.0031176082396513144,9.473009775040472,0.0004,0.0,5258.0,0.0010087061917678497,-0.008001596700703217
3.365671097458488,-0.0029964763827907857,9.46500817833977,0.0004,0.0,5259.0,0.0010087061917682938,-0.008001596700701441
3.3666798036502557,-0.0028753445259302574,9.45700658163907,0.0004,0.0,5260.0,0.0010087061917678497,-0.008001596700701441
3.3676885098420235,-0.0027542126690697287,9.449004984938368,0.0004,0.0,5261.0,0.0010087061917678497,-0.008001596700701441
3.3686972160337914,-0.0026330808122092,9.441003388237666,0.0004,0.0,5262.0,0.0010087061917678497,-0.008001596700701441
3.369705922225559,-0.0025119489553486717,9.433001791536963,0.0004,0.0,5263.0,0.0010087061917678497,-0.008001596700703217
3.370714628417327,-0.002390817098488143,9.425000194836262,0.0004,0.0,5264.0,0.0010087061917678497,-0.008001596700701441
3.371723334609095,-0.002269685241627614,9.41699859813556,0.0004,0.0,5265.0,0.0010087061917678497,-0.008001596700701441
3.372732040800863,-0.0021485533847670855,9.408997001434859,0.0004,0.0,5266.0,0.0010087061917682938,-0.008001596700701441
3.373740746992631,-0.002027421527906557,9.400995404734156,0.0004,0.0,5267.0,0.0010087061917678497,-0.008001596700703217
3.374749453184399,-0.0019062896710460285,9.392993808033454,0.0004,0.0,5268.0,0.0010087061917678497,-0.008001596700701441
3.3757581593761667,-0.0017851578141855,9.384992211332753,0.0004,0.0,5269.0,0.0010087061917678497,-0.008001596700701441
3.3766691174313546,-0.0018811894134240642,9.378378099143124,0.0004,0.0,5270.0,0.000910958055187816,-0.00661411218962904
3.377580075486543,-0.0019772210126626287,9.371763986953493,0.0004,0.0,5271.0,0.0009109580551882601,-0.006614112189630816
3.3784910335417306,-0.0020732526119011927,9.365149874763864,0.0004,0.0,5272.0,0.000910958055187816,-0.00661411218962904
3.3794019915969185,-0.002169284211139757,9.358535762574233,0.0004,0.0,5273.0,0.000910958055187816,-0.006614112189630816
3.3803129496521067,-0.0022653158103783213,9.351921650384604,0.0004,0.0,5274.0,0.0009109580551882601,-0.00661411218962904
3.3812239077072945,-0.0023613474096168857,9.345307538194973,0.0004,0.0,5275.0,0.000910958055187816,-0.006614112189630816
3.382134865762483,-0.0024573790088554498,9.338693426005344,0.0004,0.0,5276.0,0.0009109580551882601,-0.00661411218962904
3.3830458238176706,-0.0025534106080940143,9.332079313815715,0.0004,0.0,5277.0,0.000910958055187816,-0.00661411218962904
3.3839567818728584,-0.0026494422073325783,9.325465201626084,0.0004,0.0,5278.0,0.000910958055187816,-0.006614112189630816
3.3848677399280467,-0.002745473806571143,9.318851089436455,0.0004,0.0,5279.0,0.0009109580551882601,-0.00661411218962904
3.3857786979832345,-0.002841505405809707,9.312236977246824,0.0004,0.0,5280.0,0.000910958055187816,-0.006614112189630816
3.3866896560384223,-0.0029375370050482713,9.305622865057195,0.0004,0.0,5281.0,0.000910958055187816,-0.00661411218962904
3.3876006140936106,-0.0030335686042868354,9.299008752867564,0.0004,0.0,5282.0,0.0009109580551882601,-0.006614112189630816
3.3885115721487984,-0.0031296002035254,9.292394640677935,0.0004,0.0,5283.0,0.000910958055187816,-0.00661411218962904
3.3893110634131234,-0.0030161264480691357,9.288508496311596,0.0004,0.0,5284.0,0.0007994912643249918,-0.0038861443663389394
3.390110554677449,-0.002902652692612871,9.284622351945258,0.0004,0.0,5285.0,0.0007994912643254359,-0.0038861443663389394
3.390910045941774,-0.002789178937156607,9.280736207578919,0.0004,0.0,5286.0,0.0007994912643249918,-0.0038861443663389394
3.3917095372060992,-0.0026757051817003427,9.27685006321258,0.0004,0.0,5287.0,0.0007994912643254359,-0.0038861443663389394
3.3925090284704242,-0.0025622314262440785,9.27296391884624,0.0004,0.0,5288.0,0.0007994912643249918,-0.0038861443663389394
3.3933085197347497,-0.0024487576707878144,9.269077774479902,0.0004,0.0,5289.0,0.0007994912643254359,-0.0038861443663389394
3.3941080109990747,-0.0023352839153315498,9.265191630113563,0.0004,0.0,5290.0,0.0007994912643249918,-0.0038861443663389394
3.3949075022633997,-0.0022218101598752856,9.261305485747224,0.0004,0.0,5291.0,0.0007994912643249918,-0.0038861443663389394
3.395706993527725,-0.0021083364044190214,9.257419341380885,0.0004,0.0,5292.0,0.0007994912643254359,-0.0038861443663389394
3.39650648479205,-0.001994862648962757,9.253533197014546,0.0004,0.0,5293.0,0.0007994912643249918,-0.0038861443663389394
3.3973059760563755,-0.0018813888935064926,9.249647052648207,0.0004,0.0,5294.0,0.0007994912643254359,-0.0038861443663389394
3.3981054673207005,-0.0017679151380502285,9.245760908281868,0.0004,0.0,5295.0,0.0007994912643249918,-0.0038861443663389394
3.398904958585026,-0.0016544413825939643,9.24187476391553,0.0004,0.0,5296.0,0.0007994912643254359,-0.0038861443663389394
3.399704449849351,-0.0015409676271377,9.23798861954919,0.0004,0.0,5297.0,0.0007994912643249918,-0.0038861443663389394
3.4004245984040815,-0.0013526691681299357,9.229326728598267,0.0004,0.0,5298.0,0.0007201485547305708,-0.008661890950923734
3.401144746958812,-0.0011643707091221714,9.220664837647343,0.0004,0.0,5299.0,0.0007201485547305708,-0.008661890950923734
3.4018648955135427,-0.0009760722501144071,9.21200294669642,0.0004,0.0,5300.0,0.0007201485547305708,-0.008661890950921958
3.4025850440682732,-0.0007877737911066428,9.203341055745497,0.0004,0.0,5301.0,0.0007201485547305708,-0.008661890950923734
3.403305192623004,-0.0005994753320988786,9.194679164794573,0.0004,0.0,5302.0,0.0007201485547305708,-0.008661890950923734
3.4040253411777344,-0.0004111768730911143,9.18601727384365,0.0004,0.0,5303.0,0.0007201485547305708,-0.008661890950923734
3.4047454897324645,-0.00022287841408335002,9.177355382892726,0.0004,0.0,5304.0,0.0007201485547301267,-0.008661890950923734
3.405465638287195,-3.457995507558575e-05,9.168693491941804,0.0004,0.0,5305.0,0.0007201485547305708,-0.008661890950921958
3.4061857868419256,0.00015371850393217852,9.16003160099088,0.0004,0.0,5306.0,0.0007201485547305708,-0.008661890950923734
3.406905935396656,0.0003420169629399428,9.151369710039956,0.0004,0.0,5307.0,0.0007201485547305708,-0.008661890950923734
3.4076260839513868,0.0005303154219477071,9.142707819089033,0.0004,0.0,5308.0,0.0007201485547305708,-0.008661890950923734
3.4083462325061173,0.0007186138809554713,9.13404592813811,0.0004,0.0,5309.0,0.0007201485547305708,-0.008661890950921958
3.409066381060848,0.0009069123399632356,9.125384037187187,0.0004,0.0,5310.0,0.0007201485547305708,-0.008661890950923734
3.4097865296155785,0.001095210798971,9.116722146236263,0.0004,0.0,5311.0,0.0007201485547305708,-0.008661890950923734
3.4104419697854573,0.0009467949180311428,9.11299198579583,0.0004142857142857143,0.0,5312.0,0.0006554401698788404,-0.0037301604404333943
3.4110974099553366,0.0007983790370912857,9.109261825355397,0.0004285714285714286,0.0,5313.0,0.0006554401698792844,-0.0037301604404333943
3.4117528501252155,0.0006499631561514285,9.105531664914963,0.00044285714285714284,0.0,5314.0,0.0006554401698788404,-0.0037301604404333943
3.4124082902950943,0.0005015472752115714,9.10180150447453,0.00045714285714285713,0.0,5315.0,0.0006554401698788404,-0.0037301604404333943
3.4130637304649736,0.00035313139427171425,9.098071344034096,0.0004714285714285714,0.0,5316.0,0.0006554401698792844,-0.0037301604404333943
3.4137191706348524,0.00020471551333185712,9.094341183593663,0.0004857142857142857,0.0,5317.0,0.0006554401698788404,-0.0037301604404333943
3.4143746108047317,5.629963239199998e-05,9.090611023153231,0.0005,0.0,5318.0,0.0006554401698792844,-0.003730160440431618
3.4150300509746105,-9.211624854785715e-05,9.086880862712798,0.0005142857142857143,0.0,5319.0,0.0006554401698788404,-0.0037301604404333943
3.4156854911444894,-0.00024053212948771429,9.083150702272365,0.0005285714285714286,0.0,5320.0,0.0006554401698788404,-0.0037301604404333943
3.4163409313143687,-0.0003889480104275714,9.079420541831931,0.0005428571428571428,0.0,5321.0,0.0006554401698792844,-0.0037301604404333943
3.4169963714842475,-0.0005373638913674286,9.075690381391498,0.0005571428571428571,0.0,5322.0,0.0006554401698788404,-0.0037301604404333943
3.4176518116541263,-0.0006857797723072857,9.071960220951064,0.0005714285714285714,0.0,5323.0,0.0006554401698788404,-0.0037301604404333943
3.4183072518240056,-0.0008341956532471428,9.068230060510631,0.0005857142857142857,0.0,5324.0,0.0006554401698792844,-0.0037301604404333943
3.4189626919938845,-0.000982611534187,9.064499900070198,0.0006,0.0,5325.0,0.0006554401698788404,-0.0037301604404333943
3.419577558572626,-0.0011754622483962284,9.05740911984953,0.0005857142857142857,0.0,5326.0,0.0006148665787413243,-0.007090780220668336
3.4201924251513667,-0.0013683129626054572,9.050318339628863,0.0005714285714285714,0.0,5327.0,0.0006148665787408802,-0.007090780220666559
3.4208072917301076,-0.0015611636768146856,9.043227559408194,0.0005571428571428571,0.0,5328.0,0.0006148665787408802,-0.007090780220668336
3.421422158308849,-0.0017540143910239141,9.036136779187526,0.0005428571428571428,0.0,5329.0,0.0006148665787413243,-0.007090780220668336
3.42203702488759,-0.0019468651052331428,9.029045998966858,0.0005285714285714286,0.0,5330.0,0.0006148665787413243,-0.007090780220668336
3.422651891466331,-0.0021397158194423715,9.021955218746191,0.0005142857142857143,0.0,5331.0,0.0006148665787408802,-0.007090780220666559
3.423266758045072,-0.0023325665336516,9.014864438525523,0.0005,0.0,5332.0,0.0006148665787408802,-0.007090780220668336
3.4238816246238133,-0.0025254172478608285,9.007773658304854,0.0004857142857142857,0.0,5333.0,0.0006148665787413243,-0.007090780220668336
3.4244964912025546,-0.002718267962070057,9.000682878084188,0.0004714285714285714,0.0,5334.0,0.0006148665787413243,-0.007090780220666559
3.4251113577812955,-0.0029111186762792855,8.99359209786352,0.00045714285714285713,0.0,5335.0,0.0006148665787408802,-0.007090780220668336
3.4257262243600364,-0.003103969390488514,8.986501317642851,0.00044285714285714284,0.0,5336.0,0.0006148665787408802,-0.007090780220668336
3.4263410909387777,-0.003296820104697743,8.979410537422183,0.0004285714285714286,0.0,5337.0,0.0006148665787413243,-0.007090780220668336
3.426955957517519,-0.003489670818906971,8.972319757201516,0.0004142857142857143,0.0,5338.0,0.0006148665787413243,-0.007090780220666559
3.42757082409626,-0.0036825215331162,8.965228976980848,0.0004,0.0,5339.0,0.0006148665787408802,-0.007090780220668336
3.428107704713827,-0.0033756827898353283,8.959928787935418,0.0004,0.0,5340.0,0.0005368806175671814,-0.005300189045430059
3.4286445853313947,-0.0030688440465544567,8.954628598889986,0.0004,0.0,5341.0,0.0005368806175676255,-0.005300189045431836
3.429181465948962,-0.0027620053032735856,8.949328409844554,0.0004,0.0,5342.0,0.0005368806175671814,-0.005300189045431836
3.429718346566529,-0.002455166559992714,8.944028220799124,0.0004,0.0,5343.0,0.0005368806175671814,-0.005300189045430059
3.4302552271840967,-0.0021483278167118425,8.938728031753694,0.0004,0.0,5344.0,0.0005368806175676255,-0.005300189045430059
3.430792107801664,-0.0018414890734309711,8.933427842708262,0.0004,0.0,5345.0,0.0005368806175671814,-0.005300189045431836
3.4313289884192315,-0.0015346503301500998,8.92812765366283,0.0004,0.0,5346.0,0.0005368806175676255,-0.005300189045431836
3.4318658690367987,-0.0012278115868692282,8.9228274646174,0.0004,0.0,5347.0,0.0005368806175671814,-0.005300189045430059
3.432402749654366,-0.0009209728435883568,8.91752727557197,0.0004,0.0,5348.0,0.0005368806175671814,-0.005300189045430059
3.4329396302719335,-0.0006141341003074853,8.912227086526538,0.0004,0.0,5349.0,0.0005368806175676255,-0.005300189045431836
3.4334765108895007,-0.00030729535702661386,8.906926897481107,0.0004,0.0,5350.0,0.0005368806175671814,-0.005300189045431836
3.434013391507068,-4.566137457424034e-07,8.901626708435677,0.0004,0.0,5351.0,0.0005368806175671814,-0.005300189045430059
3.4345502721246355,0.00030638212953512905,8.896326519390247,0.0004,0.0,5352.0,0.0005368806175676255,-0.005300189045430059
3.4350871527422027,0.000613220872816,8.891026330344815,0.0004,0.0,5353.0,0.0005368806175671814,-0.005300189045431836
3.435621198456406,0.0005784851741299143,8.886289221376956,0.0004,0.0,5354.0,0.0005340457142031241,-0.004737108967859172
3.4361552441706094,0.0005437494754438286,8.881552112409098,0.0004,0.0,5355.0,0.0005340457142035682,-0.004737108967857395
3.4366892898848125,0.0005090137767577429,8.876815003441239,0.0004,0.0,5356.0,0.0005340457142031241,-0.004737108967859172
3.4372233355990156,0.0004742780780716571,8.872077894473382,0.0004,0.0,5357.0,0.0005340457142031241,-0.004737108967857395
3.4377573813132187,0.0004395423793855714,8.867340785505522,0.0004,0.0,5358.0,0.0005340457142031241,-0.004737108967859172
3.4382914270274223,0.00040480668069948567,8.862603676537665,0.0004,0.0,5359.0,0.0005340457142035682,-0.004737108967857395
3.4388254727416254,0.00037007098201339997,8.857866567569806,0.0004,0.0,5360.0,0.0005340457142031241,-0.004737108967859172
3.4393595184558285,0.0003353352833273143,8.853129458601947,0.0004,0.0,5361.0,0.0005340457142031241,-0.004737108967859172
3.439893564170032,0.0003005995846412286,8.84839234963409,0.0004,0.0,5362.0,0.0005340457142035682,-0.004737108967857395
3.4404276098842352,0.0002658638859551429,8.84365524066623,0.0004,0.0,5363.0,0.0005340457142031241,-0.004737108967859172
3.4409616555984384,0.00023112818726905713,8.838918131698373,0.0004,0.0,5364.0,0.0005340457142031241,-0.004737108967857395
3.4414957013126415,0.00019639248858297143,8.834181022730514,0.0004,0.0,5365.0,0.0005340457142031241,-0.004737108967859172
3.442029747026845,0.00016165678989688573,8.829443913762656,0.0004,0.0,5366.0,0.0005340457142035682,-0.004737108967857395
3.442563792741048,0.0001269210912108,8.824706804794797,0.0004,0.0,5367.0,0.0005340457142031241,-0.004737108967859172
